timestamp,open,high,low,close,volume,ret_1,ema9,ema21,atr,ret_fut,vol_proxy,dir
2025-08-30 19:50:00,99.80258782030748,99.87201850868628,99.7828614518896,99.80258782030748,1195.929007418451,0.0,99.80258782030748,99.80258782030748,0.0,-0.0018476698695524263,0.0,-1
2025-08-30 20:50:00,99.80258782030748,99.83802917909276,99.64316469168668,99.68597983416348,3082.4338927825684,-0.0011683863984963,99.7792662230787,99.79198709429438,0.0,-0.00364821768528234,0.0,-1
2025-08-30 21:50:00,99.68597983416348,99.77312868934791,99.26173776152692,99.32530065948316,2182.423605461878,-0.0036181534783562,99.6884731103596,99.74956105476608,0.0,-0.0027871248544788507,0.0,-1
2025-08-30 22:50:00,99.32530065948316,99.38848229426344,99.18209844737942,99.27714046711752,7473.192245858,-0.0004848733610254,99.6062065817112,99.70661372861622,0.0,-0.001052044390388529,0.0,0
2025-08-30 23:50:00,99.27714046711752,99.4155218358674,99.23921069717228,99.4140810683947,1794.6084120215455,0.0013793769706986,99.5677814790479,99.68001985041424,0.0,-0.0017104047228038155,0.0,-1
2025-08-31 00:50:00,99.4140810683947,99.4485620397516,99.11521027114536,99.15287411896588,5943.1264002885955,-0.0026274643050728,99.4848000070315,99.63209751119167,0.0,-0.002685678630561794,0.0,-1
2025-08-31 01:50:00,99.15287411896588,99.50221646334845,99.104159193266,99.4911065424251,3599.5276914228666,0.0034112215754171,99.48606131411022,99.61928015039472,0.0,-0.007565213438099794,0.0,-1
2025-08-31 02:50:00,99.4911065424251,99.5128046653069,99.3597685145974,99.42674621747496,4354.836446481626,-0.0006468952571422,99.47419829478318,99.60177706558385,0.0,-0.004635976206785131,0.0,-1
2025-08-31 03:50:00,99.42674621747496,99.46685642808328,99.38943282260828,99.4087393976613,4162.141495881936,-0.0001811063974103,99.4611065153588,99.58422818668178,0.0,-0.0055962849640980306,0.0,-1
2025-08-31 04:50:00,99.4087393976613,99.55459582073446,99.35395474568917,99.4651382506049,2970.966360412817,0.0005673430051054,99.46191286240804,99.5734018288566,0.0,-0.004086622200179635,0.0,-1
2025-08-31 05:50:00,99.4651382506049,99.61653353781296,99.44592728200068,99.55080884076048,1482.6571671730717,0.0008613127339121,99.47969205807853,99.57134792084786,0.0,-0.004319942302661417,0.0,-1
2025-08-31 06:50:00,99.55080884076048,99.58600481196184,99.52033990976274,99.53093630408256,4952.799280044546,-0.0001996220513856,99.48994090727936,99.56767413750556,0.0,-0.0021798129200238936,0.0,-1
2025-08-31 07:50:00,99.53093630408256,99.63804938648258,99.51881801153267,99.61818558588854,2645.9984707402855,0.0008766046522401,99.5155898430012,99.57226608735854,0.0,-0.006548535742399442,0.0,-1
2025-08-31 08:50:00,99.61818558588854,99.67142924767276,99.232978130977,99.32230367955778,4361.221276246596,-0.0029701595606321,99.47693261031252,99.54954223210392,0.2238979269413101,-0.0024702080846438212,0.0,-1
2025-08-31 09:50:00,99.32230367955778,99.37947548166512,98.99223816315018,99.04846864533653,4295.8469937680875,-0.0027570346646885,99.39123981731731,99.50399008785234,0.2451893742068997,-0.0026098402843658386,0.0,-1
2025-08-31 10:50:00,99.04846864533653,99.2443207233051,98.9719177281049,99.17269650839528,1606.941050143143,0.0012542128591972,99.34753115553292,99.47387248971988,0.2507278390493376,0.00015206630977981916,0.0,0
2025-08-31 11:50:00,99.17269650839528,99.27385345593858,99.12485717402366,99.24404275462211,1355.342124469472,0.0007194142010729,99.32683347535075,99.45297887743828,0.2248425071989034,0.0014307777116937537,0.0,1
2025-08-31 12:50:00,99.24404275462211,99.29794699793332,98.8238595388347,98.8865813637858,2616.1846568435653,-0.0036018422961682,99.23878305303778,99.40148819437896,0.2439641937856608,0.006490725579449519,0.0,1
2025-08-31 13:50:00,98.8865813637858,98.98289042086178,98.67036938251267,98.73843508623892,1935.300331826514,-0.0014981433830932,99.13871345967802,99.34121063909348,0.2536934723323735,0.007693483940699242,0.0,1
2025-08-31 14:50:00,98.73843508623892,99.0283446060653,98.67881040511809,98.96580618769268,4013.3269929954886,0.0023027618500857,99.10413200528096,99.3070829616934,0.2548493603567315,0.004375786172052809,0.0,1
2025-08-31 15:50:00,98.96580618769268,99.0334291609661,98.77149681194888,98.85241976407022,4649.943795043205,-0.0011457131305272,99.05378955703884,99.26574994372768,0.2451261517092159,0.008439717005153113,0.0,1
2025-08-31 16:50:00,98.85241976407022,99.14832854833848,98.76630295157511,99.05866180848604,3676.049827660227,0.0020863631351468,99.05476400732827,99.2469237496148,0.261482540713063,0.0028220882333520603,0.0,1
2025-08-31 17:50:00,99.05866180848604,99.2132235082886,98.99259470052488,99.12075509038512,5264.132188358676,0.0006268334415735,99.06796222393965,99.235453871503,0.2717114837336853,0.0015999109717930171,0.0,1
2025-08-31 18:50:00,99.12075509038512,99.4026788848349,99.09328225524196,99.31397748318484,5266.696982337842,0.001949363608293,99.1171652757887,99.2425923816559,0.2794797376299454,0.0017950851657497768,0.0,1
2025-08-31 19:50:00,99.31397748318484,99.37073221569234,98.93461132079128,98.96583233698637,2146.9282252989274,-0.0035054999811827,99.08689868802824,99.21743237759505,0.2984450689934296,0.006826628039883875,0.0,1
2025-08-31 20:50:00,98.96583233698637,99.09514321073992,98.94559402293446,99.07695692202309,1662.2804855485904,0.0011228580855899,99.0849103348272,99.20466188163394,0.3044368036795991,0.005770028830541785,0.0,1
2025-08-31 21:50:00,99.07695692202309,99.14728647950406,98.71831546784814,98.78996796176118,4680.011194005862,-0.0028966267150066,99.025921860214,99.16696243437278,0.3265610634443143,0.007135951815598451,0.0,1
2025-08-31 22:50:00,98.78996796176118,99.2794937031711,98.77334169026588,99.18777733438422,4435.642962764588,0.0040268195326982,99.05829295504805,99.16885469801018,0.331396841744992,0.005702863648631817,0.0,1
2025-08-31 23:50:00,99.18777733438422,99.4687808541143,99.10652681198204,99.3860389190138,4130.077418407108,0.0019988509669006,99.1238421478412,99.18859871810142,0.3296123220033716,0.0023257629950950154,0.0,1
2025-09-01 00:50:00,99.3860389190138,99.59358245679331,99.3334023978782,99.52842702690803,2079.6155077055814,0.0014326771591155,99.20475912365455,99.2194922007202,0.3287392551258666,0.001465135189696376,0.0,1
2025-09-01 01:50:00,99.52842702690803,99.62006244072502,99.4363384333833,99.49807765090468,4019.805164597378,-0.0003049317356854,99.2634228291046,99.24481815073696,0.331219806942067,0.001856463886782178,0.0,1
2025-09-01 02:50:00,99.49807765090468,99.58648229174725,99.33804698263238,99.39885939391483,3336.975821839921,-0.0009971876777151,99.29051014206664,99.25882190011676,0.3151017962289413,-0.0005730864259511081,0.0,0
2025-09-01 03:50:00,99.39885939391483,99.69019916545078,99.37241572241066,99.68670621215357,2854.395064329372,0.0028958764717608,99.36974935608404,99.2977204739383,0.3154776822783002,-0.003940910583692614,0.002125035929525976,-1
2025-09-01 04:50:00,99.68670621215357,99.70447258998335,99.28369432338803,99.33821409238736,5604.039492852976,-0.0034958735523321,99.36344230334473,99.30140171197912,0.3205665441103065,-0.0032169539708203354,0.002203494379033115,-1
2025-09-01 05:50:00,99.33821409238736,99.35113016050204,99.27443943443016,99.27933947398662,2621.387634045898,-0.000592668379824,99.3466217374731,99.2993960539798,0.3073349996142117,-0.002765649731550912,0.002110937244164008,-1
2025-09-01 06:50:00,99.27933947398662,99.53484358969366,99.20170783797636,99.49225453091653,2924.0524626054175,0.0021446058974403,99.3757482961618,99.31692864279223,0.3038428678252082,-0.005090713560902738,0.002142884794052119,-1
2025-09-01 07:50:00,99.49225453091653,99.73653595223983,99.41780199168632,99.64143526300847,4000.477530878249,0.00149942056088,99.42888568953111,99.34642924463007,0.3108503787387653,-0.006650804331932214,0.0021453548415284805,-1
2025-09-01 08:50:00,99.64143526300847,99.6866135372469,99.55166156962366,99.6486338199055,6255.276950876247,7.224461267574256e-05,99.472835315606,99.37390238783694,0.2983900457409295,-0.00829341756112456,0.0020880254839164203,-1
2025-09-01 09:50:00,99.6486338199055,99.66041754002268,99.43069596161338,99.49492841300082,4896.325596214054,-0.0015424738003179,99.47725393508496,99.38490475376092,0.2836472374200888,-0.005552458192043086,0.002021629139076361,-1
2025-09-01 10:50:00,99.49492841300082,99.77886753608097,99.43081617145508,99.75343170413306,4787.912589145172,0.0025981554563183,99.5324894888946,99.41840720379474,0.2978259643358316,-0.007936659362262732,0.0020688062395505776,-1
2025-09-01 11:50:00,99.75343170413306,99.77312364639695,99.54196641604918,99.61718729056072,2847.4180074173423,-0.0013658117945902,99.54942904922784,99.43647812077346,0.2836964085281072,-0.005410209009883982,0.002084623679297442,-1
2025-09-01 12:50:00,99.61718729056072,99.69493904289196,99.57503790160943,99.67424962772029,2896.3899900970805,0.0005728161847526,99.57439316492632,99.45809371231408,0.2561070605550566,-0.007583002685977669,0.002084666231234802,-1
2025-09-01 13:50:00,99.67424962772029,99.75886102208432,99.613662210546,99.68279223886783,3521.1541620676644,8.570529679885475e-05,99.59607297971463,99.47852085109167,0.2406031155126342,-0.009789312265897188,0.0020796447782884015,-1
2025-09-01 14:50:00,99.68279223886783,99.77075482622698,99.28094909535604,99.34189525684116,5806.747469473873,-0.0034198177475787,99.54523743513994,99.46610034252346,0.2570049492237629,-0.004590651232065257,0.002167829322880665,-1
2025-09-01 15:50:00,99.34189525684116,99.3992014704299,99.27537971195784,99.29384981658863,2636.8988211372616,-0.0004836372421553,99.49495991142967,99.45044120380211,0.2527262171616442,-0.005638722042142663,0.0021622585801675492,-1
2025-09-01 16:50:00,99.29384981658863,99.33364440858357,98.9324338626898,99.01864763010866,1119.8291682359886,-0.0027715934772226,99.3996974551655,99.41118724255723,0.2636387340744233,-0.0037771925154354014,0.0021540243463263557,-1
2025-09-01 17:50:00,99.01864763010866,99.10700483669623,98.9503686111509,99.00476759542184,2880.974594536776,-0.0001401759670426,99.32071148321675,99.37424000190856,0.2521282185390814,-0.003175706667165157,0.0020986006350740692,-1
2025-09-01 18:50:00,99.00476759542184,99.10280753366942,98.90859858011702,98.9857679615712,4192.58490415981,-0.0001919062517098,99.25372277888766,99.3389243618779,0.2359446961788732,0.00022980818839135608,0.002085994582739764,0
2025-09-01 19:50:00,98.9857679615712,98.98970450559762,98.8996339015214,98.97873957372131,6343.29235310462,-7.100402405957329e-05,99.1987261378544,99.3061802902273,0.23690040175061,0.0005005613881872151,0.002081180410639589,0
2025-09-01 20:50:00,98.97873957372131,98.99659989822965,98.7640974627346,98.82220609024142,3624.2641374988607,-0.0015814859246949,99.1234221283318,99.26218263568312,0.2297123077347324,0.00012778027671367376,0.0020000036748920214,0
2025-09-01 21:50:00,98.82220609024142,98.95576428116809,98.77052728091194,98.94248698266732,2676.4247939215747,0.0012171443765995,99.08723509919892,99.23311939449988,0.2201768105706349,0.0005061980482647943,0.00199278580443054,0
2025-09-01 22:50:00,98.94248698266732,98.99619658176366,98.84858174482504,98.96172269648062,1952.50567861474,0.0001944130817801,99.06213261865528,99.2084469674072,0.2210813012360191,0.0017552362691861667,0.0019508756147243605,1
2025-09-01 23:50:00,98.96172269648062,99.13302829013662,98.86474736701732,99.07823748634203,3159.2726776189043,0.0011773722878569,99.06535359219262,99.19660974185582,0.2238355401438769,0.002473754491822744,0.0019500678982619566,1
2025-09-02 00:50:00,99.07823748634203,99.13212147049096,98.87042588455144,98.91841952507048,1477.3589930076698,-0.001613048085293,99.0359667787682,99.17131972214806,0.2176672702377098,0.002428866594911483,0.0019364773099252261,1
2025-09-02 01:50:00,98.91841952507048,99.0089653219381,98.66096864470018,98.706966258105,1730.0844862631964,-0.0021376531082958,98.97016667463556,99.1291057708714,0.2260129450155779,0.00896251219055344,0.0019670786812588147,1
2025-09-02 02:50:00,98.706966258105,98.96483409824266,98.66849865621896,98.88585126298464,2297.357992687606,0.0018122834857661,98.9533035923054,99.10699172469988,0.2386153950685192,0.010275599474341757,0.0019625509730314145,1
2025-09-02 03:50:00,98.88585126298464,98.9107725685352,98.64649203907,98.73395939697863,2522.5040059658863,-0.0015360323450321,98.90943475324003,99.07307969490704,0.2471212320632949,0.014154690369505563,0.0018826357476097687,1
2025-09-02 04:50:00,98.73395939697863,98.77694681723452,98.61705892025932,98.64463513539168,6798.479792473017,-0.0009046964401359,98.85647482967038,99.03413018949657,0.2235556724993159,0.013984749523440643,0.001875244112823567,1
2025-09-02 05:50:00,98.64463513539168,98.7168739433788,98.60452285137993,98.69035749488792,3948.05538209295,0.0004635057895798,98.82325136271388,99.00287812635032,0.2227363391798036,0.01234832992700352,0.0018085030733653636,1
2025-09-02 06:50:00,98.69035749488792,99.0730002378062,98.64229499394666,99.00851570158297,2118.6109846532963,0.0032238023528439,98.86030423048771,99.00339063318964,0.224843103320217,0.008165103105822968,0.0017551819433488797,1
2025-09-02 07:50:00,99.00851570158297,99.11868756636896,98.98675307946188,99.02828450900336,1782.3054243312802,0.0001996677485802,98.89390028619086,99.00565371280906,0.2230786934174844,0.006243603504348272,0.001715638136449642,1
2025-09-02 08:50:00,99.02828450900336,99.05810171457854,98.79486195382218,98.8348336190811,3299.924388394412,-0.0019534912765722,98.88208695276892,98.99012461337924,0.2280094653606243,0.010795657274391468,0.0017217545516687509,1
2025-09-02 09:50:00,98.8348336190811,99.0301387561138,98.81121526412372,98.9925714764684,1981.6199476286176,0.0015959743302167,98.9041838575088,98.99034705547828,0.2372132430687575,0.011191056891923568,0.0017511666038367653,1
2025-09-02 10:50:00,98.9925714764684,99.16154417511522,98.96242461635832,99.13542390141863,2851.3479478293157,0.0014430620683916,98.95043186629078,99.00353585965466,0.2348287518731778,0.006360509724802732,0.0017664946476053198,1
2025-09-02 11:50:00,99.13542390141863,99.37729909796552,99.04112310119297,99.32333272136574,2521.823715499392,0.0018954760321998,99.0250120373058,99.0326083016284,0.2456101087672065,0.007571322088856691,0.0017203540491670737,1
2025-09-02 12:50:00,99.32333272136574,99.33550812164636,99.07475114700246,99.15867916987636,5755.813774466853,-0.0016577529869168,99.05174546381993,99.04406928965092,0.2536916900318705,0.009087937007092428,0.0016321747121846614,1
2025-09-02 13:50:00,99.15867916987636,99.68318177406232,99.15263949362084,99.5916286464858,1726.5245603347437,0.0043662287581272,99.1597221003531,99.09384741299957,0.2724246441263115,0.004889670234003551,0.001805689007749325,1
2025-09-02 14:50:00,99.5916286464858,99.98080324902097,99.58974336825425,99.9019626642424,2468.2199348435047,0.0031160652955901,99.30817021313096,99.1673124358398,0.2816649508996838,9.114070754390191e-05,0.0018488284857329856,0
2025-09-02 15:50:00,99.9019626642424,100.15218434501652,99.80343061739352,100.1315080211982,2092.6652628083352,0.0022977061794799,99.47283777474442,99.2549665799633,0.2817190259271872,-0.006114698378274164,0.0018731270673849614,-1
2025-09-02 16:50:00,100.1315080211982,100.16541891505258,99.930068612145,100.02415564959134,3805.535933085287,-0.0010721138004248,99.5831013497138,99.32489285902038,0.2773629445617506,-0.0051669645340619574,0.0018856406980845976,-1
2025-09-02 17:50:00,100.02415564959134,100.04632222334588,99.85150854342731,99.90901858984871,4052.329892279567,-0.0011510925435449,99.6482847977408,99.3779951981866,0.2724010267369893,-0.0018583816639878847,0.0018757579689845359,-1
2025-09-02 18:50:00,99.90901858984871,99.92280669617196,99.79209309202405,99.81693044064087,1112.9731480212715,-0.0009217200860101,99.68201392632082,99.41789840204608,0.2703171486778949,0.0006690214798905636,0.0018290684386362823,0
2025-09-02 19:50:00,99.81693044064087,99.86322592134223,99.58834115411057,99.64657785319338,2181.97910717421,-0.0017066502315338,99.67492671169532,99.43868744305946,0.2819266969088078,0.0053776201990995975,0.0018383765179064422,1
2025-09-02 20:50:00,99.64657785319338,99.93901658015449,99.60155913582514,99.9018206096042,2374.4219100588975,0.002561480403139,99.72030549127712,99.48079045819988,0.2752661397995065,0.0027572442898571303,0.0018908504523539478,1
2025-09-02 21:50:00,99.9018206096042,100.1096042998136,99.8385777723458,100.10040297573936,2203.986179712198,0.0019877752469714,99.79632498816956,99.5371188688853,0.2852012855538451,-0.0030974724176527912,0.001920919814228578,-1
2025-09-02 22:50:00,100.10040297573936,100.19584774149236,99.68647619146836,99.76597572921604,4170.813050787834,-0.0033409180840597,99.79025513637887,99.55792403800628,0.3027821276443895,0.0005812847407584698,0.0019162581786388018,0
2025-09-02 23:50:00,99.76597572921604,100.09126197694135,99.75380213310476,100.07534166433788,3407.386591342239,0.003100916247855,99.84727244197067,99.60496200403642,0.3112490099191426,0.002986538023671992,0.001982556984675655,1
2025-09-03 00:50:00,100.07534166433788,100.07768912640836,100.00186771262946,100.0598269998787,3467.2262594733625,-0.0001550298425283,99.88978335355228,99.6463133672948,0.3024419995635706,0.0018776635533435115,0.001906547900661719,1
2025-09-03 01:50:00,100.0598269998787,100.08319727509884,99.97638399837226,100.07859886863446,4344.095695618591,0.000187606448248,99.92754645656872,99.68561204923478,0.2860589481317147,0.001953966907431104,0.0019048273403322932,1
2025-09-03 02:50:00,100.07859886863446,100.1221942131086,99.84659403657196,99.91106779980466,3498.6119675188493,-0.0016739949472085,99.92425072521593,99.7061080265593,0.2871191768383393,0.0010101717604962257,0.001935915479488365,0
2025-09-03 03:50:00,99.91106779980466,100.00136733906773,99.43991541968478,99.51923405148683,1640.5692995384452,-0.0039218252486596,99.84324739047013,99.6891194833709,0.2893270081913012,0.0016882455165563304,0.0020740077000309005,1
2025-09-03 04:50:00,99.51923405148683,99.54757650010708,99.4709996230098,99.5073343848004,3015.487301421948,-0.0001195715260456,99.77606478933616,99.67259356531903,0.2668639365006271,0.0014270097234676538,0.0020500939383468154,1
2025-09-03 05:50:00,99.5073343848004,99.8014470330026,99.43378483042252,99.72334950163432,5738.378259762388,0.0021708461810321,99.7655217317958,99.6772077413477,0.2682145418547058,-0.0026170040454150945,0.0020719042308721958,-1
2025-09-03 06:50:00,99.72334950163432,99.97571738871426,99.6239466007438,99.88371011116242,4056.308202030419,0.0016080547868626,99.78915940766916,99.69598068405811,0.2765302907877672,-0.000653543800653078,0.002085754168317483,0
2025-09-03 07:50:00,99.88371011116242,100.2791230669082,99.8144648066108,100.18243930302786,2545.2557053309565,0.0029907698816251,99.8678153867409,99.74020419487356,0.2958049036719714,-0.0058375563884156545,0.002134648087446709,-1
2025-09-03 08:50:00,100.18243930302786,100.1935964335226,100.11847755815042,100.17727433402636,5961.02911170214,-5.1555632278765806e-05,99.929707176198,99.77993784388744,0.2918338516165641,-0.007762095970056282,0.0021060145810104245,-1
2025-09-03 09:50:00,100.17727433402636,100.27324923801294,99.70576075701032,99.79034473852607,5374.919663546463,-0.0038624488245718,99.9018346886636,99.78088392521823,0.3127341168859183,-0.0033973948702532564,0.0021932528957082182,-1
2025-09-03 10:50:00,99.79034473852607,99.85660515097888,99.76935408902015,99.82396816855432,3410.7003778057706,0.0003369407142177,99.88626138464176,99.78480067461244,0.294862232430875,-0.004373119365023492,0.0021768268901763534,-1
2025-09-03 11:50:00,99.82396816855432,100.4003110344621,99.79666120306275,100.3742204774504,1124.305305573981,0.0055122263619791,99.9838532032035,99.83838429305224,0.3186210398545555,-0.012746058680306982,0.0023360861749587057,-1
2025-09-03 12:50:00,100.3742204774504,100.44257514484214,100.16116194009594,100.24770569019022,4134.300997364356,-0.001260431081391,100.03662370060084,99.87559532915569,0.3023383009061423,-0.00903114694090179,0.002343906412019038,-1
2025-09-03 13:50:00,100.24770569019022,100.33442245542464,100.16230004124476,100.27414913896584,1008.5984687765504,0.000263781086994,100.08412878827384,99.91182749368387,0.2905284845020901,-0.01441052186172842,0.0023442906042873885,-1
2025-09-03 14:50:00,100.27414913896584,100.3396992955854,99.98806741375958,100.01199513905703,3135.477720393947,-0.0026143727187901,100.0697020584305,99.92093364326324,0.3102292322197267,-0.01198120882461906,0.002352660167496575,-1
2025-09-03 15:50:00,100.01199513905703,100.0398859705818,99.5945186689936,99.68724695218538,3605.4461476315546,-0.0032470923754708,99.99321103718148,99.8996893986198,0.3344116625669875,-0.010858945288070299,0.0024356822327812164,-1
2025-09-03 16:50:00,99.68724695218538,99.73773090733692,99.57752980958035,99.64933231852386,1149.524205715171,-0.0003803358485734,99.92443529344996,99.87692966406564,0.3261688712255517,-0.012711614908754831,0.002406302029772059,-1
2025-09-03 17:50:00,99.64933231852386,99.65927155920691,99.44133184525,99.4623730925662,1354.51782482642,-0.0018761713862773,99.83202285327322,99.83924270302022,0.301632285123694,-0.012027303073399609,0.002422314656136036,-1
2025-09-03 18:50:00,99.4623730925662,99.89437910705556,99.4026949187296,99.81843173163304,8184.705575314954,0.0035798325336102,99.8293046289452,99.83735079653049,0.331282807354314,-0.013844036541044269,0.0024876563951793432,-1
2025-09-03 19:50:00,99.81843173163304,99.8963758741315,99.52002289646474,99.5976186644674,1747.8640062320487,-0.002212147229074,99.78296743604965,99.81555696634292,0.3319035770033624,-0.008698495189626954,0.0025042058415557164,-1
2025-09-03 20:50:00,99.5976186644674,99.67981317524216,99.31116696481284,99.399688716627,4327.174482023404,-0.0019872959865355,99.70631169216512,99.7777507618233,0.3331089643218529,-0.011076119251696048,0.0025122863473079743,-1
2025-09-03 21:50:00,99.399688716627,99.45915182980109,99.38304918287842,99.4513175332106,2146.8062471443623,0.0005194062199809,99.65531286037422,99.7480750137676,0.3053549919379433,-0.006286519929101453,0.0023895582108972,-1
2025-09-03 22:50:00,99.4513175332106,99.5091175582536,99.3493105860291,99.38742604026292,6777.45022472225,-0.0006424398844827,99.60173549635196,99.71528874344898,0.3114041417131079,-0.0029192628874327164,0.002320738640260343,-1
2025-09-03 23:50:00,99.38742604026292,99.46204726372902,99.04489686491584,99.09484477325474,2711.6219838640864,-0.0029438459035013,99.50035735173252,99.6588847461586,0.3006657072710043,0.0011515741247651867,0.002326736126035902,0
2025-09-04 00:50:00,99.09484477325474,99.34811108383671,99.06791079795408,99.34235392961384,726.1563871776438,0.0024976996222705,99.4687566673088,99.6301092173818,0.3144477946941413,-0.0025949924571003757,0.0023747218223284378,-1
2025-09-04 01:50:00,99.34235392961384,99.4325079026896,98.7680581553044,98.82914632063256,2631.184395482251,-0.0051660504173769,99.34083459797355,99.55729440858642,0.318790645835988,0.00045473864668665875,0.0025271654360993876,0
2025-09-04 02:50:00,98.82914632063256,98.90474534344992,98.79725056265136,98.8137305403292,6524.458350822241,-0.0001559841491834,99.2354137864447,99.4896976932903,0.3063679012682984,-3.5540493549035546e-05,0.0025250693409740433,0
2025-09-04 03:50:00,98.8137305403292,98.8894013713874,98.59561094174649,98.60474859161324,4111.380659951513,-0.0021149079948021,99.1092807474784,99.409247774956,0.3150584738012298,0.002744447051082677,0.0025333582235232597,1
2025-09-04 04:50:00,98.60474859161324,98.6081815671374,98.32756974442157,98.38262838017624,1184.5469671303065,-0.0022526319939918,98.96395027401798,99.31591873906694,0.309985612436232,0.004149713584716386,0.002499109800074046,1
2025-09-04 05:50:00,98.38262838017624,98.40418722309175,98.21263231012983,98.26610898698236,4343.279065816971,-0.0011843492607618,98.82438201661084,99.22048148887744,0.291856156105782,0.0051601450369775925,0.0024608607864147723,1
2025-09-04 06:50:00,98.26610898698236,98.51025474647386,98.18447313081518,98.43654171527058,5581.866278073002,0.0017343998866463,98.7468139563428,99.14921423673135,0.303683335955934,0.003290282124778887,0.0024403033028742023,1
2025-09-04 07:50:00,98.43654171527058,98.78146525671872,98.39043506797816,98.73126925761623,1552.9760053920438,0.0029940867203377,98.7437050165975,99.11121923862996,0.3160469412976212,-0.0013161855818760726,0.002435404636077535,-1
2025-09-04 08:50:00,98.73126925761623,98.79780063779124,98.28509727620067,98.29872591082017,2360.133479034449,-0.0043810167746091,98.65470919544204,99.03735620882908,0.3175483108165206,0.0038810281527301704,0.0025332110061575203,1
2025-09-04 09:50:00,98.29872591082017,98.85798612899906,98.21150109983144,98.82611484356268,1644.632719549734,0.0053651654978821,98.68899032506616,99.01815244835032,0.3368434573522957,-0.001985821741569138,0.0027389448594043256,-1
2025-09-04 10:50:00,98.82611484356268,99.10495578478438,98.75061629766698,99.09728801594612,4448.705716227412,0.002743942457039,98.77064986324216,99.02534659085904,0.3358215485443016,-0.006355549765506785,0.0027831178141335283,-1
2025-09-04 11:50:00,99.09728801594612,99.2989437370362,99.06814080027516,99.20895983239323,1881.474572959816,0.0011268907422483,98.8583118570724,99.04203870372578,0.3468715692470435,-0.008307470272964301,0.002710512123270897,-1
2025-09-04 12:50:00,99.20895983239323,99.2387485887489,99.0428626805982,99.0845612704959,3134.0958071609743,-0.0012539045072894,98.9035617397571,99.04590439161396,0.3494486360989149,-0.005443389536969323,0.0027182633624285,-1
2025-09-04 13:50:00,99.0845612704959,99.08787173671574,98.86046364432438,98.8740877528836,2416.0725303084273,-0.0021241807493874,98.8976669423824,99.03028469718394,0.335895614211642,-0.007940737151625021,0.002707031427609056,-1
2025-09-04 14:50:00,98.8740877528836,98.89083163271646,98.80150327917556,98.81021865157638,2835.163295444014,-0.0006459640008701,98.8801772842212,99.0102786930378,0.3222619047586598,-0.005866513679853025,0.0026860004189920394,-1
2025-09-04 15:50:00,98.81021865157638,98.9386350793766,98.74346452299235,98.87536410310824,2047.679611701077,0.0006592987286222,98.87921464799862,98.99801373031694,0.2887419625443063,-0.008729995322189432,0.0026238032311132,-1
2025-09-04 16:50:00,98.87536410310824,98.95262698080242,98.7214828628743,98.79088810966556,5368.0866592795755,-0.0008543684689199,98.86154934033202,98.97918412843954,0.2975740580535618,-0.008970479492446226,0.002624133217945029,-1
2025-09-04 17:50:00,98.79088810966556,98.87726640191804,98.75452645363072,98.77317636157464,4601.444421771473,-0.0001792852400647,98.84387474458056,98.96045614963364,0.2853561665283034,-0.011850015396455804,0.0025485024666670217,-1
2025-09-04 18:50:00,98.77317636157464,98.82093927913944,98.74390312753091,98.7604257089014,2087.0317207917165,-0.0001290902362657,98.82718493744473,98.94227156411252,0.2708150471634961,-0.00873966433520057,0.0025459754462043988,-1
2025-09-04 19:50:00,98.7604257089014,98.84433900969056,98.5761446443246,98.60132058453904,1945.5163028938491,-0.0016110210463381,98.7820120668636,98.91127602051492,0.2762892937637866,-0.0071251877158663435,0.0023199249510569555,-1
2025-09-04 20:50:00,98.60132058453904,98.71478569162242,98.56672103325091,98.68022603345756,2878.7464060604457,0.0008002473846269,98.7616548601824,98.890271476237,0.2635952253861313,-0.005768627623692679,0.0023282723136967905,-1
2025-09-04 21:50:00,98.68022603345756,98.70633889617378,98.57642616685868,98.62986379607152,4574.014932192119,-0.0005103579451567,98.73529664736024,98.8665980507674,0.2449439782843135,-0.007350190924644395,0.0023242085920812633,-1
2025-09-04 22:50:00,98.62986379607152,98.7072704947534,98.44941554776815,98.46747027033402,1150.5904292402838,-0.0016464944742626,98.681731371955,98.83031370709163,0.2267405200982182,-0.0030056355205045904,0.0023021861006640235,-1
2025-09-04 23:50:00,98.46747027033402,98.47099726080752,98.33052590593115,98.38478434777392,5352.217855921536,-0.0008397283116249,98.6223419671188,98.78981103806277,0.1905966862202725,-0.0007224731645145699,0.0022476592358152045,0
2025-09-05 00:50:00,98.38478434777392,98.5676428115782,98.36642330805132,98.54520540640088,5037.627751880826,0.0016305474437985,98.6069146549752,98.76757416245712,0.1796595445352358,-0.0033638076365528624,0.002276397229193342,-1
2025-09-05 01:50:00,98.54520540640088,98.58123828803244,98.03036153586817,98.08895461093124,3343.6366682911626,-0.0046298629505925,98.50332264616642,98.70588147595475,0.20252195992118,0.002729246042942002,0.0023855527704928024,1
2025-09-05 02:50:00,98.08895461093124,98.23641715235956,98.03616552737267,98.23054715214764,6343.172410877506,0.0014435115735307,98.44876754736268,98.66266926469956,0.2028337968380498,0.0003142759762333469,0.0022979532205385164,0
2025-09-05 03:50:00,98.23054715214764,98.26391123209754,97.9529464116455,98.01218263700832,3885.895828493691,-0.0022229797295245,98.36145056529182,98.60353411672764,0.2088021345566701,0.0042742880618025225,0.0022982145980413155,1
2025-09-05 04:50:00,98.01218263700832,98.05717633069028,97.89658229652348,97.90468647383726,6054.534165626353,-0.0010967632826746,98.27009774700092,98.54000251282852,0.213892540315663,0.005799488217836712,0.002284962058286978,1
2025-09-05 05:50:00,97.90468647383726,97.99502359325372,97.55855199066424,97.60271270093314,4680.909395221977,-0.0030843648427884,98.13662073778735,98.45479434811077,0.2311283293303248,0.010145896844404811,0.0023230678111314726,1
2025-09-05 06:50:00,97.60271270093314,97.94433248276091,97.55971267245356,97.89729273860408,5484.83829700588,0.0030181542041105,98.08875513795071,98.40411238361014,0.2420908787859841,0.01071857719245961,0.002408627428002991,1
2025-09-05 07:50:00,97.89729273860408,97.96541532606844,97.81064232754242,97.89876766634188,1261.982963778747,1.5066072784453157e-05,98.05075764362896,98.35817195476756,0.2443789538030358,0.006381898113640316,0.002366996809544794,1
2025-09-05 08:50:00,97.89876766634188,98.11818581295218,97.83762158853504,98.11097655564872,3178.0327504173492,0.0021676359607518,98.06280142603292,98.33569964575676,0.2589166732893651,0.0052281741413022775,0.0023547547011984918,1
2025-09-05 09:50:00,98.11097655564872,98.11773063599934,97.86814326074168,97.90491546629872,8522.215443872916,-0.0021002857843649,98.03122423408608,98.29653744762422,0.2575876025673419,0.01053377223346219,0.002212088044191191,1
2025-09-05 10:50:00,97.90491546629872,98.23145402356036,97.81331786027631,98.17151294407527,2599.848238828247,0.0027230244416922,98.05928197608392,98.28517158366522,0.2768784243468078,0.0070938875104948895,0.002275405799717881,1
2025-09-05 11:50:00,98.17151294407527,98.37260397493571,98.08675912325327,98.3137039812861,2428.254351989882,0.0014483940702005,98.11016637712436,98.28776543799438,0.2880164330873315,0.006854081123783828,0.0022659042177794095,1
2025-09-05 12:50:00,98.3137039812861,98.36509296547176,98.170953848254,98.21371829190916,3101.7825106055298,-0.0010170066361854,98.13087676008132,98.28103387925935,0.2834653023896568,0.008674367145220518,0.0022382189441863894,1
2025-09-05 13:50:00,98.21371829190916,98.38029766952349,98.212786524867,98.35666350215944,2203.4934145009984,0.0014554505494377,98.17603410849696,98.287909299523,0.2853967159453776,0.0069448476174209794,0.0022437506019967763,1
2025-09-05 14:50:00,98.35666350215944,98.44661160181872,98.24103407249868,98.2614186532498,866.1651464313509,-0.0009683619341923,98.19311101744752,98.2855010589527,0.2857080035020323,0.0067391888062360294,0.002228387238481674,1
2025-09-05 15:50:00,98.2614186532498,98.52638749113824,98.24898726324678,98.4311149391649,856.2106291681838,0.0017269879495016,98.240711801791,98.29873868442654,0.2661739660539745,0.00461676460145366,0.002183293185868372,1
2025-09-05 16:50:00,98.4311149391649,98.56687524462608,98.42035212264308,98.47248354951329,3144.497960982738,0.0004202798106467,98.28706615133548,98.3145336721617,0.2623362158394136,0.0008310987554565052,0.002039324983195084,0
2025-09-05 17:50:00,98.47248354951329,98.6594056155616,98.44966089393272,98.59297975573088,4174.376764946026,0.0012236535717817,98.34824887221455,98.33984695248616,0.2551062087806152,-0.0007852442789763048,0.001810136300121283,0
2025-09-05 18:50:00,98.59297975573088,98.96773683165904,98.53758858297982,98.94661242775562,2636.099760158628,0.0035867936327809,98.46792158332278,98.39500745023794,0.2743600812457895,-0.002597825780776053,0.0018579367718455737,-1
2025-09-05 19:50:00,98.94661242775562,98.94727339728908,98.50919226519596,98.52354762703942,6562.615782840323,-0.004275687568638,98.47904679206611,98.40669292085626,0.2744750476389055,0.0032723926676498927,0.0019887878186872657,1
2025-09-05 20:50:00,98.52354762703942,98.70352298921186,98.44641423084138,98.62391782625488,3265.0742858693234,0.0010187432510593,98.50802099890387,98.42644063952886,0.2653671153577,0.004025137313997451,0.0019910578816514043,1
2025-09-05 21:50:00,98.62391782625488,99.00697574183852,98.5492777334356,98.93622354635708,4612.861362993216,0.0031666326686836,98.59366150839452,98.4727845401496,0.2870046160631919,0.0014853392699198942,0.0020403569814986607,1
2025-09-05 22:50:00,98.93622354635708,98.96899312140704,98.79962370332804,98.86793061363564,3703.106850002382,-0.0006902722812078,98.64851532944274,98.50870691046651,0.2790621298961814,0.0035042081362750555,0.0020408396318979762,1
2025-09-05 23:50:00,98.86793061363564,99.03868505822338,98.8338278144142,98.9875540839535,3598.4619993449373,0.0012099319726366,98.7163230803449,98.5522384716926,0.2758671205070046,0.0027974860408415125,0.002048707591242964,1
2025-09-06 00:50:00,98.9875540839535,99.11615923325988,98.90667639307604,99.06566014307045,5965.269903921296,0.0007890492884659,98.78619049289,98.59891316909058,0.2609633117141346,0.0011117401936528992,0.002046226841585406,0
2025-09-06 01:50:00,99.06566014307045,99.11427360748954,98.96712653424896,99.03973554233988,5654.3322372993425,-0.0002616910914753,98.83689950278,98.63898793029506,0.2510563275397156,0.0013250174264967107,0.0020466269642337182,1
2025-09-06 02:50:00,99.03973554233988,99.11966647867288,98.90380700631316,98.92362090592266,5954.6419766655845,-0.0011724045483498,98.85424378340852,98.66486365535212,0.2526077814784244,0.0022814548769556353,0.0020584442354517367,1
2025-09-06 03:50:00,98.92362090592266,98.96788457097004,98.87940948178252,98.88554822629764,3550.428630486819,-0.0003848694505556,98.86050467198636,98.68492588907442,0.2469623489449282,0.0008163397490268398,0.002037765680419883,0
2025-09-06 04:50:00,98.88554822629764,98.98167358370618,98.46634260561098,98.554323908038,2900.889680086797,-0.0033495725533283,98.79926851919669,98.67305298170749,0.2690875952860107,0.002395938362954153,0.0021215601571612772,1
2025-09-06 05:50:00,98.554323908038,98.59552377058152,98.49798816614889,98.51556018243046,2790.7084592299284,-0.000393323438997,98.74252685184344,98.65873545450049,0.2562401221818088,0.0009761630811604416,0.0021208198372692603,0
2025-09-06 06:50:00,98.51556018243046,98.69235465020896,98.50251463462996,98.68956636707034,2396.064268341239,0.001766281228241,98.73193475488884,98.66153826473408,0.2593341860100914,-0.004740123989138034,0.002122927611596464,-1
2025-09-06 07:50:00,98.68956636707034,98.87054823486343,98.64605309055256,98.845955361885,2435.2704345820734,0.001584655810858,98.75473887628807,98.67830345538415,0.2603877876302342,-0.004848602404887603,0.002132557153960436,-1
2025-09-06 08:50:00,98.845955361885,99.09277361977206,98.80781727441888,99.02089263794996,4633.508570495588,0.0017697970081276,98.80796962862046,98.70944792652652,0.2500169373926592,-0.008063156655511272,0.002135818754888298,-1
2025-09-06 09:50:00,99.02089263794996,99.09009034264696,98.99377071934056,99.08317740440806,3529.838225638017,0.0006290063116864,98.863011183778,98.74342333360664,0.2256054010507497,-0.006550007501808897,0.001950211139447596,-1
2025-09-06 10:50:00,99.08317740440806,99.2881544594029,99.04891776491966,99.21438442050862,4298.840764092604,0.001324210825063,98.93328583112412,98.78623797787046,0.2243288250588041,-0.005610606481120661,0.0019481011401826073,-1
2025-09-06 11:50:00,99.21438442050862,99.26955285954328,99.16498347034712,99.2644703847204,2748.89825645373,0.0005048256309236,98.9995227418434,98.82971365122044,0.1991053522583225,-0.009559278588146314,0.0018924244698870474,-1
2025-09-06 12:50:00,99.2644703847204,99.31747604023538,99.10759394178793,99.17579541926226,4017.162749546298,-0.0008933202898728,99.03477727732717,98.86117563013332,0.2019991151417833,-0.007208944794915073,0.001887574399390951,-1
2025-09-06 13:50:00,99.17579541926226,99.19326164648616,99.08993919648783,99.17096491784912,5070.744004442054,-4.870645496435344e-05,99.06201480543156,98.88933829265297,0.1947466298695792,-0.007944647929520099,0.0017797584834113435,-1
2025-09-06 14:50:00,99.17096491784912,99.1839136795996,99.05798026945972,99.1493106832846,6446.3649408990905,-0.0002183525650117,99.07947398100218,98.91297214634672,0.1887788134378669,-0.011226006059475768,0.0017230873780659881,-1
2025-09-06 15:50:00,99.1493106832846,99.16381257382272,98.96586676139027,98.96627242991909,2471.4808582119917,-0.0018460869985289,99.05683367078557,98.91781762667148,0.1924072948087141,-0.0065573636460820595,0.0017672957944803646,-1
2025-09-06 16:50:00,98.96627242991909,99.03042446283796,98.76911934339816,98.79045399352428,10847.874640895632,-0.0017765490411827,99.00355773533332,98.9062391145672,0.1956534124572937,-0.008969482874728874,0.0017732833547846943,-1
2025-09-06 17:50:00,98.79045399352428,98.81655837664252,98.51385493822292,98.6117274352004,4554.054554905825,-0.0018091480613663,98.92519167530672,98.87946532553386,0.2109554374024428,-0.007652541258461598,0.0017617186605813249,-1
2025-09-06 18:50:00,98.6117274352004,98.6377651944346,98.16700610901214,98.22176558605616,1842.863556961625,-0.0039545179796236,98.78450645745664,98.8196744401268,0.2077717307829607,-0.0020566766498795186,0.0018497230221310806,-1
2025-09-06 19:50:00,98.22176558605616,98.38783985548896,98.15901136550362,98.36669062500395,3655.933436532039,0.001475488025318,98.70094329096612,98.77849409329744,0.2171497940367248,-0.008893437890656553,0.0018504051269733726,-1
2025-09-06 20:50:00,98.36669062500395,98.46460771472458,98.12539661287524,98.2224716684416,1912.9531967768955,-0.0014661361040615,98.60524896646122,98.72794660012872,0.2278191573417497,-0.006152569052897294,0.0018601902219312386,-1
2025-09-06 21:50:00,98.2224716684416,98.47613292499328,98.16201170606804,98.43418184910612,2902.1203643668027,0.0021554149174658,98.5710355429902,98.70124071367212,0.2342210198142049,-0.007649286762173357,0.0018817927032434728,-1
2025-09-06 22:50:00,98.43418184910612,98.66483708941855,98.37398662293856,98.65773155225853,2156.444035764458,0.0022710576646545,98.58837474484388,98.6972853353618,0.2346420284661192,-0.010632787579744729,0.0019134235160277973,-1
2025-09-06 23:50:00,98.65773155225853,98.66406370444798,98.28751400176684,98.31557365840806,2002.8289587831864,-0.0034681305607481,98.53381452755671,98.66258427382054,0.2546584627071716,-0.008848304187353495,0.0019921164319270787,-1
2025-09-07 00:50:00,98.31557365840806,98.52221463896272,98.27034032781955,98.460842585093,10790.666663912998,0.0014775779795546,98.51922013906398,98.64424412029986,0.2555611496114522,-0.011310139712866651,0.002008607099536638,-1
2025-09-07 01:50:00,98.460842585093,98.55092989415792,98.2869915952523,98.38308651674602,1967.0339217690848,-0.0007897156504605,98.4919934146004,98.62050251997678,0.2669446431621277,-0.010826935715900432,0.0020005017132556984,-1
2025-09-07 02:50:00,98.38308651674602,98.4731896154904,97.9781594078629,98.0362599207612,2794.830321215901,-0.0035252664687011,98.40084671583256,98.56738955641173,0.2873123652464175,-0.009607511578226702,0.0019766726700645074,-1
2025-09-07 03:50:00,98.0362599207612,98.33930775238554,97.98101990679152,98.31731459289888,4089.041512385481,0.0028668440877368,98.38414029124584,98.54465546881964,0.3055241792175382,-0.013522623574582782,0.0019140047322623382,-1
2025-09-07 04:50:00,98.31731459289888,98.36101885475192,97.84307461044892,97.90435470824268,1914.231581123883,-0.0042002762826274,98.2881831746452,98.4864463087672,0.3335249530863332,-0.008359964092735095,0.002037187949264292,-1
2025-09-07 05:50:00,97.90435470824268,97.9243481594017,97.82484440829036,97.85709712243435,1227.1630993478043,-0.0004826913567752,98.20196596420304,98.42923274637327,0.3264933772776826,-0.008184545332518445,0.0019409683798562634,-1
2025-09-07 06:50:00,97.85709712243435,98.05868487841296,97.82641561962478,98.01975517426538,5776.246163369618,0.001662199846655,98.16552380621552,98.39200751254528,0.3244193872311354,-0.00875031445709773,0.0019716149564476208,-1
2025-09-07 07:50:00,98.01975517426538,98.07469988716085,97.41391153893008,97.49187257142106,1273.470062253262,-0.0053854715501566,98.03079355925664,98.31017706335216,0.349996880789075,-0.003271524270261561,0.002148960779751631,-1
2025-09-07 08:50:00,97.49187257142106,97.67603317416312,97.44006144993509,97.61815112895526,1857.2355412025513,0.0012952726643105,97.94826507319635,98.24726561477064,0.3332263549894725,-0.003968601324373822,0.0021603871692012474,-1
2025-09-07 09:50:00,97.61815112895526,97.71693448176678,97.53306247566806,97.6812305649424,3623.453211347644,0.0006461855224426,97.89485817154558,98.19580788296804,0.3300151775690005,-0.004519207181607476,0.0021689872888566854,-1
2025-09-07 10:50:00,97.6812305649424,97.77523561073993,97.5680985583082,97.60872484956388,3315.422203061831,-0.0007422686524237,97.83763150714924,98.14243669811312,0.320581316896314,-0.0017446581569215969,0.002165563283454323,-1
2025-09-07 11:50:00,97.60872484956388,97.67748287087636,97.3522839021616,97.4456475563243,1948.3170282484184,-0.0016707245534751,97.75923471698428,98.07909223067776,0.3213725847384247,-0.0020185721995965578,0.002176871126630776,-1
2025-09-07 12:50:00,97.4456475563243,97.49569681778746,97.32856679719968,97.34723669920903,3712.593244065637,-0.0010099051069303,97.67683511342922,98.01255990963516,0.3125354100318397,-0.0016962161815747834,0.002114959834156453,-1
2025-09-07 13:50:00,97.34723669920903,97.4361090279606,97.25803625010865,97.31789916349734,3883.427375761192,-0.0003013699896006,97.60504792344284,97.94940893271354,0.2983584868297565,-0.00012511119328662001,0.0021150076371875114,0
2025-09-07 14:50:00,97.31789916349734,97.41434413078544,97.01106869749609,97.09437541848644,3493.843949534948,-0.0022968410429345,97.50291342245158,97.87167861323834,0.309172852697342,1.7085544328665492e-05,0.002103935433298238,0
2025-09-07 15:50:00,97.09437541848644,97.15514176157996,96.93130731833182,96.98780655679528,6956.924332982558,-0.0010975801763164,97.39989204932031,97.79132660810716,0.3063082915789498,0.001638077543600458,0.002071091243102536,1
2025-09-07 16:50:00,96.98780655679528,97.15170668681436,96.93691571262542,97.08587781835936,1429.8472936397795,0.0010111710435127,97.33708920312814,97.72719489994826,0.2862912034761941,-0.0003366516375828965,0.0020474052441093495,0
2025-09-07 17:50:00,97.08587781835936,97.0946230570546,96.99996443407112,97.05618127492713,4128.622704172161,-0.0003058791257756,97.28090761748794,97.66619366130998,0.2674605447182979,-0.0028024513489688374,0.002035725698714667,-1
2025-09-07 18:50:00,97.05618127492713,97.21872048032137,96.99871526579624,97.16205149348283,3013.6199652527553,0.0010908137654399,97.25713639268692,97.62036255514388,0.2461791854484484,-0.0037909546393930516,0.0020288540478667783,-1
2025-09-07 19:50:00,97.16205149348283,97.21714016231536,97.10753948479812,97.1729255441504,4402.161290304995,0.0001119166433851,97.24029422297964,97.57968646323538,0.2469003944774428,-0.003524605786495938,0.0020228133846321465,-1
2025-09-07 20:50:00,97.1729255441504,97.31655139475544,97.11469926066566,97.23074360510196,1672.3051966295563,0.0005950017520599,97.2383840994041,97.54796438522324,0.2447277427132722,-0.005372989488071411,0.0020344304860113824,-1
2025-09-07 21:50:00,97.23074360510196,97.30550532776778,97.21331556673844,97.23978884626506,1708.8685681269271,9.302861242965754e-05,97.2386650487763,97.51994842713611,0.2041135579131707,-0.004224714103904348,0.0020358609170234945,-1
2025-09-07 22:50:00,97.23978884626506,97.52491713312276,97.20492972207002,97.43843099156838,2348.3241669351787,0.0020428072465004,97.27861823733473,97.51253775117542,0.2101146784006512,-0.007400617940207188,0.0020885357783057704,-1
2025-09-07 23:50:00,97.43843099156838,97.5089517937789,97.23130110298804,97.24894648119542,8751.297726579796,-0.0019446588829962,97.27268388610688,97.48857490844996,0.2168131558786622,-0.00044521258683805076,0.0020905933791772113,0
2025-09-08 00:50:00,97.24894648119542,97.31452679593072,97.1546173814515,97.18211474108824,3291.29815564302,-0.000687223281335,97.25457005710317,97.46071489323526,0.2134397531677692,-0.0012138989707537462,0.0020787241156982883,-1
2025-09-08 01:50:00,97.18211474108824,97.36120037280728,97.17159415719128,97.30572360500486,2420.555530014696,0.0012719301719863,97.26480076668348,97.4466247761234,0.2037545565178555,-0.0011269450105374501,0.002087977707794825,0
2025-09-08 02:50:00,97.30572360500486,97.36797239868145,97.09308987838546,97.09603432874172,3787.701406581819,-0.0021549531568598,97.23104747909514,97.41475291727052,0.2114511636398696,0.007137975960948895,0.002012422677942704,1
2025-09-08 03:50:00,97.09603432874172,97.2238348565227,97.02126283453724,97.14668010471902,3035.345601889417,0.0005216049896108,97.21417400421991,97.390382661584,0.213201109649405,0.004894709523778795,0.0019913393777843736,1
2025-09-08 04:50:00,97.14668010471902,97.22760924547585,96.9566425830813,97.05319369860564,2466.772953548057,-0.0009623221916859,97.18197794309708,97.35972911949509,0.2037504831569176,0.00811326449531724,0.001984520359457302,1
2025-09-08 05:50:00,97.05319369860564,97.12325390482644,96.74116948431428,96.78418604878745,2644.7761705330945,-0.0027717547415657,97.10241956423516,97.307407022158,0.2150540529614894,0.015240005616432795,0.001973188762296221,1
2025-09-08 06:50:00,96.78418604878745,96.83984365792278,96.77583850281827,96.79371456360067,2331.7391004347865,9.845115408047e-05,97.04067856410828,97.26070770774368,0.2042836373126013,0.018836556090582768,0.0019102065134972367,1
2025-09-08 07:50:00,96.79371456360067,96.83217358481429,96.72525771696154,96.83042928848676,2310.4240791011034,0.0003793089773609,96.99862870898396,97.22159148781124,0.2051591548032638,0.01759747023588165,0.0018433900208009717,1
2025-09-08 08:50:00,96.83042928848676,96.91502892434389,96.67659152490224,96.70832384179438,2500.544446516675,-0.0012610234983941,96.94056773554604,97.1749307927188,0.2064757394401581,0.016153759965951142,0.0018131919454412026,1
2025-09-08 09:50:00,96.70832384179438,96.88126822736793,96.65499296602222,96.82897853886556,2689.497210560978,0.0012476143963424,96.91824989620996,97.14348058782303,0.2148096382850468,0.014809925329282825,0.001840410995318348,1
2025-09-08 10:50:00,96.82897853886556,96.89853459987432,96.69002687166576,96.71732639110654,1993.709451716052,-0.0011530860848046,96.87806519518928,97.10473929721246,0.2152850378649589,0.018905075769220847,0.0017604899091887719,1
2025-09-08 11:50:00,96.71732639110654,97.29668971504968,96.66149979004255,97.20565002616524,2677.6139192047185,0.0050489778127655,96.94358216138448,97.11391299984452,0.2540707638633707,0.010185017017283693,0.001926420593542044,1
2025-09-08 12:50:00,97.20565002616524,97.26100310435856,97.00752733920478,97.06414547202836,6699.216157011416,-0.0014557235520651,96.96769482351328,97.10938867913396,0.2493199320134433,0.009912885641932156,0.0018070271242309633,1
2025-09-08 13:50:00,97.06414547202836,97.25034303407894,97.02259557138022,97.19606540529146,4351.728033972904,0.0013591005475974,97.01336893986893,97.11726838151192,0.2457554157211459,0.005641981198123647,0.001829155469116543,1
2025-09-08 14:50:00,97.19606540529146,97.82861080309884,97.1729355515178,97.78910348768376,1983.1882832000008,0.0061014618227541,97.16851584943188,97.1783443002548,0.2811672612284204,0.0011073090468773916,0.0021208273862345457,0
2025-09-08 15:50:00,97.78910348768376,97.84776549240584,97.60194944034689,97.62218488503107,3289.8562617749567,-0.0017069243576171,97.25924965655172,97.21869344432538,0.2851822495457737,0.0035187789625519272,0.001913013145643639,1
2025-09-08 16:50:00,97.62218488503107,97.93670967673316,97.56097584693975,97.84061192919768,3224.9690616015214,0.0022374734229091,97.37552211108093,97.27523148840469,0.2923859145098748,-0.0025779323706912605,0.0019399618945375094,-1
2025-09-08 17:50:00,97.84061192919768,98.27756882750128,97.74383806028058,98.25917758775284,1971.2449329715091,0.0042780359842604,97.55225320641532,97.36468113379996,0.3160401105981054,-0.00826242796986354,0.0020760455607828584,-1
2025-09-08 18:50:00,98.25917758775284,98.64963758661273,98.1773797878944,98.6169747971938,2663.2953417370068,0.0036413617356139,97.76519752457102,97.4785260122903,0.3304180489069454,-0.012677152439976691,0.0021558793871818242,-1
2025-09-08 19:50:00,98.6169747971938,98.71148955563037,98.45625706115098,98.53439988581854,2977.624057380316,-0.0008373295930549,97.91903799682052,97.5745145462474,0.3213571970474618,-0.012194759432215707,0.0021359539875059983,-1
2025-09-08 20:50:00,98.53439988581854,98.6064703600888,98.23429860050832,98.2705268918442,2108.9903318229804,-0.0026779783941458,97.98933577582528,97.63778839584712,0.3433690973671751,-0.01244754771568446,0.0021898734675536453,-1
2025-09-08 21:50:00,98.2705268918442,98.33868499516592,98.19810087472057,98.26300848073689,3096.156494106662,-7.650728397523565e-05,98.0440703168076,97.69462658538257,0.3457739725523621,-0.013675609924690413,0.0021882504462645827,-1
2025-09-08 22:50:00,98.26300848073689,98.6067811605487,98.24743957091704,98.54577477472688,5019.450943855768,0.0028776474317435,98.14441120839146,97.77200369350476,0.3544099861373644,-0.013307158310721934,0.0021810047155848876,-1
2025-09-08 23:50:00,98.54577477472688,98.62019602218967,98.15096536515138,98.19569122585786,4042.8943970205346,-0.0035524967931835,98.15466721188474,97.81052074190048,0.3717639429725504,-0.011989777670116664,0.0022787649058895487,-1
2025-09-09 00:50:00,98.19569122585786,98.24954576230952,98.00432217385972,98.02633124602444,6571.116082895122,-0.0017247190555832,98.12900001871267,97.83013987863905,0.3743865044183536,-0.0075644008505949545,0.002305845882852817,-1
2025-09-09 01:50:00,98.02633124602444,98.09234334815278,97.68787088552786,97.74444377883972,2291.38250806642,-0.002875630084301,98.05208877073812,97.8223493241118,0.3579066856767698,-0.00674608060168258,0.002371577429798183,-1
2025-09-09 02:50:00,97.74444377883972,97.98594769302883,97.69647219279972,97.8973862466617,6234.255414183862,0.0015647177671604,98.02114826592285,97.82917086252544,0.3604780953250091,-0.009263448266999652,0.0023786368622500825,-1
2025-09-09 03:50:00,97.8973862466617,97.98631471887056,97.87976037114198,97.96569577548289,2603.2978612103147,0.0006977666252403,98.01005776783484,97.84158221824885,0.3518214442557124,-0.01333306957240088,0.0023798863642169837,-1
2025-09-09 04:50:00,97.96569577548289,98.03538519430636,97.55274875722183,97.58838544853715,4201.413752343939,-0.0038514535517659,97.92572330397532,97.81856433009322,0.3394615289345312,-0.01318191234755528,0.0024868956212955266,-1
2025-09-09 05:50:00,97.58838544853715,97.68213264909862,97.41448190901102,97.447318210556,2080.891027068928,-0.0014455330655671,97.83004228529146,97.78481468286256,0.341021149508007,-0.009498310699997403,0.0025022142823652683,-1
2025-09-09 06:50:00,97.447318210556,97.52248963145284,97.3538300576162,97.36679237452044,1540.7562924191022,-0.0008263525104051,97.73739230313726,97.74681265483146,0.3262301312253797,-0.010027479470115508,0.0024805411081659746,-1
2025-09-09 07:50:00,97.36679237452044,97.39801195264576,97.26757624734896,97.33279658341324,4728.6309332351175,-0.0003491518029725,97.65647315919246,97.70917483015708,0.2974233410879603,-0.00828614303495645,0.002456525931959037,-1
2025-09-09 08:50:00,97.33279658341324,97.34234165288946,96.9506550532987,97.04729981931251,3312.5145209754355,-0.0029332021078427,97.53463849121648,97.64900437462576,0.2916682554359927,-0.007292975049885797,0.0025091957807323686,-1
2025-09-09 09:50:00,97.04729981931251,97.09962118992571,96.8518506244326,96.91920190672778,2080.794114050031,-0.0013199533920392,97.41155117431876,97.58265869572593,0.2911352605084047,-0.003994046095247339,0.0025073017413097566,-1
2025-09-09 10:50:00,96.91920190672778,97.31618723341616,96.86190073452418,97.23441054894684,3849.713256154029,0.0032522826851424,97.37612304924436,97.55099977329148,0.2970005990306542,-0.008307760127461483,0.002547708474454632,-1
2025-09-09 11:50:00,97.23441054894684,97.29556255441034,96.97204037210486,97.0183467198964,991.1037398781656,-0.0022220922390607,97.30456778337478,97.50257676843736,0.3100676034492338,-0.005092212296269327,0.0025772403318663865,-1
2025-09-09 12:50:00,97.0183467198964,97.38130626701796,96.98417371193254,97.28482078256631,6033.234436325851,0.0027466357826038,97.30061838321308,97.4827807697218,0.3127669581245018,-0.007425256679057912,0.0026174220342039104,-1
2025-09-09 13:50:00,97.28482078256631,97.35401233592896,97.04382471148472,97.08505188274104,3455.0523905842065,-0.0020534436741345,97.25750508311867,97.4466235981781,0.3014067415106417,-0.005238413019577837,0.00259518126657561,-1
2025-09-09 14:50:00,97.08505188274104,97.09353158410434,96.96123204386176,96.99051887369126,2327.6921718621857,-0.0009737133288444,97.2041078412332,97.40515953231566,0.2933407380672698,-0.004454676123385237,0.002602117169803791,-1
2025-09-09 15:50:00,96.99051887369126,97.01883170352627,96.65111984339978,96.65951233799971,7237.708386738476,-0.0034127720888121,97.09518874058652,97.33737342374148,0.2907149807459532,-0.0017307885717890992,0.0026728108504093374,-1
2025-09-09 16:50:00,96.65951233799971,96.7520538358923,96.28058161710511,96.3019839054151,3671.8777115298735,-0.0036988437447771,96.93654777355223,97.24324710389362,0.3037147463572428,0.005461612615553779,0.0027422305740912784,1
2025-09-09 17:50:00,96.3019839054151,96.56759233785714,96.25558948268072,96.52173330531063,5099.340621573764,0.0022818782228968,96.85358487990392,97.17765494038608,0.3183896397463743,0.00491063562752303,0.0027649669766641157,1
2025-09-09 18:50:00,96.52173330531063,96.58364286819376,96.3083098688088,96.39044886291394,4234.970702537351,-0.0013601542150245,96.76095767650594,97.10609075152496,0.3035822513392625,0.007367776823300032,0.0027677625161841735,1
2025-09-09 19:50:00,96.39044886291394,96.55169789978922,96.378949831897,96.52628310893076,2404.619853384896,0.0014092085639105,96.71402276299092,97.0533809658346,0.2968034890395929,0.005413990893123444,0.0026200983217997257,1
2025-09-09 20:50:00,96.52628310893076,96.54783760979932,96.33145723939934,96.33953628307148,4249.597282114292,-0.0019346733329462,96.63912546700703,96.9884859946743,0.3002121173655467,0.009060480684708772,0.0026287633190199807,1
2025-09-09 21:50:00,96.33953628307148,96.6266895328254,96.2490316927628,96.53210214679773,4862.320975015754,0.0019988248973965,96.61772080296518,96.94699655395826,0.317870841277388,0.012688913204001784,0.0026436347097158904,1
2025-09-09 22:50:00,96.53210214679773,96.62500378569678,96.3900526427699,96.42661038997107,2431.386000424618,-0.001092815286113,96.57949872036636,96.89968872086853,0.3066754515156822,0.015919623396492,0.0023825223920786445,1
2025-09-09 23:50:00,96.42661038997107,96.54056359313482,96.41994901431951,96.52430870176562,2040.684974406668,0.0010131882827719,96.5684607166462,96.86556326458644,0.297592881038694,0.014982590248786343,0.002384225202385118,1
2025-09-10 00:50:00,96.52430870176562,96.64027579833954,96.45079484588074,96.56245601727962,2881.1327912735132,0.0003952094143648,96.5672597767729,96.8380080602858,0.2786781991506107,0.014039682071702364,0.002341576550482517,1
2025-09-10 01:50:00,96.56245601727962,96.60840199797592,96.47867965767672,96.5764802829521,5452.938976900789,0.0001452351799127,96.56910387800876,96.81423280780092,0.2648353532930189,0.011233913495620529,0.0021833994120206905,1
2025-09-10 02:50:00,96.5764802829521,96.59548552013209,96.478889386804,96.55845752506988,7273.402864260254,-0.0001866164290665,96.56697460742096,96.79098050937084,0.2447970374532094,0.007977404174190017,0.002047719166667402,1
2025-09-10 03:50:00,96.55845752506988,96.5757480673271,96.39839676357516,96.4922151586904,5387.683028644691,-0.000686033808714,96.55202271767487,96.76382002294532,0.2353087288323294,0.009609015372740837,0.002047463932723755,1
2025-09-10 04:50:00,96.4922151586904,96.8691766690772,96.4778864903514,96.82794803561576,2193.9395886697566,0.0034793778583401,96.60720778126306,96.769649842279,0.2538080601525588,0.0057562592106139565,0.0021382626319384956,1
2025-09-10 05:50:00,96.82794803561576,97.06780433520524,96.78094992077035,96.99571636770996,3350.4532662623155,0.0017326436787912,96.68490949855244,96.7902013445909,0.2480325283174431,-0.00011715773602527513,0.0021723694482644975,0
2025-09-10 06:50:00,96.99571636770996,97.15253813764478,96.92433630683448,97.1006321780336,2127.030093225261,0.0010816540590914,96.76805403444868,96.81842232944932,0.2306560720333804,0.003593638995316839,0.002107089384356522,1
2025-09-10 07:50:00,97.1006321780336,97.18527171676833,96.99806241588792,97.04887552662956,3698.761671528507,-0.0005330207460353,96.82421833288488,96.83937262010208,0.2217422467265239,0.0052374996499071624,0.0020303177682754565,1
2025-09-10 08:50:00,97.04887552662956,97.22498414286662,96.98732447366294,97.21241879073804,2777.167229960818,0.001685163926125,96.90185842445553,96.8732859083417,0.2190512945707183,0.003906476171424922,0.0020460757964868887,1
2025-09-10 09:50:00,97.21241879073804,97.8505166601846,97.19882351019784,97.75698961233827,3717.065437298023,0.0056018647450024,97.07288466203208,96.95362260870502,0.2532616575774702,0.0030178480116147544,0.0022362675417217145,1
2025-09-10 10:50:00,97.75698961233827,97.98833613915822,97.75351203548335,97.96168571277968,3784.531268166631,0.0020939280275829,97.2506448721816,97.04526470907544,0.2545790670971044,-0.001767604416425983,0.002250077426147115,-1
2025-09-10 11:50:00,97.96168571277968,98.00225748658764,97.9144021437049,97.97049286809153,4079.3698172035224,8.990408084286194e-05,97.39461447136358,97.12937635989508,0.2338788887271141,-0.000507847265108774,0.002246760276297547,0
2025-09-10 12:50:00,97.97049286809153,98.05965212116446,97.91528541358213,97.91816219982496,2417.8143110006695,-0.0005341472389754,97.49932401705586,97.20108416352508,0.2274085719167899,-0.0025981394172761574,0.0021369804158322034,-1
2025-09-10 13:50:00,97.91816219982496,97.98086415314646,97.57686979218605,97.66141210816228,3721.4209765141936,-0.0026220885471553,97.53174163527714,97.24293215849208,0.2476499849271556,-0.004096243040015213,0.0021743598003899564,-1
2025-09-10 14:50:00,97.66141210816228,97.71348891432385,97.27487832563736,97.32874336718372,2556.193368126117,-0.0034063478481155,97.49114198165846,97.25073317746404,0.2654449589434173,-0.001973238282713896,0.0022550380474723724,-1
2025-09-10 15:50:00,97.32874336718372,97.44936950608646,97.29833109973144,97.41941033750008,2239.244852282642,0.0009315538984646,97.4767956528268,97.26606746474005,0.2669675350902624,-0.005274589603409763,0.0022601791470024677,-1
2025-09-10 16:50:00,97.41941033750008,97.4345958553446,97.34774099924016,97.38531480334063,2545.4790975393953,-0.0003499870717891,97.45849948292955,97.27690813188556,0.264843158145716,-0.007678809364529138,0.0021961447238781594,-1
2025-09-10 17:50:00,97.38531480334063,97.46576365339745,96.89956881049775,96.98435256917617,3591.1805664828175,-0.0041172761516885,97.3636701001789,97.25031217163924,0.2926176966562691,-0.0017239960089028283,0.0023077760193644338,-1
2025-09-10 18:50:00,96.98435256917617,97.49677217355227,96.97952421011485,97.4495767962985,1205.138122225143,0.0047968998585674,97.38085143940282,97.26842713751736,0.3016146812785294,-0.007328033656445632,0.0023920988343257175,-1
2025-09-10 19:50:00,97.4495767962985,97.59279397213986,97.37096322710364,97.55716897822415,3291.2455559484465,0.0011040805456812,97.41611494716707,97.29467639576342,0.2969701334643407,-0.007950853695028237,0.0023612725531578066,-1
2025-09-10 20:50:00,97.55716897822415,97.6088447383068,97.5417060567302,97.59217678831064,3572.130929976699,0.0003588440547541,97.4513273153958,97.32172188599498,0.2854656228047919,-0.010108463517715105,0.0023146792651040715,-1
2025-09-10 21:50:00,97.59217678831064,98.07858937445104,97.56514737178168,98.05200534906132,2227.442290765969,0.0047117358776422,97.57146292212892,97.38811129172828,0.3087679586468589,-0.0141531930772959,0.002418174633271351,-1
2025-09-10 22:50:00,98.05200534906132,98.09026091111616,97.72351875597047,97.78852820447324,9367.130687480376,-0.002687116328219,97.6148759785978,97.42451282925056,0.3179881362141442,-0.01069976915900972,0.0024660699188322876,-1
2025-09-10 23:50:00,97.78852820447324,97.92119745921218,97.70859560655369,97.9207388212271,1498.885327386622,0.0013520053853086,97.67604854712366,97.4696242830666,0.2866244721192684,-0.01663893218878576,0.0023795460182126117,-1
2025-09-11 00:50:00,97.9207388212271,97.9845631181228,97.6389486896432,97.66375716294635,3961.19218626128,-0.0026243843885809,97.6735902702882,97.48727272669204,0.2945380667481783,-0.014715591253548266,0.0023267217582845228,-1
2025-09-11 01:50:00,97.66375716294635,97.74711397717194,97.24667993559189,97.26136722853616,3188.4307746943737,-0.0041201561981569,97.5911456619378,97.4667358632233,0.3240079737979867,-0.009360086480235452,0.0024360450195690755,-1
2025-09-11 02:50:00,97.26136722853616,97.26172155219102,97.10012305755966,97.13669056476316,2440.572559926232,-0.0012818724157972,97.50025464250288,97.43673174518148,0.3252388157300601,-0.00965749438748753,0.0024344235494760326,-1
2025-09-11 03:50:00,97.13669056476316,97.1763034847689,96.85751669483145,96.9055629285636,4097.5514964402555,-0.002379406121989,97.38131629971504,97.38844367094347,0.3191525606569903,-0.008720382376399716,0.00246781996193964,-1
2025-09-11 04:50:00,96.9055629285636,96.9754640906603,96.54893133947044,96.63751153606113,5603.312503160423,-0.0027661094410039,97.23255534698426,97.3201771132269,0.3182898579786614,-0.0030696113405012104,0.0024944434607256528,-1
2025-09-11 05:50:00,96.63751153606113,96.89714879658092,96.59508375939856,96.81715193242088,1904.0078124456656,0.0018589095839116,97.1494746640716,97.27444755133544,0.3290774744663289,-0.004236574918557778,0.002491127321141396,-1
2025-09-11 06:50:00,96.81715193242088,96.81882211684398,96.66009264370732,96.73546301772885,1387.167777939588,-0.0008437442442951,97.06667233480304,97.2254489573712,0.3342113756829152,-6.304197481421525e-05,0.0024876825409443095,0
2025-09-11 07:50:00,96.73546301772885,96.82227157590444,96.73298921985972,96.78150620077714,6651.143046435167,0.0004759700487488,97.00963910799788,97.18509052495357,0.3001461980504182,0.0014175471158306419,0.002483150128975748,1
2025-09-11 08:50:00,96.78150620077714,96.86606343573617,96.52119041866216,96.6056698296316,4004.55710059296,-0.0018168385474469,96.92884525232462,97.13241591628793,0.2878337018816016,0.0031034445367434937,0.002504962754786249,1
2025-09-11 09:50:00,96.6056698296316,96.67091288243589,96.59050960577132,96.66425638574,3261.7124444108767,0.0006064504931411,96.8759274790077,97.08985595896536,0.2777317398550534,0.004649257735228396,0.0025070502690676473,1
2025-09-11 10:50:00,96.66425638574,96.7477673633952,96.60244942058426,96.74221352628606,4258.5297003008045,0.0008064732866197,96.84918468846338,97.05825210144909,0.2833159728003634,0.00618243943116914,0.002510408370902672,1
2025-09-11 11:50:00,96.74221352628606,96.766398793821,96.23099604673112,96.2914422881049,1618.8533102054853,-0.0046595092436941,96.73763620839168,96.98854211841778,0.2848845974018305,0.00869421250616953,0.002643373137041468,1
2025-09-11 12:50:00,96.2914422881049,96.3688209815623,96.16124586800154,96.22657723225063,1951.459093622938,-0.0006736326127526,96.63542441316348,96.91927258331168,0.2735155230029075,0.007681913188662737,0.0025646874612849724,1
2025-09-11 13:50:00,96.22657723225063,96.36294065614514,96.2052255831638,96.35099242009112,4271.749477579807,0.0012929399695904,96.57853801454904,96.86761075029165,0.2695950387402541,0.004045469075614205,0.0025552064399970917,1
2025-09-11 14:50:00,96.35099242009112,96.4293071223731,96.1712345614184,96.19859352081484,8819.794449751516,-0.0015817055481049,96.5025491158022,96.80679100215738,0.2633420482027619,0.005600238148494752,0.0025553134913315,1
2025-09-11 15:50:00,96.19859352081484,96.23294488909536,96.02930212570736,96.06050936542626,2709.263711751952,-0.0014354072168291,96.41414116572702,96.738947217,0.2421426711890453,0.005490939087081426,0.0025630669314786717,1
2025-09-11 16:50:00,96.06050936542626,96.36392248946832,95.97077441419384,96.34087193473222,3291.661608108217,0.0029186038170943,96.39948731952806,96.70275855497566,0.2586819269492671,-0.0007680334435143932,0.0026031045739789162,0
2025-09-11 17:50:00,96.34087193473222,96.4248947056458,96.26364910774971,96.4069788148578,5480.218848634606,0.000686176892507,96.40098561859402,96.6758694876922,0.2474289846605982,-0.001993684819524888,0.0023804402124208814,-1
2025-09-11 18:50:00,96.4069788148578,96.75068350828856,96.32429310721383,96.72936462310564,2891.860500550705,0.0033440090355592,96.46666141949636,96.6807326818207,0.247418816795231,-0.008038328665653793,0.0024329046608847077,-1
2025-09-11 19:50:00,96.72936462310564,96.95484876978678,96.66782258154105,96.9186985457578,1600.4623043498125,0.0019573572450297,96.55706884474866,96.70236594217862,0.2463446132997566,-0.006734241239527483,0.0024670114881304916,-1
2025-09-11 20:50:00,96.9186985457578,97.01164870560854,96.88716351745816,96.9054801678828,2871.7623952270214,-0.0001363862502629,96.62675110937548,96.72083087178808,0.2438985929435944,-0.007228659801902126,0.002466974154670994,-1
2025-09-11 21:50:00,96.9054801678828,97.11401562591789,96.8290266297875,97.1136734274615,3864.388102101717,0.0021484157471594,96.7241355729927,96.75654383139477,0.2578776386639977,-0.010004430331550851,0.0024676289321063235,-1
2025-09-11 22:50:00,97.1136734274615,97.40785110568652,97.01870102332325,97.34031640184956,8257.998254348202,0.0023337905609897,96.84737173876408,96.80961406507244,0.2610402861846604,-0.01361080789387037,0.0024333861905592247,-1
2025-09-11 23:50:00,97.34031640184956,97.42890456900446,97.08690395459446,97.12862054988324,3954.1667148755105,-0.0021748013545833,96.90362150098792,96.8386146546007,0.2797258103093349,-0.011588693368063119,0.002457140653401945,-1
2025-09-12 00:50:00,97.12862054988324,97.15039289982708,96.96381687730796,96.96578144499092,3952.136370371943,-0.0016765306041661,96.91605348978852,96.8501752719089,0.2826728160027767,-0.00896237371474573,0.002472800042561532,-1
2025-09-12 01:50:00,96.96578144499092,96.9711990039847,96.73093373218958,96.74077738033134,4700.708310581827,-0.0023204481138247,96.8809982678971,96.8402300090382,0.2615915677674353,-0.008757920343515968,0.0023986738721778725,-1
2025-09-12 02:50:00,96.74077738033134,96.80356279421969,96.65147901103612,96.73732855408164,6667.670156354394,-3.565018126883146e-05,96.85226432513402,96.83087533131489,0.2576279013119215,-0.008472474721359258,0.002228057169291592,-1
2025-09-12 03:50:00,96.73732855408164,96.81145686664448,96.5127023577874,96.58797177102583,2059.585502246395,-0.001543941571348,96.7994058143124,96.80879318947042,0.2677021467316162,-0.009980155251676281,0.0022262063697168597,-1
2025-09-12 04:50:00,96.58797177102583,96.66451759494116,96.19652819704564,96.266878923109,1964.7490205430315,-0.0033243564600157,96.69290043607172,96.75952825616484,0.2826962065131044,-0.006374446601488781,0.0022849728399455737,-1
2025-09-12 05:50:00,96.266878923109,96.33905045245383,96.16958856216404,96.21477368469836,4288.158256904138,-0.0005412582083632,96.59727508579704,96.71000511330423,0.2802547155775181,-0.007396583080431229,0.0020839078997794062,-1
2025-09-12 06:50:00,96.21477368469836,96.28444402485054,95.88318164652809,95.95182219864525,6227.667525816848,-0.0027329637225445,96.46818450836668,96.6410793937898,0.2808343086523744,-0.00478112057192015,0.0020854122788947476,-1
2025-09-12 07:50:00,95.95182219864525,96.35672228711178,95.87034275281792,96.26602464912963,2589.9751179033215,0.0032745855501723,96.42775253651928,96.6069835079116,0.3040581612522156,-0.009875218330891222,0.0021691856925211534,-1
2025-09-12 08:50:00,96.26602464912963,96.3078579845422,96.14950604983385,96.2049834188092,4317.576765382769,-0.0006340890313371,96.38319871297726,96.57043804526592,0.2849125565117601,-0.01090095315289552,0.0021354733294424253,-1
2025-09-12 09:50:00,96.2049834188092,96.24885488656032,96.13852836251807,96.14210644741549,3466.73672795653,-0.0006535729144091,96.3349802598649,96.5314988090977,0.272291151925797,-0.010474132501166578,0.002029524828188274,-1
2025-09-12 10:50:00,96.14210644741549,96.20816231494234,95.97544760362447,96.01543605497542,2073.5038021987825,-0.001317532942856,96.27107141888702,96.4845840132684,0.2800218321520457,-0.013300872012114828,0.002030057271235795,-1
2025-09-12 11:50:00,96.01543605497542,96.10533364885718,95.99782802222788,96.00302674906769,2835.6748062755114,-0.000129242821963,96.21746248492316,96.44080608015923,0.2673444486162556,-0.0140199367464664,0.001996573949630297,-1
2025-09-12 12:50:00,96.00302674906769,96.1119484662854,95.9390754257152,96.09673787413855,7627.879268506179,0.0009761267768757,96.19331756276624,96.40952715233918,0.2518960884881786,-0.017149349087359433,0.0019560752412918735,-1
2025-09-12 13:50:00,96.09673787413855,96.1500483968472,95.87155794077997,95.89352935806458,1885.7444976836152,-0.0021146244978692,96.13335992182591,96.36261826195056,0.2473596486065525,-0.01346850723970705,0.0019490035506624034,-1
2025-09-12 14:50:00,95.89352935806458,95.9502012181698,95.8492724021862,95.91772398329536,1972.2458387682664,0.0002523071722642,96.0902327341198,96.32217332752737,0.2412419909968731,-0.013808211543236193,0.0019487281978678955,-1
2025-09-12 15:50:00,95.91772398329536,95.95655424817905,95.6049958888648,95.62400881730647,2214.3895330595446,-0.0030621573760447,95.99698795075714,96.2587038265982,0.2491914972482395,-0.009547377950077762,0.0020049845823434972,-1
2025-09-12 16:50:00,95.62400881730647,95.74266615564298,95.5376515199903,95.65323084392166,4145.456211752413,0.0003055929883781,95.92823652939003,96.20366082817306,0.252972272424605,-0.011646675697711606,0.0019907696009086235,-1
2025-09-12 17:50:00,95.65323084392166,95.67672760835104,95.44707628254233,95.5031131175746,11414.10656054517,-0.0015693952522314,95.84321184702696,96.13997467266412,0.2480363307782929,-0.008247284622371676,0.001995693116203683,-1
2025-09-12 18:50:00,95.5031131175746,95.5869780603172,95.48716063047044,95.49306496761808,11230.233735240916,-0.0001052128001751,95.7731824711452,96.08116469947812,0.2217383330605226,-0.007173874126132795,0.001984750464598477,-1
2025-09-12 19:50:00,95.49306496761808,95.56143634906782,95.27781277348844,95.31537663787252,3258.2884325236737,-0.0018607459065829,95.68162130449066,96.0115476029685,0.229892739152634,-0.010701733395209634,0.001848146605260376,-1
2025-09-12 20:50:00,95.31537663787252,95.40521345049898,95.09175270516688,95.15625740148568,3047.856201445019,-0.0016693973417464,95.57654852388968,95.93379394828824,0.2236211939390366,-0.0067872311305827715,0.0018626764124174049,-1
2025-09-12 21:50:00,95.15625740148568,95.16471911569968,95.04458350585352,95.135101285544,4446.84475716565,-0.0002223302651807,95.48825907622054,95.8611855244024,0.1974609136213437,-0.005829207447258455,0.0018387270990149998,-1
2025-09-12 22:50:00,95.135101285544,95.18394211792352,94.7058746827702,94.7383470288208,6170.905049932287,-0.0041704297505541,95.3382766667406,95.75910929753134,0.2202977350816987,-0.004678371252304414,0.001946409777220364,-1
2025-09-12 23:50:00,94.7383470288208,94.8180416608538,94.63920928034564,94.65707038657644,5832.155061257729,-0.0008579064844737,95.20203541070778,95.65892394198998,0.2251910105435491,-0.0033284959642678746,0.0019398941138655367,-1
2025-09-13 00:50:00,94.65707038657644,94.6996664717104,94.42861012961627,94.44874137017848,2568.622206783524,-0.0022008817254448,95.05137660260192,95.54890734455256,0.227929698456139,-0.003130549143932959,0.0018619796070737775,-1
2025-09-13 01:50:00,94.44874137017848,94.6058269571551,94.39201908271916,94.60198666366443,4101.358891261021,0.0016225234054241,94.96149861481445,95.46282364629002,0.2355227161566132,-0.007536989943069172,0.0018902777541731806,-1
2025-09-13 02:50:00,94.60198666366443,94.68052383682443,94.50979582176105,94.59327175978828,3640.0031628093943,-9.212178500173084e-05,94.8878532438092,95.38377347478986,0.2353695000489852,-0.006526903342789159,0.00175222356571567,-1
2025-09-13 03:50:00,94.59327175978828,94.72379879911128,94.57032205112704,94.71105026402608,3058.496988829484,0.0012451044566561,94.8524926478526,95.32261681926587,0.2264399494716288,-0.006411867834341223,0.001721687964155916,-1
2025-09-13 04:50:00,94.71105026402608,94.7601916354589,94.49818963272406,94.53918868484416,1599.180364477312,-0.0018145884635722,94.7898318552509,95.251396079773,0.2379451770967153,-0.0036692502776645153,0.0017289331389366376,-1
2025-09-13 05:50:00,94.53918868484416,94.7519380484005,94.5044967790063,94.7154717613714,4369.702447816873,0.001864656117527,94.774959836475,95.20267568719102,0.2305082421024268,-0.0035483355280009343,0.0017141422527517864,-1
2025-09-13 06:50:00,94.7154717613714,94.8433548459244,94.63321924750386,94.80800973962177,1784.5460877880544,0.0009770101603199,94.78156981710436,95.16679696468472,0.2308740251572751,-0.007693292848729882,0.0016502350853998917,-1
2025-09-13 07:50:00,94.80800973962177,94.89628492206457,94.25973179324734,94.29533688863002,2338.296233679228,-0.005407484582787,94.6843232314095,95.08757332140702,0.2599384396578829,-0.0020914398518928623,0.0018253688893147043,-1
2025-09-13 08:50:00,94.29533688863002,94.56349305634456,94.24708186590176,94.51040988898056,1859.3980815071031,0.0022808444982231,94.6495405629237,95.03510391845916,0.2754094225576001,-0.004418865366195068,0.0019049956469111074,-1
2025-09-13 09:50:00,94.51040988898056,94.60429749490578,94.46107867392992,94.58053904463462,2961.5309648969146,0.0007420257274988,94.63574025926587,94.99377983902056,0.2653805115144924,-0.004470800890466364,0.001903042813528565,-1
2025-09-13 10:50:00,94.58053904463462,94.64672882659274,94.24854021436136,94.29512586959032,2193.8166739720095,-0.0030176733810917,94.56761738133078,94.93026584179962,0.2714325020072984,-0.00015431646796637555,0.0019418887666355447,0
2025-09-13 11:50:00,94.29512586959032,94.4237032501201,94.20203685655105,94.3420047098053,3577.432195732406,0.0004971501950143,94.52249484702568,94.87678755707286,0.278684700844649,-0.0022757637000272446,0.0019500640118082413,-1
2025-09-13 12:50:00,94.3420047098053,94.42190147534454,94.09840728798028,94.15306494373652,2126.3753914388685,-0.0020027109520298,94.44860886636783,94.81099459222408,0.2676437545740019,-0.0014563676460336294,0.0019069315372434491,-1
2025-09-13 13:50:00,94.15306494373652,94.21700229654677,93.82524521383084,93.88897244158603,2764.345547796128,-0.0028049272990557,94.3366815814115,94.72717439671152,0.282852661874556,0.001463304875560567,0.0019428149288076657,1
2025-09-13 14:50:00,93.88897244158603,93.9984674565446,93.86469562646069,93.97587061813395,2301.4665245557767,0.0009255418851448,94.264519388756,94.65887405320449,0.2730466253023991,0.003466816131975081,0.001930730968202685,1
2025-09-13 15:50:00,93.97587061813395,94.11782568965562,93.96811476901505,94.1037755272815,4377.8265626489765,0.0013610398957333,94.2323706164611,94.60841055084784,0.2684682714598736,0.0026713526474215765,0.0018324460788982917,1
2025-09-13 16:50:00,94.1037755272815,94.1994002185332,94.09824025922568,94.19230074051212,6333.3097874320165,0.000940719038472,94.2243566412713,94.57058238627184,0.2634991246201658,0.003917570529653913,0.0018554978210833446,1
2025-09-13 17:50:00,94.19230074051212,94.39845150325404,94.15973405496646,94.37938948786916,2194.200276958419,0.001986242462348,94.25536321059089,94.5532012136898,0.2695877460704037,0.0023417260225238046,0.001913513947044669,1
2025-09-13 18:50:00,94.37938948786916,94.38691986982136,93.98604009534398,94.07862395628962,1478.5312148562489,-0.0031867713195814,94.22001535973062,94.5100578266534,0.2795075869091578,0.006723528273363977,0.001964716566805886,1
2025-09-13 19:50:00,94.07862395628962,94.16327825897876,94.04892403534971,94.09812386321347,5504.99749402588,0.0002072724504658,94.1956370604272,94.4726092845225,0.2700013693545031,0.0030044130366770894,0.0019684066452088952,1
2025-09-13 20:50:00,94.09812386321347,94.18248416356384,94.07867154650636,94.09278111197725,2060.5187098975075,-5.677850967578113e-05,94.1750658707372,94.43807945065475,0.2624068706857108,0.0014350852182176688,0.0019496972098659736,1
2025-09-13 21:50:00,94.09278111197725,94.24619539266897,94.06682701483793,94.15768828645308,1749.9914112955978,0.0006898209799812,94.1715903538804,94.41258934481824,0.2297508170438403,0.0010727267651231553,0.0019450647958799872,0
2025-09-13 22:50:00,94.15768828645308,94.35039614698478,94.1013940530498,94.28057457881968,5772.609167152735,0.0013051116122642,94.19338719886824,94.40058800245474,0.2249358815789973,0.0013714080401492357,0.001968169403768966,1
2025-09-13 23:50:00,94.28057457881968,94.34898645430847,94.0823740671541,94.12730460009892,1351.4257082134666,-0.0016256793025019,94.18017067911438,94.37574405678602,0.2337497077346049,0.0005153293901802858,0.0019245926150403176,0
2025-09-14 00:50:00,94.12730460009892,94.20451863304127,93.98758952215027,94.01594346617756,1325.824704256104,-0.0011830906493546,94.14732523652702,94.34303491218525,0.2208026004960065,0.0016119256827475947,0.0019227056781041466,1
2025-09-14 01:50:00,94.01594346617756,94.05263194624624,93.993630830428,94.02636063272118,5578.41928266462,0.000110802127379,94.12313231576586,94.31424634132487,0.2091836520852348,0.0005404365489780627,0.0019165518399741122,0
2025-09-14 02:50:00,94.02636063272118,94.36171131237042,94.00989427895809,94.3016676824093,8224.789950136765,0.0029279773016368,94.15883938909457,94.313102826878,0.2112067125172398,-0.0007657227133531785,0.002008735045847794,0
2025-09-14 03:50:00,94.3016676824093,94.38347223158507,94.22112386075308,94.35515989716868,5111.674296635709,0.0005672456921921,94.1981034907094,94.31692619690445,0.1948203759541036,-0.0017764686947591146,0.001997223732947121,-1
2025-09-14 04:50:00,94.35515989716868,94.62282895925551,94.30635424894272,94.56130572201346,3053.900444070087,0.0021847859202339,94.2707439369702,94.33914251736888,0.2078705816847395,-0.004852850872092307,0.00202883962480209,-1
2025-09-14 05:50:00,94.56130572201346,94.62160035106793,94.493888398175,94.60040016022282,1538.4054428283807,0.0004134295514519,94.33667518162072,94.3628932121738,0.2062992268456207,-0.0027276103311739686,0.002031663978549721,-1
2025-09-14 06:50:00,94.60040016022282,94.75759559223164,94.5530053600641,94.7111642443789,4218.971206384672,0.0011708627444333,94.41157299417236,94.39455421510152,0.2136871034784795,-0.006871743719413792,0.001908422115269534,-1
2025-09-14 07:50:00,94.7111642443789,94.7197213657348,94.34742016441058,94.38083349327496,4761.990339662619,-0.003487769934404,94.4054250939929,94.39330687675366,0.2232288001239553,-0.003426480224296924,0.002000635794176764,-1
2025-09-14 08:50:00,94.38083349327496,94.41205155017988,94.16631963546912,94.22781227129204,4475.5144347644755,-0.0016213167050894,94.36990252945272,94.3782619126208,0.2121468101406236,-0.0038406746601019615,0.0019834537350978056,-1
2025-09-14 09:50:00,94.22781227129204,94.27292357655196,94.15197511286208,94.25869375882009,1257.101198172723,0.0003277321926897,94.3476607753262,94.36739208045708,0.2126178272878261,-0.0035996661110377914,0.001960864014478298,-1
2025-09-14 10:50:00,94.25869375882009,94.43727416729512,94.24360219982924,94.40987171682696,1426.0803937209475,0.0016038622219156,94.36010296362636,94.3712538655816,0.2190363523169988,-0.008201738862457897,0.001984192554725989,-1
2025-09-14 11:50:00,94.40987171682696,94.47544814709028,94.13243353054052,94.1758111665778,3017.7387313260983,-0.0024791957238456,94.32324460421664,94.35348634749036,0.2307253693683364,-0.008364596067323982,0.002014246016422878,-1
2025-09-14 12:50:00,94.1758111665778,94.2434131159745,94.10178672334136,94.16749018003844,3736.179644662735,-8.835587860911431e-05,94.292093719381,94.33657760499472,0.2230556764182044,-0.008309329170048452,0.0019919138869479336,-1
2025-09-14 13:50:00,94.16749018003844,94.1831275815796,94.01257077555393,94.0771759145745,2121.789720485834,-0.0009590811573216,94.24911015841973,94.31299563313831,0.2161945634804415,-0.0030985399396384894,0.00196344607362949,-1
2025-09-14 14:50:00,94.0771759145745,94.31248072777144,94.0660321320171,94.2294587535578,4367.636322281254,0.0016187012152828,94.24517987744731,94.30540137135829,0.2183030981135364,-0.004247179441134619,0.001979167914663191,-1
2025-09-14 15:50:00,94.2294587535578,94.26518815588436,94.1019947343448,94.18754090942237,3760.1195018179774,-0.0004448486141162,94.23365208384232,94.29468678390955,0.2257454056650557,-0.0022395716680169153,0.0017366741794859267,-1
2025-09-14 16:50:00,94.18754090942237,94.22004076821874,94.014956993294,94.1024138070742,1210.6341246053428,-0.0009038042773621,94.20740442848872,94.27720742237906,0.2152644586302281,-0.001168967758816919,0.0016903566431242627,0
2025-09-14 17:50:00,94.1024138070742,94.38402859858684,94.03916262857,94.3423671314126,2470.7231498585234,0.0025499167835412,94.2343969690735,94.2831310322912,0.2283014300005734,-0.003406448085978453,0.00174974290723508,-1
2025-09-14 18:50:00,94.3423671314126,94.43584712290036,94.00479947237724,94.06033339632422,1933.9135917417177,-0.0029894706234742,94.19958425452364,94.26287670174874,0.2364852114441658,-0.0014230239619593688,0.001748220524601685,-1
2025-09-14 19:50:00,94.06033339632422,94.12959347267252,93.98037355630116,94.0574394337576,2753.5114618964717,-3.076708812455031e-05,94.17115529037044,94.2442005864768,0.2380214945497688,-0.0023188148183544977,0.0017451214246637645,-1
2025-09-14 20:50:00,94.0574394337576,94.11281604659122,93.81338804644491,93.86591390042484,2724.7427528927465,-0.0020362614003291,94.11010701238132,94.2098108877448,0.2447956208339669,-0.001531248702546617,0.0017463154889844656,-1
2025-09-14 21:50:00,93.86591390042484,93.97447490985994,93.83633306125348,93.91939393322578,3582.2015185174223,0.0005697492367429,94.0719643965502,94.1834093464249,0.2280699527826978,-0.003460113469885062,0.0016778778780394037,-1
2025-09-14 22:50:00,93.91939393322578,93.96732713958728,93.55042808764216,93.6355466029674,6264.462600605935,-0.0030222440581355,93.98468083783364,94.1336036424742,0.2402961768708676,0.002809660677111303,0.0017519989036189328,1
2025-09-14 23:50:00,93.6355466029674,93.6711145272528,93.3511717355527,93.3880685468568,4517.160747432611,-0.0026429925929725,93.8653583796383,94.0658277246908,0.2545100574430279,0.004675594248525927,0.0017860619255665644,1
2025-09-15 00:50:00,93.3880685468568,93.42584365545036,93.3443411745329,93.3850215070152,4145.511054886673,-3.2627720960687334e-05,93.76929100511369,94.00393625035666,0.2464979512609986,0.004205164985884968,0.0017736026834527592,1
2025-09-15 01:50:00,93.3850215070152,93.84407448308124,93.344166892373,93.7856740275948,3916.567277513665,0.0042903295851304,93.77256760960992,93.98409423010558,0.2577045922723187,-0.00022343249179168634,0.0019096010554782682,0
2025-09-15 02:50:00,93.7856740275948,93.85822882949428,93.74876708821024,93.82924933359044,5786.357542410543,0.0004646264629162,93.78390395440604,93.97001742133148,0.255407117175955,-0.004043391513829597,0.0018326316096934558,-1
2025-09-15 03:50:00,93.82924933359044,94.01601300352704,93.73993710385191,93.97660116132144,2947.7371381787193,0.0015704253074337,93.82244339578912,93.97061594314874,0.2629441952937727,-0.004455762852018763,0.0018552592226890564,-1
2025-09-15 04:50:00,93.97660116132144,94.04612882997934,93.89736366034218,93.99241111930688,6135.348961589429,0.0001682329195784,93.85643694049269,93.97259732279949,0.2559668077139747,-0.006275575052630544,0.0018556149280688342,-1
2025-09-15 05:50:00,93.99241111930688,94.02951475380031,93.95535479002052,94.02099475547112,6595.719666885473,0.0003041057870933,93.88934850348836,93.97699708940598,0.2496072750168514,-0.008895196811261719,0.001852026314401395,-1
2025-09-15 06:50:00,94.02099475547112,94.04210808670022,93.84587297202908,93.92648328803136,8039.743167513961,-0.0010052166293873,93.89677546039697,93.97240492564464,0.2489752278558807,-0.004196947229666237,0.0018427564548420944,-1
2025-09-15 07:50:00,93.92648328803136,93.99674253981968,93.77425819692472,93.83933764942212,6627.812004337792,-0.00092780689278,93.885287898202,93.96030790053352,0.2402336830614605,-0.0062937209961702045,0.0018283862196514134,-1
2025-09-15 08:50:00,93.83933764942212,93.87986532044955,93.66100832451578,93.72218184155146,5536.108490997663,-0.0012484722378195,93.8526666868719,93.93866007698968,0.2250772077336518,-0.004775753867507837,0.0018296784374921848,-1
2025-09-15 09:50:00,93.72218184155146,93.8133341758164,93.56123686556154,93.59442217319398,2248.1462981520312,-0.0013631742864615,93.80101778413632,93.90736572209916,0.2324255930110439,-0.008066014581408876,0.0018428062976828645,-1
2025-09-15 10:50:00,93.59442217319398,93.98892661564588,93.57680415071002,93.89863071623758,2799.3472658086453,0.0032502849633568,93.82054037055656,93.9065716306572,0.2404751976388683,-0.009401071857705556,0.0018609200501377451,-1
2025-09-15 11:50:00,93.89863071623758,93.92636523914976,93.74697965116658,93.82471326303542,2596.863937561366,-0.0007872048041417,93.82137494905234,93.8991299608734,0.2434211790229201,-0.004054919242644672,0.0018599021214699297,-1
2025-09-15 12:50:00,93.82471326303542,93.9036599516411,93.73437002271623,93.77772092966262,2107.2544982008467,-0.0005008524059226,93.8126441451744,93.88809277621787,0.2257348130929009,-0.004839460825846853,0.0018099301917023788,-1
2025-09-15 13:50:00,93.77772092966262,93.86978572496442,93.72392993029968,93.76471926075244,3702.0316758913577,-0.0001386434728984,93.80305916829002,93.87687700208464,0.2133000275903731,-0.0064872277584362426,0.0018059464008236003,-1
2025-09-15 14:50:00,93.76471926075244,93.76794296342996,93.43540618038928,93.449860943086,1985.136084139077,-0.0033579615035248,93.73241952324922,93.8380573603575,0.2312310491706029,-0.00443022515493674,0.0018654055966834046,-1
2025-09-15 15:50:00,93.449860943086,93.59492457221796,93.4400825261116,93.55786371290785,5437.9946296608105,0.0011557295937296,93.69750836118097,93.81258521058936,0.2065835102704686,-0.0023335045297321333,0.001798240045551013,-1
2025-09-15 16:50:00,93.55786371290785,93.57012730243392,93.33777367201536,93.40255468894996,2707.2273924535116,-0.0016600317471386,93.63851762673475,93.77530970862212,0.2153615023515058,6.52688752902364e-05,0.001799189858275747,0
2025-09-15 17:50:00,93.40255468894996,93.4844055798696,93.156897782247,93.1846595027306,5194.7978155326,-0.0023328610972683,93.54774600193392,93.72161423535928,0.2190352093477545,0.006271849960659104,0.0018317011015317821,1
2025-09-15 18:50:00,93.1846595027306,93.57545619411404,93.16981133078733,93.53227879420336,1768.4816997007442,0.0037304347446003,93.54465256038782,93.70440192252693,0.2373837588970084,0.00027958518436288493,0.0019404639641139813,0
2025-09-15 19:50:00,93.53227879420336,93.55226559166562,93.24786989101652,93.24873903979125,1013.9491894706996,-0.0030314641968252,93.48546985626852,93.6629780240964,0.2538291686733863,0.0015242238416228737,0.001962889179827787,1
2025-09-15 20:50:00,93.24873903979125,93.3564302668496,93.21571060449573,93.2745877691504,1939.5337259905964,0.000277201918496,93.44329343884488,93.6276698191013,0.249863779222154,0.002450333375784375,0.0019652664293963265,1
2025-09-15 21:50:00,93.2745877691504,93.35892361218954,92.7768754559715,92.83948819920646,2671.8689025126005,-0.0046647171576977,93.3225323909172,93.5560169445654,0.2755469087452309,0.0067636348444388705,0.002109492454539736,1
2025-09-15 22:50:00,92.83948819920646,93.04120733891504,92.8155481659083,93.01588294153407,1231.0689049840469,0.0018999969274833,93.2612025010406,93.50691385338074,0.2760327785361564,0.004646058588815505,0.0021187915302298753,1
2025-09-15 23:50:00,93.01588294153407,93.4797092770297,92.97566812849288,93.44426162778952,3635.7331267303166,0.0046054358966276,93.29781432639038,93.5012181965088,0.2940287669848688,-0.0006164340981906768,0.0022962203776064516,0
2025-09-16 00:50:00,93.44426162778952,93.52940770037368,93.27682332688664,93.32388732288632,2506.1847401091477,-0.0012881936547659,93.30302892568956,93.48509720799768,0.2826331890242396,2.12540236168568e-05,0.0023007788216737597,0
2025-09-16 01:50:00,93.32388732288632,93.36094668159824,93.13498009741434,93.1564461712021,2455.259537588586,-0.0017941939249154,93.27371237479208,93.45521984101624,0.2859604030385765,0.002432698199411387,0.002257570776056587,1
2025-09-16 02:50:00,93.1564461712021,93.16551464599864,93.01290145349763,93.0358570184106,5923.051461951339,-0.001294479960838,93.2261413035158,93.4170959480521,0.2847692075797283,0.0023094354177621845,0.0022141469045436394,1
2025-09-16 03:50:00,93.0358570184106,93.38791052377852,92.97969993081634,93.33954601414172,4192.446567178552,0.0032642145239876,93.24882224564098,93.41004595406024,0.3035088360295473,-0.0013849258242636386,0.0023037836048967,-1
2025-09-16 04:50:00,93.33954601414172,93.47548435693103,93.24660347625978,93.40865096864374,7946.4421495664,0.0007403609450975,93.28078799024154,93.40991913720418,0.2961048430031598,-0.000754554448827327,0.0022860447679070575,0
2025-09-16 05:50:00,93.40865096864374,93.81932674240132,93.36082681544583,93.76909970576682,3282.0757735983534,0.0038588367713829,93.3784503333466,93.44257191616444,0.3177946916352405,-0.004593805531786899,0.002390985098461791,-1
2025-09-16 06:50:00,93.76909970576682,93.80256603765768,93.54099492222558,93.55842903361392,4103.144236905243,-0.0022466961164598,93.41444607340009,93.4531043813871,0.3198816548504918,-0.0005381966610025213,0.002363631187837075,0
2025-09-16 07:50:00,93.55842903361392,93.5930522552476,93.32585811544398,93.39087099103696,1351.0471723133128,-0.0017909454477561,93.40973105692746,93.4474468004462,0.3155735364348493,-0.000370014840557098,0.0023378235000335304,0
2025-09-16 08:50:00,93.39087099103696,93.52578267216356,93.37714292600644,93.50314160467369,2229.3745947093407,0.0012021583313799,93.4284131664767,93.45250996446688,0.2972160280655923,-0.0001626646017349742,0.0023473774230789854,0
2025-09-16 09:50:00,93.50314160467369,93.57335872448364,93.44488620083608,93.46742059653047,1388.6900336241167,-0.0003820300316134,93.43621465248746,93.45386547647266,0.2846500868511979,-0.0003824204423688027,0.002216263042947399,0
2025-09-16 10:50:00,93.46742059653047,93.55916098631144,93.36023930879358,93.44804018337084,5077.737206047506,-0.0002073493955,93.43857975866416,93.4533359043725,0.2888073736486224,-0.0007801597657682846,0.0022138852606794976,0
2025-09-16 11:50:00,93.44804018337084,93.45232684030468,93.32099401360767,93.3866593986419,4491.9891319169765,-0.0006568440023836,93.4281956866597,93.44727440385152,0.2566134215399783,0.002549863591170265,0.0021937889443973038,1
2025-09-16 12:50:00,93.3866593986419,93.40784933556792,93.27633133681014,93.3258708309915,3206.826326304657,-0.0006509341702748,93.40773071552609,93.4362377154097,0.2498890519507658,0.002117131930491789,0.0021941997585600815,1
2025-09-16 13:50:00,93.3258708309915,93.42077587983157,93.24809763427514,93.38306769006635,943.5818114503444,0.0006128724925422,93.40279811043412,93.43140407674213,0.2262202731664503,-0.0004591121851809099,0.002197255808758083,0
2025-09-16 14:50:00,93.38306769006635,93.45574149275302,93.23064360341968,93.25071732173078,2770.548064043254,-0.0014172844350632,93.37238195269346,93.41497800810473,0.2242569528697586,-0.0011008521143401895,0.0022032634345496233,0
2025-09-16 15:50:00,93.25071732173078,93.26987241771172,93.12845625368784,93.21027766644168,3098.665308090619,-0.0004336658896635,93.33996109544312,93.39636888613536,0.2182176371440423,0.0019988273952278313,0.0021998953459903227,1
2025-09-16 16:50:00,93.21027766644168,93.42930777196788,93.16425911685056,93.3381690554964,3109.5855020081417,0.0013720738984641,93.33960268745378,93.3910779924409,0.2262487416166375,0.0024074375776554913,0.0022086652616433665,1
2025-09-16 17:50:00,93.3381690554964,93.34254811068452,93.25586758968544,93.3383426968278,1939.875660469496,1.8603464495559052e-06,93.33935068932858,93.38628387465788,0.2032823079049868,0.0027972489941987533,0.0021971507341913914,1
2025-09-16 18:50:00,93.3383426968278,93.51544957201016,93.30028447275338,93.50807619949938,2296.136453802657,0.0018184756421366,93.37309579136274,93.39735590418891,0.2023026092325253,-0.0004260638306888831,0.002140934165365516,0
2025-09-16 19:50:00,93.50807619949938,93.52798736155546,93.356082046633,93.35631498279773,2379.624448611182,-0.0016229744303355,93.36973962964974,93.39362491133518,0.1818315655158804,0.0015929437214028397,0.0021542913256216616,1
2025-09-16 20:50:00,93.35631498279773,93.5698271685371,93.32082688682002,93.4879319533836,3551.521321396931,0.0014098346813511,93.39337809439652,93.40219827879412,0.1809336488219516,-0.0004286504893048493,0.002170787174469285,0
2025-09-16 21:50:00,93.4879319533836,93.52551846378988,93.37509452548352,93.43167674419888,3090.0299334159527,-0.0006017376575705,93.401037824357,93.40487813928549,0.1725929201435759,-0.0005761321311201772,0.002172634267285934,0
2025-09-16 22:50:00,93.43167674419888,93.43719705477092,93.33903231214724,93.37513578222988,1308.1170301155053,-0.0006051583781782,93.39585741593156,93.40217428864403,0.1689875627483295,-0.0002893627195410531,0.002092872732021198,0
2025-09-16 23:50:00,93.37513578222988,93.66468704831652,93.30218941742308,93.62478264134351,7052.092024722004,0.0026735903195458,93.44164246101396,93.42241141161672,0.1857036418373192,-0.004805265401615855,0.002137178054063447,-1
2025-09-17 00:50:00,93.62478264134351,93.65914857767328,93.4856463250948,93.52345401206874,1263.5611400846938,-0.0010822842672216,93.45800477122492,93.4315971025669,0.1838879686273661,-0.0037625131271191714,0.0021248928610438232,-1
2025-09-17 01:50:00,93.52345401206874,93.57574644634316,93.32653508520036,93.34019438580027,2464.437602389118,-0.0019595044708765,93.43444269414,93.42328776467902,0.1923078639449207,-0.00683115973166204,0.002112417227324481,-1
2025-09-17 02:50:00,93.34019438580027,93.41858416370852,93.08163107989095,93.1480620724034,2328.1373681745567,-0.0020584091843943,93.37716656979268,93.3982672471994,0.2069817985920486,-0.006028552286840516,0.002033855463997198,-1
2025-09-17 03:50:00,93.1480620724034,93.48132950927082,93.13834012726794,93.39658892295816,5023.172737730587,0.0026680839625154,93.38105104042576,93.3981146722684,0.2191468797667966,-0.006900937825529141,0.0020207851319142835,-1
2025-09-17 04:50:00,93.39658892295816,93.58856592107192,93.3273327214151,93.56287487111015,5340.428250925867,0.0017804284939053,93.41741580656266,93.41309287216308,0.2217279733613293,-0.009463587657906558,0.0020435454976604635,-1
2025-09-17 05:50:00,93.56287487111015,93.64108824454176,93.53864326983764,93.59943328205668,2929.043742994154,0.0003907362936086,93.45381930166148,93.43003290942616,0.218944316981346,-0.008363961358873073,0.0018496493645328103,-1
2025-09-17 06:50:00,93.59943328205668,93.61355101963218,93.38591956683234,93.46823579035348,4592.055562963067,-0.0014016910904559,93.45670259939988,93.43350589860135,0.2162716596729552,-0.0071818842790819515,0.0018470969775187137,-1
2025-09-17 07:50:00,93.46823579035348,93.52970522965688,93.37716958814129,93.50502633860287,2203.277157855085,0.0003936155201635,93.46636734724048,93.4400077567833,0.2209755968527064,-0.0069114768623965706,0.0016602214967555752,-1
2025-09-17 08:50:00,93.50502633860287,93.5228904306412,93.422509169119,93.44785830560768,2399.5813708991404,-0.000611389945907,93.46266553891392,93.44072144304006,0.2127767513002356,-0.009864171303408553,0.001647257095643289,-1
2025-09-17 09:50:00,93.44785830560768,93.45083947440136,93.2950635441684,93.37784775316211,1585.9404577495895,-0.0007491937612587,93.44570198176358,93.43500565305116,0.2116246523938433,-0.011222575300506188,0.001619794070507339,-1
2025-09-17 10:50:00,93.37784775316211,93.4054580504111,93.26502174991296,93.34811649900242,1969.976548257145,-0.0003183972952376,93.42618488521136,93.42710663904673,0.2038700823067764,-0.01352470733800415,0.0016022599157103055,-1
2025-09-17 11:50:00,93.34811649900242,93.39797528378028,93.15872406827428,93.17489071258326,7303.366042991726,-0.0018556966430168,93.37592605068576,93.40417791845913,0.2102148878210355,-0.01190109009492224,0.001530745905638557,-1
2025-09-17 12:50:00,93.17489071258326,93.18758969219694,93.11475012963795,93.1715707886548,3668.587073527141,-3.5631100858468656e-05,93.33505499827956,93.38303181574965,0.2084059463878438,-0.011915695836300255,0.0015238864077015135,-1
2025-09-17 13:50:00,93.1715707886548,93.1949810812365,92.6336483381316,92.70257260856648,2843.9011955406177,-0.0050337047676503,93.20855852033696,93.32117188782392,0.2226084544029498,-0.005953102631351848,0.0015920482067041189,-1
2025-09-17 14:50:00,92.70257260856648,92.70915315289962,92.55818477267988,92.58651410978206,8458.62540494881,-0.0012519447467167,93.08414963822598,93.25438481709284,0.2209988920916105,-0.005205944252569372,0.0015633975075034336,-1
2025-09-17 15:50:00,92.58651410978206,92.78559485382628,92.50149611158982,92.75206486968432,2242.573627592064,0.0017880655891848,93.01773268451764,93.2087193673284,0.2234908478840164,-0.0034289717410941334,0.001583045288041094,-1
2025-09-17 16:50:00,92.75206486968432,92.81871212647286,92.67487078819497,92.67743440324166,3102.38787803921,-0.0008046232345072,92.94967302826244,93.16042073422962,0.2096971517740402,-0.0024959029273317057,0.0015648095066413575,-1
2025-09-17 17:50:00,92.67743440324166,92.8402638800708,92.65998355302922,92.81657123887314,2003.2591946694424,0.0015013021942977,92.9230526703846,93.1291616891972,0.1980750764196608,-0.0018181029176723706,0.0015958016644031523,-1
2025-09-17 18:50:00,92.81657123887314,92.825441236452,92.74089725811082,92.7969577371372,2510.057409758427,-0.000211314655068,92.89783368373512,93.09896132991902,0.1854544177542589,-0.0026780460171332843,0.0015958010360943291,-1
2025-09-17 19:50:00,92.7969577371372,92.88767573875054,92.79168606547184,92.85876851254584,3095.2181549015863,0.0006660862264875,92.89002064949726,93.07712561924872,0.1849933247953004,-0.0026717750226376014,0.0016011720649222988,-1
2025-09-17 20:50:00,92.85876851254584,92.87768710128456,92.50097568177976,92.52607262334452,1594.2656341708444,-0.0035828160822137,92.81723104426672,93.02702989234837,0.1956418938456547,0.0001481366032538567,0.0017094534177962207,0
2025-09-17 21:50:00,92.52607262334452,92.54383991868544,92.29496328541384,92.32990782535305,3263.7810237782664,-0.0021201029334728,92.719766400484,92.96365515898512,0.2025233932567971,0.0027252851551442525,0.0017321696606404854,1
2025-09-17 22:50:00,92.32990782535305,92.35321386707008,92.06289537627944,92.08561054279949,6413.113328883322,-0.0026459171064664,92.59293522894708,92.88383292115007,0.2160903382045416,0.00601817390751469,0.0017697326203829147,1
2025-09-17 23:50:00,92.08561054279949,92.11736757923497,92.02374214999578,92.06600794362828,4086.002826480088,-0.0002128736406876,92.48754977188332,92.8094851959208,0.2116510167049849,0.003932600812899478,0.0017699925573258165,1
2025-09-18 00:50:00,92.06600794362828,92.14119044513194,91.98937678680986,92.06136669054688,2843.694247036701,-5.0412233407959306e-05,92.40231315561604,92.741474422705,0.21246368512098,0.0030737059444763126,0.001742098850280554,1
2025-09-18 01:50:00,92.06136669054688,92.223828569612,91.99168533152668,92.15070467963734,1103.693038446096,0.0009704178017555,92.35199146042032,92.68776808242612,0.2119559724480757,0.003887922672560551,0.0017581635758172067,1
2025-09-18 02:50:00,92.15070467963734,92.20232830894533,92.05371434599505,92.1045138787868,4155.762493666498,-0.0005012528228744,92.3024959440936,92.63474497300436,0.2173684296188816,0.005664733040082304,0.001710991742943215,1
2025-09-18 03:50:00,92.1045138787868,92.44650546282408,92.0339135041981,92.43402066031804,5077.007956840617,0.0035775313028076,92.3288008873385,92.61649730821468,0.2067440878703865,0.0021196530658500468,0.0018401578119729874,1
2025-09-18 04:50:00,92.43402066031804,92.4944506028225,92.3735295893594,92.44612052341702,3696.305639489776,0.0001309027024092,92.35226481455422,92.60100850959672,0.2045978473877678,0.002066289853813741,0.0018153529923592095,1
2025-09-18 05:50:00,92.44612052341702,92.66430813140104,92.39483361107068,92.6478211598954,2671.60892941448,0.0021818182887112,92.41137608362246,92.6052642050784,0.2035532601087613,-0.00012035922022801682,0.0018687340641976398,0
2025-09-18 06:50:00,92.6478211598954,92.64792253441978,92.54550024721298,92.54844321406718,1055.3028441995702,-0.0010726420177408,92.4387895097114,92.60009866044102,0.2005947564608255,0.001986997127468859,0.0018733284776608966,1
2025-09-18 07:50:00,92.54844321406718,92.68150193015758,92.47266978859962,92.61067077420113,2264.273928989606,0.0006723782483299,92.47316576260936,92.60105976169194,0.2026341717834248,-0.0019166636298453277,0.00180379242535527,-1
2025-09-18 08:50:00,92.61067077420113,92.61748385957242,92.49440728573168,92.53977912145535,1621.922054025033,-0.0007654803939236,92.48648843437856,92.59548879439772,0.2053865000333924,-0.002691691114574124,0.001800445901515271,-1
2025-09-18 09:50:00,92.53977912145535,92.67132201165433,92.46853330810828,92.58153315252532,2605.135000057375,0.0004512008939978,92.50549737800792,92.59422009968203,0.2130150021953442,-0.0008310939700041375,0.0017803349490620713,0
2025-09-18 10:50:00,92.58153315252532,92.72535817372376,92.55974273851972,92.63979776142573,3023.257471538572,0.0006293329448801,92.53235745469148,92.5983635234769,0.1979367176024311,-4.769428862294589e-06,0.001755664897757053,0
2025-09-18 11:50:00,92.63979776142573,92.65487896061032,92.39796518015596,92.4280668013078,5606.480441620262,-0.0022855291703377,92.51149932401476,92.5828820032797,0.198510799544058,-0.0019468954251473658,0.001715322448957555,-1
2025-09-18 12:50:00,92.4280668013078,92.4318570859212,92.33487879272217,92.34433626060022,4588.887565085616,-0.0009058995130513,92.47806671133183,92.56119602667248,0.1847007854303746,-0.000778811258487111,0.0016742380432091604,0
2025-09-18 13:50:00,92.34433626060022,92.57915899815328,92.29044592138348,92.50897949365374,2605.68462582768,0.0017829272451415,92.48424926779624,92.55644906912532,0.19863561739685,-0.0015309649512128543,0.0017133018270802907,-1
2025-09-18 14:50:00,92.50897949365374,92.62814444269569,92.4658847799209,92.62626136169668,3258.7900509048027,0.0012677890155623,92.51265168657632,92.56279564117726,0.1993817605720421,0.0002460092356615373,0.0017261234330121081,0
2025-09-18 15:50:00,92.62626136169668,92.6328277905016,92.55682079517965,92.62994871559954,4605.932444315065,3.9808946713959514e-05,92.53611109238096,92.56890046612472,0.1882291718032302,0.0009189036781915849,0.001722790840299111,0
2025-09-18 16:50:00,92.62994871559954,92.68274128961014,92.55988791783768,92.637141004279,10204.063851862547,7.764539200549869e-05,92.55631707476056,92.57510415141148,0.1863891295762434,0.00024630736472408543,0.0017229806583870277,0
2025-09-18 17:50:00,92.637141004279,92.72318579481212,92.56483051261878,92.63667014038477,8215.541804016128,-5.082884566021129e-06,92.5723876878854,92.58070105949996,0.168229366973911,-0.0009670952402637267,0.0017213367249913685,0
2025-09-18 18:50:00,92.63667014038477,92.82394955516097,92.57861058587696,92.73233670488524,2233.011826859631,0.0010327072891922,92.60437749128538,92.59448611817136,0.1771163638182611,-0.004071934407959277,0.0017360507667986316,-1
2025-09-18 19:50:00,92.73233670488524,92.73337193513004,92.35990083198624,92.43316726979263,1191.0231862962876,-0.0032261608595571,92.57013544698684,92.57982076831874,0.1845446911620771,0.001994861579967422,0.0017940135021663676,1
2025-09-18 20:50:00,92.43316726979263,92.4414112601694,92.24049493878437,92.29069062024948,1718.7780689072451,-0.001541401790629,92.51424648163938,92.55353620940336,0.191579979317666,-0.0005686311609754968,0.0018079522880783058,0
2025-09-18 21:50:00,92.29069062024948,92.5133176518122,92.2857100830174,92.50458919858852,4074.5053824244646,0.0023176614770301,92.5123150250292,92.54908648114746,0.192921081263155,-0.001449666398682048,0.001646252937461409,-1
2025-09-18 22:50:00,92.50458919858852,92.68338139388908,92.48264004587182,92.63935592250049,3182.644911331252,0.0014568652764093,92.53772320452347,92.55729279399772,0.1984685651329069,-0.0029221195021289503,0.0016529078333543988,-1
2025-09-18 23:50:00,92.63935592250049,92.70129743020614,92.19831569429964,92.24811902089712,4116.516796646144,-0.004223225622711,92.4798023677982,92.52918608735222,0.219910924587226,0.001554636930345188,0.0017819410696818918,1
2025-09-19 00:50:00,92.24811902089712,92.33893534584696,92.23225692170372,92.27241745186294,3306.4309409965595,0.0002634029964374,92.43832538461116,92.50584348412592,0.2157011380828858,0.00010200724879827483,0.0017796465664857504,0
2025-09-19 01:50:00,92.27241745186294,92.45201553298875,92.23690255621553,92.36735148837649,3644.8273349658048,0.0010288452295406,92.4241306053642,92.49325330269414,0.2127153663913767,0.0004180678033989249,0.001767549508154505,0
2025-09-19 02:50:00,92.36735148837649,92.70012316345928,92.35716951710448,92.64904827745646,3925.44610413962,0.0030497441416346,92.46911413978266,92.507416482218,0.2302850344739297,-0.0035841207902419514,0.0018557149108069924,-1
2025-09-19 03:50:00,92.64904827745646,92.8030929790977,92.62137796401142,92.715066716185,3373.1068722867717,0.0007125646723411,92.51830465506312,92.52629377621498,0.2226423157822483,-0.0078005220005109566,0.0018563100874175852,-1
2025-09-19 04:50:00,92.715066716185,92.770141823996,92.6077746752146,92.65995821435534,2604.6755123458106,-0.0005943856137035,92.54663536692158,92.5384450887732,0.2226499933541512,-0.004807425279838462,0.0017444790183391574,-1
2025-09-19 05:50:00,92.65995821435534,92.74265776005498,92.53545675320032,92.54708165761812,3930.449512550217,-0.001218180527085,92.54672462506088,92.53923023139546,0.2320209941779154,-0.0025024959941536418,0.0017153853547928664,-1
2025-09-19 06:50:00,92.54708165761812,92.6244825656266,92.28115183020432,92.35473671232616,4122.330197016824,-0.0020783469542943,92.50832704251395,92.52245809329824,0.2477693772957597,0.004806783680489479,0.0016890785297337815,1
2025-09-19 07:50:00,92.35473671232616,92.705764902656,92.27465417465352,92.61755864389384,4719.497595927087,0.002845787243012,92.53017336278994,92.53110359789784,0.2672519091392717,0.0024638066729696373,0.0017564355898515172,1
2025-09-19 08:50:00,92.61755864389384,92.66499552420332,92.20792270873277,92.23821125769486,2734.137656253609,-0.0040958473938785,92.47178094177092,92.50447702151575,0.2823757552954556,0.008634123839108332,0.0019127878491676947,1
2025-09-19 09:50:00,92.23821125769486,92.41566164052334,92.16699228512935,92.37048840390344,3202.586475568414,0.0014340818669935,92.45152243419744,92.49229623809644,0.2734613447418965,0.009384184157532838,0.0019216288485458598,1
2025-09-19 10:50:00,92.37048840390344,92.37739624757867,92.3351127210568,92.36865265389469,7888.893162076147,-1.987377181256189e-05,92.43494847813687,92.48105591225992,0.2621304308230989,0.013909284117577414,0.0019188444310379409,1
2025-09-19 11:50:00,92.36865265389469,92.48078914911616,92.28243071329278,92.39153135348188,2184.4428427442303,0.0002476890041138,92.4262650532059,92.47291731600735,0.2600412070394244,0.015713002450036928,0.0018109425308485921,1
2025-09-19 12:50:00,92.39153135348188,92.42872042311416,92.21842429661896,92.28182990730716,2242.9893211057743,-0.0011873539118535,92.39737802402615,92.45554573339824,0.2607236912164197,0.01474437131962092,0.0018225255065656943,1
2025-09-19 13:50:00,92.28182990730716,92.4834729129366,92.19814858137852,92.405967304119,1483.5662696197498,0.0013451986911887,92.39909588004473,92.45103860346376,0.2451767337629614,0.01764942742352371,0.0017952142514346583,1
2025-09-19 14:50:00,92.405967304119,92.47505396345706,92.29109049777614,92.3169828973291,2376.267459576012,-0.0009629725155847,92.3826732835016,92.43885172108789,0.2506970938727946,0.020074424481474784,0.0017933620688098696,1
2025-09-19 15:50:00,92.3169828973291,92.37366952640151,91.9108903515383,91.99184079848656,1471.7840347442918,-0.0035220182531759,92.3045067864986,92.39821436448776,0.268387536593507,0.021512442321361513,0.0018876505991446855,1
2025-09-19 16:50:00,91.99184079848656,92.298247017934,91.92699519804476,92.21450238880688,1788.839715669114,0.0024204493397199,92.28650590696026,92.38151327578947,0.2704088347031096,0.017712349621866963,0.0019405623202824174,1
2025-09-19 17:50:00,92.21450238880688,92.32908368134925,92.18132430382911,92.31548295649932,2669.949466772164,0.0010950616776812,92.29230131686808,92.37551051949038,0.2679834320198121,0.01856541921902588,0.0019498652329022522,1
2025-09-19 18:50:00,92.31548295649932,92.88944165016969,92.23735191362526,92.79866595357088,4080.568108699576,0.0052340407220665,92.39357424420864,92.41397919531587,0.3029636168600262,0.011816351459915886,0.00216280086984575,1
2025-09-19 19:50:00,92.79866595357088,92.9141140878007,92.76554551048972,92.84575040291482,1679.8527857461995,0.0005073828256054,92.48400947594988,92.4532311232794,0.2987755861783349,0.012334104056079154,0.0021212231023375766,1
2025-09-19 20:50:00,92.84575040291482,93.12041433953118,92.83539792852946,93.03460739639162,6223.572196523165,0.0020340941040084,92.59412906003824,92.50608351174417,0.2946102772911528,0.012228537042020537,0.002137926436128262,1
2025-09-19 21:50:00,93.03460739639162,93.24975365807656,93.0336959301315,93.23731007780692,1103.0105041623783,0.002178787948786,92.72276526359197,92.5725586541135,0.2792493487156215,0.006989665303483994,0.0021482924645009243,1
2025-09-19 22:50:00,93.23731007780692,93.6825703915765,93.16831099035964,93.65343448721552,3413.723716490237,0.0044630675108638,92.90889910831667,92.6708200934864,0.2833341048403568,0.003311093936495535,0.00226816670443585,1
2025-09-19 23:50:00,93.65343448721552,93.89614944683407,93.62066430181936,93.8432797120018,3912.270183859133,0.0020271037130217,93.0957752290537,92.77740733153324,0.2852495183846975,0.00025136125425562206,0.0022866104065151116,0
2025-09-20 00:50:00,93.8432797120018,93.84713615210696,93.6361126085942,93.6424674735146,1248.6635896688397,-0.0021398680768985,93.20511367794587,92.85604916262248,0.29730237674119,0.0021382373637031105,0.0023301720816016323,1
2025-09-20 01:50:00,93.6424674735146,94.05300235276128,93.57792488195054,94.03687971755356,4785.263095577223,0.0042118950373719,93.37146688586743,92.96339739488891,0.3170680220974304,-0.0017544017892112684,0.002427248416800886,-1
2025-09-20 02:50:00,94.03687971755356,94.25791908374572,94.01439169285396,94.17019319885914,3901.918974020371,0.0014176723186263,93.53121214846578,93.07310610434077,0.319441683840043,-0.0022805197289736956,0.0024310692377854225,-1
2025-09-20 03:50:00,94.17019319885914,94.18274581623204,93.94882588070968,93.97080996769988,4357.791738564713,-0.0021172647563568,93.6191317123126,93.15471554646432,0.3157699412660619,-0.0010429349562747214,0.0023839268052007743,0
2025-09-20 04:50:00,93.97080996769988,94.03064029601586,93.84212016483994,93.84783789532392,9419.705112136384,-0.0013086199046089,93.66487294891488,93.21772666908792,0.3160954173728478,0.0027089593464186823,0.00237778573695153,1
2025-09-20 05:50:00,93.84783789532392,94.0338266609481,93.8451139902464,94.02935859799358,2847.617909359996,0.0019342022868136,93.73777007873062,93.29151138989752,0.2965192385041685,0.0022311818846918463,0.0023694153215931732,1
2025-09-20 06:50:00,94.02935859799358,94.07905752080823,93.817509086653,93.8952076054896,8572.566225790586,-0.0014266926256246,93.76925758408242,93.34639286404224,0.2886832823803118,0.0045643920173996655,0.0023871565252893434,1
2025-09-20 07:50:00,93.8952076054896,94.02985278799947,93.87953364182862,93.99091954954912,2302.135106213282,0.0010193485535667,93.81358997717577,93.40498619908831,0.2888661229982219,0.0009592755194418601,0.0022328676706873463,0
2025-09-20 08:50:00,93.99091954954912,94.17299540293232,93.93236799393132,94.17228453912824,5804.079110576152,0.0019296011832665,93.88532888956628,93.4747405936374,0.2594759567451226,-0.0007000396354862604,0.002244464040001298,0
2025-09-20 09:50:00,94.17228453912824,94.259797418708,93.79980018096568,93.88900766904796,3936.3431057023367,-0.0030080704898113,93.8860646454626,93.51240123685656,0.2817208610616453,0.0025783763142432914,0.002333558780767603,1
2025-09-20 10:50:00,93.88900766904796,94.04872765968317,93.80580582473084,93.96352980627812,2118.0839453743206,0.000793725901256,93.90155767762572,93.55341292498578,0.2787141056295447,-0.0002127990509593891,0.002288095495697186,0
2025-09-20 11:50:00,93.96352980627812,94.02474353808594,93.86427542797024,93.86686827649366,3122.8232926385804,-0.0010287132676235,93.89461979739932,93.58190886603197,0.2747434186417337,0.0014507581458835794,0.0023021373461589102,1
2025-09-20 12:50:00,93.86686827649366,93.9268295855253,93.82944294186238,93.84269729629582,3618.6640277087618,-0.0002575027871031,93.88423529717862,93.60561690514685,0.2449667931021661,0.0045694624316594545,0.0022982648259949343,1
2025-09-20 13:50:00,93.84269729629582,93.93111717785384,93.82623866505368,93.87190124752524,1967.7145814902435,0.0003112011064345,93.88176848724795,93.62982457263578,0.2327806050868395,0.004147839371277051,0.0022793746471135162,1
2025-09-20 14:50:00,93.87190124752524,94.01801427649508,93.82109219781668,93.95543621538788,3482.102865279123,0.000889882560729,93.89650203287594,93.6594256310678,0.2317733575986693,0.00424545624425976,0.0022332293143801957,1
2025-09-20 15:50:00,93.95543621538788,93.98459011980202,93.83525260840064,93.87280452511511,10275.03949369462,-0.000879477479976,93.8917625313238,93.67882371234482,0.2085062176408588,0.0036415254746617887,0.002206061395005628,1
2025-09-20 16:50:00,93.87280452511511,94.14162732512904,93.82070988744424,94.10206787293164,1877.139554989014,0.0024422765355345,93.93382359964536,93.71730045421634,0.214034078126075,0.0005770738056876112,0.0020727715793546373,0
2025-09-20 17:50:00,94.10206787293164,94.28273260763014,94.01501760682604,94.2391551995266,4278.004451077541,0.0014567939865048,93.9948899196216,93.76474179469908,0.2164480113604859,0.00045914964494997434,0.0020730605633348586,0
2025-09-20 18:50:00,94.2391551995266,94.35612807502194,94.15571325241612,94.3237821415562,1489.3914462119938,0.0008980019170419,94.06066836400854,93.81556364441336,0.2172976321769074,-8.702153122741585e-05,0.0020701529174682906,0
2025-09-20 19:50:00,94.3237821415562,94.3708107266506,94.01420779246536,94.08108273772284,3561.1575195467803,-0.0025730457189377,94.0647512387514,93.83970174380514,0.2292897938543023,0.0015322757591484937,0.002146772888781297,1
2025-09-20 20:50:00,94.08108273772284,94.16586298228424,94.04263164674217,94.10636020738656,6824.365516681219,0.0002686774952855,94.07307303247843,93.86394342231252,0.2194100010962196,-0.0013206875177836919,0.002123658631674629,-1
2025-09-20 21:50:00,94.10636020738656,94.22021584398236,94.09946449225652,94.13108886258964,2007.2745433939624,0.0002627734740623,94.08467619850067,93.88822937142862,0.2172980157787196,-0.0016425841888089154,0.0021202572951192545,-1
2025-09-20 22:50:00,94.13108886258964,94.1580747793671,93.92865779158345,93.94353445631054,3093.7990864511144,-0.0019924810022422,94.05644785006264,93.89325710641788,0.2164972714060502,0.0009931894566037602,0.0021520039621888,0
2025-09-20 23:50:00,93.94353445631054,94.07463376580694,93.90886686386511,94.00304640027436,3146.725313666558,0.0006334863203545,94.045767560105,93.90323795131394,0.1954808188488732,-0.0005310748243315677,0.002019787178260779,0
2025-09-21 00:50:00,94.00304640027436,94.31481489483828,93.96422596732415,94.27150797607683,3228.87349540506,0.002855881655785,94.09091564329938,93.9367170444742,0.2031713254604312,-0.001073991831599952,0.0020333256776154914,0
2025-09-21 01:50:00,94.27150797607683,94.33032895906652,94.17831949059156,94.26126681537636,2604.8926083105944,-0.0001086347393854,94.12498587771478,93.96622156910168,0.2025671367718077,-0.0018756973090747753,0.0020367532787619698,-1
2025-09-21 02:50:00,94.26126681537636,94.38530236904931,94.2244010901174,94.35431990875064,3047.260193055156,0.00098718271585,94.17085268392196,94.00150323634249,0.2071038964338793,-0.0027796555891521635,0.0018593296178814782,-1
2025-09-21 03:50:00,94.35431990875064,94.39233008738972,94.14261435116254,94.21464473417127,2084.881407889495,-0.0014803262289893,94.1796110939718,94.0208797361451,0.2174494123929509,-0.00013352960235957223,0.0018927133936294048,0
2025-09-21 04:50:00,94.21464473417127,94.27313865935852,94.12294481902212,94.15637171136215,5634.271504956754,-0.0006185134272228,94.17496321744989,94.03319718843755,0.2141116810828102,4.970564095474472e-05,0.0018795561075322397,0
2025-09-21 05:50:00,94.15637171136215,94.32342498650672,94.075691522177,94.28242507417686,2895.5945237602045,0.0013387661453345,94.19645558879527,94.05585426895932,0.2211399634348337,-0.002837470583337942,0.001859327250856007,-1
2025-09-21 06:50:00,94.28242507417686,94.36886761132617,94.21478412307656,94.31557394160308,2554.8275152914084,0.0003515911624054,94.22027925935686,94.07946514829057,0.2092232527608908,-0.0010315537001712727,0.0017012808463527308,0
2025-09-21 07:50:00,94.31557394160308,94.31950580543204,94.17244472375248,94.2252409001963,3298.1559980776087,-0.0009577743911384,94.22127158752475,94.09271748937287,0.2006051156805668,0.0015473459466606165,0.0016807990221640982,1
2025-09-21 08:50:00,94.2252409001963,94.26060240352102,93.9466594043368,93.9820751121166,1510.7493199743135,-0.0025806862976053,94.17343229244312,94.08265909144048,0.2087142711504524,0.002562220835958806,0.0017016652574241857,1
2025-09-21 09:50:00,93.9820751121166,93.99231307039368,93.8974414603436,93.97647062434858,5072.137865974158,-5.96335818435767e-05,94.13403995882422,94.07300559443212,0.1900191765693699,0.004009544868109449,0.0015286237043097765,1
2025-09-21 10:50:00,93.97647062434858,94.12381547403812,93.92991216167738,94.03683818424864,2822.7028400337213,0.0006423688770071,94.11459960390911,94.0697176480518,0.1950671749135598,0.008066733818869576,0.0015111636131416438,1
2025-09-21 11:50:00,94.03683818424864,94.05576613272112,93.86424567870294,93.9531237489207,2438.3245545339496,-0.0008902302219467,94.08230443291144,94.05911820267625,0.2001221107915824,0.009629005379852451,0.0014718946422691069,1
2025-09-21 12:50:00,93.9531237489207,94.19121620421846,93.90215548910068,94.17026114655792,1955.0381395894235,0.0023111248351626,94.09989577564072,94.06922210666548,0.2043823770297348,0.00884765271706267,0.001507133907545898,1
2025-09-21 13:50:00,94.17026114655792,94.20148531188204,94.01463155490474,94.08446121086078,2151.4832982800176,-0.0009111149810195,94.09680886268474,94.07060747977415,0.2058885809608414,0.010885776208094056,0.0014796167332114369,1
2025-09-21 14:50:00,94.08446121086078,94.13576820627412,93.99922454084223,94.09204739605563,1538.8767338646085,8.063164838523207e-05,94.09585656935892,94.07255656307248,0.190599633669253,0.01063381031621402,0.001455898968645462,1
2025-09-21 15:50:00,94.09204739605563,94.243642178865,94.07090030378318,94.20206429012347,2869.4265466078036,0.0011692475306095,94.11709811351184,94.08432999280436,0.1920805198554569,0.011756672165885274,0.001459300914274272,1
2025-09-21 16:50:00,94.20206429012347,94.26157719905238,94.10600928266416,94.16105181416803,2965.201804745426,-0.0004353670619058,94.12588885364308,94.09130470383742,0.1916995653880491,0.013515605900278116,0.0014215427802785822,1
2025-09-21 17:50:00,94.16105181416803,94.2396805037392,94.00987139184356,94.01490146650312,3216.6419055972174,-0.0015521316388155,94.1036913762151,94.08435895498884,0.190277663650084,0.011701665781412407,0.0013434030704732784,1
2025-09-21 18:50:00,94.01490146650312,94.2420612981942,93.93586861425878,94.21828236231984,3560.545753044601,0.0021632836140255,94.12660957343604,94.09653381020075,0.2014204381928702,0.009787509998945954,0.0013891372405886785,1
2025-09-21 19:50:00,94.21828236231984,94.4212047853934,94.15762567445344,94.37103994477634,2752.0039806635777,0.0016213157216036,94.17549564770412,94.12148891334398,0.202552270093603,0.004669578620380532,0.0013995196918996815,1
2025-09-21 20:50:00,94.37103994477634,94.4391408858315,94.16187367321764,94.22287794317552,2379.26324100422,-0.0015699943720819,94.1849721067984,94.13070609787412,0.2113511075481946,0.0038756913576483143,0.0014312751456240457,1
2025-09-21 21:50:00,94.22287794317552,94.41138470954805,94.13902222212374,94.35327349986348,2139.477779795625,0.0013839054753412,94.21863238541142,94.15093949805495,0.2203012079585329,0.0033399162155065554,0.0014481822237056138,1
2025-09-21 22:50:00,94.35327349986348,94.87947603955033,94.30209946520488,94.79540832704907,1783.505453452767,0.004685951115265,94.33398757373897,94.20952757341809,0.2391178918986197,0.0035487548152377535,0.0016510874371259575,1
2025-09-21 23:50:00,94.79540832704907,94.92405605885747,94.76739537923964,94.857798882953,4883.990759468365,0.0006581601050619,94.43874983558176,94.26846132883033,0.2435313968677448,0.00374391247092265,0.001638597604205311,1
2025-09-22 00:50:00,94.857798882953,95.03198870317416,94.83505429279684,95.00344691345776,6746.066466472825,0.0015354354857473,94.55168925115696,94.33527820016008,0.2437479038689279,0.0008231043672348726,0.0016084081410628296,0
2025-09-22 01:50:00,95.00344691345776,95.155596926726,94.96839521638292,95.10864360026132,2815.642631592659,0.0011072933690436,94.66308012097784,94.40558414562383,0.2434394221778494,-0.002594096560486925,0.0016014656433049823,-1
2025-09-22 02:50:00,95.10864360026132,95.1528629301534,95.04027639271018,95.09260438032952,7470.009325584438,-0.0001686410332923,94.74898497284818,94.46804053059708,0.2308341237725234,-0.0018915542334183577,0.0015994649587304833,-1
2025-09-22 03:50:00,95.09260438032952,95.32398656046482,95.04735159795035,95.3095670773321,3191.3192001495686,0.0022815938044435,94.86110139374496,94.54454294393662,0.237247067025176,-0.003775625991542131,0.00155210722513197,-1
2025-09-22 04:50:00,95.3095670773321,95.50152776682891,95.25652166429371,95.433695481644,4555.254173363972,0.0013023708754356,94.97562021132477,94.6253749928191,0.2449943839611279,-0.004147293164994514,0.0015598801451258057,-1
2025-09-22 05:50:00,95.433695481644,95.44713751014972,95.07245597740148,95.11503242193656,2408.778059291542,-0.0033391042660476,95.00350265344711,94.66988930455705,0.2594186452230147,0.0002531289429210659,0.0016969359413903768,0
2025-09-22 06:50:00,95.11503242193656,95.14584740450944,95.05665653503236,95.14044474302456,2618.957062421905,0.0002671746036451,95.03089107136262,94.71266707169045,0.2546774275865055,0.0003530737247281479,0.0016435018842411739,0
2025-09-22 07:50:00,95.14044474302456,95.23437719344024,94.80288989098658,94.81171293528556,3865.462372505129,-0.0034552267295671,94.98705544414722,94.72167124110818,0.2690830126263626,0.00258914606583982,0.0017779610390464867,1
2025-09-22 08:50:00,94.81171293528556,94.90458452359734,94.53974411082712,94.58805673691263,3006.547522694207,-0.002358951140621,94.90725570270033,94.7095244679995,0.2732721361145615,0.005069194902846075,0.0017722086353013258,1
2025-09-22 09:50:00,94.58805673691263,94.69601472857752,94.52514755174444,94.6684055280118,3299.079238142082,0.0008494602159194,94.8594856677626,94.70578638254608,0.2666498551069257,0.003682544087260986,0.0017765485124514434,1
2025-09-22 10:50:00,94.6684055280118,95.15506444755748,94.66426584466706,95.13181398881213,1095.4628260362465,0.0048950698833014,94.91395133197253,94.74451616493388,0.2819020972695359,-0.0016274096468226196,0.001961608220039952,-1
2025-09-22 11:50:00,95.13181398881213,95.2429341699914,95.12405427148651,95.21293817915516,3773.868989098362,0.0008527556339099,94.97374870140906,94.78709998440854,0.2709390552038623,-0.0063205626062765585,0.001938118091974204,-1
2025-09-22 12:50:00,95.21293817915516,95.25226690385,95.02305607916888,95.0816446655146,3240.2494037738234,-0.0013789461406338,94.99532789423016,94.8138767736,0.2460700730849814,-0.0039129053742775755,0.0019547296639066307,-1
2025-09-22 13:50:00,95.0816446655146,95.13037631178749,94.81894480972151,94.8619225950253,2309.9458555834635,-0.0023108778909142,94.9686468343892,94.81824457554777,0.2571251318312763,-0.0001975342310736039,0.001998596983603361,0
2025-09-22 14:50:00,94.8619225950253,94.96844510959605,94.77216599305332,94.91273156194713,3937.3796560674054,0.0005356097107447,94.9574637799008,94.82683430158406,0.2570783251288041,-0.0020279387461444864,0.001999331318805189,-1
2025-09-22 15:50:00,94.91273156194713,94.99747674359476,94.86715885481615,94.9497137986323,1280.0000887567894,0.0003896446354094,94.95591378364708,94.83800516495208,0.2530151950170542,-0.001626975399267927,0.001988337519258382,-1
2025-09-22 16:50:00,94.9497137986323,95.1195526430698,94.8921491771875,95.0379039686628,1236.8341358195455,0.0009288092244019,94.97231182065023,94.85617778347124,0.2612164041912734,0.0017525180886623914,0.0019233896687074234,1
2025-09-22 17:50:00,95.0379039686628,95.1958801121378,95.01056869026186,95.13910878954944,3151.2825556324497,0.0010648890249096,95.00567121443008,94.8818987840238,0.2546932941456654,0.0028077617174020464,0.0019259169069180825,1
2025-09-22 18:50:00,95.13910878954944,95.21463053947674,95.07854068522408,95.17403633422228,1422.3882203676956,0.0003671207888868,95.03934423838852,94.90845674313276,0.2469135621254829,0.0031964437175142635,0.0019253500574911069,1
2025-09-22 19:50:00,95.17403633422228,95.25691380556538,95.04254000410712,95.05719430882748,3383.437443673052,-0.0012276670181818,95.04291425247632,94.92197834001408,0.2354630098904837,0.002690295826519362,0.0019334243954914464,1
2025-09-22 20:50:00,95.05719430882748,95.1081643813706,95.0481584274405,95.0675420319935,2889.1706816427663,0.0001088578643757,95.04783980837976,94.93521140292133,0.2333783730657005,0.0028415028378354634,0.0019009108095249265,1
2025-09-22 21:50:00,95.0675420319935,95.07842208927688,95.01446355786412,95.0170261050394,6714.614656763556,-0.0005313688128919,95.04167706771167,94.94264910311388,0.2071263179913499,0.0049880751060285,0.0018942919182183178,1
2025-09-22 22:50:00,95.0170261050394,95.0413029888946,94.97300716711776,94.976995557007,3148.0670862284214,-0.0004212986837555,95.02874076557076,94.94577150801324,0.1859445614918229,-0.0016750052239455915,0.001898326279297467,-1
2025-09-22 23:50:00,94.976995557007,95.00721229482708,94.54575612568082,94.61113884246627,2247.7787385279576,-0.0038520560941635,94.94522038094983,94.91535035659987,0.2067009180856211,0.005807342069525934,0.0020268518376697388,1
2025-09-23 00:50:00,94.61113884246627,94.75337205942856,94.57513040653711,94.70959918710776,4488.849525294456,0.0010406844885932,94.89809614218144,94.89664570482786,0.1843754216571227,0.004375890704151786,0.0020301893293180585,1
2025-09-23 01:50:00,94.70959918710776,94.85697411856674,94.66046739149398,94.84318411808734,3169.6965227717255,0.0014104687605704,94.88711373736264,94.89178556057873,0.1899201951262585,0.0021073554550605778,0.0020159867210975003,1
2025-09-23 02:50:00,94.84318411808734,94.84381844615466,94.69829003338296,94.72025435611025,2016.213045107012,-0.0012961370194407,94.85374186111216,94.87619181471796,0.1839428799898712,0.002699007713451662,0.0020042444412562074,1
2025-09-23 03:50:00,94.72025435611025,94.82591152763632,94.68459722226449,94.7952329501144,4220.359165883163,0.0007915793144122,94.84204007891262,94.8688319179358,0.1717916516545768,0.0016952817934987596,0.001990153948905443,1
2025-09-23 04:50:00,94.7952329501144,95.25244098015544,94.76551164693696,95.20445961447643,10340.604700955346,0.0043169540453305,94.9145239860254,94.89934352671224,0.192552381417133,-0.0034877665138671743,0.002096059764540027,-1
2025-09-23 05:50:00,95.20445961447643,95.497322609672,95.12116397064348,95.4062367370365,2252.0240014886936,0.0021194083068916,95.0128665362276,94.9454247276508,0.2101124350064143,-0.0024389024536900505,0.0021120059053893097,-1
2025-09-23 06:50:00,95.4062367370365,95.5034683340524,95.31285269599718,95.47825478473328,2794.177578365098,0.00075485681188,95.10594418592876,94.9938638237492,0.2074847330187655,-0.002192333521674028,0.0019605014157063655,-1
2025-09-23 07:50:00,95.47825478473328,95.5472761005139,95.28919151274862,95.31292628195716,1600.7168752477885,-0.0017315827897028,95.14734060513445,95.0228695017681,0.2126828162965759,-0.0006316374233391597,0.0019888262679990175,0
2025-09-23 08:50:00,95.31292628195716,95.42197059144452,95.22590076873917,95.33767672246344,1608.1468337435538,0.0002596755914623,95.18540782860023,95.05148834001312,0.2169670997574836,-0.0007666312929288654,0.001972912576910423,0
2025-09-23 09:50:00,95.33767672246344,95.57066407203816,95.30626469531944,95.49097816760282,2171.5005778858545,0.0016079838570606,95.24652189640076,95.0914419607031,0.220540355133232,0.000943434354658157,0.0019830230443987924,0
2025-09-23 10:50:00,95.49097816760282,95.58069309909452,94.77333451301968,94.81790859329436,2950.832651031338,-0.0070485148149503,95.16079923577948,95.06657529093866,0.2739226860007114,0.009293872846099616,0.002354331443334424,1
2025-09-23 11:50:00,94.81790859329436,95.211169518432,94.80153435377466,95.16057808931188,3402.270633339425,0.0036139744179271,95.16075500648596,95.07512099988168,0.2986138740896099,0.003951984001036246,0.0024087379065735673,1
2025-09-23 12:50:00,95.16057808931188,95.1736384834655,95.09615336164428,95.12403804178456,2704.6769196688365,-0.0003839830343719,95.1534116135457,95.07956800369102,0.2992702526642097,0.006583025340981097,0.00239670187545002,1
2025-09-23 13:50:00,95.12403804178456,95.19442061642836,95.03952478244268,95.0430524195139,2716.317500020737,-0.000851368633395,95.13133977473936,95.07624840512946,0.2773730858670272,0.008713363058941104,0.0023275546426432927,1
2025-09-23 14:50:00,95.0430524195139,95.06564903673028,94.92993935948094,94.97590505323748,3195.543056273733,-0.0007064942104346,95.10025283043898,95.0671262822302,0.2743350876068768,0.007052631920376307,0.0023300283802716046,1
2025-09-23 15:50:00,94.97590505323748,94.99622999758785,94.8985319796293,94.9559375826452,3710.2360630420426,-0.0002102372236523,95.07138978088022,95.05701821863155,0.2672773226701476,0.007986950122875314,0.0022462191236255116,1
2025-09-23 16:50:00,94.9559375826452,95.0184760242219,94.8001861390902,94.87240868826224,1997.1411691673752,-0.0008796595190299,95.03159356235663,95.04023553405251,0.2724745706958619,0.007614165032611586,0.002209973748464888,1
2025-09-23 17:50:00,94.87240868826224,95.20892744822136,94.80611102581696,95.1735502321612,4320.493221134002,0.0031741741151367,95.05998489631754,95.0523550520624,0.2911532933410439,0.00545742923961301,0.0022728499745362073,1
2025-09-23 18:50:00,95.1735502321612,95.33415991302178,95.09046879769204,95.26893460617778,2366.7310062245265,0.0010022151509943,95.1017748382896,95.07204410243654,0.2737791349204193,0.005546734614138016,0.002110074260060133,1
2025-09-23 19:50:00,95.26893460617778,95.3588544686922,95.2390146817011,95.25272307078951,3884.377970783665,-0.0001701660195452,95.1319644847896,95.08846946319588,0.2554706454891757,0.003365290398762655,0.0021052192016015503,1
2025-09-23 20:50:00,95.25272307078951,95.31770739482614,95.19155207107389,95.26458787609286,4414.946932149756,0.0001245613240317,95.15848916305023,95.1044802280047,0.2508663373246794,0.005447015018846146,0.002089822073707678,1
2025-09-23 21:50:00,95.26458787609286,95.66244592894977,95.21940935683612,95.58106763696604,2235.776370889199,0.0033221133679264,95.2430048578334,95.14780635609208,0.2640771933495622,0.003918961619426176,0.002120499956679742,1
2025-09-23 22:50:00,95.58106763696604,95.7753061558391,95.50752039498464,95.69913417929354,5092.457085670752,0.0012352502984789,95.33423072212544,95.1979270672922,0.269199760360211,0.0006514042845426893,0.00212726125416788,0
2025-09-23 23:50:00,95.69913417929354,95.71150281588496,95.52940172776428,95.5366511714502,3480.614282633676,-0.0016978524334289,95.3747148119904,95.2287201676702,0.2633213111746367,0.00034284884857105347,0.0021549867631391766,0
2025-09-24 00:50:00,95.5366511714502,95.76446096038556,95.49929423012264,95.75024199475008,1445.9673414792535,0.0022356951042439,95.44982024854234,95.27613124285928,0.2245933214737852,0.0024971510763112104,0.0021815648892463805,1
2025-09-24 01:50:00,95.75024199475008,95.96278175623424,95.72512433879204,95.8711970414751,1268.2245958240828,0.0012632348932513,95.53409560712888,95.33022813364254,0.2123091966727039,0.003002977284328079,0.0021842769119262,1
2025-09-24 02:50:00,95.8711970414751,95.88685025620283,95.58692834801528,95.64573515288258,1268.0010652921328,-0.0023517166317948,95.55642351627964,95.35891058993708,0.2281975385560132,0.003742486137962908,0.0022316140177495755,1
2025-09-24 03:50:00,95.64573515288258,95.80740486489468,95.59587341368346,95.71434591998866,1204.8668163800187,0.0007173426708091,95.58800799702144,95.39122289266903,0.2322429397864088,0.0043970505684116645,0.002219138810741532,1
2025-09-24 04:50:00,95.71434591998866,95.77767872341728,95.5031791249874,95.59478286505605,2571.193101187738,-0.0012491654598212,95.58936297062836,95.40972834470422,0.2421565055850172,0.00460121467222252,0.0022342215283419464,1
2025-09-24 05:50:00,95.59478286505605,95.76493137201626,95.57632786316144,95.69295314803598,4375.405922941282,0.0010269418480559,95.6100810061099,95.43547605409802,0.2486497549347512,0.0063164672616913276,0.0022353050511448105,1
2025-09-24 06:50:00,95.69295314803598,95.89178523026636,95.62325363265164,95.79736610340991,1617.740400253528,0.0010911248105429,95.6475380255699,95.46837514949,0.252238448683541,0.004441621196886958,0.002237210010340521,1
2025-09-24 07:50:00,95.79736610340991,95.87768300798162,95.51882835002952,95.57327614519563,2564.131676298567,-0.0023392079274119,95.63268564949506,95.47791160364504,0.2490983226512345,0.009297693481254088,0.002161986455885034,1
2025-09-24 08:50:00,95.57327614519563,95.8313868654614,95.4953000579322,95.78349551701812,6465.71796724655,0.0021995622657435,95.66284762299968,95.50569195940624,0.255698014951197,0.008688622527625478,0.0021840670372336697,1
2025-09-24 09:50:00,95.78349551701812,96.02797247217649,95.77701763621626,95.95564617257908,3354.41280034681,0.0017972893412556,95.72140733291556,95.54659688787648,0.2650633755918475,0.003432584685930884,0.0021911577337932536,1
2025-09-24 10:50:00,95.95564617257908,95.97863031843124,95.70017025416522,95.76147300532496,2844.657876436438,-0.0020235720877213,95.72942046739745,95.5661310803718,0.2759422856285444,0.010086509598803417,0.00221263478157444,1
2025-09-24 11:50:00,95.76147300532496,95.84489072133086,95.48078463098172,95.56940580230066,8463.399969101367,-0.0020056834653496,95.69741753437808,95.56642878236534,0.2703043940739361,0.010432971445299755,0.002249336242004953,1
2025-09-24 12:50:00,95.56940580230066,96.0527396348009,95.48764190974278,95.98934481460432,2001.780293358047,0.0043940736973122,95.75580299042332,95.60487569438706,0.291540962945627,0.005937461202536465,0.0022538636201435733,1
2025-09-24 13:50:00,95.98934481460432,96.16568368367,95.93278462286828,96.15909606841198,3593.2750067573347,0.0017684385088316,95.83646160602107,95.65525936475296,0.2951693895657011,0.005326271581093334,0.0022453566697964063,1
2025-09-24 14:50:00,96.15909606841198,96.21108864048526,95.94860088657283,96.00368799084752,3247.6593535744205,-0.0016161557660014,95.86990688298636,95.68693469439792,0.2949780341120944,0.004817781227808293,0.0022671099134365367,1
2025-09-24 15:50:00,96.00368799084752,96.23031407936668,95.99237430408458,96.13520673912129,3656.766946844864,0.0013699343330049,95.92296685421336,95.72768669846369,0.2949982025292316,0.004755869051520367,0.002249241867522138,1
2025-09-24 16:50:00,96.13520673912129,96.19751757574667,96.01534225274128,96.03463498256268,3336.7841743505414,-0.0010461490641147,95.94530047988324,95.7555910879272,0.2865877321590773,0.007480651496379664,0.0022612660318488504,1
2025-09-24 17:50:00,96.03463498256268,96.3243962809796,95.9736795522801,96.29739455377012,1523.2941458083542,0.0027360917366443,96.0157192946606,95.8048459484584,0.2965295376939544,0.0030436302274696736,0.002292024403604055,1
2025-09-24 18:50:00,96.29739455377012,96.37793645521154,96.14129356306144,96.22286171530077,4511.6604851089005,-0.0007739860337316,96.05714777878865,95.8428473818077,0.2938254872453996,0.0014508131502024568,0.001876953602468,1
2025-09-24 19:50:00,96.22286171530077,96.53603524571088,96.13468333519776,96.46188717179292,4722.514915480972,0.0024840817684197,96.13809565738951,95.8991237263518,0.309021801649564,-0.0026439921519131326,0.0018256624841239866,-1
2025-09-24 20:50:00,96.46188717179292,96.65416121258262,96.39893657320953,96.615722153942,1180.13819986355,0.0015947747515567,96.23362095670002,95.96426903795091,0.3080713046323038,-0.007188408232084886,0.0018308412227879083,-1
2025-09-24 21:50:00,96.615722153942,96.61656509642252,96.20830278886147,96.28502205415968,2743.262318188558,-0.0034228393931104,96.24390117619195,95.9934284030608,0.3116004224615157,-0.004101684963489949,0.0019444329248538758,-1
2025-09-24 22:50:00,96.28502205415968,96.81598283806936,96.1970441846146,96.72737202198871,1628.4275077341506,0.0045941721608604,96.34059534535132,96.06015055023607,0.3318041257419111,-0.010070363067134158,0.0020682958448434386,-1
2025-09-24 23:50:00,96.72737202198871,96.80497765095453,96.47409783989372,96.56647868408032,1603.1160815145245,-0.0016633692670966,96.38577201309712,96.10618038058554,0.3375130525348098,-0.009201384201995344,0.002101734819980513,-1
2025-09-25 00:50:00,96.56647868408032,96.612074476602,96.47369839688936,96.55927782529793,2469.6499844162677,-7.456892785695501e-05,96.42047317553728,96.14737105737755,0.3275070536381414,-0.008381863301410553,0.002089123287897995,-1
2025-09-25 01:50:00,96.55927782529793,96.72589672202088,96.48115094957532,96.67126552906478,2067.5777581259817,0.0011597819110606,96.4706316462428,96.19499782753095,0.3189813166450302,-0.00801949463761642,0.002037300752613281,-1
2025-09-25 02:50:00,96.67126552906478,96.68119320885889,96.44804908136342,96.4662127566502,6465.260071832846,-0.0021211346649115,96.46974786832428,96.21965373017817,0.2952703453905546,-0.008332484814014052,0.0020862040701653058,-1
2025-09-25 03:50:00,96.4662127566502,96.6436343053625,96.42440683737132,96.59241319361338,4811.49656010969,0.001308234596931,96.4942809333821,96.2535409541268,0.2942938030469437,-0.010373238185337641,0.0020897093995861232,-1
2025-09-25 04:50:00,96.59241319361338,96.75998775315584,96.58861382305716,96.75303661844926,5084.292679410912,0.0016628989744145,96.54603207039554,96.2989496508834,0.2877856727745335,-0.011241034928433868,0.002099919967596779,-1
2025-09-25 05:50:00,96.75303661844926,96.7725000286576,96.5329938553056,96.59048821466055,6000.548471976212,-0.0016800341309153,96.55492329924856,96.3254531566813,0.2878975583509537,-0.010253067524875314,0.002067983379224073,-1
2025-09-25 06:50:00,96.59048821466055,96.59396103399266,96.30382398114108,96.36246310842743,3204.683321646301,-0.0023607407980625,96.51643126108434,96.32881769774912,0.2956091104828238,-0.008625907160858093,0.002114411028449863,-1
2025-09-25 07:50:00,96.36246310842743,96.3660686982766,96.19691702901537,96.20684269915198,4710.370770720773,-0.0016149484379653,96.45451354869788,96.31772906151302,0.2826401776658045,-0.006051136631513132,0.0021120372430872996,-1
2025-09-25 08:50:00,96.20684269915198,96.2388015393319,95.85335811970263,95.92120890146178,1461.810357599901,-0.0029689551145899,96.34785261925066,96.28168177423564,0.2932687867714603,-0.003734976681744495,0.0021518804464632038,-1
2025-09-25 09:50:00,95.92120890146178,95.98307140131836,95.83981598184126,95.89009122699083,2451.7633622174576,-0.0003244086977981,96.2563003407987,96.24608263357702,0.2748333231260297,-0.004314631847016637,0.00214147314812156,-1
2025-09-25 10:50:00,95.89009122699083,95.94706311383666,95.70815962331154,95.75329226719754,2043.0893132861647,-0.0014266224804131,96.15569872607848,96.20128350936068,0.2736675267797456,-0.0019272198633294435,0.0021146612623246697,-1
2025-09-25 11:50:00,95.75329226719754,95.82979496332509,95.60277429955931,95.6779334126743,2404.573852688387,-0.0007870105845858,96.06014566339763,96.15370622784374,0.26072169508008,-0.00020475118786100754,0.002115776614288068,0
2025-09-25 12:50:00,95.6779334126743,95.82191422428131,95.60843196823348,95.74993115808336,1281.8846860439369,0.0007525010505664,95.99810276233478,96.11699940332008,0.2317605238367284,-0.00355391218716139,0.0021075240982918794,-1
2025-09-25 13:50:00,95.74993115808336,95.8990032379794,95.74279720433572,95.89601083354286,3011.416527557945,0.0015256373941232,95.9776843765764,96.09690953334032,0.2192838254497898,-0.007853169871307686,0.002116783088185392,-1
2025-09-25 14:50:00,95.89601083354286,95.96488593000042,95.58311327467284,95.66240950378996,2589.229431483753,-0.0024359858947456,95.91462940201912,96.05740953065391,0.23666929513657,-0.005396651351754822,0.0021533259880508124,-1
2025-09-25 15:50:00,95.66240950378996,95.68277639402967,95.53857424006245,95.59043708465948,9740.206161678672,-0.000752358418566,95.8497909385472,96.01495749010896,0.2294876081024049,-0.008146462491168682,0.002116672271394498,-1
2025-09-25 16:50:00,95.59043708465948,95.737291817725,95.5355221483152,95.66543235438922,1681.7259609955595,0.0007845478273451,95.8129192217156,95.9831824777708,0.2272465753819992,-0.011406793252402014,0.0020839341952853785,-1
2025-09-25 17:50:00,95.66543235438922,95.71129878766504,95.58548167239968,95.60013941673496,3775.731138620809,-0.0006825133807203,95.77036326071948,95.948360381313,0.2205744073301555,-0.00926597408846852,0.0020595091337305147,-1
2025-09-25 18:50:00,95.60013941673496,95.6751648067302,95.4678601632004,95.53124944786252,4230.257310309404,-0.0007206053180752,95.72254049814808,95.9104412055448,0.2231408868609504,-0.009507285569809842,0.0020332493542193153,-1
2025-09-25 19:50:00,95.53124944786252,95.68567978016242,95.44416192624467,95.62468194909292,2859.42711754068,0.0009780307676328,95.70296878833706,95.88446309132188,0.2232845783299311,-0.010978099648881301,0.0020100527481181104,-1
2025-09-25 20:50:00,95.62468194909292,95.68489892099431,95.48275598157842,95.56294542293008,1636.5822261596863,-0.0006456128784377,95.67496411525566,95.85523421237718,0.2169992845130965,-0.010065981552763614,0.0018471141239085028,-1
2025-09-25 21:50:00,95.56294542293008,95.62192531572924,95.45301502640538,95.47636078556953,2961.8478552094252,-0.0009060482279754,95.63524344931844,95.82079117357648,0.216982043088998,-0.00909486172233498,0.0018183781660300574,-1
2025-09-25 22:50:00,95.47636078556953,95.62796182575724,95.45185517605404,95.568754620361,3256.66067136342,0.0009677142491739,95.62194568352696,95.7978787596478,0.2020294166657064,-0.012326164093769965,0.001811786129982819,-1
2025-09-25 23:50:00,95.568754620361,95.7320249627662,95.5396968623663,95.65834324215598,1934.607091902445,0.0009374258579686,95.62922519525276,95.78519371260307,0.2055346081601925,-0.013316373421419003,0.001801741817819727,-1
2025-09-26 00:50:00,95.65834324215598,95.7009404104352,95.38066640184827,95.40964431082078,2163.508734605426,-0.0025998665971626,95.58530901836636,95.7510528578956,0.2113467880217488,-0.00967371924077054,0.001846932578712835,-1
2025-09-26 01:50:00,95.40964431082078,95.41882734444276,95.0767173376906,95.14292317048628,1737.9173031887635,-0.0027955364707743,95.49683184879036,95.6957683408584,0.2195674553779219,-0.00832337561777663,0.001821730303602659,-1
2025-09-26 02:50:00,95.14292317048628,95.21051902052648,95.07856631214234,95.1461528322292,3196.789864464356,3.3945370136789776e-05,95.42669604547812,95.64580329461936,0.2137439162590867,-0.010994374816768349,0.0018216242225772106,-1
2025-09-26 03:50:00,95.1461528322292,95.20288568633056,94.71732233396096,94.81171317443489,2042.179160848272,-0.0035150097806269,95.30369947126948,95.56997692005714,0.2372694390252253,-0.007082749542118738,0.0018292302914305941,-1
2025-09-26 04:50:00,94.81171317443489,94.8329799481981,94.4991189396386,94.57419654612106,4354.705225266656,-0.0025051401389282,95.1577988862398,95.4794514315175,0.2338471785417916,-0.00245204667079324,0.001818619574340649,-1
2025-09-26 05:50:00,94.57419654612106,94.77715917362111,94.49652871344024,94.71431100204552,2903.971626416265,0.0014815294344703,95.06910130940096,95.4098932106564,0.243592057557052,-0.0038686553204949625,0.0017851050142623948,-1
2025-09-26 06:50:00,94.71431100204552,94.75225571329524,94.61616298801108,94.62300657852096,3923.623627970063,-0.0009639981810414,94.97988236322496,95.33835806228043,0.2389008472623643,-0.003587195187282455,0.001523440500882604,-1
2025-09-26 07:50:00,94.62300657852096,94.63405202578384,94.52015272830768,94.5749046617632,3251.0063728146115,-0.0005083532905694,94.8988868229326,95.26895320768796,0.238049574563135,-0.002217993396234741,0.0015131854238630616,-1
2025-09-26 08:50:00,94.5749046617632,94.66837088083224,94.48218437007677,94.60101057717512,2017.6741879786505,0.000276034276802,94.83931157378112,95.20823115036862,0.2365411365078265,-0.002353451276683627,0.0015187447057852963,-1
2025-09-26 09:50:00,94.60101057717512,94.67488820970333,94.51267177984369,94.608016486473,2515.9390291002524,7.405744669242154e-05,94.7930525563195,95.15366618092357,0.230876749075106,-0.006218107632738001,0.0014891028034396759,-1
2025-09-26 10:50:00,94.608016486473,94.61063552952876,94.34794983402746,94.3907584686732,3747.617186942885,-0.0022964017835725,94.71259373879025,95.08431093435534,0.2352012316526353,-0.0019067771390994803,0.0014949124644428313,-1
2025-09-26 11:50:00,94.3907584686732,94.39130191962852,94.37905229883413,94.38452102266916,5138.949416033844,-6.608110905392817e-05,94.64697919556605,95.0206936696566,0.2240111839005304,-0.00032088517141815043,0.001455212647956432,0
2025-09-26 12:50:00,94.38452102266916,94.54508356196972,94.30979821031818,94.48667819889612,2742.628909826354,0.0010823509524664,94.61491899623203,94.97214680867836,0.2282382340396996,-0.0022915095595804624,0.001427892286003692,-1
2025-09-26 13:50:00,94.48667819889612,94.56497273107696,94.2632508952639,94.35101288356506,879.6922321629418,-0.0014358142112425,94.56213777369864,94.91568008821352,0.2360520722834971,0.00016234018590677302,0.0014233482721266275,0
2025-09-26 14:50:00,94.35101288356506,94.42905531594154,94.06271303893898,94.10008036561815,5969.5374050415385,-0.0026595635836635,94.46972629208256,94.84153465888669,0.2393426628846151,0.0009853487032205344,0.001435309917720372,0
2025-09-26 15:50:00,94.10008036561815,94.20060179082247,94.01444654316012,94.14018555636116,1442.3555405686714,0.0004261971996961,94.40381814493828,94.77777564956617,0.228203037235344,-0.0013063184020500884,0.0014405707222997996,-1
2025-09-26 16:50:00,94.14018555636116,94.38096462627524,94.06548564063186,94.3422962023372,3308.754569865718,0.0021469114893024,94.39151375641808,94.738186608909,0.2413120570395749,-0.004778893908489623,0.0014617699577674694,-1
2025-09-26 17:50:00,94.3422962023372,94.41462821421698,94.27869390437093,94.34789397886044,1612.3331705080095,5.933474961450358e-05,94.38278980090656,94.70270546072275,0.2163385540021798,-0.006922423717651616,0.00146497569141202,-1
2025-09-26 18:50:00,94.34789397886044,94.3775266302816,94.27733547143654,94.28357538471629,3049.457969515987,-0.0006817173275595,94.3629469176685,94.66460272654037,0.199647850451148,-0.007647255792962437,0.0014557563940369937,-1
2025-09-26 19:50:00,94.28357538471629,94.43170899558102,94.272660342008,94.36513814777388,3555.5261658534723,0.0008650792327804,94.3633851636896,94.6373786739252,0.1909634356934424,-0.006607595921244602,0.0014737825842054797,-1
2025-09-26 20:50:00,94.36513814777388,94.44025917031996,94.31945308872636,94.3783717080567,2413.5841462964963,0.0001402378096675,94.36638247256302,94.613832586119,0.1898715325726883,-0.006684647055696713,0.0014618536313740077,-1
2025-09-26 21:50:00,94.3783717080567,94.45426343634452,94.00224684222088,94.01973365704026,4608.895067089616,-0.0038000025273356,94.29705270945848,94.55982359256636,0.2140227680475094,-0.0043274060071277765,0.0015312165717894057,-1
2025-09-26 22:50:00,94.01973365704026,94.2838171326768,93.95648328213856,94.21077632828288,2092.829989661582,0.0020319422722414,94.27979743322337,94.52809202308605,0.2241047208891343,-0.004309842682529985,0.0015632908900640547,-1
2025-09-26 23:50:00,94.21077632828288,94.40642617640631,94.137009157763,94.35423442946158,2339.136985636032,0.0015227355804692,94.294684832471,94.512286787302,0.2317619058022546,-0.001705849459755382,0.0016016071225512496,-1
2025-09-27 00:50:00,94.35423442946158,94.42280515961144,94.19250566471256,94.27016107255034,3115.266474964197,-0.0008910395746372,94.28978008048688,94.4902753586882,0.2294486057592227,0.0017033149710599105,0.0015887862450588244,1
2025-09-27 01:50:00,94.27016107255034,94.40660042577902,94.22580062977836,94.36632984453706,3435.905439065631,0.0010201401047009,94.30509003329692,94.47900758467446,0.2414879039882415,-0.0008291144357999158,0.0016093950858505352,0
2025-09-27 02:50:00,94.36632984453706,94.4597565559528,94.12289286224546,94.19280175777936,4003.5685254173177,-0.0018388771402214,94.2826323781934,94.45298887313854,0.2487434998493682,0.005283113576086684,0.001628505613641498,1
2025-09-27 03:50:00,94.19280175777936,94.26314328924188,94.00880288045386,94.01720849959648,3723.5187064464462,-0.001864189777839,94.22954760247404,94.4133724755438,0.2453591122047222,0.006633920222002043,0.0016262027979275725,1
2025-09-27 04:50:00,94.01720849959648,94.02337609845928,93.81982543107075,93.89144437770292,3452.287733222022,-0.0013376713040156,94.1619269575198,94.36592446664916,0.2337311400894322,0.007873941207380275,0.0016324024160401566,1
2025-09-27 05:50:00,93.89144437770292,93.92633739391432,93.63703820971097,93.6947778798707,4070.3459818258134,-0.0020946157462555,94.06849714199,94.30491114057838,0.2410985641280742,0.01110284995169919,0.0016541425226472139,1
2025-09-27 06:50:00,93.6947778798707,93.70470562930042,93.483972896794,93.5625647666743,4516.238325569086,-0.0014111043986455,93.96731066692686,94.2374251065871,0.2343309746182912,0.012801900319324044,0.001635358855030947,1
2025-09-27 07:50:00,93.5625647666743,93.81624301047364,93.48520480063196,93.74161144584096,1448.365836631359,0.0019136572368783,93.92217082270967,94.19235113742836,0.2482669674751209,0.012466341043563922,0.0016747786336506125,1
2025-09-27 08:50:00,93.74161144584096,93.75990895197288,93.6910006281703,93.747485603497,3854.847257354537,6.266328864490411e-05,93.88723377886716,94.15190881616186,0.2460324792578002,0.013339619049050233,0.0016395750106095116,1
2025-09-27 09:50:00,93.747485603497,93.79614734931948,93.587140759103,93.61287209682423,2450.4681400319155,-0.0014359159161038,93.83236144245858,94.10290547804026,0.2496009033037611,0.014483831609707787,0.001596497629258468,1
2025-09-27 10:50:00,93.61287209682423,93.8410078058438,93.58643971436166,93.80474270330896,5747.218822616018,0.0020496177735715,93.82683769462868,94.0757997712465,0.2591553325815131,0.011465697318987944,0.0016570736121433605,1
2025-09-27 11:50:00,93.80474270330896,94.22003013801088,93.7528835116517,94.19328030963446,2672.780994452084,0.0041419825387121,93.90012621762985,94.08647982019085,0.2602360491697644,0.006946256349138258,0.0017493254549435515,1
2025-09-27 12:50:00,94.19328030963446,94.4479203824125,94.13158879389246,94.43073284922944,2156.8385684864293,0.0025209074236975,94.00624754394975,94.11777555010345,0.2594501733113229,0.006963934787756809,0.0017615493723538405,1
2025-09-27 13:50:00,94.43073284922944,94.4678856559999,94.206656644416,94.2880893582095,5092.686119816146,-0.0015105621519181,94.06261590680172,94.13325862356764,0.2588653156642217,0.010075011081471574,0.0017572609652189777,1
2025-09-27 14:50:00,94.2880893582095,94.742300455739,94.22771131434942,94.69043302751552,1895.677895042599,0.0042671738503203,94.18817933094448,94.18391084210836,0.2791717189849884,0.006096083007714359,0.001914377943872091,1
2025-09-27 15:50:00,94.69043302751552,94.73373874627468,94.63072280133063,94.64091116027814,2445.777334505026,-0.0005229870183717,94.27872569681122,94.22545632557832,0.2736157296238001,0.008120605584984286,0.0019145109656889176,1
2025-09-27 16:50:00,94.64091116027814,94.64787676327244,94.60086821982868,94.63074009060897,4542.428949483074,-0.0001074701156665,94.34912857557076,94.26230030421746,0.2529117903192609,0.008910499747214473,0.0019140799381806121,1
2025-09-27 17:50:00,94.63074009060897,94.8027568560635,94.58994543701932,94.7350569399287,1462.348200640998,0.0011023569003039,94.42631424844237,94.3052781801912,0.2499454339089867,0.010201399546531764,0.0019237696754185682,1
2025-09-27 18:50:00,94.7350569399287,94.80288378468268,94.66421473165958,94.76034339443756,3361.343583035991,0.0002669176050096,94.4931200776414,94.3466477451227,0.2453110328828874,0.007032684065735095,0.001875958772888416,1
2025-09-27 19:50:00,94.76034339443756,94.9223317002642,94.74334848629027,94.91022634409808,5200.4801823062335,0.0015817054296294,94.57654133093274,94.39788216321136,0.237431320723643,0.006195631628760578,0.001893114364049934,1
2025-09-27 20:50:00,94.91022634409808,95.07995701262962,94.893958836799,94.99804134825396,5578.331281635773,0.0009252428061599,94.660841334397,94.45244208912432,0.2349502809610878,0.00865851141234697,0.0018908886028602102,1
2025-09-27 21:50:00,94.99804134825396,95.00711485130437,94.94976577208048,94.96874517277575,2587.6918136100876,-0.0003083871526446,94.72242210207274,94.49937873309264,0.2154010573455299,0.007747032141527832,0.0018703873076079923,1
2025-09-27 22:50:00,94.96874517277575,95.01953902598837,94.82991337038594,94.88027949023063,5574.120706529035,-0.0009315241807624,94.75399357970431,94.53400607465062,0.2240237239026622,0.006169598382503638,0.0018089314251188426,1
2025-09-27 23:50:00,94.88027949023063,94.91834973924492,94.77869468476416,94.84757098103142,2873.090265830491,-0.0003447345367758,94.77270905996976,94.56251197523068,0.2190700427786842,0.008705571075456664,0.001811773206359474,1
2025-09-28 00:50:00,94.84757098103142,95.15154108556048,94.76104244629651,95.08834231475156,4024.67434250897,0.0025385081687361,94.83583571092612,94.61031473336897,0.2287793676202432,0.004770782189953415,0.0018263634153998013,1
2025-09-28 01:50:00,95.08834231475156,95.31484975972242,95.01924060836404,95.23804290334424,6420.398962283,0.0015743316683045,94.91627714940977,94.66738093063942,0.2165266908344735,0.00586909905597488,0.0018408988273904503,1
2025-09-28 02:50:00,95.23804290334424,95.29238739969452,95.2073699856152,95.26767376728768,2803.735034741953,0.0003111242423734,94.98655647298534,94.72195300669836,0.2000042498029941,0.003382640166363915,0.0018322502403813272,1
2025-09-28 03:50:00,95.26767376728768,95.41592348882192,95.25922421638458,95.4094526720143,2057.5525367305477,0.0014882162975129,95.07113571279112,94.78445297627252,0.1925378398639543,0.0005278413793370351,0.0018414507868174254,0
2025-09-28 04:50:00,95.4094526720143,95.47402626436656,95.33894119099794,95.47394727626506,7403.330888729465,0.0006759770907864,95.15169802548591,94.84713427627185,0.1654304064338845,0.000571606817851178,0.0018419584391715538,0
2025-09-28 05:50:00,95.47394727626506,95.78667335262227,95.41884879430282,95.70148710683635,2132.858285852561,0.00238326619002,95.26165584175602,94.92480271541407,0.1843453073892738,-0.0014960621496593607,0.0017108848012744268,-1
2025-09-28 06:50:00,95.70148710683635,95.7244842461972,95.36689646349411,95.4267629514912,7932.359681032324,-0.0028706362215505,95.29467726370306,94.97043546414837,0.2065295387649379,0.004489361656702773,0.0017920018910903678,1
2025-09-28 07:50:00,95.4267629514912,95.56893193546006,95.35996633926992,95.4982551443284,3046.799076118543,0.0007491838832835,95.33539283982812,95.01841907143744,0.206254837132505,0.00194176903955956,0.0017815886562752915,1
2025-09-28 08:50:00,95.4982551443284,95.83439864077285,95.46335143008704,95.82058297341842,3843.3533361106015,0.0033752221818386,95.4324308665462,95.09134306252663,0.2228532769655546,-0.003067426919738825,0.0018421408102289771,-1
2025-09-28 09:50:00,95.82058297341842,95.87562970198124,95.65594462334472,95.70447109406982,1591.604787175986,-0.0012117634410637,95.48683891205091,95.1470819744851,0.2257605530128827,0.0001627267768307128,0.001864381166780392,0
2025-09-28 10:50:00,95.70447109406982,95.71799083237283,95.40930674568692,95.46565270910506,3322.6380984323196,-0.0024953733324539,95.48260167146177,95.17604295035964,0.2345238323596886,0.0004728633281110284,0.0018936690997236644,0
2025-09-28 11:50:00,95.46565270910506,95.70963010894867,95.41740726376192,95.6732732515412,4363.0646639404285,0.0021748192836303,95.52073598747764,95.2212457050125,0.2513005299284653,0.0005673677640471997,0.001870890337668646,0
2025-09-28 12:50:00,95.6732732515412,95.71644379129364,95.48254801667846,95.54198808473896,4475.717990308068,-0.0013722240531801,95.52498640692993,95.25040410316946,0.2544626812865189,0.0019525284986923186,0.0018720230809675903,1
2025-09-28 13:50:00,95.54198808473896,95.82603412640282,95.49787519643382,95.79700441104116,2726.428307395711,0.00266915448814,95.57939000775217,95.3000950402487,0.267927243821391,-0.003012437978590299,0.0018444362922388476,-1
2025-09-28 14:50:00,95.79700441104116,95.86965852476446,95.49496551300048,95.58993002712896,1776.882130149639,-0.0021615956071412,95.58149801162752,95.32644367541964,0.2667982704285369,0.0002797107788310438,0.0018765754865591533,0
2025-09-28 15:50:00,95.58993002712896,95.63759760435867,95.42446218616789,95.45981372911449,7195.258991716638,-0.0013611925228688,95.55716115512492,95.33856822575554,0.2609072894879948,0.00047351333538547813,0.0018958661585418357,0
2025-09-28 16:50:00,95.45981372911449,95.56931739565272,95.4565903121604,95.52852083545534,2277.31938409277,0.0007197490091048,95.551433091191,95.35583664481916,0.2628865515889223,-0.002038896324348949,0.001893756820799093,-1
2025-09-28 17:50:00,95.52852083545534,95.56479113124648,95.48676040528092,95.5583117343097,5860.8009917489035,0.0003118534506116,95.55280881981474,95.37424347113648,0.2572673696980782,-0.00044110518908879737,0.001858313609029574,0
2025-09-28 18:50:00,95.5583117343097,95.91940010422176,95.5381565600478,95.85516820210889,1959.990777905085,0.0031065478492815,95.61328069627358,95.41796390122488,0.2748501176127454,-0.002179193784120348,0.001893156663746519,-1
2025-09-28 19:50:00,95.85516820210889,95.91542252228206,95.5972054348892,95.68369069949962,3793.676261532985,-0.0017889228700502,95.6273626969188,95.4421208828862,0.2713067268322727,-0.0006359586211515111,0.0018324038223072245,0
2025-09-28 20:50:00,95.68369069949962,95.69352154787796,95.51300258650431,95.5266603377407,2823.044374044456,-0.0016411403093981,95.60722222508318,95.44980628787296,0.2586589538801687,0.00206293360417642,0.0018314821946151074,1
2025-09-28 21:50:00,95.5266603377407,95.7802211788956,95.44534480133564,95.72004477417924,4191.337157679051,0.0020244027767202,95.6297867349024,95.47437342299172,0.2676525811208715,-0.001555067573206781,0.0018214561723577899,-1
2025-09-28 22:50:00,95.72004477417924,95.72663533532118,95.5067759241232,95.51079491536537,2490.823481468452,-0.0021860610210487,95.605988370995,95.47768446775297,0.2568534525860266,0.002479826959485454,0.0017433647617437775,1
2025-09-28 23:50:00,95.51079491536537,95.74425798613277,95.44537198611964,95.727555182665,3706.513617738572,0.0022694844859338,95.630301733329,95.5003999872904,0.2625106612557825,-0.0006032710745590419,0.001771989350724451,0
2025-09-29 00:50:00,95.727555182665,95.80599118600568,95.63425702849888,95.72853653929614,1799.941845343839,1.0251558490992352e-05,95.64994869452242,95.5211396738364,0.2527285234572756,-0.0037337445503037303,0.0017711130661912538,-1
2025-09-29 01:50:00,95.72853653929614,95.7754177064814,95.44367132434682,95.50842187671816,4480.167750765061,-0.0022993630795519,95.62164333096158,95.519983510462,0.2555516332392632,-0.0020475195581060035,0.0018264663345625577,-1
2025-09-29 02:50:00,95.50842187671816,95.69149116535527,95.42442466989998,95.61666756090524,3683.711406850166,0.0011333627135712,95.62064817695033,95.5287729695932,0.2579209704421298,-0.003635142596175034,0.0018330481271176295,-1
2025-09-29 03:50:00,95.61666756090524,95.67547755712468,95.47960150894475,95.50501522390864,2201.1176167974527,-0.0011677078886427,95.59752158634198,95.52661317453097,0.2484721931714801,-0.0032071478132955633,0.0018346362857180657,-1
2025-09-29 04:50:00,95.50501522390864,95.5770407206834,95.30750926943824,95.33374808545344,5735.246912925093,-0.001793279002717,95.54476688616428,95.50907998461484,0.2409606531344203,-0.002418596683167351,0.0018625499003124444,-1
2025-09-29 05:50:00,95.33374808545344,95.56427099499392,95.27700766047464,95.51616046714312,1664.218938897091,0.0019134082667784,95.53904560236006,95.50972366484469,0.2462555043007402,-0.0035921418433961794,0.0018876190920093926,-1
2025-09-29 06:50:00,95.51616046714312,95.6911540097812,95.45992361993734,95.64628121538703,2614.429892297643,0.0013622903978502,95.56049272496546,95.52213798762124,0.2547200261829943,-0.007769710301126498,0.0018875480494378995,-1
2025-09-29 07:50:00,95.64628121538703,95.6920560774245,95.61337872955608,95.62283983149568,2073.319594512828,-0.000245084111933,95.57296214627152,95.53129270070076,0.254766213461772,-0.006575031125010344,0.001886612004051701,-1
2025-09-29 08:50:00,95.62283983149568,95.74282611523344,95.61871319744968,95.72372549544616,2186.7058183627037,0.0010550373125111,95.60311481610644,95.54878659113214,0.2363997401481867,-0.008871205213401345,0.001846520198462103,-1
2025-09-29 09:50:00,95.72372549544616,95.74544884276202,95.530788660538,95.57119363644502,2677.9884384615257,-0.001593459283074,95.59673058017415,95.55082359525149,0.2290028183504132,-0.01029626078812984,0.0018558964216326254,-1
2025-09-29 10:50:00,95.57119363644502,95.75796849087172,95.50914713280272,95.74764515951838,1481.1296185759825,0.0018462835542747,95.626913496043,95.56871646473029,0.2338815609715122,-0.011602897289196723,0.001880914571044595,-1
2025-09-29 11:50:00,95.74764515951838,95.76681659947364,95.61097171110885,95.66980551758505,2940.80298143606,-0.0008129666458498,95.6354919003514,95.57790637862615,0.2210935974575716,-0.007050830602250757,0.001872417793331164,-1
2025-09-29 12:50:00,95.66980551758505,95.72600432920257,95.33499610115656,95.371110637684,3995.8019190343,-0.0031221436929348,95.58261564781792,95.55910676581324,0.2333185129467178,-0.003175877788164083,0.0019525355173804619,-1
2025-09-29 13:50:00,95.371110637684,95.45052939923686,95.28622930769464,95.31286651496174,7368.2103592968415,-0.0006107103328546,95.52866582124668,95.5367212884631,0.2237052337702252,-0.001747882934120204,0.0019042103415396353,-1
2025-09-29 14:50:00,95.31286651496174,95.39824498117991,95.19050947109584,95.26908733975029,4705.438769574863,-0.0004593207277486,95.47675012494742,95.5123909294892,0.2262767589543151,0.0010340254119662884,0.0018386528488326865,0
2025-09-29 15:50:00,95.26908733975029,95.27718248332488,95.11810954209967,95.19871652317453,1096.8194388528282,-0.0007386532036859,95.42114340459284,95.48387507436968,0.2139429417465034,-0.0011767811004423923,0.0018366012429922981,0
2025-09-29 16:50:00,95.19871652317453,95.22647322239222,95.05990414093516,95.10317419854005,1624.327162614836,-0.0010036093775617,95.35754956338228,95.4492659038397,0.2067645550323413,-0.0022307577727851413,0.0017295974581494572,-1
2025-09-29 17:50:00,95.10317419854005,95.19702156755608,95.03645123171366,95.17305287040855,3461.2053178774386,0.0007347669776263,95.32065022478754,95.42415562807324,0.2042427184368083,0.0014597713153059466,0.0017283067287197041,1
2025-09-29 18:50:00,95.17305287040855,95.26737191106658,94.85131429035536,94.9031373189634,5201.5780931357685,-0.0028360501560531,95.23714764362272,95.37679032724506,0.2147088733986706,0.0003943299601349981,0.0017440541472209352,0
2025-09-29 19:50:00,94.9031373189634,95.03807371563452,94.86068928516472,94.99411668334172,3388.2506483545394,0.000958654971253,95.18854145156652,95.34200181416294,0.2068603802522791,0.002355490156008999,0.0017037989168031547,1
2025-09-29 20:50:00,94.99411668334172,95.00815116885522,94.85196485266252,94.87454068278475,1905.0634909188288,-0.0012587726980564,95.12574129781018,95.299505347674,0.2015000892771945,0.004332259917815273,0.0017014429413330868,1
2025-09-29 21:50:00,94.87454068278475,94.94209448071152,94.56656072093485,94.58716770293132,3453.764049226219,-0.0030289788786884,95.0180265788344,95.23474737997012,0.2227041186992135,0.00836454991755664,0.0016876920516151037,1
2025-09-29 22:50:00,94.58716770293132,94.64303246972273,94.4977464437942,94.63669506705004,3807.278768099173,0.0005236161027071,94.94176027647754,95.18037898788648,0.2242164835666967,0.007262535325130326,0.001663643070366495,1
2025-09-29 23:50:00,94.63669506705004,95.03376911540364,94.62590277323856,94.99525392513029,3282.956612039979,0.0037887931084892,94.95245900620807,95.16354943672684,0.2380169235624874,0.004369377397813734,0.00180218331875936,1
2025-09-30 00:50:00,94.99525392513029,95.106832261783,94.9220312443708,95.06822364577724,5188.540413186242,0.0007681406978969,94.97561193412191,95.1548834557314,0.233444042087002,0.005876647887299358,0.0018029575685177452,1
2025-09-30 01:50:00,95.06822364577724,95.14822259351976,95.05071183502864,95.14627078217816,1274.69147905127,0.0008209592375651,95.00974370373318,95.15410048540838,0.2292773185245969,0.0060996979987142375,0.0018093933367851912,1
2025-09-30 02:50:00,95.14627078217816,95.40032496381738,95.14351184514057,95.36759799703442,2379.0409369900344,0.0023261785568344,95.08131456239344,95.17350935010164,0.2196919535696549,0.0035592264197814583,0.0017691276905535218,1
2025-09-30 03:50:00,95.36759799703442,95.38914429856628,95.02296808015475,95.08668847278368,1773.3114400678253,-0.0029455447148775,95.0823893444715,95.16561654307274,0.2341116769174626,0.005541376902847395,0.0018147538528246719,1
2025-09-30 04:50:00,95.08668847278368,95.0979242355308,94.8106149592922,94.89102205348011,1586.3796930833,-0.0020577687838984,95.04411588627325,95.14065340765524,0.2397955173570715,0.011148411609755993,0.0018269249065995606,1
2025-09-30 05:50:00,94.89102205348011,95.32946613079726,94.82139238037148,95.31198376297888,2209.191970024111,0.0044362648898594,95.09768946161437,95.15622889450285,0.2647241465856841,0.007632886806897776,0.0019663806290868197,1
2025-09-30 06:50:00,95.31198376297888,95.39979537886164,94.85602814201238,94.94056046931908,1935.5060198513384,-0.0038969212369291,95.06626366315533,95.13662267403156,0.2916668719708438,0.008787278313046265,0.0020456997895029277,1
2025-09-30 07:50:00,94.94056046931908,95.2848975953564,94.93593526492684,95.2178743900681,6151.588314526997,0.0029209214626308,95.09658580853788,95.14400919367124,0.305123443012782,0.005634911973209977,0.002073960094148065,1
2025-09-30 08:50:00,95.2178743900681,95.3757815398424,95.1360423057312,95.28556185260592,2679.752640310155,0.0007108692876351,95.13438101735149,95.15687761721075,0.2925292725413503,0.001209616410501102,0.0020795575102518582,1
2025-09-30 09:50:00,95.28556185260592,95.42495043684212,95.25446840014718,95.3783467887428,2077.81376712953,0.000973756509726,95.18317417162976,95.17701117825914,0.2920362444145752,0.001026013916212598,0.0020503558180323474,0
2025-09-30 10:50:00,95.3783467887428,95.44217027747096,95.2926815169958,95.32399740802808,3391.4462261398457,-0.0005698293432899,95.21133881890944,95.19037356278358,0.2915578475776073,-0.0009170317676630013,0.0020409843836821863,0
2025-09-30 11:50:00,95.32399740802808,95.48405362671706,95.30382997110728,95.41032404053033,1565.538788192839,0.0009056128031721,95.2511358632336,95.21036906076056,0.2776071258513986,-0.0014254693179573952,0.0020387001990321185,-1
2025-09-30 12:50:00,95.41032404053033,95.70626817832066,95.31755423257498,95.6269061214145,4565.159752969183,0.0022700067635466,95.3262899148698,95.24823606627454,0.2949948344097665,3.2217751587459986e-05,0.0020517651042420222,0
2025-09-30 13:50:00,95.6269061214145,95.7885722182548,95.5700205507694,95.72663429965334,2727.903026532572,0.0010428882652777,95.4063587918265,95.29172681476352,0.2814723576469313,0.003189179847543633,0.002032600057898788,1
2025-09-30 14:50:00,95.72663429965334,95.75812193624664,95.64945973000978,95.70703287141656,1569.2661171478246,-0.0002047646235573,95.46649360774452,95.32948191082288,0.276033871134406,0.007122871624288374,0.0020193145226919647,1
2025-09-30 15:50:00,95.70703287141656,95.7472425296922,95.54433979924865,95.613599652055,3728.703264226396,-0.0009762419391592,95.49591481660664,95.35531079638945,0.283561869131009,0.007715718740587185,0.0020265555248076255,1
2025-09-30 16:50:00,95.613599652055,95.9780903226311,95.58315173197715,95.94890622540274,2265.4497204993127,0.0035068920589536,95.58651309836586,95.40927401720882,0.2934279742722318,0.004132644181512379,0.002112307458403307,1
2025-09-30 17:50:00,95.94890622540274,96.06840778647106,95.88217043575064,96.03948934638258,2322.82124756182,0.0009440766397799,95.6771083479692,95.46656631986096,0.2805751980085804,0.005076868593014261,0.002095189963119069,1
2025-09-30 18:50:00,96.03948934638258,96.11274748414876,95.75940180076589,95.77482959735958,3177.413954694094,-0.0027557388197729,95.69665259784728,95.49459025417904,0.2852920842331719,0.005498803890180426,0.002132948477365445,1
2025-09-30 19:50:00,95.77482959735958,95.81602564784846,95.75124579463277,95.7544187305323,4154.89725156758,-0.000213113058129,95.7082058243843,95.5182110247566,0.2536282344324527,0.005676564273668028,0.0021281031777715762,1
2025-09-30 20:50:00,95.7544187305323,95.78901037741252,95.34927003396476,95.40082083190664,2280.58781147967,-0.0036927580294829,95.64672882588876,95.50753918904296,0.2461977420466295,0.007070127339459331,0.002157552781232325,1
2025-09-30 21:50:00,95.40082083190664,95.4959156153114,95.38229541122524,95.4762062998534,3916.3583704146135,0.0007901972675852,95.6126243206817,95.50469074457118,0.2293875901649573,0.0041718276709348245,0.0021587225954430634,1
2025-09-30 22:50:00,95.4762062998534,95.54392127371432,95.23373616875534,95.23658227418429,8046.21022022783,-0.0025097774090077,95.53741591138224,95.48031724726329,0.2344194380826567,0.007905042568663312,0.002204452202285226,1
2025-09-30 23:50:00,95.23658227418429,95.30748824443371,95.21643437065649,95.27431955099418,8449.523400976721,0.000396247701343,95.48479663930462,95.46159018396608,0.2287459978742489,0.0060050257374619775,0.0022014504828871758,1
2025-10-01 00:50:00,95.27431955099418,95.69219147636996,95.23219813680528,95.629987005321,4175.251001091675,0.0037330883705388,95.5138347125079,95.47689898590744,0.2509248963806446,0.003004509992618587,0.0022874710593564227,1
2025-10-01 01:50:00,95.629987005321,96.1263747383979,95.54859302536688,96.03192375263497,3043.095995876742,0.0042030409069446,95.61745252053332,95.52735578288268,0.2793219004821635,-0.003342179150861546,0.0023945023078572416,-1
2025-10-01 02:50:00,96.03192375263497,96.4805323854995,96.0157248111768,96.3887417801012,6010.814275696325,0.0037156188642577,95.7717103724469,95.60566360081162,0.2847571596662358,-0.0035008073346322055,0.002399250849590824,-1
2025-10-01 03:50:00,96.3887417801012,96.48032549825597,96.29749366296242,96.35132729474536,4098.174579943379,-0.0003881624001402,95.8876337569066,95.67345120935106,0.2822057430811031,0.0006772157423788894,0.002402544435536888,0
2025-10-01 04:50:00,96.35132729474536,96.37287082384285,96.2824223571429,96.34542891443762,3396.910018459741,-6.121742661291396e-05,95.9791927884128,95.73454009163166,0.2809047616856079,-0.002556832870499348,0.002384388111552868,-1
2025-10-01 05:50:00,96.34542891443762,96.53174384676151,96.33568404313388,96.52706921353436,6002.105636302806,0.0018853027190115,96.08876807343712,95.80658819362282,0.2804159811987564,-0.004056161650156653,0.002307882845594621,-1
2025-10-01 06:50:00,96.52706921353436,96.54930175831404,96.23641009109367,96.30147660293092,2452.609631144447,-0.0023370916825866,96.13130977933588,95.85157804901446,0.2745554866677854,0.0021605210256956386,0.002367071367965668,1
2025-10-01 07:50:00,96.30147660293092,96.38465203176972,96.26574075705184,96.29797484294389,2406.265021153218,-3.636247449767538e-05,96.16464279205748,95.89215957573532,0.2697464812390353,0.004420798896854761,0.002293566570586107,1
2025-10-01 08:50:00,96.29797484294389,96.38439193454634,95.9944136841269,96.07531678347718,11887.663270507352,-0.0023121780061298,96.14677759034144,95.9088102309846,0.2723630931702183,0.008777237854419306,0.002342950532197812,1
2025-10-01 09:50:00,96.07531678347718,96.12374068549585,95.85912539491004,95.87451657921102,3172.234704333432,-0.0020900290624978,96.09232538811536,95.9056926262779,0.2866370529823671,0.014840078885738572,0.002379579463574222,1
2025-10-01 10:50:00,95.87451657921102,96.06045852778614,95.78490023315514,95.98943151115571,1638.7573012849582,0.0011985972502899,96.07174661272344,95.91330525217587,0.2749097637811703,0.01435099547871399,0.002355937897597044,1
2025-10-01 11:50:00,95.98943151115571,96.04710799284692,95.79819958088346,95.84644429201708,1970.619194888832,-0.0014896141886415,96.02668614858216,95.90722698307052,0.2845732072009771,0.01721185758695354,0.0023066588953845222,1
2025-10-01 12:50:00,95.84644429201708,95.921600550027,95.80353947453229,95.91730825687247,3217.170747328657,0.0007393489177283,96.00481057024022,95.90814346250708,0.2708500622392447,0.01553362024142757,0.002269025604458654,1
2025-10-01 13:50:00,95.91730825687247,95.94047985409196,95.6211816548818,95.71096785925178,1981.1084094055484,-0.0021512321537225,95.94604202804254,95.89021840766569,0.2871532283415965,0.016400691498280606,0.0021824567268793056,1
2025-10-01 14:50:00,95.71096785925178,96.12922821852902,95.6662111124212,96.05130336590145,1791.1579303200033,0.0035558673604696,95.96709429561432,95.90486249477802,0.2873692116661063,0.01239539309607518,0.002135708458105555,1
2025-10-01 15:50:00,96.05130336590145,96.51015778110664,96.00772578944628,96.41657793038846,2758.8713546325116,0.0038029110661363,96.05699102256916,95.95138207983352,0.2819870887110584,0.007616680247537033,0.0021750759892624257,1
2025-10-01 16:50:00,96.41657793038846,96.48393001791122,96.07577820101513,96.09908975486682,4969.737113787158,-0.0032928795269092,96.0654107690287,95.96481005029108,0.2779402488948739,0.009972897004049353,0.0022693320540492965,1
2025-10-01 17:50:00,96.09908975486682,96.21733758967795,96.07814513326308,96.1355398171884,3056.064608681829,0.0003792966448958,96.07943657866063,95.98033093819085,0.2748231504035416,0.0076310444624503315,0.0022658004264120616,1
2025-10-01 18:50:00,96.1355398171884,96.59696186493896,96.0699895206508,96.50953796793708,6351.393162400719,0.003890321430138,96.16545685651596,96.02844066816776,0.3060034273741304,0.004083565753608909,0.0023494056099757016,1
2025-10-01 19:50:00,96.50953796793708,96.73108246618476,96.48101559403254,96.72368882389893,5845.58559136727,0.0022189605345843,96.27710324999256,96.0916450459615,0.3098610751258864,0.0021197820068028506,0.0023701018071569982,1
2025-10-01 20:50:00,96.72368882389893,96.99748565101416,96.70941018550062,96.91859269082444,3715.773628268904,0.0020150582478337,96.40540113815894,96.1668221045854,0.3080884892896855,0.002326017137151304,0.0023641382344957575,1
2025-10-01 21:50:00,96.91859269082444,97.30406300737194,96.90107261472832,97.29730196837856,5371.819372548243,0.0039074987269185,96.58378130420289,96.26959300129388,0.3283798548558069,0.001990387039190633,0.0024413768063955704,1
2025-10-01 22:50:00,97.29730196837856,97.46148491916588,97.27449290322272,97.36697540877664,2191.628998110037,0.0007160881030465,96.74042012511764,96.36935503833776,0.3138808381075009,0.0012480617234746916,0.002438085460992477,1
2025-10-01 23:50:00,97.36697540877664,97.5687237992924,97.34080123872911,97.49613964138716,4187.045600784339,0.0013265712739687,96.89156402837156,96.47179000225134,0.3112599288201778,-0.0009263385706917981,0.0024258310200211412,0
2025-10-02 00:50:00,97.49613964138716,97.57761823091202,97.39269805213286,97.40725129791468,1458.6308785851306,-0.0009117114154411,96.99470148228018,96.55683193822072,0.3047857776879041,-0.0036021801053311986,0.0023810982878074423,-1
2025-10-02 01:50:00,97.40725129791468,97.43254865682724,97.19848401440233,97.28069391611322,3295.7961116052807,-0.0012992603745113,97.0518999690468,96.6226375725746,0.303725508435153,-0.0023048740025558567,0.0023997706001154125,-1
2025-10-02 02:50:00,97.28069391611322,97.30417993204053,97.19386305130556,97.24189702851216,7071.782759482506,-0.0003988138451654,97.08989938093988,96.67893388675073,0.3031723516665983,-0.0016957014963099315,0.002334952583752332,-1
2025-10-02 03:50:00,97.24189702851216,97.29858548226106,97.14362412295552,97.15095217504596,5370.2463389717095,-0.0009352435138069,97.10210993976108,96.7218446402321,0.2914340059591254,-0.0005354462159503637,0.002345312107978075,0
2025-10-02 04:50:00,97.15095217504596,97.19734157987531,97.02662909415804,97.057476079175,3099.678780957204,-0.0009621737489773,97.09318316764389,96.7523565892269,0.2705551045026603,1.1997001335251056e-05,0.0022366833596527604,0
2025-10-02 05:50:00,97.057476079175,97.14777766986462,96.82889535048984,96.86915439595504,2643.4688499765543,-0.0019403109459215,97.04837741330611,96.76297457165674,0.257444413625119,0.004681307354123199,0.0022785450751562244,1
2025-10-02 06:50:00,96.86915439595504,96.90680583911178,96.80388190884392,96.90364101207956,6991.190379800575,0.0003560123585217,97.0194301330608,96.775762429877,0.2356424217231005,0.0031267236387519937,0.002213642834399014,1
2025-10-02 07:50:00,96.90364101207956,96.98470533208446,96.8927814928384,96.92872195909943,2826.470862415563,0.0002588235772973,97.00128849826854,96.78966784162448,0.2322660919253272,0.0008674423131744824,0.002214073582390387,0
2025-10-02 08:50:00,96.92872195909943,97.16290492501332,96.8468401387448,97.14402699833188,4974.391215454622,0.0022212718261496,97.02983619828122,96.82188231041606,0.2172012663524946,-0.0029764051757027454,0.002159201893362634,-1
2025-10-02 09:50:00,97.14402699833188,97.57433553559444,97.09057682441566,97.49096125716464,6023.22279360289,0.0035713390679048,97.12206121005792,96.88270766921138,0.2338935405686766,-0.007021720887389837,0.0021268359281096157,-1
2025-10-02 10:50:00,97.49096125716464,97.5119874132646,97.4798594145805,97.48849540391484,1331.7926205464992,-2.5293147364435775e-05,97.1953480488293,96.93777928145715,0.2156115786522881,-0.003551604743891379,0.0020440838246783286,-1
2025-10-02 11:50:00,97.48849540391484,97.51996556557248,97.34379723767697,97.40582520674378,2223.332732507315,-0.0008479995185949,97.2374434804122,96.98032891102866,0.199410002598855,-0.003232516431539434,0.0020510928206999954,-1
2025-10-02 12:50:00,97.40582520674378,97.47129466624328,97.0531000306432,97.05637283517434,4970.792648651422,-0.0035875921263202,97.20122935136465,96.9872419950419,0.2159244754314916,0.0016193576478544802,0.002165034997275009,1
2025-10-02 13:50:00,97.05637283517434,97.118520984394,97.01453939693472,97.05647417375538,3950.188721756789,1.0441208349032394e-06,97.1722783158428,96.9935358294704,0.207071548781207,0.0019995108350308044,0.002144143013998519,1
2025-10-02 14:50:00,97.05647417375538,97.14820127700008,97.00751238851971,97.0770037982169,4530.431734523079,0.0002115224629402,97.15322341231764,97.00112382662915,0.2039121709027215,0.005351438454857194,0.0020946547668696954,1
2025-10-02 15:50:00,97.0770037982169,97.13085545815996,97.03372322729732,97.09893306532786,1382.4739925311987,0.0002258955906442,97.14236534291967,97.01001557560176,0.1941312843625573,0.00656673325982271,0.0020939998151782895,1
2025-10-02 16:50:00,97.09893306532786,97.1070961266202,97.05225860860902,97.05864047784512,3712.069074949992,-0.000414964265937,97.12562036990477,97.01443602126024,0.1901684727394307,0.009388632265230568,0.002045081284511839,1
2025-10-02 17:50:00,97.05864047784512,97.33696105381884,97.00095904884265,97.3226286808165,3407.208680868124,0.0027198835845185,97.16502203208712,97.04245353576536,0.2030999474301933,0.005720041082696525,0.0020389632608673307,1
2025-10-02 18:50:00,97.3226286808165,97.34108737216076,97.1956505276121,97.20663191711316,7773.141370054896,-0.0011918786542827,97.17334400909232,97.0573788431606,0.2012945444895757,0.00599904972083487,0.0020551570939521327,1
2025-10-02 19:50:00,97.20663191711316,97.24011156936528,97.00231130152672,97.01280203388868,3294.8214973931113,-0.0019939985513515,97.1412356140516,97.05332640595408,0.1955029693798451,0.008970652204473017,0.002071950076210944,1
2025-10-02 20:50:00,97.01280203388868,97.07180413850116,96.82350232440804,96.85488701358544,1914.7636492389515,-0.0016277750667181,97.08396589395838,97.03528646119328,0.2058871039387944,0.010869085258227384,0.0021007668559027645,1
2025-10-02 21:50:00,96.85488701358544,96.86333227941668,96.74269431004409,96.8064069381735,5128.853460440497,-0.0005005434099071,97.0284541028014,97.01447923182783,0.2079381132335456,0.010371828430945307,0.0020583166909452265,1
2025-10-02 22:50:00,96.8064069381735,97.19485335888643,96.72301517175228,97.14225480116346,2580.9539011842426,0.0034692730947494,97.05121424247382,97.02609519267654,0.2190647847239495,0.007458258073668178,0.002054028945709138,1
2025-10-02 23:50:00,97.14225480116346,97.15154355252284,97.03072716040332,97.09095927623532,1558.011514082238,-0.000528045442564,97.05916324922612,97.03199192754552,0.193140333362574,0.008722858302841141,0.001960052334013468,1
2025-10-03 00:50:00,97.09095927623532,97.25480412329776,97.07813403830856,97.213541814798,3463.278376586857,0.0012625535835311,97.0900389623405,97.0484964627503,0.2034647680986532,0.008662189690961108,0.001859559398146451,1
2025-10-03 01:50:00,97.213541814798,97.30554921364944,97.18861837951076,97.25053964547568,3501.5238462720613,0.0003805830955954,97.12213909896754,97.06686402481624,0.1992335185445922,0.0057471633932191235,0.0018595597967862253,1
2025-10-03 02:50:00,97.25053964547568,97.64685150199264,97.15988695001454,97.59650540942498,4207.225629290684,0.0035574688347284,97.21701236105903,97.11501324159885,0.2041456554287362,-0.001346662191800574,0.001840015891747291,-1
2025-10-03 03:50:00,97.59650540942498,97.82417812790835,97.5127856641348,97.73655585858124,5387.626636120338,0.0014349945069112,97.32092106056348,97.17151711586996,0.2189607180226127,-0.005462577171296168,0.0018194563531076205,-1
2025-10-03 04:50:00,97.73655585858124,97.99117666522356,97.69117704493546,97.96988836145482,7272.718072225385,0.0023873616255847,97.45071452074176,97.24409632001404,0.2303400560088795,-0.010105090813181339,0.0018317463532963505,-1
2025-10-03 05:50:00,97.96988836145482,98.0253130412152,97.87065772892085,97.8793181151468,4834.389700810549,-0.0009244702410385,97.53643523962276,97.3018437559352,0.234448847539717,-0.008990888826922006,0.0017240710508549981,-1
2025-10-03 06:50:00,97.8793181151468,97.9636145366586,97.76647471999482,97.78977933517882,9356.461711427795,-0.0009147875331807,97.58710405873398,97.34620153586644,0.2446132974434738,-0.008393439832285465,0.0017320382122733016,-1
2025-10-03 07:50:00,97.78977933517882,97.97927675964272,97.71134082808936,97.88307014031608,6124.31743328087,0.0009539934108808,97.64629727505042,97.3950077726346,0.239751435056126,-0.008478394573048664,0.00172502088468455,-1
2025-10-03 08:50:00,97.88307014031608,97.97194266121382,97.85094309931962,97.90761103821208,1259.909982708896,0.0002507164707934,97.69856002768276,97.44160806950526,0.2380059148665217,-0.012050245043344177,0.0017146888778947142,-1
2025-10-03 09:50:00,97.90761103821208,97.91956944055808,97.71471180949156,97.8104663819525,2012.6087678310564,-0.0009922074007266,97.72094129853672,97.4751406433641,0.235652869382807,-0.012924680604456396,0.00170709278931955,-1
2025-10-03 10:50:00,97.8104663819525,97.87512380659528,97.74803719975934,97.86676680732856,3984.106343198068,0.0005756073706488,97.7501064002951,97.51074302190632,0.2269946402930074,-0.013798232770155239,0.0017052878339577984,-1
2025-10-03 11:50:00,97.86676680732856,97.95880989755123,97.8384834561084,97.93786995648884,2805.2160995547224,0.0007265300722589,97.78765911153386,97.549572743232,0.226972388298026,-0.016404118011682733,0.0016948219121312308,-1
2025-10-03 12:50:00,97.93786995648884,98.14918931047418,97.85576933130632,98.05562395452796,2063.805166215039,0.0012023336641018,97.84125208013268,97.59557739880437,0.2142282305861463,-0.018868435039043896,0.001687916843094123,-1
2025-10-03 13:50:00,98.05562395452796,98.11969182059109,97.8056814280993,97.80945438689696,6053.898995464221,-0.0025105094200934,97.83489254148554,97.61502076135824,0.2280278020413076,-0.018479335165093147,0.0017153473261179877,-1
2025-10-03 14:50:00,97.80945438689696,97.83482613168064,97.44798947769674,97.46507588553824,3133.11718037,-0.0035209122013554,97.76092921029608,97.60138940901096,0.2430396998266429,-0.01707975432623432,0.0018436237091104335,-1
2025-10-03 15:50:00,97.46507588553824,97.47340820127376,97.109317769509,97.20266237974704,2581.321229109805,-0.0026923849738688,97.64927584418628,97.56514149725967,0.2606939567999343,-0.014911612943377839,0.0019122066126862293,-1
2025-10-03 16:50:00,97.20266237974704,97.21599048814318,96.91612461979298,96.97989374260509,1760.3240397001507,-0.0022917956328359,97.51539942387004,97.51193715592746,0.2473297651122276,-0.014456456822271369,0.0019163676719196113,-1
2025-10-03 17:50:00,96.97989374260509,97.06607013099187,96.88892701233928,96.99929604751858,1925.2613140726096,0.0002000652317168,97.41217874859976,97.46533341879936,0.2377405261750159,-0.012829280414638045,0.0017999328410228986,-1
2025-10-03 18:50:00,96.99929604751858,97.0429915857808,96.88460813700344,96.96898670611652,4215.39614156466,-0.0003124697048029,97.32354034010312,97.42021099037366,0.2276250853528196,-0.014873830526035858,0.0017999738995996605,-1
2025-10-03 19:50:00,96.96898670611652,97.06471853034785,96.94542675931844,97.05317884964508,2681.2295127407338,0.0008682378396271,97.26946804201152,97.3868444321256,0.2250991181196084,-0.01606744323405973,0.001804541537304045,-1
2025-10-03 20:50:00,97.05317884964508,97.10356160985091,96.69432494088102,96.7278003335932,2521.0326738738013,-0.0033525796878425,97.16113450032786,97.326931332259,0.2402488932843312,-0.016429567958790692,0.0017903617541901273,-1
2025-10-03 21:50:00,96.7278003335932,96.74482701616289,96.48596932463042,96.54629734419284,6299.212887851497,-0.0018764304447572,97.03816706910088,97.25596460607116,0.2396004475685527,-0.013940985658857263,0.0018173537817720669,-1
2025-10-03 22:50:00,96.54629734419284,96.61964116537344,96.43264203063951,96.51637837845854,4549.728131596573,-0.0003098924200857,96.9338093309724,97.18872949447002,0.2443147027713895,-0.013679257530213151,0.0018162238656555744,-1
2025-10-03 23:50:00,96.51637837845854,96.55637939409506,96.23609084897144,96.33128557990976,2942.792670389605,-0.0019177346027532,96.81330458075988,97.11078004769182,0.2525597680611814,-0.014885782137393,0.0018401680738233317,-1
2025-10-04 00:50:00,96.33128557990976,96.33722628575806,96.1369021941625,96.20546778372903,3508.166954120095,-0.0013060948519818,96.69173722135372,97.0284789327861,0.2577910169725825,-0.009014518510424896,0.0018495209049474066,-1
2025-10-04 01:50:00,96.20546778372903,96.25549260177183,95.91704188266046,96.0020006969666,2089.9860939598366,-0.0021149222746864,96.5537899164763,96.93516272952978,0.2733713225203362,-0.007977465573219988,0.0017936774606465821,-1
2025-10-04 02:50:00,96.0020006969666,96.06258692081316,95.71061892944216,95.80039633402546,2716.315147119075,-0.0021000016820221,96.40311119998614,96.8320021481203,0.2775533233919905,-0.005479705547507652,0.001813274072943841,-1
2025-10-04 03:50:00,95.80039633402546,95.81884249855862,95.72745677310992,95.75321390127442,2672.1095696483185,-0.0004925076988882,96.2731317402438,96.73393048931612,0.2616515614603421,-0.00403436755314468,0.0017914251849122014,-1
2025-10-04 04:50:00,95.75321390127442,95.8218229553887,95.5161287897958,95.57790809608665,2659.6477688680066,-0.0018308085759767,96.13408701141238,96.62883754447708,0.2558556694324129,-0.0015056530602055584,0.0017962422963751828,-1
2025-10-04 05:50:00,95.57790809608665,95.76233112456528,95.52040951831415,95.75486487850247,4913.9619054508785,0.0018514402118734,96.0582425848304,96.54938548393392,0.2471293247528671,-0.008559592202367683,0.0018401326285133683,-1
2025-10-04 06:50:00,95.75486487850247,95.8473853534882,95.44693626832051,95.52668643156832,1834.846843789146,-0.002382943647027,95.951931354178,96.45641284280978,0.2543138402398303,-0.004675943593027143,0.0017373147098359138,-1
2025-10-04 07:50:00,95.52668643156832,95.60650565138415,95.4160798350642,95.49378240779336,6120.395761630233,-0.0003444484992004,95.86030156490106,96.368900985081,0.2552626043589277,-0.004689236618148129,0.001737598901340942,-1
2025-10-04 08:50:00,95.49378240779336,95.53276496273628,95.11813137837748,95.13860436450808,2360.6280242539106,-0.0037193839675188,95.71596212482248,96.2570558377562,0.2735661854718886,0.0005709932024688946,0.001795263218710265,0
2025-10-04 09:50:00,95.13860436450808,95.22109135065914,95.08844166837632,95.20034679750168,2641.072337452574,0.0006489734993067,95.61283905935832,96.16099137955123,0.2745203219899882,-0.0010620621749034553,0.0018009593642502725,0
2025-10-04 10:50:00,95.20034679750168,95.24109219817188,95.10473071058044,95.19610598273611,1415.321416221661,-4.454621131322334e-05,95.52949244403388,96.07327452529532,0.255029237605813,-0.002385634763498179,0.0016333639553949184,-1
2025-10-04 11:50:00,95.19610598273611,95.2107863368056,94.84899029959328,94.89731904975224,2504.0352987212636,-0.0031386465853768,95.40305776517756,95.96636948206412,0.2623819765829469,-0.0008040425919794147,0.0016337027450081735,0
2025-10-04 12:50:00,94.89731904975224,95.377220542792,94.82253538030676,95.33822181358852,3344.692816277868,0.0046461034753273,95.39009057485976,95.90926514856632,0.2886452642794716,-0.005734044727062404,0.0018194280375342562,-1
2025-10-04 13:50:00,95.33822181358852,95.40753519344294,95.16931085595296,95.23614804144631,3084.1463300804003,-0.0010706490031018,95.35930206817709,95.8480726842827,0.2827835351627824,-0.003687478760643792,0.0018198072263834642,-1
2025-10-04 14:50:00,95.23614804144631,95.33976111589408,95.14677931889771,95.27543837078048,2162.6836066453707,0.0004125568929675,95.34252932869776,95.79601501941886,0.2822590855485539,-0.005472832281443241,0.001833441935647409,-1
2025-10-04 15:50:00,95.27543837078048,95.4224288385893,95.22608473058904,95.3669102420018,2349.016619210666,0.0009600781983845,95.34740551135856,95.75700549419912,0.2721086133263303,-0.0075699520188696745,0.001833631308393136,-1
2025-10-04 16:50:00,95.3669102420018,95.51610499397728,95.29651221662384,95.43400092627373,7085.082811808121,0.0007035006597326,95.3647245943416,95.72764144256954,0.2626532408965037,-0.011076594850342292,0.0018438139926552344,-1
2025-10-04 17:50:00,95.43400092627373,95.52575219048158,94.90288901213692,94.93524228374967,2867.21263877744,-0.0052262153706555,95.27882813222324,95.65560515540407,0.3006159161033577,-0.008078581678078844,0.002003246091832804,-1
2025-10-04 18:50:00,94.93524228374967,95.12948735755106,94.9027874051278,95.08000903418552,2209.6266164976105,0.0015248999944945,95.23906431261568,95.6032782352933,0.2949734723055255,-0.010731715408902165,0.0020330684583385627,-1
2025-10-04 19:50:00,95.08000903418552,95.11446039460355,95.03111047143013,95.04598946652126,6640.033504228103,-0.0003577993734941,95.2004493433968,95.5526156199504,0.2836469235142616,-0.012924233541377839,0.0020140255828538216,-1
2025-10-04 20:50:00,95.04598946652126,95.26342703109,95.02566493290357,95.1929278608926,4515.366544211823,0.0015459715364749,95.19894504689596,95.51991673276332,0.2720264244441728,-0.013411661412873088,0.0020266616311592537,-1
2025-10-04 21:50:00,95.1929278608926,95.27336783951353,95.07222639736564,95.09923811013036,3181.1971170450247,-0.0009842091515366,95.17900365954286,95.48167322161488,0.2727918262890258,-0.0101742057858768,0.0020059616866896393,-1
2025-10-04 22:50:00,95.09923811013036,95.19422619829588,94.9633967995878,94.96900284295404,3895.6800676385865,-0.0013694669880058,95.13700349622508,95.4350668235548,0.2596629558854023,-0.007803973749739734,0.001949712842661869,-1
2025-10-04 23:50:00,94.96900284295404,94.97147952425992,94.8157960547848,94.82101756337158,2309.7917235445316,-0.0015582482194443,95.0738063096544,95.37924416353812,0.2613082263991403,-0.00704147153134016,0.0019245094753255953,-1
2025-10-05 00:50:00,94.82101756337158,94.8248190746878,94.74051602781904,94.7915481855108,7299.623944731763,-0.0003107895128955,95.01735468482568,95.32581725644474,0.2575897663475197,-0.007271535355423797,0.0019058533846104586,-1
2025-10-05 01:50:00,94.7915481855108,94.96801904335592,94.74787524249388,94.88496676829796,2093.8237424655513,0.0009855159513203,94.99087710152014,95.28573993934047,0.2474717494653557,-0.006291870202455918,0.0019229495146700568,-1
2025-10-05 02:50:00,94.88496676829796,94.9051522361746,94.73160022944828,94.75401187603622,3684.8259488370263,-0.0013801437332168,94.94350405642336,95.23740102449464,0.220247952625432,-0.005590353611111376,0.0019255081645376715,-1
2025-10-05 03:50:00,94.75401187603622,94.78477081948051,94.56404816241898,94.644987307282,2023.6535553950189,-0.0011506063605711,94.8838007065951,95.18354523202076,0.2189978325948282,-0.004128508572022294,0.001904751603467038,-1
2025-10-05 04:50:00,94.644987307282,94.72823802158476,94.31659178356718,94.3769171630662,2422.1630841357123,-0.0028323755102367,94.78242399788932,95.11021540757037,0.234616721239201,-0.0038769118360881816,0.0018842240924420762,-1
2025-10-05 05:50:00,94.3769171630662,94.4483521417784,94.08291937107334,94.1683001748322,3689.415261778068,-0.0022104662295074,94.6595992332779,95.0245867500487,0.246694482860972,-0.004111721500698384,0.0018914806667763699,-1
2025-10-05 06:50:00,94.1683001748322,94.23320648895556,94.02135478497644,94.0596374361548,1832.2722545263073,-0.0011539205706768,94.53960687385327,94.93686408514924,0.2461415490485186,-0.0018917439931558366,0.0018906371174127656,-1
2025-10-05 07:50:00,94.0596374361548,94.06468381246586,93.78150076676545,93.8175929014846,4419.725908946439,-0.0025733092457909,94.39520407937955,94.83511215936156,0.2218786824310734,0.0042928301980373895,0.0019065828594019827,1
2025-10-05 08:50:00,93.8175929014846,94.00464369736572,93.75306747323744,93.91623254352226,3965.21386093967,0.0010513981331969,94.2994097722081,94.7515776488307,0.2236555589814333,0.0038003866484710436,0.0019327285693489771,1
2025-10-05 09:50:00,93.91623254352226,94.17306125889884,93.87297863143051,94.1316788915178,3012.283951260627,0.0022940267317017,94.26586359607003,94.69522321634771,0.2391364664310689,0.0016074890485127113,0.001988666715757392,1
2025-10-05 10:50:00,94.1316788915178,94.31543293728784,94.04762418748736,94.22786723772867,2147.3364834945296,0.0010218488328646,94.25826432440178,94.65273630920052,0.2412826558320731,-0.0015376573474417121,0.001989925418211253,-1
2025-10-05 11:50:00,94.22786723772867,94.2394727734823,94.07939442950548,94.1533380676264,2310.1491971652563,-0.0007909461636678,94.23727907304672,94.60733646905742,0.2383495773912827,-0.0010051463026947705,0.001990515080983851,0
2025-10-05 12:50:00,94.1533380676264,94.17163592324668,94.0641008700456,94.1022680914845,1151.7639476629836,-0.0005424128043683,94.21027687673428,94.56142116200532,0.2295428384264966,0.0013481328755429178,0.001976218548737342,1
2025-10-05 13:50:00,94.1022680914845,94.35327266033238,94.08351321578468,94.28796287322749,4309.778301015146,0.0019733295010748,94.22581407603292,94.536561317571,0.2376911223602503,-0.0003549547276827658,0.0019809773596712143,0
2025-10-05 14:50:00,94.28796287322749,94.3380612671308,94.1454112916979,94.22430344357772,4973.525308288385,-0.0006751596673625,94.22551194954188,94.50817423811704,0.2454301886862617,0.002784050780759051,0.0019508441824120893,1
2025-10-05 15:50:00,94.22430344357772,94.28552052228817,94.16863878551491,94.25424466588494,2114.229277911824,0.0003177653876227,94.2312584928105,94.48508973155047,0.2380543269656334,0.003030761553556305,0.001955255978869906,1
2025-10-05 16:50:00,94.25424466588494,94.34385172489078,93.96700593969354,94.0110261758632,1572.20698243816,-0.002580451319555,94.18721202942103,94.4419930446698,0.2525753111421279,0.005578301249959505,0.0019026619653089764,1
2025-10-05 17:50:00,94.0110261758632,94.05189451301722,93.6941714179667,93.78110635031912,1705.692925434055,-0.0024456687145819,94.10599089360068,94.38191243609248,0.2623610567127699,0.007661568624258042,0.0019276418775983754,1
2025-10-05 18:50:00,93.78110635031912,93.89360382433686,93.7000633589607,93.88170068203654,3208.426420053696,0.0010726502984688,94.06113285128784,94.3364386402692,0.2467820729526682,0.0073762224373479235,0.0019455822674296444,1
2025-10-05 19:50:00,93.88170068203654,94.27454822320458,93.87406839457326,94.22033589739928,1380.3487649466858,0.0036070417653557,94.09297346051014,94.32588384546284,0.2492854342331156,0.00424138554352127,0.0020073850350421723,1
2025-10-05 20:50:00,94.22033589739928,94.33173298077196,94.1568491153162,94.27315053975536,4279.954937279761,0.000560543982921,94.1290088763592,94.32108990858036,0.2466448743385914,0.004811345819882407,0.001807794632017871,1
2025-10-05 21:50:00,94.27315053975536,94.31137715738296,94.21585640291032,94.28299453445403,2627.671051279966,0.0001044199185273,94.15980600797816,94.31762669275068,0.2332404249651775,0.008524422271369625,0.0018046037364743872,1
2025-10-05 22:50:00,94.28299453445403,94.30626221980287,93.98985289131558,94.08297706533682,2505.2407014440164,-0.0021214585949975,94.1444402194499,94.29629490844032,0.2378713609908221,0.013879107910422572,0.001827207832348317,1
2025-10-05 23:50:00,94.08297706533682,94.1341893724618,93.978998152665,94.05870018798134,3191.8921816814523,-0.000258036874605,94.1272922131562,94.2746953883986,0.2275219747285695,0.011911912482852394,0.0018107480067013962,1
2025-10-06 00:50:00,94.05870018798134,94.31482497874816,94.03112985953572,94.2291304527618,5109.096601662283,0.0018119564106229,94.14765986107732,94.27055312152252,0.2286567154008502,0.007919364014746133,0.0018434375523975282,1
2025-10-06 01:50:00,94.2291304527618,94.29915892379262,94.21868545981766,94.25449491504206,3028.4297493782537,0.0002691785667381,94.16902687187029,94.26909328456976,0.222970652543573,0.007716436689363837,0.0016214930079607717,1
2025-10-06 02:50:00,94.25449491504206,94.54818949576584,94.2451804208038,94.48662868914629,2173.163719242558,0.0024628403591091,94.23254723532548,94.28886923044034,0.2369330826693568,0.0075260827180339,0.0016620879646454282,1
2025-10-06 03:50:00,94.48662868914629,94.55016569037646,94.4762272161434,94.5399068068778,1292.837527306424,0.0005638693905232,94.29401914963596,94.31169082829828,0.2229458705040252,0.0069201089205728206,0.001667141029585072,1
2025-10-06 04:50:00,94.5399068068778,94.61505595014134,94.44257438711496,94.53544800068998,1985.2729355535464,-4.716321750708463e-05,94.34230491984675,94.3320323894248,0.2215052696178432,0.0049391388247990164,0.0016379152547074027,1
2025-10-06 05:50:00,94.53544800068998,94.5729596988898,94.47226756046524,94.49961673228093,1681.502812293924,-0.0003790246850979,94.3737672823336,94.34726732968444,0.220348869735795,0.0038167081153241966,0.0016322343035758866,1
2025-10-06 06:50:00,94.49961673228093,94.64098952005908,94.44116700831566,94.57419298906376,2521.8195681347647,0.0007891699391129,94.41385242367964,94.36789693508256,0.2077043502033788,0.0026189845200006445,0.0016267847969049975,1
2025-10-06 07:50:00,94.57419298906376,94.70153622855162,94.57079700984464,94.61996066798024,1647.7174257536997,0.0004839341206093,94.45507407253976,94.39081181989144,0.1914912161788413,0.00440590986516054,0.0016088612561950203,1
2025-10-06 08:50:00,94.61996066798024,94.74817456235382,94.58409255340604,94.72673126853196,4253.502737355324,0.0011284151863721,94.5094055117382,94.42134995158602,0.1893870407196719,0.0028599719371382726,0.0016218347784155414,1
2025-10-06 09:50:00,94.72673126853196,95.14654385281484,94.67036201947391,95.08670259287496,2146.9446267632475,0.0038001028803851,94.62486492796556,94.48183655533956,0.1947943267703585,-0.003207660199063933,0.001749432383938393,-1
2025-10-06 10:50:00,95.08670259287496,95.44966146797682,95.04441610732924,95.38876485656044,3063.8826338604586,0.003176703528976,94.77764491368454,94.56428458272327,0.2112487192840595,-0.008752589918897824,0.001812103253206796,-1
2025-10-06 11:50:00,95.38876485656044,95.40974306817976,95.11278005590609,95.17911919287144,2751.8981897823787,-0.0021978024770973,94.85793976952192,94.62017863819128,0.2256374519841344,-0.005145131189531749,0.0018465992658030172,-1
2025-10-06 12:50:00,95.17911919287144,95.24847501255152,94.89500316608564,94.9753652376102,1313.9313289528209,-0.0021407421815737,94.8814248631396,94.65246832904757,0.2282847746968903,-0.0028125577829322124,0.0018139930887255426,-1
2025-10-06 13:50:00,94.9753652376102,95.05259707175226,94.88921708782836,94.98180375774194,2417.7799585647167,6.779147535396213e-05,94.90150064206006,94.68240791347432,0.2288696864202555,-0.0016258417621587418,0.0017602833850842773,-1
2025-10-06 14:50:00,94.98180375774194,95.29216478150704,94.9271450972168,95.19774287240897,4403.390333411169,0.0022734787730267,94.96074908812984,94.72925654610472,0.2346785839258132,-0.0030775096079503905,0.001775037249049799,-1
2025-10-06 15:50:00,95.19774287240897,95.26048820662878,95.1113828007246,95.1941332593222,3323.663151349599,-3.791700283906074e-05,95.00742592236833,94.77151806548812,0.2395808654921865,-0.003024151268824271,0.0016938042674667791,-1
2025-10-06 16:50:00,95.1941332593222,95.28724044471372,94.93876247480394,95.00237170222996,3642.963100908666,-0.0020144262101723,95.00641507834064,94.79250475973738,0.2428286437027387,-0.0020549442944493013,0.0017450121870701267,-1
2025-10-06 17:50:00,95.00237170222996,95.0740388030027,94.82300029096967,94.86029418635805,6447.270277075428,-0.0014955154626797,94.97719089994412,94.7986674348847,0.2554786464027369,-0.0012262419986240891,0.0017381618018357534,-1
2025-10-06 18:50:00,94.86029418635805,94.8812312230594,94.78785884846246,94.82188133649368,2420.2535011771306,-0.0004049412896494,94.94612898725406,94.80077778957644,0.2498279900863482,0.000761394183381281,0.0017358220951117231,0
2025-10-06 19:50:00,94.82188133649368,95.131320128689,94.82060799546092,95.0368476861284,1578.462820786524,0.0022670542558826,94.96427272702893,94.82223868926296,0.2648294182866004,-0.0022301661195622824,0.0017635834563720452,-1
2025-10-06 20:50:00,95.0368476861284,95.09025658721728,94.94818157807936,94.9976470616568,11090.094922751265,-0.0004124781642702,94.9709475939545,94.83818490493512,0.2607045966719222,-0.0033500626383449195,0.0017617455813026923,-1
2025-10-06 21:50:00,94.9976470616568,95.02545582078383,94.75533627757152,94.78169676150756,4337.8789919911305,-0.0022732173567318,94.93309742746511,94.833049619169,0.2706603341365893,-0.00036202077901426044,0.0017911311608109519,0
2025-10-06 22:50:00,94.78169676150756,94.83934080208223,94.50639345402335,94.5538661149008,2603.162234040509,-0.0024037409583417,94.85725116495226,94.80766930059914,0.282722144073096,0.00010717539173321633,0.0018426059499914746,0
2025-10-06 23:50:00,94.5538661149008,94.76957997868264,94.5302208353887,94.68941013812004,5069.067083274948,0.0014335111697554,94.82368295958582,94.79691846764648,0.265806237641167,-0.001644259574702378,0.0018571484657029678,-1
2025-10-07 00:50:00,94.68941013812004,94.76587803557068,94.65803510952055,94.70824153492434,2918.2369789750965,0.000198875426268,94.80059467465354,94.7888569283081,0.2445632065984913,0.002053561077560939,0.0017892956592334465,1
2025-10-07 01:50:00,94.70824153492434,94.90714667532109,94.68702507254189,94.82737837454744,5449.158671487022,0.0012579352936161,94.80595141463232,94.79235887796622,0.239074534491743,0.0017289460979776905,0.0017292490360128244,1
2025-10-07 02:50:00,94.82737837454744,94.92087508346142,94.75351731934552,94.90477090406394,3567.0043457300794,0.0008161411908995,94.82571531251864,94.802578153066,0.2257806714667428,-0.001480200496764339,0.001726374752854246,-1
2025-10-07 03:50:00,94.90477090406394,94.95425637041592,94.89863233833958,94.9062518004414,3470.3052315520927,1.5604024574900066e-05,94.8418226101032,94.81200303010012,0.2180838177633463,-0.007238842295206882,0.0016206481907972993,-1
2025-10-07 04:50:00,94.9062518004414,94.9969398346021,94.72275832423216,94.80714712054132,2052.428366150152,-0.0010442376347183,94.83488751219085,94.8115615837766,0.2115953767690399,-0.004375895591520962,0.001634792552608624,-1
2025-10-07 05:50:00,94.80714712054132,94.88578120784688,94.7232275523702,94.7439725096249,1948.6574897849025,-0.0006663486122634,94.81670451167764,94.80541712249008,0.2125559660242189,-0.0021247669595475527,0.0016415729794656342,-1
2025-10-07 06:50:00,94.7439725096249,94.92140997166469,94.71270904400778,94.89407816540056,3636.976031380489,0.0015843293435939,94.83217924242224,94.8134772173001,0.202571891577585,-0.0023864593354038233,0.0016062233961639995,-1
2025-10-07 07:50:00,94.89407816540056,94.91832687834204,94.80045321336831,94.8248997283088,2372.1289702438453,-0.0007290068930452,94.83072333959954,94.8145156273918,0.1930601167876346,-0.00415108042153689,0.0016133554395652214,-1
2025-10-07 08:50:00,94.8248997283088,94.82744140729513,94.63384343171607,94.67939899350488,4937.178640017444,-0.0015344148553894,94.80045847038062,94.80223229703844,0.2002190882863561,-0.004388295173404111,0.0016176162415784078,-1
2025-10-07 09:50:00,94.67939899350488,94.75839149889914,94.5936003053285,94.74738381780966,4914.967318887952,0.0007180529769674,94.78984353986642,94.797246071654,0.1897961640251101,-0.002306514349884381,0.0016206242559213188,-1
2025-10-07 10:50:00,94.74738381780966,94.7862342595159,94.4736129860899,94.56399996254154,3475.553722946685,-0.0019355031018138,94.74467482440146,94.7760418799165,0.201978040045686,-0.0003061566671606064,0.001605838561593835,0
2025-10-07 11:50:00,94.56399996254154,94.5953692371952,94.47064248899235,94.53371616887752,7470.853174906508,-0.0003202465385983,94.70248309329668,94.75401226982206,0.1915928404021503,0.001091715750579647,0.0016039051339880072,0
2025-10-07 12:50:00,94.53371616887752,94.94725012105634,94.47373314547768,94.9027306934647,3672.510484447898,0.0039035228862467,94.74253261333028,94.76753212651684,0.2016335280821357,-0.003824647389776059,0.0017459788719030994,-1
2025-10-07 13:50:00,94.9027306934647,95.01391322252844,94.83585971145662,94.99132980036956,3251.17916803431,0.0009335780567898,94.79229205073814,94.78787736959436,0.1972545543519857,-0.0020484554020527845,0.0017492281522826498,-1
2025-10-07 14:50:00,94.99132980036956,95.02927357348668,94.76014943396318,94.76429281502644,2860.465398685424,-0.002390081134986,94.7866922035958,94.78573331917907,0.2087746410286562,0.0029422826870193486,0.001802044968095816,1
2025-10-07 15:50:00,94.76429281502644,94.7810854156416,94.18338670398236,94.2192404108288,1870.533037936656,-0.0057516643453621,94.6732018450424,94.73423396387452,0.2357444345200871,0.011398516448414497,0.0020721107245472723,1
2025-10-07 16:50:00,94.2192404108288,94.41764310478716,94.19501504412035,94.39228094341186,3392.049092407288,0.0018365732076435,94.61701766471631,94.70314732565063,0.2396923128451515,0.0093428077810771,0.0020896968381186125,1
2025-10-07 17:50:00,94.39228094341186,94.58040090998992,94.36470691709648,94.54266364722017,2206.532983869184,0.0015931673893807,94.6021468612171,94.68855790033876,0.2511258814749441,0.008401263010771931,0.0019906111812836276,1
2025-10-07 18:50:00,94.54266364722017,94.67869407919264,94.46616863535684,94.6676173066882,7365.949597463259,0.0013216642587341,94.61524095031132,94.68665421000688,0.2467218767225044,0.004885884246198957,0.0019153729738315701,1
2025-10-07 19:50:00,94.6676173066882,94.73994338498716,94.4154823880694,94.4312739435724,4441.837360507655,-0.0024965597512626,94.57844754896354,94.6634378221492,0.2582866868254377,0.0067142145586538415,0.0019259461580356024,1
2025-10-07 20:50:00,94.4312739435724,94.49148147088852,94.17771258857734,94.26391784388088,3624.994082431479,-0.0017722529062937,94.515541607947,94.6271178241248,0.2657915407293154,0.008255851218356147,0.0019153161170965098,1
2025-10-07 21:50:00,94.26391784388088,94.5697427569077,94.21611124181707,94.52884761741988,4235.71119939178,0.0028105109526399,94.5182028098416,94.61818416896982,0.2826313871662376,0.006654888896471034,0.0019891627307885838,1
2025-10-07 22:50:00,94.52884761741988,94.57566277728728,94.46339303900234,94.53504856347963,2529.614419358573,6.559845185960533e-05,94.52157196056922,94.61062638665253,0.2768222273595171,0.010439822372075414,0.0019401692341860374,1
2025-10-07 23:50:00,94.53504856347963,94.66981440929833,94.51028571164646,94.6369201157799,2988.121069536804,0.001077606177267,94.54464159161137,94.61301672566412,0.2764463347938896,0.010485826917458141,0.0019534566452391335,1
2025-10-08 00:50:00,94.6369201157799,94.65237096327698,94.53699030671729,94.53976121223532,3825.2056577458097,-0.001026649043795,94.54366551573617,94.60635713353422,0.2623577193034399,0.010914022632344755,0.0019312383303237163,1
2025-10-08 01:50:00,94.53976121223532,94.8464129740261,94.53482285865476,94.79674429769182,2544.784020713809,0.0027182540146211,94.59428127212728,94.62366505754854,0.2757051026726184,0.009008769264594374,0.0019796367969286723,1
2025-10-08 02:50:00,94.79674429769182,95.1202035208676,94.78238736131868,95.04311615312372,4296.2970204743,0.0025989484898154,94.68404824832658,94.6617969753281,0.2660121872419206,0.00461176769759275,0.002031293859712994,1
2025-10-08 03:50:00,95.04311615312372,95.32169767830304,94.99123783129563,95.29319997240876,3207.994997944352,0.0026312670439183,94.80587859314302,94.71919724778998,0.2768983540944622,0.004227274510857804,0.002044947950095925,1
2025-10-08 04:50:00,95.29319997240876,95.37960780314371,95.21536063996196,95.2741698802836,1936.2820856276692,-0.0001997004207086,94.89953685057114,94.7696493052894,0.2694071414986244,0.0059466625173341114,0.002043619618373938,1
2025-10-08 05:50:00,95.2741698802836,95.39850339877738,95.22113359420776,95.3369414302594,2869.500766064469,0.0006588517124281,94.9870177665088,94.8212213166503,0.2393836481350807,0.005956800462025846,0.0019993642818066644,1
2025-10-08 06:50:00,95.3369414302594,95.40878875016334,95.06527220017432,95.13015232671214,1588.937193854718,-0.0021690343789613,95.01564467854946,94.84930595392863,0.2480185402295254,0.012077743633774674,0.00198997163934578,1
2025-10-08 07:50:00,95.13015232671214,95.17597339791496,95.06355614552332,95.06530577787656,3661.915514231008,-0.0006816613581451,95.02557689841488,94.86894230156028,0.2406416301936827,0.010392765493784983,0.0019825120058617053,1
2025-10-08 08:50:00,95.06530577787656,95.1109277899258,94.98340092552708,95.0421467248593,4855.214947636802,-0.0002436120394054,95.02889086370377,94.8846881582238,0.2345703030910339,0.008339023073129725,0.001983528198206678,1
2025-10-08 09:50:00,95.0421467248593,95.16060598586397,94.96103015091798,95.15792659582524,4189.960824954379,0.0012181950319485,95.05469801012806,94.90952801618758,0.2256499343787652,0.007644821805708801,0.0019827998251097313,1
2025-10-08 10:50:00,95.15792659582524,95.58018708944672,95.10442645237666,95.52197767841788,9023.316177060136,0.0038257567773507,95.14815394378604,94.96520525820851,0.237220774004399,0.00519073918139723,0.0020860332547150036,1
2025-10-08 11:50:00,95.52197767841788,95.6343013486646,95.4696114837893,95.62926648011528,3037.745129582054,0.0011231844681713,95.24437645105188,95.02557446020003,0.2237249418461613,0.0015845313708613418,0.002091974607037668,1
2025-10-08 12:50:00,95.62926648011528,95.70988701915132,95.48669983953576,95.57157030576212,2715.6782116436084,-0.0006033317673221,95.30981522199392,95.0752104461602,0.2316476162269194,0.0001782150353251133,0.0020846873479203006,0
2025-10-08 13:50:00,95.57157030576212,95.6640230599039,95.5458336991782,95.65074629410448,6144.672071825318,0.0008284470799113,95.37800143641604,95.1275318868824,0.2286948064464797,-0.0015389082679507782,0.0020801627867601392,-1
2025-10-08 14:50:00,95.65074629410448,95.67491771110528,95.39106821709524,95.48143292607725,2898.1655214409393,-0.001770120721344,95.39868773434829,95.1597047086274,0.2407282948357892,-0.005556090506800615,0.002097789576095536,-1
2025-10-08 15:50:00,95.48143292607725,95.72063268551764,95.4405097659528,95.6960304877102,3520.8989130682307,0.0022475318505021,95.45815628502068,95.20846159763492,0.2384806379924679,-0.008552661391033722,0.002121356133131689,-1
2025-10-08 16:50:00,95.6960304877102,95.8750277337148,95.63456500661184,95.8407332151808,4267.0483382248,0.0015121079394111,95.5346716710527,95.26594083559364,0.2315268213891843,-0.010477147816501442,0.0021052310728588023,-1
2025-10-08 17:50:00,95.8407332151808,95.94735291522076,95.80772681410798,95.9048445670193,5069.473783868507,0.000668936366488,95.60870625024604,95.32402299299596,0.2178958395395674,-0.007154230380764348,0.0021049969530592665,-1
2025-10-08 18:50:00,95.9048445670193,96.31068121220588,95.83795240457744,96.2791099183561,3301.755399018749,0.0039024655430754,95.74278698386804,95.4108490771196,0.2399302427143287,-0.012097878223731207,0.002150191930039093,-1
2025-10-08 19:50:00,96.2791099183561,96.28742707404903,96.00602826699432,96.053297207421,2232.791386770574,-0.0023453967441804,95.80488902857864,95.46925345260154,0.2473608857489781,-0.007677794994202625,0.0022061353680218974,-1
2025-10-08 20:50:00,96.053297207421,96.0709136927356,95.8070814764777,95.83470537931768,7646.432873067544,-0.0022757347687011,95.81085229872646,95.50247635503028,0.2416691476253264,-0.009357951730194713,0.0021688083684566683,-1
2025-10-08 21:50:00,95.83470537931768,95.89444047861296,95.83005193727412,95.88539198805104,4359.512927545222,0.0005288961710971,95.82576023659138,95.53728686712306,0.2382385254072677,-0.009087072432161114,0.0021662195391811754,-1
2025-10-08 22:50:00,95.88539198805104,96.10109007388176,95.8043702045986,96.0178073506378,3099.6679824334237,0.001380975348187,95.86416965940067,95.58097054744258,0.2503237400418702,-0.01693855482531592,0.002117458074255963,-1
2025-10-08 23:50:00,96.0178073506378,96.0982735959846,95.69562516370674,95.78079405282548,2548.5508083719915,-0.0024684306416911,95.84749453808564,95.5991363206592,0.2648289255655761,-0.014253572956437699,0.0018747537718321614,-1
2025-10-09 00:50:00,95.78079405282548,95.83066866039928,95.5202217836097,95.58860259654024,4572.951115001175,-0.0020065761428041,95.79571614977657,95.59817870937566,0.2530207998312558,-0.01060071956771047,0.0019101590825171127,-1
2025-10-09 01:50:00,95.58860259654024,95.59769354844605,95.50345341374022,95.50354856979682,3756.348630930971,-0.000889792553014,95.73728263378062,95.58957596941394,0.2479886762477221,-0.0087588998224295,0.0019103658805372616,-1
2025-10-09 02:50:00,95.50354856979682,95.57567040553693,94.92901294962174,94.95092944302095,3639.8101336220057,-0.0057863727060568,95.5800119956287,95.5315171942873,0.2782365531262668,-0.001539496394742379,0.0021835828983724687,-1
2025-10-09 03:50:00,94.95092944302095,95.00273319561435,94.79751772555802,94.87757474248278,1654.8095454283791,-0.0007725537914002,95.43952454499951,95.47206788048688,0.2844527037927398,-0.004172250342088568,0.0021383611855185255,-1
2025-10-09 04:50:00,94.87757474248278,94.92845164840524,94.77040612803084,94.83659568644347,2546.012292638626,-0.000431915087949,95.31893877328832,95.4142976810284,0.2754667056759093,-0.0019587838252788092,0.0021124730960567846,-1
2025-10-09 05:50:00,94.83659568644347,95.2739360005499,94.78821179862554,95.21871921435545,1498.1503095227545,0.0040292834759205,95.29889486150174,95.39651782042176,0.2901525115587325,-0.004574759063783795,0.0021713818066143005,-1
2025-10-09 06:50:00,95.21871921435545,95.31059760385358,95.1020529665079,95.1143369710746,2230.5439977838496,-0.0010962365818623,95.26198328341631,95.37086501593564,0.2878726480046428,-0.005601716451814509,0.002183888965790023,-1
2025-10-09 07:50:00,95.1143369710746,95.35857038750056,95.07970190842136,95.3158196829452,4539.7451685406495,0.0021183211520665,95.27275056332208,95.3658608947547,0.2978185321451008,-0.008080248905557919,0.0022051296122749687,-1
2025-10-09 08:50:00,95.3158196829452,95.36676660577186,94.93310725289076,94.9378888323006,1541.187021975233,-0.0039650380377752,95.2057782171178,95.32695434362252,0.2950278568060054,-0.007081381437276768,0.0023172907919373517,-1
2025-10-09 09:50:00,94.9378888323006,95.08665768078114,94.9287308443082,95.01407448586946,3390.345569883859,0.0008024789102212,95.16743747086814,95.29851072019042,0.2862084303358786,-0.007337927789430654,0.002272688382729334,-1
2025-10-09 10:50:00,95.01407448586946,95.087884379237,94.36659091012392,94.3914044566224,1015.3916754819996,-0.00655345045054,95.012230868019,95.2160465144115,0.3188842341112488,-0.000456200598201173,0.002508371437674578,0
2025-10-09 11:50:00,94.3914044566224,94.4157949119741,94.38923733160908,94.415575516968,1911.073060312061,0.0002560726846343,94.8928997978088,95.14327642373482,0.3161820226131198,0.004389873953939194,0.0024561222382445415,1
2025-10-09 12:50:00,94.415575516968,94.6474079435676,94.41297565199316,94.575294626545,4014.776895898395,0.0016916606047514,94.82937876355604,95.09164171489938,0.3117329099196421,0.00594766581504258,0.002480902408017229,1
2025-10-09 13:50:00,94.575294626545,94.72219155074762,94.53620478272632,94.66704255518744,3232.1340103066455,0.0009701046029488,94.79691152188232,95.0530417912892,0.296257076758458,0.0038174323313708847,0.002485094396438521,1
2025-10-09 14:50:00,94.66704255518744,94.8901954016293,94.57282803604284,94.80475282946598,2680.606379684116,0.0014546802198691,94.79847978339906,95.03047006748707,0.2967513973868065,0.002839094762747685,0.002475836105957749,1
2025-10-09 15:50:00,94.80475282946598,94.83413199414578,94.4770427498038,94.48172174880692,1620.616429683457,-0.0034073300232123,94.73512817648064,94.98058385669798,0.3155263337893887,0.008024430185228137,0.002542340150495256,1
2025-10-09 16:50:00,94.48172174880692,94.6562333024208,94.46163865721756,94.65083129676836,1737.307140387465,0.0017898652229375,94.7182688005382,94.95060635124985,0.2832361330242504,0.009797474796196637,0.002566239370507595,1
2025-10-09 17:50:00,94.65083129676836,94.87438945955496,94.63283492663552,94.7831165155877,1887.621469425674,0.0013976128577735,94.7312383435481,94.93538000255327,0.2858317803716161,0.008883754772490704,0.0025694643111326414,1
2025-10-09 18:50:00,94.7831165155877,94.787700173104,94.56155180661602,94.5815334248603,2439.1007375087374,-0.0021267826817473,94.70129735981054,94.9032121318539,0.2906962693797287,0.014432137707196757,0.0024887878204116576,1
2025-10-09 19:50:00,94.5815334248603,94.65734680568542,94.46680077878575,94.54564413526973,1452.4830157589008,-0.0003794534545065,94.67016671490238,94.87070595034623,0.2696121140208224,0.015686070877798608,0.002475087874595047,1
2025-10-09 20:50:00,94.54564413526973,94.619192560187,94.2322954627378,94.2655974286293,984.0478435616794,-0.0029620265343978,94.58925285764776,94.81569608473562,0.2823515754567874,0.017357761167961616,0.00251753785281262,1
2025-10-09 21:50:00,94.2655974286293,94.35840747067768,94.26062514031176,94.31686806831256,3554.351778796725,0.0005438955576775,94.53477589978073,94.7703480832426,0.2694168505486983,0.021681365015388865,0.0025134603659452506,1
2025-10-09 22:50:00,94.31686806831256,94.43850417523306,94.31278009069206,94.34834304144424,7274.992942856682,0.000333715206795,94.49748932811345,94.73198398853368,0.2474214742386919,0.02234899199688467,0.0025049304144491016,1
2025-10-09 23:50:00,94.34834304144424,94.85645033895348,94.27835983263144,94.83004799277612,2340.9034525865914,0.0051056005416043,94.56400106104596,94.74089889801026,0.2774331649421983,0.018710710458318403,0.002648128726818832,1
2025-10-10 00:50:00,94.83004799277612,95.1532711356047,94.76510093841836,95.13779687334288,2547.9961416474944,0.0032452675821719,94.67876022350536,94.7769805321314,0.2536386455188589,0.01759024659021491,0.0027031305665840524,1
2025-10-10 01:50:00,95.13779687334288,95.18279302644244,94.97362848114864,95.02842758415288,3453.603627557535,-0.0011495882055752,94.74869369563488,94.79983935504244,0.2666820001566279,0.01833207218704591,0.002702814457773417,1
2025-10-10 02:50:00,95.02842758415288,95.15278777535956,95.01991735974892,95.0739125067077,2351.245726393252,0.0004786454297009,94.81373745784944,94.82475509610292,0.2594275804449261,0.016176572328656214,0.0025974860354666778,1
2025-10-10 03:50:00,95.0739125067077,95.28940811709178,95.01880638068204,95.23988372876036,2533.426449657667,0.0017457072889575,94.89896671203164,94.86249406270814,0.2654715067583869,0.013654391786235731,0.00259883369648156,1
2025-10-10 04:50:00,95.23988372876036,95.63983177503664,95.22647763515708,95.57817043083752,2034.9927994004163,0.0035519436693203,95.03480745579282,94.9275555507199,0.2723277049221794,0.01065864089215296,0.0026567445890736444,1
2025-10-10 05:50:00,95.57817043083752,95.71642701705731,95.4904281486863,95.6251464792846,2769.8514734317155,0.0004914934888931,95.15287526049116,94.99097290786214,0.2629641066385397,0.011920113506185936,0.002656476124538077,1
2025-10-10 06:50:00,95.6251464792846,96.01920419864142,95.54249744158948,95.94654713980572,1512.713989133293,0.0033610475105601,95.31160963635408,95.07784329258428,0.283114971770589,0.00944861782585571,0.00271407699987536,1
2025-10-10 07:50:00,95.94654713980572,96.0656348365737,95.9185541823204,96.0286938103627,2845.563828282892,0.0008561712016303,95.45502647115582,95.16428424874596,0.2763668375801487,0.01020759377615632,0.0026807415230934196,1
2025-10-10 08:50:00,96.0286938103627,96.09932112280804,95.85362885185732,95.90183715515067,2961.392643142331,-0.0013210286444437,95.5443886079548,95.23133451296457,0.2777628307560594,0.011381745202793114,0.0026661932302950563,1
2025-10-10 09:50:00,95.90183715515067,96.426984896411,95.83670238807004,96.36178651200991,1504.557248814855,0.0047960432302784,95.70786818876584,95.33410287651414,0.3063154365732927,0.007267973102579539,0.0027845446764028312,1
2025-10-10 10:50:00,96.36178651200991,96.54845409081294,96.32420042047032,96.4569334049968,1527.151079936231,0.0009873923723386,95.85768123201204,95.43617837910348,0.2946980489228232,0.008130563305241534,0.0025563605837362366,1
2025-10-10 11:50:00,96.4569334049968,96.63038955712688,96.4466108990516,96.60438556351738,1907.6760495758328,0.0015286838728478,96.0070220983131,95.542379032232,0.3008406437592055,0.007091029756743916,0.002551915483632182,1
2025-10-10 12:50:00,96.60438556351738,96.89342219088094,96.5171050312416,96.81129418039475,6014.064147415304,0.002141813911143,96.16787651472944,95.65773495479225,0.3187401491233714,0.006070112506056713,0.0025599637330865122,1
2025-10-10 13:50:00,96.81129418039475,96.8732953863177,96.75884632697436,96.77049557844704,2055.506329800105,-0.0004214239907969,96.28840032747296,95.75889501148814,0.2856229029106082,0.0047168955651968325,0.002490251979951046,1
2025-10-10 14:50:00,96.77049557844704,96.83315797323938,96.59751687604144,96.6118825289408,1517.4487542884788,-0.001639064144067,96.35309676776654,95.83643933125656,0.2747279671971522,0.00524563642096787,0.0025033489720276882,1
2025-10-10 15:50:00,96.6118825289408,96.64958241168137,96.51982875519388,96.5403264148684,2980.5341459542587,-0.0007406554162836,96.39054269718692,95.90042906613036,0.2690557608538435,0.008023196382590081,0.0024944116945786903,1
2025-10-10 16:50:00,96.5403264148684,96.65171530016316,96.52173321170017,96.5969038265888,1864.212205240659,0.0005860495175586,96.4318149230673,95.96374495344476,0.2688494517718699,0.009244442823721721,0.0023637064651868046,1
2025-10-10 17:50:00,96.5969038265888,96.83664307245076,96.50787189659168,96.76500907936332,1748.21419698501,0.0017402757864406,96.4984537543265,96.03658714671008,0.2730044117325363,0.006069867085577441,0.0023728077722603436,1
2025-10-10 18:50:00,96.76500907936332,96.92733924134706,96.74548272560943,96.8531093954402,3142.3175230994266,0.0009104563407276,96.56938488254924,96.11081644204916,0.2564688671509693,0.0006299364374553473,0.001984743932682562,0
2025-10-10 19:50:00,96.8531093954402,97.09248859230055,96.8163721418296,97.00891570763378,1257.192087410474,0.0016086867336126,96.65729104756616,96.19246182982958,0.2600486944438224,8.23688195725758e-05,0.0019870392504026334,0
2025-10-10 20:50:00,97.00891570763378,97.0295664004199,96.90310662291286,96.99336743013036,2410.8258381185547,-0.000160276788891,96.724506324079,96.26527142985692,0.2350310530477588,0.001073386818616795,0.001988674618608531,0
2025-10-10 21:50:00,96.99336743013036,97.1047268075027,96.98666020095732,97.0621413844957,5096.631136040905,0.0007090583221054,96.79203333616236,96.3377141530059,0.2329586210686218,9.403551217346262e-05,0.001988452351996778,0
2025-10-10 22:50:00,97.0621413844957,97.28301995261286,97.03217221268356,97.2411826082756,3021.033381881274,0.0018446040982205,96.881863190585,96.41984764893952,0.2333268688528054,-0.0006458816785048782,0.001993888335397927,0
2025-10-10 23:50:00,97.2411826082756,97.35065515770154,97.18577744027156,97.28941013618024,4335.495699722618,0.0004959578504812,96.96337257970409,96.4988987841432,0.2029408123591665,-0.0011325284262808655,0.0018421190862037348,0
2025-10-11 00:50:00,97.28941013618024,97.49418633150869,97.23129422027668,97.3989496279267,3819.411269006286,0.0011259138234378,97.0504879893486,96.58072158812352,0.2057007009941226,-0.0005798488544326297,0.0018357005860393466,0
2025-10-11 01:50:00,97.3989496279267,97.45790599572769,97.1523470707408,97.22695189988292,4881.473986293515,-0.0017659094754184,97.08578077145548,96.63946979828349,0.2143992914878083,0.001765049112074868,0.0018921553880364638,1
2025-10-11 02:50:00,97.22695189988292,97.29015091661104,97.08436758122711,97.11867333863287,3876.947764961619,-0.0011136681664314,97.09235928489096,96.68303375649704,0.202218304040995,0.0029550229193211486,0.0018496445318710551,1
2025-10-11 03:50:00,97.11867333863287,97.36097905070152,97.0355621601231,97.31488841253424,1923.2956529638277,0.0020203640263618,97.13686511041962,96.74047508886407,0.2172874348435008,0.00029886512871413196,0.0018477069345662542,0
2025-10-11 04:50:00,97.31488841253424,97.5715819155035,97.29930165017548,97.48988838096224,3224.984277292519,0.0017982856609377,97.20746976452816,96.8086035699639,0.2199045182813636,-0.0006951050229749844,0.001713117937689987,0
2025-10-11 05:50:00,97.48988838096224,97.50773285828966,97.3261852459598,97.35235982300976,4558.042642670917,-0.0014106956140421,97.23644777622448,96.85803595660444,0.2236040865558197,0.0011259611195360009,0.0017658875073389407,0
2025-10-11 06:50:00,97.35235982300976,97.35975638427406,96.8886672212676,96.91412069812924,2355.248781687299,-0.0045015768048896,97.17198236060544,96.86313456947032,0.2479688775946391,0.009992072475259128,0.0020135315890036976,1
2025-10-11 07:50:00,96.91412069812924,97.04660225656032,96.90907094253627,97.01690621750862,3437.6167166320292,0.0010605835211521,97.14096713198607,96.87711381020108,0.2343088874635656,0.009165723644478208,0.0018581299174296004,1
2025-10-11 08:50:00,97.01690621750862,97.17527644509784,96.98264319865056,97.09747883222312,1423.3949690268505,0.0008305007637932,97.1322694720335,96.89714699402128,0.2350786539428264,0.012079103611340125,0.0018001611110520436,1
2025-10-11 09:50:00,97.09747883222312,97.1160744504838,97.03118597508248,97.07126867267344,7288.862612202361,-0.0002699365613288,97.12006931216148,96.9129762375351,0.2214195128664227,0.01573218965114731,0.0017785554059660004,1
2025-10-11 10:50:00,97.07126867267344,97.22287870009109,97.06288589537829,97.17837631003276,2747.7815799559926,0.0011033917535423,97.13173071173576,96.93710351685309,0.2238147290954068,0.0159351775709351,0.0017798561656733687,1
2025-10-11 11:50:00,97.17837631003276,97.25366767876896,97.11977044193284,97.17922711362492,2475.9604120076324,8.755071081445465e-06,97.1412299921136,96.95911475292324,0.224945488401888,0.0178752391943664,0.0017729666255089584,1
2025-10-11 12:50:00,97.17922711362492,97.41205589634632,97.10951605875756,97.342472958562,1607.1598687571986,0.0016798430054008,97.18147858540328,96.9939654988904,0.2286377810918511,0.015420423733893962,0.0017030035242903505,1
2025-10-11 13:50:00,97.342472958562,97.43385006911603,97.3200951820293,97.39856224500356,4448.3876763335975,0.0005762056863445,97.22489531732334,97.03074702126432,0.2249861503530478,0.015880467783800922,0.0017029383205575098,1
2025-10-11 14:50:00,97.39856224500356,97.50002031506324,97.39283134382995,97.4056612442426,2022.8428984755417,7.288607835076455e-05,97.2610485027072,97.06483013244416,0.2138644974959963,0.01776239267833435,0.0016269649284874818,1
2025-10-11 15:50:00,97.4056612442426,97.434754334054,97.31332123841452,97.34397243918546,6977.256392185077,-0.0006333184772747,97.27763329000288,97.09020670578428,0.200712652542611,0.018188130160210703,0.0016369267829837134,1
2025-10-11 16:50:00,97.34397243918546,97.4481899803718,97.24942118168524,97.42212266985936,1881.6464137914152,0.0008028255752838,97.30653116597418,97.12038088433656,0.2002116142070836,0.01717012329424028,0.0016065609966038207,1
2025-10-11 17:50:00,97.42212266985936,97.49729975109608,97.403348178405,97.46197479506556,1341.1668095696302,0.000409066484224,97.33761989179246,97.151434876221,0.1836783772151286,0.01715359500997904,0.0014016182190546846,1
2025-10-11 18:50:00,97.46197479506556,97.94488336703397,97.37038115761996,97.88249361602097,5725.581634087718,0.0043146962888822,97.44659463663815,97.21789476165736,0.2052656589355552,0.015234382580172623,0.0015639964883070983,1
2025-10-11 19:50:00,97.88249361602097,97.9601048953465,97.81562092992418,97.90613636874056,2205.9729850984395,0.0002415421986727,97.53850298305863,97.2804621804831,0.2026182555850176,0.014279350610375552,0.0015521253694628858,1
2025-10-11 20:50:00,97.90613636874056,98.33870352102112,97.87177768413056,98.27032933943744,4708.5666527968815,0.003719817615162,97.68486825433442,97.3704501040244,0.2023208751481675,0.013798979249527,0.0016316396037807128,1
2025-10-11 21:50:00,98.27032933943744,98.62684150393544,98.1792354145944,98.5984122811094,3930.1603693376737,0.0033385757825101,97.86757705968942,97.48208302921394,0.2244690733850975,0.009104489090925094,0.0016994364384438551,1
2025-10-11 22:50:00,98.5984122811094,98.75340107105862,98.51657450123514,98.7269309925883,2222.1493844796155,0.0013034561967637,98.0394478462692,97.59525102588434,0.2276257393405407,0.00819348791279273,0.0016541424088994674,1
