timestamp,open,high,low,close,volume,ret_1,ema9,ema21,atr,ret_fut,vol_proxy,dir
2025-10-08 21:35:00,99.95507065780464,99.97342298751263,99.85557773245128,99.95507065780464,6282.399589512919,0.0,99.95507065780464,99.95507065780464,0.0,-5.396396216283961e-05,0.0,0
2025-10-08 21:40:00,99.95507065780464,100.32905766410362,99.92881297291896,100.2349780516266,1719.559727938696,0.0028003321090155,100.01105213656903,99.98051678451571,0.0,-0.005381455248692046,0.0,-1
2025-10-08 21:45:00,100.2349780516266,100.27399358998888,100.15187663373293,100.17864226685772,2546.2896329010346,-0.0005620371836653,100.04457016262675,99.99852819200136,0.0,-0.005415628059168509,0.0,-1
2025-10-08 21:50:00,100.17864226685772,100.24815368972968,99.93581746675528,100.02654125653072,5325.726905609492,-0.0015182977816949,100.04096438140756,100.0010748342313,0.0,-0.0022880499644405417,0.0,-1
2025-10-08 21:55:00,100.02654125653072,100.04778814460644,99.91357135999142,100.01138819627876,2466.8786040363157,-0.0001514903950651,100.03504914438182,100.00201241259926,0.0,-0.0003536702402932024,0.0,0
2025-10-08 22:00:00,100.01138819627876,100.0229466381777,99.74405575868236,99.79223634754692,4012.303116127045,-0.0021912689413104,99.98648658501484,99.98294186123086,0.0,0.0004413732157657613,0.0,0
2025-10-08 22:05:00,99.79223634754692,100.4556299409994,99.69498669106672,100.3996613516304,3040.1009732502944,0.0060868963991145,100.06912153833797,100.02082545126716,0.0,-0.005119503803748038,0.0,-1
2025-10-08 22:10:00,100.3996613516304,100.51984216089214,100.31700325334536,100.49567211791997,4783.718269945155,0.0009562857583087,100.15443165425437,100.0639933300538,0.0,-0.008803204934375142,0.0,-1
2025-10-08 22:15:00,100.49567211791997,100.59355438082302,100.41224791300338,100.48886541100556,6157.81255332909,-6.773134375792633e-05,100.22131840560462,100.10261806468576,0.0,-0.009365481788550234,0.0,-1
2025-10-08 22:20:00,100.48886541100556,100.51409926029484,100.36507551641468,100.42630110835782,3970.854684520307,-0.0006225993535885,100.26231494615529,100.13204379592868,0.0,-0.007923540829867126,0.0,-1
2025-10-08 22:25:00,100.42630110835782,100.4464452135968,100.4186611855432,100.43145270779456,5139.054917378186,5.1297313351961193e-05,100.29614249848314,100.15926278791648,0.0,-0.0074058426349636886,0.0,-1
2025-10-08 22:30:00,100.43145270779456,100.65965818297192,100.37254756154567,100.5925283302468,1683.9113542255718,0.0016038364288217,100.35541966483588,100.19865056449196,0.0,-0.010075051340337038,0.0,-1
2025-10-08 22:35:00,100.5925283302468,100.85362356722618,100.58509236485322,100.77581113620364,2058.027115294348,0.0018220320037598,100.43949795910945,100.25111970737484,0.0,-0.01036696366541312,0.0,-1
2025-10-08 22:40:00,100.77581113620364,100.79935071717658,100.56285541248296,100.62463339539916,2697.656759397991,-0.0015001391613722,100.4765250463674,100.28507549719524,0.2485274510937429,-0.008255835625768593,0.0,-1
2025-10-08 22:45:00,100.62463339539916,100.70544583896952,100.51404680230397,100.52629257485768,3453.832175369065,-0.0009773036405019,100.48647855206544,100.30700432243728,0.2537812926368983,-0.005811670319140316,0.0,-1
2025-10-08 22:50:00,100.52629257485768,100.54184285648138,100.20312050622604,100.24862570503493,4339.140951080409,-0.0027621318036371,100.43890798265936,100.3016971754007,0.2493868397133768,-0.004555402249766138,0.0,-1
2025-10-08 22:55:00,100.24862570503493,100.26975974998312,100.10489022496913,100.19340519593948,4354.345945163115,-0.0005508355721295,100.3898074253154,100.29185244999512,0.2524405946246659,-0.00232783133777259,0.0,-1
2025-10-08 23:00:00,100.19340519593948,100.29800638428296,100.12447245541684,100.25805250453612,3977.072131147651,0.0006452251869293,100.36345644115954,100.28877972768068,0.2425261450455025,-0.002001665591922386,0.0,-1
2025-10-08 23:05:00,100.25805250453612,100.30322330331704,100.04004883910072,100.08929771325764,2525.9763655474367,-0.0016832043617728,100.30862469557916,100.27064499909676,0.2517374078741667,0.0014297250628569902,0.0,1
2025-10-08 23:10:00,100.08929771325764,100.12428976300464,99.90614779648013,99.9322730674008,3057.1715319136924,-0.0015688455153983,100.2333543699435,100.23988391439713,0.2473981998048212,0.0022636745155630855,0.0,1
2025-10-08 23:15:00,99.9322730674008,100.00069491796744,99.87391390285568,99.94967668615368,1453.6505936534606,0.0001741541367834,100.17661883318554,100.21350143910226,0.2021223258890409,0.0005427877343202603,0.0,0
2025-10-08 23:20:00,99.94967668615368,100.04487370714229,99.68199984067044,99.69556800288814,1189.9799088404322,-0.0025423662355953,100.08040866712606,100.1664165812646,0.2135533943836886,0.004921090798169159,0.0,1
2025-10-08 23:25:00,99.69556800288814,99.72056011183749,99.57036848937128,99.63611200086793,3374.3515541442857,-0.0005963755782854,99.99154933387445,100.11820707395582,0.2113309054298712,0.006689847093815926,0.0,1
2025-10-08 23:30:00,99.63611200086793,99.8258106230261,99.61298023014574,99.7976755323656,2792.9224990875364,0.0016215358894799,99.95277457357268,100.08906784290215,0.2158885232156017,0.005710470266691692,0.0,1
2025-10-08 23:35:00,99.7976755323656,99.99902867001528,99.77370630237698,99.97601714458332,5222.530589288537,0.0017870317246004,99.9574230877748,100.07879050669136,0.2299984046145106,0.004113167742321622,0.0,1
2025-10-08 23:40:00,99.97601714458332,100.04455313801397,99.77567943933568,99.8362819678121,8059.164644697433,-0.001397686972958,99.93319486378228,100.05674427588414,0.2286957672753717,0.00484902116790753,0.0,1
2025-10-08 23:45:00,99.8362819678121,99.89046636776632,99.81866783784204,99.88566490344571,1566.3607632298665,0.0004946391698514,99.92368887171496,100.04119160566246,0.2146434335290387,0.00508527124933611,0.0,1
2025-10-08 23:50:00,99.88566490344571,99.90465458154016,99.57517320986254,99.61098812124814,3744.4757335412423,-0.0027499119364434,99.86114872162162,100.00208219798844,0.2212852954564671,0.006871744321530482,0.0,1
2025-10-08 23:55:00,99.61098812124814,99.6607529762642,99.54063234967845,99.54773877204671,1777.459952484484,-0.0006349635757496,99.79846673170664,99.96077825017554,0.2161939804507671,0.009748406146788735,0.0,1
2025-10-09 00:00:00,99.54773877204671,99.70272722702114,99.4995398324769,99.63056921113322,2649.3904356463413,0.0008320675096014,99.76488722759196,99.93075924662624,0.206512912185688,0.008836207398132956,0.0,1
2025-10-09 00:05:00,99.63056921113322,99.78571168280476,99.58818596329036,99.68767317343983,3048.589357423292,0.0005731570416465,99.74944441676152,99.9086605127002,0.2088454975071454,0.006400361947918709,0.0,1
2025-10-09 00:10:00,99.68767317343983,99.7243383549794,99.48259393564756,99.57905344286524,4051.5071151642064,-0.0010896004201604,99.71536622198228,99.87869623362428,0.2137176753975538,0.00444256233480278,0.0,1
2025-10-09 00:15:00,99.57905344286524,99.77413035095368,99.5058384983528,99.73107196380208,7799.55476430679,0.0015266114276137,99.71850737034625,99.86527584545864,0.2140832031393092,0.006031515877037208,0.0018282090108304166,1
2025-10-09 00:20:00,99.73107196380208,99.85925075661385,99.63672451288704,99.79389296218352,1344.9324374224009,0.0006299039721968,99.7335844887137,99.8587864924336,0.2143963657966157,0.0025683951179138464,0.0017572265116916124,1
2025-10-09 00:25:00,99.79389296218352,100.02774658430772,99.7535720772763,99.94206690400716,5898.828771913168,0.001484799694905,99.7752809717724,99.8663574389403,0.2249244723623056,0.00032568152423251284,0.0017783559851727755,0
2025-10-09 00:30:00,99.94206690400716,99.97227441157207,99.77869854084838,99.79195288996225,2428.46111434625,-0.0015020103015189,99.77861535541038,99.8595933890332,0.2128317583802957,0.0016111744797007166,0.0017779310710053487,1
2025-10-09 00:35:00,99.79195288996225,100.03299719772605,99.77956467612772,99.96017184748622,4569.805147742702,0.0016856966183382,99.81492665382557,99.8687368852562,0.2202061083183051,-0.003108462097524134,0.001804736890068495,-1
2025-10-09 00:40:00,99.96017184748622,100.13365884336125,99.95782745906128,100.05736941052464,1687.050737067313,0.0009723629045645,99.86341520516535,99.88588529664425,0.2175633219911331,-0.008836386596601908,0.0017679193717812277,-1
2025-10-09 00:45:00,100.05736941052464,100.31362237021256,99.99856670995555,100.23239789072204,1948.0974494133025,0.0017492812496326,99.9372117422767,99.9173864415604,0.223972842892468,-0.011881792346358111,0.0014260919456023711,-1
2025-10-09 00:50:00,100.23239789072204,100.25404796182652,100.08877772122794,100.15848720722578,3248.1315448123582,-0.0007373931488382,99.98146683526652,99.93930469298452,0.2165725958867739,-0.01129069701481955,0.0014189086359094845,-1
2025-10-09 00:55:00,100.15848720722578,100.24159879189332,99.97277207279016,100.0039281447082,1863.6437499829583,-0.0015431449378603,99.98595909715486,99.94517955223212,0.2306460379709796,-0.007976608125461304,0.0014414823721531928,-1
2025-10-09 01:00:00,100.0039281447082,100.2190962976651,99.99559148545664,100.1861789452054,3488.2574885212216,0.0018224364170325,100.02600306676496,99.96708858795697,0.2230762837231838,-0.012612731202105487,0.0014799204054661847,-1
2025-10-09 01:05:00,100.1861789452054,100.37382341999395,100.09026873515172,100.30266235517604,2421.9940544380183,0.0011626694539805,100.0813349244472,99.99759529406778,0.2347501450272184,-0.015499239284583854,0.0014959039090502717,-1
2025-10-09 01:10:00,100.30266235517604,100.45562965513506,100.28771214787676,100.36756719117813,1359.786828547219,0.0006470898626027,100.1385813777934,100.031229102896,0.2322308673639363,-0.01447185249861127,0.0014713693211681224,-1
2025-10-09 01:15:00,100.36756719117813,100.46434428450964,100.26841388255228,100.38723527330822,3948.710523012181,0.0001959605346679,100.18831215689636,100.0635933002062,0.2321169161098615,-0.015888053013572878,0.0014314961083723386,-1
2025-10-09 01:20:00,100.38723527330822,100.47263150955006,100.30516395512524,100.3203902123992,2785.190079208494,-0.0006658721173765,100.21472776799692,100.08693847404192,0.2268114257593591,-0.01750825226586772,0.0014130224119718118,-1
2025-10-09 01:25:00,100.3203902123992,100.47629045195416,100.25555118686528,100.39361060340003,4386.079303304634,0.000729865492407,100.25050433507757,100.114817758529,0.2234148123656447,-0.018551435140358175,0.0014108094730919262,-1
2025-10-09 01:30:00,100.39361060340003,100.39467226822624,100.24398252753608,100.29548936323238,3165.9013570818606,-0.0009773653878759,100.25950134070854,100.13124244986568,0.2182836335773115,-0.01922191481048363,0.0013328612504919833,-1
2025-10-09 01:35:00,100.29548936323238,100.57878525251247,100.25852224423096,100.51817056059105,2106.730299964255,0.0022202513669602,100.31123518468505,100.16641773265889,0.2215756693808888,-0.01858483457288762,0.0013839227459736907,-1
2025-10-09 01:40:00,100.51817056059105,100.5805757036271,100.49030377708958,100.51092558387684,2199.8330554488753,-7.207628903094232e-05,100.3511732645234,100.19773662822416,0.2141968162247331,-0.019465545971907083,0.0013806464936519298,-1
2025-10-09 01:45:00,100.51092558387684,100.57316502146436,100.303587439625,100.32571036349567,2314.879843347001,-0.001842737188074,100.34608068431788,100.20937060415793,0.2153500348133781,-0.015311197546039601,0.0013874884201582295,-1
2025-10-09 01:50:00,100.32571036349567,100.36975079877166,100.01849948912144,100.02143959502584,1041.0534804913004,-0.0030328294448891,100.28115246645947,100.19228596696408,0.2278800294812535,-0.011311431016092666,0.0014653773646365542,-1
2025-10-09 01:55:00,100.02143959502584,100.40840050480465,99.92965568148772,100.3326015077857,3619.425540744932,0.0031109521520555,100.29144227472472,100.2050419252206,0.2395721125569626,-0.015550688036350624,0.0015634495336505978,-1
2025-10-09 02:00:00,100.3326015077857,100.4012981549686,100.00591403309272,100.05020310966522,1816.5129563314335,-0.0028146225043169,100.24319444171284,100.19096566926102,0.2560088183624854,-0.013766738027453651,0.0015790716002312655,-1
2025-10-09 02:05:00,100.05020310966522,100.06341946370004,99.96259870132046,99.9746161886914,1594.1033950589592,-0.0007554899303001,100.18947879110854,100.17129753466378,0.2440083928822279,-0.012117458033569561,0.0015816231886752563,-1
2025-10-09 02:10:00,99.9746161886914,100.0486114684448,99.94383888593752,99.95273513773805,3372.0422639027306,-0.0002188660660827,100.14213006043444,100.15142822585234,0.2355275193321426,-0.011442062100139538,0.0015580671738569414,-1
2025-10-09 02:15:00,99.95273513773805,100.0457816988948,99.59787483387667,99.64944944203631,7863.760201007473,-0.0030342911105311,100.04359393675482,100.10579379095998,0.2472669607732771,-0.010567360193154074,0.0016166570756611434,-1
2025-10-09 02:20:00,99.64944944203631,99.68481374435235,99.14939203778644,99.17322381257424,3476.3695691411467,-0.0047790091378187,99.8695199119187,100.02101470201582,0.2735172607238232,-0.0057384235364200675,0.0018038154039251176,-1
2025-10-09 02:25:00,99.17322381257424,99.23104641921404,98.95927845718036,99.04145735260694,2359.954187861781,-0.0013286495578314,99.70390740005637,99.93196403388774,0.2789342293007034,-0.0030729357352863307,0.001809736044842541,-1
2025-10-09 02:30:00,99.04145735260694,99.08257929618983,98.93773566966632,99.02762807470631,6448.215310422386,-0.0001396312036422,99.56865153498634,99.84975167396216,0.2773182344506111,-0.0017701870187409874,0.0017519598651456946,-1
2025-10-09 02:35:00,99.02762807470631,99.25467733908242,98.98545580167196,99.20623599889107,3459.267736862614,0.001803617108248,99.4961684277673,99.79125024895568,0.2807812539021514,-0.006056110744209198,0.0017843599250481946,-1
2025-10-09 02:40:00,99.20623599889107,99.2852951106176,98.86377295415392,98.92255760000349,3904.3595010453823,-0.0028594815238306,99.38144626221454,99.71227818996002,0.3001264264574043,-0.0014262378307701162,0.001840224079527465,-1
2025-10-09 02:45:00,98.92255760000349,98.99985592062494,98.65652568950584,98.74804739045234,3011.536757281636,-0.0017641093577136,99.2547664878621,99.62462084455022,0.3017740852315183,-0.00011705441801512784,0.0018540106099313221,0
2025-10-09 02:50:00,98.74804739045234,98.95842234996054,98.72559108872731,98.91506256314294,1562.9293854242014,0.0016913263310434,99.18682570291828,99.56011554624048,0.31195689485264,-0.0027895852984165526,0.0018805131226616138,-1
2025-10-09 02:55:00,98.91506256314294,98.95276514901428,98.70367086925368,98.79227755739988,3840.78849399896,-0.0012413175765286,99.1079160738146,99.4903120927095,0.3104938018470134,-0.0011618866574103492,0.0018617485865669592,-1
2025-10-09 03:00:00,98.79227755739988,98.80632821784327,98.47263701581107,98.56395551315023,2154.3339171815132,-0.0023111325084793,98.99912396168172,99.4060978582041,0.309239508445728,5.192268450637805e-05,0.001887097455774923,0
2025-10-09 03:05:00,98.56395551315023,98.57803155999632,98.52700222527282,98.53116504778468,5329.252159812701,-0.0003326821168534,98.90553217890232,99.32655851180232,0.2786884021176255,0.001270834538623422,0.0018560789976765654,1
2025-10-09 03:10:00,98.53116504778468,98.57751555864832,98.32870947012192,98.36761801081656,3760.7913454255686,-0.0016598508389584,98.7979493452852,99.2393821026218,0.2682185425926623,-0.000721262123353994,0.0018591924815943314,0
2025-10-09 03:15:00,98.36761801081656,98.66343536315335,98.27935113973068,98.65005698915316,1572.5000475145291,0.0028712597097302,98.7683708740588,99.18580709230648,0.2884516469528841,-0.0026369110396169404,0.0019140747001770535,-1
2025-10-09 03:20:00,98.65005698915316,98.74651644353408,98.4672416720002,98.55442554124495,2055.285429090082,-0.0009694008379407,98.72558180749604,99.1284087694827,0.3009160890262125,-0.001392432943612687,0.0018995473185813602,-1
2025-10-09 03:25:00,98.55442554124495,98.83713084287864,98.4673170314178,98.78960359317344,1574.9588919286205,0.002386275914419,98.73838616463152,99.09760829890914,0.2953380137721199,-0.0025637539617144878,0.0019267095998879973,-1
2025-10-09 03:30:00,98.78960359317344,98.92558982295483,98.75018730944744,98.89005398091642,4613.14331975897,0.0010168113251738,98.76871972788852,99.07873972454615,0.2696223571250807,-0.0038830821806532523,0.0019431889065725098,-1
2025-10-09 03:35:00,98.89005398091642,98.94948211342108,98.74357481411334,98.77236052186264,1390.749813136294,-0.0011901445526207,98.76944788668334,99.05088706975674,0.264918024073228,-0.0006467750629673974,0.0019374623631557386,0
2025-10-09 03:40:00,98.77236052186264,98.77805436658966,98.6076795010016,98.67283817386092,1407.649834186408,-0.0010075930905762,98.75012594411886,99.01651898831166,0.26674168400641,0.0013312828329705706,0.001897614653691138,1
2025-10-09 03:45:00,98.67283817386092,98.77481396294289,98.66429018264208,98.7631779726027,3584.7704784945386,0.0009155488016125,98.75273634981563,98.99348798688357,0.2554061299271473,2.4606452259767764e-05,0.0018912322331733013,0
2025-10-09 03:50:00,98.7631779726027,98.9067621019205,98.67117517592456,98.80906973521324,2610.2580405126646,0.0004646647014867,98.76400302689515,98.97672269127716,0.2421250420365948,0.0032750921739965744,0.0018879927089641081,1
2025-10-09 03:55:00,98.80906973521324,98.88910436220377,98.592443230898,98.59641781673282,2443.8599176018515,-0.0021521497879725,98.7304859848627,98.94214952086404,0.2387915349070703,0.004243073590233237,0.0019061278703905846,1
2025-10-09 04:00:00,98.59641781673282,98.66166374923296,98.53605193627664,98.6041258508655,2462.870456851247,7.817762859296806e-05,98.70521395806328,98.91142009631872,0.2311330028872912,0.003199763679808898,0.0019093374939597161,1
2025-10-09 04:05:00,98.6041258508655,98.8234727052796,98.59787625698434,98.73710931903328,892.8547084072811,0.0013486602819126,98.71159303025728,98.89557366202004,0.229454586354055,0.003491789831255643,0.0019256492273107232,1
2025-10-09 04:10:00,98.73710931903328,98.93086797976336,98.71904870450037,98.85233065299175,1715.6113083307746,0.0011669506506029,98.7397405548042,98.8916424793811,0.2207494487276834,-0.0026550564513591057,0.0019463465334403369,-1
2025-10-09 04:15:00,98.85233065299175,98.90626239161936,98.58087630299484,98.60543204716564,3152.319201189448,-0.0024976508312468,98.71287885327648,98.8656233491797,0.2403463597206132,0.002058713190363326,0.0019159260486428255,1
2025-10-09 04:20:00,98.60543204716564,98.87091283974216,98.5075311123965,98.78147050603782,5164.487010177232,0.0017852815531296,98.72659718382876,98.85797309071224,0.248530333921987,-0.0018784951364843039,0.0019600127118266203,-1
2025-10-09 04:25:00,98.78147050603782,98.8563161063786,98.65036514391753,98.73648849523492,3031.2518521897687,-0.0004553689125347,98.72857544611,98.84692903657796,0.2358065295675889,0.002639012576976185,0.001945566370816266,1
2025-10-09 04:30:00,98.73648849523492,98.75763808875692,98.62245351325704,98.63913055882485,2055.04532351183,-0.0009860380685379,98.71068646865298,98.82803826587312,0.2255143727080175,0.0034958685178976268,0.001892429644896718,1
2025-10-09 04:35:00,98.63913055882485,98.73154040039098,98.55822210229309,98.67749212825076,3117.311901870413,0.000388908227481,98.70404760057254,98.814352253362,0.2114789788963804,0.005570475158025889,0.0017861839404964353,1
2025-10-09 04:40:00,98.67749212825076,98.72426510487766,98.54830227850968,98.56907321831603,4489.455732548412,-0.00109871975459,98.67705272412124,98.7920541592669,0.2115190012435651,0.008707060310506387,0.0017401818987960464,1
2025-10-09 04:45:00,98.56907321831603,98.74988553482432,98.48315502139666,98.65638185545822,1513.8089689247922,0.0008857609622523,98.67291855038864,98.7797203134661,0.2158635165378452,0.00661579852512828,0.0017554485248553007,1
2025-10-09 04:50:00,98.65638185545822,98.68849417343286,98.21689451208604,98.2966691737808,2417.315252152181,-0.0036461167023582,98.59766867506708,98.73580657349471,0.2373795733777573,0.011925457810989526,0.0018454513475139075,1
2025-10-09 04:55:00,98.2966691737808,98.39094610267637,98.26134144295982,98.38992556481962,3227.971102095899,0.0009487238155949,98.5561200530176,98.70436284543334,0.2387424933360264,0.011295636427161915,0.001804283889054112,1
2025-10-09 05:00:00,98.38992556481962,98.4256125952856,98.38406403656528,98.4171951123825,5923.042774751098,0.0002771579245164,98.52833506489058,98.67825668788326,0.2248826099591962,0.010440160229923778,0.0016200414933027736,1
2025-10-09 05:05:00,98.4171951123825,98.57659915420982,98.36429406445116,98.53633135558523,8431.98319945152,0.0012105226435961,98.52993432302952,98.66535438494708,0.2188571784201179,0.008744590782650219,0.0016270592957850702,1
2025-10-09 05:10:00,98.53633135558523,98.54790206785104,98.4417588442273,98.50605577445928,5301.729621825189,-0.0003072529767391,98.52515861331548,98.65087269308457,0.2174665648963625,0.009492574681848831,0.001627266425620537,1
2025-10-09 05:15:00,98.50605577445928,98.77345428857583,98.45232777534336,98.70847702216668,2283.1953214565533,0.0020549117119343,98.56182229508572,98.65610945027385,0.2242901409633059,0.009544961379522432,0.00163764011608104,1
2025-10-09 05:20:00,98.70847702216668,98.89818520974526,98.67281801933416,98.80419962940226,2661.513726155052,0.0009697506244989,98.61029776194904,98.66957219383096,0.2252578491881688,0.009097883419623143,0.0015723124659848256,1
2025-10-09 05:25:00,98.80419962940226,98.89717337787886,98.68084791380645,98.7656081840265,6598.262173987887,-0.0003905850714899,98.64135984636454,98.6783027383942,0.2174678045773045,0.012402922378656145,0.0015420782093205122,1
2025-10-09 05:30:00,98.7656081840265,99.2174923928641,98.71350666504227,99.13267854622292,1132.324164229452,0.0037165807910832,98.73962358633622,98.719609630015,0.2275109474684598,0.012312205944361443,0.0016511501131417235,1
2025-10-09 05:35:00,99.13267854622292,99.21821995854052,98.94722844801134,99.0147696732626,2174.5814245606007,-0.0011894046916662,98.7946528037215,98.74644236121932,0.2321567009018943,0.015308138329925391,0.0016498451534046118,1
2025-10-09 05:40:00,99.0147696732626,99.08332227934628,98.8752317612083,98.9196357514424,2697.0606304666894,-0.000960805364029,98.81964939326568,98.76218721487596,0.2373642682331872,0.01762527667199265,0.0016035552277967374,1
2025-10-09 05:45:00,98.9196357514424,99.08403854002265,98.89655231072734,99.08187855332106,1652.8120506737248,0.0016401475869394,98.87209522527677,98.7912500638255,0.2383762633187152,0.018023271084047554,0.0016236335431119785,1
2025-10-09 05:50:00,99.08187855332106,99.16126158128336,98.5631824870672,98.58987213475964,3256.5844826915295,-0.0049656549284807,98.81565060717334,98.77294297936496,0.2685274253078721,0.022324523082002834,0.0018355188169841131,1
2025-10-09 05:55:00,98.58987213475964,98.81687496047022,98.4969332759158,98.80843235076262,4114.196986847107,0.0022168627595362,98.8142069558912,98.77616928585566,0.2723282232454979,0.020016655072584655,0.0018067474000102808,1
2025-10-09 06:00:00,98.80843235076262,98.88178168716895,98.50016320794714,98.59590999411746,2098.689036159245,-0.0021508524281683,98.77054756353648,98.75978207751582,0.265900995950854,0.01839892064583082,0.001840051036237604,1
2025-10-09 06:05:00,98.59590999411746,99.054219703597,98.5487997790194,98.99705533018032,7128.380057357859,0.0040685798841635,98.81584911686524,98.7813523732126,0.2927449434409307,0.01430637632934828,0.0019317403043336797,1
2025-10-09 06:10:00,98.99705533018032,99.0454107290551,98.91927518009892,98.98395998997825,1501.6741001493858,-0.000132280098215,98.84947129148786,98.79977124746402,0.2987868713149209,0.015163635210319715,0.00192418717318656,1
2025-10-09 06:15:00,98.98395998997825,99.2746230115724,98.90082851212917,99.22717264680747,752.5168443470794,0.002457091602052,98.9250115625518,98.8386259201316,0.3103218291495346,0.009870417963890654,0.0019572288768567483,1
2025-10-09 06:20:00,99.22717264680747,99.4841393418028,99.19286546431567,99.42732008357864,1965.7032409070043,0.0020170627806113,99.02547326675716,98.89214357135404,0.3235454472826323,0.005928066975246837,0.0019727231618019403,1
2025-10-09 06:25:00,99.42732008357864,99.48957074827396,99.28517343630952,99.30907260103206,5664.078579598989,-0.0011892856253913,99.08219313361217,98.93004621041568,0.3152076471920558,0.006581131400124285,0.0019845254445499134,1
2025-10-09 06:30:00,99.30907260103206,99.51916657786296,99.26938358724706,99.46890195497352,3635.711540702927,0.0016094134176802,99.15953489788444,98.97903309628458,0.3169516329209705,0.0044846160736906615,0.0020001866826604457,1
2025-10-09 06:35:00,99.46890195497352,99.50901718961384,99.40760426584828,99.50130239209535,4008.8469957592006,0.0003257343399296,99.2278883967266,99.02651212317646,0.3087435943276233,0.0013505767066963603,0.001953203913128932,1
2025-10-09 06:40:00,99.50130239209535,99.52845305351948,99.38495550536577,99.44468639873546,4782.944302757279,-0.0005689975105732,99.27124799712838,99.06452796640907,0.282994438637045,0.0019833691640884776,0.001958782568776042,1
2025-10-09 06:45:00,99.44468639873546,99.53279129385848,99.36880173650955,99.39799125051346,3126.5593740992167,-0.0004695590072532,99.2965966478054,99.09484281041856,0.2753514419813103,-0.0003338608965314238,0.0019527606771391468,0
2025-10-09 06:50:00,99.39799125051346,99.51547781213986,99.34433221398976,99.44113186551272,2263.3253071315703,0.00043401898224,99.32550369134688,99.12632363360896,0.2727125191250325,0.0015858701176465484,0.0019454632323148394,1
2025-10-09 06:55:00,99.44113186551272,99.7141994035474,99.35248636180816,99.65064562317473,2559.0933349185,0.0021069124388624,99.39053207771244,99.17398926902402,0.2851572914424573,-0.00322609050694167,0.0019104279446934753,-1
2025-10-09 07:00:00,99.65064562317473,99.7112789097489,99.63127932879382,99.70310871899974,3671.1523315701943,0.0005264702049541,99.45304740596993,99.22209103720364,0.2481516119238073,-0.006605545674094326,0.0018923987498504415,-1
2025-10-09 07:05:00,99.70310871899974,100.0003419621312,99.64342061567817,99.99059035601375,4979.124794882674,0.0028833768646496,99.56055599597867,99.2919546116409,0.2507930163451358,-0.010619357364471949,0.0019412728755275345,-1
2025-10-09 07:10:00,99.99059035601375,100.40032228370772,99.97582042735112,100.3532205003002,5140.96759078565,0.0036266426970306,99.719088896843,99.38843332879176,0.2538561147119062,-0.014763586466000178,0.0020055074615918716,-1
2025-10-09 07:15:00,100.3532205003002,100.62724985456404,100.3055125890677,100.53050146412662,2724.651064167977,0.0017665697517488,99.88137141029972,99.49225770473129,0.2407359247775287,-0.01800117693429726,0.0020169035484315883,-1
2025-10-09 07:20:00,100.53050146412662,100.70995303536276,100.52945090953683,100.6631216998543,3684.4912906678,0.0013192039609493,100.03772146821063,99.59869988610608,0.2446192516967958,-0.020980513410925106,0.00199704199430724,-1
2025-10-09 07:25:00,100.6631216998543,100.9185502000224,100.58878533651252,100.86765811000424,5627.71953399236,0.002031890196688,100.20370879656936,99.71405972464228,0.2414742777015551,-0.02386246509079748,0.002011464252476518,-1
2025-10-09 07:30:00,100.86765811000424,100.9601263002155,100.71059654965212,100.7908440108838,4778.191740295877,-0.0007615334841687,100.32113583943226,99.81194920520969,0.23849255434986,-0.024145515264194728,0.001870331891751847,-1
2025-10-09 07:35:00,100.7908440108838,100.86714261702912,100.77266274313972,100.78624665939064,3107.7342727806345,-4.561278892223353e-05,100.41415800342394,99.90052170104433,0.2306413087730732,-0.021701614249672874,0.0018757767069403164,-1
2025-10-09 07:40:00,100.78624665939064,100.82269464651144,100.40494895418796,100.40996831810271,2667.459964958788,-0.0037334294485591,100.4133200663597,99.9468350298678,0.2426386446093289,-0.014792015710101247,0.0020358199498505133,-1
2025-10-09 07:45:00,100.40996831810271,100.43753443402036,100.37996065383874,100.4133444592312,2353.0454670690465,3.3623565319551574e-05,100.413324944934,99.98924497799176,0.2395072772104772,-0.015722846908263644,0.0020355994811356182,-1
2025-10-09 07:50:00,100.4133444592312,100.5431090834029,100.3287083381454,100.48491665093916,6149.690882753676,0.0007127756982241,100.42764328613504,100.03430603916878,0.2445717912893193,-0.01503258744735314,0.002029041727571729,-1
2025-10-09 07:55:00,100.48491665093916,100.51658741329568,100.13391260493196,100.2065863142066,1327.4837938927865,-0.0027698717977684,100.38343189174935,100.04996788235404,0.2601921663618063,-0.013717415065809146,0.0020973731369716745,-1
2025-10-09 08:00:00,100.2065863142066,100.27848586286034,99.98494576388129,100.0167318962034,1740.648618137591,-0.0018946301334713,100.31009189264016,100.04694642906762,0.268934630706732,-0.009673299862520413,0.002136250129209817,-1
2025-10-09 08:05:00,100.0167318962034,100.02891967856846,99.95160107826972,99.96263865704394,1947.5476540399552,-0.0005408418984895,100.24060124552092,100.03928208615638,0.2486207420324098,-0.009837210910082494,0.0021381706324361542,-1
2025-10-09 08:10:00,99.96263865704394,100.04497537989532,99.85848095993158,99.91498179151316,4090.1968632617054,-0.000476746774305,100.1754773547194,100.02798205937064,0.2562275162473152,-0.009848481813758303,0.0020538421563181847,-1
2025-10-09 08:15:00,99.91498179151316,99.99338850332848,99.57053288168544,99.63568653339206,5948.3858696610705,-0.0027953291199501,100.06751919045394,99.9923188297362,0.2609371073323164,-0.00435333125979398,0.0021089708982151394,-1
2025-10-09 08:20:00,99.63568653339206,99.71235192643746,99.60113986558338,99.64192192327116,4697.832822741857,6.258189305508033e-05,99.9823997370174,99.96046456551213,0.2385592647964226,-0.006453608869826155,0.0020985728483104505,-1
2025-10-09 08:25:00,99.64192192327116,99.6648368312805,99.34337634418266,99.36480614804114,4389.122074597082,-0.0027811163201308,99.85888101922214,99.90631380028748,0.2385394949108154,-0.005971220419662804,0.0021476721266853165,-1
2025-10-09 08:30:00,99.36480614804114,99.66132012231512,99.27789387661063,99.59883258500318,2522.5383078840705,0.0023552246115527,99.80687133237836,99.87836096253436,0.2530340749021401,-0.008041789455033643,0.001974550982880026,-1
2025-10-09 08:35:00,99.59883258500318,99.60892643526228,99.25561464332742,99.3291636213192,1332.2223304348995,-0.0027075514510055,99.71132979016652,99.8284339315148,0.2547159983610671,-0.004833412986196883,0.0020134690498665973,-1
2025-10-09 08:40:00,99.3291636213192,99.41903207701266,98.98843150594313,99.0445152805072,7168.480607153396,-0.0028657076173236,99.57796688823468,99.757168599605,0.2676496283972207,-0.0021936315142361273,0.0020437441865559162,-1
2025-10-09 08:45:00,99.0445152805072,99.06366893257012,98.84353767317992,98.92875454393872,2975.546456165476,-0.0011687748305965,99.44812441937547,99.68185823090808,0.2766247273615647,-0.004197360945141337,0.001925603207472653,-1
2025-10-09 08:50:00,98.92875454393872,98.99298637558658,98.7733053020374,98.87164705230244,11006.920324103392,-0.0005772587747568,99.33282894596088,99.60820266921664,0.2624772545919711,-0.0013450410540359892,0.0019280470283085027,-1
2025-10-09 08:55:00,98.87164705230244,98.91228854412005,98.62284157536232,98.72083411997724,1556.029597685021,-0.001525340548291,99.21042998076416,99.52753280110396,0.2790396252045489,0.0007053967225356672,0.0018902452688508331,0
2025-10-09 09:00:00,98.72083411997724,98.77980135451232,98.47637532022702,98.55115772504492,3250.9220924724686,-0.0017187496078701,99.07857552962032,99.43877143055316,0.2853985744208204,0.002558143209691055,0.0018667877839927654,1
2025-10-09 09:05:00,98.55115772504492,98.57841090373766,98.43161947094224,98.46070713956377,6359.263170055874,-0.0009178033781552,98.955001851609,99.34985649500864,0.2685497618802281,0.00013895030867172586,0.0018631113477425572,0
2025-10-09 09:10:00,98.46070713956377,98.51903112921154,98.30865278751176,98.35719714832794,1876.904248748795,-0.0010512822245842,98.8354409109528,99.25961473621948,0.2626096363602812,0.0016722523055330285,0.0018358693164371638,1
2025-10-09 09:15:00,98.35719714832794,98.65437838217262,98.28415579848222,98.59902241271617,2887.4487864495977,0.0024586433062294,98.78815721130547,99.19956088862828,0.283531349459686,-0.0009735384273196201,0.0018988163588098757,-1
2025-10-09 09:20:00,98.59902241271617,98.95792691892152,98.56179084395278,98.92470248929057,1771.4665960970867,0.0033030761219028,98.8154662669025,99.17457376141574,0.2985057533886147,-0.005477439851801269,0.002000639486910391,-1
2025-10-09 09:25:00,98.92470248929057,98.93015970740396,98.77338421226445,98.83456081675196,3933.345078042607,-0.0009112149975722,98.8192851768724,99.14366349371905,0.2795000300669353,-0.0036673362950099264,0.0020043505170722433,-1
2025-10-09 09:30:00,98.83456081675196,99.03531132758528,98.7663075175542,98.97436835424392,5680.122142402896,0.001414561225715,98.8503018123467,99.128273026494,0.2907708692938645,-0.002287341440501911,0.002021394767317229,-1
2025-10-09 09:35:00,98.97436835424392,99.04206297894903,98.77802053932666,98.8320109774068,2512.7574193503874,-0.0014383256918354,98.84664364535872,99.10134011294063,0.2866695801884751,-0.0011323835979399899,0.001990912216267093,-1
2025-10-09 09:40:00,98.8320109774068,99.05224536087135,98.82021583943448,99.04924005730211,2779.467664647241,0.0021979627627426,98.8871629277474,99.09660374424622,0.2758555284550762,-0.0035250500158202636,0.002033568792873744,-1
2025-10-09 09:45:00,99.04924005730211,99.1068748180545,98.95223755418525,98.97928509744624,5970.636614403776,-0.000706264478308,98.90558736168718,99.08593841271896,0.2616644907361051,-0.006428485482304791,0.001955291277419062,-1
2025-10-09 09:50:00,98.97928509744624,99.06561641639104,98.8820471544214,98.93097091041744,2654.643681565041,-0.0004881242270163,98.91066407143325,99.07185045796426,0.2440193972289707,-0.004141650243519979,0.001818152827373461,-1
2025-10-09 09:55:00,98.93097091041744,99.23558874121848,98.86582858318144,99.20193938461522,2383.22298967904,0.0027389650753872,98.96891913406964,99.08367672402343,0.2547071757037439,-0.005498759861198077,0.0018638484549720665,-1
2025-10-09 10:00:00,99.20193938461522,99.21759726465484,98.9510568271928,98.9988719321406,14051.836100539156,-0.0020470109126325,98.97490969368384,99.07596719748862,0.2580542731260919,-0.00508798812078437,0.0018578577277846657,-1
2025-10-09 10:05:00,98.9988719321406,99.02741651764822,98.6993674682026,98.77147698857412,5428.22689400864,-0.0022969447947077,98.9342231526619,99.04828626940548,0.2608115646037997,-0.004520549221945447,0.0018233940634948685,-1
2025-10-09 10:10:00,98.77147698857412,98.87655793740991,98.72200456583256,98.79787974338744,3240.7805623635686,0.0002673115318136,98.906954470807,99.02552203976748,0.2501778029818027,-0.0032037004238134603,0.001830501600828494,-1
2025-10-09 10:15:00,98.79787974338744,98.9238948313876,98.79555012165854,98.84906475196384,2907.168625860823,0.0005180780064244,98.89537652703838,99.00948046814896,0.248860179905635,-0.003022089724967869,0.0018389229825149184,-1
2025-10-09 10:20:00,98.84906475196384,98.90279832730388,98.78345513576616,98.82724811047564,2983.2145926585767,-0.0002207066049936,98.88175084372584,98.99291389017866,0.2423576691797738,-0.002015735527069462,0.001748764336487521,-1
2025-10-09 10:25:00,98.82724811047564,98.84579069273096,98.48483071930931,98.51351485326452,2572.1252287464076,-0.0031745623116048,98.80810364563358,98.9493321595501,0.2416960541605775,0.0007461759828233383,0.0018084309100061791,0
2025-10-09 10:30:00,98.51351485326452,98.74854179718326,98.43356083618852,98.73866062793694,5488.286441561639,0.0022854303291053,98.79421504209428,98.93018020213071,0.2358992603052903,-0.0003570602913689491,0.0018655872995134565,0
2025-10-09 10:35:00,98.73866062793694,98.81388508543624,98.73498331591234,98.79047147281146,2221.7530926411227,0.0005247270374646,98.79346632823771,98.91747940855625,0.2303368513327462,-0.0026184113671672282,0.0018294597560522445,-1
2025-10-09 10:40:00,98.79047147281146,98.81772436332484,98.73659575426876,98.80326569998644,3024.1951088340707,0.0001295087166224,98.79542620258746,98.9070963441408,0.2169171941202451,-0.0021589878721095523,0.0018125666331886337,-1
2025-10-09 10:45:00,98.80326569998644,98.84968867381716,98.44035013681405,98.47438828521284,4724.82827627867,-0.0033286087503647,98.73121861911254,98.86775924787462,0.2272954867902967,0.0034268171046785145,0.0018860609995815431,1
2025-10-09 10:50:00,98.47438828521284,98.61262866403447,98.4418019725204,98.521675198025,3881.7176625713496,0.000480195039904,98.68930993489504,98.83629706152465,0.2229238560815239,0.002120902602747332,0.0018934719538044587,1
2025-10-09 10:55:00,98.521675198025,98.54042509460623,98.47404968176367,98.50303247550124,5238.446413907424,-0.000189224579122,98.65205444301628,98.80600028097706,0.2166194381510442,0.003527514100298168,0.001844169692052127,1
2025-10-09 11:00:00,98.50303247550124,98.54656293777542,98.35910870079915,98.38284838154814,3353.487695014963,-0.0012201055229745,98.59821323072266,98.76753192648351,0.2168969363658023,0.003406691597495737,0.0018487220308236964,1
2025-10-09 11:05:00,98.38284838154814,98.53836298059994,98.28516588732523,98.47210124466731,2740.877324589456,0.0009071994213161,98.5729908335116,98.74067459177294,0.2085710031684919,0.0023178545504491943,0.001809766198781263,1
2025-10-09 11:10:00,98.47210124466731,98.79939947478783,98.3945776014072,98.74798017995975,811.4892832722,0.002801594886322,98.60798870280124,98.74133873615357,0.2184482485912491,0.0009285526143039124,0.0018323157395993682,1
2025-10-09 11:15:00,98.74798017995975,98.78291098751652,98.63362712519378,98.72009522922455,3314.1671942106063,-0.000282385023819,98.6304100080859,98.73940750825092,0.2056793066539007,0.000498033485127003,0.001777423642597471,0
2025-10-09 11:20:00,98.72009522922455,98.74324735087995,98.63033315199212,98.70008653207114,4182.044349840795,-0.0002026810965584,98.64434531288296,98.73583287405276,0.2027050800332211,0.000741518973525368,0.001709168174723157,0
2025-10-09 11:25:00,98.70008653207114,98.7105871415963,98.2547435905442,98.3429982001484,2193.27507542048,-0.0036179130583304,98.58407589033604,98.70012063097056,0.2260978544134368,0.003748163481172684,0.0018100834883078873,1
2025-10-09 11:30:00,98.3429982001484,98.60770824231264,98.32919047929126,98.52123343065465,5316.683684964659,0.0018123835328212,98.57150739839976,98.68385815821456,0.2374674666622687,-0.0009152576418353098,0.0018423407514090138,-1
2025-10-09 11:35:00,98.52123343065465,98.7528410745031,98.44597733566611,98.65645174217408,3133.6334404843574,0.0013724788739539,98.58849626715464,98.68136666584724,0.2336034499062204,-0.0024802982907966564,0.0018417110304501103,-1
2025-10-09 11:40:00,98.65645174217408,98.71128334449598,98.4888695607527,98.49516684777882,3693.346356198369,-0.0016348134516003,98.56983038327948,98.6644394096592,0.2269915086739737,-0.00045106976469044824,0.001839269896029629,0
2025-10-09 11:45:00,98.49516684777882,98.56739291453852,98.25360045386022,98.32497566512302,4878.238522813456,-0.0017279140500245,98.5208594396482,98.6335790692468,0.2437694151850016,-0.002655541817369933,0.0018575653743484507,-1
2025-10-09 11:50:00,98.32497566512302,98.52642044226856,98.27819603322862,98.48136093418168,2787.7426940491932,0.001590493849612,98.5129597385549,98.61974105696817,0.2557048294695627,-0.006243589266227367,0.0018699002690472691,-1
2025-10-09 11:55:00,98.48136093418168,98.58724032190592,98.42380915675513,98.55033400905424,4061.240352916534,0.0007003667924398,98.52043459265478,98.61343132533962,0.2381400171943976,-0.00715331319315049,0.001821784937477098,-1
2025-10-09 12:00:00,98.55033400905424,98.67100349553586,98.51660081416388,98.62803851541685,1781.3541918407277,0.0007884753222189,98.5419553772072,98.61475925171028,0.2369668736128198,-0.007683057376438263,0.0017258018510450507,-1
2025-10-09 12:05:00,98.62803851541685,98.66893149652094,98.54479159799288,98.58702327203154,6628.312566042125,-0.0004158578432934,98.55096895617208,98.6122377990122,0.241092908304642,-0.006267610125360146,0.0017204337418546408,-1
2025-10-09 12:10:00,98.58702327203154,98.76237280962944,98.5296593418948,98.70340497300374,2939.739417686785,0.0011804971598652,98.58145615953842,98.62052572392052,0.2443257105016708,-0.008027735836242167,0.0017143749516379202,-1
2025-10-09 12:15:00,98.70340497300374,98.70949010060548,98.52487138565152,98.53179737933924,1412.1297816003598,-0.0017386187813016,98.5715244034986,98.61245951077676,0.2394272549073335,-0.005314360858159617,0.0017228270750534308,-1
2025-10-09 12:20:00,98.53179737933924,98.67603857095231,98.4506879867234,98.58995064761535,1738.6188317128874,0.0005901979850444,98.57520965232194,98.61041325048936,0.226607877110782,-0.0046752495621716905,0.001676667021570038,-1
2025-10-09 12:25:00,98.58995064761535,98.8896595701125,98.57566398158669,98.81184200336136,1773.2032742702595,0.0022506488165217,98.62253612252984,98.62872495529592,0.238373000411001,-0.006684056940103322,0.0017254432193752345,-1
2025-10-09 12:30:00,98.81184200336136,98.89418881341052,98.64506294346344,98.73063007537952,2048.168723234853,-0.0008218845670246,98.64415491309978,98.63798905712169,0.2481024054866612,-0.00862623014458197,0.001729172620544818,-1
2025-10-09 12:35:00,98.73063007537952,98.9064683178746,98.63478883519316,98.8505033114807,2518.457737575004,0.001214144344158,98.68542459277596,98.65730853479069,0.234947829174472,-0.01235740435723387,0.0016694790894854416,-1
2025-10-09 12:40:00,98.8505033114807,98.91320033734532,98.68106027331218,98.71800840446726,6693.791043549296,-0.0013403564228291,98.69194135511424,98.66282670476129,0.2316351363895979,-0.012125793808106189,0.0016475543316914615,-1
2025-10-09 12:45:00,98.71800840446726,98.72372852258452,98.62885903837856,98.70034525262956,4247.714953259365,-0.0001789253260185,98.69362213461731,98.6662374818402,0.2164926896302392,-0.0151787510660224,0.0015977187898334072,-1
2025-10-09 12:50:00,98.70034525262956,98.92132802829718,98.6769549373362,98.8396728751131,5170.455279361202,0.0014116224429296,98.72283228271648,98.68200433577412,0.2180612115743605,-0.014030566621440421,0.0016170748159986396,-1
2025-10-09 12:55:00,98.8396728751131,98.90895140529253,98.70090012874697,98.76926114230363,1831.1303403133088,-0.0007123833048133,98.73211805463391,98.68993677273134,0.2105082698505934,-0.012595331625240291,0.0016193415141139416,-1
2025-10-09 13:00:00,98.76926114230363,98.8662425371924,98.70715812471737,98.77327451892326,3586.0465101519926,4.063386293662319e-05,98.7403493474918,98.69751293147606,0.2041411272388152,-0.011691993242528675,0.0016189762606093983,-1
2025-10-09 13:05:00,98.77327451892326,98.85481688742838,98.62167062232938,98.71160383463122,1385.4139893700026,-0.0006243661009762,98.73460024491968,98.69879392267198,0.209120777235116,-0.013737913284863401,0.0015180946541961079,-1
2025-10-09 13:10:00,98.71160383463122,98.75353108336952,98.39775935828062,98.4310611188742,3746.569332882069,-0.0028420439427466,98.67389241971058,98.67445457687218,0.2235042803577534,-0.007722131837967328,0.0015463859603940958,-1
2025-10-09 13:15:00,98.4310611188742,98.4363273270136,98.40920310403192,98.4117543135419,2155.88637747862,-0.00019614545564,98.62146479847684,98.65057273475124,0.2165745892472961,-0.0081978309524956,0.001542291882248729,-1
2025-10-09 13:20:00,98.4117543135419,98.4554435336836,98.40686959582774,98.45073865604564,3549.848708445331,0.0003961350224439,98.5873195699906,98.63240600032346,0.2034217656845232,-0.009024345120850374,0.0015443957738224617,-1
2025-10-09 13:25:00,98.45073865604564,98.49845144410588,97.98706385907002,98.0638695805524,1709.589275274956,-0.0039295700649321,98.48262957210298,98.58072087125336,0.2267623992618002,-0.004337924196885723,0.0015878332779837787,-1
2025-10-09 13:30:00,98.0638695805524,98.11466922457684,97.83529735244912,97.86648376612956,4798.759177843914,-0.002012829141529,98.35940041090832,98.51579022533302,0.2306210626831435,0.002117898740972013,0.0016178394856055567,1
2025-10-09 13:35:00,97.86648376612956,97.92339524026774,97.84215063286904,97.84537260459788,2280.6046830510827,-0.0002157139065315,98.25659484964622,98.45484316890256,0.2139959926026346,0.003952635554176576,0.0016178367560480348,1
2025-10-09 13:40:00,97.84537260459788,97.91579342140884,97.75660663436054,97.87027363657734,3711.8734162691712,0.0002544937110116,98.17933060703244,98.40170048414572,0.2075717723955798,0.00397612191399932,0.0016090571373671347,1
2025-10-09 13:45:00,97.87027363657734,97.99810613631008,97.7978869537401,97.96911824674264,2504.7491021747223,0.001009955387806,98.1372881349745,98.36237482619998,0.2024674652447607,0.0013902576132724942,0.0016113605439726753,1
2025-10-09 13:50:00,97.96911824674264,97.98891219455304,97.86346759240335,97.91104011174284,1232.1256319823965,-0.0005928208402727,98.09203853032815,98.32134439761296,0.1948463608245144,0.003946057841852646,0.0015192912068596055,1
2025-10-09 13:55:00,97.91104011174284,98.0099558261024,97.83319772032628,98.00816385206237,1517.1818510125709,0.0009919590294278,98.075263594675,98.29287343892652,0.2006955480795257,0.004332415421860469,0.0015354319728872567,1
2025-10-09 14:00:00,98.00816385206237,98.22271482966822,98.00305573363764,98.12901802401556,3088.008638340252,0.0012331031130796,98.08601448054311,98.27797749211643,0.1989302627273547,-7.514699126620616e-05,0.0015569331784024215,0
2025-10-09 14:05:00,98.12901802401556,98.1525740651736,98.10811960453002,98.1513780250544,2352.874273277627,0.0002278632915024,98.09908718944538,98.26646844965626,0.1872447758772141,0.0005717917561538499,0.0014259268091332449,0
2025-10-09 14:10:00,98.1513780250544,98.17170008004474,97.84315887663774,97.87895693802972,1700.693640225897,-0.0027755197380432,98.05506113916226,98.23124013041748,0.1993488323723541,0.0026827117737231454,0.0014617938888305258,1
2025-10-09 14:15:00,97.87895693802972,97.91691229923909,97.62000627773529,97.62896767114464,3375.4477992258135,-0.002554065497892,97.96984244555874,98.1764880886654,0.2039031006869822,0.00517883331842639,0.0014897827160483886,1
2025-10-09 14:20:00,97.62896767114464,97.68124257430368,97.51149668139402,97.5209741894078,1368.9128317682823,-0.0011061622827008,97.88006879432857,98.11689591600562,0.1906155412456079,0.004031148319410427,0.0014776834171509568,1
2025-10-09 14:25:00,97.5209741894078,97.56075038953442,97.18145146791134,97.20219728190943,857.9401668011129,-0.0032688035589064,97.74449449184476,98.03374149472414,0.2157708768628521,0.004828209456383181,0.0015487905913664699,1
2025-10-09 14:30:00,97.20219728190943,97.48901503299952,97.13482531596736,97.45289625999744,2134.1137335612675,0.0025791492898139,97.68617484547528,97.98093738247626,0.2376005753754465,-0.0006275073014861965,0.0015979860672672853,0
2025-10-09 14:35:00,97.45289625999744,97.56914627113822,97.41568922401623,97.52522954383636,4083.939465140651,0.0007422384209694,97.65398578514753,97.93950939714536,0.2120341083815984,-0.002010735334507574,0.0015988711572894883,-1
2025-10-09 14:40:00,97.52522954383636,97.6718524152073,97.4881783263014,97.61841806070558,3305.9089862097776,0.0009555324022831,97.64687224025911,97.91031927565083,0.2051985524371815,-0.001344399882058367,0.001602893333626257,-1
2025-10-09 14:45:00,97.61841806070558,97.7111612238505,97.33855085522326,97.35551238094126,1821.2850880271965,-0.0026931975029632,97.58860026839557,97.8598822852227,0.2260103925249349,-4.300482781627313e-05,0.001656920592831586,0
2025-10-09 14:50:00,97.35551238094126,97.71942735821304,97.26996877643934,97.67096348796323,1525.9525720846425,0.0032401976971541,97.60507291230913,97.8427078491082,0.2467440921481767,-0.0025327535074245455,0.00175694092853444,-1
2025-10-09 14:55:00,97.67096348796323,97.7589436025928,97.5488816391348,97.60499138794096,2229.156051261954,-0.0006754525364174,97.60505660743549,97.82109726172936,0.2474471479258925,-0.004219702425924843,0.0017393511489441592,-1
2025-10-09 15:00:00,97.60499138794096,97.6680574006864,97.54744692123698,97.56228521301084,5661.471664231697,-0.0004375408913299,97.59650232855056,97.79756889366402,0.2471018534473015,-0.0049582151423666065,0.001731974140441867,-1
2025-10-09 15:05:00,97.56228521301084,97.6608661399504,97.50816185281062,97.63847594785868,1457.2435496811236,0.000780944549233,97.60489705241218,97.7831058985908,0.2453837235447054,-0.004282250082095707,0.0016801559778693907,-1
2025-10-09 15:10:00,97.63847594785868,98.12297260905424,97.55171237730475,98.0737550688812,2447.2125895113636,0.0044580695959961,97.698668655706,97.8095285504354,0.2704980903817692,-0.01081697643620061,0.0018817052624465487,-1
2025-10-09 15:15:00,98.0737550688812,98.31747247547784,98.03359054431591,98.23211970316648,3066.842306976407,0.001614750390398,97.8053588651981,97.8479459279564,0.2876000525616494,-0.014543241311110844,0.0018927643192368133,-1
2025-10-09 15:20:00,98.23211970316648,98.28370381843057,98.20768704275125,98.25941777631284,3912.475491676833,0.0002778935569021,97.89617064742106,97.88535245962515,0.2695625934382438,-0.01415024719680813,0.0018827494698174048,-1
2025-10-09 15:25:00,98.25941777631284,98.2842866542674,98.09002126216464,98.10532055925076,3175.123932608902,-0.001568269185279,97.938000629787,97.90534955959112,0.2622311199095993,-0.011626136070844839,0.001899530691866956,-1
2025-10-09 15:30:00,98.10532055925076,98.3581535496339,98.10419498241572,98.29740273937972,10609.881329524384,0.0019579180724753,98.00988105170556,97.94099075775372,0.2682463109316363,-0.012619195242656533,0.0019167402812646985,-1
2025-10-09 15:35:00,98.29740273937972,98.50175557269569,98.25050150949792,98.43277593260328,5420.515450687504,0.0013771797570529,98.0944600278851,97.98569850092186,0.2591002496155415,-0.0142823939847746,0.0019331935841432168,-1
2025-10-09 15:40:00,98.43277593260328,98.44304024918937,98.09817120870962,98.12164392355515,1204.211385074717,-0.0031608578148923,98.09989680701912,97.9980571757067,0.2584344870046534,-0.011073206508354416,0.0020068610027877696,-1
2025-10-09 15:45:00,98.12164392355515,98.25636889332146,98.03180301044944,98.20750017386428,4855.384582741648,0.0008749980827473,98.12141748038816,98.01709744826648,0.2635136895582275,-0.013544244547431417,0.0020142406035566903,-1
2025-10-09 15:50:00,98.20750017386428,98.22784961996182,98.091963126824,98.1415379682071,3683.073635511018,-0.000671661589394,98.12544157795196,98.02841022280654,0.2601002898605072,-0.011494268474176339,0.001956665660490135,-1
2025-10-09 15:55:00,98.1415379682071,98.20583481179108,98.07486656030784,98.13457182176354,2302.185955517134,-7.098061216259666e-05,98.12726762671429,98.03806127725716,0.242840138635937,-0.014127665138301881,0.0019565721320882567,-1
2025-10-09 16:00:00,98.13457182176354,98.21479192794273,97.84280985637922,97.9140957006187,1919.887955439214,-0.0022466712500186,98.08463324149515,98.02679167938096,0.237306102192351,-0.01333162849429137,0.001991025796759187,-1
2025-10-09 16:05:00,97.9140957006187,97.94329849908308,97.58422860433916,97.67150985000718,4472.059989907526,-0.0024775375687812,98.00200856319758,97.99449333125604,0.2479495258556312,-0.013366624801211757,0.001917751469554892,-1
2025-10-09 16:10:00,97.67150985000718,97.70208973468704,97.39039058346184,97.39174385604332,1910.7292376140188,-0.0028643561914164,97.87995562176673,97.93969792441852,0.2615987166967579,-0.009524948304615477,0.0019504422083177666,-1
2025-10-09 16:15:00,97.39174385604332,97.44531404457676,97.30654136814375,97.3291321187866,7590.15045351086,-0.0006428854723997,97.76979092117072,97.88419194208836,0.2606036016462738,-0.010218900534400888,0.0019523665922687287,-1
2025-10-09 16:20:00,97.3291321187866,97.5270525715232,97.24765203405644,97.48717987097804,6308.39461534063,0.0016238483663717,97.7132687111322,97.84809993562378,0.2397564806260805,-0.010694917558603634,0.001976678273531911,-1
2025-10-09 16:25:00,97.48717987097804,97.52775546868018,97.32727016197389,97.35132562389435,2062.31847469033,-0.0013935601303012,97.64088009368464,97.80293863455746,0.2337995788792507,-0.009208177288010266,0.0019779951852441835,-1
2025-10-09 16:30:00,97.35132562389435,97.47958240479169,97.25490238934516,97.42358701261556,2963.9867111444814,0.0007422743168428,97.59742147747085,97.76845212347185,0.2444183817197642,-0.012767367985425881,0.0019834231861654596,-1
2025-10-09 16:35:00,97.42358701261556,97.45616147755044,97.09655707209131,97.19312736899889,3053.7530821705222,-0.0023655425824841,97.51656265577644,97.7161498730652,0.2562283112452174,-0.005571754961608222,0.002009478189485282,-1
2025-10-09 16:40:00,97.19312736899889,97.19687680896578,97.06784381640684,97.0785504131438,2469.1036814686113,-0.0011788586184711,97.42896020724992,97.6581862857996,0.2473050559124142,-0.005284642943869877,0.001996902318884938,-1
2025-10-09 16:45:00,97.0785504131438,97.29747945634828,97.07228805520091,97.22036357621526,1136.0335535416673,0.0014608084120328,97.387240881043,97.61838422129192,0.24544343719453,-0.006966208001029206,0.0020198624973819393,-1
2025-10-09 16:50:00,97.22036357621526,97.24013722579303,97.00734799671152,97.0128935712914,7002.136715237374,-0.0021340179905952,97.31237141909268,97.56333961674645,0.2374377363803706,-0.0036571038891376473,0.0019975176197125394,-1
2025-10-09 16:55:00,97.0128935712914,97.05921646932268,96.7338052191241,96.8035062818214,1603.3654960676972,-0.0021583449556232,97.21059839163844,97.49426385902598,0.2446409769036981,-0.0016874823378917325,0.0019841382287940842,-1
2025-10-09 17:00:00,96.8035062818214,96.9054804005338,96.75465713858098,96.86902272536358,3351.2771903393113,0.0006767982489337,97.14228325838346,97.43742375596575,0.2457078889619128,0.001170555137522733,0.001984742878365857,1
2025-10-09 17:05:00,96.86902272536358,97.04016906805374,96.86216782159978,96.96473475315506,2192.638853291832,0.000988056089539,97.1067735573378,97.3944520284375,0.2490673886026775,2.6019490612316787e-05,0.001914363457944888,0
2025-10-09 17:10:00,96.96473475315506,97.125910421199,96.89117534452063,97.05696862236545,3085.135379386173,0.0009512104523894,97.09681257034332,97.36377171879458,0.2392640318251691,0.00014390556450205594,0.0018624931555942335,0
2025-10-09 17:15:00,97.05696862236545,97.08545470227207,96.94434281925928,97.0269202457188,4117.318226797479,-0.0003095952518725,97.08283410541844,97.33314885760586,0.2236956024158029,0.002932818267162851,0.0018559545331290064,1
2025-10-09 17:20:00,97.0269202457188,97.10825457414624,96.98740599408536,97.0351226974504,3816.222896514556,8.453789639850662e-05,97.07329182382485,97.306055570319,0.2100634187612087,0.002803119924096764,0.001845448171483163,1
2025-10-09 17:25:00,97.0351226974504,97.0575730746904,96.7815905927857,96.87735377511754,2437.033070009175,-0.0016258950156096,97.03410421408338,97.26708267984614,0.2198641191520453,0.0035682736989464114,0.0018079296402272742,1
2025-10-09 17:30:00,96.87735377511754,97.10453614226338,96.84225315060571,97.01347278233196,2490.256544882367,0.0014050652903916,97.0299779277331,97.24402723461758,0.2186414373085372,-0.0013414419816092371,0.0017240062447312404,-1
2025-10-09 17:35:00,97.01347278233196,97.01982797863276,96.69848917152986,96.74815945257504,3112.7167781269727,-0.002734809116175,96.9736142327015,97.19894834534098,0.227273830194008,-0.0006594988380538291,0.0017794997052196547,0
2025-10-09 17:40:00,96.74815945257504,96.76244011215051,96.57786016860192,96.60874135238356,1999.4020949576789,-0.0014410413694724,96.9006396566379,97.14529316416304,0.2244095393441562,-0.00017778446436533812,0.0017912783934118037,0
2025-10-09 17:45:00,96.60874135238356,96.6588522899475,96.35860666451946,96.36597142407427,7257.721063250588,-0.0025129188612836,96.7937060101252,97.07444573324588,0.2201696264847937,0.003990955725136525,0.0018212317772612562,1
2025-10-09 17:50:00,96.36597142407427,96.4898596186135,96.28343792590228,96.46409253051816,5910.8144575638335,0.0010182132239615,96.7277833142038,97.01895907845244,0.2256973907813844,0.002635723122558664,0.001614523975069276,1
2025-10-09 17:55:00,96.46409253051816,96.4807553423724,96.29576886768572,96.33453539856517,1831.5468784146412,-0.0013430607032562,96.64913373107606,96.95673874391724,0.2228256103199056,0.004585157108002669,0.0015727445402368913,1
2025-10-09 18:00:00,96.33453539856517,96.51934459318775,96.31197663087735,96.44456251923717,4095.4886025836463,0.0011421357897953,96.60821948870829,96.91017726894631,0.221009805550541,0.0042275406194900444,0.0015957043275301765,1
2025-10-09 18:05:00,96.44456251923717,96.4756738156606,96.37409807341773,96.45489735832672,3675.805967790522,0.0001071583386311,96.577555062632,96.86878818616272,0.2050215549822748,0.007888588602368518,0.0015897473090486336,1
2025-10-09 18:10:00,96.45489735832672,96.51799426629916,96.11977216549651,96.17974422676534,5334.399829547219,-0.0028526610788792,96.49799289545868,96.8061478262175,0.2226929006144067,0.009845196548673218,0.0015743850786626265,1
2025-10-09 18:15:00,96.17974422676534,96.68682417743383,96.1188067206633,96.65159107934645,4037.418551769316,0.0049058859157353,96.52871253223624,96.79209721286558,0.2505512013513059,0.0016043893565185208,0.0018264578265171877,1
2025-10-09 18:20:00,96.65159107934645,96.71405486536896,96.52001134181464,96.56552493670186,3587.822883705166,-0.0008904782806309,96.53607501312936,96.77149973321434,0.2476446618424443,0.00019383211863033267,0.0017656069361681843,0
2025-10-09 18:25:00,96.56552493670186,96.57057409758944,96.5356452769358,96.54310630160766,8196.98706334675,-0.0002321598221404,96.53748127082504,96.75073669397736,0.2400601573882192,0.0010198471859195202,0.001748601199213536,1
2025-10-09 18:30:00,96.54310630160766,96.73890765482444,96.53099311868004,96.65810734091534,2075.6155335201456,0.0011911885137443,96.5616064848431,96.742315843699,0.2462791542513289,0.0015238216809454475,0.001774634941120976,1
2025-10-09 18:35:00,96.65810734091534,96.68618708040594,96.58511562265709,96.64015207472484,1987.2190558823445,-0.000185760581129,96.57731560281944,96.73302822833772,0.2337855096687694,0.0018459838902720183,0.001773909268751991,1
2025-10-09 18:40:00,96.64015207472484,97.07035201577422,96.5845932085548,96.98241325758156,2794.2533420804266,0.0035416043488016,96.65833513377189,96.7556995946326,0.2497480679231815,-0.004356434177127166,0.00187969025523115,-1
2025-10-09 18:45:00,96.98241325758156,97.00308153550444,96.9639885903793,96.96725772616068,2247.025658238284,-0.0001562709249214,96.72011965224964,96.77493215204424,0.2295876492104846,-0.0037476149438860906,0.0018371355448575006,-1
2025-10-09 18:50:00,96.96725772616068,97.11368622737572,96.91503973791028,97.0709356602239,1417.6500077775925,0.0010692055905716,96.7902828538445,96.80184156187876,0.2305924024902594,-0.0063397068953569,0.0017856799795515758,-1
2025-10-09 18:55:00,97.0709356602239,97.33200966565214,97.03920961507072,97.311482569822,6092.3916034371,0.0024780528585823,96.89452279704,96.84817256260088,0.2300605757154993,-0.008781205917233081,0.0018395758552258866,-1
2025-10-09 19:00:00,97.311482569822,97.35574584274868,97.22440248595449,97.3071237832208,2963.7461420830978,-4.4792109688329695e-05,96.97704299427618,96.88989540083904,0.2246978374357147,-0.00485396575119168,0.00181543458221321,-1
2025-10-09 19:05:00,97.3071237832208,97.35052766793362,97.17096022684636,97.22303868861682,7874.881578724934,-0.0008641206453834,97.02624213314432,96.92018115427338,0.2243107636071865,-0.0056750084425474245,0.0018052370149056335,-1
2025-10-09 19:10:00,97.22303868861682,97.29761646299728,96.87674517158844,96.88333483716004,1182.3466838496224,-0.0034940674148724,96.99766067394746,96.91683148908126,0.2395610013999314,-0.00446027887369882,0.0018989491223212653,-1
2025-10-09 19:15:00,96.88333483716004,96.93297037821348,96.6348430901395,96.68435415383222,5531.889354885694,-0.0020538174461302,96.93499936992444,96.8956971858768,0.2536003975307253,0.00011740577446617273,0.0018881021473418978,0
2025-10-09 19:20:00,96.68435415383222,96.6973832073674,96.51402242023748,96.59156581904922,2312.2547287613247,-0.000959703724507,96.8663126597494,96.86804887980156,0.2382531608398161,0.0039024339608504377,0.0018846901859057698,1
2025-10-09 19:25:00,96.59156581904922,96.83943538968032,96.5424284992306,96.75056374943752,2417.712714520008,0.0016460850286468,96.84316287768702,96.85736841340484,0.2188952632454714,0.0036050184933027474,0.0018900923782315295,1
2025-10-09 19:30:00,96.75056374943752,96.80122200721904,96.6714721005076,96.71834516969749,2703.7912131770745,-0.0003330066357387,96.81819933608912,96.84472993670416,0.21430286204241,0.0028763333381605083,0.0018555966815463998,1
2025-10-09 19:35:00,96.71834516969749,96.8101814221551,96.71375075710556,96.77624437829404,1561.8373609688745,0.0005986372956958,96.80980834453013,96.83850397684868,0.2186958509278298,0.00012608601304320288,0.0018202936774294883,0
2025-10-09 19:40:00,96.77624437829404,96.92158464009502,96.69742774556651,96.85228582481618,10343.675483182848,0.0007857449626262,96.81830384058732,96.83975687211846,0.2198560193838363,1.248332969217003e-06,0.0018217155855069804,0
2025-10-09 19:45:00,96.85228582481618,97.25227419156543,96.77272608430798,97.21579036227024,1396.6322084430192,0.0037531849079075,96.89780114492392,96.87394173485951,0.2468900657773066,-0.004416092995422227,0.0019324917976648985,-1
2025-10-09 19:50:00,97.21579036227024,97.31055840718328,97.06771035864048,97.12665271267896,4056.568859233733,-0.0009169050548178,96.94357145847492,96.89691546011584,0.2295392973004035,-0.0010184568221152102,0.0019336226541150673,-1
2025-10-09 19:55:00,97.12665271267896,97.2155596621319,96.800401764178,96.80665786336472,797.3433499167437,-0.0032946142009117,96.9161887394529,96.88871022404754,0.2564010796453156,0.002065453747589041,0.002020305666477198,1
2025-10-09 20:00:00,96.80665786336472,96.82174144265204,96.53629283108752,96.584242436987,6567.120907581831,-0.0022975220019644,96.84979947895974,96.86103133431476,0.2626012312238229,0.005521544183407112,0.0020579969595281478,1
2025-10-09 20:05:00,96.584242436987,96.69811039004304,96.53630550670452,96.64156551688929,2973.5742930478023,0.0005935034375783,96.80815268654564,96.841079896367,0.2532444335636167,0.006174411945802705,0.0020437755133077,1
2025-10-09 20:10:00,96.64156551688929,96.8619450883449,96.63370926147992,96.80539706052058,2115.191737823818,0.0016952492724537,96.80760156134065,96.83783600219913,0.2601653242829574,0.004097433601377931,0.002051180773707891,1
2025-10-09 20:15:00,96.80539706052058,96.83837709520108,96.78766217308424,96.81854823860822,4754.214638329714,0.000135851703386,96.80979089679415,96.8360825691454,0.2509615729279275,0.005932588475370704,0.001992590244670271,1
2025-10-09 20:20:00,96.81854823860822,96.91263912378912,96.4763162004992,96.55991575788596,4042.1514951843,-0.002671311287222,96.75981586901254,96.81097649539454,0.2520652609194351,0.007774782804361724,0.0020332363332938885,1
2025-10-09 20:25:00,96.55991575788596,96.64318245329729,96.54492020314648,96.60386178203846,4510.857209287334,0.0004551166372461,96.72862505161773,96.79214788508943,0.2377891867820644,0.00729122179799413,0.001982622282365178,1
2025-10-09 20:30:00,96.60386178203846,96.6667805362839,96.4255627668479,96.45553438008002,3330.2229017549425,-0.0015354189700315,96.6740069173102,96.76154665736132,0.2419218283753547,0.007291028607684602,0.0019949512111412672,1
2025-10-09 20:35:00,96.45553438008002,96.50274049165384,96.36966313910838,96.45697040326516,2235.3974801799764,1.4887929390194898e-05,96.6305996145012,96.73385790698892,0.2302125756679081,0.005682303569663594,0.0019798649463233305,1
2025-10-09 20:40:00,96.45697040326516,96.90439495029923,96.41789170905216,96.83479833703008,2641.4071403482517,0.0039170620037649,96.67143935900695,96.74303430971996,0.2556949567061681,0.0019336321468117479,0.002087468535212489,1
2025-10-09 20:45:00,96.83479833703008,96.83592241870036,96.64267130806658,96.6712971232488,2166.246481683085,-0.0016884551482433,96.67141091185536,96.73651274731348,0.2626107028193282,0.0037881354749849105,0.00211204449211821,1
2025-10-09 20:50:00,96.6712971232488,96.72975877333376,96.4019208075934,96.45120814557237,1217.6593370402352,-0.0022766734721252,96.62737035859875,96.710575965337,0.2700164936201749,0.005241819352259869,0.0020886384214151344,1
2025-10-09 20:55:00,96.45120814557237,96.74118412821817,96.4185981807399,96.69570545531042,2106.698186246519,0.002534932578232,96.64103737794107,96.70922410078911,0.2588049107788036,0.003107556257526012,0.001949730412205593,1
2025-10-09 21:00:00,96.69570545531042,96.9865903605356,96.62839240516662,96.9685080258332,3552.3121217531457,0.0028212480506579,96.70653150751951,96.73279536670222,0.2670441898378176,0.0008498071635913984,0.0020037170714609608,1
2025-10-09 21:05:00,96.9685080258332,97.18617258992128,96.9604475510367,97.09935132099172,5246.445032916312,0.0013493380255336,96.78509547021396,96.76611863527398,0.2535132713328666,-0.004054858791755045,0.0020139208431454248,-1
2025-10-09 21:10:00,97.09935132099172,97.18927258297276,96.98882567942212,96.9965393703208,2287.7369315259043,-0.0010588325181601,96.82738425023533,96.78706597482368,0.2474417207604458,-0.0012056802743412032,0.0020168084303940578,-1
2025-10-09 21:15:00,96.9965393703208,97.0305328323142,96.78263454342324,96.788446509105,5433.27116600449,-0.0021453637683022,96.81959670200926,96.78719147794015,0.2535912497284788,0.000789765917334817,0.0020554953930029406,0
2025-10-09 21:20:00,96.788446509105,96.94895157429993,96.70145617369032,96.85240672871772,5252.559340838211,0.0006608249426414,96.82615870735096,96.79312013710177,0.2549669335673791,-0.001882956777497946,0.001958432188278592,-1
2025-10-09 21:25:00,96.85240672871772,96.9017180269018,96.72649453450998,96.78647639140698,4648.685269722742,-0.0006807299842884,96.81822224416216,96.79251616022042,0.2638604028727341,-0.0009912194800361096,0.0019616279631567766,-1
2025-10-09 21:30:00,96.78647639140698,97.07403671106938,96.77304846053237,97.02773341061452,3108.812225979901,0.0024926728216851,96.86012447745264,96.81389954661988,0.2541936405332399,-0.00461128274634115,0.0020036669538037303,-1
2025-10-09 21:35:00,97.02773341061452,97.0902146063868,96.9696262992901,97.00660753764018,3737.674076054495,-0.0002177302533177,96.88942108949016,96.83141845489445,0.2557883588865185,-0.004184965914198702,0.001951592878192432,-1
2025-10-09 21:40:00,97.00660753764018,97.2053262103845,96.97187178560829,97.11753659902372,1907.658497343766,0.0011435206755425,96.93504419139688,96.85742919526984,0.2552338342679628,-0.004388870555908531,0.001963869769545863,-1
2025-10-09 21:45:00,97.11753659902372,97.259583931452,97.11365998902572,97.23827035347784,5629.637002405214,0.0012431715082787,96.99568942381308,96.89205111874328,0.2561514478308778,-0.006435967998011383,0.0019713209625403776,-1
2025-10-09 21:50:00,97.23827035347784,97.24060571469184,97.17020810624976,97.20205074723108,4805.6552143234285,-0.0003724830369268,97.03696168849667,96.92023290315126,0.2264296169162339,-0.005834652207641233,0.0018669684836050166,-1
2025-10-09 21:55:00,97.20205074723108,97.44779765406382,97.19727802503152,97.39293284209072,2634.9535911182384,0.0019637661283098,97.10815591921548,96.96320562487304,0.2305202253732718,-0.008404455825993251,0.0018521846880498107,-1
2025-10-09 22:00:00,97.39293284209072,97.42404909935784,97.29603507458326,97.310648130511,2201.406133944426,-0.0008448735362875,97.1486543614746,96.99479130720376,0.2162470867328585,-0.009216586586905384,0.0018499154832256638,-1
2025-10-09 22:05:00,97.310648130511,97.38125956565146,97.26345230009636,97.30822196483408,3546.9570663500313,-2.493217056454e-05,97.1805678821465,97.02328500335196,0.2016200380240615,-0.008177866961264657,0.0018322542115477521,-1
2025-10-09 22:10:00,97.30822196483408,97.40208302830112,97.15627897389813,97.1587944406147,1488.2796126628475,-0.0015356104674626,97.17621319384016,97.03560404310312,0.1935919022407769,-0.007269625090819853,0.001855330284363412,-1
2025-10-09 22:15:00,97.1587944406147,97.17836888323168,96.97249099903566,97.00506819050656,4654.908086119458,-0.0015822165249499,97.14198419317344,97.03282805650343,0.192174248334451,-0.004072343835927916,0.0018779948095470147,-1
2025-10-09 22:20:00,97.00506819050656,97.0352658131132,96.96830764025285,97.0220412160246,1936.375030447815,0.0001749705024145,97.11799559774369,97.03184743464172,0.1826393389994314,-0.004876201957657811,0.0018736423372004473,-1
2025-10-09 22:25:00,97.0220412160246,97.13135007843498,96.96753352768468,97.03750109329418,2506.8034923780424,0.0001593439704608,97.1018966968538,97.03236140361012,0.1766335005608112,-0.005107905558687453,0.001748432970245778,-1
2025-10-09 22:30:00,97.03750109329418,97.10513695988524,96.90759260203916,96.95678795497868,2234.210084022803,-0.0008317726384761,97.07287494847878,97.02549109009816,0.1730655689348452,-0.005368675283249913,0.0017471448822677057,-1
2025-10-09 22:35:00,96.95678795497868,97.08140650076848,96.91703524759563,96.99619279987397,4108.058570055039,0.0004064165668686,97.05753851875782,97.0228276091687,0.1722904089906326,-0.006110085963928813,0.0016451743719984038,-1
2025-10-09 22:40:00,96.99619279987397,97.06972524903118,96.99177156071109,97.05091255859632,1998.1629133993513,0.0005641433662786,97.05621332672553,97.0253807863894,0.1563593688322809,-0.0063000728618513024,0.0015895927513036878,-1
2025-10-09 22:45:00,97.05091255859632,97.0703038878783,96.61434153284702,96.70562716261408,3518.61256646292,-0.003557775881538,96.98609609390324,96.99631227513709,0.1803146579704651,-0.004967202955404204,0.001716699740875993,-1
2025-10-09 22:50:00,96.70562716261408,96.94151902384291,96.68767255581116,96.87959255612265,7767.540603098795,0.001798916967014,96.96479538634712,96.98570139159033,0.181771232488719,-0.009825777337867603,0.001720053495472267,-1
2025-10-09 22:55:00,96.87959255612265,96.9092355846443,96.82535810141172,96.86488672534968,3086.920990384609,-0.0001517949279612,96.94481365414764,96.97471824011387,0.1773393425463122,-0.00922414452379483,0.001720209133655312,-1
2025-10-09 23:00:00,96.86488672534968,96.92857309149328,96.6304526822159,96.6700378330509,2216.7216828802334,-0.0020115534006791,96.88985848992832,96.94702002128996,0.1936052568916904,-0.008145572163860249,0.0016906566972650604,-1
2025-10-09 23:05:00,96.6700378330509,96.7200307822503,96.60880130510982,96.69053975060376,2026.525441069785,0.0002120814061152,96.8499947420634,96.92370363304576,0.1836559603279894,-0.006334422974295428,0.0016892631532608906,-1
2025-10-09 23:10:00,96.69053975060376,96.69082487408616,96.56129554507577,96.58031109762156,4468.533569807595,-0.0011400148687401,96.79605801317504,96.89248612982536,0.183764196344834,-0.004753044183127164,0.0016788618461827643,-1
2025-10-09 23:15:00,96.58031109762156,96.664781479286,96.55442897159485,96.6006381916431,8433.310663109029,0.0002104683013601,96.75697404886866,96.86595449908152,0.1832317136402679,-0.007457040370913881,0.0016791168287111802,-1
2025-10-09 23:20:00,96.6006381916431,96.7669157326302,96.57739953669392,96.6913003021819,4009.1116246542183,0.0009385249645963,96.74383929953132,96.85007684481792,0.1792111523212176,-0.005645114271990881,0.0015340001934424508,-1
2025-10-09 23:25:00,96.6913003021819,96.7237733029614,96.5239656410654,96.61244795730089,3795.343340166271,-0.000815506096563,96.71756103108524,96.82847421868,0.178777565014073,-0.005653915927274156,0.0015114309451983287,-1
2025-10-09 23:30:00,96.61244795730089,96.65640252598727,96.5780565368281,96.6349105872515,2081.4449535664157,0.000232502440685,96.7010309423185,96.81087752491376,0.1795909804639888,-0.005566853454403775,0.0014544829125394745,-1
2025-10-09 23:35:00,96.6349105872515,96.7128989822564,96.5287193550994,96.57439824025543,2291.866577347095,-0.0006261955087277,96.67570440190588,96.78937940812663,0.18104548592161,-0.0038930408989374943,0.0013867754382562714,-1
2025-10-09 23:40:00,96.57439824025543,96.65258019821844,96.32541167255206,96.41377611618826,1866.5070046638016,-0.0016631957019043,96.62331874476236,96.75523365431404,0.1903043550516321,-0.0013772355150799553,0.0013131148731311373,-1
2025-10-09 23:45:00,96.41377611618826,96.56936254133342,96.33870754038038,96.51244827136846,3933.464447079778,0.0010234238213144,96.6011446500836,96.73316225586446,0.1950389084645028,-0.00418400470830349,0.0013021006059615303,-1
2025-10-09 23:50:00,96.51244827136846,96.59996468267016,96.39181719234364,96.4524864307554,2750.452550709332,-0.0006212860795373,96.57141300621797,96.70764627176364,0.2043384657506765,-0.009020472357352594,0.001294945419571113,-1
2025-10-09 23:55:00,96.4524864307554,96.68692308178206,96.4359488027076,96.61003019900718,3063.7627659560876,0.0016333821354093,96.5791364447758,96.69877208333124,0.1896964603251894,-0.00879925432297024,0.0012816909752877265,-1
2025-10-10 00:00:00,96.61003019900718,96.68794709417308,96.4995414367972,96.54894214871106,3227.825881850708,-0.0006323158182466,96.57309758556286,96.68515118018396,0.1850221167069118,-0.007633129343238787,0.0012787153816246081,-1
2025-10-10 00:05:00,96.54894214871106,96.6227927016426,96.48782073804112,96.5418427020586,3912.08918993404,-7.353210190041981e-05,96.56684660886202,96.672123136718,0.1886717224475467,-0.01206842178131573,0.0012742755285979391,-1
2025-10-10 00:10:00,96.5418427020586,96.5635092545449,96.40551389535268,96.43625844394148,2534.593893065865,-0.0010936631740392,96.54072897587793,96.65068089192016,0.1786627902986067,-0.01395825235934156,0.0011961804484800095,-1
2025-10-10 00:15:00,96.43625844394148,96.45281066830698,96.3317934977426,96.40353772369292,2995.8132890338675,-0.0003392989398023,96.51329072544092,96.62821333117222,0.1793619112574558,-0.01395699231635772,0.0011964631639716122,-1
2025-10-10 00:20:00,96.40353772369292,96.4797094365786,96.37274169916844,96.439484738168,8964.900039450424,0.0003728806569121,96.49852952798636,96.61105618635364,0.1777503690002961,-0.012990809334967435,0.001176254592382935,-1
2025-10-10 00:25:00,96.439484738168,96.44671804344196,96.18078284773851,96.22527068556772,10488.444950567717,-0.0022212276764218,96.44387775950264,96.5759847771913,0.1888634181440279,-0.009784342614355346,0.0011966609064451204,-1
2025-10-10 00:30:00,96.22527068556772,96.32106403947186,95.87477079427984,95.92767525108285,3695.179586511537,-0.0030926952178428,96.34063725781868,96.51704754754506,0.2072046359480087,-0.008904128447138615,0.001292788058575141,-1
2025-10-10 00:35:00,95.92767525108285,96.03031350580392,95.89006865325489,95.97139101091403,1570.9815193217592,0.000455715826708,96.26678800843776,96.46744240785134,0.2029501495660832,-0.007757859623197305,0.0012293372787120875,-1
2025-10-10 00:40:00,95.97139101091403,96.00293339227142,95.82905855708276,95.88260506379868,6050.883402069597,-0.000925129313852,96.18995141950997,96.41427537657384,0.2097736385681869,-0.0077001885110706825,0.00123023218490211,-1
2025-10-10 00:45:00,95.88260506379868,96.17048036706504,95.87920134662176,96.07806097421052,7623.069502701576,0.00203849186494,96.16757333045008,96.38371043090444,0.2174235952314914,-0.010555736081706013,0.00130560203162043,-1
2025-10-10 00:50:00,96.07806097421052,96.20032182753816,96.03426445093736,96.1212606117544,1529.221352453691,0.0004496306139596,96.15831078671094,96.35985135643624,0.2059156560125196,-0.012505787112965905,0.001296874457709906,-1
2025-10-10 00:55:00,96.1212606117544,96.20458787873812,95.7853854144443,95.88028333279198,3518.7066288047076,-0.002507013302039,96.10270529592717,96.31625426337769,0.2193833319654317,-0.011276518575530692,0.001335307475863165,-1
2025-10-10 01:00:00,95.88028333279198,96.15034450713924,95.87864996054628,96.1454668628687,5425.942107372818,0.0027657774973015,96.11125760931547,96.30072813605868,0.2239224074130348,-0.016715577649191626,0.0014431961677466617,-1
2025-10-10 01:05:00,96.1454668628687,96.20208430440454,95.97346726741986,96.06620929902216,2501.544840697219,-0.0008243505017204,96.1022479472568,96.27940824178262,0.2223254615494789,-0.016926259647565334,0.0014439558971312343,-1
2025-10-10 01:10:00,96.06620929902216,96.15116336879277,96.059174095448,96.09695820143286,2686.519754277303,0.0003200803137239,96.10118999809202,96.26282187447808,0.2154385769758267,-0.015440162325118467,0.0014449711371926955,-1
2025-10-10 01:15:00,96.09695820143286,96.20482309990906,96.00356733436452,96.19843015811584,3135.508107182173,0.001055933076157,96.1206380300968,96.25696808208151,0.2201731342574748,-0.016278256971287264,0.0014593753478479518,-1
2025-10-10 01:20:00,96.19843015811584,96.30474808146629,96.1805878378857,96.28099163957808,2937.639562021634,0.0008582414632605,96.15270875199305,96.25915204185392,0.2177563402852149,-0.012644008323708378,0.0014656261866650576,-1
2025-10-10 01:25:00,96.28099163957808,96.32107241464556,96.05796888851977,96.10863973339116,2524.381464814086,-0.001790092761322,96.14389494827267,96.24546910472094,0.2279053656824601,-0.007403864950564776,0.0013668310706458405,-1
2025-10-10 01:30:00,96.10863973339116,96.15968888126822,95.57630803851728,95.58243944310884,1364.8159450178214,-0.0054750570993619,96.03160384723992,96.185193680938,0.2619348732068027,-0.003275993013039713,0.0016084451694156961,-1
2025-10-10 01:35:00,95.58243944310884,95.8366582413643,95.57864849845136,95.75993397313628,1949.454976207781,0.0018569784477313,95.9772698724192,96.14653370750148,0.2613687694360536,-0.004587689920232396,0.0016576914215283994,-1
2025-10-10 01:40:00,95.75993397313628,95.87035925217658,95.7242598984237,95.81197158533708,2222.1379743063276,0.0005434173776206,95.94421021500278,96.11611896912292,0.2399263486189724,-0.006341745243857,0.0016368342359747228,-1
2025-10-10 01:45:00,95.81197158533708,95.86807602930097,95.33415230683563,95.37673502478472,3146.390864260281,-0.0045426114644215,95.83071517695916,96.04890224691034,0.2680462678987061,0.00014478277975649156,0.0017987728501157416,0
2025-10-10 01:50:00,95.37673502478472,95.41673866516707,95.0387302653902,95.09017681199026,4371.90830080136,-0.0030044875484569,95.6826075039654,95.96174538919033,0.2826272367978666,0.0025382071959376695,0.001852058499669822,1
2025-10-10 01:55:00,95.09017681199026,95.1177403223912,94.99117696181958,95.05803428841364,2398.484859266468,-0.0003380214934312,95.55769286085506,95.87958983457426,0.2708618325213215,0.0008840152300482185,0.001847956318325415,1
2025-10-10 02:00:00,95.05803428841364,95.25593194909597,95.03342049242804,95.18665777957196,2428.1275042368625,0.0013531048913559,95.48348584459843,95.81659601139224,0.2748942668118305,-0.00021843377185937207,0.001859791405929278,0
2025-10-10 02:05:00,95.18665777957196,95.34284608785246,95.1382296123771,95.28376966902104,4125.674506221573,0.0010202258563796,95.44354260948298,95.76815725299484,0.2595666961819418,-0.002203323988288819,0.0018776004122954013,-1
2025-10-10 02:10:00,95.28376966902104,95.35581868790506,95.0319337791708,95.0735229090118,2752.002691561193,-0.0022065327677477,95.36953866938876,95.70500867626912,0.2632945791920349,0.00011005953664788848,0.0018991806943136449,0
2025-10-10 02:15:00,95.0735229090118,95.28538503792336,95.0524605032004,95.22685843160838,2203.1181772520167,0.0016128099380865,95.34100262183269,95.66154047220904,0.2636022576019111,-0.0033018527389273578,0.00193555019468885,-1
2025-10-10 02:20:00,95.22685843160838,95.2593675088631,95.05650123258285,95.14429092987488,4824.6225089149175,-0.000867061069675,95.30166028344112,95.6145177865423,0.2715220435258761,-0.003044326226885108,0.0019243675121425818,-1
2025-10-10 02:25:00,95.14429092987488,95.1728319691298,94.98428353998304,95.0638863193247,986.71995328027,-0.0008450807690546,95.25410549061785,95.5644603804316,0.2706143766403203,-0.0037295242453805333,0.0019076730729453207,-1
2025-10-10 02:30:00,95.0638863193247,95.10545905140984,94.89544273872566,94.91918858951388,3997.7882049414434,-0.0015221103976833,95.18712211039706,95.50579930853,0.2767469530048641,-0.0011470943169824555,0.0019165924072535704,-1
2025-10-10 02:35:00,94.91918858951388,94.93806355559308,94.74821861807084,94.7990875367626,5078.571625279328,-0.0012652979290694,95.10951519567016,95.44155278382384,0.271514196676037,-0.001914313827529046,0.0018807299613375248,-1
2025-10-10 02:40:00,94.7990875367626,94.88287617337888,94.53047568784028,94.53833984590464,3406.5436090495964,-0.0027505295423527,94.99528012571707,95.35944251674027,0.2550155997322981,0.003939814201102454,0.0019191709320964985,1
2025-10-10 02:45:00,94.53833984590464,94.60915290583088,94.40864311997736,94.44016769706955,2718.317651819399,-0.0010384374106325,94.88425763998757,95.2758720785884,0.2509084599423384,0.006950655010838913,0.0019173092429346256,1
2025-10-10 02:50:00,94.44016769706955,94.70011091947237,94.40306466266172,94.6132055678526,9302.433761912424,0.0018322486607402,94.83004722556058,95.21562966852152,0.2616903815893212,0.006706002607916428,0.0019663702336363276,1
2025-10-10 02:55:00,94.6132055678526,94.66328834043,94.52794862333482,94.6324873917676,2332.2365645324194,0.0002037963284224,94.79053525880198,95.16261673427115,0.2332200954914551,0.008117969876018982,0.0019709809917154877,1
2025-10-10 03:00:00,94.6324873917676,95.10097387673956,94.58386076874002,95.06361397987236,2132.3109788148117,0.0045557989648938,94.84515100301606,95.15361648387126,0.2431561460787869,0.00229128954767277,0.0021651757553815534,1
2025-10-10 03:05:00,95.06361397987236,95.44989756992652,95.00335945167694,95.39706434422264,2947.013703552312,0.0035076550363515,94.95553367125736,95.17574810753956,0.2660114859129265,-0.0035524910469854065,0.002248939443791468,-1
2025-10-10 03:10:00,95.39706434422264,95.44064731121247,95.24526216578548,95.26931203932392,6031.191705495376,-0.0013391639017081,95.01828934487068,95.18425391951996,0.2640738922528608,-3.759209601239544e-05,0.002198685365502089,0
2025-10-10 03:15:00,95.26931203932392,95.41195878436764,95.22419878054734,95.3206170892856,1865.8091739581057,0.0005385265083104,95.07875489375368,95.19665057131684,0.2628698585632126,-0.0007417373364955182,0.0021995462058072776,0
2025-10-10 03:20:00,95.3206170892856,95.37215874785409,95.20098906758594,95.2043564702312,4912.530011623467,-0.0012196796727143,95.10387520904918,95.19735110758178,0.2519616279584897,-0.0015331085479055595,0.002203247519846266,-1
2025-10-10 03:25:00,95.2043564702312,95.4831500004476,95.11620333867263,95.3905439336057,4133.062603487492,0.0019556611722144,95.16120895396048,95.21491409176578,0.261534637033634,-0.004715936386920805,0.0022005562292477304,-1
2025-10-10 03:30:00,95.3905439336057,95.44189716309684,95.3141282302297,95.33153538303743,3074.4435658945413,-0.0006185995816245,95.19527423977588,95.22551602733591,0.256170541075553,-0.001907625020248438,0.002198139340347651,-1
2025-10-10 03:35:00,95.33153538303743,95.39707382463315,95.13583343456035,95.14206703846304,2449.625583808279,-0.0019874676707252,95.18463279951332,95.2179297556202,0.2613628239988423,0.0005935995466426203,0.0021828378160082787,0
2025-10-10 03:40:00,95.14206703846304,95.24896282822624,95.0776449260978,95.16586579888248,1816.0604367474343,0.0002501391987814,95.18087939938717,95.21319666864404,0.2585986518162885,0.00011169468623828394,0.002115381609389278,0
2025-10-10 03:45:00,95.16586579888248,95.23732390065037,94.99768837931762,95.0738286536147,1323.639037126932,-0.0009671235005866,95.15946925023266,95.20052684909592,0.2621551220884685,-0.0031327135540335505,0.002116634633289126,-1
2025-10-10 03:50:00,95.0738286536147,95.16844843612256,95.02696677103548,95.08398665689064,3578.78413813272,0.0001068433176596,95.14437273156426,95.18993228616816,0.2470894920562177,-0.005358465056284456,0.0021148820555421323,-1
2025-10-10 03:55:00,95.08398665689064,95.17413365927322,94.90477376587066,94.91243336827652,3599.5493973160005,-0.0018042290257893,95.09798485890671,95.16470511181438,0.2520073568811511,-0.002728629078763145,0.0021149047950646633,-1
2025-10-10 04:00:00,94.91243336827652,94.97054970950632,94.77760923973833,94.85464066965868,8392.017464984805,-0.0006089054570287,95.04931602105712,95.13651743525476,0.2445712292352492,-0.0021596313213555485,0.002102202746029054,-1
2025-10-10 04:05:00,94.85464066965868,94.91910624222685,94.62699143957305,94.70934325043667,3773.220064948888,-0.0015317903077406,94.98132146693304,95.09768341845312,0.2557694496322926,0.0007317126288906017,0.0020974377792044563,0
2025-10-10 04:10:00,94.70934325043667,94.86537845811245,94.64081939451472,94.81030732771026,1458.4809831829157,0.001066041362008,94.94711863908849,95.07155831929468,0.2348727321750203,0.0017864277970811582,0.0019021756238750834,1
2025-10-10 04:15:00,94.81030732771026,94.85487436611834,94.55512105122476,94.61761233265383,5617.240823216621,-0.0020324266473513,94.88121737780156,95.03029050232732,0.2243881033638786,0.0028204929165089876,0.0018872944462564945,1
2025-10-10 04:20:00,94.61761233265383,94.93735699318307,94.54475166093374,94.91080333977818,5182.6131183148245,0.0030986937832835,94.88713457019688,95.01942803300469,0.238475259565476,-0.003492350293001656,0.001979151382019501,-1
2025-10-10 04:25:00,94.91080333977818,95.11711495024548,94.86707795009796,95.09658872189766,2353.6722028095855,0.0019574734970304,94.92902540053704,95.02644264108586,0.2429236164459932,-0.00603723463319672,0.0018588776696900787,-1
2025-10-10 04:30:00,95.09658872189766,95.31588771460724,95.059719681269,95.24768197113396,4817.293572210585,0.0015888398444885,94.99275671465642,95.04655530745389,0.2489949273795701,-0.008966854645479638,0.0018030925040603272,-1
2025-10-10 04:35:00,95.24768197113396,95.48880719856196,95.20057886703697,95.40071107370672,7824.198299313588,0.0016066438511241,95.07434758646647,95.07875128620412,0.2433721895045743,-0.008984607620732055,0.001822148765572459,-1
2025-10-10 04:40:00,95.40071107370672,95.41376008532512,95.25786809616328,95.28143224494843,2071.857395245431,-0.0012502928690554,95.11576451816288,95.09717682790816,0.2453809792399092,-0.005221312447802773,0.0018231615370799931,-1
2025-10-10 04:45:00,95.28143224494843,95.34257106859806,95.00512783242888,95.0581671272311,2578.4276469304527,-0.0023432174816955,95.10424503997652,95.09363049148295,0.2508240396753649,-0.0021765889778844194,0.0018609550730038775,-1
2025-10-10 04:50:00,95.0581671272311,95.30016278191556,94.99953216728844,95.2657306661987,2110.971928077588,0.0021835424060911,95.13654216522096,95.10927596191166,0.2600606619966988,-0.0021063319586137608,0.0018603697172276284,-1
2025-10-10 04:55:00,95.2657306661987,95.35070426210396,95.20732675476246,95.24991422865268,2257.631734620167,-0.0001660244185964,95.15921657790732,95.12206125888812,0.2531850895687536,0.00022033692451217668,0.0018390764602386608,0
2025-10-10 05:00:00,95.24991422865268,95.25615551657722,94.9884462201792,95.05839785752885,2403.4625112258395,-0.0020106723735634,95.13905283383164,95.11627367694636,0.2622013489481055,0.006177409921855892,0.0018675450030620226,1
2025-10-10 05:05:00,95.05839785752885,95.10954444369386,94.88995477926686,94.94068819650104,2129.7786633769165,-0.001238287870202,95.09937990636551,95.10031136054224,0.2586463325927082,0.009774770021697021,0.0018743854915609353,1
2025-10-10 05:10:00,94.94068819650104,95.24170423360466,94.88835941867332,95.14967856092206,4399.808637062575,0.0022012729040732,95.10943963727682,95.10479928784947,0.2701037858186593,0.008697100147073034,0.0018947942694777806,1
2025-10-10 05:15:00,95.14967856092206,95.21803753865224,95.1280671487855,95.19854332632372,2951.265824788436,0.0005135568100778,95.1272603750862,95.11332147316531,0.2556648991910129,0.006492365053269111,0.0018801650967418203,1
2025-10-10 05:20:00,95.19854332632372,95.2445639895805,95.16441695051596,95.17649532040348,2671.0434443381214,-0.0002316002446033,95.13710736414968,95.11906455018698,0.2453497545814999,0.012169644763777354,0.0018068413185791626,1
2025-10-10 05:25:00,95.17649532040348,95.20349735008456,94.753117214672,94.77598958195766,2118.358160727012,-0.0042080320051453,95.06488380771128,95.08787591671158,0.2561088131899985,0.014093201461518268,0.001958134862739347,1
2025-10-10 05:30:00,94.77598958195766,94.84614979085752,94.56914926612832,94.57448243697748,3353.5449090095667,-0.00212614129242,94.96680353356452,95.0412037821903,0.2478513269385587,0.01866038431690531,0.001970996680260113,1
2025-10-10 05:35:00,94.57448243697748,94.6593501641217,94.55590535224172,94.65345254265168,1362.8513424554444,0.0008350043652294,94.90413333538196,95.00595366950496,0.2373804563480206,0.017946581131533135,0.0019763659126121338,1
2025-10-10 05:40:00,94.65345254265168,94.73206894747368,94.63571801643504,94.64978961669256,6184.165053389427,-3.869828158109545e-05,94.85326459164408,94.97357511924928,0.2259649490409064,0.018585464549053077,0.0017938443346681634,1
2025-10-10 05:45:00,94.64978961669256,94.84173501426072,94.56571285847023,94.77864327296696,1610.1774331693978,0.0013613728756951,94.83834032790868,94.95585404231451,0.2250930793455826,0.015933707076307257,0.0016904041904060886,1
2025-10-10 05:50:00,94.77864327296696,95.03721959990528,94.71843495699164,94.97967909617029,4581.498617861668,0.0021211088939554,94.866608081561,94.9580199563014,0.2367282688992844,0.014128893014909716,0.0017256120038491084,1
2025-10-10 05:55:00,94.97967909617029,95.06924006363434,94.81935993254706,94.88448063801508,2687.6731550567606,-0.0010023034301769,94.87018259285182,94.95133456372992,0.2304737613934335,0.015978529893573956,0.0017288957068042226,1
2025-10-10 06:00:00,94.88448063801508,94.94775298370858,94.5110303490819,94.57934156792548,1735.3391714080174,-0.0032159007251536,94.81201438786655,94.9175170186568,0.2401946199648311,0.01773139186944661,0.0018034467187350363,1
2025-10-10 06:05:00,94.57934156792548,94.58312851808031,94.4476930661616,94.52246830296696,2365.175397640812,-0.000601328620137,94.75410517088665,94.88160349904862,0.2396273302917738,0.016396950337761007,0.0017608029279266386,1
2025-10-10 06:10:00,94.52246830296696,94.53947615557966,94.3769934010422,94.39360985157992,4413.7992699150145,-0.001363257368333,94.6820061070253,94.83724044018784,0.2321111487303042,0.013842329617764104,0.0017702609305365118,1
2025-10-10 06:15:00,94.39360985157992,94.60472506284276,94.33539131640728,94.54357311797064,2854.9577734583704,0.0015887014664077,94.65431950921436,94.81054341089536,0.2356642974451952,0.013195426762789841,0.0017736561121538112,1
2025-10-10 06:20:00,94.54357311797064,94.83432073870378,94.4623885706471,94.7839381167234,1861.3878543465423,0.0025423726946816,94.6802432307162,94.8081247477888,0.2369919655255777,0.0075231274523992475,0.0018373842444886464,1
2025-10-10 06:25:00,94.7839381167234,94.892173685641,94.74165727477866,94.85126456840408,2531.983313210147,0.0007103149860452,94.71444749825378,94.81204654966292,0.2413166813109768,0.008446599067384541,0.001836483138106128,1
2025-10-10 06:30:00,94.85126456840408,95.13662205431548,94.81153065412354,95.0650694131358,2101.2344530572695,0.0022541064234047,94.78457188123018,94.83504862816044,0.2588127071057897,0.007982461668256668,0.00188188117445858,1
2025-10-10 06:35:00,95.0650694131358,95.3362774982027,95.01336461150888,95.27090130181388,1823.590973269575,0.0021651684467149,94.88183776534692,94.87467159849258,0.2497079036258784,0.00712371552384794,0.0018902282914786306,1
2025-10-10 06:40:00,95.27090130181388,95.69178963833085,95.26025091170436,95.64561254760967,2602.1347996537515,0.0039331132662294,95.03459272179948,94.9447571393214,0.2607463466185414,0.005906445863398613,0.002001046983771656,1
2025-10-10 06:45:00,95.64561254760967,95.87846863637012,95.5716735740976,95.86871158932348,2540.5827776248266,0.0023325590769021,95.20141649530429,95.0287529984125,0.2752713645037222,0.005101542028110639,0.002005932726483441,1
2025-10-10 06:50:00,95.86871158932348,96.04644082305892,95.7765718714238,95.9772048443282,1702.7944082117194,0.0011316857523808,95.35657416510908,95.11497589349574,0.2876655088320419,0.005736313370451551,0.0020066880037306564,1
2025-10-10 06:55:00,95.9772048443282,96.02405501746958,95.7793501417718,95.81660702213766,751.048514208123,-0.0016732913033989,95.4485807365148,95.1787605415541,0.2854285602539924,0.004141968455422473,0.0019936980427188787,1
2025-10-10 07:00:00,95.81660702213766,96.34719310976378,95.7596076559,96.3347594583141,3180.0816096671965,0.0054077518739181,95.62581648087466,95.28385135216864,0.3046286181790013,-0.0004212316908452918,0.002131700167982774,0
2025-10-10 07:05:00,96.3347594583141,96.41722798565776,96.02060092243802,96.11168669685094,3605.3852919226306,-0.0023155999217466,95.72299052406991,95.35910911077612,0.3151105419027473,0.004660631982248642,0.0021688782529831908,1
2025-10-10 07:10:00,96.11168669685094,96.34713328533212,96.09464366055002,96.3392786258239,3766.956686376749,0.0023679943282111,95.84624814442073,95.44821543032592,0.3019510411995633,0.004016415934688489,0.0021877101018866443,1
2025-10-10 07:15:00,96.3392786258239,96.37405717547712,96.28779494289986,96.35215840808809,1585.013903656434,0.0001336919110035,95.9474301971542,95.53039206466794,0.2984386683894605,0.005046157203757229,0.002176066156230954,1
2025-10-10 07:20:00,96.35215840808809,96.48100382948454,96.34914809668294,96.40889992618892,2714.170848609155,0.0005888972186849,96.03972414296116,95.6102564157153,0.2962510239797566,0.009161850056371046,0.0021576697499586417,1
2025-10-10 07:25:00,96.40889992618892,96.47115194536,96.20321173336012,96.28881841196824,2595.2563585419457,-0.0012455438690057,96.08954299676256,95.67194386992011,0.2961514858057847,0.01097287227701238,0.002121568410969522,1
2025-10-10 07:30:00,96.28881841196824,96.39903039954416,96.23779315258912,96.32163682071054,4127.713771744184,0.0003408330196956,96.13596176155217,95.73100686544652,0.2811018485842374,0.012769971148713255,0.0020965763409902527,1
2025-10-10 07:35:00,96.32163682071054,96.46255530304563,96.28005355835144,96.40059514832583,8546.198611741618,0.0008197361488184,96.1888884389069,95.79187852752644,0.2833865152865137,0.012010233459047726,0.0020960424346204644,1
2025-10-10 07:40:00,96.40059514832583,96.4197399790636,96.24925168019584,96.2563649360206,3560.786889199239,-0.0014961547911951,96.20238373832964,95.83410456466228,0.2723434366205036,0.014632698430498747,0.0020790366740022982,1
2025-10-10 07:45:00,96.2563649360206,96.3230135694269,95.9936021366376,96.07234852153329,2447.781956034574,-0.0019117324304697,96.17637669497036,95.855763106196,0.2728076184844679,0.018225174409851608,0.002099396509524028,1
2025-10-10 07:50:00,96.07234852153329,96.14078801879278,95.62011424494176,95.70023731295612,2179.1420710378225,-0.0038732394315701,96.08114881856751,95.84162439771966,0.2791744075719364,0.021537950226720115,0.00220088020817564,1
2025-10-10 07:55:00,95.70023731295612,95.83827717794554,95.68134490503894,95.79111591294128,5160.003849280719,0.0009496172897454,96.02314223744229,95.83703271728524,0.2684699226172274,0.018775219373163843,0.002204342286120763,1
2025-10-10 08:00:00,95.79111591294128,95.8583866724027,95.43826005075694,95.49700976361584,2230.639232707622,-0.0030702862840926,95.917915742677,95.80612153967894,0.2792026133322746,0.022120875147039865,0.002278004736794032,1
2025-10-10 08:05:00,95.49700976361584,95.70642564397696,95.48379617245028,95.6524351712478,5626.136569698265,0.0016275421399758,95.86481962839116,95.79215005163974,0.2776257987486232,0.020187653814413897,0.002151444227947694,1
2025-10-10 08:10:00,95.6524351712478,95.8897112396554,95.59650180806427,95.82392268571633,2816.8854064382517,0.0017928191181071,95.8566402398562,95.79503847291944,0.256598940014864,0.018965880051904582,0.0021207981471434126,1
2025-10-10 08:15:00,95.82392268571633,95.99863896851122,95.78297194182096,95.9495841003886,4781.798417553953,0.001311378319216,95.87522901196267,95.80908807541662,0.2436732231199008,0.018594203040061874,0.0021255268535553206,1
2025-10-10 08:20:00,95.9495841003886,96.25695817324838,95.88222320222631,96.21053818019372,3871.5788901400574,0.0027196999575536,95.94229084560888,95.84558353948728,0.2524050335656125,0.01805356994055618,0.002161645098346255,1
2025-10-10 08:25:00,96.21053818019372,96.43009679305614,96.11660295861904,96.35778985067724,3581.1530903126977,0.0015305149858715,96.02539064662255,95.89214774959544,0.2686358622698849,0.014864862647067989,0.0021639907453969535,1
2025-10-10 08:30:00,96.35778985067724,96.610502361936,96.29806891997784,96.5277601677353,7706.342561457039,0.0017639499341095,96.12586455084512,95.94993069669906,0.2815342700667815,0.013686109092437171,0.0021563674539247708,1
2025-10-10 08:35:00,96.5277601677353,96.58666987648007,96.15435804818698,96.21347638592896,3982.801275308072,-0.0032558901321256,96.14338691786187,95.97388939571997,0.2932750998020128,0.014813013052316304,0.0022423559480440353,1
2025-10-10 08:40:00,96.21347638592896,96.31013225997002,96.1964498563992,96.2941802047003,1414.246258521205,0.0008387995299909,96.17354557522958,96.00300674199087,0.2898783252745695,0.011556478840091922,0.0021415654476969366,1
2025-10-10 08:45:00,96.2941802047003,96.62304269648568,96.20471860941063,96.55962789773815,1410.5407262361564,0.0027566327733781,96.2507620397313,96.05360866524065,0.3067227783017716,0.011244295144428262,0.002164771468657281,1
2025-10-10 08:50:00,96.55962789773815,96.736701388841,96.4961298592764,96.72621723963304,4394.906177879282,0.0017252483830125,96.34585307971165,96.1147548992763,0.3117287233515436,0.012941149973234811,0.0021399562039995557,1
2025-10-10 08:55:00,96.72621723963304,96.85814417640655,96.69971677145884,96.83836654633662,3339.3123732237295,0.0011594509731083,96.44435577303663,96.18053777628178,0.2995155785057142,0.009547481637243616,0.0021359703111028688,1
2025-10-10 09:00:00,96.83836654633662,97.35682720553228,96.78083822023557,97.29218381141236,3679.020545271414,0.0046863374637633,96.6139213807118,96.2815965067482,0.3034666650375491,0.0033927661489288052,0.002225683128659172,1
2025-10-10 09:05:00,97.29218381141236,97.38034439275214,97.26683949725776,97.3453833181072,3786.2767630976273,0.0005468014449956,96.7602137681909,96.37830439868992,0.3003647095081052,0.002622589916591478,0.002226128215596347,1
2025-10-10 09:10:00,97.3453833181072,97.62505539857467,97.27680422648004,97.55166134390784,2170.416925550295,0.0021190324468347,96.91850328333427,96.48497321189154,0.2952307488258817,-0.0018084574848646895,0.0022234355802357567,-1
2025-10-10 09:15:00,97.55166134390784,97.60186689060428,97.46032010101744,97.55838880164838,1992.5043568566764,6.896302582481972e-05,97.04648038699712,96.58255644732398,0.2894391286873232,-0.00013974723279097656,0.0022130648954835925,0
2025-10-10 09:20:00,97.55838880164838,97.74492449161528,97.4945783762329,97.66485529614542,2335.6204292291436,0.0010913105044561,97.17015536882678,96.68094725176228,0.2863774632438399,-0.0007273910550482654,0.002136667155551645,0
2025-10-10 09:25:00,97.66485529614542,97.82656839897392,97.59640300515916,97.82328382930228,4101.2158731150785,0.0016221652371926,97.30078106092188,96.78479603153863,0.2874130608955931,-0.0016464148346084784,0.002122320688814286,-1
2025-10-10 09:30:00,97.82328382930228,97.83899616855584,97.69395694581095,97.76142426088788,3848.038951505898,-0.0006323603746763,97.3929097009151,96.87358041602494,0.2710062217329373,7.551516896309174e-05,0.002131841136802894,0
2025-10-10 09:35:00,97.76142426088788,97.82317157138428,97.55557841574948,97.58961512820692,1122.7651052744611,-0.0017574327908979,97.43225078637349,96.93867448076875,0.2677276018184896,-0.0007008598587954218,0.0021347573198988528,0
2025-10-10 09:40:00,97.58961512820692,97.6120243849964,97.55075783029336,97.60948719351244,1779.624189628849,0.0002036288930886,97.46769806780128,96.99965745465454,0.249787109871696,0.001456858987099574,0.0019444917488478644,1
2025-10-10 09:45:00,97.60948719351244,97.70241899760777,97.51783034530354,97.58343341899062,2173.8528493398267,-0.0002669184653143,97.49084513803916,97.0527279968669,0.2320925973010617,0.0018253378051711344,0.0018845684257897894,1
2025-10-10 09:50:00,97.58343341899062,97.64845546890454,97.5546807541736,97.6413077094766,1101.4677721799471,0.0005930749560478,97.52093765232664,97.10623524346778,0.2306706195267856,-0.0015345865867819608,0.0018529641817932158,-1
2025-10-10 09:55:00,97.6413077094766,97.811065092344,97.60757699190654,97.73369014876072,1614.1821118307305,0.0009461409464015,97.56348815161348,97.1632765984944,0.2153251919098155,-0.0018574122746862765,0.00185446217565498,-1
2025-10-10 10:00:00,97.73369014876072,97.99385406211483,97.72510243334447,97.9474818602484,2439.755416936384,0.0021874924722709,97.64028689334046,97.2345679859266,0.217338056138799,-0.0036968308965942276,0.0018797764610489368,-1
2025-10-10 10:05:00,97.9474818602484,97.96352961201242,97.74038663294958,97.7901351617826,3123.475862501873,-0.0016064394456848,97.6702565470289,97.28507409282258,0.2219605971470234,-0.003118970228350171,0.0018916113169138206,-1
2025-10-10 10:10:00,97.7901351617826,97.88489393293318,97.77288448953404,97.84884962383954,2042.7300777319945,0.0006004129349019,97.70597516239104,97.33632641382412,0.1888192012971968,-0.005551747582065669,0.0018915282360420869,-1
2025-10-10 10:15:00,97.84884962383954,97.8997847926102,97.61792638488936,97.63868786744244,3570.381200799603,-0.0021478204108177,97.69251770340132,97.36381381869852,0.2008444521705144,-0.00485324369046114,0.0019469486361464276,-1
2025-10-10 10:20:00,97.63868786744244,97.73245664314894,97.3203057632394,97.40700186065992,3842.068157922684,-0.0023728914413213,97.63541453485306,97.36774000433137,0.2054087170144356,-0.005586080031776852,0.001980384679696242,-1
2025-10-10 10:25:00,97.40700186065992,97.6906870534298,97.39779117029092,97.64537285285648,9441.580595782094,0.0024471648612851,97.63740619845376,97.39297935419728,0.2162193665538672,-0.004453276402792694,0.0019680128418122387,-1
2025-10-10 10:30:00,97.64537285285648,98.052807274783,97.61222601156943,97.97796572327483,4671.517277790499,0.0034061303746524,97.70551810341796,97.44615993320431,0.2298075913989521,-0.00925400180670144,0.0018629758613532626,-1
2025-10-10 10:35:00,97.97796572327483,98.05388744867976,97.72363232103424,97.76292907271842,1676.6060727353624,-0.0021947450017869,97.71700029727806,97.4749571277056,0.236956858101149,-0.008141596022954833,0.0019330074953991816,-1
2025-10-10 10:40:00,97.76292907271842,97.82992137943737,97.58881471394812,97.62227343920308,2479.083344923971,-0.001438742014478,97.69805492566309,97.48834951965992,0.2438188182971734,-0.006703118314105416,0.0018518334779925431,-1
2025-10-10 10:45:00,97.62227343920308,97.64701396792567,97.59775142150266,97.600680338824,1247.040916928825,-0.0002211903044084,97.67858000829528,97.4985614123112,0.2282237747820445,-0.008575501956883835,0.0018504697947305136,-1
2025-10-10 10:50:00,97.600680338824,97.62701555030964,97.3537090536166,97.37524331178946,2906.7407613021005,-0.0023097895040478,97.61791266899412,97.48735067590012,0.2433694849241864,-0.011136804495145536,0.0019086535294599557,-1
2025-10-10 10:55:00,97.37524331178946,97.57754783292798,97.35360283110404,97.5447552867778,1896.695374092145,0.0017408118246811,97.60328119255084,97.492569276889,0.2461806527470226,-0.016360169206457442,0.0019160106382295143,-1
2025-10-10 11:00:00,97.5447552867778,97.60723759431708,97.46575037278376,97.59381475401042,2315.74896745111,0.000502943157614,97.60138790484277,97.50177341117278,0.2495886889471908,-0.01661459370129792,0.0018734091359343156,-1
2025-10-10 11:05:00,97.59381475401042,97.684930557472,97.49750803373182,97.6622261236356,2936.417466248072,0.0007009805877309,97.61355554860134,97.51636002139666,0.2484411477545275,-0.016509971497941422,0.0018636592988213443,-1
2025-10-10 11:10:00,97.6622261236356,97.82326124570945,97.59146494467322,97.768806731359,1710.0901607301955,0.0010913186392913,97.64460578515288,97.53930972230232,0.2458014814878037,-0.013703458647826183,0.0018517907054696843,-1
2025-10-10 11:15:00,97.768806731359,97.85155569463296,97.48206852191214,97.52121848432826,6221.293329264812,-0.0025323848710873,97.61992832498797,97.53766506430468,0.2562546381776595,-0.011968786249812013,0.001809639055955475,-1
2025-10-10 11:20:00,97.52121848432826,97.78754611768024,97.43731819481415,97.7516904521565,3197.633621320582,0.0023633007401899,97.64628075042168,97.55712191774576,0.2732702438538703,-0.013667216572421204,0.001840723220569319,-1
2025-10-10 11:25:00,97.7516904521565,97.82724843653116,97.73054418332444,97.7615561491687,6245.955437081217,0.0001009261012936,97.66933583017108,97.57570684787513,0.2600449471028625,-0.010501349606246713,0.0017936236483697041,-1
2025-10-10 11:30:00,97.7615561491687,97.77519616784562,97.48121142956052,97.4914686683498,1286.6985457981098,-0.0027627166695954,97.63376239780683,97.56804883155462,0.2516045084154023,-0.0052811080697433566,0.0018599423427634093,-1
2025-10-10 11:35:00,97.4914686683498,97.55297390913373,97.43586566857265,97.55215839302802,2921.894674541722,0.0006225131850734,97.61744159685108,97.56660424623402,0.2390482482312716,-0.0073996691416193805,0.0018538662638472106,-1
2025-10-10 11:40:00,97.55215839302802,97.67149485815035,97.54232175475174,97.58538658306384,3220.3383515185496,0.0003406197318764,97.61103059409363,97.56831173140036,0.2168048082444897,-0.010316781431459643,0.0016667031261684898,-1
2025-10-10 11:45:00,97.58538658306384,97.67560005020924,97.43588918330292,97.48513064158666,1563.3177719516311,-0.0010273663402647,97.58585060359223,97.56074981414456,0.210337361048831,-0.012675559790743307,0.0016761537468540301,-1
2025-10-10 11:50:00,97.48513064158666,97.5384357223186,97.30429299475608,97.30561750953248,2352.6619153623415,-0.0018414411600287,97.5298039847803,97.53755596827074,0.2098399369112087,-0.01070549715531699,0.0016643370699409084,-1
2025-10-10 11:55:00,97.30561750953248,97.39278772541172,97.07450802850909,97.16482352160487,1532.4678690338385,-0.0014469255889958,97.45680789214522,97.50367120039202,0.2290554476597545,-0.009525860936699826,0.0016815161905878767,-1
2025-10-10 12:00:00,97.16482352160487,97.16700469037052,96.82656982096086,96.86287855261084,4799.605973079346,-0.003107554339631,97.33802202423836,97.445417323321,0.2338503314252286,-0.006895888385260784,0.0017461305558413927,-1
2025-10-10 12:05:00,96.86287855261084,97.24300962275126,96.82029275750472,97.21053101808896,1672.9022485054136,0.003589119698619,97.31252382300848,97.42406402284536,0.2480483216697006,-0.011653707928236834,0.0018461406396625029,-1
2025-10-10 12:10:00,97.21053101808896,97.27111575143005,97.04407058765456,97.07127745145472,1962.4718795374984,-0.0014324946605662,97.26427454869771,97.3919925163553,0.2541596032584284,-0.012996122877935612,0.0018576423527131986,-1
2025-10-10 12:15:00,97.07127745145472,97.08240152584575,96.91210544300188,96.96698279818756,2879.971723482701,-0.0010744131117396,97.20481619859572,97.35335526924914,0.2529362860515505,-0.010349956752755629,0.0018432721325297803,-1
2025-10-10 12:20:00,96.96698279818756,97.0454151905655,96.89803296351876,96.96789979024815,5615.052241640381,9.45674531815932e-06,97.1574329169262,97.31831386206724,0.2469067093380153,-0.011158768472189662,0.0018422254645823195,-1
2025-10-10 12:25:00,96.96789979024815,97.05552186024282,96.74529974318772,96.76370551358522,4363.781365843237,-0.0021057925056089,97.07868743625802,97.26789492129612,0.2426734910761772,-0.008797848961767607,0.0018726665212307203,-1
2025-10-10 12:30:00,96.76370551358522,96.81575749463362,96.26696521310105,96.29079426435884,1843.3079878601989,-0.0048872792408717,96.9211088018782,97.17906758884727,0.2568566595523539,-0.006608328205551239,0.0020354759104414667,-1
2025-10-10 12:35:00,96.29079426435884,96.34387873160436,95.91236942378572,95.94890658508363,2433.487030341882,-0.0035505749213842,96.72666835851928,97.06723477032332,0.2807713063103471,-0.0028162906987757585,0.002091627503023724,-1
2025-10-10 12:40:00,95.94890658508363,96.06780165309054,95.94654411462136,95.9723331741128,13940.46405755991,0.0002441569149971,96.575801321638,96.96769826157691,0.2684336491806383,-0.0029564796501169166,0.002036354172394375,-1
2025-10-10 12:45:00,95.9723331741128,96.10078511044492,95.93372111170784,96.04982555390887,6311.550580447863,0.0008074449920425,96.47060616809216,96.88425528815254,0.272001917621783,-0.0015045922708897264,0.00204388025349237,-1
2025-10-10 12:50:00,96.04982555390887,96.43897089883905,95.9539334246642,96.42903593126852,1312.9068421141644,0.0039480589909743,96.46229212072744,96.842871710254,0.2974208012486546,-0.008106435256765687,0.0021858764139408363,-1
2025-10-10 12:55:00,96.42903593126852,96.50735611696749,96.30999795494598,96.35400786546812,2638.8062305161006,-0.0007780650825325,96.4406352696756,96.79842954254616,0.294395608042595,-0.008195414975596504,0.002164955797502047,-1
2025-10-10 13:00:00,96.35400786546812,96.43878233452908,96.2591836499364,96.4156969284266,2785.7589418467905,0.0006402334923589,96.4356476014258,96.7636356685353,0.2904996049733209,-0.00995573818232387,0.002142305660691175,-1
2025-10-10 13:05:00,96.4156969284266,96.8229504592088,96.3400003480103,96.73492786999556,8484.079909754955,0.0033109851584223,96.49550365513976,96.76102586866806,0.3022617774230239,-0.013524095431980188,0.0021833142481986205,-1
2025-10-10 13:10:00,96.73492786999556,96.9997219915352,96.72481380597937,96.97660568643424,2223.193983676466,0.0024983511308704,96.59172406139866,96.78062403391952,0.297581300004894,-0.020396480917045934,0.0021391870390097857,-1
2025-10-10 13:15:00,96.97660568643424,97.05618513615912,96.78178472033058,96.83030469686877,6975.766251726682,-0.0015086214714354,96.63944018849269,96.785140457824,0.286987267903608,-0.016523288754335508,0.002123155694348248,-1
2025-10-10 13:20:00,96.83030469686877,96.8592544398542,96.4947451369838,96.57861947878187,3573.964721435868,-0.0025992401746001,96.62727604655052,96.76636582336562,0.2968061349818153,-0.007942053224216483,0.0021529829813275716,-1
2025-10-10 13:25:00,96.57861947878187,96.64742869847034,96.19890641693608,96.2494520394308,1614.5110582636848,-0.0034082847852613,96.5517112451266,96.71937366118972,0.3166794348882707,-0.0005151754172648682,0.0022202814956000204,0
2025-10-10 13:30:00,96.2494520394308,96.29815247814466,96.16402065162814,96.26391249808782,5760.926600875781,0.0001502393868288,96.49415149571884,96.67796810090772,0.3157329777075414,-0.0011616906646488845,0.002195660969495593,-1
2025-10-10 13:35:00,96.26391249808782,96.2899538818462,96.17894442033332,96.23924492479908,5336.006224473202,-0.0002562494360411,96.44317018153492,96.63808417580694,0.3015035023116681,-0.00010789524545873341,0.002162258580790648,0
2025-10-10 13:40:00,96.23924492479908,96.28222910136944,96.1747399660134,96.19492295343696,2164.735531676795,-0.0004605394753121,96.39352073591532,96.59779679195512,0.269981849013345,-0.0027629019362646057,0.0021557090065699625,-1
2025-10-10 13:45:00,96.19492295343696,96.20084097417342,95.99768732865644,96.07766788205534,3148.9938196080125,-0.001218932016177,96.33035016514334,96.5505123456006,0.2536707302775127,0.001735004582723798,0.0021493837283586485,1
2025-10-10 13:50:00,96.07766788205534,96.10343906385742,95.73159370907318,95.80972720177743,3867.859159141653,-0.0027887925069832,96.22622557247016,96.48316824161668,0.2715698600143038,0.006700917486333724,0.00216558669972616,1
2025-10-10 13:55:00,95.80972720177743,96.0565022703828,95.75624153595592,95.96337871978112,1684.2369119909206,0.0016037152227779,96.17365620193236,96.43591464872252,0.2810839125635748,0.005719368212835807,0.0021718071467531487,1
2025-10-10 14:00:00,95.96337871978112,95.99272600517328,95.79741161035544,95.88585744725428,2651.709164749652,-0.0008078214164719,96.11609645099676,96.38590944858905,0.2603894068952205,0.003948219704903222,0.0021083242236059614,1
2025-10-10 14:05:00,95.88585744725428,95.97659891764742,95.8118363246043,95.91239304749574,2397.803886600976,0.000276741544039,96.07535577029655,96.34286250303512,0.2580611519681944,0.0024929656435177527,0.0021104375368765785,1
2025-10-10 14:10:00,95.91239304749574,95.95328125118864,95.5732519788278,95.65447309268674,3382.911751903985,-0.0026891202128725,95.9911792347746,96.28028164754888,0.2723776225230634,0.003713161373169571,0.0021080371080131424,1
2025-10-10 14:15:00,95.65447309268674,95.71210336985482,95.6038415528317,95.67868657191036,7040.375218315867,0.0002531348345848,95.92868070220176,96.2255911861272,0.2456141729391084,0.0016259975695278595,0.002102174690929041,1
2025-10-10 14:20:00,95.67868657191036,95.75082439250087,95.67349399203664,95.6885929241093,2376.172777907735,0.0001035377109979,95.88066314658326,96.1767731623074,0.2315014740039933,0.003965421985005824,0.0020991549553635433,1
2025-10-10 14:25:00,95.6885929241093,95.97359344726446,95.66825117147536,95.90530972876016,2891.901660436887,0.0022648133704163,95.88559246301864,96.15209466834855,0.2337116068583193,-0.0008270522414094428,0.0021579464358856743,-1
2025-10-10 14:30:00,95.90530972876016,95.94720668265828,95.57064609489876,95.64734019461936,2648.1739069292253,-0.0026898357856348,95.8379420093388,96.10620789800952,0.2345724129218283,0.0032518429426000584,0.0021799544262529665,1
2025-10-10 14:35:00,95.64734019461936,95.67245698096156,95.56153475406174,95.56434678644872,1053.7453857706064,-0.0008677022068962,95.78322296476078,96.05694779695854,0.2104581233050839,0.0007598794170460277,0.0021745336632882574,0
2025-10-10 14:40:00,95.56434678644872,95.62089658127626,95.44261763625884,95.4558074931409,2346.322231604805,-0.0011357718328821,95.7177398704368,96.00229867842964,0.2136114889122911,0.0010426971512296213,0.0021261455599865865,1
2025-10-10 14:45:00,95.4558074931409,95.54637410178096,95.4015263670648,95.42667547387602,3703.031219313025,-0.0003051885477682,95.65952699112464,95.9499692961975,0.2160285084268116,0.0025854706892565193,0.0019945819188132074,1
2025-10-10 14:50:00,95.42667547387602,95.46263925243336,94.94175113971755,94.998624199151,1427.804931950014,-0.0044856563701854,95.52734643272991,95.86348337828416,0.2455570068096508,0.0098626039533114,0.0021067129433300917,1
2025-10-10 14:55:00,94.998624199151,95.26277572254644,94.97094648058416,95.23034961219211,2751.861751620351,0.0024392501996171,95.46794706862238,95.80592576318487,0.251890977984315,0.0034229349460876968,0.0021755104544706858,1
2025-10-10 15:00:00,95.23034961219211,95.89842017972938,95.2086915665957,95.81158694256004,2229.1325663737207,0.0061034883599071,95.53667504340991,95.80644041585536,0.2745969250092749,-3.455541900398984e-05,0.0024734944101680294,0
2025-10-10 15:05:00,95.81158694256004,96.2711237311914,95.7621063654863,96.19986668781488,4319.138078489168,0.0040525343295652,95.66931337229092,95.84220644057892,0.2895081129577183,-0.0022914607360395856,0.0025718508559618054,-1
2025-10-10 15:10:00,96.19986668781488,96.29410100127834,96.13205327832888,96.15208360959622,3642.99973423522,-0.000496706283115,95.76586741975198,95.87037709230778,0.2871319221099751,-0.001266699937565452,0.0024255436349090373,-1
2025-10-10 15:15:00,96.15208360959622,96.29145007199068,96.15187240491662,96.22886116784515,3094.182270157056,0.0007985012426841,95.85846616937064,95.90296655372026,0.285332998826471,-0.0017353058785788411,0.0023430620389345205,-1
2025-10-10 15:20:00,96.22886116784515,96.27122406785838,95.8758906313047,95.92914581455008,2827.6910390172206,-0.0031146097922981,95.87260209840652,95.90534648652296,0.286426153411674,-0.0013242799528586646,0.002410369126325011,-1
2025-10-10 15:25:00,95.92914581455008,96.31422220493052,95.90577879562994,96.24436307612812,3415.984268021897,0.0032859383756778,95.94695429395084,95.93616617648708,0.3078676957172064,-0.004756576150065861,0.0024764405965161476,-1
2025-10-10 15:30:00,96.24436307612812,96.51108822999208,96.1615858565637,96.45174027814468,3234.822504826342,0.0021546945232784,96.04791149078962,95.98303654936504,0.32730855092893,-0.007271390897505614,0.0024050214442423376,-1
2025-10-10 15:35:00,96.45174027814468,96.6047754069779,96.38604929673023,96.51222861762736,4339.2154638287775,0.0006271358018867,96.14077491615716,96.03114491920708,0.3211216819616841,-0.0070279506179597995,0.0024029929970094655,-1
2025-10-10 15:40:00,96.51222861762736,96.51952720960044,96.1997526398406,96.26443587904907,6092.70705281534,-0.0025674750456755,96.16550710873555,96.0523531882836,0.3170655378188505,-0.0036274549054180483,0.0024443021257589074,-1
2025-10-10 15:45:00,96.26443587904907,96.28035394735494,96.10924760763908,96.15149934815072,7356.864667478841,-0.0011731905959565,96.1627055566186,96.06136647554423,0.3213644030199946,-0.000963890953221247,0.002373131192167771,-1
2025-10-10 15:50:00,96.15149934815072,96.16486718979452,95.95253800907152,96.0096535873454,1050.0934494962562,-0.001475231918035,96.13209516276396,96.0566653038898,0.3237965627132512,-0.002469707455334147,0.0023317227616887377,-1
2025-10-10 15:55:00,96.0096535873454,96.02054049965167,95.8094447323342,95.8342598837319,3298.8603390761727,-0.0018268340428281,96.07252810695756,96.03644662933,0.3285285650419191,-0.005083154461144379,0.002337668308191293,-1
2025-10-10 16:00:00,95.8342598837319,96.08842068894444,95.77007058404014,96.06803857420483,4451.866033305346,0.0024394062285926,96.071630200407,96.0393186243186,0.314061564483955,-0.009970560900715242,0.002348889497166395,-1
2025-10-10 16:05:00,96.06803857420483,96.07429352435666,95.73617518309216,95.82599102738592,3816.9076986776377,-0.0025195429240698,96.0225023658028,96.01992520641564,0.3173679287198275,-0.012914159850376472,0.002314278330732366,-1
2025-10-10 16:10:00,95.82599102738592,95.99668444484072,95.7337925081547,95.9583703228097,1483.8101849937668,0.0013814550103212,96.0096759572042,96.014329307906,0.2868795946878514,-0.013935028874485611,0.0023293622251886405,-1
2025-10-10 16:15:00,95.9583703228097,95.98926245307456,95.60510776323372,95.6369641665752,3459.3838653800008,-0.0033494332506196,95.9351335990784,95.98002338596685,0.2779608321261203,-0.013024055875537344,0.0023993246107416486,-1
2025-10-10 16:20:00,95.6369641665752,95.6903870814868,95.53144730933376,95.55533899168232,5104.556560323869,-0.0008534898154098,95.8591746775992,95.94141571375914,0.2777388356406618,-0.010188771501272398,0.00240174039517247,-1
2025-10-10 16:25:00,95.55533899168232,95.73274587782603,95.54394061099916,95.67339834628692,5918.9659076464695,0.0012355076738816,95.82201941133674,95.9170504985344,0.2812550927658636,-0.010035869416279986,0.002407522015700256,-1
2025-10-10 16:30:00,95.67339834628692,95.9811733174047,95.62178245413354,95.9355580057367,2373.347709545234,0.0027401520587875,95.84472713021674,95.91873299918916,0.2786877661028261,-0.013431062225508161,0.002408873228824546,-1
2025-10-10 16:35:00,95.9355580057367,95.94330843292872,95.52639669607274,95.55631690380784,4536.843106094747,-0.0039530817333252,95.78704508493496,95.8857860814272,0.2792926466424989,-0.007678163502937041,0.002491662514296777,-1
2025-10-10 16:40:00,95.55631690380784,95.8376079099303,95.50238136878646,95.8082761330278,2925.38334500926,0.0026367616227149,95.79129129455352,95.8787397224818,0.2782729443364614,-0.007132612699488172,0.002535447922123989,-1
2025-10-10 16:45:00,95.8082761330278,96.006598753789,95.75301963802929,95.9794284704875,5038.444053311143,0.0017864045191884,95.82891872974034,95.88789324502778,0.2807624447301801,-0.007283617840276535,0.002555157902539399,-1
2025-10-10 16:50:00,95.9794284704875,96.03778105010676,95.939873253167,96.03028777129116,2857.3141798054216,0.0005298979334857,95.86919253805053,95.9008382019608,0.2649148181001735,-0.0068269382687281555,0.0025077845167640225,-1
2025-10-10 16:55:00,96.03028777129116,96.0966832134445,96.0181757981556,96.06187465937164,2005.661357878371,0.0003289263087049,95.90772896231476,95.91547787990724,0.2583006092125351,-0.008950584156856678,0.0025079446487329474,-1
2025-10-10 17:00:00,96.06187465937164,96.14944306024924,95.7208427974532,95.80210876985302,3420.240489209177,-0.0027041517817525,95.8866049238224,95.90517159717504,0.2737485436463233,-0.008478472902097689,0.002557451345970545,-1
2025-10-10 17:05:00,95.80210876985302,95.8040423292906,95.70109737576736,95.78656943414194,3088.707928960092,-0.0001622024390758,95.86659782588632,95.89438958235384,0.2660234855181634,-0.007524758051500102,0.0025251339901673523,-1
2025-10-10 17:10:00,95.78656943414194,95.88016040870028,95.6872845857102,95.7504019718376,3733.953088498425,-0.0003775838566723,95.84335865507656,95.88129979957964,0.2570610368100056,-0.0067255357387259185,0.002479401472572353,-1
2025-10-10 17:15:00,95.7504019718376,95.9156665584245,95.7032549711764,95.83394544087342,2618.706788233744,0.0008725129849627,95.84147601223594,95.87699485787908,0.2480819829516919,-0.007212230302663936,0.002478010548986298,-1
2025-10-10 17:20:00,95.83394544087342,95.98640047230352,95.75959860072052,95.91524097890232,4886.575151764982,0.0008482958481454,95.85622900556922,95.8804717779721,0.2455041211586208,-0.004828029436384829,0.0024711371581352197,-1
2025-10-10 17:25:00,95.91524097890232,96.0925132455726,95.87237099872468,96.05881978779038,4215.934076390479,0.0014969342455142,95.89674716201344,95.89668523341012,0.2337889466591239,-0.0058666655502085385,0.0024808736979146347,-1
2025-10-10 17:30:00,96.05881978779038,96.13772846570748,95.69348943850972,95.77253783009668,2124.6032043236646,-0.0029802776915869,95.8719052956301,95.88539910583616,0.2541674648766039,-0.0022177863933096065,0.002401992731507026,-1
2025-10-10 17:35:00,95.77253783009668,95.79400920528838,95.2673895638159,95.34711953807344,2680.61169764211,-0.0044419653239005,95.76694814411876,95.83646459967592,0.2782970630655746,0.0017408545473256432,0.0025060338186698697,1
2025-10-10 17:40:00,95.34711953807344,95.41016210320502,95.01852486905784,95.11018634498846,1637.7504235489448,-0.0024849538636597,95.63559578429272,95.77043930379524,0.2806003752710059,-0.0007325193027002408,0.002286099564974527,0
2025-10-10 17:45:00,95.11018634498846,95.15224344456736,94.4997697599578,94.58847886143752,2129.6155421577773,-0.0054852955671707,95.42617239972168,95.66298835449,0.2974262286819739,0.0033209609145350427,0.0023314486070449654,1
2025-10-10 17:50:00,94.58847886143752,94.63094027647264,94.5474672112721,94.62118766161277,2423.1237410276153,0.0003458011014549,95.2651754520999,95.56827920059206,0.2794438375431665,0.00450105581520166,0.0023365312544642632,1
2025-10-10 17:55:00,94.62118766161277,94.71181100516486,94.3701544266366,94.39138300150296,2808.556562466989,-0.0024286807826977,95.09041696198052,95.4612886370385,0.2857350848837764,0.00852994633837345,0.0023483476649451785,1
2025-10-10 18:00:00,94.39138300150296,94.64166905694228,94.36593092406342,94.58174747696944,2960.009852538255,0.0020167569264604,94.9886830649783,95.3813303497595,0.2984372517365697,0.005332696169029649,0.0023462692446250344,1
2025-10-10 18:05:00,94.58174747696944,94.7741509709648,94.52009175549316,94.71323261387184,4715.7666766440525,0.0013901745358892,94.93359297475702,95.32059419195151,0.3109766660353352,0.0007038194822501787,0.002271930543206336,0
2025-10-10 18:10:00,94.71323261387184,94.7966992524503,94.58133430340612,94.6470415565228,6350.9640547673625,-0.000698857546325,94.87628269111018,95.25936213418528,0.2957455721959162,0.0011013137184376909,0.0022198362238057528,1
2025-10-10 18:15:00,94.6470415565228,94.86501099778832,94.55245652286987,94.82261987888194,6247.220553649812,0.0018550851613707,94.86555012866454,95.21965829279408,0.3107176808670014,-0.0002515644624035973,0.00225189590592993,0
2025-10-10 18:20:00,94.82261987888194,95.1869778850416,94.8084526042296,95.1249128059653,1181.193749473325,0.0031879832836245,94.9174226641247,95.21104506671873,0.3239783564257103,-0.003394879017640129,0.0023144802781258473,-1
2025-10-10 18:25:00,95.1249128059653,95.35476200174016,95.0629232545362,95.28035099298032,2528.2953363251913,0.0016340428856118,94.99000832989584,95.21734560546976,0.3296517249939867,-0.004298080460543141,0.0023361338390662516,-1
2025-10-10 18:30:00,95.28035099298032,95.3794594744642,95.21825606089736,95.37469492474835,4512.350697159291,0.0009901719586968,95.06694564886634,95.23165008904056,0.3249661208499747,-0.00565866930577319,0.002336157055173295,-1
2025-10-10 18:35:00,95.37469492474835,95.387725343445,95.18719654741436,95.20206476596752,4290.651349250361,-0.0018100205606638,95.09396947228656,95.22896051421571,0.3235651600773122,-0.003392114994271056,0.0023357823132319267,-1
2025-10-10 18:40:00,95.20206476596752,95.2386039624308,94.98729077031186,94.989853186684,2914.018523637139,-0.0022290648822084,95.07314621516606,95.20722348444012,0.3097847432859676,0.0002153232023882623,0.002311003985388106,0
2025-10-10 18:45:00,94.989853186684,95.10063607082688,94.98654709674308,95.0657986745668,3114.7986659281687,0.000799511582922,95.07167670704622,95.19436668354254,0.2803182670439201,-0.00111406185910079,0.0022848271558873513,-1
2025-10-10 18:50:00,95.0657986745668,95.14739756362653,95.03751100371336,95.10642922137863,2159.184161611141,0.0004273939458596,95.07862720991272,95.18637236880036,0.2601932188843473,-0.0014057891320523597,0.0022690715515568706,-1
2025-10-10 18:55:00,95.10642922137863,95.16454488543094,95.02797860945164,95.14276895554092,1315.26421734767,0.0003820954530604,95.09145555903837,95.1824084221404,0.2233426896964729,-0.0033193881400001013,0.002200896639201447,-1
2025-10-10 19:00:00,95.14276895554092,95.50238891240924,95.1114813207668,95.45215937205823,2467.010750539127,0.0032518542387798,95.16359632164234,95.2069312357693,0.2453022987280369,-0.008660872579912215,0.0022774608919169355,-1
2025-10-10 19:05:00,95.45215937205823,95.51326509251317,95.37505601173218,95.49527481894766,3389.3759402350397,0.0004516969251722,95.2299320211034,95.23314428878552,0.2307703346032314,-0.007298257394085184,0.0022675910325872955,-1
2025-10-10 19:10:00,95.49527481894766,95.61698777848746,95.44876963884114,95.56013479884436,1357.919665812013,0.0006791956986318,95.2959725766516,95.26287069879086,0.2230903350866201,-0.0063466807613226095,0.0022142604089418253,-1
2025-10-10 19:15:00,95.56013479884436,95.58252243269192,95.44640072995796,95.5131050046957,2596.5057898031237,-0.0004921486794431,95.33939906226044,95.28561927205492,0.2146662270339285,-0.0055140914803187835,0.0021027178427122095,-1
2025-10-10 19:20:00,95.5131050046957,95.55497339180442,94.99814272300496,95.04051629760734,10502.238767616622,-0.004947893873465,95.2796225093298,95.26333718346878,0.2390566355878769,-0.0010490292220233233,0.0022187879795290493,-1
2025-10-10 19:25:00,95.04051629760734,95.112645026229,94.81235793729638,94.90260350270168,3209.4902342912906,-0.0014510947570383,95.2042187080042,95.23054321248996,0.2381803937317446,0.002892062015015462,0.0021966849391714402,1
2025-10-10 19:30:00,94.90260350270168,95.06840307035442,94.89884430423749,95.04708290857836,4001.458481323327,0.0015223966524013,95.17279154811902,95.21386500304344,0.2232542141106677,0.0002700971115228157,0.0022164298220829267,0
2025-10-10 19:35:00,95.04708290857836,95.243483213597,95.0460972858678,95.19653643331064,3632.806978123741,0.0015724156929262,95.17754052515735,95.21228967852228,0.2165075841481833,-0.000993086199505444,0.002238945147443544,-1
2025-10-10 19:40:00,95.19653643331064,95.27340400767169,95.0601693659388,95.0861231994,2180.0798785078846,-0.0011598450746999,95.15925706000588,95.20081999860206,0.2202241004457568,-0.0033450707093820586,0.0022013425328091343,-1
2025-10-10 19:45:00,95.0861231994,95.16769587801802,94.73924318910296,94.77989363221238,2127.634699472123,-0.0032205495069499,95.0833843744472,95.16255396529392,0.2365043785089306,0.00011127801180199626,0.002263719021448804,0
2025-10-10 19:50:00,94.77989363221238,94.86121926361491,94.70320968854956,94.75127764179854,2460.810515598564,-0.0003019204740288,95.01696302791748,95.12516520861251,0.229839834433675,0.0027544746167391665,0.002263704668192395,1
2025-10-10 19:55:00,94.75127764179854,94.86013064840874,94.71753989067754,94.7987658774884,1612.4496093858786,0.000501188341432,94.97332359783168,95.09549254214669,0.231875676122774,0.002104458604546222,0.0022583120525754563,1
2025-10-10 20:00:00,94.7987658774884,94.8276028698808,94.73298781753594,94.80197523542547,2378.2918783144164,3.385442740055922e-05,94.93905392535044,95.06880915062658,0.2307848541536086,0.003378551580582201,0.002249094990684784,1
2025-10-10 20:05:00,94.80197523542547,94.90713551150704,94.77338230447464,94.8708283781037,3679.417511754048,0.000726283840682,94.9254088159011,95.05081089857904,0.230583920657402,0.004788209722371928,0.002232609928921349,1
2025-10-10 20:10:00,94.8708283781037,94.88184894568435,94.8223982955312,94.8350010660302,1446.1026539829204,-0.0003776430825574,94.90732726592692,95.03119182289278,0.2069084248367393,0.005800540028941148,0.0021818986626172807,1
2025-10-10 20:15:00,94.8350010660302,94.89227568510316,94.81185977380515,94.87912841458932,2377.5555133473904,0.0004653065646975,94.90168749565942,95.01736787668337,0.2027803413022409,0.004868141428039818,0.0020502407958629767,1
2025-10-10 20:20:00,94.87912841458932,95.07860058313176,94.8585811057332,95.01030670606656,2537.215381320504,0.0013825832263554,94.92341133774084,95.01672595208184,0.2064804368559732,0.004097321256581354,0.0020220614893059563,1
2025-10-10 20:25:00,95.01030670606656,95.10332854346431,94.89106001977817,94.95988949415852,4545.454979306648,-0.000530649922687,94.93070696902438,95.01155900136152,0.2119194954954173,0.0030159148333122054,0.0017641812690626546,1
2025-10-10 20:30:00,94.95988949415852,94.99223995597706,94.95866011528172,94.97272963679092,2195.669075772603,0.0001352164866745,94.9391115025777,95.00802905912784,0.1745444363451217,0.0023844472546274975,0.0017637198476920038,1
2025-10-10 20:35:00,94.97272963679092,95.04099874623635,94.79057467985731,94.82695317666312,2713.802792846532,-0.0015349296654452,94.91667983739478,94.9915676152674,0.1709827918770088,0.0034282643696321724,0.0017288317920858079,1
2025-10-10 20:40:00,94.82695317666312,94.8332523138763,94.55107593027564,94.62546038225936,5612.265897498495,-0.002124847289234,94.8584359463677,94.9582851395394,0.1790269074115603,0.0058473477404106244,0.001739207147430884,1
2025-10-10 20:45:00,94.62546038225936,94.82100962207574,94.5497022884722,94.79832572340008,4786.957846401981,0.0018268375175392,94.84641390177418,94.94374337443584,0.1843070078311563,0.00614755164293479,0.0017520033427149814,1
2025-10-10 20:50:00,94.79832572340008,95.01640092501049,94.72092396093328,94.95364512976714,2969.073292311055,0.0016384192988834,94.86786014737278,94.9446435340114,0.1901814594271787,0.0035297708615926737,0.0017692913507723475,1
2025-10-10 20:55:00,94.95364512976714,95.05465527248874,94.87394472730878,94.98643700613052,4559.481235772754,0.0003453461562066,94.89157551912432,94.94844294056767,0.172485592017529,0.006333573427754313,0.0017409546459017547,1
2025-10-10 21:00:00,94.98643700613052,95.004091280011,94.918467565007,94.94081601873496,4059.531883649513,-0.0004802894900943,94.90142361904644,94.94774958403742,0.1673151734417177,0.006879915863705843,0.0016462281640144858,1
2025-10-10 21:05:00,94.94081601873496,95.24730657993742,94.93356683537972,95.17706771741793,2582.158358744762,0.0024884102390307,94.95655243872076,94.968596687072,0.1795401010721826,0.0069694158527024985,0.001681133973878001,1
2025-10-10 21:10:00,95.17706771741793,95.2217662568284,95.00624555670564,95.07275485113064,4317.219424211833,-0.0010959873926457,94.97979292120272,94.97806561107734,0.1881762187706032,0.008103944505400973,0.001680645099183333,1
2025-10-10 21:15:00,95.07275485113064,95.1193837377442,95.04709650819863,95.101998066738,2080.843905717727,0.0003075877590077,95.0042339503098,94.98933219795558,0.183785791807256,0.007380360163459221,0.0016525030176852329,1
2025-10-10 21:20:00,95.101998066738,95.16587025066671,94.71672947829916,94.768053393817,4203.665090025165,-0.0035114369803949,94.95699783901124,94.96921594303387,0.2116208005368562,0.009237357339207941,0.0017216171239687736,1
2025-10-10 21:25:00,94.768053393817,94.83269827077694,94.72828419175408,94.79044055033457,2828.015903218153,0.000236231047445,94.92368638127591,94.95296363460668,0.2133349553743469,0.009998850407327842,0.0017152910503623437,1
2025-10-10 21:30:00,94.79044055033457,95.10628479036046,94.7507179686401,95.01226763096648,3256.1257918999745,0.002340184087594,94.94140263121405,94.958354907003,0.2230169085401893,0.01084874722752116,0.001766440642022081,1
2025-10-10 21:35:00,95.01226763096648,95.08439274233729,94.92593253924063,94.99826595603965,2822.8190169858726,-0.0001473670219221,94.95277529617915,94.96198318418816,0.2191734570695089,0.01099630453262046,0.0017649405736301234,1
2025-10-10 21:40:00,94.99826595603965,95.19208043411923,94.96061643097232,95.12226859869943,3097.092009550929,0.0013053148014006,94.98667395668322,94.97655458550736,0.2333080401017651,0.010625491152738809,0.0016790677494207965,1
2025-10-10 21:45:00,95.12226859869943,95.3845971726514,95.11497503409451,95.3250898009132,1433.8825294405704,0.0021322157808221,95.05435712552922,95.0082396050897,0.2346793309716111,0.006151711010573324,0.0017228108897667251,1
2025-10-10 21:50:00,95.3250898009132,95.43024663218462,95.29745462141578,95.38509528585838,2583.1562003209706,0.0006294825955108,95.12050475759506,95.0424992124323,0.2240090186264812,0.0056100251731232564,0.0017221504152714854,1
2025-10-10 21:55:00,95.38509528585838,95.41774376183685,95.33931804172556,95.34101343028068,3778.073561319632,-0.0004621461607351,95.16460649213218,95.06963686860034,0.2102317605198931,0.007113339361469073,0.0017219133748167426,1
2025-10-10 22:00:00,95.34101343028068,95.40827505410851,95.2642200960969,95.39959445532764,2477.5691943537954,0.0006144367774085,95.21160408477128,95.09963301284829,0.1994159029437808,0.007658254834747913,0.0014751107263985903,1
2025-10-10 22:05:00,95.39959445532764,95.46337178161454,95.2385872818174,95.24628043345363,1206.1886823395353,-0.001607072050456,95.21853935450775,95.11296459653968,0.2025640425592933,0.007918063462528213,0.001480712982204791,1
2025-10-10 22:10:00,95.24628043345363,95.27921447276026,95.14564562610586,95.19918710123784,5356.943663549956,-0.000494437494057,95.21466890385378,95.12080300605768,0.2059886948200368,0.008375236009437792,0.0014616326533518403,1
2025-10-10 22:15:00,95.19918710123784,95.25284873552094,95.07176536745628,95.15204504151946,1947.9786620637403,-0.0004951939313122,95.20214413138692,95.12364319109966,0.1965132393562478,0.0065088992894506426,0.0014377123788132493,1
2025-10-10 22:20:00,95.15204504151946,95.19709058140594,95.08799230418629,95.17876835421087,6227.035295720157,0.0002808485375143,95.19746897595172,95.12865456956432,0.1889116377203135,0.005757144304358697,0.0014231439824945852,1
2025-10-10 22:25:00,95.17876835421087,95.46398419443894,95.13985590975462,95.38110332644844,5900.387319592405,0.0021258414637659,95.23419584605104,95.15160445655378,0.2069002845159399,0.00678422063262607,0.0013404814485577776,1
2025-10-10 22:30:00,95.38110332644844,95.4719489639932,95.24941011954532,95.2888097395482,4010.360702772657,-0.0009676296843029,95.24511862475048,95.16407766409873,0.1907144325216785,0.0071086159376472224,0.001353599512939069,1
2025-10-10 22:35:00,95.2888097395482,95.62987012735812,95.20972783284208,95.5880405795496,1422.8554993404891,0.0031402516289089,95.3137030157103,95.20261974732152,0.2132664479140475,0.0069650601715884886,0.001450847090009239,1
2025-10-10 22:40:00,95.5880405795496,95.67990950052751,95.53921300031884,95.59400084497544,4708.452471743526,6.235367300866379e-05,95.36976258156334,95.23819984710823,0.1979185678060712,0.007905978136860892,0.00145071243409983,1
2025-10-10 22:45:00,95.59400084497544,95.93209087790534,95.56661289700062,95.84039628198144,1698.0543025600275,0.0025775198739255,95.46388932164696,95.29294497755126,0.2127055519352195,0.005036562611085094,0.0015057317021543901,1
2025-10-10 22:50:00,95.84039628198144,95.85972496014516,95.79992543950814,95.8432191804198,1677.6846480131153,2.945416074950913e-05,95.53975529340154,95.34296990508476,0.2004438031845136,0.003483354112927106,0.001501370292734291,1
2025-10-10 22:55:00,95.8432191804198,95.87361147988456,95.74367004344096,95.80388506473513,6462.693120512005,-0.0004104006107165,95.59258124766826,95.3848712832348,0.190466610176422,0.004356592670784254,0.0015068259125251948,1
2025-10-10 23:00:00,95.80388506473513,95.85796542038614,95.6102844906829,95.64345976735682,2759.8918462942584,-0.001674517659382,95.60275695160598,95.40837932724588,0.198672961528879,0.005414474420226467,0.0015329388074925504,1
2025-10-10 23:05:00,95.64345976735682,95.81732974342788,95.56359920167792,95.73823598544207,1615.779410390826,0.0009909325563481,95.6298527583732,95.4383662961728,0.2111947345030702,0.0044834494568821714,0.001532863445076427,1
2025-10-10 23:10:00,95.73823598544207,96.05317627317162,95.73630880656069,96.04303170600842,4220.278998307209,0.0031836362705981,95.71248854790024,95.49333587888512,0.2235384851173064,-0.0005397165614405841,0.001617487099487726,0
2025-10-10 23:15:00,96.04303170600842,96.09528904021496,95.99761731860194,96.04289581856312,7042.6202262997185,-1.4148600151475677e-06,95.77857000203284,95.5432958734013,0.2144590009612983,-0.0024609891383382543,0.0015821233375037495,-1
2025-10-10 23:20:00,96.04289581856312,96.19142086545426,95.99502822277424,96.13298942212336,4515.621344485152,0.0009380558842211,95.84945388605097,95.59690437783058,0.2189464149631287,-0.001591683920435627,0.001515738530603143,-1
2025-10-10 23:25:00,96.13298942212336,96.1552595538268,95.83429582268852,95.91150220542538,6546.201988537978,-0.002303966807122,95.86186354992584,95.6255041803392,0.2289378694683879,0.0014813361939085556,0.0015734691661989913,1
2025-10-10 23:30:00,95.91150220542538,95.9356566070423,95.90195545551823,95.9202080715528,4040.404580187623,9.07697818011144e-05,95.87353245425123,95.65229544317678,0.2235523604901307,-0.00040918716439297675,0.0015567964362983426,0
2025-10-10 23:35:00,95.9202080715528,96.08247097162275,95.8329939880589,96.01920641387665,1921.8433901811763,0.0010320905710503,95.90266724617632,95.68565098596768,0.2182201246958115,0.0004168373654598323,0.001561914609590042,0
2025-10-10 23:40:00,96.01920641387665,96.17622885738363,95.98926548292624,96.13018886079814,7389.919426385676,0.0011558359110273,95.9481715691007,95.72606352004318,0.2156790196964897,-0.0015844151167049292,0.0015610029680856038,-1
2025-10-10 23:45:00,96.13018886079814,96.20008167012844,95.97351490178966,96.00044652649548,906.3014484617388,-0.0013496523396051,95.95862656057966,95.75100742972066,0.2018521963981153,0.0005304207450538279,0.0015419273498181484,0
2025-10-10 23:50:00,96.00044652649548,96.0549777593096,95.9892126417528,95.99650276111733,3058.963416058994,-4.1080698276574346e-05,95.9662018006872,95.77332518712036,0.1964999547801227,-0.00034376089261034526,0.0015229325801794434,0
2025-10-10 23:55:00,95.99650276111733,96.00814124582789,95.76019451626914,95.77138011987998,3288.2880909861965,-0.002345112944349,95.92723746452576,95.77314836282576,0.188104865398268,0.0025580677256524798,0.0015932659890316287,1
2025-10-11 00:00:00,95.77138011987998,95.7938087542742,95.65626321528916,95.7267262583372,3040.239391994202,-0.0004662547567642,95.88713522328804,95.76892817150862,0.1936581524231257,-4.99567865188677e-05,0.0014474478155766615,0
2025-10-11 00:05:00,95.7267262583372,96.07995575266352,95.65803332045394,96.02818977559838,5559.382157833711,0.0031492095159257,95.91534613375012,95.79249740824405,0.2145139378349826,-0.0006023468432331258,0.001531456531708215,0
2025-10-11 00:10:00,96.02818977559838,96.05107205064098,95.92098148462188,95.96618129114218,4333.493169487755,-0.0006457320980547,95.92551316522854,95.80828685214388,0.2061146261432581,0.003077294822453336,0.0015004983738475,1
2025-10-11 00:15:00,95.96618129114218,96.31560590949135,95.89280374639536,96.2538170338704,2015.874726577426,0.0029972615233651,95.99117393895692,95.8487895959372,0.2181911705251167,-0.003941083304298321,0.0015706854727897568,-1
2025-10-11 00:20:00,96.2538170338704,96.4336788110298,96.18798482702834,96.34976492567088,2778.5938681883013,0.000996821682061,96.06289213629972,95.89433280773116,0.2131073503387262,-0.0036456879183606183,0.0015659627252057316,-1
2025-10-11 00:25:00,96.34976492567088,96.4049795528406,96.29271404980524,96.32310243852685,1195.260559912589,-0.0002767260217461,96.11493419674515,95.93331186507622,0.2141497632974644,-0.002533311877180311,0.001537749251522353,-1
2025-10-11 00:30:00,96.32310243852685,96.34875251897827,96.14274526494545,96.17707505214808,8581.066972027738,-0.0015160162274876,96.12736236782574,95.95547215481002,0.214836521251238,-0.0005251415126366066,0.001570543433655472,0
2025-10-11 00:35:00,96.17707505214808,96.30501052482514,96.11862683212196,96.2212635682408,1468.5179034515195,0.0004594495732874,96.14614260790876,95.97963501057646,0.2052236613630163,-0.002093158692001107,0.0015653222217327691,-1
2025-10-11 00:40:00,96.2212635682408,96.23183675634874,96.10827030338152,96.16131883372913,6009.29757633137,-0.000622988436118,96.14917785307284,95.99615172177216,0.2116426114660987,0.0008821880123175418,0.0015722777857660475,1
2025-10-11 00:45:00,96.16131883372913,96.19445338336594,96.08773114523188,96.16747352757386,8523.699843106251,6.400384187088548e-05,96.15283698797305,96.01172643139049,0.2014458439353989,0.00035568592726287207,0.0015359478984769586,0
2025-10-11 00:50:00,96.16747352757386,96.25003795388696,95.91727118130429,95.99119569118572,4256.222219941584,-0.0018330297128746,96.1205087286156,96.00986000046278,0.211860372372918,0.004148479736608479,0.0015760423376177466,1
2025-10-11 00:55:00,95.99119569118572,95.99229168307602,95.7167548147239,95.80653529513908,1044.560139004011,-0.0019237222196992,96.05771404192028,95.99137593634244,0.2153582366595837,0.003249838732418908,0.0016178057482045365,1
2025-10-11 01:00:00,95.80653529513908,96.06909191192528,95.71760072550131,95.97997608863676,1675.5053972609276,0.0018103231993868,96.04216645126358,95.990339586551,0.2357672415786668,-0.001590339081919745,0.0016422077741700335,-1
2025-10-11 01:05:00,95.97997608863676,96.13779877320864,95.89801181957483,96.0535793850544,2334.7113208283045,0.0007668609580573,96.04444903802175,95.99608865914222,0.2351844004411713,-0.001328456164106484,0.0016097388513284813,-1
2025-10-11 01:10:00,96.0535793850544,96.05383713650792,95.793201520049,95.88095875360402,7998.847911900063,-0.0017971285667387,96.0117509811382,95.98562230409328,0.2439765488321634,0.0019368660866683207,0.0016359593594188569,1
2025-10-11 01:15:00,95.88095875360402,96.12561624241036,95.78840457187115,96.05923080691176,2148.174693675086,0.0018593061190164,96.02124694629292,95.99231398616767,0.237925780141421,-0.0006086669176615933,0.0015761442600876116,0
2025-10-11 01:20:00,96.05923080691176,96.08477790817652,95.93136365780386,95.9778787363954,2388.816281972901,-0.0008468948775978,96.01257330431342,95.99100169073384,0.2395917575952475,0.002355905233788258,0.0015860308329498681,1
2025-10-11 01:25:00,95.9778787363954,96.09009230697475,95.9559218230791,96.05136715486756,8889.413061022473,0.0007656807947797,96.02033207442425,95.99648946020054,0.2189752090809378,0.001373115806551528,0.0015269477237299866,1
2025-10-11 01:30:00,96.05136715486756,96.12840349447804,95.90462084121052,95.9635029176407,3797.268627763114,-0.0009147630047283,96.00896624306756,95.99349068360418,0.2174101140285143,0.0016253344104810719,0.0015368443933138753,1
2025-10-11 01:35:00,95.9635029176407,96.07566233675855,95.88048456579592,96.01636979640584,7003.814867872858,0.0005509060961488,96.0104469537352,95.99557060294978,0.2233324188804632,-0.000569475743685155,0.0015371448834557563,0
2025-10-11 01:40:00,96.01636979640584,96.0510550675709,95.69708076908732,95.72194405870935,3847.864302703018,-0.0030664118870642,95.95274637473004,95.9706954625643,0.2339014934840873,0.0037632594851562118,0.0016062528765176832,1
2025-10-11 01:45:00,95.72194405870935,95.99887700875536,95.65590225728566,95.97034749862566,3428.2854722746497,0.0025950521832687,95.95626659950916,95.97066382947897,0.2450865691102665,0.002488983242274978,0.001661394546724766,1
2025-10-11 01:50:00,95.97034749862566,96.31549447437762,95.9305711889784,96.26149752396002,3630.52584027633,0.0030337498292223,96.01731278439934,95.99710325624996,0.2637549142839798,-0.0003026000652543992,0.0016525412401480473,0
2025-10-11 01:55:00,96.26149752396002,96.27422674538704,95.78306728599124,95.87447272258323,5247.499279114227,-0.0040205566226563,95.98874477203611,95.98595502591662,0.2912147158026741,0.00402245951056468,0.0018041094235911744,1
2025-10-11 02:00:00,95.87447272258323,96.06689061394972,95.85433778124728,95.99850375174448,1650.6073496715942,0.0012936814736921,95.9906965679778,95.9870958191737,0.2826280058112301,-0.0013951266919761673,0.0018114931883102866,-1
2025-10-11 02:05:00,95.99850375174448,96.15309943652598,95.97343181438224,96.07908597907247,5876.697006900388,0.0008394112843299,96.00837445019673,95.99545856098268,0.2757802025106315,-0.0028019657274265253,0.001769630359952395,-1
2025-10-11 02:10:00,96.07908597907247,96.16684807514304,95.99508822740572,96.12656847747424,4998.520952096535,0.0004942022284861,96.03201325565225,96.00737764430008,0.2629422497472993,-0.0030576855688048132,0.0017713217855952147,-1
2025-10-11 02:15:00,96.12656847747424,96.148355693282,95.97317649445584,96.0198571940476,6003.4142533367885,-0.0011101122729835,96.02958204333132,96.0085121488226,0.2583274101181833,-0.00021522366067672216,0.001774214893302951,0
2025-10-11 02:20:00,96.0198571940476,96.32060311814654,95.97044754791364,96.24615119645289,2603.007534038876,0.0023567417096648,96.07289587395564,96.03011569860716,0.2647216925306099,-0.0019378166844514766,0.0018117183861112835,-1
2025-10-11 02:25:00,96.24615119645289,96.2586727103205,96.1552928930395,96.20167894456804,1290.0704873185814,-0.0004620678472021,96.09865248807812,96.04571235733088,0.2480194172978816,0.0009547136628902386,0.0017964988635415437,1
2025-10-11 02:30:00,96.20167894456804,96.48156230222784,96.1938913226309,96.38941322140342,2560.602065197124,0.0019514657009631,96.15680463474318,96.07695789042836,0.2576091836710432,-0.0015917145584678494,0.001826905586884383,-1
2025-10-11 02:35:00,96.38941322140342,96.4567478967856,96.02966849162722,96.11789108436008,2732.7895785959568,-0.002816929037836,96.14902192466656,96.08067908987672,0.2785312494755224,0.002156380639932731,0.0018492863931996338,1
2025-10-11 02:40:00,96.11789108436008,96.17282865322262,95.80234270974552,95.82733538158128,2069.7875675412865,-0.0030229096737438,96.08468461604951,96.05764784366804,0.2890100559190622,0.0028435704764235847,0.0019287100002508015,1
2025-10-11 02:45:00,95.82733538158128,95.96120761471856,95.76910294385426,95.92597641543584,2685.2555866384328,0.0010293621695911,96.05294297592678,96.04567771382874,0.2887905487691802,0.0019010787411131158,0.0018532103288904558,1
2025-10-11 02:50:00,95.92597641543584,96.08100133551493,95.8632212338357,96.06666733097111,17058.380756153798,0.0014666612818825,96.05568784693564,96.04758586084168,0.2790623918545815,-0.00018180281688029432,0.0018681912591795363,0
2025-10-11 02:55:00,96.06666733097111,96.09835770393552,95.92074706392876,96.00076273098357,2200.8219345706575,-0.0006860298355152,96.04470282374524,96.04332921267276,0.267250669607228,0.0011165517817242065,0.0017916543353527512,1
2025-10-11 03:00:00,96.00076273098357,96.28283272426933,95.93403333385392,96.20399352323837,5169.373794030759,0.002116970599747,96.07656096364389,96.0579350590878,0.2646703913940972,-0.0007752313617254147,0.001824035671641027,0
2025-10-11 03:05:00,96.20399352323837,96.21876368950264,96.09223792564669,96.1832568053488,2406.1575938184333,-0.0002155494499772,96.09790013198486,96.06932794511154,0.238625127426969,-0.0030468266998482374,0.0018238177713002166,-1
2025-10-11 03:10:00,96.1832568053488,96.23836925844216,96.0486826778647,96.11947570108303,3246.090747279979,-0.0006631206551347,96.1022152458045,96.07388683201803,0.2369918237037558,-0.0042941322259753,0.0018077703016105746,-1
2025-10-11 03:15:00,96.11947570108303,96.1272148481941,95.95214210683024,95.96169080281008,8784.586791154294,-0.0016415497184322,96.07411035720564,96.06368719299913,0.2366636179337646,-0.004867560394541615,0.0018279432780069528,-1
2025-10-11 03:20:00,95.96169080281008,96.14406917253515,95.92995088542828,96.08217057262588,2338.848135926502,0.0012554986141641,96.07572240028968,96.06536750023793,0.2396892207458764,-0.00766630247572142,0.0018401579303844345,-1
2025-10-11 03:25:00,96.08217057262588,96.23347078441958,96.05793194308654,96.20921608530504,2570.272112949214,0.0013222589781436,96.10242113729277,96.07844464433492,0.2397149094963657,-0.008593220285856185,0.0018554804498290415,-1
2025-10-11 03:30:00,96.20921608530504,96.26582221464624,96.13348674997478,96.23236878852778,2971.368779958021,0.000240649536134,96.12841066753975,96.09243774835244,0.2241563305276912,-0.007104896732888499,0.0018248058617108078,-1
2025-10-11 03:35:00,96.23236878852778,96.26994515594222,96.14101679599874,96.26012390720656,2319.25940844039,0.0002884177021533,96.15475331547312,96.10768194461193,0.2259812264321549,-0.01033440375985395,0.0017879784709915346,-1
2025-10-11 03:40:00,96.26012390720656,96.32670288303902,95.82517066058809,95.86457367677065,4170.302567428976,-0.0041091805659549,96.09671738773264,96.08558119298998,0.2412570294931555,-0.0054950143118572825,0.0019124539487269379,-1
2025-10-11 03:45:00,95.86457367677065,95.9293202006621,95.72476354033908,95.80987567303664,2032.5238877090137,-0.0005705757782683,96.03934904479344,96.0605170548124,0.2253625477192033,-0.005097071298404421,0.0019089571973782296,-1
2025-10-11 03:50:00,95.80987567303664,95.92533539208252,95.7739048763968,95.83264365626194,7580.368990909288,0.0002376371231602,95.99800796708716,96.0398012913078,0.2097157314483908,-0.008045296325376206,0.0018835530011756174,-1
2025-10-11 03:55:00,95.83264365626194,96.00396342313692,95.74232764403862,95.99919144888464,2804.6613563013507,0.0017379025170181,95.99824466344666,96.03610948745114,0.21468223917939,-0.00871265279104494,0.0018797764761537042,-1
2025-10-11 04:00:00,95.99919144888464,96.06577163687868,95.98782055679912,96.05964379885016,2617.3047529021346,0.0006297172825429,96.01052449052736,96.0382489703056,0.2046944519222719,-0.008870811545897084,0.0018768897135455515,-1
2025-10-11 04:05:00,96.05964379885016,96.3504323617068,96.0329906898638,96.2935240018494,3590.529644911804,0.0024347394363546,96.06712439279175,96.06145579135504,0.2146823827677195,-0.010710122582748949,0.001920721190287905,-1
2025-10-11 04:10:00,96.2935240018494,96.36449067645717,96.21819558806676,96.23598878909674,1783.284282038471,-0.000597498257012,96.10089727205278,96.07732242751337,0.2002177897659355,-0.009021184193738319,0.0019162317588449313,-1
2025-10-11 04:15:00,96.23598878909674,96.34082838214724,96.18160973764306,96.32515784384556,8006.983325831159,0.0009265666189002,96.14574938641134,96.0998529199072,0.2025529955265221,-0.008516175043407515,0.0019202904159378426,-1
2025-10-11 04:20:00,96.32515784384556,96.3300813286721,96.05813438566602,96.09982716330668,5009.888637037019,-0.0023392713345372,96.1365649417904,96.09985057839806,0.2084287356999945,-0.005645595586101115,0.0018855753979354602,-1
2025-10-11 04:25:00,96.09982716330668,96.1804852202048,96.0715314776232,96.10833924991974,4513.633298049688,8.8575462249052e-05,96.13091980341628,96.10062227580912,0.2037059500726903,-0.006853237610940921,0.0018309203081660571,-1
2025-10-11 04:30:00,96.10833924991974,96.19282853442564,96.03770072202316,96.04920214024204,2351.7716941992403,-0.0006153171529051,96.11457627078144,96.09594771803027,0.1994923447366616,-0.00942650544319501,0.0017507488288171743,-1
2025-10-11 04:35:00,96.04920214024204,96.13900715210406,96.04873317758296,96.10795255365773,2501.403433546201,0.0006116699785794,96.11325152735672,96.09703906672368,0.1934019971072373,-0.00941418982738551,0.0015982136526370046,-1
2025-10-11 04:40:00,96.10795255365773,96.21682913576356,96.03660143685526,96.12941317033592,3643.155121240613,0.0002232969916429,96.11648385595257,96.09998216705206,0.1968228709812974,-0.009958319332574628,0.0015830627198826497,-1
2025-10-11 04:45:00,96.12941317033592,96.19802824572024,95.88680742773016,95.8902030904359,2269.8054312942045,-0.0024884171452929,96.07122770284924,96.08091134190514,0.2098437608417681,-0.008792002959813083,0.0016374820547098577,-1
2025-10-11 04:50:00,95.8902030904359,95.91311029379266,95.6748703954068,95.70672596293116,1758.3286865789737,-0.001913408477524,95.99832735486562,96.04689448927114,0.1910371662656911,-0.005239822126397731,0.0016662463044241885,-1
2025-10-11 04:55:00,95.70672596293116,95.76583135746988,95.45351289925686,95.49459147726508,3304.328605946251,-0.0022165055123528,95.89758017934552,95.9966851245433,0.1987344375435477,-0.0012622824533194965,0.0016982941389419462,-1
2025-10-11 05:00:00,95.49459147726508,95.5508036509785,95.31288165593438,95.34557559049227,2245.2999002524607,-0.0015604641526558,95.78717926157488,95.93749334872048,0.2049124003548621,-0.0009800950843374956,0.0016508032747454579,-1
2025-10-11 05:05:00,95.34557559049227,95.429992110253,95.34217203489511,95.38246909795448,1762.9618791625169,0.0003869451438487,95.7062372288508,95.88703659865084,0.1924969929448333,-0.000533279256609398,0.0016548065281794169,0
2025-10-11 05:10:00,95.38246909795448,95.5924426491267,95.37211356400849,95.54864774592404,2343.9710834604102,0.0017422347056135,95.67471933226548,95.85627397567568,0.2026668504475941,0.0009263628700304505,0.0016461534406114033,1
2025-10-11 05:15:00,95.54864774592404,95.6414891603462,95.24350684921244,95.26533292077592,3193.0359273975064,-0.0029651369415659,95.59284204996756,95.80255206159389,0.208419753254075,0.005840653241931726,0.0016537344427276408,1
2025-10-11 05:20:00,95.26533292077592,95.38969370353034,95.19231433843125,95.3377964724167,4735.523675032927,0.0007606497496945,95.5418329344574,95.76030155348688,0.2120686301618397,0.0035571120207531504,0.0015849060411852825,1
2025-10-11 05:25:00,95.3377964724167,95.3442501228912,95.23062401381932,95.32152590563992,6067.81982533575,-0.0001706622911249,95.4977715286939,95.72041285822806,0.2088120204881026,0.002981228604683528,0.001570012339653884,1
2025-10-11 05:30:00,95.32152590563992,95.39008285425838,95.033352676862,95.06164164040312,4438.819807715026,-0.0027263964017326,95.41054555103575,95.66052456569852,0.2148679658016955,0.008366008805225533,0.0016014050010239572,1
2025-10-11 05:35:00,95.06164164040312,95.22216433476918,95.0372281691562,95.16278382556946,2148.814420266081,0.0010639642175436,95.36099320594248,95.61527540750495,0.2202952817325081,0.007206532065999527,0.001618550283322054,1
2025-10-11 05:40:00,95.16278382556946,95.29161552370878,95.06904742521048,95.20751680154456,5420.039518042871,0.0004700679633027,95.33029792506292,95.57820644332674,0.2251124450250685,0.003881756649750656,0.0015654266903133952,1
2025-10-11 05:45:00,95.20751680154456,95.31406169375774,95.17357800629988,95.26220855586472,2534.0808562394736,0.0005744478603948,95.31668005122329,95.54947936264836,0.2286988530919791,0.0034583036550288604,0.0015734033061229915,1
2025-10-11 05:50:00,95.26220855586472,95.39825479369938,95.2156523695382,95.36782620816376,2206.9399803706674,0.001108704636394,95.32690928261135,95.5329654395134,0.2288684763243285,0.00207510954910739,0.0015912670935460363,1
2025-10-11 05:55:00,95.36782620816376,95.53711853484889,95.35095545657111,95.50483593856352,3627.7581933680326,0.0014366452067464,95.3624946138018,95.53040821215431,0.2199357806305905,0.002064864924135934,0.0015970926165062244,1
2025-10-11 06:00:00,95.50483593856352,95.58240321778956,95.47457881015616,95.55728640324844,2289.883532426474,0.0005491917154711,95.40145297169111,95.53285168407196,0.2106203884339866,0.0004905436790927364,0.0015818801965961568,0
2025-10-11 06:05:00,95.55728640324844,95.58065544358128,95.4115987974022,95.44968596464712,3856.407910295839,-0.001126030705259,95.41109957028232,95.52529116412424,0.2003874018601337,4.06966102211026e-05,0.0015665120168825675,0
2025-10-11 06:10:00,95.44968596464712,95.45173312873068,95.10364627100878,95.14379381345252,4086.4964884066544,-0.0032047475913948,95.35763841891638,95.49060958679046,0.2082563206228321,0.002009847414906396,0.0016482244535059485,1
2025-10-11 06:15:00,95.14379381345252,95.22783161615943,95.11038976527452,95.20317404439623,5390.515419262046,0.0006241103971547,95.32674554401235,95.46447908293644,0.2103721617319059,-0.000339492009680864,0.0016535058174165173,0
2025-10-11 06:20:00,95.20317404439623,95.27028449348433,95.14313195982832,95.17212577673271,3345.228108372108,-0.0003261263920576,95.29582159055644,95.4379015096452,0.2037166937703207,0.00036622662979102216,0.0015040838837224867,0
2025-10-11 06:25:00,95.17212577673271,95.26539556362188,95.03686003587634,95.04713614104772,1784.6704565150535,-0.0013133008710787,95.24608450065467,95.40237738522724,0.1916133520997342,0.0031509717946953675,0.0015152709684742554,1
2025-10-11 06:30:00,95.04713614104772,95.28154415612391,95.0099074249768,95.2052397425855,3025.796910055265,0.0016634230967587,95.23791554904084,95.38445578135072,0.1969174496745915,-0.0023428985254682066,0.0015505815624197964,-1
2025-10-11 06:35:00,95.2052397425855,95.46254640596996,95.16780684506448,95.3740503300564,2768.5833086608827,0.0017731228651627,95.26514250524396,95.38350983123304,0.2098541248055627,-0.0037885399995187807,0.0015520163228315786,-1
2025-10-11 06:40:00,95.3740503300564,95.42438692374972,95.18047291002824,95.2521278605427,932.2079573137278,-0.0012783610331296,95.26253957630372,95.37156601571571,0.2017958274002132,0.00057722831801299,0.001555642158864268,0
2025-10-11 06:45:00,95.2521278605427,95.36424645091536,95.2088482375228,95.33160360574036,6218.6184859808645,0.0008343723860322,95.27635238219104,95.36793306935432,0.199685973670183,-0.00283354809286529,0.0014904898649996644,-1
2025-10-11 06:50:00,95.33160360574036,95.71031690811058,95.31032985068526,95.63716046547748,5497.654491091978,0.0032052000404905,95.34851399884832,95.3924082871837,0.2123587564506834,-0.006861909200330585,0.0016135547653522585,-1
2025-10-11 06:55:00,95.63716046547748,95.83410823822445,95.61068711072416,95.82174469634334,2905.545153009931,0.001930047169609,95.44316013834734,95.43143886983458,0.2182828593108569,-0.007813805720454203,0.001645466162022336,-1
2025-10-11 07:00:00,95.82174469634334,95.83914481503707,95.67343834045845,95.67692369428084,6298.022321432936,-0.001511358434575,95.48991284953404,95.45375567205696,0.2170760057692453,-0.006679771725136785,0.0016163864583044359,-1
2025-10-11 07:05:00,95.67692369428084,95.73760103256318,95.58188049671404,95.60570116531188,3000.9870822802536,-0.0007444065530004,95.5130705126896,95.46756889871652,0.2149015384529166,-0.007571211244095988,0.0016193486103791342,-1
2025-10-11 07:10:00,95.60570116531188,95.93472733073436,95.58909426509696,95.85692817140593,1649.1427289643432,0.0026277408463291,95.58184204443288,95.50296519623372,0.2318878711674859,-0.011699290044511312,0.0016900394594182343,-1
2025-10-11 07:15:00,95.85692817140593,95.897255827325,95.75993593697108,95.84857747869822,2134.312406377936,-8.711621441448436e-05,95.63518913128595,95.53438449463958,0.229620960037117,-0.013062421442787464,0.0016855729887183277,-1
2025-10-11 07:20:00,95.84857747869822,95.8679417463684,95.50514143422808,95.5770892129952,3313.8943058707237,-0.0028324704742056,95.6235691476278,95.5382667417628,0.2306719210670057,-0.013017217094373756,0.001752872090309348,-1
2025-10-11 07:25:00,95.5770892129952,95.59324262244058,95.49764158059514,95.59165419989958,4471.46295892043,0.0001523899401447,95.61718615808216,95.54312014704796,0.2291118632784718,-0.013252878609250396,0.001702043858262434,-1
2025-10-11 07:30:00,95.59165419989958,95.66128803282932,95.47198485589465,95.56572489500594,3792.442076294894,-0.0002712507185973,95.60689390546692,95.54517512413506,0.233551194941235,-0.011200938267328486,0.0016699347750982216,-1
2025-10-11 07:35:00,95.56572489500594,95.70929630619558,95.4755444625186,95.7020405243784,3160.960595417952,0.0014264071090575,95.62592322924922,95.55943561506626,0.2339237889363374,-0.010774389861033629,0.0016410264765005444,-1
2025-10-11 07:40:00,95.7020405243784,95.71406254092471,95.56706030564064,95.6041614260848,5882.1560940473955,-0.0010227482899767,95.62157086861636,95.56350159788612,0.2250213249461207,-0.00987710064077807,0.0016264903954150728,-1
2025-10-11 07:45:00,95.6041614260848,95.69232357652166,95.4292309259874,95.45357044331254,2501.786892877165,-0.0015751509194367,95.5879707835556,95.55350785656124,0.2227608313481762,-0.010511136759352113,0.0016515666902864167,-1
2025-10-11 07:50:00,95.45357044331254,95.46833103113424,95.29877824635058,95.33501832149288,5117.890128920105,-0.0012419872956985,95.53738029114304,95.53364517155504,0.217449314995475,-0.008827421645859368,0.0016356272473324297,-1
2025-10-11 07:55:00,95.33501832149288,95.3720334353056,95.13715229482594,95.1708533275119,3845.115322244857,-0.0017219799908924,95.46407489841684,95.50066409482385,0.2231266669302678,-0.009049498060806571,0.001578373367378242,-1
2025-10-11 08:00:00,95.1708533275119,95.26786925271163,95.11981889945568,95.20698034360598,2234.643092486003,0.0003796016829831,95.41265598745466,95.47396557198586,0.2051311880610273,-0.006940050254451879,0.0015736478925738747,-1
2025-10-11 08:05:00,95.20698034360598,95.4094639753164,95.13675663124558,95.34662698619472,3223.821698043423,0.0014667689499736,95.39945018720267,95.46238933691392,0.2086516321017809,-0.008865643893678166,0.00159578562997215,-1
2025-10-11 08:10:00,95.34662698619472,95.39791401976706,94.94847479881132,94.98218352677576,2383.3291406214867,-0.0038223004938783,95.31599685511728,95.418734263265,0.2289182568430031,-0.004850824424091793,0.0016665827079423402,-1
2025-10-11 08:15:00,94.98218352677576,95.0776736510705,94.93271705936507,95.01272192546487,4419.884364192291,0.0003215171262147,95.25534186918682,95.38182405073772,0.2281494036898794,-0.008052273565589574,0.001656071523062784,-1
2025-10-11 08:20:00,95.01272192546487,95.33810779879678,94.96437751450055,95.3071100860948,1895.2184600491223,0.0030984078201743,95.2656955125684,95.37503187213382,0.2301563478797967,-0.00827208931755763,0.001745365268328419,-1
2025-10-11 08:25:00,95.3071100860948,95.400330175929,95.02720761578485,95.06147692215352,1874.3560493543448,-0.002577280579795,95.22485179448545,95.34652687668104,0.2469993957219561,-0.006937726592718074,0.001801903291172934,-1
2025-10-11 08:30:00,95.06147692215352,95.11651518943782,94.89552040312968,94.98090695418593,2706.478315583689,-0.0008475564505858,95.17606282642556,95.31328870190876,0.2368704295910859,-0.004230454604201461,0.0017939891663664674,-1
2025-10-11 08:35:00,94.98090695418593,95.12284129906575,94.89514729125084,95.07301219949116,1592.535922406007,0.0009697237924846,95.15545270103868,95.29144538350717,0.2463056414460485,-0.004854421359195671,0.0017827374572810502,-1
2025-10-11 08:40:00,95.07301219949116,95.1179128907614,95.02192431928718,95.03782368463972,3567.177104891833,-0.0003701209632195,95.13192689775887,95.26838886542828,0.2396403124845849,-0.0023873224132023863,0.0017786745210869959,-1
2025-10-11 08:45:00,95.03782368463972,95.06274119937332,94.84649435585057,94.8818502056494,2065.3907594513475,-0.0016411726715025,95.081911559337,95.23324898726658,0.2383899553307133,-0.001977234477447576,0.0017899132877136725,-1
2025-10-11 08:50:00,94.8818502056494,94.97150962523004,94.71756681057754,94.73547016595276,3013.6889862781145,-0.0015427612275623,95.01262328066016,95.18799636714714,0.2460285681427438,0.0019233100137798775,0.001722296341630822,1
2025-10-11 08:55:00,94.73547016595276,94.76592269327293,94.5913903794115,94.5965629649798,2764.4448121016117,-0.0014662639107573,94.92941121752408,95.13422969422282,0.2397028298089704,0.0022696800140864504,0.00173226916807589,1
2025-10-11 09:00:00,94.5965629649798,94.65899635211257,94.25883924027166,94.33294149346132,2590.0398894210343,-0.0027867975670116,94.81011727271157,95.06138531233542,0.2561745674559169,0.0035097719489982637,0.0017917220826317382,1
2025-10-11 09:05:00,94.33294149346132,94.399093653876,94.271120258729,94.32478961073087,3385.035909929171,-8.64160769440403e-05,94.71305174031542,94.994422066735,0.2485382999321552,0.0036254258776695636,0.001781890976938627,1
2025-10-11 09:10:00,94.32478961073087,94.58043245270458,94.27062282590228,94.49529910998449,2554.939141741344,0.0018076849146155,94.66950121424924,94.94904725248496,0.2600925337568956,0.00043202805961861657,0.001787028801574,0
2025-10-11 09:15:00,94.49529910998449,94.68474554960724,94.43782459261703,94.67090942927231,2884.5488341872024,0.001858402703011,94.66978285725386,94.92376199582924,0.2582506489654211,-0.00028862245969962785,0.001790176821320177,0
2025-10-11 09:20:00,94.67090942927231,94.74824675442984,94.6309634574284,94.65986950200217,7983.204887247343,-0.0001166137236527,94.66780018620352,94.89977176911768,0.234525225825827,-0.0036095116290091322,0.0017799742822141751,-1
2025-10-11 09:25:00,94.65986950200217,94.69524067785676,94.39529577092502,94.45024491021444,4090.6013124216383,-0.002214503283076,94.62428913100572,94.85890569103556,0.2455958197705651,0.0014458818166676046,0.001804616529400002,1
2025-10-11 09:30:00,94.45024491021444,94.5482808821686,94.40304127106776,94.49345591715334,3179.736542786963,0.0004575002106133,94.59812248823523,94.825682984319,0.2292750573994675,0.0017176089914021642,0.001695056944188566,1
2025-10-11 09:35:00,94.49345591715334,94.53306924299746,94.25163437370864,94.30960487487928,2544.894440515791,-0.0019456484101422,94.54041896556404,94.77876679255176,0.2227259366240862,0.003953152038534524,0.0016632450489490326,1
2025-10-11 09:40:00,94.30960487487928,94.59189940374758,94.29671903536384,94.54623911544674,5600.493417168708,0.0025091213231291,94.5415829955406,94.75762791281493,0.2280249067723413,0.00161584911347612,0.0017343726147295419,1
2025-10-11 09:45:00,94.54623911544674,94.64059168664934,94.48705684085836,94.50131774487176,2914.509127153331,-0.0004751259383266,94.53352994540684,94.73432698845646,0.2227278237706309,0.003143924167727574,0.0017331501473875337,1
2025-10-11 09:50:00,94.50131774487176,94.52435332018244,94.41897417213497,94.5214416310705,5302.280125452242,0.0002129482072734,94.53111228253957,94.71497377414865,0.22339857924015,0.0036458747818908233,0.0016493399945022257,1
2025-10-11 09:55:00,94.5214416310705,94.6121803173702,94.216286068074,94.24765349630974,2584.227551849036,-0.0028965717199849,94.4744205252936,94.67249011252692,0.2362305367953945,0.007804632642054443,0.00170398274307956,1
2025-10-11 10:00:00,94.24765349630974,94.58572171908892,94.23399354859843,94.51872115886432,3998.275206021643,0.0028761210756846,94.48328065200776,94.65851111673942,0.2432152050695362,0.0014009256177696106,0.0017527218396601882,1
2025-10-11 10:05:00,94.51872115886432,94.54454010432585,94.36475424629312,94.40196638576764,3512.524741464711,-0.0012352555310224,94.46701779875973,94.63518886846926,0.2435904582246288,0.0056789148114941845,0.0017571427878260056,1
2025-10-11 10:10:00,94.40196638576764,94.6227935225909,94.31110828931692,94.57909453905036,1773.0280933289316,0.0018763184715762,94.48943314681786,94.63008938397662,0.2372710383269896,0.0012848450203368778,0.0018022490094443617,1
2025-10-11 10:15:00,94.57909453905036,94.627600993477,94.48973263041384,94.61148773838688,3021.3057716689113,0.0003424985140147,94.51384406513166,94.62839832528664,0.237977821749574,0.0018463626352085427,0.001778342746149857,1
2025-10-11 10:20:00,94.61148773838688,94.8302450589801,94.59080747945002,94.8109377580554,1454.378503159876,0.0021080951630316,94.57326280371642,94.6449928191747,0.2329512469444137,-0.0014554515375775345,0.0018259945231255807,-1
2025-10-11 10:25:00,94.8109377580554,94.87655678112108,94.65114481631232,94.69424654013878,7107.980439248774,-0.0012307780165026,94.5974595510009,94.64947043017143,0.2314148903600273,-0.0009761225232083337,0.0018189870552179751,-1
2025-10-11 10:30:00,94.69424654013878,94.94256670729222,94.67167545174172,94.91767584438308,5276.46261398585,0.0023594813033289,94.66150280967732,94.67385274055432,0.2423868873992459,-0.001326261964680997,0.0018663004101738753,-1
2025-10-11 10:35:00,94.91767584438308,94.99335191953764,94.78715752407948,94.81126689334268,3658.2567608070026,-0.0011210657034506,94.6914556264104,94.68634493626234,0.2356904222939897,-0.000831036277135877,0.001852795761802306,-1
2025-10-11 10:40:00,94.81126689334268,94.84771557941798,94.5717486788141,94.66402860538156,2340.7717523682786,-0.0015529619293743,94.68597022220465,94.68431617890954,0.2450280858299202,-0.0026219418798507643,0.0018675369454209038,-1
2025-10-11 10:45:00,94.66402860538156,94.6818663224746,94.66268147670992,94.66675714389136,2993.1426005935364,2.8823393109167483e-05,94.682127606542,94.6827199029988,0.2262959412924812,-0.0006071774110875117,0.0018438584969130874,0
2025-10-11 10:50:00,94.66675714389136,94.68605707679244,94.45035071275656,94.53612373070206,2835.663746104492,-0.0013799291021528,94.65292683137402,94.66939297824456,0.2220477981247788,0.004050284188519271,0.0017375013751636272,1
2025-10-11 10:55:00,94.53612373070206,94.71378340465483,94.51192020321427,94.64358527853084,1791.4943483006896,0.0011367247099627,94.6510585208054,94.66704682372512,0.2254998235283218,0.003378505557736222,0.0017504993057742139,1
2025-10-11 11:00:00,94.64358527853084,94.66318496374238,94.23110177747304,94.3181936022342,4639.862855372297,-0.003438074279826,94.58448553709115,94.63533289449866,0.2488358262584558,0.007336462032686786,0.001744169500152501,1
2025-10-11 11:05:00,94.3181936022342,94.61279348927955,94.30264791208089,94.58680880190992,757.0596366479631,0.0028479680262807,94.58495019005493,94.63092161335425,0.2427109211086338,0.004168340665252401,0.0017813987145391928,1
2025-10-11 11:10:00,94.58680880190992,94.6974062637072,94.49893315426634,94.6557587266653,3053.4134053486205,0.0007289592029664,94.599111897377,94.63317953274614,0.2317641310336599,0.006204595182846884,0.001783423035774194,1
2025-10-11 11:15:00,94.6557587266653,94.71217251315304,94.65144506467988,94.6824250816438,3641.552995125195,0.0002817193093924,94.61577453423035,94.63765640082774,0.223259958922263,0.006630376213434541,0.0017741641487444904,1
2025-10-11 11:20:00,94.6824250816438,94.74789257179798,94.6798937054024,94.69901157210394,1256.6228586709626,0.0001751802453924,94.63242194180508,94.64323414367102,0.2058537898595206,0.005621765874108453,0.0017743735824375753,1
2025-10-11 11:25:00,94.69901157210394,94.89267593964068,94.61544588484684,94.79842272161196,1230.842653771608,0.0010497591036873,94.66562209776647,94.6573421962111,0.2158081964117104,0.004361860389932026,0.001763200159544806,1
2025-10-11 11:30:00,94.79842272161196,94.90875254139225,94.78373018803872,94.86605497146118,1939.0102467031147,0.0007134322271145,94.70570867250542,94.6763160848702,0.2076356802562427,0.004363593743068828,0.0017456135156809199,1
2025-10-11 11:35:00,94.86605497146118,94.99723168265632,94.78660782090157,94.98322180922408,2070.7663742817012,0.0012350765276172,94.76121129984917,94.704216605266,0.2065793871809569,0.0036398488939834994,0.0017354841781289329,1
2025-10-11 11:40:00,94.98322180922408,95.03669632906504,94.60327343044132,94.6511348566946,1315.031062944702,-0.0034962696169273,94.73919601121824,94.6993909917595,0.2181887902576156,0.00596414104036147,0.0017779469359149214,1
2025-10-11 11:45:00,94.6511348566946,95.02164864411036,94.63692825035317,94.93806711090994,2510.0587695094728,0.0030314718851469,94.7789702311566,94.72108882077318,0.2309406472789754,0.000713056669399581,0.0018509521004308495,0
2025-10-11 11:50:00,94.93806711090994,94.99307244108016,94.64880655830632,94.70061401769684,1482.1744020523615,-0.0025011367983266,94.76329898846464,94.71922747503896,0.2358191460054024,0.002796837209886993,0.001886918084730351,1
2025-10-11 11:55:00,94.70061401769684,94.820385747611,94.61249576428207,94.78617485420853,2213.7669218076753,0.0009034876637197,94.76787416161342,94.725313600418,0.2492980844028502,0.004028037367992177,0.0018651405029491157,1
2025-10-11 12:00:00,94.78617485420853,94.87962590552272,94.58206571983932,94.67294503291627,1016.5116810750144,-0.0011945816092525,94.748888335874,94.7205528215542,0.253716214520529,0.003452734638562216,0.0018777470188178988,1
2025-10-11 12:05:00,94.67294503291627,94.70943444923256,94.54609668068268,94.6018133532727,2614.604146395064,-0.0007513411526264,94.71947333935374,94.7097583244377,0.2509643978854795,0.004232102029815055,0.0018393539148774994,1
2025-10-11 12:10:00,94.6018133532727,94.85120724027873,94.59577833492504,94.79179014113475,1548.9403040470418,0.0020081727942424,94.73393669970994,94.71721576231926,0.2383462349629306,0.0033123039975264668,0.001870550430725511,1
2025-10-11 12:15:00,94.79179014113475,94.87663258855584,94.72705231499025,94.7324752910731,1926.230405197171,-0.0006257382624944,94.73364441798256,94.71860299220596,0.226877284703425,0.002206501365219271,0.0018382561537652702,1
2025-10-11 12:20:00,94.7324752910731,94.75440835322814,94.339366864401,94.41582502426571,2383.0963408069106,-0.0033425735560528,94.6700805392392,94.6910777223932,0.2423464546595874,0.0039855153212144945,0.0018855758373428695,1
2025-10-11 12:25:00,94.41582502426571,94.6814946256886,94.33612324465857,94.60927762737268,6560.019769499412,0.0020489425692908,94.65791995686592,94.6836413501186,0.2626781641279357,0.004173467001576503,0.0019193384578729572,1
2025-10-11 12:30:00,94.60927762737268,94.96639645625083,94.60296592224188,94.91902189789242,6427.517242014162,0.0032739312495302,94.7101403450712,94.7050395817344,0.2837804261003214,0.0016016610771316664,0.0020028268575507406,1
2025-10-11 12:35:00,94.91902189789242,94.98906283706344,94.8602278808384,94.96333915739844,5182.5584525778,0.0004668954506683,94.76078010753666,94.72852136134024,0.2731807762025501,0.0009014198831323039,0.0019254627764635909,1
2025-10-11 12:40:00,94.96333915739844,95.0407233660232,94.9042574041086,95.0101554485886,2783.326387312545,0.0004929933130568,94.81065517574704,94.754124460181,0.2739981768140558,-0.0011724748882191438,0.0018652905159375773,-1
2025-10-11 12:45:00,95.0101554485886,95.04908579450678,94.94786024104216,94.98107884343538,4266.8796744766205,-0.0003060368127588,94.84473990928473,94.77475667684048,0.2661840119361888,-0.00144212977774838,0.001849978703589928,-1
2025-10-11 12:50:00,94.98107884343538,95.28897509561564,94.91598011937812,95.24305939128948,5763.921919317157,0.0027582393361307,94.92440380568569,94.8173296508813,0.2618677317657482,-0.007091620519028008,0.0018821573472952902,-1
2025-10-11 12:55:00,95.24305939128948,95.33543687586484,95.17742578457558,95.31020518073544,2307.3022087589648,0.0007049940423489,95.00156408069564,94.86213651723168,0.2456742101608964,-0.0019299529927382375,0.0018840061483875645,-1
2025-10-11 13:00:00,95.31020518073544,95.376748896841,95.13912410679912,95.2313872436718,3985.688476836832,-0.000826962201101,95.04752871329086,94.89570476508986,0.2380569892514706,-0.0019419709178987166,0.0018610130526141022,-1
2025-10-11 13:05:00,95.2313872436718,95.3228957091398,95.2059198006046,95.2119202067094,8428.240446849122,-0.0002044182860906,95.08040701197456,94.9244516234189,0.2315631267662031,-0.0003173832260812137,0.0018454058579306378,0
2025-10-11 13:10:00,95.2119202067094,95.3154323567111,95.18739233081094,95.28001189536428,4317.693229161821,0.0007151592837013,95.12032798865252,94.95677528450484,0.2194545439245437,-4.98240028165009e-05,0.0018049821702752246,0
2025-10-11 13:15:00,95.28001189536428,95.4036651119257,95.23784726853262,95.32894638407336,3293.9997897486396,0.0005135860894183,95.16205166773668,94.99060902082924,0.2196316921276298,0.000855289946451343,0.001791789641254958,1
2025-10-11 13:20:00,95.32894638407336,95.34221108687204,95.21425006254664,95.2156475746102,3422.486265096005,-0.0011885037416304,95.1727708491114,95.01106707117296,0.2105268434827526,0.004380607556419225,0.001781602516209569,1
2025-10-11 13:25:00,95.2156475746102,95.28116766346425,94.98845925365389,95.00576333284327,3655.731892897292,-0.002204304094056,95.13936934585776,95.010584913143,0.2207502817859483,0.011898281360856577,0.0018308952140459291,1
2025-10-11 13:30:00,95.00576333284327,95.07547346821872,94.91798938857109,94.96547621878068,4395.251196146853,-0.0004240491592227,95.10459072044236,95.0064841227464,0.2023533239874148,0.014350377594193109,0.0018134611389215918,1
2025-10-11 13:35:00,94.96547621878068,95.26305204816585,94.92890093687004,95.16797710849032,5732.199394867836,0.0021323632310668,95.11726799805196,95.0211653032686,0.201551876149255,0.012049175515902455,0.0018394122702536891,1
2025-10-11 13:40:00,95.16797710849032,95.24840978405332,94.96080972734956,94.99982558956611,11494.184438718925,-0.0017668918057649,95.0937795163548,95.01922532929564,0.1961354134845956,0.013560016128527197,0.0017553437867442302,1
2025-10-11 13:45:00,94.99982558956611,95.06785795365307,94.93860446234724,95.00217787958928,4815.2942120477655,2.476099307102686e-05,95.0754591890017,95.0176755611405,0.1961653088475117,0.010941940091059088,0.001689034664585002,1
2025-10-11 13:50:00,95.00217787958928,95.13034646837556,94.9736879645309,95.10576936655193,2479.9160963709346,0.0010904117071286,95.08152122451176,95.02568408890518,0.1976076332710862,0.009489437258808353,0.0016943123117072426,1
2025-10-11 13:55:00,95.10576936655193,95.18062892811471,94.88672521567516,94.94150262713345,1536.9073227639617,-0.0017272005737671,95.05351750503608,95.0180312287441,0.2113703589121515,0.012243664066923676,0.0017261779471878782,1
2025-10-11 14:00:00,94.94150262713345,94.96680363961336,94.71454530398492,94.79212074146504,1728.0552254244203,-0.0015734097474217,95.00123815232187,94.99749391171872,0.20274631315436,0.014082146204562385,0.0017507921934993684,1
2025-10-11 14:05:00,94.79212074146504,95.06177638682776,94.73121848617409,95.0041263255935,4424.598174375301,0.0022365317124477,95.0018157869762,94.99809685843462,0.2150710852518175,0.01145241529182206,0.0017852723763064438,1
2025-10-11 14:10:00,95.0041263255935,95.09201867858565,94.9094624250809,95.07105000074569,1395.089178014535,0.0007044291415598,95.01566262973012,95.00472896228108,0.2111376183563069,0.012293346503393199,0.0017851682945323937,1
2025-10-11 14:15:00,95.07105000074569,95.1287019023123,95.03263594742432,95.04894099948356,2756.548828880871,-0.0002325524043539,95.0223183036808,95.0087482383904,0.2096440502386493,0.010868935261287183,0.0017730554334439651,1
2025-10-11 14:20:00,95.04894099948356,95.05554256292126,94.8521606516894,94.89875842719934,2457.1578474489215,-0.0015800551874116,94.99760632838452,94.99874916464574,0.2150256134766286,0.012886758528372289,0.00168029132222812,1
2025-10-11 14:25:00,94.89875842719934,94.90797440142993,94.77293491643792,94.8441038013126,1134.736945972137,-0.0005759256158094,94.96690582297016,94.98469049525184,0.212827159305122,0.011772639240212435,0.001594940749139482,1
2025-10-11 14:30:00,94.8441038013126,94.91463408179398,94.48263342234912,94.5676317570152,1546.3274306062838,-0.0029150156226536,94.88705100977916,94.94677606450304,0.2345442760993695,0.017356553013190945,0.0016171520097610615,1
2025-10-11 14:35:00,94.5676317570152,95.16823988288066,94.50440829639966,95.12626096500838,2560.378015209066,0.0059071925310401,94.934893000825,94.9630928736399,0.2610530744329874,0.015222785815943274,0.001924323068061432,1
2025-10-11 14:40:00,95.12626096500838,95.20778066513115,94.95406529584896,95.04645065917344,6015.811440221399,-0.0008389934075545,94.95720453249469,94.97067085414294,0.267926737978311,0.016460225858300204,0.0019175392134743658,1
2025-10-11 14:45:00,95.04645065917344,95.20110682906837,95.03301700691664,95.1817015403128,3456.5090967713913,0.0014229977048207,95.00210393405833,94.98985546197656,0.2560652173251623,0.01595219299607642,0.0019240034476415246,1
2025-10-11 14:50:00,95.1817015403128,95.32431149445829,95.1250728971824,95.27526466378325,6557.441695985614,0.0009829948609483,95.0567360800033,95.0158017530499,0.2497536845088877,0.017131264763456944,0.0019012000712993614,1
2025-10-11 14:55:00,95.27526466378325,95.42861120846604,95.23275952209886,95.41048027352146,3083.2702382192538,0.001419210014429,95.12748491870694,95.0516816185473,0.25451069844184,0.01687756108834715,0.0019082665304200304,1
2025-10-11 15:00:00,95.41048027352146,95.6796469924091,95.31564946098152,95.63274995986488,2651.9415816216815,0.002329615003574,95.22853792693851,95.10450601321254,0.2693206289834781,0.009126026833784717,0.0018279752726282378,1
2025-10-11 15:05:00,95.63274995986488,96.17315100065352,95.6199264875822,96.1361686358804,5846.298521480977,0.0052640824009224,95.41006406872692,95.19829352436416,0.2878435433143188,0.0038632929177773168,0.0020015422184995117,1
2025-10-11 15:10:00,96.1361686358804,96.3576404926246,96.10161729098738,96.32826666093254,6958.356679693597,0.0019981868195695,95.59370458716803,95.30101835496129,0.2881124623149448,0.0013097816440039711,0.0019567615048642732,1
2025-10-11 15:15:00,96.32826666093254,96.35874174150624,96.2284923980623,96.31467276816392,8812.034269106478,-0.0001411204959855,95.73789822336722,95.39316875616151,0.273804708228536,0.0017762794300972828,0.0019596673625002525,1
2025-10-11 15:20:00,96.31467276816392,96.34443665115332,96.20554768416643,96.2880247567679,4176.106770170884,-0.0002766765502091,95.84792353004735,95.4745193016712,0.2706856163344022,0.0017155245212900905,0.001963759467414343,1
2025-10-11 15:25:00,96.2880247567679,96.2915529705012,95.97517950658816,96.04168601846789,4115.800072527584,-0.0025583528057855,95.88667602773148,95.52607991228908,0.2864218669790495,3.3008286517421936e-06,0.0020298527814451048,0
2025-10-11 15:30:00,96.04168601846789,96.1306224615607,95.92070743552588,96.00826959790652,3739.211761220033,-0.0003479366298809,95.91099474176649,95.56991533825428,0.286888518036403,0.0012821773590290242,0.00198469627934053,1
2025-10-11 15:35:00,96.00826959790652,96.15541638470816,95.97301960761943,96.10393449130902,3834.486257271437,0.0009964234727191,95.949582691675,95.61846253398652,0.2902711817575972,0.0034378585557537367,0.0019875086113332746,1
2025-10-11 15:40:00,96.10393449130902,96.16713433502814,96.06757442597308,96.12699724478688,6303.346531103215,0.0002399772038463,95.98506560229738,95.6646929622411,0.266525413872611,0.0022463347210894824,0.0019775911776774733,1
2025-10-11 15:45:00,96.12699724478688,96.19237689934566,96.08989595589124,96.09215303471092,11802.897416361,-0.0003624809998717,96.0064830887801,95.70355296882929,0.226428939370712,0.00042414944663460297,0.0019790742542634475,0
2025-10-11 15:50:00,96.09215303471092,96.2685030349402,96.01202320466162,96.23979136084628,6845.519354763523,0.0015364243746522,96.05314474319334,95.75230191355809,0.2266264008704551,-0.003352321717363327,0.0019900665893865213,-1
2025-10-11 15:55:00,96.23979136084628,96.33255729213438,96.03124481159368,96.08202178586085,1818.7099377468703,-0.0016393382898544,96.05892015172684,95.7822764474038,0.2361423050410981,-0.0009654673189436469,0.002019319917091026,-1
2025-10-11 16:00:00,96.08202178586085,96.15420761740188,96.05978512748192,96.121695811693,2179.95186995264,0.0004129183076577,96.07147528372008,95.81313275324824,0.2286554402299602,-0.00302514973905188,0.0020023459983923853,-1
2025-10-11 16:05:00,96.121695811693,96.15713704496916,95.9366924736156,95.9606692194267,2486.049842863791,-0.0016752366976726,96.0493140708614,95.82654515926448,0.2304120748718442,-0.005201146774734933,0.001983110325285632,-1
2025-10-11 16:10:00,95.9606692194267,96.27836984078574,95.8977044437567,96.20899987093776,2114.791353948899,0.0025878378457659,96.08125123087667,95.86131376941658,0.2316026367005201,-0.006119681386208997,0.0020180938401713248,-1
2025-10-11 16:15:00,96.20899987093776,96.61991928604776,96.1635608874182,96.57434766115024,3258.3082325748564,0.0037974388124037,96.1798705169314,95.92613503230146,0.2246836285261072,-0.009878067407354085,0.0020843504223202543,-1
2025-10-11 16:20:00,96.57434766115024,96.61131113175526,96.54553572316313,96.61093670405322,3825.5894088198343,0.0003788691695993,96.26608375435578,95.98838972973344,0.211094500451458,-0.00994376417901155,0.002044512348208222,-1
2025-10-11 16:25:00,96.61093670405322,96.77142060262508,96.55264813211204,96.7000584129788,2206.4331564546856,0.0009224805386016,96.3528786860804,96.05308688275576,0.2174175809563923,-0.009030087461156855,0.0020435476323076595,-1
2025-10-11 16:30:00,96.7000584129788,96.93127666295462,96.68818174215832,96.90745044814696,773.6713150418968,0.0021446940009328,96.4637930384937,96.13075629779132,0.2248608633713504,-0.0103089546201387,0.0020608709236297025,-1
2025-10-11 16:35:00,96.90745044814696,97.06877387218178,96.86587320724296,97.02077648280635,1783.2213370047166,0.0011694254067702,96.57518972735625,96.21166722370177,0.2167556634446197,-0.011121606602273015,0.0020190589783698346,-1
2025-10-11 16:40:00,97.02077648280635,97.10805320458196,96.46562833698032,96.50549700218724,1957.7960198977712,-0.0053110220233129,96.56125118232244,96.2383790217459,0.2476492235565359,-0.006337674088694456,0.002248631005991239,-1
2025-10-11 16:45:00,96.50549700218724,96.5187055823196,96.44746227757548,96.50757081531364,3213.45162500572,2.1489067367319592e-05,96.55051510892068,96.26285100297932,0.2397096898176382,-0.005052964974453178,0.002229444864081449,-1
2025-10-11 16:50:00,96.50757081531364,96.58551135910398,96.43895391736618,96.45443565640376,1727.6813949753978,-0.0005505802131479,96.53129921841732,96.28026778965427,0.2430666564378348,-0.0050029429324135455,0.0022366360298541194,-1
2025-10-11 16:55:00,96.45443565640376,96.49848980216927,96.39234745547732,96.48575454021857,3386.62309601313,0.000324701332828,96.52219028277756,96.29894840334194,0.2433281852405175,-0.0074681174866059186,0.002233285286579285,-1
2025-10-11 17:00:00,96.48575454021857,96.4901186108607,96.3945652607366,96.45320922434472,2816.793976325204,-0.0003373069530203,96.508394071091,96.3129721143422,0.2318334366580531,-0.0038236596861300765,0.002207112975957737,-1
2025-10-11 17:05:00,96.45320922434472,96.45341109041075,96.00345000181676,96.04200303561686,12311.905501975712,-0.004263271196829,96.41511586399618,96.2883385617308,0.2424511943761455,0.0019587362362309957,0.0023568252124566624,1
2025-10-11 17:10:00,96.04200303561686,96.20984301439849,96.03233076520937,96.13136922746452,1810.6872273758693,0.0009304907126366,96.35836653668986,96.27406862225205,0.2483861771810863,0.0017034474638357722,0.002279373793532275,1
2025-10-11 17:15:00,96.13136922746452,96.50374925269897,96.07550331082004,96.43432622474155,2048.411364884264,0.0031514894639668,96.3735584743002,96.28863749520563,0.2632291322186099,-0.0038463051657822156,0.0021152350801589954,-1
2025-10-11 17:20:00,96.43432622474155,96.49531010411144,96.31079390377693,96.34293065633192,13166.244036279946,-0.0009477493335376,96.36743291070655,96.2935732371262,0.2492184753118564,-0.004580442877480939,0.0021174244422029727,-1
2025-10-11 17:25:00,96.34293065633192,96.41343837866717,96.09526643557804,96.13291046824652,3365.9677197727447,-0.0021799231833062,96.32052842221457,96.2789675308644,0.2393480142018264,-0.00141945605860605,0.002158080820966815,-1
2025-10-11 17:30:00,96.13291046824652,96.17787392537338,95.82235058738028,95.9171646181928,2211.141540648272,-0.0022442454826638,96.2398556614102,96.24607635698516,0.2600442948733246,0.0007775520092005994,0.0022007490769071665,0
2025-10-11 17:35:00,95.9171646181928,96.02962760863224,95.86463851634292,95.98925773388856,5811.232283794041,0.0007516185031397,96.18973607590588,96.22272920943092,0.2562026250002032,-0.002133596319954578,0.0021920852342393773,-1
2025-10-11 17:40:00,95.98925773388856,96.05567552545226,95.7559203560127,95.83091328869104,2777.914847857356,-0.0016496058927393,96.11797151846292,96.18710958027276,0.2602497856175806,0.000326288376050643,0.0021797041920711122,0
2025-10-11 17:45:00,95.83091328869104,95.86243111732897,95.40676536122922,95.46156369421468,4670.163867003795,-0.0038541800531912,95.98668995361326,96.12115086335837,0.278304434986218,0.0030422403115168972,0.002071714488444503,1
2025-10-11 17:50:00,95.46156369421468,95.62508940955836,95.4594504432852,95.6202314452418,1315.9941395787437,0.0016621113764212,95.91339825193896,96.07561273443868,0.2442482991770406,0.0032108971921427365,0.0020609414069102153,1
2025-10-11 17:55:00,95.6202314452418,95.6522421331532,95.56145265083197,95.62037974513215,4161.660299110097,1.5509258670665105e-06,95.8547945505776,96.034227917229,0.2456444547182629,0.0030523299279368032,0.0020612907322222736,1
2025-10-11 18:00:00,95.62037974513215,95.73773806975768,95.58870419027429,95.6502603323547,1249.525272862898,0.0003124918276018,95.81388770693304,95.9993217731495,0.2458213431286639,0.002867458706339532,0.0020634351556362623,1
2025-10-11 18:05:00,95.6502603323547,95.85585629009172,95.6485049173025,95.82684842801063,2385.949485807122,0.0018461852068394,95.81647985114856,95.98364237813688,0.2530505592784666,0.0003950550629296945,0.002048277964645045,0
2025-10-11 18:10:00,95.82684842801063,95.97198041205442,95.81810198413918,95.90843593912368,10166.612004287794,0.0008514055554518,95.8348710687436,95.97680542913568,0.2572166362635489,-0.0024752064174304866,0.0020539543461781367,-1
2025-10-11 18:15:00,95.90843593912368,96.00645336262632,95.87513384863615,95.94174957451752,2719.948466489478,0.0003473483335185,95.8562467698984,95.9736185332613,0.2344565237918447,-0.0022954774261571,0.0020466783319789475,-1
2025-10-11 18:20:00,95.94174957451752,95.99382000409612,95.83917988061434,95.8938766144199,5070.897754811142,-0.0004989794360633,95.8637727388027,95.96636926791209,0.2328228005270338,-0.003404060452577573,0.002047460909290089,-1
2025-10-11 18:25:00,95.8938766144199,96.09848426331936,95.84200822370656,96.0199214402143,3220.8490101835723,0.001314419963448,95.89500247908502,95.97123764721228,0.2205535217937405,-0.005313119896103946,0.0020612481800782573,-1
2025-10-11 18:30:00,96.0199214402143,96.0857188372251,95.9445438546495,95.97187961923662,3808.0692891716126,-0.0005003318088278,95.91037790711536,95.97129600830542,0.2174577205252481,-0.0026807909046165923,0.002042956658299498,-1
2025-10-11 18:35:00,95.97187961923662,96.05853635732085,95.73261126078108,95.7651875895284,4934.6148221677895,-0.002153672831336,95.88133984359796,95.95255887932568,0.2180115172002936,0.0003144166644750701,0.0020575503120299427,0
2025-10-11 18:40:00,95.7651875895284,96.09870035058036,95.71245297823914,96.08440497663572,1983.4114423709511,0.003333334326828,95.92195287020552,95.96454488817204,0.2202060910823015,-0.004887738104647488,0.0021440379762488727,-1
2025-10-11 18:45:00,96.08440497663572,96.3026928376658,96.01795960209722,96.23012398716293,2584.4559719426984,0.0015165729606447,95.983587093597,95.98868844262576,0.2287592441736754,-0.005912895160073983,0.002138300939117834,-1
2025-10-11 18:50:00,96.23012398716293,96.3148776428505,96.21297422143265,96.2951239645701,5295.473885727727,0.0006754639266166,96.04589446779164,96.01654621734797,0.2146269764578394,-0.006781958994679926,0.002092466967277394,-1
2025-10-11 18:55:00,96.2951239645701,96.29795704454556,96.05250638264069,96.0634103776246,2414.765765411076,-0.0024062857744566,96.04939764975823,96.02080659555492,0.1996116125867776,-0.006767766992979651,0.0020182330955138936,-1
2025-10-11 19:00:00,96.0634103776246,96.11115086644044,95.87503321764336,95.90163736581148,2548.943889523763,-0.001684023200688,96.01984559296888,96.0099730292146,0.2046458041956295,-0.010201168171923736,0.0020332310939680906,-1
2025-10-11 19:05:00,95.90163736581148,96.08355683444888,95.857906143257,95.99645402605094,3672.976770697688,0.0009886865630646,96.01516727958531,96.008744028927,0.2142787476863879,-0.008610765175322221,0.002034473107491468,-1
2025-10-11 19:10:00,95.99645402605094,96.04159954223329,95.96326657341048,95.9917452022585,1515.8050251697869,-4.905205968508408e-05,96.01048286411996,96.00719868104804,0.2092286826392008,-0.008862749055747798,0.0019884460910074464,-1
2025-10-11 19:15:00,95.9917452022585,96.02123614156088,95.72394052852594,95.78445540683236,4375.558805565517,-0.0021594543883889,95.96527737266244,95.98694929248298,0.2156532712281824,-0.006187423428718142,0.0019964370445268087,-1
2025-10-11 19:20:00,95.78445540683236,95.8661655703438,95.70346803022832,95.86218180176346,9531.689552381298,0.0008114719095175,95.94465825848263,95.97560679332663,0.216283207813914,-0.0024896498155413394,0.0017935505197100676,-1
2025-10-11 19:25:00,95.86218180176346,95.93302558970956,95.75050220811436,95.75198071148566,2461.0545730870313,-0.0011495783655924,95.90612274908324,95.95527714952291,0.2199406269285597,0.0009356695090381173,0.0018006621160675386,1
2025-10-11 19:30:00,95.75198071148566,96.01519687063818,95.6641953026264,95.92725817790136,3178.6931896435435,0.001830536194795,95.91034983484688,95.9527299702846,0.2339664443949881,-0.00269298522121042,0.001836428596304052,-1
2025-10-11 19:35:00,95.92725817790136,95.9937841023207,95.8798538731379,95.9122446919489,2888.1857695151425,-0.0001565090698684,95.91072880626729,95.9490494904359,0.2237846007928457,-0.004365501786515957,0.0018342191219374914,-1
2025-10-11 19:40:00,95.9122446919489,95.9656077522122,95.8941944586754,95.92453350410835,2173.015302437028,0.0001281255818685,95.9134897458355,95.94682076440613,0.2188016230043601,-0.00796496450379125,0.001834814869641837,-1
2025-10-11 19:45:00,95.92453350410835,95.9830596379376,95.84346277224864,95.86470530964672,1401.1927914700484,-0.0006237006558816,95.90373285859776,95.93935572306437,0.205492463657875,-0.008319050528208471,0.0016791006251533943,-1
2025-10-11 19:50:00,95.86470530964672,95.92385563724724,95.58829065625132,95.67104276300144,1749.247591115904,-0.0020201652528917,95.8571948394785,95.91496363578592,0.2018722928474951,-0.00787680832802573,0.00170399192133253,-1
2025-10-11 19:55:00,95.67104276300144,95.74456564075176,95.62422553931724,95.7215174541432,6171.609721242792,0.0005275858784856,95.83005936241145,95.89737761927292,0.1901299261236338,-0.012340556246258072,0.0016000284104693465,-1
2025-10-11 20:00:00,95.7215174541432,95.7369969023564,95.52886598930502,95.5674480613924,1186.9311325554288,-0.0016095586117783,95.77753710220765,95.86738402310198,0.1977176040974575,-0.010256497069750847,0.001613815172830768,-1
2025-10-11 20:05:00,95.5674480613924,95.62783824836058,95.42169008752396,95.50975608518796,1412.9205371018386,-0.0006036781077106,95.72398089880372,95.83487239238252,0.1949102825925816,-0.011067939870962329,0.0015766767841125455,-1
2025-10-11 20:10:00,95.50975608518796,95.76695203743692,95.4330876380663,95.7145990772544,2289.0091982308018,0.0021447336948878,95.72210453449384,95.8239384546436,0.201892193347833,-0.011779788584268758,0.0015841722189027104,-1
2025-10-11 20:15:00,95.7145990772544,95.8215204814142,95.68120077644453,95.79529776038312,1545.5434993219208,0.000843117809683,95.7367431796717,95.82133475516537,0.195797122903391,-0.016233858756403596,0.0015857752038039227,-1
2025-10-11 20:20:00,95.79529776038312,95.84623344689346,95.52302512432452,95.61476956916904,2267.7729770945543,-0.0018845203828858,95.71234845757118,95.80255610189296,0.2132882195995437,-0.011923530277568095,0.0015938849053663891,-1
2025-10-11 20:25:00,95.61476956916904,95.68118798735595,95.54961361276938,95.66112535278592,2580.173149999748,0.00048481823285,95.70210383661414,95.78969876106504,0.201450988281804,-0.008340101598543037,0.0014385049149062438,-1
2025-10-11 20:30:00,95.66112535278592,95.70562231104068,95.61884671217165,95.64205438245476,2656.8018166653155,-0.0001993596694668,95.69009394578228,95.77627654482777,0.1960279924784862,-0.003971570230111188,0.001409229163292754,-1
2025-10-11 20:35:00,95.64205438245476,95.6964970588294,95.37735748889868,95.41327559963786,2869.8338639698295,-0.0023920312491623,95.6347302765534,95.7432764589014,0.2057862916453093,-0.0017527791381956037,0.0014717254232467947,-1
2025-10-11 20:40:00,95.41327559963786,95.49721033502962,94.8409308611434,94.92332863508,2511.485496736534,-0.0051349978446784,95.49244994825872,95.6687357476449,0.227591856350626,0.0050965668714682,0.0017204808652887507,1
2025-10-11 20:45:00,94.92332863508,95.23012101185624,94.8418262528024,95.169851102769,1881.282259337076,0.0025970693530639,95.42793017916078,95.62338259811072,0.2471893227699847,0.00393265029142742,0.0017545909000678006,1
2025-10-11 20:50:00,95.169851102769,95.24880147954129,95.07743317752474,95.1409944531076,2510.3142494026633,-0.0003032120921386,95.37054303395016,95.57952913038316,0.2543289662328222,0.004627207202872352,0.001743824929066457,1
2025-10-11 20:55:00,95.1409944531076,95.24191458701485,95.09050855296168,95.19179642334112,2540.5444900562848,0.0005339650959665,95.33479371182835,95.54428070247025,0.2551724782588361,0.001391511432306869,0.0017461959530079942,1
2025-10-11 21:00:00,95.19179642334112,95.6455384786277,95.11636877377308,95.6235185385233,1012.7886311840788,0.0045352869827375,95.39253867716737,95.55148414211143,0.269001387105888,-0.001773395739937178,0.0019386311946866413,-1
2025-10-11 21:05:00,95.6235185385233,95.89487083984194,95.54707554527604,95.8415729202674,2876.7454960361233,0.0022803425880659,95.48234552578737,95.57785584921652,0.2852481866152731,-0.002144180322246503,0.001968436781619838,-1
2025-10-11 21:10:00,95.8415729202674,95.91676832500184,95.58475459004636,95.66892748931704,2933.5008523401257,-0.001801362662255,95.51966191849333,95.58613508922564,0.2940969596084223,-0.0013540366232157597,0.0019912100162051915,-1
2025-10-11 21:15:00,95.66892748931704,95.75727103692454,95.46563325190944,95.49353961639744,2067.1723416426653,-0.0018332793888506,95.51443745807414,95.57771731896854,0.3002033613354555,-0.00033631423355939827,0.001981315245961856,0
2025-10-11 21:20:00,95.49353961639744,95.5664610623738,95.09503459902297,95.1604979997054,4288.630182945218,-0.0034875826996241,95.4436495664004,95.5397882899446,0.3100292230483288,0.0008943774246354952,0.001968355599635698,1
2025-10-11 21:25:00,95.1604979997054,95.2364482067823,94.97857971431374,95.06720198230396,3984.0540604820503,-0.0009804069899017,95.36836004958111,95.49682589834092,0.3184255650125343,-0.00018131496236173383,0.001943352793867535,0
2025-10-11 21:30:00,95.06720198230396,95.07443383162736,94.90472754582667,94.91746029661492,2671.69416862189,-0.0015751140516043,95.27818009898787,95.444156298184,0.3074611338148015,0.002955657025131453,0.0019447200249545307,1
2025-10-11 21:35:00,94.91746029661492,94.93965958898238,94.48968248054123,94.54026068402317,5978.687757954154,-0.00397397498219,95.13059621599496,95.36198396962392,0.330204186232983,0.006363225982526366,0.0020141406662934685,1
2025-10-11 21:40:00,94.54026068402317,94.64812212124716,94.45797202452027,94.58726081038716,2477.8530129491155,0.0004971440318011,95.0219291348734,95.29155459151148,0.3375880789371156,0.006995442369651661,0.002009588945444898,1
2025-10-11 21:45:00,94.58726081038716,94.63175911334136,94.4460032958669,94.45265984774682,2256.1441275279108,-0.0014230347880583,94.90807527744808,95.21529143298744,0.3280606680473831,0.0069346813369919325,0.00199989825568401,1
2025-10-11 21:50:00,94.45265984774682,94.61020513014986,94.43884425301462,94.5871013356963,1991.5574409270705,0.001423374293177,94.84388048909774,95.1581832423246,0.2934236254223137,0.0017476475272535374,0.002027465587083703,1
2025-10-11 21:55:00,94.5871013356963,94.58932528263053,94.15118084137504,94.24017042701344,3290.3599717512507,-0.0036678458667591,94.72313847668087,95.07472753184176,0.2969843170081461,0.006861217605254266,0.0020850039666743237,1
2025-10-11 22:00:00,94.24017042701344,94.55435723590432,94.22805332431317,94.47470396922836,1775.3157430221308,0.0024886790967399,94.67345157519038,95.02017993524052,0.3080511462634772,0.005054483076799787,0.0021395502914125716,1
2025-10-11 22:05:00,94.47470396922836,94.94665639281942,94.45211846210177,94.86330184831272,1343.2675032349143,0.0041132479146051,94.71142162981484,95.00591829097436,0.3325605674537988,0.0005852371920873622,0.0022818413618851904,0
2025-10-11 22:10:00,94.86330184831272,95.31323855121596,94.84879778096304,95.26220524652273,3376.2761257301054,0.0042050338796753,94.82157835315644,95.02921710511512,0.3279370721251057,-0.0037440053411997853,0.0023890723472660166,-1
2025-10-11 22:15:00,95.26220524652273,95.275542441034,95.15951465122312,95.2460372006599,5602.602507338651,-0.0001697215156943,94.90647012265713,95.04892802289191,0.3113822503568885,-0.0016304595585961978,0.0023890631222021493,-1
2025-10-11 22:20:00,95.2460372006599,95.43653458749591,95.18786339948068,95.40711172713104,1679.4000297728094,0.0016911415026306,95.00659844355192,95.08149017782274,0.3054292112897272,-0.005360768559045326,0.0024121713980388426,-1
2025-10-11 22:25:00,95.40711172713104,95.62006890160708,95.36271906545312,95.5441208454434,3651.647104485525,0.001436047227844,95.1141029239302,95.1235475112428,0.3029800720853594,-0.008262463472554438,0.002427005024673903,-1
2025-10-11 22:30:00,95.5441208454434,95.61112430070462,95.48139793969912,95.58123154792946,3936.477747110573,0.0003884142965333,95.20752864873006,95.1651551509416,0.278572921917835,-0.010274763178627855,0.00240282058586166,-1
2025-10-11 22:35:00,95.58123154792946,95.65495089347976,95.29973529876467,95.32425689632603,1709.9648344918307,-0.0026885471911352,95.23087429824926,95.17961894597651,0.2855262863640157,-0.005777694892363794,0.002445772268332106,-1
2025-10-11 22:40:00,95.32425689632603,95.47027892946905,95.2828047202739,95.45394019810928,4846.009098922757,0.0013604438786687,95.27548747822128,95.20455724162495,0.2867954237493352,-0.005362402157489732,0.002444051723771067,-1
2025-10-11 22:45:00,95.45394019810928,95.63869686687566,95.36235993589167,95.6360713055586,2202.7153897101657,0.0019080522718215,95.34760424368874,95.24378579289164,0.2743925539309667,-0.007398905484916507,0.002465413423858815,-1
2025-10-11 22:50:00,95.6360713055586,95.6446043007897,95.49701761125915,95.53938825779274,5970.976868889605,-0.0010109475059568,95.38596104650954,95.27065874424628,0.2713523105597986,-0.00627035071315396,0.002441683453140857,-1
2025-10-11 22:55:00,95.53938825779274,95.56931359087072,95.42414185326273,95.46142377981148,2745.491071456745,-0.0008160453965949,95.40105359316992,95.28800102020676,0.2684534477121941,-0.006001848876971083,0.0024396258850825476,-1
2025-10-11 23:00:00,95.46142377981148,95.48136481998972,95.22034394925916,95.2456074008334,2673.904454155628,-0.0022607705859895,95.36996435470262,95.28414705480918,0.2748577329690036,-0.004386034595998511,0.0024493601736272548,-1
2025-10-11 23:05:00,95.2456074008334,95.28065953836462,95.01172101536034,95.0499648761547,1277.6561312086835,-0.0020540844876483,95.30596445899305,95.2628577658406,0.2627715959510612,-0.0022753070292418354,0.0024702360416068406,-1
2025-10-11 23:10:00,95.0499648761547,95.2223626175874,94.96320079191648,95.19800375494825,777.9582538782669,0.0015574848342807,95.28437231818408,95.25696194666855,0.2579757326710442,-0.0048806115099384595,0.002489636026200795,-1
2025-10-11 23:15:00,95.19800375494825,95.22233666457478,95.06152279992706,95.14184172720256,1774.4374659739412,-0.0005899496368666,95.25586619998778,95.24649647217164,0.2341382993803346,-0.003200774237785753,0.002457279758102765,-1
2025-10-11 23:20:00,95.14184172720256,95.33173697498418,95.11144367258686,95.24894054228945,2068.471642377881,0.001125675235444,95.25448106844811,95.24671866036417,0.2166991945335062,-0.005411397429525344,0.002285558254826867,-1
2025-10-11 23:25:00,95.24894054228945,95.3021057464337,95.05448327723518,95.10765894522224,3396.091715454125,-0.0014832878587709,95.22511664380296,95.23407686807852,0.2260988144897676,-0.0033471777849867212,0.0022559322635808394,-1
2025-10-11 23:30:00,95.10765894522224,95.18274898180827,94.6600224562656,94.7524062494557,4613.715749246899,-0.0037352690593631,95.1305745649335,95.19028863002193,0.2456741957417289,0.0020236771318511426,0.0023495712773329873,1
2025-10-11 23:35:00,94.7524062494557,94.90095435156258,94.66159395523636,94.88677274346944,3425.606352512293,0.0014180800185694,95.0818142006407,95.16269627669897,0.2443892357540339,0.00410308774809387,0.002362733898360843,1
2025-10-11 23:40:00,94.88677274346944,94.99205110173544,94.81299174227212,94.9522247616265,2473.8093440399916,0.0006897907502241,95.05589631283786,95.14356250260144,0.2479130213581634,0.002529145227523566,0.0022125170298246243,1
2025-10-11 23:45:00,94.9522247616265,95.02746069089449,94.8272892123904,94.91881938071856,1349.367872580111,-0.000351812514049,95.028480926414,95.123131309703,0.2368384416288041,0.002921941425937158,0.0021650682295979865,1
2025-10-11 23:50:00,94.91881938071856,94.93300708777836,94.8380483236715,94.90554304126528,2532.3949836356705,-0.0001398704655187,95.00389334938428,95.10335055802685,0.2302301955510687,2.5937054302760387e-05,0.002147755484687092,0
2025-10-11 23:55:00,94.90554304126528,95.11424862347825,94.87250312211282,95.09074238888768,3162.371085487311,0.0019514070694677,95.02126315728496,95.10220436083236,0.2277593791497431,-9.0042432740578e-05,0.0021618079132532508,0
2025-10-12 00:00:00,95.09074238888768,95.14034073832046,94.81883868067524,94.89565628227491,3084.425664385433,-0.0020515783315154,94.99614178228296,95.0834272627817,0.2401819054436497,0.0014998775118055807,0.0021039897717448756,1
2025-10-12 00:05:00,94.89565628227491,94.91693327469046,94.6747067503135,94.7546910369406,662.0652458529877,-0.0014854762679024,94.94785163321448,95.0535421513416,0.2471143902128614,0.00038698915081880614,0.0021127998968754323,0
2025-10-12 00:10:00,94.7546910369406,94.79251103099756,94.54308320793646,94.5991570294529,8195.292302999354,-0.0016414386009347,94.87811271246215,95.01223441298806,0.2462863153793273,-0.0016489676058252245,0.0021143248973295122,-1
2025-10-12 00:15:00,94.5991570294529,94.84179846899168,94.55057082536742,94.77350242413776,3334.0187311570044,0.0018429909965325,94.8571906547973,94.99053150491076,0.2478783954236111,-0.0021663654920102138,0.002018656329709353,-1
2025-10-12 00:20:00,94.77350242413776,94.95082538626322,94.68102926296068,94.94207778325004,2227.8409510149154,0.0017787182577453,94.87416808048783,94.98612662112342,0.2486379881115823,-0.004978334174340904,0.002039822100867248,-1
2025-10-12 00:25:00,94.94207778325004,95.00420574185652,94.91339886158563,94.92846905302004,3043.022415500076,-0.0001433371856582,94.8850282749943,94.98088502402312,0.2436374892275219,-0.004618486457262927,0.0020210728698301537,-1
2025-10-12 00:30:00,94.92846905302004,94.94067394275623,94.91445967928608,94.9403227864962,4957.717808724318,0.0001248701637601,94.89608717729467,94.9771975478843,0.2297747007327249,-0.005937450297810676,0.002007861018670563,-1
2025-10-12 00:35:00,94.9403227864962,95.01956943340932,94.82835591268136,94.88847874070456,4257.337622771631,-0.0005460698286039,94.89456548997666,94.96913220177704,0.2257454901276848,-0.006153692537597344,0.001890363894724407,-1
2025-10-12 00:40:00,94.88847874070456,94.91434890451048,94.78490887883498,94.82785687165646,3303.954881592573,-0.0006388749177206,94.88122376631264,94.9562889899479,0.1976535972800286,-0.007349636086915523,0.0018494793172908616,-1
2025-10-12 00:45:00,94.82785687165646,94.91743549832267,94.81565789435552,94.8336970229428,1102.03546297893,6.15868741420389e-05,94.87171841763866,94.9451442656747,0.1878262549686675,-0.010550628184110566,0.001699791923395598,-1
2025-10-12 00:50:00,94.8336970229428,94.90308478209433,94.65233479673044,94.73337928209868,3905.151635892885,-0.0010578280083275,94.84405059053068,94.92589290353142,0.1929470139615655,-0.013098120825141613,0.001524544029587549,-1
2025-10-12 00:55:00,94.73337928209868,94.8528348173538,94.73247243415211,94.83731417126664,10673.038550950036,0.0010971305991149,94.84270330667786,94.91784029150736,0.1872463642971088,-0.015230414229713607,0.0015409870956881247,-1
2025-10-12 01:00:00,94.83731417126664,94.83842906073215,94.71282589633172,94.73351067027389,4150.890908109797,-0.0010945428168209,94.82086477939708,94.9010830532134,0.1894352500323657,-0.015125006484581704,0.0015130312339412212,-1
2025-10-12 01:05:00,94.73351067027389,94.8513739890747,94.67967699092144,94.7893167020187,1938.3037902282408,0.0005890843836566,94.8145551639214,94.89092247583206,0.1844317855172111,-0.013555394406176258,0.001490360408652673,-1
2025-10-12 01:10:00,94.7893167020187,95.02127988762058,94.70670646572738,94.9441545271706,5684.402749989774,0.001633494475318,94.84047503657123,94.89576175322648,0.1839368829634945,-0.014311349400322082,0.0015233646942380105,-1
2025-10-12 01:15:00,94.9441545271706,95.27919507398552,94.9330258719419,95.27610149816933,1945.338613061704,0.0034962338929849,94.92760032889086,94.9303380936758,0.1913613599396859,-0.017974025983621744,0.0015893876976878687,-1
2025-10-12 01:20:00,95.27610149816933,95.31736312101243,95.1376520009781,95.19237272772511,4755.243494043045,-0.000878801390145,94.98055480865771,94.95415942404392,0.1863815954377758,-0.015106598719254793,0.0015761355687363805,-1
2025-10-12 01:25:00,95.19237272772511,95.2086832280842,95.11064937908132,95.19616661116812,3208.9967356977613,3.985490995028762e-05,95.0236771691598,94.97616007741884,0.1725820386791068,-0.016934631259749033,0.0015339835721312773,-1
2025-10-12 01:30:00,95.19616661116812,95.28931040346144,94.828883173346,94.90800461148878,2518.3184330579243,-0.0030270336499614,95.0005426576256,94.96996412597066,0.1861985463086008,-0.01375376971824771,0.0016102882589495533,-1
2025-10-12 01:35:00,94.90800461148878,95.14836732607776,94.83167169983837,95.08218018711187,3972.913079499651,0.0018352042731917,95.01687016352288,94.9801655860744,0.2023334567349236,-0.019796380226961285,0.0016457000628510114,-1
2025-10-12 01:40:00,95.08218018711187,95.11412928218104,94.95777183961114,95.03798814310072,3006.7738582370635,-0.0004647773528561,95.02109375943844,94.98542218216772,0.2116293980991912,-0.021287711720851088,0.0016004476194467765,-1
2025-10-12 01:45:00,95.03798814310072,95.06080964771505,94.70608553130864,94.79136007436108,588.9072236039488,-0.0025950472390924,94.97514702242296,94.9677801723671,0.2233087263619373,-0.01910064060982164,0.0016247862028092828,-1
2025-10-12 01:50:00,94.79136007436108,94.83333706428373,94.35928613877174,94.44316608397295,2912.7124387225363,-0.0036732671639584,94.86875083473298,94.92008798251308,0.2479237906359728,-0.014789894316438734,0.0017149502611791907,-1
2025-10-12 01:55:00,94.44316608397295,94.6120303708279,94.3488098063634,94.56818837892916,2473.857212298749,0.0013237833941845,94.8086383435722,94.88809710946,0.259455430671498,-0.016743378589112456,0.0017358571002723212,-1
2025-10-12 02:00:00,94.56818837892916,94.64305539111388,94.3976106336438,94.46942439283876,2907.8606567652646,-0.0010443679611863,94.74079555342551,94.85003595340352,0.2590764858219409,-0.013617022444469051,0.0017252561784621974,-1
2025-10-12 02:05:00,94.46942439283876,94.56078817152776,94.45605744383856,94.49004320428996,2109.654545262531,0.0002182590990018,94.6906450835984,94.81730933984774,0.257959938999622,-0.010840081744042496,0.001712362006443447,-1
2025-10-12 02:10:00,94.49004320428996,94.52387215104956,94.37460824457229,94.37661933869327,3972.08256523479,-0.0012003790214325,94.62783993461738,94.77724661247004,0.2596499920051108,-0.008821562653762771,0.0015984916082323634,-1
2025-10-12 02:15:00,94.37661933869327,94.4024973699426,94.29628715464996,94.30456421717392,1558.7913655541663,-0.0007634848760662,94.56318479112868,94.73427548562496,0.2549723646579228,-0.009232468104650504,0.0015770253375724603,-1
2025-10-12 02:20:00,94.30456421717392,94.3599047014696,94.03988219033984,94.13090663274768,2494.950273025302,-0.0018414547150265,94.47672915945247,94.67942377172702,0.2553615853176763,-0.008357701785035032,0.001594796918635492,-1
2025-10-12 02:25:00,94.13090663274768,94.21567765170866,93.8163321988838,93.83314194632914,5219.232561689056,-0.0031633041375058,94.34801171682784,94.6024890603272,0.2591598889449053,-0.009334882991043347,0.0016748711540179242,-1
2025-10-12 02:30:00,93.83314194632914,93.90852383930196,93.47198440379007,93.49255003408778,3814.953755229673,-0.0036297613527229,94.17691938027984,94.50158551248724,0.27750476862187,-0.00679392440534865,0.0017710642629457161,-1
2025-10-12 02:35:00,93.49255003408778,93.52474675462511,93.3756057197574,93.39290259200476,3221.4928927962815,-0.001065832967939,94.02011602262482,94.40079615607976,0.2811552818979298,-0.0016544701070680956,0.0017176629890729648,-1
2025-10-12 02:40:00,93.39290259200476,93.41919119356848,93.22339598280466,93.3006657070788,2105.0252076385127,-0.0009876219965976,93.87622595951562,94.30078429707966,0.2622529948013842,-0.0007376182571696699,0.00169807340628885,0
2025-10-12 02:45:00,93.3006657070788,93.5581535321524,93.29387003683507,93.50441012863088,1710.3251051743855,0.0021837402767495,93.80186279333869,94.2283866454025,0.2585092711640929,0.0005219174199866394,0.001754297600486798,0
2025-10-12 02:50:00,93.50441012863088,93.6144076516019,93.42330449113815,93.58537555821408,3401.8488919528418,0.000865899581333,93.75856534631376,94.16993109202171,0.2609911081565091,0.002974255914595769,0.001753677926658266,1
2025-10-12 02:55:00,93.58537555821408,93.64268337575844,93.48946690867592,93.56360637422304,2441.516391148438,-0.0002326130964499,93.71957355189562,94.11481066313094,0.2465977046333754,0.00204135290582963,0.0017083149903929474,1
2025-10-12 03:00:00,93.56360637422304,93.79404106868498,93.5064194439843,93.75433975179364,4372.122825871872,0.0020385423880278,93.72652679187524,94.0820405802821,0.2332813260039959,-5.685628656548758e-05,0.001719584703687398,0
2025-10-12 03:05:00,93.75433975179364,93.8454793490112,93.5820501429393,93.58405463226636,5399.553626992671,-0.0018162905309566,93.69803235995346,94.03676913046247,0.2332962289759541,0.0049851421828110976,0.0017371256408594586,1
2025-10-12 03:10:00,93.58405463226636,93.66828643836922,93.5515997689466,93.60266177164397,2486.0088916790028,0.0001988280957765,93.67895824229156,93.99730482511536,0.2240992226868507,0.004055803955416604,0.0017379561617580303,1
2025-10-12 03:15:00,93.60266177164397,93.611775805766,93.14182770296271,93.19989719531937,3741.844560729646,-0.0043029179801232,93.58314603289712,93.92481322240664,0.2501861780521405,0.007939763979512904,0.0018672996273013884,1
2025-10-12 03:20:00,93.19989719531937,93.24135976848608,92.94284036648278,93.01484684898072,4868.106697764917,-0.0019855209276768,93.46948619611383,93.84208900664063,0.2608472848754277,0.012522396976590189,0.0018842491098494875,1
2025-10-12 03:25:00,93.01484684898072,93.05978736888648,92.97179642302414,92.98078437266452,2569.0790211873004,-0.000366204723978,93.37174583142398,93.76378858537008,0.2595459084875508,0.01265246209311921,0.0018809085389610868,1
2025-10-12 03:30:00,92.98078437266452,93.0722654184298,92.9525120115887,93.04636163868112,2796.548609122991,0.0007052776168652,93.30666899287542,93.6985679538529,0.2452409724669329,0.011792249127461574,0.0018932922953302455,1
2025-10-12 03:35:00,93.04636163868112,93.09538557353623,92.91427270894688,92.98479739841424,3958.3815470462177,-0.0006616512368959,93.24229467398318,93.63367972154028,0.2296529304501129,0.01245382291112307,0.001869018574295099,1
2025-10-12 03:40:00,92.98479739841424,93.24824177904893,92.90240619278326,93.1830321205654,3559.5664159598914,0.0021319046521313,93.23044216329964,93.5927117578153,0.2231740840753845,0.009880935727246465,0.0019283761210054256,1
2025-10-12 03:45:00,93.1830321205654,93.54131823677278,93.14747770263192,93.46576341195735,3443.6673819760435,0.0030341499407977,93.27750641303118,93.58117099910092,0.2406526197377506,0.0041293274821812,0.0020197590867638564,1
2025-10-12 03:50:00,93.46576341195735,93.58921516925272,93.4375852622797,93.54407007814667,3555.711853319887,0.0008378112298099,93.33081914605428,93.57779818810508,0.2374979551812655,0.005603602199438562,0.001998225716244598,1
2025-10-12 03:55:00,93.54407007814667,93.62415153872902,93.3673248207385,93.4339003359159,2281.241717451348,-0.0011777309041476,93.3514353840266,93.5647165651788,0.2369653282293516,0.006027991249196063,0.0018659949931784969,1
2025-10-12 04:00:00,93.4339003359159,93.51255520943576,93.30953553350692,93.3441885863562,2991.5201259380747,-0.0009601627379052,93.34998602449252,93.544668567104,0.2378165079054284,0.01010907270629735,0.0018664308728742142,1
2025-10-12 04:05:00,93.3441885863562,93.35573714884208,92.92451592180788,92.9572205455782,2097.537169045004,-0.0041456039914044,93.27143292870966,93.49126420151076,0.2576739907591202,0.016785906865598887,0.0019634925211664293,1
2025-10-12 04:10:00,92.9572205455782,92.96840881908123,92.83316520313474,92.85736871669292,1456.9006414005255,-0.0010741696911678,93.18862008630632,93.4336373392546,0.2467898472766785,0.018312023962696156,0.0019200357838302315,1
2025-10-12 04:15:00,92.85736871669292,93.29810937416114,92.77500017811214,93.23838682645396,7603.114931075512,0.0041032619707706,93.19857343433586,93.41588729263634,0.2653384179893275,0.011262263218315915,0.00205314793306111,1
2025-10-12 04:20:00,93.23838682645396,93.23909941441484,93.18176735142656,93.23184543264718,2262.4342724818903,-7.015773255447666e-05,93.20522783399812,93.3991562144555,0.2610988032440166,0.009816161723338324,0.002055230572823761,1
2025-10-12 04:25:00,93.23184543264718,93.58703834111616,93.149989944865,93.55321170912258,4987.225470370009,0.0034469582253153,93.274824609023,93.41316125942524,0.2587488242045818,0.0051924597329193745,0.0021415122510293964,1
2025-10-12 04:30:00,93.55321170912258,93.89557827476366,93.49768309461474,93.86372241498776,4786.733145334691,0.0033190811965988,93.39260417021596,93.45412136447638,0.2658470940721256,0.003430096917880432,0.002154346533870973,1
2025-10-12 04:35:00,93.86372241498776,93.94640764571707,93.68706308941022,93.75460271397496,4940.03871109551,-0.0011625332791549,93.46500387896776,93.48143785079444,0.2780866376753061,-0.0021556361348109565,0.0021427921927866483,-1
2025-10-12 04:40:00,93.75460271397496,93.83915618928462,93.70424468522148,93.74900922818595,2065.6108344964373,-5.9660919326520734e-05,93.5218049488114,93.5057625214664,0.2791693589054529,-0.004280555047642909,0.002138345584388496,-1
2025-10-12 04:45:00,93.74900922818595,94.13932724175794,93.708164294634,94.05058445065217,3977.341230890647,0.0032168363692481,93.62756084917956,93.555291787756,0.2970300790864937,-0.008123581723120998,0.0022229651462824813,-1
2025-10-12 04:50:00,94.05058445065217,94.14298308671624,93.95430199655831,93.98229581749492,2066.6747314066265,-0.000726084091408,93.69850784284264,93.59411033591408,0.2858047579359391,-0.01067793181205079,0.002217263366431664,-1
2025-10-12 04:55:00,93.98229581749492,94.02968420948072,93.88648197785967,93.93988238196508,592.7058057116933,-0.0004512917583135,93.74678275066712,93.62554415828237,0.2679020220416664,-0.008182645594990934,0.0022150648066863463,-1
2025-10-12 05:00:00,93.93988238196508,94.23106737361856,93.85612286576271,94.1796156859404,2119.370008585234,0.0025519864182981,93.83334933772178,93.67591429716036,0.2838530649618696,-0.010161477448120348,0.0022408475196873117,-1
2025-10-12 05:05:00,94.1796156859404,94.21864350118724,94.09851116790333,94.15722022232814,6119.206354884576,-0.0002377952325367,93.89812351464306,93.71966938126651,0.2740891803399685,-0.009046124842190029,0.002165246768714491,-1
2025-10-12 05:10:00,94.15722022232814,94.20409255191326,94.05183998103784,94.14358751552834,5636.319385591517,-0.0001447866320565,93.94721631482012,93.75820739347212,0.2704629585504413,-0.00571325328682315,0.0020559631804806726,-1
2025-10-12 05:15:00,94.14358751552834,94.2171553567367,94.05442668343927,94.14281359864076,5950.858707996359,-8.220601190100929e-06,93.98633577158424,93.793171593942,0.2512849189978122,-0.00477136520199728,0.002043104508663259,-1
2025-10-12 05:20:00,94.14281359864076,94.14310675023336,94.06846298178267,94.10376767181866,2936.5546026275224,-0.0004147520700685,94.00982215163114,93.8214076010217,0.2469563584623973,-0.004746875304614151,0.0020343836630005076,-1
2025-10-12 05:25:00,94.10376767181866,94.19179638690368,93.8064868287408,93.8517141574574,2690.911484582446,-0.0026784635790597,93.9782005527964,93.82416274251584,0.2371135271848174,-0.0013745050079122523,0.0020681244502632197,-1
2025-10-12 05:30:00,93.8517141574574,94.09651529056396,93.77485292695329,94.06825383498102,4623.699474482123,0.0023072533034433,93.99621120923332,93.84635284183086,0.2559942629435606,-0.0035193248914805464,0.002100384313405523,-1
2025-10-12 05:35:00,94.06825383498102,94.1400615518073,93.91844065754984,93.99711906951906,1566.8241587133257,-0.0007562037410278,93.99639278129048,93.86005886252978,0.2406065842297238,-0.0019126036785627187,0.0021055983542259465,-1
2025-10-12 05:40:00,93.99711906951906,94.35952954392096,93.93183911982678,94.287811775486,2431.399863142877,0.003092570377098,94.05467658012958,93.89894549098037,0.2427348159401004,-0.004942574867644267,0.002144042177203391,-1
2025-10-12 05:45:00,94.287811775486,94.53725540598109,94.26636753970534,94.5175917921412,6601.384888130012,0.0024370065688059,94.1472596225319,93.95518606381316,0.2435593380807341,-0.005732518684859356,0.0021481559455093567,-1
2025-10-12 05:50:00,94.5175917921412,94.60059781390612,94.4328916872678,94.55777507774592,2508.8840240579675,0.0004251408107507,94.22936271357472,94.00996688326158,0.2459018111218175,-0.0063519859696156145,0.0021481422807065782,-1
2025-10-12 05:55:00,94.55777507774592,94.64550783683016,94.25346871785432,94.28846208094464,2145.6415472704757,-0.0028481317012785,94.2411825870487,94.0352846285055,0.2431072519683803,-0.0012834089610584964,0.0020607770017156994,-1
2025-10-12 06:00:00,94.28846208094464,94.345874412819,94.11220130723731,94.14702430517931,853.5132409790152,-0.0015000539052582,94.22235093067482,94.0454427809304,0.2463209673557916,0.0001239349530002265,0.0020446386733055863,0
2025-10-12 06:05:00,94.14702430517931,94.22728580481224,94.03786100809432,94.03898299380748,5464.4079066166705,-0.0011475807352298,94.18567734330136,94.04485552755555,0.2496225791484261,0.0025432689810467313,0.0020584588716991885,1
2025-10-12 06:10:00,94.03898299380748,94.246553350934,94.0317147036054,94.1856840799442,2975.221519460281,0.0015600028995037,94.18567869062991,94.05765812322726,0.2381864462536234,0.0041874739616074574,0.0020686605878011736,1
2025-10-12 06:15:00,94.1856840799442,94.2205248427656,93.52003902241051,93.55250190455988,5715.544288335939,-0.0067227008177471,94.05904333341591,94.01173483062112,0.2796402667587066,0.010728311072490948,0.0024157097847856725,1
2025-10-12 06:20:00,93.55250190455988,93.61163131348115,93.26910344275494,93.34771143352272,2574.9046293602637,-0.0021890432309984,93.91677695343728,93.95136906724854,0.293231359605192,0.01335490274895923,0.0024245857451956876,1
2025-10-12 06:25:00,93.34771143352272,93.42566625661556,93.2260787254918,93.28655684176,2059.020455970382,-0.0006551268458925,93.79073293110184,93.89093159220413,0.2958641351642178,0.013601612072351221,0.002365498358995798,1
2025-10-12 06:30:00,93.28655684176,93.37361842085622,92.8911642814818,92.97875927121572,5153.81696559386,-0.0032994847378319,93.62833819912464,93.80800683575065,0.3249934473730554,0.01850634556069064,0.0024272578869510616,1
2025-10-12 06:35:00,92.97875927121572,93.1970321149842,92.94538636224794,93.17120561719832,2182.793710801936,0.0020697882773552,93.53691168273936,93.75011581588224,0.3154460326997242,0.0170664122355193,0.0024522409965442235,1
2025-10-12 06:40:00,93.17120561719832,93.25792095825132,93.14220474844944,93.22261164507508,2199.215220220278,0.0005517372833832,93.47405167520652,93.7021608912634,0.3007355931419541,0.01447701262699197,0.0024493998971195905,1
2025-10-12 06:45:00,93.22261164507508,93.35973606924289,93.16247500370696,93.30546225340338,3891.615928344947,0.0008887394041665,93.4403337908459,93.66609737873068,0.2989956053761296,0.01322430864792068,0.002336104792062854,1
2025-10-12 06:50:00,93.30546225340338,93.69477181499016,93.24576942031553,93.60572135472192,2971.8605364909645,0.0032180227616587,93.4734113036211,93.66060864927532,0.3005178889890182,0.0125745705032414,0.002388002274514799,1
2025-10-12 06:55:00,93.60572135472192,93.71582162769649,93.51736927195591,93.69362385381808,6336.712393774178,0.0009390718625312,93.51745381366052,93.66361003150648,0.2953439239507907,0.011390443050634858,0.0022868242340674944,1
2025-10-12 07:00:00,93.69362385381808,93.72219007490554,93.635288521201,93.65706882098615,4054.705278470905,-0.0003901549681646,93.54537681512564,93.66301537600464,0.2895721687412345,0.013094274641565207,0.0022885384678058974,1
2025-10-12 07:05:00,93.65706882098615,93.7844971250365,93.5816833327556,93.72271450634682,4182.55005748648,0.0007009154374255,93.58084435336988,93.66844256967212,0.2760560739773124,0.014356705364227729,0.002210887808980896,1
2025-10-12 07:10:00,93.72271450634682,93.82410762393177,93.68545666604192,93.73719708776146,2390.595292940558,0.0001545258424375,93.6121149002482,93.6746929804075,0.2692687777136108,0.01333739065758932,0.0021296405764983143,1
2025-10-12 07:15:00,93.73719708776146,93.91038635460744,93.68633160094627,93.8173398338124,2008.8584573384437,0.0008549727167104,93.65315988696103,93.68766087617158,0.2717423460667,0.011928477455326325,0.00212519405673884,1
2025-10-12 07:20:00,93.8173398338124,93.84136501251814,93.75448571208086,93.82178720667932,4515.9459654447555,4.740459359431348e-05,93.68688535090472,93.699854178945,0.2626023927173183,0.010468535626577902,0.0021251438461554503,1
2025-10-12 07:25:00,93.82178720667932,93.98535691477244,93.79312872699464,93.97576793114484,2450.612337662936,0.0016412043412294,93.74466186695275,93.7249372473268,0.2262982761046572,0.008286639219002634,0.002066277488899977,1
2025-10-12 07:30:00,93.97576793114484,94.03758584080666,93.92179261039092,93.957145417134,4006.412026640099,-0.0001981629351994,93.787158576989,93.74604708094564,0.2101029446539085,0.012737192843899958,0.002062585399918916,1
2025-10-12 07:35:00,93.957145417134,94.16843436026444,93.9337534145252,94.16745142378554,4124.229127356716,0.0022383183920484,93.86321714634832,93.78435656665836,0.2126096171264403,0.010803231575834182,0.002098357635391365,1
2025-10-12 07:40:00,94.16745142378554,94.25144946627942,94.13047720347302,94.15869241221168,6051.546331609114,-9.301527694982604e-05,93.922312199521,93.8183870980723,0.1867894830858684,0.009546433514164399,0.0020492715978751804,1
2025-10-12 07:45:00,94.15869241221168,94.3469185797848,94.12344867599728,94.27814942226482,5926.13240920942,0.0012686774528489,93.99347964406977,93.86018367299889,0.1847769224466741,0.007568401134296465,0.0020610191206435814,1
2025-10-12 07:50:00,94.27814942226482,94.66398372368587,94.2360021572239,94.58008417958516,2285.077400933807,0.0032025952903254,94.11080055117284,93.92562917359764,0.2070815907795367,0.003988412379638984,0.0021348488497442576,1
2025-10-12 07:55:00,94.58008417958516,94.58737989769614,94.46885756422516,94.5561622466018,2292.65870320251,-0.0002529278038909,94.19987289025865,93.98295036205256,0.2014573956320424,0.006508457758617636,0.002135860000138519,1
2025-10-12 08:00:00,94.5561622466018,94.64980066270004,94.49761870309186,94.59436104155532,2869.0303874013316,0.0004039799632933,94.27877052051798,94.03853315109826,0.1802559359844388,0.009485788742861434,0.0021339139376213754,1
2025-10-12 08:05:00,94.59436104155532,94.60529705413865,94.492772845901,94.55540439948696,2278.0622967044096,-0.0004118283758084,94.33409729631178,94.08552144640632,0.1741182111628023,0.013223060842556977,0.002073250810375444,1
2025-10-12 08:10:00,94.55540439948696,94.7602699098111,94.5343933461268,94.6994563200931,3425.9128367895946,0.0015234657555642,94.40716910106804,94.14133370765056,0.1840449975899289,0.011337558369175715,0.0020525122854757574,1
2025-10-12 08:15:00,94.6994563200931,94.83400859095347,94.63012580930916,94.76130382074176,2150.843102885281,0.0006530924574645,94.4779960450028,94.1976946270225,0.1841213539730302,0.00907850090758644,0.0020461982982877894,1
2025-10-12 08:20:00,94.76130382074176,94.818923451268,94.52108869155582,94.572196570982,6772.5885479643475,-0.0019956167985772,94.49683615019865,94.23174025829154,0.1954916255317686,0.011450699419818688,0.0020160655657043528,1
2025-10-12 08:25:00,94.572196570982,94.5887478872216,94.52564547868197,94.5393624847793,3481.651566301822,-0.0003471854032496,94.50534141711478,94.25970591524496,0.1839950294516614,0.010556686442002805,0.001971363410714136,1
2025-10-12 08:30:00,94.5393624847793,94.84158576580572,94.48252121919305,94.78277309740363,2668.381178379868,0.00257470122737,94.56082775317256,94.30725747725938,0.203436832749905,0.00677375919291312,0.002021971133571683,1
2025-10-12 08:35:00,94.78277309740363,94.86092562025422,94.71004587242474,94.7608357405326,5631.744942196795,-0.0002314487765462,94.60082935064456,94.34849186482968,0.2004833727535953,0.007467128747695728,0.0019515754813341786,1
2025-10-12 08:40:00,94.7608357405326,94.93802408348304,94.75654504148368,94.88344020225212,4883.181207362738,0.0012938305235639,94.65735152096607,94.39712353186808,0.2051752164381375,0.004639014479580039,0.0019374487325078077,1
2025-10-12 08:45:00,94.88344020225212,95.16102414687492,94.83715022412566,95.06826390445008,2512.571685115394,0.0019479026245674,94.73953399766287,94.45813629301188,0.2115461433674253,0.001117226338813726,0.0019429277037847934,1
2025-10-12 08:50:00,95.06826390445008,95.14291376933444,94.9556493988759,94.98740670446838,2802.754014121798,-0.0008505172668658,94.789108539024,94.50625178496249,0.2162812939140061,0.003144894942880505,0.0019409121090196736,1
2025-10-12 08:55:00,94.98740670446838,95.06430940733792,94.90929602309208,94.93643785693872,1724.7518481598966,-0.0005365853148118,94.81857440260694,94.54535960968758,0.2113915425181716,0.002602012170036083,0.0014742793386356271,1
2025-10-12 09:00:00,94.93643785693872,95.02060907195872,94.78283791130598,94.80396392860165,1308.157714654194,-0.0013953960284109,94.81565230780588,94.56886909322522,0.1978050849603688,0.0013971753439683265,0.0014344131731409617,1
2025-10-12 09:05:00,94.80396392860165,94.88405450549358,94.7344384193727,94.75451121531896,4044.3820811918063,-0.0005216312824211,94.8034240893085,94.5857456497792,0.2000260672925041,0.0021646402486603655,0.001431181258973301,1
2025-10-12 09:10:00,94.75451121531896,95.24065097068626,94.73733085544802,95.1538956973744,5409.127745221796,0.0042149389715901,94.87351841092168,94.63739565410604,0.2251073641232222,-0.002637065453317211,0.0014057672986484888,-1
