timestamp,open,high,low,close,volume,ret_1,ema9,ema21,atr
2025-08-30 19:50:00,99.80258782030748,99.87201850868628,99.7828614518896,99.80258782030748,1195.929007418451,0.0,99.80258782030748,99.80258782030748,0.0
2025-08-30 20:50:00,99.80258782030748,99.83802917909276,99.64316469168669,99.68597983416349,3082.4338927825684,-0.0011683863984963683,99.7792662230787,99.79198709429438,0.0
2025-08-30 21:50:00,99.68597983416349,99.77312868934793,99.26173776152693,99.32530065948316,2182.423605461878,-0.0036181534783562563,99.6884731103596,99.74956105476609,0.0
2025-08-30 22:50:00,99.32530065948316,99.38848229426343,99.18209844737942,99.27714046711753,7473.192245858,-0.00048487336102542855,99.60620658171119,99.70661372861622,0.0
2025-08-30 23:50:00,99.27714046711753,99.4155218358674,99.23921069717228,99.4140810683947,1794.6084120215455,0.0013793769706986758,99.5677814790479,99.68001985041425,0.0
2025-08-31 00:50:00,99.4140810683947,99.4485620397516,99.11521027114537,99.15287411896587,5943.1264002885955,-0.0026274643050728796,99.4848000070315,99.63209751119167,0.0
2025-08-31 01:50:00,99.15287411896587,99.50221646334843,99.104159193266,99.4911065424251,3599.5276914228666,0.003411221575417178,99.48606131411022,99.61928015039472,0.0
2025-08-31 02:50:00,99.4911065424251,99.5128046653069,99.3597685145974,99.42674621747497,4354.836446481626,-0.0006468952571422326,99.47419829478318,99.60177706558383,0.0
2025-08-31 03:50:00,99.42674621747497,99.46685642808328,99.38943282260827,99.4087393976613,4162.141495881936,-0.0001811063974103133,99.46110651535881,99.58422818668178,0.0
2025-08-31 04:50:00,99.4087393976613,99.55459582073446,99.35395474568917,99.4651382506049,2970.966360412817,0.000567343005105414,99.46191286240803,99.5734018288566,0.0
2025-08-31 05:50:00,99.4651382506049,99.61653353781297,99.44592728200068,99.55080884076047,1482.6571671730715,0.0008613127339121007,99.47969205807853,99.57134792084786,0.0
2025-08-31 06:50:00,99.55080884076047,99.58600481196183,99.52033990976274,99.53093630408257,4952.799280044546,-0.0001996220513856839,99.48994090727935,99.56767413750555,0.0
2025-08-31 07:50:00,99.53093630408257,99.63804938648258,99.51881801153267,99.61818558588854,2645.9984707402855,0.0008766046522401538,99.5155898430012,99.57226608735854,0.0
2025-08-31 08:50:00,99.61818558588854,99.67142924767275,99.232978130977,99.32230367955778,4361.221276246596,-0.0029701595606321796,99.47693261031252,99.54954223210393,0.22389792694131014
2025-08-31 09:50:00,99.32230367955778,99.37947548166511,98.99223816315018,99.04846864533651,4295.8469937680875,-0.0027570346646885735,99.39123981731733,99.50399008785234,0.24518937420689976
2025-08-31 10:50:00,99.04846864533651,99.2443207233051,98.9719177281049,99.17269650839529,1606.941050143143,0.0012542128591972457,99.34753115553292,99.47387248971988,0.25072783904933765
2025-08-31 11:50:00,99.17269650839529,99.27385345593858,99.12485717402366,99.24404275462211,1355.3421244694719,0.0007194142010729099,99.32683347535077,99.45297887743827,0.22484250719890347
2025-08-31 12:50:00,99.24404275462211,99.29794699793331,98.8238595388347,98.8865813637858,2616.1846568435653,-0.003601842296168223,99.23878305303778,99.40148819437896,0.24396419378566087
2025-08-31 13:50:00,98.8865813637858,98.98289042086178,98.67036938251269,98.73843508623892,1935.3003318265141,-0.0014981433830932867,99.13871345967802,99.34121063909349,0.2536934723323735
2025-08-31 14:50:00,98.73843508623892,99.0283446060653,98.67881040511807,98.96580618769268,4013.3269929954886,0.0023027618500857105,99.10413200528096,99.30708296169341,0.2548493603567315
2025-08-31 15:50:00,98.96580618769268,99.0334291609661,98.77149681194888,98.85241976407022,4649.943795043205,-0.0011457131305272483,99.05378955703883,99.26574994372767,0.24512615170921595
2025-08-31 16:50:00,98.85241976407022,99.14832854833848,98.76630295157513,99.05866180848605,3676.0498276602275,0.0020863631351468737,99.05476400732827,99.2469237496148,0.26148254071306304
2025-08-31 17:50:00,99.05866180848605,99.2132235082886,98.99259470052489,99.12075509038513,5264.132188358676,0.0006268334415735488,99.06796222393965,99.235453871503,0.2717114837336853
2025-08-31 18:50:00,99.12075509038513,99.4026788848349,99.09328225524196,99.31397748318484,5266.696982337842,0.0019493636082930088,99.1171652757887,99.2425923816559,0.27947973762994544
2025-08-31 19:50:00,99.31397748318484,99.37073221569234,98.93461132079128,98.96583233698635,2146.9282252989274,-0.003505499981182769,99.08689868802823,99.21743237759503,0.2984450689934296
2025-08-31 20:50:00,98.96583233698635,99.09514321073992,98.94559402293446,99.07695692202307,1662.2804855485904,0.001122858085589984,99.0849103348272,99.20466188163394,0.30443680367959913
2025-08-31 21:50:00,99.07695692202307,99.14728647950406,98.71831546784814,98.78996796176118,4680.011194005862,-0.0028966267150066782,99.025921860214,99.16696243437278,0.3265610634443143
2025-08-31 22:50:00,98.78996796176118,99.2794937031711,98.77334169026587,99.18777733438422,4435.642962764588,0.004026819532698234,99.05829295504805,99.16885469801018,0.331396841744992
2025-08-31 23:50:00,99.18777733438422,99.4687808541143,99.10652681198205,99.38603891901379,4130.077418407108,0.001998850966900667,99.1238421478412,99.18859871810142,0.32961232200337165
2025-09-01 00:50:00,99.38603891901379,99.59358245679331,99.33340239787819,99.52842702690803,2079.6155077055814,0.0014326771591155474,99.20475912365457,99.2194922007202,0.32873925512586666
2025-09-01 01:50:00,99.52842702690803,99.62006244072502,99.4363384333833,99.49807765090468,4019.805164597378,-0.0003049317356854653,99.2634228291046,99.24481815073696,0.331219806942067
2025-09-01 02:50:00,99.49807765090468,99.58648229174723,99.33804698263238,99.39885939391485,3336.975821839921,-0.0009971876777151722,99.29051014206665,99.25882190011677,0.31510179622894136
2025-09-01 03:50:00,99.39885939391485,99.69019916545078,99.37241572241066,99.68670621215355,2854.395064329372,0.0028958764717608165,99.36974935608404,99.2977204739383,0.3154776822783002
2025-09-01 04:50:00,99.68670621215355,99.70447258998335,99.28369432338803,99.33821409238737,5604.039492852976,-0.0034958735523321627,99.36344230334471,99.30140171197912,0.3205665441103065
2025-09-01 05:50:00,99.33821409238737,99.35113016050205,99.27443943443016,99.27933947398662,2621.387634045898,-0.0005926683798240795,99.3466217374731,99.2993960539798,0.30733499961421173
2025-09-01 06:50:00,99.27933947398662,99.53484358969366,99.20170783797636,99.49225453091651,2924.0524626054175,0.002144605897440366,99.37574829616179,99.31692864279223,0.30384286782520825
2025-09-01 07:50:00,99.49225453091651,99.73653595223983,99.41780199168632,99.64143526300847,4000.477530878249,0.0014994205608800382,99.42888568953113,99.34642924463007,0.31085037873876536
2025-09-01 08:50:00,99.64143526300847,99.6866135372469,99.55166156962366,99.6486338199055,6255.276950876247,7.224461267574256e-05,99.472835315606,99.37390238783694,0.29839004574092953
2025-09-01 09:50:00,99.6486338199055,99.66041754002268,99.43069596161338,99.49492841300082,4896.325596214054,-0.0015424738003179117,99.47725393508497,99.38490475376092,0.28364723742008885
2025-09-01 10:50:00,99.49492841300082,99.77886753608095,99.43081617145509,99.75343170413306,4787.912589145172,0.002598155456318363,99.5324894888946,99.41840720379474,0.2978259643358316
2025-09-01 11:50:00,99.75343170413306,99.77312364639695,99.54196641604918,99.61718729056071,2847.4180074173423,-0.001365811794590277,99.54942904922783,99.43647812077346,0.2836964085281072
2025-09-01 12:50:00,99.61718729056071,99.69493904289197,99.57503790160945,99.67424962772029,2896.3899900970805,0.0005728161847526891,99.57439316492632,99.45809371231408,0.25610706055505666
2025-09-01 13:50:00,99.67424962772029,99.75886102208433,99.613662210546,99.68279223886783,3521.1541620676644,8.570529679885475e-05,99.59607297971463,99.47852085109169,0.24060311551263425
2025-09-01 14:50:00,99.68279223886783,99.77075482622698,99.28094909535605,99.34189525684116,5806.747469473873,-0.003419817747578713,99.54523743513994,99.46610034252346,0.25700494922376294
2025-09-01 15:50:00,99.34189525684116,99.3992014704299,99.27537971195784,99.29384981658865,2636.8988211372616,-0.00048363724215538806,99.49495991142969,99.45044120380211,0.25272621716164423
2025-09-01 16:50:00,99.29384981658865,99.33364440858357,98.9324338626898,99.01864763010866,1119.8291682359886,-0.002771593477222667,99.3996974551655,99.41118724255725,0.26363873407442334
2025-09-01 17:50:00,99.01864763010866,99.10700483669623,98.9503686111509,99.00476759542185,2880.974594536776,-0.0001401759670426328,99.32071148321677,99.37424000190857,0.25212821853908146
2025-09-01 18:50:00,99.00476759542185,99.10280753366942,98.90859858011702,98.98576796157121,4192.58490415981,-0.0001919062517098391,99.25372277888766,99.3389243618779,0.2359446961788732
2025-09-01 19:50:00,98.98576796157121,98.98970450559762,98.89963390152141,98.97873957372131,6343.29235310462,-7.100402405957329e-05,99.1987261378544,99.3061802902273,0.23690040175061
2025-09-01 20:50:00,98.97873957372131,98.99659989822963,98.76409746273461,98.82220609024142,3624.2641374988607,-0.0015814859246949808,99.12342212833181,99.26218263568313,0.22971230773473245
2025-09-01 21:50:00,98.82220609024142,98.95576428116809,98.77052728091194,98.94248698266732,2676.4247939215747,0.0012171443765995882,99.08723509919892,99.23311939449988,0.22017681057063498
2025-09-01 22:50:00,98.94248698266732,98.99619658176366,98.84858174482504,98.96172269648062,1952.5056786147402,0.0001944130817801426,99.06213261865527,99.20844696740721,0.2210813012360191
2025-09-01 23:50:00,98.96172269648062,99.13302829013662,98.86474736701732,99.07823748634203,3159.2726776189043,0.0011773722878569703,99.06535359219262,99.19660974185582,0.2238355401438769
2025-09-02 00:50:00,99.07823748634203,99.13212147049097,98.87042588455145,98.91841952507048,1477.3589930076698,-0.0016130480852930562,99.0359667787682,99.17131972214806,0.2176672702377098
2025-09-02 01:50:00,98.91841952507048,99.0089653219381,98.66096864470018,98.706966258105,1730.0844862631964,-0.002137653108295834,98.97016667463556,99.1291057708714,0.22601294501557792
2025-09-02 02:50:00,98.706966258105,98.96483409824266,98.66849865621896,98.88585126298463,2297.357992687606,0.0018122834857661196,98.95330359230539,99.10699172469988,0.23861539506851923
2025-09-02 03:50:00,98.88585126298463,98.91077256853521,98.64649203907001,98.73395939697865,2522.5040059658863,-0.00153603234503219,98.90943475324005,99.07307969490704,0.24712123206329498
2025-09-02 04:50:00,98.73395939697865,98.77694681723453,98.61705892025931,98.64463513539168,6798.479792473017,-0.0009046964401359103,98.85647482967038,99.03413018949655,0.22355567249931596
2025-09-02 05:50:00,98.64463513539168,98.7168739433788,98.60452285137991,98.69035749488792,3948.05538209295,0.00046350578957987665,98.82325136271389,99.00287812635031,0.22273633917980362
2025-09-02 06:50:00,98.69035749488792,99.07300023780621,98.64229499394666,99.00851570158295,2118.6109846532963,0.0032238023528439186,98.86030423048771,99.00339063318964,0.22484310332021704
2025-09-02 07:50:00,99.00851570158295,99.11868756636895,98.98675307946188,99.02828450900336,1782.3054243312802,0.0001996677485802678,98.89390028619086,99.00565371280906,0.22307869341748443
2025-09-02 08:50:00,99.02828450900336,99.05810171457854,98.79486195382218,98.8348336190811,3299.924388394412,-0.0019534912765722945,98.88208695276892,98.99012461337925,0.22800946536062433
2025-09-02 09:50:00,98.8348336190811,99.0301387561138,98.81121526412373,98.9925714764684,1981.6199476286174,0.0015959743302167428,98.90418385750881,98.99034705547827,0.23721324306875755
2025-09-02 10:50:00,98.9925714764684,99.16154417511522,98.96242461635832,99.13542390141863,2851.3479478293157,0.0014430620683916207,98.95043186629078,99.00353585965466,0.2348287518731778
2025-09-02 11:50:00,99.13542390141863,99.37729909796552,99.04112310119297,99.32333272136574,2521.823715499392,0.001895476032199861,99.02501203730579,99.0326083016284,0.24561010876720651
2025-09-02 12:50:00,99.32333272136574,99.33550812164637,99.07475114700246,99.15867916987636,5755.813774466853,-0.0016577529869168384,99.05174546381991,99.04406928965093,0.25369169003187053
2025-09-02 13:50:00,99.15867916987636,99.68318177406232,99.15263949362084,99.59162864648579,1726.5245603347435,0.0043662287581272,99.1597221003531,99.09384741299955,0.2724246441263115
2025-09-02 14:50:00,99.59162864648579,99.98080324902097,99.58974336825423,99.9019626642424,2468.2199348435047,0.0031160652955901647,99.30817021313096,99.1673124358398,0.28166495089968385
2025-09-02 15:50:00,99.9019626642424,100.15218434501651,99.80343061739353,100.13150802119821,2092.6652628083352,0.002297706179479997,99.47283777474442,99.2549665799633,0.2817190259271872
2025-09-02 16:50:00,100.13150802119821,100.16541891505258,99.93006861214499,100.02415564959134,3805.5359330852875,-0.0010721138004248232,99.58310134971381,99.32489285902038,0.2773629445617506
2025-09-02 17:50:00,100.02415564959134,100.04632222334587,99.85150854342733,99.90901858984871,4052.3298922795675,-0.0011510925435449515,99.6482847977408,99.3779951981866,0.27240102673698935
2025-09-02 18:50:00,99.90901858984871,99.92280669617195,99.79209309202405,99.81693044064089,1112.9731480212715,-0.0009217200860101027,99.68201392632082,99.41789840204608,0.27031714867789497
2025-09-02 19:50:00,99.81693044064089,99.86322592134223,99.58834115411057,99.64657785319338,2181.9791071742106,-0.0017066502315338239,99.67492671169533,99.43868744305946,0.28192669690880784
2025-09-02 20:50:00,99.64657785319338,99.93901658015447,99.60155913582514,99.90182060960421,2374.4219100588975,0.0025614804031390825,99.72030549127712,99.48079045819989,0.27526613979950654
2025-09-02 21:50:00,99.90182060960421,100.10960429981361,99.8385777723458,100.10040297573937,2203.986179712198,0.0019877752469714682,99.79632498816957,99.5371188688853,0.28520128555384516
2025-09-02 22:50:00,100.10040297573937,100.19584774149236,99.68647619146837,99.76597572921605,4170.813050787834,-0.003340918084059785,99.79025513637887,99.55792403800628,0.30278212764438955
2025-09-02 23:50:00,99.76597572921605,100.09126197694137,99.75380213310476,100.07534166433788,3407.386591342239,0.0031009162478550234,99.84727244197069,99.60496200403642,0.31124900991914267
2025-09-03 00:50:00,100.07534166433788,100.07768912640836,100.00186771262946,100.0598269998787,3467.2262594733625,-0.0001550298425283536,99.88978335355229,99.64631336729481,0.30244199956357065
2025-09-03 01:50:00,100.0598269998787,100.08319727509883,99.97638399837226,100.07859886863446,4344.095695618591,0.0001876064482480011,99.92754645656873,99.68561204923478,0.2860589481317147
2025-09-03 02:50:00,100.07859886863446,100.12219421310861,99.84659403657196,99.91106779980466,3498.6119675188493,-0.0016739949472085458,99.92425072521593,99.7061080265593,0.2871191768383393
2025-09-03 03:50:00,99.91106779980466,100.00136733906773,99.43991541968478,99.51923405148683,1640.5692995384452,-0.003921825248659694,99.84324739047011,99.6891194833709,0.2893270081913012
2025-09-03 04:50:00,99.51923405148683,99.54757650010708,99.47099962300979,99.5073343848004,3015.487301421948,-0.00011957152604569199,99.77606478933617,99.67259356531903,0.2668639365006271
2025-09-03 05:50:00,99.5073343848004,99.80144703300259,99.43378483042251,99.72334950163433,5738.378259762388,0.0021708461810321378,99.76552173179581,99.6772077413477,0.2682145418547058
2025-09-03 06:50:00,99.72334950163433,99.97571738871426,99.6239466007438,99.88371011116242,4056.3082020304196,0.001608054786862656,99.78915940766915,99.69598068405813,0.27653029078776725
2025-09-03 07:50:00,99.88371011116242,100.27912306690821,99.81446480661081,100.18243930302786,2545.2557053309565,0.002990769881625166,99.8678153867409,99.74020419487356,0.29580490367197143
2025-09-03 08:50:00,100.18243930302786,100.19359643352261,100.11847755815042,100.17727433402636,5961.02911170214,-5.1555632278765806e-05,99.929707176198,99.77993784388745,0.2918338516165641
2025-09-03 09:50:00,100.17727433402636,100.27324923801294,99.70576075701031,99.79034473852609,5374.919663546463,-0.0038624488245718736,99.90183468866361,99.78088392521823,0.3127341168859183
2025-09-03 10:50:00,99.79034473852609,99.85660515097888,99.76935408902015,99.82396816855433,3410.7003778057706,0.0003369407142177483,99.88626138464177,99.78480067461243,0.294862232430875
2025-09-03 11:50:00,99.82396816855433,100.4003110344621,99.79666120306277,100.3742204774504,1124.305305573981,0.005512226361979122,99.9838532032035,99.83838429305224,0.3186210398545555
2025-09-03 12:50:00,100.3742204774504,100.44257514484214,100.16116194009594,100.24770569019022,4134.300997364356,-0.0012604310813910669,100.03662370060084,99.87559532915569,0.30233830090614233
2025-09-03 13:50:00,100.24770569019022,100.33442245542464,100.16230004124476,100.27414913896584,1008.5984687765505,0.0002637810869940971,100.08412878827384,99.91182749368387,0.2905284845020901
2025-09-03 14:50:00,100.27414913896584,100.33969929558539,99.98806741375958,100.01199513905703,3135.477720393947,-0.00261437271879017,100.0697020584305,99.92093364326325,0.31022923221972676
2025-09-03 15:50:00,100.01199513905703,100.0398859705818,99.59451866899359,99.68724695218538,3605.4461476315546,-0.003247092375470828,99.99321103718148,99.89968939861981,0.33441166256698757
2025-09-03 16:50:00,99.68724695218538,99.73773090733692,99.57752980958037,99.64933231852386,1149.5242057151713,-0.00038033584857344316,99.92443529344996,99.87692966406563,0.32616887122555177
2025-09-03 17:50:00,99.64933231852386,99.65927155920693,99.44133184524999,99.4623730925662,1354.51782482642,-0.001876171386277381,99.83202285327322,99.83924270302022,0.301632285123694
2025-09-03 18:50:00,99.4623730925662,99.89437910705557,99.4026949187296,99.81843173163305,8184.705575314954,0.003579832533610272,99.8293046289452,99.83735079653047,0.33128280735431404
2025-09-03 19:50:00,99.81843173163305,99.8963758741315,99.52002289646474,99.5976186644674,1747.8640062320487,-0.002212147229074035,99.78296743604965,99.81555696634292,0.3319035770033624
2025-09-03 20:50:00,99.5976186644674,99.67981317524216,99.31116696481284,99.39968871662701,4327.174482023404,-0.0019872959865355755,99.70631169216513,99.7777507618233,0.3331089643218529
2025-09-03 21:50:00,99.39968871662701,99.45915182980109,99.38304918287842,99.4513175332106,2146.8062471443623,0.0005194062199809224,99.65531286037422,99.74807501376759,0.3053549919379433
2025-09-03 22:50:00,99.4513175332106,99.5091175582536,99.3493105860291,99.38742604026291,6777.45022472225,-0.0006424398844827595,99.60173549635196,99.71528874344898,0.3114041417131079
2025-09-03 23:50:00,99.38742604026291,99.46204726372902,99.04489686491584,99.09484477325474,2711.6219838640864,-0.0029438459035013853,99.50035735173252,99.65888474615859,0.30066570727100433
2025-09-04 00:50:00,99.09484477325474,99.34811108383671,99.06791079795407,99.34235392961385,726.1563871776438,0.0024976996222705328,99.4687566673088,99.6301092173818,0.31444779469414136
2025-09-04 01:50:00,99.34235392961385,99.4325079026896,98.7680581553044,98.82914632063256,2631.184395482251,-0.005166050417376944,99.34083459797355,99.55729440858642,0.31879064583598804
2025-09-04 02:50:00,98.82914632063256,98.90474534344992,98.79725056265137,98.8137305403292,6524.458350822241,-0.0001559841491834968,99.2354137864447,99.4896976932903,0.30636790126829844
2025-09-04 03:50:00,98.8137305403292,98.88940137138741,98.59561094174649,98.60474859161323,4111.380659951513,-0.0021149079948021843,99.10928074747841,99.40924777495601,0.31505847380122987
2025-09-04 04:50:00,98.60474859161323,98.60818156713741,98.32756974442157,98.38262838017624,1184.5469671303065,-0.0022526319939918382,98.96395027401798,99.31591873906694,0.30998561243623207
2025-09-04 05:50:00,98.38262838017624,98.40418722309175,98.21263231012983,98.26610898698237,4343.279065816971,-0.00118434926076183,98.82438201661085,99.22048148887744,0.291856156105782
2025-09-04 06:50:00,98.26610898698237,98.51025474647386,98.18447313081518,98.43654171527058,5581.866278073002,0.001734399886646365,98.7468139563428,99.14921423673135,0.30368333595593405
2025-09-04 07:50:00,98.43654171527058,98.78146525671872,98.39043506797816,98.73126925761623,1552.9760053920438,0.002994086720337741,98.7437050165975,99.11121923862997,0.31604694129762123
2025-09-04 08:50:00,98.73126925761623,98.79780063779124,98.28509727620067,98.29872591082017,2360.1334790344486,-0.004381016774609114,98.65470919544204,99.03735620882908,0.3175483108165206
2025-09-04 09:50:00,98.29872591082017,98.85798612899906,98.21150109983145,98.82611484356268,1644.632719549734,0.0053651654978821295,98.68899032506617,99.01815244835032,0.3368434573522957
2025-09-04 10:50:00,98.82611484356268,99.10495578478438,98.75061629766698,99.09728801594613,4448.705716227412,0.002743942457039017,98.77064986324217,99.02534659085903,0.3358215485443016
2025-09-04 11:50:00,99.09728801594613,99.29894373703621,99.06814080027516,99.20895983239323,1881.4745729598158,0.0011268907422483654,98.8583118570724,99.04203870372578,0.34687156924704354
2025-09-04 12:50:00,99.20895983239323,99.2387485887489,99.0428626805982,99.0845612704959,3134.0958071609743,-0.0012539045072894606,98.9035617397571,99.04590439161397,0.3494486360989149
2025-09-04 13:50:00,99.0845612704959,99.08787173671574,98.86046364432438,98.87408775288361,2416.0725303084273,-0.002124180749387472,98.8976669423824,99.03028469718394,0.335895614211642
2025-09-04 14:50:00,98.87408775288361,98.89083163271646,98.80150327917556,98.81021865157638,2835.163295444014,-0.0006459640008701362,98.8801772842212,99.0102786930378,0.32226190475865985
2025-09-04 15:50:00,98.81021865157638,98.9386350793766,98.74346452299235,98.87536410310825,2047.679611701077,0.0006592987286222485,98.87921464799862,98.99801373031694,0.2887419625443063
2025-09-04 16:50:00,98.87536410310825,98.95262698080242,98.7214828628743,98.79088810966557,5368.0866592795755,-0.0008543684689199527,98.86154934033202,98.97918412843954,0.29757405805356185
2025-09-04 17:50:00,98.79088810966557,98.87726640191804,98.75452645363073,98.77317636157463,4601.444421771473,-0.00017928524006471935,98.84387474458055,98.96045614963364,0.2853561665283034
2025-09-04 18:50:00,98.77317636157463,98.82093927913945,98.74390312753091,98.7604257089014,2087.0317207917165,-0.00012909023626572758,98.82718493744473,98.94227156411253,0.27081504716349614
2025-09-04 19:50:00,98.7604257089014,98.84433900969057,98.57614464432459,98.60132058453904,1945.5163028938493,-0.0016110210463381458,98.7820120668636,98.91127602051493,0.2762892937637866
2025-09-04 20:50:00,98.60132058453904,98.71478569162242,98.56672103325091,98.68022603345757,2878.7464060604457,0.0008002473846269176,98.7616548601824,98.89027147623699,0.2635952253861313
2025-09-04 21:50:00,98.68022603345757,98.70633889617378,98.57642616685867,98.62986379607153,4574.014932192119,-0.0005103579451567475,98.73529664736023,98.8665980507674,0.2449439782843135
2025-09-04 22:50:00,98.62986379607153,98.7072704947534,98.44941554776817,98.46747027033402,1150.5904292402838,-0.001646494474262683,98.681731371955,98.83031370709163,0.2267405200982182
2025-09-04 23:50:00,98.46747027033402,98.47099726080752,98.33052590593115,98.38478434777393,5352.217855921536,-0.0008397283116249321,98.62234196711879,98.78981103806275,0.19059668622027257
2025-09-05 00:50:00,98.38478434777393,98.5676428115782,98.36642330805131,98.54520540640087,5037.627751880826,0.0016305474437985357,98.60691465497521,98.76757416245712,0.17965954453523583
2025-09-05 01:50:00,98.54520540640087,98.58123828803244,98.03036153586817,98.08895461093124,3343.6366682911626,-0.004629862950592534,98.50332264616642,98.70588147595477,0.20252195992118008
2025-09-05 02:50:00,98.08895461093124,98.23641715235955,98.03616552737267,98.23054715214765,6343.172410877506,0.0014435115735307313,98.44876754736268,98.66266926469957,0.2028337968380498
2025-09-05 03:50:00,98.23054715214765,98.26391123209754,97.9529464116455,98.01218263700832,3885.8958284936916,-0.0022229797295245657,98.36145056529182,98.60353411672764,0.20880213455667018
2025-09-05 04:50:00,98.01218263700832,98.05717633069028,97.89658229652349,97.90468647383726,6054.534165626353,-0.0010967632826746065,98.27009774700092,98.54000251282852,0.213892540315663
2025-09-05 05:50:00,97.90468647383726,97.99502359325373,97.55855199066423,97.60271270093314,4680.909395221977,-0.0030843648427884007,98.13662073778737,98.45479434811075,0.2311283293303248
2025-09-05 06:50:00,97.60271270093314,97.94433248276091,97.55971267245356,97.89729273860407,5484.83829700588,0.003018154204110557,98.08875513795071,98.40411238361014,0.24209087878598418
2025-09-05 07:50:00,97.89729273860407,97.96541532606845,97.81064232754242,97.89876766634187,1261.982963778747,1.5066072784453155e-05,98.05075764362896,98.35817195476757,0.24437895380303587
2025-09-05 08:50:00,97.89876766634187,98.11818581295218,97.83762158853503,98.11097655564872,3178.0327504173492,0.002167635960751868,98.06280142603292,98.33569964575676,0.25891667328936513
2025-09-05 09:50:00,98.11097655564872,98.11773063599934,97.86814326074168,97.90491546629873,8522.215443872916,-0.0021002857843649414,98.03122423408608,98.29653744762422,0.2575876025673419
2025-09-05 10:50:00,97.90491546629873,98.23145402356036,97.81331786027633,98.17151294407527,2599.848238828247,0.0027230244416922567,98.05928197608392,98.28517158366522,0.2768784243468078
2025-09-05 11:50:00,98.17151294407527,98.37260397493573,98.08675912325329,98.3137039812861,2428.254351989882,0.001448394070200587,98.11016637712436,98.28776543799438,0.28801643308733155
2025-09-05 12:50:00,98.3137039812861,98.36509296547177,98.17095384825399,98.21371829190916,3101.7825106055298,-0.0010170066361854246,98.13087676008132,98.28103387925935,0.28346530238965684
2025-09-05 13:50:00,98.21371829190916,98.38029766952347,98.21278652486701,98.35666350215945,2203.4934145009984,0.0014554505494377423,98.17603410849695,98.287909299523,0.2853967159453776
2025-09-05 14:50:00,98.35666350215945,98.44661160181873,98.24103407249868,98.26141865324979,866.1651464313509,-0.0009683619341923633,98.19311101744752,98.2855010589527,0.28570800350203235
2025-09-05 15:50:00,98.26141865324979,98.52638749113824,98.24898726324678,98.4311149391649,856.2106291681838,0.0017269879495016571,98.24071180179101,98.29873868442654,0.26617396605397453
2025-09-05 16:50:00,98.4311149391649,98.56687524462609,98.42035212264307,98.47248354951329,3144.497960982738,0.0004202798106467398,98.28706615133547,98.3145336721617,0.26233621583941363
2025-09-05 17:50:00,98.47248354951329,98.6594056155616,98.44966089393273,98.59297975573087,4174.376764946026,0.0012236535717817798,98.34824887221455,98.33984695248617,0.25510620878061524
2025-09-05 18:50:00,98.59297975573087,98.96773683165905,98.53758858297982,98.94661242775562,2636.0997601586278,0.003586793632780916,98.46792158332278,98.39500745023794,0.2743600812457895
2025-09-05 19:50:00,98.94661242775562,98.94727339728908,98.50919226519595,98.52354762703942,6562.615782840323,-0.0042756875686380535,98.47904679206611,98.40669292085626,0.27447504763890557
2025-09-05 20:50:00,98.52354762703942,98.70352298921186,98.44641423084138,98.62391782625488,3265.0742858693234,0.0010187432510593286,98.50802099890387,98.42644063952886,0.2653671153577
2025-09-05 21:50:00,98.62391782625488,99.00697574183852,98.5492777334356,98.93622354635707,4612.861362993216,0.0031666326686836666,98.59366150839452,98.4727845401496,0.28700461606319194
2025-09-05 22:50:00,98.93622354635707,98.96899312140704,98.79962370332804,98.86793061363564,3703.106850002382,-0.0006902722812078821,98.64851532944274,98.50870691046651,0.2790621298961814
2025-09-05 23:50:00,98.86793061363564,99.03868505822338,98.83382781441419,98.9875540839535,3598.4619993449373,0.0012099319726366353,98.7163230803449,98.5522384716926,0.2758671205070046
2025-09-06 00:50:00,98.9875540839535,99.11615923325988,98.90667639307603,99.06566014307043,5965.269903921296,0.0007890492884659039,98.78619049289001,98.59891316909058,0.26096331171413467
2025-09-06 01:50:00,99.06566014307043,99.11427360748954,98.96712653424896,99.03973554233987,5654.3322372993425,-0.00026169109147533565,98.83689950277999,98.63898793029506,0.25105632753971563
2025-09-06 02:50:00,99.03973554233987,99.11966647867287,98.90380700631316,98.92362090592266,5954.6419766655845,-0.0011724045483498813,98.85424378340852,98.66486365535211,0.25260778147842444
2025-09-06 03:50:00,98.92362090592266,98.96788457097004,98.87940948178253,98.88554822629763,3550.428630486819,-0.00038486945055560273,98.86050467198635,98.68492588907442,0.24696234894492822
2025-09-06 04:50:00,98.88554822629763,98.98167358370618,98.46634260561098,98.554323908038,2900.889680086797,-0.0033495725533283505,98.79926851919669,98.67305298170747,0.2690875952860107
2025-09-06 05:50:00,98.554323908038,98.59552377058151,98.49798816614887,98.51556018243046,2790.7084592299284,-0.0003933234389970064,98.74252685184345,98.65873545450047,0.2562401221818088
2025-09-06 06:50:00,98.51556018243046,98.69235465020896,98.50251463462997,98.68956636707034,2396.064268341239,0.0017662812282410734,98.73193475488884,98.66153826473409,0.25933418601009145
2025-09-06 07:50:00,98.68956636707034,98.87054823486343,98.64605309055257,98.84595536188499,2435.2704345820734,0.0015846558108580933,98.75473887628807,98.67830345538417,0.26038778763023424
2025-09-06 08:50:00,98.84595536188499,99.09277361977206,98.80781727441888,99.02089263794997,4633.508570495588,0.001769797008127627,98.80796962862046,98.70944792652651,0.2500169373926592
2025-09-06 09:50:00,99.02089263794997,99.09009034264697,98.99377071934057,99.08317740440806,3529.838225638017,0.0006290063116864975,98.86301118377799,98.74342333360664,0.22560540105074978
2025-09-06 10:50:00,99.08317740440806,99.2881544594029,99.04891776491966,99.21438442050862,4298.840764092604,0.0013242108250630658,98.93328583112412,98.78623797787046,0.2243288250588041
2025-09-06 11:50:00,99.21438442050862,99.26955285954328,99.16498347034711,99.26447038472041,2748.89825645373,0.0005048256309236887,98.99952274184339,98.82971365122044,0.19910535225832252
2025-09-06 12:50:00,99.26447038472041,99.31747604023538,99.10759394178793,99.17579541926226,4017.162749546298,-0.0008933202898728787,99.03477727732717,98.86117563013333,0.2019991151417833
2025-09-06 13:50:00,99.17579541926226,99.19326164648616,99.08993919648783,99.17096491784912,5070.744004442054,-4.870645496435344e-05,99.06201480543156,98.88933829265295,0.19474662986957927
2025-09-06 14:50:00,99.17096491784912,99.1839136795996,99.05798026945972,99.14931068328461,6446.3649408990905,-0.00021835256501179234,99.07947398100218,98.91297214634673,0.1887788134378669
2025-09-06 15:50:00,99.14931068328461,99.16381257382271,98.96586676139027,98.96627242991909,2471.4808582119917,-0.0018460869985289508,99.05683367078557,98.91781762667149,0.19240729480871416
2025-09-06 16:50:00,98.96627242991909,99.03042446283797,98.76911934339815,98.79045399352428,10847.874640895632,-0.00177654904118274,99.00355773533332,98.9062391145672,0.19565341245729378
2025-09-06 17:50:00,98.79045399352428,98.81655837664252,98.51385493822292,98.6117274352004,4554.054554905825,-0.001809148061366339,98.92519167530673,98.87946532553386,0.21095543740244288
2025-09-06 18:50:00,98.6117274352004,98.63776519443459,98.16700610901214,98.22176558605615,1842.8635569616247,-0.003954517979623651,98.78450645745663,98.81967444012679,0.20777173078296077
2025-09-06 19:50:00,98.22176558605615,98.38783985548895,98.15901136550362,98.36669062500397,3655.933436532039,0.0014754880253180502,98.70094329096611,98.77849409329744,0.2171497940367248
2025-09-06 20:50:00,98.36669062500397,98.46460771472458,98.12539661287525,98.2224716684416,1912.9531967768955,-0.001466136104061544,98.60524896646122,98.72794660012872,0.22781915734174976
2025-09-06 21:50:00,98.2224716684416,98.47613292499327,98.16201170606803,98.43418184910612,2902.1203643668027,0.0021554149174658477,98.5710355429902,98.70124071367212,0.23422101981420493
2025-09-06 22:50:00,98.43418184910612,98.66483708941855,98.37398662293857,98.65773155225853,2156.444035764458,0.002271057664654519,98.58837474484388,98.6972853353618,0.23464202846611926
2025-09-06 23:50:00,98.65773155225853,98.66406370444798,98.28751400176685,98.31557365840806,2002.8289587831864,-0.0034681305607481283,98.53381452755671,98.66258427382054,0.2546584627071716
2025-09-07 00:50:00,98.31557365840806,98.52221463896272,98.27034032781955,98.460842585093,10790.666663912998,0.0014775779795546118,98.51922013906398,98.64424412029986,0.25556114961145227
2025-09-07 01:50:00,98.460842585093,98.55092989415793,98.2869915952523,98.38308651674602,1967.0339217690848,-0.0007897156504605984,98.49199341460039,98.62050251997678,0.26694464316212774
2025-09-07 02:50:00,98.38308651674602,98.47318961549041,97.9781594078629,98.03625992076121,2794.830321215901,-0.003525266468701105,98.40084671583256,98.56738955641173,0.2873123652464175
2025-09-07 03:50:00,98.03625992076121,98.33930775238554,97.98101990679152,98.31731459289887,4089.0415123854805,0.002866844087736853,98.38414029124583,98.54465546881964,0.3055241792175382
2025-09-07 04:50:00,98.31731459289887,98.36101885475193,97.84307461044892,97.90435470824269,1914.231581123883,-0.004200276282627424,98.28818317464521,98.48644630876719,0.33352495308633323
2025-09-07 05:50:00,97.90435470824269,97.9243481594017,97.82484440829037,97.85709712243437,1227.1630993478045,-0.00048269135677525554,98.20196596420305,98.42923274637329,0.32649337727768263
2025-09-07 06:50:00,97.85709712243437,98.05868487841295,97.82641561962478,98.01975517426538,5776.246163369618,0.0016621998466550547,98.16552380621553,98.39200751254529,0.32441938723113545
2025-09-07 07:50:00,98.01975517426538,98.07469988716083,97.41391153893008,97.49187257142106,1273.4700622532619,-0.005385471550156673,98.03079355925664,98.31017706335217,0.34999688078907504
2025-09-07 08:50:00,97.49187257142106,97.67603317416311,97.44006144993509,97.61815112895526,1857.2355412025513,0.0012952726643105095,97.94826507319637,98.24726561477063,0.33322635498947256
2025-09-07 09:50:00,97.61815112895526,97.71693448176678,97.53306247566806,97.68123056494241,3623.453211347644,0.000646185522442666,97.89485817154558,98.19580788296805,0.3300151775690005
2025-09-07 10:50:00,97.68123056494241,97.77523561073991,97.5680985583082,97.60872484956387,3315.422203061831,-0.000742268652423772,97.83763150714924,98.14243669811313,0.32058131689631403
2025-09-07 11:50:00,97.60872484956387,97.67748287087637,97.35228390216159,97.4456475563243,1948.3170282484182,-0.001670724553475167,97.75923471698427,98.07909223067777,0.3213725847384247
2025-09-07 12:50:00,97.4456475563243,97.49569681778746,97.32856679719967,97.34723669920903,3712.5932440656366,-0.001009905106930331,97.67683511342922,98.01255990963516,0.31253541003183977
2025-09-07 13:50:00,97.34723669920903,97.4361090279606,97.25803625010863,97.31789916349734,3883.427375761192,-0.00030136998960061945,97.60504792344285,97.94940893271354,0.2983584868297565
2025-09-07 14:50:00,97.31789916349734,97.41434413078545,97.01106869749609,97.09437541848645,3493.843949534948,-0.0022968410429345942,97.50291342245158,97.87167861323834,0.309172852697342
2025-09-07 15:50:00,97.09437541848645,97.15514176157996,96.93130731833182,96.98780655679529,6956.924332982558,-0.0010975801763164483,97.39989204932033,97.79132660810716,0.3063082915789498
2025-09-07 16:50:00,96.98780655679529,97.15170668681435,96.93691571262542,97.08587781835935,1429.8472936397795,0.0010111710435127819,97.33708920312814,97.72719489994826,0.28629120347619413
2025-09-07 17:50:00,97.08587781835935,97.0946230570546,96.99996443407113,97.05618127492711,4128.622704172161,-0.00030587912577562104,97.28090761748794,97.66619366130998,0.26746054471829794
2025-09-07 18:50:00,97.05618127492711,97.21872048032135,96.99871526579624,97.16205149348283,3013.6199652527553,0.0010908137654399575,97.25713639268693,97.62036255514387,0.24617918544844844
2025-09-07 19:50:00,97.16205149348283,97.21714016231537,97.10753948479812,97.1729255441504,4402.161290304995,0.00011191664338516816,97.24029422297963,97.57968646323538,0.24690039447744283
2025-09-07 20:50:00,97.1729255441504,97.31655139475544,97.11469926066566,97.23074360510196,1672.3051966295563,0.0005950017520599538,97.2383840994041,97.54796438522324,0.24472774271327222
2025-09-07 21:50:00,97.23074360510196,97.30550532776778,97.21331556673844,97.23978884626506,1708.8685681269271,9.302861242965754e-05,97.2386650487763,97.51994842713613,0.2041135579131707
2025-09-07 22:50:00,97.23978884626506,97.52491713312277,97.20492972207002,97.43843099156838,2348.3241669351787,0.002042807246500411,97.27861823733473,97.51253775117542,0.21011467840065126
2025-09-07 23:50:00,97.43843099156838,97.5089517937789,97.23130110298803,97.24894648119542,8751.297726579796,-0.0019446588829962197,97.27268388610688,97.48857490844996,0.21681315587866226
2025-09-08 00:50:00,97.24894648119542,97.31452679593072,97.1546173814515,97.18211474108823,3291.29815564302,-0.0006872232813350809,97.25457005710315,97.46071489323526,0.2134397531677692
2025-09-08 01:50:00,97.18211474108823,97.36120037280728,97.17159415719128,97.30572360500486,2420.555530014696,0.0012719301719863463,97.26480076668349,97.4466247761234,0.20375455651785554
2025-09-08 02:50:00,97.30572360500486,97.36797239868145,97.09308987838546,97.09603432874172,3787.701406581819,-0.0021549531568598734,97.23104747909514,97.41475291727052,0.21145116363986968
2025-09-08 03:50:00,97.09603432874172,97.2238348565227,97.02126283453724,97.14668010471902,3035.345601889417,0.0005216049896108466,97.21417400421993,97.39038266158401,0.213201109649405
2025-09-08 04:50:00,97.14668010471902,97.22760924547585,96.9566425830813,97.05319369860564,2466.772953548057,-0.0009623221916859048,97.18197794309708,97.35972911949507,0.2037504831569176
2025-09-08 05:50:00,97.05319369860564,97.12325390482643,96.74116948431428,96.78418604878743,2644.7761705330945,-0.0027717547415657684,97.10241956423516,97.307407022158,0.21505405296148947
2025-09-08 06:50:00,96.78418604878743,96.83984365792278,96.77583850281829,96.79371456360067,2331.7391004347865,9.845115408047e-05,97.04067856410828,97.26070770774369,0.20428363731260138
2025-09-08 07:50:00,96.79371456360067,96.83217358481429,96.72525771696154,96.83042928848676,2310.4240791011034,0.00037930897736093705,96.99862870898397,97.22159148781124,0.20515915480326388
2025-09-08 08:50:00,96.83042928848676,96.91502892434387,96.67659152490224,96.70832384179438,2500.544446516675,-0.001261023498394187,96.94056773554605,97.1749307927188,0.20647573944015818
2025-09-08 09:50:00,96.70832384179438,96.88126822736791,96.65499296602222,96.82897853886556,2689.497210560978,0.0012476143963424668,96.91824989620996,97.14348058782305,0.21480963828504684
2025-09-08 10:50:00,96.82897853886556,96.89853459987431,96.69002687166576,96.71732639110654,1993.7094517160522,-0.0011530860848046887,96.87806519518928,97.10473929721246,0.2152850378649589
2025-09-08 11:50:00,96.71732639110654,97.29668971504967,96.66149979004257,97.20565002616524,2677.6139192047185,0.005048977812765587,96.94358216138448,97.11391299984453,0.25407076386337074
2025-09-08 12:50:00,97.20565002616524,97.26100310435855,97.00752733920478,97.06414547202836,6699.216157011416,-0.0014557235520651357,96.96769482351327,97.10938867913397,0.2493199320134433
2025-09-08 13:50:00,97.06414547202836,97.25034303407894,97.02259557138022,97.19606540529146,4351.728033972904,0.0013591005475974693,97.01336893986891,97.11726838151192,0.24575541572114595
2025-09-08 14:50:00,97.19606540529146,97.82861080309885,97.1729355515178,97.78910348768376,1983.1882832000006,0.006101461822754173,97.16851584943188,97.1783443002548,0.28116726122842045
2025-09-08 15:50:00,97.78910348768376,97.84776549240583,97.60194944034689,97.62218488503109,3289.8562617749567,-0.0017069243576171012,97.25924965655173,97.21869344432538,0.2851822495457737
2025-09-08 16:50:00,97.62218488503109,97.93670967673317,97.56097584693977,97.84061192919768,3224.9690616015214,0.002237473422909142,97.37552211108093,97.27523148840467,0.2923859145098748
2025-09-08 17:50:00,97.84061192919768,98.27756882750127,97.74383806028058,98.25917758775284,1971.2449329715091,0.004278035984260464,97.55225320641532,97.36468113379996,0.3160401105981054
2025-09-08 18:50:00,98.25917758775284,98.64963758661271,98.17737978789441,98.61697479719379,2663.2953417370068,0.0036413617356139127,97.76519752457102,97.4785260122903,0.3304180489069454
2025-09-08 19:50:00,98.61697479719379,98.71148955563035,98.45625706115098,98.53439988581854,2977.624057380316,-0.0008373295930549363,97.91903799682053,97.57451454624741,0.3213571970474618
2025-09-08 20:50:00,98.53439988581854,98.6064703600888,98.23429860050832,98.2705268918442,2108.9903318229804,-0.0026779783941458524,97.98933577582527,97.63778839584712,0.3433690973671751
2025-09-08 21:50:00,98.2705268918442,98.33868499516593,98.19810087472057,98.26300848073689,3096.156494106662,-7.650728397523565e-05,98.04407031680759,97.69462658538255,0.34577397255236214
2025-09-08 22:50:00,98.26300848073689,98.6067811605487,98.24743957091704,98.54577477472687,5019.450943855768,0.0028776474317435685,98.14441120839146,97.77200369350476,0.35440998613736446
2025-09-08 23:50:00,98.54577477472687,98.62019602218967,98.15096536515138,98.19569122585786,4042.8943970205346,-0.0035524967931835905,98.15466721188474,97.81052074190049,0.37176394297255044
2025-09-09 00:50:00,98.19569122585786,98.24954576230952,98.00432217385973,98.02633124602445,6571.116082895122,-0.001724719055583246,98.12900001871269,97.83013987863903,0.37438650441835364
2025-09-09 01:50:00,98.02633124602445,98.09234334815278,97.68787088552786,97.74444377883972,2291.38250806642,-0.0028756300843010285,98.05208877073811,97.82234932411181,0.3579066856767698
2025-09-09 02:50:00,97.74444377883972,97.98594769302885,97.69647219279973,97.8973862466617,6234.255414183862,0.001564717767160495,98.02114826592283,97.82917086252543,0.36047809532500913
2025-09-09 03:50:00,97.8973862466617,97.98631471887055,97.87976037114198,97.96569577548287,2603.2978612103147,0.000697766625240348,98.01005776783485,97.84158221824883,0.3518214442557124
2025-09-09 04:50:00,97.96569577548287,98.03538519430636,97.55274875722183,97.58838544853717,4201.413752343939,-0.003851453551765971,97.92572330397532,97.81856433009322,0.33946152893453124
2025-09-09 05:50:00,97.58838544853717,97.68213264909862,97.41448190901102,97.44731821055599,2080.891027068928,-0.0014455330655671617,97.83004228529146,97.78481468286256,0.34102114950800705
2025-09-09 06:50:00,97.44731821055599,97.52248963145283,97.35383005761621,97.36679237452044,1540.7562924191022,-0.0008263525104051928,97.73739230313726,97.74681265483146,0.3262301312253797
2025-09-09 07:50:00,97.36679237452044,97.39801195264577,97.26757624734896,97.33279658341323,4728.6309332351175,-0.0003491518029725693,97.65647315919246,97.70917483015707,0.29742334108796037
2025-09-09 08:50:00,97.33279658341323,97.34234165288946,96.9506550532987,97.04729981931253,3312.5145209754355,-0.0029332021078427584,97.53463849121648,97.64900437462575,0.29166825543599273
2025-09-09 09:50:00,97.04729981931253,97.09962118992573,96.85185062443259,96.91920190672778,2080.794114050031,-0.0013199533920392748,97.41155117431875,97.58265869572593,0.29113526050840477
2025-09-09 10:50:00,96.91920190672778,97.31618723341616,96.86190073452418,97.23441054894685,3849.713256154029,0.003252282685142438,97.37612304924437,97.55099977329147,0.29700059903065423
2025-09-09 11:50:00,97.23441054894685,97.29556255441034,96.97204037210486,97.01834671989639,991.1037398781655,-0.00222209223906078,97.30456778337478,97.50257676843736,0.3100676034492338
2025-09-09 12:50:00,97.01834671989639,97.38130626701796,96.98417371193254,97.28482078256631,6033.234436325851,0.0027466357826038124,97.30061838321309,97.48278076972181,0.3127669581245018
2025-09-09 13:50:00,97.28482078256631,97.35401233592897,97.04382471148472,97.08505188274104,3455.0523905842065,-0.002053443674134514,97.25750508311869,97.4466235981781,0.3014067415106417
2025-09-09 14:50:00,97.08505188274104,97.09353158410434,96.96123204386176,96.99051887369126,2327.6921718621857,-0.0009737133288444388,97.20410784123321,97.40515953231566,0.29334073806726985
2025-09-09 15:50:00,96.99051887369126,97.01883170352627,96.65111984339978,96.65951233799971,7237.708386738476,-0.003412772088812188,97.09518874058652,97.33737342374148,0.29071498074595326
2025-09-09 16:50:00,96.65951233799971,96.7520538358923,96.28058161710513,96.3019839054151,3671.8777115298735,-0.003698843744777136,96.93654777355225,97.24324710389362,0.3037147463572428
2025-09-09 17:50:00,96.3019839054151,96.56759233785714,96.25558948268073,96.52173330531063,5099.340621573764,0.002281878222896827,96.85358487990393,97.17765494038608,0.3183896397463743
2025-09-09 18:50:00,96.52173330531063,96.58364286819376,96.3083098688088,96.39044886291394,4234.970702537351,-0.001360154215024556,96.76095767650594,97.10609075152497,0.3035822513392625
2025-09-09 19:50:00,96.39044886291394,96.55169789978922,96.37894983189699,96.52628310893076,2404.619853384896,0.00140920856391058,96.71402276299091,97.05338096583459,0.2968034890395929
2025-09-09 20:50:00,96.52628310893076,96.54783760979932,96.33145723939934,96.33953628307148,4249.597282114292,-0.0019346733329462795,96.63912546700703,96.9884859946743,0.30021211736554676
2025-09-09 21:50:00,96.33953628307148,96.62668953282541,96.24903169276281,96.53210214679773,4862.320975015754,0.001998824897396556,96.61772080296518,96.94699655395826,0.317870841277388
2025-09-09 22:50:00,96.53210214679773,96.62500378569678,96.3900526427699,96.42661038997107,2431.386000424618,-0.001092815286113047,96.57949872036636,96.89968872086851,0.30667545151568226
2025-09-09 23:50:00,96.42661038997107,96.54056359313482,96.41994901431951,96.52430870176562,2040.6849744066678,0.0010131882827719707,96.56846071664621,96.86556326458643,0.297592881038694
2025-09-10 00:50:00,96.52430870176562,96.64027579833954,96.45079484588074,96.56245601727962,2881.1327912735132,0.0003952094143648832,96.5672597767729,96.8380080602858,0.27867819915061076
2025-09-10 01:50:00,96.56245601727962,96.60840199797592,96.47867965767672,96.5764802829521,5452.938976900789,0.00014523517991271717,96.56910387800875,96.81423280780092,0.26483535329301894
2025-09-10 02:50:00,96.5764802829521,96.59548552013209,96.478889386804,96.55845752506988,7273.402864260254,-0.00018661642906658837,96.56697460742097,96.79098050937083,0.24479703745320944
2025-09-10 03:50:00,96.55845752506988,96.5757480673271,96.39839676357516,96.49221515869041,5387.683028644691,-0.000686033808714015,96.55202271767487,96.76382002294532,0.23530872883232945
2025-09-10 04:50:00,96.49221515869041,96.86917666907719,96.4778864903514,96.82794803561575,2193.9395886697566,0.0034793778583401824,96.60720778126306,96.769649842279,0.25380806015255886
2025-09-10 05:50:00,96.82794803561575,97.06780433520524,96.78094992077037,96.99571636770997,3350.4532662623155,0.0017326436787912236,96.68490949855244,96.7902013445909,0.24803252831744313
2025-09-10 06:50:00,96.99571636770997,97.15253813764478,96.92433630683449,97.10063217803359,2127.030093225261,0.0010816540590914414,96.76805403444868,96.81842232944932,0.2306560720333804
2025-09-10 07:50:00,97.10063217803359,97.18527171676833,96.99806241588792,97.04887552662956,3698.7616715285076,-0.0005330207460353398,96.82421833288487,96.83937262010207,0.22174224672652393
2025-09-10 08:50:00,97.04887552662956,97.22498414286662,96.98732447366294,97.21241879073804,2777.167229960818,0.001685163926125055,96.90185842445551,96.8732859083417,0.21905129457071837
2025-09-10 09:50:00,97.21241879073804,97.8505166601846,97.19882351019784,97.75698961233829,3717.065437298023,0.0056018647450024606,97.07288466203207,96.95362260870502,0.25326165757747027
2025-09-10 10:50:00,97.75698961233829,97.98833613915822,97.75351203548337,97.96168571277968,3784.5312681666314,0.002093928027582903,97.2506448721816,97.04526470907544,0.25457906709710443
2025-09-10 11:50:00,97.96168571277968,98.00225748658764,97.9144021437049,97.97049286809151,4079.3698172035224,8.990408084286194e-05,97.39461447136358,97.12937635989508,0.23387888872711418
2025-09-10 12:50:00,97.97049286809151,98.05965212116446,97.91528541358213,97.91816219982495,2417.8143110006695,-0.0005341472389754909,97.49932401705586,97.20108416352507,0.22740857191678998
2025-09-10 13:50:00,97.91816219982495,97.98086415314646,97.57686979218603,97.66141210816228,3721.4209765141936,-0.002622088547155399,97.53174163527714,97.24293215849208,0.2476499849271556
2025-09-10 14:50:00,97.66141210816228,97.71348891432385,97.27487832563737,97.32874336718372,2556.193368126117,-0.003406347848115554,97.49114198165846,97.25073317746404,0.2654449589434173
2025-09-10 15:50:00,97.32874336718372,97.44936950608646,97.29833109973143,97.41941033750008,2239.244852282642,0.0009315538984646654,97.4767956528268,97.26606746474005,0.26696753509026244
2025-09-10 16:50:00,97.41941033750008,97.43459585534461,97.34774099924017,97.38531480334063,2545.4790975393953,-0.00034998707178912625,97.45849948292957,97.27690813188555,0.264843158145716
2025-09-10 17:50:00,97.38531480334063,97.46576365339745,96.89956881049777,96.98435256917615,3591.1805664828175,-0.004117276151688554,97.3636701001789,97.25031217163924,0.2926176966562691
2025-09-10 18:50:00,96.98435256917615,97.49677217355227,96.97952421011483,97.4495767962985,1205.138122225143,0.0047968998585674605,97.38085143940282,97.26842713751735,0.3016146812785294
2025-09-10 19:50:00,97.4495767962985,97.59279397213986,97.37096322710363,97.55716897822415,3291.2455559484465,0.0011040805456812297,97.41611494716709,97.29467639576342,0.29697013346434076
2025-09-10 20:50:00,97.55716897822415,97.6088447383068,97.54170605673019,97.59217678831064,3572.130929976699,0.00035884405475417047,97.4513273153958,97.32172188599498,0.28546562280479193
2025-09-10 21:50:00,97.59217678831064,98.07858937445103,97.56514737178168,98.05200534906133,2227.442290765969,0.004711735877642287,97.57146292212892,97.38811129172828,0.30876795864685896
2025-09-10 22:50:00,98.05200534906133,98.09026091111615,97.72351875597047,97.78852820447325,9367.130687480376,-0.0026871163282190524,97.6148759785978,97.42451282925055,0.3179881362141442
2025-09-10 23:50:00,97.78852820447325,97.92119745921218,97.70859560655369,97.9207388212271,1498.885327386622,0.0013520053853086633,97.67604854712366,97.4696242830666,0.2866244721192684
2025-09-11 00:50:00,97.9207388212271,97.98456311812281,97.63894868964321,97.66375716294637,3961.19218626128,-0.002624384388580925,97.6735902702882,97.48727272669203,0.29453806674817834
2025-09-11 01:50:00,97.66375716294637,97.74711397717194,97.24667993559189,97.26136722853616,3188.4307746943737,-0.004120156198156977,97.5911456619378,97.4667358632233,0.3240079737979867
2025-09-11 02:50:00,97.26136722853616,97.26172155219102,97.10012305755966,97.13669056476317,2440.572559926232,-0.0012818724157972472,97.50025464250288,97.43673174518148,0.3252388157300601
2025-09-11 03:50:00,97.13669056476317,97.1763034847689,96.85751669483145,96.90556292856361,4097.5514964402555,-0.0023794061219890583,97.38131629971504,97.38844367094349,0.3191525606569903
2025-09-11 04:50:00,96.90556292856361,96.9754640906603,96.54893133947043,96.63751153606111,5603.312503160423,-0.002766109441003972,97.23255534698426,97.3201771132269,0.3182898579786614
2025-09-11 05:50:00,96.63751153606111,96.89714879658092,96.59508375939855,96.81715193242087,1904.0078124456654,0.001858909583911661,97.14947466407159,97.27444755133544,0.3290774744663289
2025-09-11 06:50:00,96.81715193242087,96.81882211684398,96.66009264370733,96.73546301772885,1387.167777939588,-0.0008437442442951193,97.06667233480304,97.2254489573712,0.3342113756829152
2025-09-11 07:50:00,96.73546301772885,96.82227157590444,96.73298921985972,96.78150620077714,6651.143046435167,0.00047597004874888604,97.00963910799787,97.18509052495355,0.30014619805041826
2025-09-11 08:50:00,96.78150620077714,96.86606343573617,96.52119041866216,96.6056698296316,4004.5571005929596,-0.001816838547446964,96.92884525232462,97.13241591628791,0.2878337018816016
2025-09-11 09:50:00,96.6056698296316,96.67091288243587,96.59050960577132,96.66425638574,3261.7124444108767,0.0006064504931411197,96.8759274790077,97.08985595896537,0.27773173985505345
2025-09-11 10:50:00,96.66425638574,96.74776736339521,96.60244942058426,96.74221352628606,4258.5297003008045,0.0008064732866197577,96.84918468846338,97.05825210144907,0.2833159728003634
2025-09-11 11:50:00,96.74221352628606,96.76639879382101,96.23099604673112,96.2914422881049,1618.8533102054853,-0.004659509243694182,96.73763620839169,96.98854211841778,0.28488459740183053
2025-09-11 12:50:00,96.2914422881049,96.3688209815623,96.16124586800154,96.22657723225065,1951.459093622938,-0.0006736326127526615,96.63542441316349,96.91927258331168,0.2735155230029075
2025-09-11 13:50:00,96.22657723225065,96.36294065614514,96.2052255831638,96.35099242009112,4271.749477579807,0.0012929399695904564,96.57853801454903,96.86761075029163,0.2695950387402541
2025-09-11 14:50:00,96.35099242009112,96.4293071223731,96.1712345614184,96.19859352081484,8819.794449751516,-0.0015817055481049946,96.5025491158022,96.80679100215738,0.2633420482027619
2025-09-11 15:50:00,96.19859352081484,96.23294488909536,96.02930212570735,96.06050936542626,2709.263711751952,-0.0014354072168291099,96.41414116572702,96.738947217,0.24214267118904534
2025-09-11 16:50:00,96.06050936542626,96.36392248946831,95.97077441419384,96.34087193473222,3291.6616081082166,0.0029186038170943007,96.39948731952806,96.70275855497566,0.2586819269492671
2025-09-11 17:50:00,96.34087193473222,96.42489470564581,96.26364910774973,96.40697881485781,5480.218848634606,0.000686176892507051,96.40098561859402,96.67586948769221,0.2474289846605982
2025-09-11 18:50:00,96.40697881485781,96.75068350828856,96.32429310721383,96.72936462310565,2891.860500550705,0.0033440090355592034,96.46666141949636,96.6807326818207,0.247418816795231
2025-09-11 19:50:00,96.72936462310565,96.95484876978678,96.66782258154105,96.9186985457578,1600.4623043498125,0.001957357245029767,96.55706884474866,96.70236594217862,0.24634461329975668
2025-09-11 20:50:00,96.9186985457578,97.01164870560854,96.88716351745816,96.90548016788279,2871.7623952270214,-0.00013638625026290985,96.62675110937549,96.72083087178808,0.2438985929435944
2025-09-11 21:50:00,96.90548016788279,97.11401562591787,96.8290266297875,97.1136734274615,3864.388102101717,0.0021484157471594045,96.7241355729927,96.75654383139475,0.2578776386639977
2025-09-11 22:50:00,97.1136734274615,97.40785110568652,97.01870102332323,97.34031640184955,8257.998254348202,0.0023337905609897014,96.84737173876407,96.80961406507245,0.26104028618466046
2025-09-11 23:50:00,97.34031640184955,97.42890456900446,97.08690395459446,97.12862054988324,3954.1667148755105,-0.0021748013545833667,96.90362150098791,96.8386146546007,0.2797258103093349
2025-09-12 00:50:00,97.12862054988324,97.15039289982708,96.96381687730795,96.96578144499091,3952.1363703719435,-0.001676530604166171,96.91605348978852,96.8501752719089,0.28267281600277677
2025-09-12 01:50:00,96.96578144499091,96.9711990039847,96.73093373218958,96.74077738033134,4700.708310581827,-0.0023204481138247024,96.8809982678971,96.84023000903821,0.26159156776743536
2025-09-12 02:50:00,96.74077738033134,96.80356279421967,96.65147901103612,96.73732855408164,6667.670156354394,-3.565018126883146e-05,96.85226432513402,96.83087533131489,0.2576279013119215
2025-09-12 03:50:00,96.73732855408164,96.81145686664448,96.5127023577874,96.58797177102583,2059.585502246395,-0.001543941571348073,96.7994058143124,96.80879318947042,0.2677021467316162
2025-09-12 04:50:00,96.58797177102583,96.66451759494117,96.19652819704564,96.266878923109,1964.7490205430315,-0.0033243564600157205,96.69290043607172,96.75952825616484,0.2826962065131044
2025-09-12 05:50:00,96.266878923109,96.33905045245385,96.16958856216404,96.21477368469836,4288.158256904138,-0.00054125820836326,96.59727508579705,96.71000511330425,0.2802547155775181
2025-09-12 06:50:00,96.21477368469836,96.28444402485054,95.88318164652809,95.95182219864525,6227.667525816848,-0.0027329637225445014,96.46818450836669,96.6410793937898,0.28083430865237446
2025-09-12 07:50:00,95.95182219864525,96.35672228711178,95.87034275281792,96.26602464912963,2589.9751179033215,0.0032745855501723486,96.42775253651928,96.6069835079116,0.30405816125221563
2025-09-12 08:50:00,96.26602464912963,96.3078579845422,96.14950604983385,96.20498341880919,4317.576765382769,-0.0006340890313371039,96.38319871297726,96.57043804526592,0.2849125565117601
2025-09-12 09:50:00,96.20498341880919,96.24885488656032,96.13852836251807,96.14210644741547,3466.73672795653,-0.0006535729144091507,96.3349802598649,96.5314988090977,0.27229115192579706
2025-09-12 10:50:00,96.14210644741547,96.20816231494234,95.97544760362449,96.01543605497542,2073.5038021987825,-0.0013175329428560811,96.27107141888702,96.4845840132684,0.2800218321520457
2025-09-12 11:50:00,96.01543605497542,96.10533364885718,95.99782802222788,96.00302674906767,2835.6748062755114,-0.00012924282196302705,96.21746248492316,96.44080608015925,0.2673444486162556
2025-09-12 12:50:00,96.00302674906767,96.1119484662854,95.93907542571519,96.09673787413855,7627.879268506179,0.000976126776875752,96.19331756276624,96.40952715233918,0.2518960884881786
2025-09-12 13:50:00,96.09673787413855,96.1500483968472,95.87155794077997,95.89352935806458,1885.7444976836152,-0.002114624497869255,96.13335992182591,96.36261826195057,0.24735964860655255
2025-09-12 14:50:00,95.89352935806458,95.95020121816981,95.84927240218619,95.91772398329536,1972.2458387682664,0.00025230717226421007,96.09023273411981,96.32217332752737,0.2412419909968731
2025-09-12 15:50:00,95.91772398329536,95.95655424817903,95.60499588886479,95.62400881730649,2214.3895330595446,-0.0030621573760447607,95.99698795075714,96.2587038265982,0.2491914972482395
2025-09-12 16:50:00,95.62400881730649,95.74266615564298,95.5376515199903,95.65323084392166,4145.456211752413,0.0003055929883781783,95.92823652939005,96.20366082817306,0.252972272424605
2025-09-12 17:50:00,95.65323084392166,95.67672760835103,95.44707628254233,95.50311311757461,11414.10656054517,-0.0015693952522314314,95.84321184702696,96.13997467266411,0.24803633077829293
2025-09-12 18:50:00,95.50311311757461,95.5869780603172,95.48716063047044,95.49306496761807,11230.233735240916,-0.00010521280017516954,95.77318247114519,96.08116469947811,0.22173833306052262
2025-09-12 19:50:00,95.49306496761807,95.56143634906782,95.27781277348845,95.31537663787252,3258.2884325236737,-0.0018607459065829168,95.68162130449066,96.0115476029685,0.229892739152634
2025-09-12 20:50:00,95.31537663787252,95.40521345049898,95.09175270516688,95.15625740148569,3047.856201445019,-0.0016693973417464258,95.57654852388967,95.93379394828824,0.22362119393903665
2025-09-12 21:50:00,95.15625740148569,95.16471911569967,95.04458350585351,95.13510128554401,4446.84475716565,-0.00022233026518070353,95.48825907622054,95.8611855244024,0.1974609136213437
2025-09-12 22:50:00,95.13510128554401,95.18394211792351,94.70587468277019,94.7383470288208,6170.905049932287,-0.00417042975055415,95.3382766667406,95.75910929753134,0.22029773508169878
2025-09-12 23:50:00,94.7383470288208,94.8180416608538,94.63920928034564,94.65707038657645,5832.155061257729,-0.0008579064844737028,95.20203541070778,95.65892394198998,0.2251910105435491
2025-09-13 00:50:00,94.65707038657645,94.6996664717104,94.42861012961629,94.44874137017848,2568.622206783524,-0.0022008817254448587,95.05137660260192,95.54890734455257,0.227929698456139
2025-09-13 01:50:00,94.44874137017848,94.6058269571551,94.39201908271916,94.60198666366445,4101.358891261021,0.0016225234054241255,94.96149861481443,95.46282364629002,0.2355227161566132
2025-09-13 02:50:00,94.60198666366445,94.68052383682445,94.50979582176103,94.59327175978828,3640.0031628093943,-9.212178500173085e-05,94.8878532438092,95.38377347478986,0.23536950004898521
2025-09-13 03:50:00,94.59327175978828,94.72379879911128,94.57032205112704,94.71105026402607,3058.496988829484,0.0012451044566561542,94.85249264785259,95.32261681926587,0.22643994947162888
2025-09-13 04:50:00,94.71105026402607,94.7601916354589,94.49818963272406,94.53918868484415,1599.180364477312,-0.0018145884635722975,94.7898318552509,95.25139607977299,0.2379451770967153
2025-09-13 05:50:00,94.53918868484415,94.7519380484005,94.5044967790063,94.71547176137139,4369.702447816873,0.0018646561175270637,94.774959836475,95.20267568719102,0.23050824210242687
2025-09-13 06:50:00,94.71547176137139,94.84335484592441,94.63321924750386,94.80800973962175,1784.5460877880544,0.0009770101603199244,94.78156981710436,95.16679696468472,0.23087402515727515
2025-09-13 07:50:00,94.80800973962175,94.89628492206455,94.25973179324734,94.29533688863002,2338.296233679228,-0.005407484582787059,94.6843232314095,95.08757332140702,0.25993843965788294
2025-09-13 08:50:00,94.29533688863002,94.56349305634456,94.24708186590176,94.51040988898055,1859.3980815071034,0.002280844498223189,94.6495405629237,95.03510391845916,0.27540942255760015
2025-09-13 09:50:00,94.51040988898055,94.60429749490578,94.46107867392992,94.58053904463462,2961.5309648969146,0.0007420257274988185,94.63574025926589,94.99377983902056,0.2653805115144924
2025-09-13 10:50:00,94.58053904463462,94.64672882659274,94.24854021436136,94.29512586959032,2193.8166739720095,-0.0030176733810917122,94.56761738133078,94.93026584179962,0.27143250200729846
2025-09-13 11:50:00,94.29512586959032,94.4237032501201,94.20203685655103,94.3420047098053,3577.432195732406,0.0004971501950143953,94.52249484702568,94.87678755707286,0.278684700844649
2025-09-13 12:50:00,94.3420047098053,94.42190147534454,94.09840728798028,94.15306494373651,2126.3753914388685,-0.0020027109520298625,94.44860886636785,94.81099459222409,0.2676437545740019
2025-09-13 13:50:00,94.15306494373651,94.21700229654677,93.82524521383085,93.88897244158605,2764.345547796128,-0.0028049272990557927,94.3366815814115,94.72717439671153,0.28285266187455604
2025-09-13 14:50:00,93.88897244158605,93.9984674565446,93.86469562646069,93.97587061813395,2301.4665245557767,0.0009255418851448205,94.26451938875599,94.65887405320447,0.2730466253023991
2025-09-13 15:50:00,93.97587061813395,94.11782568965562,93.96811476901503,94.1037755272815,4377.8265626489765,0.0013610398957333292,94.2323706164611,94.60841055084784,0.2684682714598736
2025-09-13 16:50:00,94.1037755272815,94.1994002185332,94.09824025922569,94.19230074051211,6333.3097874320165,0.0009407190384720376,94.2243566412713,94.57058238627185,0.26349912462016584
2025-09-13 17:50:00,94.19230074051211,94.39845150325404,94.15973405496646,94.37938948786916,2194.200276958419,0.00198624246234802,94.25536321059087,94.55320121368979,0.26958774607040376
2025-09-13 18:50:00,94.37938948786916,94.38691986982137,93.98604009534398,94.07862395628962,1478.5312148562487,-0.0031867713195814495,94.22001535973062,94.51005782665341,0.27950758690915783
2025-09-13 19:50:00,94.07862395628962,94.16327825897875,94.04892403534971,94.09812386321349,5504.99749402588,0.00020727245046581189,94.1956370604272,94.4726092845225,0.27000136935450314
2025-09-13 20:50:00,94.09812386321349,94.18248416356383,94.07867154650637,94.09278111197725,2060.5187098975075,-5.677850967578113e-05,94.17506587073721,94.43807945065475,0.26240687068571084
2025-09-13 21:50:00,94.09278111197725,94.24619539266895,94.06682701483793,94.15768828645308,1749.9914112955978,0.0006898209799812705,94.17159035388039,94.41258934481824,0.22975081704384032
2025-09-13 22:50:00,94.15768828645308,94.35039614698478,94.10139405304979,94.28057457881968,5772.609167152735,0.0013051116122642092,94.19338719886825,94.40058800245474,0.2249358815789973
2025-09-13 23:50:00,94.28057457881968,94.34898645430847,94.0823740671541,94.12730460009891,1351.4257082134666,-0.0016256793025019034,94.18017067911438,94.37574405678602,0.23374970773460493
2025-09-14 00:50:00,94.12730460009891,94.20451863304127,93.98758952215027,94.01594346617757,1325.824704256104,-0.0011830906493546234,94.14732523652702,94.34303491218525,0.2208026004960065
2025-09-14 01:50:00,94.01594346617757,94.05263194624625,93.99363083042799,94.02636063272118,5578.41928266462,0.00011080212737901718,94.12313231576586,94.31424634132487,0.2091836520852348
2025-09-14 02:50:00,94.02636063272118,94.36171131237042,94.00989427895809,94.3016676824093,8224.789950136765,0.0029279773016368527,94.15883938909455,94.31310282687801,0.2112067125172398
2025-09-14 03:50:00,94.3016676824093,94.38347223158509,94.22112386075308,94.35515989716869,5111.674296635709,0.000567245692192131,94.19810349070939,94.31692619690443,0.19482037595410365
2025-09-14 04:50:00,94.35515989716869,94.62282895925553,94.30635424894271,94.56130572201346,3053.900444070087,0.002184785920233967,94.2707439369702,94.33914251736888,0.2078705816847395
2025-09-14 05:50:00,94.56130572201346,94.62160035106791,94.49388839817499,94.60040016022282,1538.4054428283807,0.00041342955145196036,94.33667518162073,94.36289321217379,0.20629922684562071
2025-09-14 06:50:00,94.60040016022282,94.75759559223164,94.5530053600641,94.7111642443789,4218.971206384672,0.001170862744433343,94.41157299417237,94.39455421510152,0.21368710347847955
2025-09-14 07:50:00,94.7111642443789,94.71972136573481,94.34742016441058,94.38083349327496,4761.990339662619,-0.003487769934404028,94.4054250939929,94.39330687675366,0.2232288001239553
2025-09-14 08:50:00,94.38083349327496,94.41205155017987,94.16631963546912,94.22781227129205,4475.5144347644755,-0.0016213167050894706,94.36990252945273,94.37826191262079,0.21214681014062364
2025-09-14 09:50:00,94.22781227129205,94.27292357655196,94.15197511286209,94.25869375882009,1257.1011981727227,0.00032773219268977805,94.3476607753262,94.36739208045708,0.21261782728782613
2025-09-14 10:50:00,94.25869375882009,94.43727416729512,94.24360219982924,94.40987171682697,1426.0803937209475,0.001603862221915664,94.36010296362636,94.37125386558161,0.21903635231699883
2025-09-14 11:50:00,94.40987171682697,94.47544814709028,94.13243353054052,94.17581116657779,3017.7387313260983,-0.002479195723845695,94.32324460421665,94.35348634749035,0.23072536936833643
2025-09-14 12:50:00,94.17581116657779,94.2434131159745,94.10178672334136,94.16749018003844,3736.179644662735,-8.835587860911431e-05,94.29209371938101,94.33657760499472,0.22305567641820442
2025-09-14 13:50:00,94.16749018003844,94.1831275815796,94.01257077555391,94.0771759145745,2121.789720485834,-0.000959081157321684,94.24911015841971,94.31299563313833,0.2161945634804415
2025-09-14 14:50:00,94.0771759145745,94.31248072777143,94.0660321320171,94.2294587535578,4367.636322281254,0.0016187012152828473,94.24517987744733,94.30540137135827,0.2183030981135364
2025-09-14 15:50:00,94.2294587535578,94.26518815588435,94.10199473434481,94.18754090942235,3760.1195018179774,-0.0004448486141162,94.23365208384233,94.29468678390955,0.2257454056650557
2025-09-14 16:50:00,94.18754090942235,94.22004076821874,94.01495699329399,94.1024138070742,1210.6341246053428,-0.0009038042773621413,94.20740442848872,94.27720742237906,0.2152644586302281
2025-09-14 17:50:00,94.1024138070742,94.38402859858685,94.03916262857001,94.3423671314126,2470.7231498585234,0.0025499167835412173,94.2343969690735,94.2831310322912,0.2283014300005734
2025-09-14 18:50:00,94.3423671314126,94.43584712290036,94.00479947237724,94.06033339632422,1933.9135917417175,-0.0029894706234742108,94.19958425452364,94.26287670174874,0.23648521144416584
2025-09-14 19:50:00,94.06033339632422,94.12959347267251,93.98037355630115,94.0574394337576,2753.5114618964717,-3.076708812455031e-05,94.17115529037044,94.24420058647681,0.23802149454976881
2025-09-14 20:50:00,94.0574394337576,94.11281604659122,93.81338804644491,93.86591390042483,2724.7427528927465,-0.002036261400329198,94.11010701238132,94.20981088774481,0.24479562083396697
2025-09-14 21:50:00,93.86591390042483,93.97447490985994,93.83633306125347,93.91939393322578,3582.2015185174223,0.0005697492367429113,94.07196439655021,94.1834093464249,0.22806995278269784
2025-09-14 22:50:00,93.91939393322578,93.96732713958727,93.55042808764215,93.6355466029674,6264.462600605935,-0.003022244058135559,93.98468083783365,94.13360364247421,0.24029617687086763
2025-09-14 23:50:00,93.6355466029674,93.67111452725281,93.3511717355527,93.38806854685681,4517.160747432611,-0.002642992592972515,93.8653583796383,94.0658277246908,0.2545100574430279
2025-09-15 00:50:00,93.38806854685681,93.42584365545036,93.3443411745329,93.38502150701521,4145.511054886673,-3.2627720960687334e-05,93.76929100511369,94.00393625035666,0.2464979512609986
2025-09-15 01:50:00,93.38502150701521,93.84407448308124,93.34416689237301,93.78567402759481,3916.5672775136645,0.004290329585130426,93.77256760960992,93.98409423010558,0.2577045922723187
2025-09-15 02:50:00,93.78567402759481,93.85822882949428,93.74876708821023,93.82924933359045,5786.357542410543,0.0004646264629162289,93.78390395440603,93.97001742133148,0.255407117175955
2025-09-15 03:50:00,93.82924933359045,94.01601300352705,93.73993710385191,93.97660116132144,2947.7371381787193,0.001570425307433787,93.82244339578911,93.97061594314874,0.2629441952937727
2025-09-15 04:50:00,93.97660116132144,94.04612882997934,93.89736366034218,93.99241111930687,6135.348961589429,0.00016823291957845932,93.85643694049267,93.97259732279947,0.25596680771397473
2025-09-15 05:50:00,93.99241111930687,94.02951475380031,93.95535479002051,94.02099475547111,6595.719666885473,0.0003041057870933894,93.88934850348836,93.97699708940598,0.24960727501685145
2025-09-15 06:50:00,94.02099475547111,94.04210808670022,93.84587297202907,93.92648328803136,8039.743167513961,-0.001005216629387351,93.89677546039697,93.97240492564465,0.2489752278558807
2025-09-15 07:50:00,93.92648328803136,93.99674253981968,93.77425819692472,93.83933764942213,6627.812004337792,-0.0009278068927800476,93.88528789820201,93.96030790053351,0.2402336830614605
2025-09-15 08:50:00,93.83933764942213,93.87986532044957,93.66100832451578,93.72218184155146,5536.108490997663,-0.0012484722378195423,93.8526666868719,93.93866007698968,0.22507720773365186
2025-09-15 09:50:00,93.72218184155146,93.8133341758164,93.56123686556154,93.59442217319398,2248.1462981520312,-0.0013631742864615992,93.80101778413632,93.90736572209916,0.23242559301104393
2025-09-15 10:50:00,93.59442217319398,93.98892661564587,93.57680415071002,93.89863071623758,2799.3472658086453,0.0032502849633568864,93.82054037055657,93.9065716306572,0.24047519763886832
2025-09-15 11:50:00,93.89863071623758,93.92636523914977,93.74697965116658,93.82471326303542,2596.863937561366,-0.000787204804141739,93.82137494905234,93.8991299608734,0.2434211790229201
2025-09-15 12:50:00,93.82471326303542,93.9036599516411,93.73437002271625,93.77772092966262,2107.2544982008467,-0.0005008524059226804,93.8126441451744,93.88809277621787,0.22573481309290092
2025-09-15 13:50:00,93.77772092966262,93.86978572496442,93.72392993029969,93.76471926075243,3702.0316758913573,-0.000138643472898492,93.80305916829002,93.87687700208465,0.21330002759037317
2025-09-15 14:50:00,93.76471926075243,93.76794296342996,93.43540618038928,93.44986094308601,1985.136084139077,-0.0033579615035248533,93.73241952324922,93.8380573603575,0.2312310491706029
2025-09-15 15:50:00,93.44986094308601,93.59492457221796,93.44008252611161,93.55786371290785,5437.9946296608105,0.0011557295937296708,93.69750836118095,93.81258521058935,0.2065835102704686
2025-09-15 16:50:00,93.55786371290785,93.57012730243392,93.33777367201535,93.40255468894995,2707.2273924535116,-0.0016600317471386905,93.63851762673475,93.77530970862213,0.21536150235150586
2025-09-15 17:50:00,93.40255468894995,93.4844055798696,93.15689778224699,93.18465950273061,5194.7978155326,-0.0023328610972683794,93.54774600193393,93.72161423535927,0.2190352093477545
2025-09-15 18:50:00,93.18465950273061,93.57545619411403,93.16981133078731,93.53227879420335,1768.4816997007442,0.0037304347446003305,93.54465256038782,93.70440192252691,0.23738375889700844
2025-09-15 19:50:00,93.53227879420335,93.55226559166562,93.24786989101652,93.24873903979125,1013.9491894706997,-0.0030314641968252065,93.48546985626851,93.66297802409639,0.2538291686733863
2025-09-15 20:50:00,93.24873903979125,93.35643026684961,93.21571060449571,93.2745877691504,1939.5337259905964,0.00027720191849600617,93.44329343884489,93.6276698191013,0.249863779222154
2025-09-15 21:50:00,93.2745877691504,93.35892361218954,92.7768754559715,92.83948819920646,2671.8689025126005,-0.004664717157697784,93.3225323909172,93.5560169445654,0.27554690874523097
2025-09-15 22:50:00,92.83948819920646,93.04120733891504,92.8155481659083,93.01588294153407,1231.0689049840469,0.0018999969274833273,93.26120250104059,93.50691385338074,0.2760327785361564
2025-09-15 23:50:00,93.01588294153407,93.4797092770297,92.97566812849287,93.44426162778953,3635.7331267303166,0.004605435896627652,93.29781432639038,93.5012181965088,0.29402876698486885
2025-09-16 00:50:00,93.44426162778953,93.52940770037367,93.27682332688663,93.32388732288632,2506.1847401091477,-0.0012881936547659567,93.30302892568957,93.48509720799767,0.2826331890242396
2025-09-16 01:50:00,93.32388732288632,93.36094668159825,93.13498009741434,93.1564461712021,2455.259537588586,-0.0017941939249154215,93.27371237479208,93.45521984101624,0.28596040303857656
2025-09-16 02:50:00,93.1564461712021,93.16551464599863,93.01290145349765,93.0358570184106,5923.051461951339,-0.0012944799608380908,93.22614130351579,93.4170959480521,0.28476920757972835
2025-09-16 03:50:00,93.0358570184106,93.38791052377853,92.97969993081634,93.33954601414173,4192.446567178552,0.0032642145239876186,93.24882224564098,93.41004595406024,0.3035088360295473
2025-09-16 04:50:00,93.33954601414173,93.47548435693103,93.24660347625978,93.40865096864374,7946.4421495664,0.0007403609450975512,93.28078799024154,93.40991913720418,0.2961048430031598
2025-09-16 05:50:00,93.40865096864374,93.81932674240132,93.36082681544583,93.76909970576682,3282.0757735983534,0.0038588367713829896,93.37845033334659,93.44257191616443,0.3177946916352405
2025-09-16 06:50:00,93.76909970576682,93.80256603765767,93.54099492222558,93.55842903361393,4103.144236905243,-0.0022466961164598898,93.41444607340007,93.4531043813871,0.3198816548504918
2025-09-16 07:50:00,93.55842903361393,93.5930522552476,93.32585811544398,93.39087099103696,1351.0471723133128,-0.0017909454477561537,93.40973105692746,93.44744680044619,0.31557353643484937
2025-09-16 08:50:00,93.39087099103696,93.52578267216356,93.37714292600644,93.50314160467367,2229.3745947093407,0.0012021583313799322,93.4284131664767,93.45250996446687,0.29721602806559233
2025-09-16 09:50:00,93.50314160467367,93.57335872448364,93.44488620083607,93.46742059653049,1388.6900336241167,-0.00038203003161341176,93.43621465248746,93.45386547647266,0.2846500868511979
2025-09-16 10:50:00,93.46742059653049,93.55916098631143,93.36023930879358,93.44804018337085,5077.737206047506,-0.00020734939550004494,93.43857975866415,93.4533359043725,0.2888073736486224
2025-09-16 11:50:00,93.44804018337085,93.45232684030469,93.32099401360767,93.3866593986419,4491.9891319169765,-0.0006568440023836386,93.4281956866597,93.44727440385152,0.2566134215399783
2025-09-16 12:50:00,93.3866593986419,93.40784933556792,93.27633133681014,93.3258708309915,3206.826326304657,-0.0006509341702748417,93.40773071552607,93.4362377154097,0.2498890519507658
2025-09-16 13:50:00,93.3258708309915,93.42077587983155,93.24809763427514,93.38306769006637,943.5818114503445,0.0006128724925422713,93.40279811043413,93.43140407674213,0.22622027316645038
2025-09-16 14:50:00,93.38306769006637,93.45574149275302,93.23064360341967,93.25071732173078,2770.5480640432534,-0.0014172844350632818,93.37238195269346,93.41497800810473,0.22425695286975866
2025-09-16 15:50:00,93.25071732173078,93.26987241771172,93.12845625368784,93.21027766644168,3098.665308090619,-0.00043366588966353703,93.33996109544312,93.39636888613535,0.21821763714404238
2025-09-16 16:50:00,93.21027766644168,93.42930777196787,93.16425911685056,93.33816905549641,3109.5855020081417,0.0013720738984641656,93.33960268745378,93.3910779924409,0.22624874161663758
2025-09-16 17:50:00,93.33816905549641,93.34254811068453,93.25586758968545,93.33834269682781,1939.8756604694959,1.8603464495559052e-06,93.33935068932858,93.38628387465789,0.20328230790498683
2025-09-16 18:50:00,93.33834269682781,93.51544957201017,93.30028447275338,93.50807619949938,2296.136453802657,0.0018184756421366632,93.37309579136274,93.39735590418893,0.2023026092325253
2025-09-16 19:50:00,93.50807619949938,93.52798736155546,93.356082046633,93.35631498279773,2379.624448611182,-0.0016229744303355442,93.36973962964974,93.39362491133518,0.18183156551588045
2025-09-16 20:50:00,93.35631498279773,93.5698271685371,93.32082688682002,93.48793195338361,3551.521321396931,0.0014098346813511409,93.39337809439652,93.40219827879413,0.18093364882195168
2025-09-16 21:50:00,93.48793195338361,93.52551846378988,93.37509452548352,93.43167674419887,3090.0299334159527,-0.0006017376575705446,93.40103782435699,93.40487813928547,0.1725929201435759
2025-09-16 22:50:00,93.43167674419887,93.43719705477092,93.33903231214725,93.37513578222988,1308.1170301155053,-0.0006051583781782055,93.39585741593157,93.40217428864405,0.16898756274832952
2025-09-16 23:50:00,93.37513578222988,93.66468704831651,93.30218941742308,93.62478264134351,7052.092024722004,0.0026735903195458377,93.44164246101397,93.42241141161672,0.18570364183731922
2025-09-17 00:50:00,93.62478264134351,93.65914857767329,93.48564632509479,93.52345401206874,1263.5611400846938,-0.0010822842672216781,93.45800477122492,93.4315971025669,0.1838879686273661
2025-09-17 01:50:00,93.52345401206874,93.57574644634315,93.32653508520036,93.34019438580027,2464.4376023891186,-0.0019595044708765608,93.43444269413999,93.42328776467902,0.19230786394492075
2025-09-17 02:50:00,93.34019438580027,93.41858416370852,93.08163107989095,93.14806207240339,2328.1373681745567,-0.002058409184394372,93.37716656979268,93.39826724719941,0.2069817985920486
2025-09-17 03:50:00,93.14806207240339,93.48132950927082,93.13834012726794,93.39658892295816,5023.172737730587,0.0026680839625154995,93.38105104042577,93.39811467226839,0.2191468797667966
2025-09-17 04:50:00,93.39658892295816,93.58856592107192,93.3273327214151,93.56287487111015,5340.428250925867,0.0017804284939053616,93.41741580656266,93.41309287216309,0.22172797336132938
2025-09-17 05:50:00,93.56287487111015,93.64108824454175,93.53864326983764,93.59943328205667,2929.043742994154,0.00039073629360864004,93.45381930166147,93.43003290942615,0.21894431698134603
2025-09-17 06:50:00,93.59943328205667,93.61355101963218,93.38591956683234,93.46823579035348,4592.055562963067,-0.0014016910904559587,93.45670259939988,93.43350589860135,0.21627165967295525
2025-09-17 07:50:00,93.46823579035348,93.52970522965687,93.37716958814127,93.50502633860287,2203.277157855085,0.0003936155201635927,93.46636734724048,93.4400077567833,0.22097559685270646
2025-09-17 08:50:00,93.50502633860287,93.52289043064121,93.42250916911901,93.44785830560768,2399.5813708991404,-0.0006113899459070371,93.46266553891392,93.44072144304006,0.2127767513002356
2025-09-17 09:50:00,93.44785830560768,93.45083947440136,93.2950635441684,93.37784775316213,1585.9404577495895,-0.0007491937612587041,93.44570198176358,93.43500565305115,0.2116246523938433
2025-09-17 10:50:00,93.37784775316213,93.4054580504111,93.26502174991295,93.34811649900242,1969.976548257145,-0.00031839729523763793,93.42618488521136,93.42710663904671,0.20387008230677647
2025-09-17 11:50:00,93.34811649900242,93.39797528378027,93.15872406827428,93.17489071258326,7303.366042991726,-0.0018556966430168798,93.37592605068575,93.40417791845913,0.21021488782103553
2025-09-17 12:50:00,93.17489071258326,93.18758969219694,93.11475012963795,93.1715707886548,3668.587073527141,-3.5631100858468656e-05,93.33505499827956,93.38303181574965,0.20840594638784385
2025-09-17 13:50:00,93.1715707886548,93.1949810812365,92.6336483381316,92.70257260856648,2843.9011955406177,-0.005033704767650304,93.20855852033695,93.32117188782391,0.22260845440294982
2025-09-17 14:50:00,92.70257260856648,92.70915315289962,92.55818477267987,92.58651410978206,8458.62540494881,-0.0012519447467167488,93.08414963822598,93.25438481709283,0.22099889209161055
2025-09-17 15:50:00,92.58651410978206,92.78559485382628,92.50149611158982,92.75206486968433,2242.573627592064,0.001788065589184873,93.01773268451765,93.20871936732841,0.22349084788401644
2025-09-17 16:50:00,92.75206486968433,92.81871212647286,92.67487078819497,92.67743440324166,3102.38787803921,-0.0008046232345072513,92.94967302826245,93.16042073422962,0.2096971517740402
2025-09-17 17:50:00,92.67743440324166,92.8402638800708,92.65998355302922,92.81657123887314,2003.2591946694426,0.0015013021942977822,92.92305267038459,93.1291616891972,0.1980750764196608
2025-09-17 18:50:00,92.81657123887314,92.82544123645201,92.74089725811082,92.79695773713719,2510.057409758427,-0.00021131465506807334,92.89783368373512,93.09896132991902,0.1854544177542589
2025-09-17 19:50:00,92.79695773713719,92.88767573875054,92.79168606547185,92.85876851254584,3095.2181549015863,0.0006660862264875611,92.89002064949726,93.07712561924873,0.1849933247953004
2025-09-17 20:50:00,92.85876851254584,92.87768710128456,92.50097568177976,92.52607262334452,1594.2656341708444,-0.00358281608221378,92.81723104426672,93.02702989234835,0.1956418938456547
2025-09-17 21:50:00,92.52607262334452,92.54383991868544,92.29496328541384,92.32990782535305,3263.7810237782664,-0.002120102933472867,92.71976640048399,92.96365515898513,0.20252339325679714
2025-09-17 22:50:00,92.32990782535305,92.35321386707007,92.06289537627944,92.08561054279947,6413.113328883322,-0.0026459171064664444,92.59293522894708,92.88383292115007,0.21609033820454165
2025-09-17 23:50:00,92.08561054279947,92.11736757923495,92.02374214999578,92.06600794362828,4086.0028264800876,-0.0002128736406876719,92.48754977188332,92.80948519592081,0.2116510167049849
2025-09-18 00:50:00,92.06600794362828,92.14119044513194,91.98937678680986,92.06136669054689,2843.694247036701,-5.0412233407959306e-05,92.40231315561604,92.741474422705,0.21246368512098002
2025-09-18 01:50:00,92.06136669054689,92.22382856961201,91.99168533152668,92.15070467963734,1103.693038446096,0.000970417801755552,92.35199146042031,92.68776808242612,0.21195597244807576
2025-09-18 02:50:00,92.15070467963734,92.20232830894531,92.05371434599505,92.1045138787868,4155.762493666498,-0.0005012528228744983,92.30249594409361,92.63474497300436,0.21736842961888161
2025-09-18 03:50:00,92.1045138787868,92.44650546282408,92.0339135041981,92.43402066031804,5077.007956840617,0.0035775313028076905,92.3288008873385,92.61649730821469,0.2067440878703865
2025-09-18 04:50:00,92.43402066031804,92.4944506028225,92.3735295893594,92.44612052341702,3696.305639489776,0.0001309027024092302,92.35226481455422,92.60100850959671,0.2045978473877678
2025-09-18 05:50:00,92.44612052341702,92.66430813140104,92.39483361107067,92.64782115989541,2671.60892941448,0.0021818182887112236,92.41137608362246,92.60526420507841,0.20355326010876137
2025-09-18 06:50:00,92.64782115989541,92.64792253441978,92.54550024721298,92.54844321406718,1055.3028441995702,-0.0010726420177408214,92.43878950971141,92.60009866044102,0.2005947564608255
2025-09-18 07:50:00,92.54844321406718,92.68150193015758,92.47266978859962,92.61067077420113,2264.273928989606,0.0006723782483299967,92.47316576260936,92.60105976169194,0.20263417178342483
2025-09-18 08:50:00,92.61067077420113,92.61748385957242,92.49440728573168,92.53977912145535,1621.922054025033,-0.0007654803939236565,92.48648843437856,92.59548879439771,0.20538650003339246
2025-09-18 09:50:00,92.53977912145535,92.67132201165431,92.46853330810829,92.58153315252532,2605.135000057375,0.0004512008939978607,92.50549737800792,92.59422009968203,0.21301500219534425
2025-09-18 10:50:00,92.58153315252532,92.72535817372375,92.55974273851973,92.63979776142573,3023.257471538572,0.000629332944880101,92.53235745469148,92.5983635234769,0.19793671760243114
2025-09-18 11:50:00,92.63979776142573,92.65487896061032,92.39796518015595,92.42806680130779,5606.480441620262,-0.0022855291703377523,92.51149932401475,92.5828820032797,0.198510799544058
2025-09-18 12:50:00,92.42806680130779,92.43185708592121,92.33487879272215,92.34433626060022,4588.887565085616,-0.0009058995130513114,92.47806671133185,92.56119602667248,0.18470078543037463
2025-09-18 13:50:00,92.34433626060022,92.57915899815329,92.29044592138347,92.50897949365374,2605.68462582768,0.001782927245141508,92.48424926779623,92.55644906912532,0.19863561739685004
2025-09-18 14:50:00,92.50897949365374,92.62814444269567,92.4658847799209,92.62626136169668,3258.7900509048027,0.0012677890155623484,92.51265168657632,92.56279564117726,0.1993817605720421
2025-09-18 15:50:00,92.62626136169668,92.63282779050161,92.55682079517965,92.62994871559954,4605.932444315065,3.9808946713959514e-05,92.53611109238096,92.56890046612473,0.1882291718032302
2025-09-18 16:50:00,92.62994871559954,92.68274128961014,92.55988791783768,92.637141004279,10204.063851862547,7.764539200549869e-05,92.55631707476057,92.57510415141148,0.18638912957624346
2025-09-18 17:50:00,92.637141004279,92.72318579481211,92.56483051261878,92.63667014038475,8215.541804016128,-5.082884566021129e-06,92.57238768788541,92.58070105949996,0.168229366973911
2025-09-18 18:50:00,92.63667014038475,92.82394955516095,92.57861058587696,92.73233670488523,2233.011826859631,0.0010327072891922473,92.60437749128538,92.59448611817135,0.17711636381826118
2025-09-18 19:50:00,92.73233670488523,92.73337193513005,92.35990083198625,92.43316726979265,1191.0231862962876,-0.003226160859557181,92.57013544698684,92.57982076831874,0.1845446911620771
2025-09-18 20:50:00,92.43316726979265,92.4414112601694,92.24049493878437,92.29069062024948,1718.7780689072451,-0.0015414017906290045,92.51424648163938,92.55353620940335,0.19157997931766602
2025-09-18 21:50:00,92.29069062024948,92.5133176518122,92.28571008301739,92.50458919858853,4074.5053824244646,0.002317661477030164,92.51231502502921,92.54908648114746,0.19292108126315505
2025-09-18 22:50:00,92.50458919858853,92.68338139388908,92.48264004587182,92.63935592250047,3182.644911331252,0.0014568652764093137,92.53772320452347,92.55729279399773,0.19846856513290692
2025-09-18 23:50:00,92.63935592250047,92.70129743020614,92.19831569429965,92.24811902089712,4116.516796646144,-0.0042232256227110465,92.4798023677982,92.52918608735222,0.21991092458722608
2025-09-19 00:50:00,92.24811902089712,92.33893534584696,92.23225692170371,92.27241745186294,3306.4309409965595,0.00026340299643745624,92.43832538461115,92.50584348412592,0.21570113808288585
2025-09-19 01:50:00,92.27241745186294,92.45201553298875,92.23690255621551,92.36735148837647,3644.8273349658048,0.0010288452295406092,92.42413060536421,92.49325330269414,0.21271536639137675
2025-09-19 02:50:00,92.36735148837647,92.70012316345928,92.35716951710448,92.64904827745646,3925.4461041396203,0.003049744141634614,92.46911413978266,92.50741648221799,0.23028503447392978
2025-09-19 03:50:00,92.64904827745646,92.8030929790977,92.62137796401142,92.715066716185,3373.1068722867717,0.0007125646723411538,92.51830465506313,92.52629377621498,0.2226423157822483
2025-09-19 04:50:00,92.715066716185,92.770141823996,92.60777467521459,92.65995821435534,2604.6755123458106,-0.0005943856137035075,92.54663536692158,92.5384450887732,0.22264999335415123
2025-09-19 05:50:00,92.65995821435534,92.74265776005498,92.53545675320032,92.54708165761811,3930.449512550217,-0.001218180527085,92.54672462506089,92.53923023139546,0.23202099417791544
2025-09-19 06:50:00,92.54708165761811,92.6244825656266,92.28115183020432,92.35473671232617,4122.330197016824,-0.002078346954294319,92.50832704251395,92.52245809329825,0.24776937729575974
2025-09-19 07:50:00,92.35473671232617,92.70576490265601,92.27465417465352,92.61755864389384,4719.497595927087,0.002845787243012099,92.53017336278994,92.53110359789785,0.2672519091392717
2025-09-19 08:50:00,92.61755864389384,92.66499552420333,92.20792270873277,92.23821125769486,2734.137656253609,-0.004095847393878582,92.47178094177093,92.50447702151575,0.28237575529545567
2025-09-19 09:50:00,92.23821125769486,92.41566164052334,92.16699228512937,92.37048840390344,3202.586475568414,0.001434081866993564,92.45152243419743,92.49229623809644,0.27346134474189654
2025-09-19 10:50:00,92.37048840390344,92.37739624757867,92.3351127210568,92.36865265389469,7888.893162076147,-1.987377181256189e-05,92.43494847813689,92.48105591225992,0.26213043082309895
2025-09-19 11:50:00,92.36865265389469,92.48078914911615,92.28243071329278,92.39153135348187,2184.4428427442303,0.0002476890041138713,92.4262650532059,92.47291731600737,0.2600412070394244
2025-09-19 12:50:00,92.39153135348187,92.42872042311416,92.21842429661896,92.28182990730717,2242.9893211057743,-0.0011873539118535392,92.39737802402615,92.45554573339825,0.2607236912164197
2025-09-19 13:50:00,92.28182990730717,92.48347291293659,92.19814858137852,92.40596730411899,1483.5662696197498,0.0013451986911887648,92.39909588004473,92.45103860346377,0.24517673376296148
2025-09-19 14:50:00,92.40596730411899,92.47505396345706,92.29109049777614,92.3169828973291,2376.2674595760122,-0.0009629725155847479,92.3826732835016,92.43885172108789,0.2506970938727946
2025-09-19 15:50:00,92.3169828973291,92.37366952640151,91.9108903515383,91.99184079848656,1471.7840347442918,-0.003522018253175996,92.30450678649859,92.39821436448776,0.268387536593507
2025-09-19 16:50:00,91.99184079848656,92.298247017934,91.92699519804476,92.21450238880688,1788.839715669114,0.0024204493397199656,92.28650590696026,92.38151327578949,0.27040883470310967
2025-09-19 17:50:00,92.21450238880688,92.32908368134923,92.18132430382911,92.31548295649931,2669.9494667721638,0.0010950616776812527,92.29230131686808,92.37551051949038,0.2679834320198121
2025-09-19 18:50:00,92.31548295649931,92.88944165016967,92.23735191362526,92.79866595357088,4080.568108699576,0.0052340407220665686,92.39357424420864,92.41397919531587,0.30296361686002626
2025-09-19 19:50:00,92.79866595357088,92.9141140878007,92.76554551048972,92.84575040291482,1679.8527857461997,0.0005073828256054735,92.48400947594988,92.45323112327941,0.29877558617833494
2025-09-19 20:50:00,92.84575040291482,93.12041433953118,92.83539792852946,93.03460739639162,6223.572196523165,0.002034094104008455,92.59412906003823,92.50608351174415,0.2946102772911528
2025-09-19 21:50:00,93.03460739639162,93.24975365807656,93.0336959301315,93.23731007780692,1103.0105041623785,0.0021787879487860096,92.72276526359197,92.5725586541135,0.2792493487156215
2025-09-19 22:50:00,93.23731007780692,93.6825703915765,93.16831099035964,93.65343448721552,3413.723716490237,0.004463067510863894,92.90889910831667,92.6708200934864,0.2833341048403568
2025-09-19 23:50:00,93.65343448721552,93.89614944683409,93.62066430181935,93.84327971200179,3912.270183859133,0.0020271037130217273,93.0957752290537,92.77740733153325,0.28524951838469753
2025-09-20 00:50:00,93.84327971200179,93.84713615210696,93.63611260859419,93.64246747351461,1248.6635896688397,-0.002139868076898588,93.20511367794589,92.85604916262247,0.29730237674119003
2025-09-20 01:50:00,93.64246747351461,94.05300235276127,93.57792488195054,94.03687971755357,4785.263095577223,0.00421189503737196,93.37146688586743,92.96339739488893,0.31706802209743046
2025-09-20 02:50:00,94.03687971755357,94.25791908374573,94.01439169285396,94.17019319885914,3901.9189740203715,0.0014176723186263285,93.53121214846578,93.07310610434077,0.31944168384004307
2025-09-20 03:50:00,94.17019319885914,94.18274581623203,93.94882588070969,93.97080996769988,4357.791738564713,-0.0021172647563568736,93.61913171231261,93.15471554646432,0.31576994126606195
2025-09-20 04:50:00,93.97080996769988,94.03064029601586,93.84212016483994,93.84783789532392,9419.705112136384,-0.0013086199046089542,93.66487294891488,93.21772666908791,0.3160954173728478
2025-09-20 05:50:00,93.84783789532392,94.0338266609481,93.84511399024639,94.02935859799358,2847.6179093599962,0.0019342022868136244,93.73777007873062,93.29151138989751,0.2965192385041685
2025-09-20 06:50:00,94.02935859799358,94.07905752080823,93.81750908665299,93.8952076054896,8572.566225790586,-0.0014266926256246704,93.76925758408242,93.34639286404224,0.2886832823803118
2025-09-20 07:50:00,93.8952076054896,94.02985278799947,93.87953364182862,93.99091954954912,2302.135106213282,0.001019348553566779,93.81358997717577,93.40498619908833,0.2888661229982219
2025-09-20 08:50:00,93.99091954954912,94.17299540293233,93.93236799393131,94.17228453912824,5804.079110576152,0.0019296011832665716,93.88532888956627,93.4747405936374,0.25947595674512264
2025-09-20 09:50:00,94.17228453912824,94.25979741870799,93.79980018096569,93.88900766904797,3936.3431057023367,-0.003008070489811332,93.88606464546261,93.51240123685655,0.28172086106164534
2025-09-20 10:50:00,93.88900766904797,94.04872765968317,93.80580582473085,93.96352980627812,2118.0839453743206,0.0007937259012560371,93.90155767762572,93.55341292498578,0.27871410562954474
2025-09-20 11:50:00,93.96352980627812,94.02474353808594,93.86427542797024,93.86686827649366,3122.8232926385804,-0.0010287132676235489,93.89461979739932,93.58190886603195,0.2747434186417337
2025-09-20 12:50:00,93.86686827649366,93.9268295855253,93.82944294186238,93.84269729629582,3618.6640277087618,-0.00025750278710312546,93.88423529717862,93.60561690514685,0.2449667931021661
2025-09-20 13:50:00,93.84269729629582,93.93111717785384,93.82623866505367,93.87190124752524,1967.7145814902435,0.00031120110643456655,93.88176848724795,93.62982457263578,0.23278060508683954
2025-09-20 14:50:00,93.87190124752524,94.01801427649507,93.82109219781668,93.95543621538789,3482.102865279123,0.0008898825607290828,93.89650203287594,93.65942563106779,0.23177335759866935
2025-09-20 15:50:00,93.95543621538789,93.98459011980202,93.83525260840064,93.87280452511513,10275.03949369462,-0.0008794774799760763,93.89176253132379,93.67882371234482,0.20850621764085883
2025-09-20 16:50:00,93.87280452511513,94.14162732512905,93.82070988744425,94.10206787293164,1877.139554989014,0.0024422765355345266,93.93382359964536,93.71730045421634,0.21403407812607508
2025-09-20 17:50:00,94.10206787293164,94.28273260763014,94.01501760682605,94.2391551995266,4278.004451077541,0.0014567939865048896,93.99488991962161,93.76474179469909,0.2164480113604859
2025-09-20 18:50:00,94.2391551995266,94.35612807502194,94.15571325241612,94.3237821415562,1489.3914462119938,0.000898001917041924,94.06066836400854,93.81556364441337,0.21729763217690742
2025-09-20 19:50:00,94.3237821415562,94.37081072665059,94.01420779246536,94.08108273772284,3561.1575195467803,-0.002573045718937794,94.0647512387514,93.83970174380514,0.22928979385430232
2025-09-20 20:50:00,94.08108273772284,94.16586298228425,94.04263164674217,94.10636020738657,6824.365516681219,0.00026867749528558527,94.07307303247843,93.86394342231253,0.21941000109621964
2025-09-20 21:50:00,94.10636020738657,94.22021584398237,94.09946449225652,94.13108886258964,2007.2745433939622,0.00026277347406233886,94.08467619850067,93.88822937142862,0.2172980157787196
2025-09-20 22:50:00,94.13108886258964,94.1580747793671,93.92865779158345,93.94353445631054,3093.7990864511144,-0.0019924810022422523,94.05644785006265,93.89325710641789,0.21649727140605027
2025-09-20 23:50:00,93.94353445631054,94.07463376580694,93.90886686386511,94.00304640027437,3146.725313666558,0.0006334863203545371,94.045767560105,93.90323795131394,0.19548081884887328
2025-09-21 00:50:00,94.00304640027437,94.31481489483828,93.96422596732415,94.27150797607683,3228.87349540506,0.0028558816557850975,94.09091564329938,93.93671704447421,0.20317132546043126
2025-09-21 01:50:00,94.27150797607683,94.33032895906652,94.17831949059155,94.26126681537637,2604.8926083105944,-0.00010863473938549362,94.12498587771478,93.96622156910168,0.20256713677180777
2025-09-21 02:50:00,94.26126681537637,94.38530236904933,94.22440109011741,94.35431990875064,3047.260193055156,0.0009871827158500768,94.17085268392195,94.00150323634249,0.2071038964338793
2025-09-21 03:50:00,94.35431990875064,94.39233008738971,94.14261435116254,94.21464473417127,2084.881407889495,-0.0014803262289893038,94.17961109397181,94.0208797361451,0.21744941239295099
2025-09-21 04:50:00,94.21464473417127,94.27313865935852,94.12294481902211,94.15637171136215,5634.271504956754,-0.0006185134272228554,94.17496321744989,94.03319718843755,0.21411168108281028
2025-09-21 05:50:00,94.15637171136215,94.32342498650671,94.075691522177,94.28242507417686,2895.5945237602045,0.001338766145334569,94.19645558879529,94.05585426895931,0.22113996343483372
2025-09-21 06:50:00,94.28242507417686,94.36886761132615,94.21478412307656,94.31557394160309,2554.8275152914084,0.0003515911624054624,94.22027925935686,94.07946514829055,0.2092232527608908
2025-09-21 07:50:00,94.31557394160309,94.31950580543203,94.17244472375248,94.2252409001963,3298.1559980776087,-0.0009577743911384218,94.22127158752475,94.09271748937289,0.20060511568056683
2025-09-21 08:50:00,94.2252409001963,94.26060240352102,93.9466594043368,93.9820751121166,1510.7493199743137,-0.002580686297605328,94.17343229244312,94.08265909144049,0.20871427115045244
2025-09-21 09:50:00,93.9820751121166,93.99231307039368,93.8974414603436,93.97647062434858,5072.137865974158,-5.96335818435767e-05,94.13403995882422,94.07300559443213,0.19001917656936992
2025-09-21 10:50:00,93.97647062434858,94.12381547403812,93.92991216167738,94.03683818424864,2822.7028400337213,0.0006423688770071934,94.11459960390911,94.0697176480518,0.19506717491355982
2025-09-21 11:50:00,94.03683818424864,94.05576613272112,93.86424567870294,93.9531237489207,2438.3245545339496,-0.0008902302219467861,94.08230443291143,94.05911820267625,0.20012211079158249
2025-09-21 12:50:00,93.9531237489207,94.19121620421846,93.90215548910068,94.17026114655793,1955.0381395894235,0.0023111248351626035,94.09989577564073,94.06922210666549,0.20438237702973489
2025-09-21 13:50:00,94.17026114655793,94.20148531188205,94.01463155490474,94.08446121086078,2151.4832982800176,-0.0009111149810195895,94.09680886268474,94.07060747977415,0.20588858096084145
2025-09-21 14:50:00,94.08446121086078,94.13576820627412,93.99922454084223,94.09204739605565,1538.8767338646085,8.063164838523207e-05,94.09585656935893,94.07255656307247,0.19059963366925306
2025-09-21 15:50:00,94.09204739605565,94.243642178865,94.07090030378318,94.20206429012349,2869.4265466078036,0.0011692475306095407,94.11709811351184,94.08432999280437,0.1920805198554569
2025-09-21 16:50:00,94.20206429012349,94.26157719905238,94.10600928266417,94.16105181416803,2965.201804745426,-0.00043536706190583363,94.12588885364309,94.09130470383742,0.1916995653880491
2025-09-21 17:50:00,94.16105181416803,94.23968050373921,94.00987139184355,94.01490146650312,3216.6419055972174,-0.0015521316388155126,94.1036913762151,94.08435895498884,0.190277663650084
2025-09-21 18:50:00,94.01490146650312,94.2420612981942,93.93586861425878,94.21828236231983,3560.545753044601,0.002163283614025513,94.12660957343604,94.09653381020075,0.20142043819287028
2025-09-21 19:50:00,94.21828236231983,94.4212047853934,94.15762567445343,94.37103994477634,2752.0039806635777,0.0016213157216036223,94.17549564770411,94.12148891334398,0.20255227009360308
2025-09-21 20:50:00,94.37103994477634,94.4391408858315,94.16187367321763,94.22287794317552,2379.26324100422,-0.0015699943720819398,94.1849721067984,94.13070609787412,0.2113511075481946
2025-09-21 21:50:00,94.22287794317552,94.41138470954803,94.13902222212374,94.35327349986349,2139.477779795625,0.001383905475341285,94.21863238541142,94.15093949805497,0.2203012079585329
2025-09-21 22:50:00,94.35327349986349,94.87947603955033,94.30209946520489,94.79540832704907,1783.505453452767,0.004685951115265041,94.33398757373897,94.20952757341807,0.2391178918986197
2025-09-21 23:50:00,94.79540832704907,94.92405605885747,94.76739537923964,94.85779888295299,4883.990759468365,0.0006581601050619224,94.43874983558177,94.26846132883033,0.24353139686774483
2025-09-22 00:50:00,94.85779888295299,95.03198870317415,94.83505429279684,95.00344691345775,6746.066466472825,0.0015354354857473052,94.55168925115697,94.33527820016009,0.24374790386892795
2025-09-22 01:50:00,95.00344691345775,95.155596926726,94.96839521638293,95.10864360026132,2815.642631592659,0.0011072933690436937,94.66308012097784,94.40558414562383,0.2434394221778494
2025-09-22 02:50:00,95.10864360026132,95.1528629301534,95.04027639271018,95.09260438032953,7470.009325584438,-0.00016864103329239377,94.74898497284818,94.46804053059708,0.2308341237725234
2025-09-22 03:50:00,95.09260438032953,95.32398656046482,95.04735159795037,95.3095670773321,3191.3192001495686,0.0022815938044435935,94.86110139374496,94.54454294393662,0.237247067025176
2025-09-22 04:50:00,95.3095670773321,95.50152776682893,95.25652166429371,95.433695481644,4555.254173363972,0.00130237087543561,94.97562021132477,94.6253749928191,0.24499438396112794
2025-09-22 05:50:00,95.433695481644,95.44713751014973,95.07245597740149,95.11503242193655,2408.778059291542,-0.0033391042660476655,95.00350265344713,94.66988930455705,0.2594186452230147
2025-09-22 06:50:00,95.11503242193655,95.14584740450945,95.05665653503237,95.14044474302457,2618.957062421905,0.00026717460364511503,95.03089107136262,94.71266707169045,0.2546774275865055
2025-09-22 07:50:00,95.14044474302457,95.23437719344024,94.80288989098658,94.81171293528557,3865.462372505129,-0.003455226729567107,94.98705544414722,94.72167124110818,0.26908301262636264
2025-09-22 08:50:00,94.81171293528557,94.90458452359734,94.53974411082713,94.58805673691265,3006.547522694207,-0.002358951140621013,94.90725570270031,94.7095244679995,0.2732721361145615
2025-09-22 09:50:00,94.58805673691265,94.69601472857752,94.52514755174445,94.66840552801179,3299.079238142082,0.0008494602159194731,94.85948566776261,94.70578638254607,0.26664985510692574
2025-09-22 10:50:00,94.66840552801179,95.15506444755748,94.66426584466706,95.13181398881213,1095.4628260362463,0.004895069883301462,94.91395133197253,94.74451616493388,0.28190209726953597
2025-09-22 11:50:00,95.13181398881213,95.24293416999139,95.12405427148653,95.21293817915516,3773.868989098362,0.0008527556339099629,94.97374870140906,94.78709998440854,0.2709390552038623
2025-09-22 12:50:00,95.21293817915516,95.25226690384999,95.02305607916888,95.0816446655146,3240.2494037738234,-0.00137894614063383,94.99532789423017,94.8138767736,0.24607007308498144
2025-09-22 13:50:00,95.0816446655146,95.13037631178747,94.81894480972151,94.8619225950253,2309.9458555834635,-0.0023108778909142202,94.9686468343892,94.81824457554775,0.25712513183127633
2025-09-22 14:50:00,94.8619225950253,94.96844510959603,94.77216599305333,94.91273156194713,3937.3796560674054,0.0005356097107447333,94.95746377990079,94.82683430158406,0.2570783251288041
2025-09-22 15:50:00,94.91273156194713,94.99747674359475,94.86715885481617,94.9497137986323,1280.0000887567894,0.0003896446354094696,94.95591378364709,94.83800516495208,0.2530151950170542
2025-09-22 16:50:00,94.9497137986323,95.1195526430698,94.8921491771875,95.0379039686628,1236.8341358195457,0.0009288092244019719,94.97231182065023,94.85617778347124,0.26121640419127345
2025-09-22 17:50:00,95.0379039686628,95.1958801121378,95.01056869026186,95.13910878954945,3151.2825556324497,0.0010648890249096432,95.00567121443008,94.8818987840238,0.2546932941456654
2025-09-22 18:50:00,95.13910878954945,95.21463053947674,95.07854068522408,95.17403633422227,1422.3882203676956,0.0003671207888868988,95.03934423838852,94.90845674313276,0.24691356212548296
2025-09-22 19:50:00,95.17403633422227,95.25691380556538,95.04254000410712,95.05719430882749,3383.437443673052,-0.0012276670181818883,95.04291425247632,94.92197834001409,0.2354630098904837
2025-09-22 20:50:00,95.05719430882749,95.10816438137061,95.0481584274405,95.0675420319935,2889.1706816427663,0.0001088578643757554,95.04783980837976,94.93521140292131,0.23337837306570058
2025-09-22 21:50:00,95.0675420319935,95.07842208927688,95.01446355786413,95.0170261050394,6714.614656763556,-0.0005313688128919525,95.04167706771169,94.94264910311387,0.2071263179913499
2025-09-22 22:50:00,95.0170261050394,95.04130298889459,94.97300716711776,94.97699555700699,3148.0670862284214,-0.00042129868375551105,95.02874076557075,94.94577150801324,0.18594456149182292
2025-09-22 23:50:00,94.97699555700699,95.00721229482707,94.54575612568082,94.61113884246627,2247.7787385279576,-0.003852056094163503,94.94522038094985,94.91535035659987,0.20670091808562116
2025-09-23 00:50:00,94.61113884246627,94.75337205942856,94.57513040653711,94.70959918710777,4488.849525294456,0.0010406844885932909,94.89809614218144,94.89664570482786,0.18437542165712273
2025-09-23 01:50:00,94.70959918710777,94.85697411856674,94.66046739149398,94.84318411808734,3169.6965227717255,0.0014104687605704935,94.88711373736263,94.89178556057873,0.18992019512625852
2025-09-23 02:50:00,94.84318411808734,94.84381844615466,94.69829003338297,94.72025435611025,2016.2130451070118,-0.0012961370194407573,94.85374186111216,94.87619181471796,0.18394287998987124
2025-09-23 03:50:00,94.72025435611025,94.82591152763632,94.68459722226449,94.79523295011441,4220.359165883163,0.0007915793144122052,94.84204007891262,94.86883191793581,0.17179165165457683
2025-09-23 04:50:00,94.79523295011441,95.25244098015544,94.76551164693696,95.20445961447645,10340.604700955346,0.004316954045330501,94.91452398602539,94.89934352671223,0.192552381417133
2025-09-23 05:50:00,95.20445961447645,95.497322609672,95.12116397064348,95.4062367370365,2252.0240014886936,0.0021194083068916125,95.0128665362276,94.94542472765079,0.21011243500641438
2025-09-23 06:50:00,95.4062367370365,95.50346833405239,95.31285269599718,95.47825478473328,2794.177578365098,0.0007548568118800336,95.10594418592875,94.9938638237492,0.20748473301876555
2025-09-23 07:50:00,95.47825478473328,95.5472761005139,95.28919151274862,95.31292628195717,1600.7168752477883,-0.001731582789702868,95.14734060513445,95.0228695017681,0.2126828162965759
2025-09-23 08:50:00,95.31292628195717,95.42197059144452,95.22590076873915,95.33767672246344,1608.1468337435538,0.0002596755914623383,95.18540782860025,95.05148834001312,0.21696709975748366
2025-09-23 09:50:00,95.33767672246344,95.57066407203817,95.30626469531944,95.49097816760282,2171.5005778858545,0.0016079838570606242,95.24652189640076,95.0914419607031,0.22054035513323203
2025-09-23 10:50:00,95.49097816760282,95.58069309909452,94.77333451301969,94.81790859329436,2950.832651031338,-0.007048514814950391,95.16079923577949,95.06657529093866,0.2739226860007114
2025-09-23 11:50:00,94.81790859329436,95.21116951843199,94.80153435377466,95.16057808931188,3402.270633339425,0.0036139744179271016,95.16075500648597,95.07512099988168,0.29861387408960993
2025-09-23 12:50:00,95.16057808931188,95.1736384834655,95.09615336164427,95.12403804178456,2704.6769196688365,-0.0003839830343719264,95.1534116135457,95.07956800369102,0.29927025266420976
2025-09-23 13:50:00,95.12403804178456,95.19442061642836,95.03952478244267,95.0430524195139,2716.317500020737,-0.0008513686333950776,95.13133977473935,95.07624840512946,0.27737308586702725
2025-09-23 14:50:00,95.0430524195139,95.06564903673028,94.92993935948094,94.97590505323747,3195.543056273733,-0.0007064942104346716,95.10025283043898,95.06712628223019,0.2743350876068768
2025-09-23 15:50:00,94.97590505323747,94.99622999758785,94.8985319796293,94.9559375826452,3710.2360630420426,-0.0002102372236523209,95.07138978088022,95.05701821863155,0.2672773226701476
2025-09-23 16:50:00,94.9559375826452,95.0184760242219,94.80018613909021,94.87240868826223,1997.1411691673754,-0.0008796595190299072,95.03159356235663,95.04023553405253,0.2724745706958619
2025-09-23 17:50:00,94.87240868826223,95.20892744822136,94.80611102581697,95.17355023216119,4320.493221134002,0.003174174115136763,95.05998489631754,95.05235505206241,0.29115329334104395
2025-09-23 18:50:00,95.17355023216119,95.33415991302178,95.09046879769204,95.26893460617778,2366.7310062245265,0.0010022151509943011,95.1017748382896,95.07204410243654,0.27377913492041933
2025-09-23 19:50:00,95.26893460617778,95.3588544686922,95.2390146817011,95.25272307078953,3884.377970783665,-0.00017016601954522592,95.13196448478959,95.08846946319589,0.25547064548917575
2025-09-23 20:50:00,95.25272307078953,95.31770739482614,95.19155207107389,95.26458787609286,4414.946932149756,0.00012456132403171338,95.15848916305025,95.1044802280047,0.25086633732467944
2025-09-23 21:50:00,95.26458787609286,95.66244592894977,95.21940935683612,95.58106763696604,2235.776370889199,0.003322113367926427,95.24300485783341,95.14780635609209,0.2640771933495622
2025-09-23 22:50:00,95.58106763696604,95.7753061558391,95.50752039498465,95.69913417929354,5092.457085670752,0.0012352502984789293,95.33423072212544,95.19792706729221,0.26919976036021104
2025-09-23 23:50:00,95.69913417929354,95.71150281588497,95.52940172776428,95.53665117145019,3480.614282633676,-0.0016978524334289036,95.3747148119904,95.2287201676702,0.26332131117463675
2025-09-24 00:50:00,95.53665117145019,95.76446096038555,95.49929423012264,95.75024199475007,1445.9673414792535,0.002235695104243929,95.44982024854234,95.27613124285928,0.22459332147378522
2025-09-24 01:50:00,95.75024199475007,95.96278175623424,95.72512433879204,95.8711970414751,1268.2245958240828,0.0012632348932513082,95.53409560712889,95.33022813364254,0.21230919667270395
2025-09-24 02:50:00,95.8711970414751,95.88685025620283,95.58692834801528,95.64573515288258,1268.0010652921328,-0.002351716631794898,95.55642351627964,95.35891058993708,0.22819753855601327
2025-09-24 03:50:00,95.64573515288258,95.80740486489469,95.59587341368346,95.71434591998866,1204.8668163800187,0.0007173426708091402,95.58800799702145,95.39122289266903,0.23224293978640884
2025-09-24 04:50:00,95.71434591998866,95.77767872341727,95.50317912498741,95.59478286505603,2571.1931011877386,-0.0012491654598212332,95.58936297062837,95.40972834470422,0.24215650558501725
2025-09-24 05:50:00,95.59478286505603,95.76493137201626,95.57632786316144,95.69295314803598,4375.405922941282,0.0010269418480559622,95.6100810061099,95.43547605409802,0.24864975493475125
2025-09-24 06:50:00,95.69295314803598,95.89178523026636,95.62325363265163,95.79736610340993,1617.740400253528,0.001091124810542965,95.6475380255699,95.46837514949,0.25223844868354106
2025-09-24 07:50:00,95.79736610340993,95.87768300798162,95.51882835002952,95.57327614519565,2564.131676298567,-0.002339207927411935,95.63268564949506,95.47791160364505,0.24909832265123452
2025-09-24 08:50:00,95.57327614519565,95.83138686546141,95.4953000579322,95.78349551701811,6465.71796724655,0.002199562265743582,95.66284762299968,95.50569195940624,0.255698014951197
2025-09-24 09:50:00,95.78349551701811,96.02797247217647,95.77701763621626,95.95564617257907,3354.41280034681,0.00179728934125567,95.72140733291556,95.54659688787649,0.2650633755918475
2025-09-24 10:50:00,95.95564617257907,95.97863031843123,95.70017025416522,95.76147300532497,2844.657876436438,-0.0020235720877213037,95.72942046739745,95.5661310803718,0.2759422856285444
2025-09-24 11:50:00,95.76147300532497,95.84489072133086,95.48078463098173,95.56940580230066,8463.399969101367,-0.0020056834653496836,95.69741753437809,95.56642878236534,0.2703043940739361
2025-09-24 12:50:00,95.56940580230066,96.0527396348009,95.48764190974278,95.98934481460432,2001.780293358047,0.004394073697312262,95.75580299042333,95.60487569438706,0.291540962945627
2025-09-24 13:50:00,95.98934481460432,96.16568368367001,95.93278462286828,96.15909606841198,3593.2750067573347,0.0017684385088316823,95.83646160602107,95.65525936475296,0.29516938956570116
2025-09-24 14:50:00,96.15909606841198,96.21108864048526,95.94860088657285,96.00368799084752,3247.6593535744205,-0.0016161557660014925,95.86990688298637,95.68693469439792,0.2949780341120944
2025-09-24 15:50:00,96.00368799084752,96.23031407936669,95.99237430408458,96.13520673912129,3656.7669468448644,0.0013699343330049185,95.92296685421336,95.72768669846367,0.29499820252923165
2025-09-24 16:50:00,96.13520673912129,96.19751757574667,96.01534225274128,96.03463498256268,3336.7841743505414,-0.0010461490641147098,95.94530047988323,95.75559108792721,0.2865877321590773
2025-09-24 17:50:00,96.03463498256268,96.32439628097961,95.9736795522801,96.29739455377013,1523.2941458083542,0.0027360917366443527,96.01571929466061,95.8048459484584,0.29652953769395446
2025-09-24 18:50:00,96.29739455377013,96.37793645521154,96.14129356306145,96.22286171530077,4511.6604851089005,-0.0007739860337316884,96.05714777878865,95.8428473818077,0.2938254872453996
2025-09-24 19:50:00,96.22286171530077,96.53603524571089,96.13468333519776,96.46188717179291,4722.514915480972,0.0024840817684197436,96.13809565738951,95.8991237263518,0.30902180164956405
2025-09-24 20:50:00,96.46188717179291,96.65416121258262,96.39893657320953,96.615722153942,1180.13819986355,0.0015947747515567823,96.23362095670002,95.96426903795091,0.30807130463230387
2025-09-24 21:50:00,96.615722153942,96.61656509642253,96.20830278886147,96.28502205415967,2743.262318188558,-0.0034228393931104995,96.24390117619195,95.9934284030608,0.31160042246151576
2025-09-24 22:50:00,96.28502205415967,96.81598283806936,96.19704418461461,96.72737202198871,1628.4275077341506,0.0045941721608604436,96.34059534535132,96.06015055023607,0.3318041257419111
2025-09-24 23:50:00,96.72737202198871,96.80497765095451,96.47409783989372,96.56647868408031,1603.1160815145245,-0.0016633692670966482,96.38577201309712,96.10618038058554,0.3375130525348098
2025-09-25 00:50:00,96.56647868408031,96.612074476602,96.47369839688935,96.55927782529791,2469.6499844162677,-7.456892785695501e-05,96.42047317553728,96.14737105737757,0.3275070536381414
2025-09-25 01:50:00,96.55927782529791,96.72589672202088,96.48115094957531,96.67126552906478,2067.5777581259817,0.0011597819110606977,96.4706316462428,96.19499782753095,0.31898131664503027
2025-09-25 02:50:00,96.67126552906478,96.68119320885889,96.44804908136342,96.46621275665021,6465.260071832846,-0.0021211346649115947,96.46974786832428,96.21965373017815,0.29527034539055463
2025-09-25 03:50:00,96.46621275665021,96.6436343053625,96.42440683737132,96.59241319361338,4811.49656010969,0.0013082345969310794,96.4942809333821,96.2535409541268,0.2942938030469437
2025-09-25 04:50:00,96.59241319361338,96.75998775315584,96.58861382305717,96.75303661844926,5084.292679410912,0.0016628989744145173,96.54603207039554,96.29894965088339,0.2877856727745335
2025-09-25 05:50:00,96.75303661844926,96.7725000286576,96.5329938553056,96.59048821466057,6000.548471976212,-0.001680034130915331,96.55492329924856,96.3254531566813,0.2878975583509537
2025-09-25 06:50:00,96.59048821466057,96.59396103399266,96.30382398114108,96.36246310842743,3204.683321646301,-0.0023607407980625883,96.51643126108434,96.32881769774913,0.29560911048282384
2025-09-25 07:50:00,96.36246310842743,96.36606869827659,96.19691702901535,96.20684269915198,4710.370770720773,-0.0016149484379653911,96.45451354869788,96.31772906151302,0.2826401776658045
2025-09-25 08:50:00,96.20684269915198,96.2388015393319,95.85335811970263,95.92120890146178,1461.810357599901,-0.002968955114589944,96.34785261925066,96.28168177423564,0.29326878677146034
2025-09-25 09:50:00,95.92120890146178,95.98307140131836,95.83981598184126,95.89009122699083,2451.7633622174576,-0.00032440869779815085,96.2563003407987,96.24608263357702,0.27483332312602976
2025-09-25 10:50:00,95.89009122699083,95.94706311383666,95.70815962331154,95.75329226719754,2043.0893132861647,-0.0014266224804131422,96.15569872607847,96.20128350936069,0.2736675267797456
2025-09-25 11:50:00,95.75329226719754,95.82979496332507,95.60277429955933,95.6779334126743,2404.5738526883874,-0.0007870105845858566,96.06014566339763,96.15370622784374,0.26072169508008003
2025-09-25 12:50:00,95.6779334126743,95.82191422428131,95.60843196823349,95.74993115808337,1281.8846860439369,0.0007525010505664564,95.99810276233478,96.11699940332007,0.23176052383672843
2025-09-25 13:50:00,95.74993115808337,95.89900323797939,95.74279720433573,95.89601083354286,3011.416527557945,0.0015256373941232582,95.9776843765764,96.09690953334032,0.2192838254497898
2025-09-25 14:50:00,95.89601083354286,95.96488593000042,95.58311327467284,95.66240950378997,2589.229431483753,-0.002435985894745696,95.91462940201912,96.05740953065393,0.23666929513657006
2025-09-25 15:50:00,95.66240950378997,95.68277639402969,95.53857424006243,95.59043708465948,9740.206161678672,-0.0007523584185660237,95.84979093854719,96.01495749010897,0.2294876081024049
2025-09-25 16:50:00,95.59043708465948,95.737291817725,95.53552214831521,95.66543235438922,1681.7259609955597,0.0007845478273451612,95.8129192217156,95.98318247777081,0.22724657538199924
2025-09-25 17:50:00,95.66543235438922,95.71129878766504,95.58548167239968,95.60013941673496,3775.731138620809,-0.0006825133807203398,95.77036326071948,95.94836038131301,0.22057440733015557
2025-09-25 18:50:00,95.60013941673496,95.6751648067302,95.4678601632004,95.53124944786252,4230.257310309404,-0.0007206053180752736,95.72254049814809,95.91044120554479,0.2231408868609504
2025-09-25 19:50:00,95.53124944786252,95.68567978016242,95.44416192624469,95.62468194909293,2859.4271175406802,0.0009780307676328093,95.70296878833706,95.88446309132189,0.2232845783299311
2025-09-25 20:50:00,95.62468194909293,95.68489892099431,95.48275598157842,95.56294542293008,1636.5822261596863,-0.0006456128784377846,95.67496411525566,95.85523421237718,0.21699928451309652
2025-09-25 21:50:00,95.56294542293008,95.62192531572924,95.45301502640538,95.47636078556953,2961.8478552094252,-0.0009060482279754645,95.63524344931844,95.82079117357648,0.21698204308899807
2025-09-25 22:50:00,95.47636078556953,95.62796182575723,95.45185517605404,95.56875462036099,3256.66067136342,0.0009677142491739676,95.62194568352696,95.7978787596478,0.20202941666570645
2025-09-25 23:50:00,95.56875462036099,95.7320249627662,95.5396968623663,95.65834324215598,1934.607091902445,0.0009374258579686323,95.62922519525277,95.78519371260309,0.20553460816019253
2025-09-26 00:50:00,95.65834324215598,95.7009404104352,95.38066640184829,95.40964431082078,2163.508734605426,-0.0025998665971626034,95.58530901836637,95.7510528578956,0.21134678802174886
2025-09-26 01:50:00,95.40964431082078,95.41882734444276,95.0767173376906,95.14292317048627,1737.9173031887635,-0.0027955364707743513,95.49683184879035,95.6957683408584,0.2195674553779219
2025-09-26 02:50:00,95.14292317048627,95.21051902052648,95.07856631214234,95.14615283222919,3196.789864464356,3.3945370136789776e-05,95.42669604547812,95.64580329461937,0.21374391625908679
2025-09-26 03:50:00,95.14615283222919,95.20288568633055,94.71732233396095,94.81171317443489,2042.179160848272,-0.00351500978062691,95.30369947126948,95.56997692005714,0.23726943902522532
2025-09-26 04:50:00,94.81171317443489,94.8329799481981,94.49911893963859,94.57419654612106,4354.705225266656,-0.002505140138928219,95.1577988862398,95.4794514315175,0.23384717854179168
2025-09-26 05:50:00,94.57419654612106,94.77715917362113,94.49652871344023,94.71431100204552,2903.971626416265,0.00148152943447033,95.06910130940095,95.4098932106564,0.24359205755705204
2025-09-26 06:50:00,94.71431100204552,94.75225571329524,94.61616298801108,94.62300657852096,3923.623627970063,-0.0009639981810414255,94.97988236322496,95.33835806228045,0.23890084726236438
2025-09-26 07:50:00,94.62300657852096,94.63405202578383,94.52015272830768,94.5749046617632,3251.0063728146115,-0.0005083532905694188,94.89888682293261,95.26895320768797,0.23804957456313502
2025-09-26 08:50:00,94.5749046617632,94.66837088083224,94.48218437007677,94.60101057717513,2017.6741879786503,0.0002760342768020063,94.83931157378112,95.20823115036862,0.23654113650782652
2025-09-26 09:50:00,94.60101057717513,94.67488820970331,94.51267177984367,94.608016486473,2515.9390291002524,7.405744669242154e-05,94.7930525563195,95.15366618092357,0.230876749075106
2025-09-26 10:50:00,94.608016486473,94.61063552952876,94.34794983402746,94.3907584686732,3747.6171869428845,-0.002296401783572599,94.71259373879025,95.08431093435534,0.23520123165263535
2025-09-26 11:50:00,94.3907584686732,94.39130191962852,94.37905229883413,94.38452102266915,5138.949416033844,-6.608110905392817e-05,94.64697919556603,95.0206936696566,0.22401118390053046
2025-09-26 12:50:00,94.38452102266915,94.54508356196973,94.30979821031818,94.48667819889613,2742.6289098263546,0.0010823509524664487,94.61491899623205,94.97214680867837,0.22823823403969964
2025-09-26 13:50:00,94.48667819889613,94.56497273107696,94.2632508952639,94.35101288356506,879.6922321629418,-0.0014358142112425032,94.56213777369865,94.91568008821352,0.2360520722834971
2025-09-26 14:50:00,94.35101288356506,94.42905531594154,94.06271303893898,94.10008036561815,5969.5374050415385,-0.0026595635836635934,94.46972629208256,94.84153465888667,0.23934266288461511
2025-09-26 15:50:00,94.10008036561815,94.20060179082249,94.01444654316012,94.14018555636117,1442.3555405686714,0.00042619719969616554,94.40381814493828,94.77777564956617,0.22820303723534405
2025-09-26 16:50:00,94.14018555636117,94.38096462627523,94.06548564063186,94.3422962023372,3308.754569865718,0.002146911489302461,94.39151375641808,94.73818660890899,0.24131205703957498
2025-09-26 17:50:00,94.3422962023372,94.41462821421698,94.27869390437091,94.34789397886043,1612.3331705080095,5.933474961450358e-05,94.38278980090655,94.70270546072275,0.21633855400217986
2025-09-26 18:50:00,94.34789397886043,94.37752663028161,94.27733547143654,94.28357538471629,3049.457969515987,-0.0006817173275595056,94.3629469176685,94.66460272654035,0.19964785045114805
2025-09-26 19:50:00,94.28357538471629,94.43170899558102,94.272660342008,94.36513814777389,3555.5261658534723,0.0008650792327804524,94.36338516368959,94.63737867392521,0.19096343569344246
2025-09-26 20:50:00,94.36513814777389,94.44025917031996,94.31945308872636,94.3783717080567,2413.5841462964963,0.00014023780966754273,94.36638247256302,94.61383258611899,0.1898715325726883
2025-09-26 21:50:00,94.3783717080567,94.45426343634452,94.00224684222087,94.01973365704026,4608.895067089616,-0.0038000025273356997,94.29705270945847,94.55982359256637,0.21402276804750947
2025-09-26 22:50:00,94.01973365704026,94.28381713267679,93.95648328213856,94.21077632828288,2092.829989661582,0.0020319422722414604,94.27979743322335,94.52809202308605,0.2241047208891343
2025-09-26 23:50:00,94.21077632828288,94.40642617640633,94.137009157763,94.35423442946158,2339.136985636032,0.0015227355804692255,94.294684832471,94.512286787302,0.2317619058022546
2025-09-27 00:50:00,94.35423442946158,94.42280515961143,94.19250566471257,94.27016107255034,3115.266474964197,-0.0008910395746372091,94.28978008048688,94.49027535868821,0.22944860575922274
2025-09-27 01:50:00,94.27016107255034,94.40660042577902,94.22580062977836,94.36632984453706,3435.905439065631,0.0010201401047009728,94.30509003329692,94.47900758467446,0.24148790398824158
2025-09-27 02:50:00,94.36632984453706,94.4597565559528,94.12289286224546,94.19280175777935,4003.5685254173177,-0.001838877140221462,94.28263237819341,94.45298887313854,0.24874349984936828
2025-09-27 03:50:00,94.19280175777935,94.26314328924188,94.00880288045386,94.01720849959648,3723.5187064464467,-0.001864189777839087,94.22954760247403,94.4133724755438,0.24535911220472226
2025-09-27 04:50:00,94.01720849959648,94.02337609845927,93.81982543107077,93.89144437770291,3452.287733222022,-0.0013376713040156307,94.16192695751981,94.36592446664916,0.2337311400894322
2025-09-27 05:50:00,93.89144437770291,93.92633739391432,93.63703820971097,93.6947778798707,4070.3459818258134,-0.0020946157462555792,94.06849714199,94.30491114057838,0.2410985641280742
2025-09-27 06:50:00,93.6947778798707,93.70470562930042,93.48397289679401,93.5625647666743,4516.238325569086,-0.0014111043986455574,93.96731066692686,94.2374251065871,0.23433097461829128
2025-09-27 07:50:00,93.5625647666743,93.81624301047363,93.48520480063195,93.74161144584095,1448.3658366313587,0.0019136572368783078,93.92217082270969,94.19235113742835,0.24826696747512095
2025-09-27 08:50:00,93.74161144584095,93.75990895197288,93.6910006281703,93.74748560349701,3854.847257354537,6.266328864490411e-05,93.88723377886716,94.15190881616186,0.24603247925780028
2025-09-27 09:50:00,93.74748560349701,93.79614734931947,93.587140759103,93.61287209682423,2450.4681400319155,-0.0014359159161038137,93.83236144245858,94.10290547804026,0.2496009033037611
2025-09-27 10:50:00,93.61287209682423,93.84100780584379,93.58643971436166,93.80474270330897,5747.218822616018,0.0020496177735715992,93.82683769462867,94.0757997712465,0.25915533258151313
2025-09-27 11:50:00,93.80474270330897,94.22003013801087,93.7528835116517,94.19328030963446,2672.780994452084,0.004141982538712119,93.90012621762983,94.08647982019085,0.26023604916976445
2025-09-27 12:50:00,94.19328030963446,94.4479203824125,94.13158879389246,94.43073284922944,2156.8385684864293,0.0025209074236975937,94.00624754394975,94.11777555010345,0.2594501733113229
2025-09-27 13:50:00,94.43073284922944,94.4678856559999,94.20665664441599,94.2880893582095,5092.686119816146,-0.0015105621519181378,94.06261590680171,94.13325862356763,0.2588653156642217
2025-09-27 14:50:00,94.2880893582095,94.74230045573901,94.22771131434942,94.69043302751552,1895.677895042599,0.004267173850320383,94.18817933094448,94.18391084210835,0.27917171898498844
2025-09-27 15:50:00,94.69043302751552,94.73373874627467,94.63072280133065,94.64091116027814,2445.777334505026,-0.0005229870183717233,94.27872569681122,94.22545632557832,0.2736157296238001
2025-09-27 16:50:00,94.64091116027814,94.64787676327245,94.60086821982867,94.63074009060895,4542.428949483074,-0.00010747011566658582,94.34912857557077,94.26230030421746,0.2529117903192609
2025-09-27 17:50:00,94.63074009060895,94.8027568560635,94.58994543701931,94.7350569399287,1462.348200640998,0.0011023569003039135,94.42631424844237,94.30527818019121,0.24994543390898677
2025-09-27 18:50:00,94.7350569399287,94.80288378468269,94.66421473165958,94.76034339443756,3361.343583035991,0.00026691760500963113,94.49312007764141,94.3466477451227,0.24531103288288744
2025-09-27 19:50:00,94.76034339443756,94.92233170026421,94.74334848629027,94.91022634409808,5200.4801823062335,0.001581705429629432,94.57654133093274,94.39788216321136,0.237431320723643
2025-09-27 20:50:00,94.91022634409808,95.07995701262962,94.89395883679899,94.99804134825396,5578.331281635773,0.0009252428061599094,94.66084133439699,94.45244208912432,0.23495028096108786
2025-09-27 21:50:00,94.99804134825396,95.00711485130435,94.94976577208048,94.96874517277575,2587.6918136100876,-0.00030838715264469574,94.72242210207274,94.49937873309263,0.21540105734552992
2025-09-27 22:50:00,94.96874517277575,95.01953902598837,94.82991337038594,94.88027949023065,5574.120706529035,-0.0009315241807624774,94.75399357970433,94.53400607465062,0.22402372390266226
2025-09-27 23:50:00,94.88027949023065,94.91834973924493,94.77869468476415,94.84757098103142,2873.090265830491,-0.0003447345367758592,94.77270905996976,94.56251197523069,0.21907004277868428
2025-09-28 00:50:00,94.84757098103142,95.15154108556048,94.76104244629653,95.08834231475156,4024.67434250897,0.002538508168736131,94.83583571092612,94.61031473336895,0.22877936762024323
2025-09-28 01:50:00,95.08834231475156,95.31484975972242,95.01924060836403,95.23804290334425,6420.398962283,0.0015743316683045627,94.91627714940975,94.66738093063942,0.21652669083447357
2025-09-28 02:50:00,95.23804290334425,95.29238739969453,95.2073699856152,95.26767376728768,2803.735034741953,0.0003111242423734506,94.98655647298534,94.72195300669836,0.20000424980299414
2025-09-28 03:50:00,95.26767376728768,95.41592348882193,95.25922421638458,95.4094526720143,2057.5525367305477,0.0014882162975129454,95.07113571279113,94.78445297627253,0.19253783986395437
2025-09-28 04:50:00,95.4094526720143,95.47402626436656,95.33894119099794,95.47394727626506,7403.330888729465,0.0006759770907864837,95.15169802548593,94.84713427627185,0.1654304064338845
2025-09-28 05:50:00,95.47394727626506,95.78667335262229,95.41884879430282,95.70148710683635,2132.858285852561,0.0023832661900200502,95.26165584175602,94.92480271541407,0.18434530738927382
2025-09-28 06:50:00,95.70148710683635,95.7244842461972,95.36689646349413,95.42676295149121,7932.359681032324,-0.002870636221550593,95.29467726370306,94.97043546414835,0.20652953876493793
2025-09-28 07:50:00,95.42676295149121,95.56893193546006,95.35996633926993,95.4982551443284,3046.799076118543,0.0007491838832835995,95.33539283982813,95.01841907143745,0.20625483713250503
2025-09-28 08:50:00,95.4982551443284,95.83439864077285,95.46335143008704,95.82058297341842,3843.3533361106015,0.0033752221818386108,95.4324308665462,95.09134306252663,0.22285327696555463
2025-09-28 09:50:00,95.82058297341842,95.87562970198125,95.65594462334472,95.70447109406982,1591.604787175986,-0.0012117634410637734,95.48683891205093,95.1470819744851,0.22576055301288278
2025-09-28 10:50:00,95.70447109406982,95.71799083237283,95.40930674568692,95.46565270910506,3322.6380984323196,-0.002495373332453976,95.48260167146175,95.17604295035964,0.2345238323596886
2025-09-28 11:50:00,95.46565270910506,95.70963010894867,95.41740726376193,95.67327325154119,4363.0646639404285,0.0021748192836303915,95.52073598747765,95.2212457050125,0.2513005299284653
2025-09-28 12:50:00,95.67327325154119,95.71644379129364,95.48254801667846,95.54198808473895,4475.717990308068,-0.00137222405318016,95.52498640692991,95.25040410316946,0.25446268128651894
2025-09-28 13:50:00,95.54198808473895,95.82603412640282,95.49787519643382,95.79700441104116,2726.428307395711,0.002669154488140091,95.57939000775217,95.3000950402487,0.267927243821391
2025-09-28 14:50:00,95.79700441104116,95.86965852476446,95.49496551300047,95.58993002712896,1776.8821301496387,-0.0021615956071412423,95.58149801162753,95.32644367541964,0.2667982704285369
2025-09-28 15:50:00,95.58993002712896,95.63759760435867,95.42446218616787,95.45981372911447,7195.258991716638,-0.0013611925228688149,95.55716115512492,95.33856822575554,0.2609072894879948
2025-09-28 16:50:00,95.45981372911447,95.56931739565272,95.4565903121604,95.52852083545534,2277.31938409277,0.0007197490091048753,95.551433091191,95.35583664481915,0.2628865515889223
2025-09-28 17:50:00,95.52852083545534,95.56479113124647,95.48676040528093,95.5583117343097,5860.8009917489035,0.0003118534506116877,95.55280881981474,95.37424347113647,0.2572673696980782
2025-09-28 18:50:00,95.5583117343097,95.91940010422175,95.5381565600478,95.85516820210889,1959.990777905085,0.003106547849281549,95.61328069627358,95.41796390122487,0.2748501176127454
2025-09-28 19:50:00,95.85516820210889,95.91542252228206,95.5972054348892,95.68369069949962,3793.676261532985,-0.0017889228700502802,95.6273626969188,95.4421208828862,0.27130672683227275
2025-09-28 20:50:00,95.68369069949962,95.69352154787795,95.51300258650433,95.5266603377407,2823.044374044456,-0.0016411403093981036,95.60722222508318,95.44980628787297,0.25865895388016874
2025-09-28 21:50:00,95.5266603377407,95.7802211788956,95.44534480133564,95.72004477417923,4191.337157679051,0.0020244027767202244,95.6297867349024,95.47437342299172,0.26765258112087154
2025-09-28 22:50:00,95.72004477417923,95.72663533532118,95.5067759241232,95.51079491536535,2490.823481468452,-0.0021860610210487907,95.605988370995,95.47768446775295,0.2568534525860266
2025-09-28 23:50:00,95.51079491536535,95.74425798613277,95.44537198611965,95.72755518266499,3706.513617738572,0.0022694844859338925,95.63030173332899,95.50039998729041,0.2625106612557825
2025-09-29 00:50:00,95.72755518266499,95.80599118600568,95.63425702849887,95.72853653929614,1799.941845343839,1.0251558490992352e-05,95.64994869452242,95.52113967383639,0.25272852345727564
2025-09-29 01:50:00,95.72853653929614,95.77541770648139,95.44367132434682,95.50842187671815,4480.167750765061,-0.0022993630795519193,95.62164333096158,95.519983510462,0.2555516332392632
2025-09-29 02:50:00,95.50842187671815,95.69149116535529,95.42442466989998,95.61666756090524,3683.711406850166,0.0011333627135712288,95.62064817695031,95.5287729695932,0.2579209704421298
2025-09-29 03:50:00,95.61666756090524,95.67547755712467,95.47960150894477,95.50501522390864,2201.1176167974527,-0.0011677078886427328,95.59752158634198,95.52661317453097,0.24847219317148017
2025-09-29 04:50:00,95.50501522390864,95.57704072068339,95.30750926943823,95.33374808545344,5735.246912925093,-0.0017932790027170853,95.54476688616428,95.50907998461483,0.24096065313442036
2025-09-29 05:50:00,95.33374808545344,95.56427099499392,95.27700766047464,95.51616046714312,1664.218938897091,0.001913408266778438,95.53904560236006,95.50972366484467,0.24625550430074025
2025-09-29 06:50:00,95.51616046714312,95.69115400978121,95.45992361993734,95.64628121538703,2614.429892297643,0.0013622903978502965,95.56049272496546,95.52213798762125,0.2547200261829943
2025-09-29 07:50:00,95.64628121538703,95.6920560774245,95.61337872955608,95.62283983149567,2073.319594512828,-0.00024508411193302493,95.57296214627151,95.53129270070075,0.254766213461772
2025-09-29 08:50:00,95.62283983149567,95.74282611523344,95.61871319744968,95.72372549544617,2186.7058183627037,0.001055037312511109,95.60311481610644,95.54878659113214,0.23639974014818677
2025-09-29 09:50:00,95.72372549544617,95.74544884276202,95.530788660538,95.57119363644502,2677.9884384615257,-0.0015934592830740835,95.59673058017415,95.55082359525149,0.2290028183504132
2025-09-29 10:50:00,95.57119363644502,95.75796849087173,95.50914713280272,95.74764515951838,1481.1296185759825,0.0018462835542747413,95.626913496043,95.56871646473029,0.23388156097151228
2025-09-29 11:50:00,95.74764515951838,95.76681659947364,95.61097171110885,95.66980551758503,2940.8029814360602,-0.0008129666458498441,95.63549190035141,95.57790637862617,0.22109359745757168
2025-09-29 12:50:00,95.66980551758503,95.72600432920257,95.33499610115655,95.371110637684,3995.8019190343,-0.0031221436929348423,95.58261564781793,95.55910676581324,0.23331851294671782
2025-09-29 13:50:00,95.371110637684,95.45052939923686,95.28622930769464,95.31286651496174,7368.2103592968415,-0.000610710332854647,95.52866582124669,95.5367212884631,0.22370523377022522
2025-09-29 14:50:00,95.31286651496174,95.39824498117993,95.19050947109585,95.26908733975027,4705.438769574863,-0.00045932072774867994,95.47675012494742,95.5123909294892,0.22627675895431512
2025-09-29 15:50:00,95.26908733975027,95.27718248332489,95.11810954209969,95.19871652317453,1096.8194388528282,-0.000738653203685935,95.42114340459284,95.48387507436968,0.21394294174650344
2025-09-29 16:50:00,95.19871652317453,95.22647322239222,95.05990414093517,95.10317419854003,1624.327162614836,-0.0010036093775617205,95.35754956338228,95.4492659038397,0.20676455503234134
2025-09-29 17:50:00,95.10317419854003,95.19702156755609,95.03645123171366,95.17305287040857,3461.2053178774386,0.000734766977626311,95.32065022478754,95.42415562807324,0.20424271843680838
2025-09-29 18:50:00,95.17305287040857,95.26737191106658,94.85131429035535,94.90313731896339,5201.5780931357685,-0.0028360501560531493,95.23714764362272,95.37679032724506,0.21470887339867062
2025-09-29 19:50:00,94.90313731896339,95.03807371563451,94.86068928516471,94.99411668334173,3388.2506483545394,0.0009586549712530257,95.18854145156652,95.34200181416294,0.20686038025227912
2025-09-29 20:50:00,94.99411668334173,95.00815116885522,94.85196485266253,94.87454068278475,1905.0634909188288,-0.0012587726980564096,95.12574129781018,95.29950534767401,0.2015000892771945
2025-09-29 21:50:00,94.87454068278475,94.94209448071152,94.56656072093483,94.58716770293132,3453.764049226219,-0.003028978878688471,95.01802657883441,95.23474737997013,0.2227041186992135
2025-09-29 22:50:00,94.58716770293132,94.64303246972273,94.4977464437942,94.63669506705004,3807.2787680991732,0.0005236161027071251,94.94176027647754,95.18037898788648,0.2242164835666967
2025-09-29 23:50:00,94.63669506705004,95.03376911540364,94.62590277323855,94.99525392513029,3282.956612039979,0.00378879310848923,94.95245900620809,95.16354943672683,0.23801692356248744
2025-09-30 00:50:00,94.99525392513029,95.106832261783,94.92203124437079,95.06822364577724,5188.540413186242,0.0007681406978969907,94.97561193412193,95.15488345573141,0.233444042087002
2025-09-30 01:50:00,95.06822364577724,95.14822259351976,95.05071183502864,95.14627078217815,1274.6914790512699,0.0008209592375651997,95.00974370373318,95.15410048540838,0.2292773185245969
2025-09-30 02:50:00,95.14627078217815,95.40032496381738,95.14351184514055,95.36759799703442,2379.0409369900344,0.0023261785568344795,95.08131456239343,95.17350935010165,0.21969195356965493
2025-09-30 03:50:00,95.36759799703442,95.38914429856628,95.02296808015475,95.08668847278369,1773.3114400678253,-0.0029455447148775127,95.0823893444715,95.16561654307274,0.23411167691746268
2025-09-30 04:50:00,95.08668847278369,95.09792423553081,94.81061495929221,94.89102205348013,1586.3796930833,-0.002057768783898406,95.04411588627323,95.14065340765524,0.23979551735707158
2025-09-30 05:50:00,94.89102205348013,95.32946613079726,94.82139238037148,95.31198376297887,2209.191970024111,0.004436264889859487,95.09768946161437,95.15622889450283,0.2647241465856841
2025-09-30 06:50:00,95.31198376297887,95.39979537886165,94.85602814201238,94.94056046931907,1935.5060198513386,-0.003896921236929196,95.06626366315531,95.13662267403157,0.2916668719708438
2025-09-30 07:50:00,94.94056046931907,95.28489759535641,94.93593526492684,95.2178743900681,6151.588314526997,0.002920921462630899,95.09658580853788,95.14400919367125,0.30512344301278205
2025-09-30 08:50:00,95.2178743900681,95.3757815398424,95.13604230573121,95.28556185260591,2679.752640310155,0.0007108692876351963,95.13438101735149,95.15687761721077,0.2925292725413503
2025-09-30 09:50:00,95.28556185260591,95.42495043684212,95.25446840014718,95.37834678874279,2077.81376712953,0.000973756509726087,95.18317417162976,95.17701117825914,0.2920362444145752
2025-09-30 10:50:00,95.37834678874279,95.44217027747095,95.29268151699581,95.32399740802808,3391.4462261398457,-0.0005698293432899737,95.21133881890943,95.19037356278358,0.2915578475776073
2025-09-30 11:50:00,95.32399740802808,95.48405362671706,95.30382997110729,95.41032404053033,1565.5387881928393,0.00090561280317214,95.25113586323361,95.21036906076056,0.27760712585139863
2025-09-30 12:50:00,95.41032404053033,95.70626817832066,95.31755423257498,95.6269061214145,4565.159752969183,0.002270006763546606,95.32628991486979,95.24823606627454,0.29499483440976654
2025-09-30 13:50:00,95.6269061214145,95.7885722182548,95.5700205507694,95.72663429965334,2727.903026532572,0.0010428882652777638,95.4063587918265,95.29172681476352,0.2814723576469313
2025-09-30 14:50:00,95.72663429965334,95.75812193624664,95.64945973000978,95.70703287141656,1569.2661171478246,-0.00020476462355734082,95.46649360774452,95.32948191082288,0.276033871134406
2025-09-30 15:50:00,95.70703287141656,95.7472425296922,95.54433979924863,95.61359965205499,3728.703264226396,-0.0009762419391592392,95.49591481660663,95.35531079638943,0.28356186913100906
2025-09-30 16:50:00,95.61359965205499,95.9780903226311,95.58315173197715,95.94890622540274,2265.4497204993127,0.0035068920589536035,95.58651309836586,95.40927401720882,0.29342797427223183
2025-09-30 17:50:00,95.94890622540274,96.06840778647106,95.88217043575065,96.03948934638258,2322.82124756182,0.0009440766397799116,95.67710834796921,95.46656631986097,0.2805751980085804
2025-09-30 18:50:00,96.03948934638258,96.11274748414876,95.75940180076587,95.77482959735958,3177.4139546940946,-0.0027557388197729793,95.69665259784729,95.49459025417903,0.2852920842331719
2025-09-30 19:50:00,95.77482959735958,95.81602564784846,95.75124579463275,95.7544187305323,4154.89725156758,-0.00021311305812909964,95.7082058243843,95.5182110247566,0.2536282344324527
2025-09-30 20:50:00,95.7544187305323,95.78901037741252,95.34927003396477,95.40082083190664,2280.58781147967,-0.00369275802948299,95.64672882588877,95.50753918904296,0.24619774204662953
2025-09-30 21:50:00,95.40082083190664,95.4959156153114,95.38229541122524,95.4762062998534,3916.3583704146135,0.0007901972675852242,95.6126243206817,95.50469074457118,0.2293875901649573
2025-09-30 22:50:00,95.4762062998534,95.54392127371432,95.23373616875534,95.23658227418427,8046.21022022783,-0.0025097774090077074,95.53741591138223,95.48031724726327,0.2344194380826567
2025-09-30 23:50:00,95.23658227418427,95.30748824443373,95.21643437065649,95.27431955099418,8449.523400976721,0.0003962477013430554,95.48479663930462,95.46159018396608,0.22874599787424899
2025-10-01 00:50:00,95.27431955099418,95.69219147636996,95.23219813680528,95.629987005321,4175.251001091675,0.003733088370538873,95.5138347125079,95.47689898590744,0.25092489638064464
2025-10-01 01:50:00,95.629987005321,96.1263747383979,95.54859302536687,96.03192375263495,3043.095995876742,0.004203040906944677,95.61745252053332,95.52735578288267,0.2793219004821635
2025-10-01 02:50:00,96.03192375263495,96.4805323854995,96.01572481117681,96.38874178010121,6010.814275696325,0.0037156188642577526,95.7717103724469,95.60566360081162,0.2847571596662358
2025-10-01 03:50:00,96.38874178010121,96.48032549825597,96.29749366296242,96.35132729474535,4098.174579943379,-0.0003881624001402795,95.8876337569066,95.67345120935106,0.2822057430811031
2025-10-01 04:50:00,96.35132729474535,96.37287082384283,96.2824223571429,96.34542891443762,3396.910018459741,-6.121742661291396e-05,95.9791927884128,95.73454009163166,0.2809047616856079
2025-10-01 05:50:00,96.34542891443762,96.53174384676151,96.33568404313387,96.52706921353435,6002.105636302806,0.0018853027190115501,96.08876807343711,95.80658819362282,0.28041598119875644
2025-10-01 06:50:00,96.52706921353435,96.54930175831403,96.23641009109367,96.30147660293093,2452.609631144447,-0.0023370916825866672,96.13130977933588,95.85157804901446,0.2745554866677854
2025-10-01 07:50:00,96.30147660293093,96.38465203176973,96.26574075705183,96.29797484294387,2406.2650211532186,-3.636247449767538e-05,96.16464279205748,95.89215957573532,0.2697464812390353
2025-10-01 08:50:00,96.29797484294387,96.38439193454634,95.9944136841269,96.07531678347718,11887.663270507352,-0.002312178006129817,96.14677759034143,95.90881023098459,0.2723630931702183
2025-10-01 09:50:00,96.07531678347718,96.12374068549585,95.85912539491005,95.87451657921102,3172.234704333432,-0.002090029062497889,96.09232538811536,95.9056926262779,0.28663705298236714
2025-10-01 10:50:00,95.87451657921102,96.06045852778614,95.78490023315514,95.98943151115573,1638.7573012849582,0.0011985972502899234,96.07174661272343,95.91330525217587,0.2749097637811703
2025-10-01 11:50:00,95.98943151115573,96.04710799284692,95.79819958088346,95.84644429201707,1970.6191948888318,-0.0014896141886415748,96.02668614858216,95.90722698307053,0.2845732072009771
2025-10-01 12:50:00,95.84644429201707,95.92160055002701,95.80353947453229,95.91730825687249,3217.170747328657,0.0007393489177283108,96.00481057024022,95.90814346250707,0.27085006223924474
2025-10-01 13:50:00,95.91730825687249,95.94047985409196,95.6211816548818,95.71096785925178,1981.1084094055484,-0.002151232153722593,95.94604202804254,95.89021840766567,0.28715322834159657
2025-10-01 14:50:00,95.71096785925178,96.12922821852902,95.66621111242121,96.05130336590145,1791.1579303200033,0.0035558673604696445,95.96709429561433,95.90486249477802,0.28736921166610635
2025-10-01 15:50:00,96.05130336590145,96.51015778110663,96.00772578944627,96.41657793038846,2758.8713546325116,0.003802911066136394,96.05699102256916,95.95138207983351,0.28198708871105843
2025-10-01 16:50:00,96.41657793038846,96.48393001791122,96.07577820101511,96.09908975486682,4969.737113787158,-0.0032928795269092648,96.0654107690287,95.96481005029108,0.27794024889487395
2025-10-01 17:50:00,96.09908975486682,96.21733758967797,96.07814513326308,96.13553981718839,3056.064608681829,0.0003792966448958879,96.07943657866065,95.98033093819083,0.27482315040354166
2025-10-01 18:50:00,96.13553981718839,96.59696186493896,96.0699895206508,96.50953796793709,6351.393162400719,0.0038903214301380107,96.16545685651595,96.02844066816776,0.30600342737413044
2025-10-01 19:50:00,96.50953796793709,96.73108246618477,96.48101559403254,96.72368882389893,5845.58559136727,0.002218960534584369,96.27710324999255,96.0916450459615,0.30986107512588645
2025-10-01 20:50:00,96.72368882389893,96.99748565101416,96.70941018550062,96.91859269082444,3715.7736282689043,0.0020150582478337675,96.40540113815894,96.1668221045854,0.3080884892896855
2025-10-01 21:50:00,96.91859269082444,97.30406300737194,96.90107261472833,97.29730196837856,5371.819372548243,0.003907498726918535,96.58378130420287,96.26959300129387,0.32837985485580695
2025-10-01 22:50:00,97.29730196837856,97.46148491916588,97.27449290322272,97.36697540877665,2191.628998110037,0.0007160881030465749,96.74042012511764,96.36935503833776,0.3138808381075009
2025-10-01 23:50:00,97.36697540877665,97.56872379929239,97.34080123872911,97.49613964138716,4187.045600784339,0.0013265712739687352,96.89156402837155,96.47179000225134,0.31125992882017783
2025-10-02 00:50:00,97.49613964138716,97.57761823091202,97.39269805213286,97.40725129791467,1458.6308785851306,-0.0009117114154411077,96.99470148228018,96.55683193822072,0.30478577768790416
2025-10-02 01:50:00,97.40725129791467,97.43254865682725,97.19848401440231,97.28069391611322,3295.7961116052807,-0.0012992603745113351,97.05189996904679,96.62263757257459,0.30372550843515306
2025-10-02 02:50:00,97.28069391611322,97.30417993204051,97.19386305130556,97.24189702851217,7071.782759482506,-0.000398813845165491,97.08989938093987,96.67893388675073,0.30317235166659834
2025-10-02 03:50:00,97.24189702851217,97.29858548226106,97.14362412295552,97.15095217504597,5370.2463389717095,-0.000935243513806916,97.10210993976109,96.7218446402321,0.2914340059591254
2025-10-02 04:50:00,97.15095217504597,97.19734157987533,97.02662909415803,97.05747607917499,3099.678780957204,-0.0009621737489773352,97.09318316764387,96.7523565892269,0.27055510450266035
2025-10-02 05:50:00,97.05747607917499,97.14777766986462,96.82889535048984,96.86915439595505,2643.4688499765543,-0.0019403109459215084,97.04837741330611,96.76297457165674,0.257444413625119
2025-10-02 06:50:00,96.86915439595505,96.90680583911178,96.80388190884393,96.90364101207956,6991.190379800575,0.0003560123585217845,97.01943013306081,96.77576242987699,0.2356424217231005
2025-10-02 07:50:00,96.90364101207956,96.98470533208446,96.8927814928384,96.92872195909945,2826.470862415563,0.0002588235772973402,97.00128849826854,96.78966784162448,0.23226609192532724
2025-10-02 08:50:00,96.92872195909945,97.16290492501331,96.8468401387448,97.14402699833188,4974.391215454622,0.002221271826149618,97.02983619828122,96.82188231041606,0.21720126635249468
2025-10-02 09:50:00,97.14402699833188,97.57433553559444,97.09057682441566,97.49096125716463,6023.22279360289,0.003571339067904855,97.12206121005791,96.88270766921138,0.23389354056867667
2025-10-02 10:50:00,97.49096125716463,97.5119874132646,97.4798594145805,97.48849540391485,1331.7926205464992,-2.5293147364435775e-05,97.1953480488293,96.93777928145715,0.2156115786522881
2025-10-02 11:50:00,97.48849540391485,97.51996556557249,97.34379723767695,97.40582520674378,2223.332732507315,-0.0008479995185949329,97.23744348041221,96.98032891102866,0.19941000259885502
2025-10-02 12:50:00,97.40582520674378,97.47129466624327,97.0531000306432,97.05637283517434,4970.792648651422,-0.003587592126320205,97.20122935136465,96.9872419950419,0.2159244754314916
2025-10-02 13:50:00,97.05637283517434,97.11852098439401,97.01453939693472,97.05647417375538,3950.188721756789,1.0441208349032394e-06,97.1722783158428,96.99353582947039,0.207071548781207
2025-10-02 14:50:00,97.05647417375538,97.14820127700008,97.00751238851971,97.0770037982169,4530.431734523079,0.0002115224629402057,97.15322341231763,97.00112382662915,0.20391217090272157
2025-10-02 15:50:00,97.0770037982169,97.13085545815996,97.03372322729732,97.09893306532786,1382.4739925311987,0.0002258955906442317,97.14236534291967,97.01001557560176,0.19413128436255736
2025-10-02 16:50:00,97.09893306532786,97.1070961266202,97.05225860860902,97.05864047784513,3712.0690749499922,-0.0004149642659370123,97.12562036990477,97.01443602126024,0.19016847273943074
2025-10-02 17:50:00,97.05864047784513,97.33696105381885,97.00095904884263,97.3226286808165,3407.2086808681242,0.0027198835845185787,97.16502203208712,97.04245353576535,0.20309994743019338
2025-10-02 18:50:00,97.3226286808165,97.34108737216076,97.1956505276121,97.20663191711316,7773.141370054896,-0.0011918786542827187,97.17334400909233,97.0573788431606,0.2012945444895757
2025-10-02 19:50:00,97.20663191711316,97.24011156936527,97.00231130152672,97.01280203388868,3294.8214973931113,-0.001993998551351517,97.14123561405161,97.05332640595407,0.19550296937984513
2025-10-02 20:50:00,97.01280203388868,97.07180413850116,96.82350232440803,96.85488701358544,1914.7636492389515,-0.0016277750667181845,97.08396589395838,97.03528646119328,0.20588710393879442
2025-10-02 21:50:00,96.85488701358544,96.86333227941667,96.74269431004409,96.8064069381735,5128.853460440497,-0.0005005434099071282,97.0284541028014,97.01447923182785,0.2079381132335456
2025-10-02 22:50:00,96.8064069381735,97.19485335888643,96.72301517175227,97.14225480116346,2580.9539011842426,0.0034692730947494255,97.05121424247382,97.02609519267654,0.21906478472394955
2025-10-02 23:50:00,97.14225480116346,97.15154355252285,97.03072716040333,97.09095927623531,1558.0115140822381,-0.000528045442564018,97.05916324922612,97.03199192754552,0.19314033336257402
2025-10-03 00:50:00,97.09095927623531,97.25480412329776,97.07813403830855,97.21354181479799,3463.278376586857,0.001262553583531112,97.0900389623405,97.0484964627503,0.2034647680986532
2025-10-03 01:50:00,97.21354181479799,97.30554921364944,97.18861837951076,97.25053964547567,3501.5238462720613,0.00038058309559541037,97.12213909896754,97.06686402481624,0.1992335185445922
2025-10-03 02:50:00,97.25053964547567,97.64685150199263,97.15988695001454,97.59650540942498,4207.225629290684,0.0035574688347284056,97.21701236105903,97.11501324159885,0.20414565542873625
2025-10-03 03:50:00,97.59650540942498,97.82417812790835,97.5127856641348,97.73655585858123,5387.626636120338,0.0014349945069112024,97.32092106056348,97.17151711586997,0.21896071802261272
2025-10-03 04:50:00,97.73655585858123,97.99117666522356,97.69117704493546,97.96988836145482,7272.718072225385,0.0023873616255847274,97.45071452074176,97.24409632001405,0.23034005600887955
2025-10-03 05:50:00,97.96988836145482,98.0253130412152,97.87065772892083,97.87931811514679,4834.389700810549,-0.0009244702410385885,97.53643523962276,97.30184375593521,0.23444884753971706
2025-10-03 06:50:00,97.87931811514679,97.9636145366586,97.76647471999482,97.78977933517882,9356.461711427797,-0.0009147875331807498,97.58710405873398,97.34620153586644,0.24461329744347385
2025-10-03 07:50:00,97.78977933517882,97.97927675964272,97.71134082808936,97.88307014031608,6124.31743328087,0.0009539934108808712,97.64629727505042,97.39500777263459,0.23975143505612603
2025-10-03 08:50:00,97.88307014031608,97.97194266121382,97.85094309931962,97.90761103821208,1259.909982708896,0.00025071647079344395,97.69856002768276,97.44160806950526,0.2380059148665217
2025-10-03 09:50:00,97.90761103821208,97.91956944055809,97.71471180949155,97.8104663819525,2012.6087678310564,-0.0009922074007266968,97.72094129853672,97.4751406433641,0.235652869382807
2025-10-03 10:50:00,97.8104663819525,97.87512380659528,97.74803719975934,97.86676680732856,3984.1063431980683,0.0005756073706488785,97.7501064002951,97.51074302190632,0.22699464029300742
2025-10-03 11:50:00,97.86676680732856,97.95880989755125,97.8384834561084,97.93786995648884,2805.2160995547224,0.0007265300722589796,97.78765911153386,97.549572743232,0.22697238829802607
2025-10-03 12:50:00,97.93786995648884,98.14918931047418,97.85576933130633,98.05562395452796,2063.805166215039,0.001202333664101829,97.84125208013268,97.59557739880437,0.2142282305861463
2025-10-03 13:50:00,98.05562395452796,98.11969182059109,97.8056814280993,97.80945438689697,6053.898995464221,-0.002510509420093454,97.83489254148554,97.61502076135824,0.22802780204130763
2025-10-03 14:50:00,97.80945438689697,97.83482613168064,97.44798947769674,97.46507588553823,3133.11718037,-0.0035209122013554195,97.76092921029608,97.60138940901096,0.24303969982664292
2025-10-03 15:50:00,97.46507588553823,97.47340820127377,97.109317769509,97.20266237974703,2581.321229109805,-0.002692384973868811,97.64927584418628,97.56514149725969,0.26069395679993435
2025-10-03 16:50:00,97.20266237974703,97.21599048814318,96.91612461979298,96.97989374260509,1760.3240397001507,-0.002291795632835991,97.51539942387005,97.51193715592746,0.24732976511222762
2025-10-03 17:50:00,96.97989374260509,97.06607013099187,96.88892701233928,96.99929604751858,1925.2613140726096,0.00020006523171689494,97.41217874859976,97.46533341879937,0.23774052617501593
2025-10-03 18:50:00,96.99929604751858,97.04299158578081,96.88460813700345,96.96898670611652,4215.39614156466,-0.00031246970480292013,97.32354034010312,97.42021099037366,0.22762508535281967
2025-10-03 19:50:00,96.96898670611652,97.06471853034785,96.94542675931844,97.05317884964508,2681.2295127407338,0.000868237839627195,97.26946804201152,97.3868444321256,0.22509911811960848
2025-10-03 20:50:00,97.05317884964508,97.10356160985091,96.69432494088102,96.72780033359321,2521.0326738738013,-0.0033525796878425274,97.16113450032786,97.32693133225901,0.2402488932843312
2025-10-03 21:50:00,96.72780033359321,96.74482701616287,96.48596932463042,96.54629734419285,6299.212887851497,-0.001876430444757271,97.03816706910087,97.25596460607117,0.23960044756855275
2025-10-03 22:50:00,96.54629734419285,96.61964116537344,96.43264203063953,96.51637837845854,4549.728131596573,-0.00030989242008572226,96.93380933097241,97.18872949447002,0.24431470277138953
2025-10-03 23:50:00,96.51637837845854,96.55637939409506,96.23609084897143,96.33128557990975,2942.792670389605,-0.0019177346027532405,96.81330458075988,97.11078004769182,0.2525597680611814
2025-10-04 00:50:00,96.33128557990975,96.33722628575806,96.1369021941625,96.20546778372903,3508.166954120095,-0.0013060948519818538,96.69173722135372,97.0284789327861,0.25779101697258255
2025-10-04 01:50:00,96.20546778372903,96.25549260177185,95.91704188266046,96.00200069696659,2089.9860939598366,-0.0021149222746864593,96.5537899164763,96.93516272952978,0.2733713225203362
2025-10-04 02:50:00,96.00200069696659,96.06258692081317,95.71061892944216,95.80039633402546,2716.315147119075,-0.002100001682022179,96.40311119998614,96.8320021481203,0.27755332339199057
2025-10-04 03:50:00,95.80039633402546,95.81884249855862,95.72745677310992,95.75321390127442,2672.1095696483185,-0.0004925076988882005,96.2731317402438,96.73393048931612,0.26165156146034213
2025-10-04 04:50:00,95.75321390127442,95.8218229553887,95.5161287897958,95.57790809608663,2659.6477688680066,-0.0018308085759767279,96.13408701141238,96.62883754447708,0.2558556694324129
2025-10-04 05:50:00,95.57790809608663,95.76233112456528,95.52040951831415,95.75486487850247,4913.9619054508785,0.0018514402118734452,96.0582425848304,96.54938548393393,0.24712932475286717
2025-10-04 06:50:00,95.75486487850247,95.8473853534882,95.44693626832053,95.52668643156831,1834.8468437891459,-0.0023829436470270693,95.95193135417799,96.45641284280978,0.2543138402398303
2025-10-04 07:50:00,95.52668643156831,95.60650565138417,95.41607983506421,95.49378240779336,6120.395761630233,-0.00034444849920045595,95.86030156490106,96.36890098508101,0.2552626043589277
2025-10-04 08:50:00,95.49378240779336,95.53276496273628,95.11813137837747,95.13860436450808,2360.6280242539106,-0.003719383967518808,95.71596212482247,96.2570558377562,0.27356618547188866
2025-10-04 09:50:00,95.13860436450808,95.22109135065914,95.08844166837633,95.20034679750167,2641.072337452574,0.0006489734993067042,95.61283905935831,96.16099137955123,0.2745203219899882
2025-10-04 10:50:00,95.20034679750167,95.24109219817188,95.10473071058044,95.19610598273613,1415.321416221661,-4.454621131322334e-05,95.52949244403388,96.07327452529532,0.25502923760581303
2025-10-04 11:50:00,95.19610598273613,95.21078633680561,94.84899029959328,94.89731904975224,2504.0352987212636,-0.003138646585376881,95.40305776517755,95.96636948206412,0.2623819765829469
2025-10-04 12:50:00,94.89731904975224,95.377220542792,94.82253538030675,95.33822181358853,3344.692816277868,0.004646103475327346,95.39009057485976,95.90926514856633,0.2886452642794716
2025-10-04 13:50:00,95.33822181358853,95.40753519344294,95.16931085595296,95.23614804144631,3084.1463300804003,-0.0010706490031018312,95.35930206817707,95.8480726842827,0.2827835351627824
2025-10-04 14:50:00,95.23614804144631,95.33976111589409,95.14677931889773,95.27543837078049,2162.6836066453707,0.0004125568929675971,95.34252932869776,95.79601501941886,0.28225908554855395
2025-10-04 15:50:00,95.27543837078049,95.4224288385893,95.22608473058904,95.36691024200181,2349.016619210666,0.0009600781983845064,95.34740551135857,95.75700549419912,0.2721086133263303
2025-10-04 16:50:00,95.36691024200181,95.51610499397728,95.29651221662384,95.43400092627373,7085.082811808121,0.0007035006597326809,95.36472459434161,95.72764144256954,0.26265324089650377
2025-10-04 17:50:00,95.43400092627373,95.52575219048158,94.90288901213692,94.93524228374967,2867.21263877744,-0.005226215370655596,95.27882813222323,95.65560515540409,0.30061591610335775
2025-10-04 18:50:00,94.93524228374967,95.12948735755106,94.90278740512781,95.08000903418551,2209.6266164976105,0.0015248999944945663,95.23906431261568,95.6032782352933,0.29497347230552556
2025-10-04 19:50:00,95.08000903418551,95.11446039460355,95.03111047143013,95.04598946652126,6640.033504228103,-0.0003577993734941165,95.2004493433968,95.55261561995039,0.2836469235142616
2025-10-04 20:50:00,95.04598946652126,95.26342703109,95.02566493290357,95.19292786089261,4515.366544211823,0.0015459715364749549,95.19894504689597,95.51991673276332,0.27202642444417285
2025-10-04 21:50:00,95.19292786089261,95.27336783951353,95.07222639736563,95.09923811013036,3181.1971170450247,-0.0009842091515366302,95.17900365954286,95.48167322161487,0.2727918262890258
2025-10-04 22:50:00,95.09923811013036,95.19422619829588,94.9633967995878,94.96900284295403,3895.6800676385865,-0.0013694669880058852,95.13700349622509,95.43506682355479,0.25966295588540234
2025-10-04 23:50:00,94.96900284295403,94.97147952425993,94.8157960547848,94.82101756337158,2309.7917235445316,-0.0015582482194443914,95.07380630965439,95.37924416353813,0.26130822639914036
2025-10-05 00:50:00,94.82101756337158,94.8248190746878,94.74051602781904,94.7915481855108,7299.623944731763,-0.00031078951289553736,95.01735468482568,95.32581725644474,0.2575897663475197
2025-10-05 01:50:00,94.7915481855108,94.96801904335591,94.74787524249388,94.88496676829797,2093.8237424655513,0.0009855159513203482,94.99087710152014,95.28573993934049,0.2474717494653557
2025-10-05 02:50:00,94.88496676829797,94.9051522361746,94.73160022944828,94.75401187603622,3684.8259488370263,-0.001380143733216821,94.94350405642336,95.23740102449464,0.220247952625432
2025-10-05 03:50:00,94.75401187603622,94.78477081948051,94.56404816241898,94.64498730728201,2023.6535553950189,-0.0011506063605711825,94.8838007065951,95.18354523202076,0.21899783259482827
2025-10-05 04:50:00,94.64498730728201,94.72823802158476,94.31659178356718,94.3769171630662,2422.1630841357123,-0.00283237551023674,94.78242399788932,95.11021540757035,0.234616721239201
2025-10-05 05:50:00,94.3769171630662,94.4483521417784,94.08291937107334,94.16830017483221,3689.415261778068,-0.0022104662295074906,94.6595992332779,95.0245867500487,0.24669448286097204
2025-10-05 06:50:00,94.16830017483221,94.23320648895555,94.02135478497645,94.0596374361548,1832.2722545263073,-0.0011539205706768696,94.53960687385329,94.93686408514925,0.24614154904851862
2025-10-05 07:50:00,94.0596374361548,94.06468381246586,93.78150076676543,93.8175929014846,4419.725908946439,-0.0025733092457909112,94.39520407937955,94.83511215936156,0.22187868243107342
2025-10-05 08:50:00,93.8175929014846,94.00464369736572,93.75306747323744,93.91623254352226,3965.2138609396707,0.0010513981331969902,94.2994097722081,94.7515776488307,0.22365555898143338
2025-10-05 09:50:00,93.91623254352226,94.17306125889884,93.87297863143051,94.13167889151781,3012.283951260627,0.0022940267317017593,94.26586359607005,94.69522321634771,0.23913646643106898
2025-10-05 10:50:00,94.13167889151781,94.31543293728785,94.04762418748736,94.22786723772869,2147.3364834945296,0.0010218488328646025,94.25826432440178,94.65273630920052,0.2412826558320731
2025-10-05 11:50:00,94.22786723772869,94.2394727734823,94.07939442950547,94.15333806762641,2310.1491971652563,-0.0007909461636678161,94.23727907304671,94.60733646905742,0.2383495773912827
2025-10-05 12:50:00,94.15333806762641,94.17163592324667,94.06410087004559,94.1022680914845,1151.7639476629836,-0.0005424128043683973,94.21027687673427,94.56142116200533,0.2295428384264966
2025-10-05 13:50:00,94.1022680914845,94.35327266033238,94.08351321578469,94.28796287322749,4309.778301015146,0.001973329501074872,94.22581407603292,94.53656131757099,0.2376911223602503
2025-10-05 14:50:00,94.28796287322749,94.33806126713081,94.1454112916979,94.22430344357771,4973.525308288385,-0.0006751596673625349,94.22551194954188,94.50817423811705,0.24543018868626174
2025-10-05 15:50:00,94.22430344357771,94.28552052228815,94.16863878551491,94.25424466588494,2114.229277911824,0.0003177653876227371,94.2312584928105,94.48508973155049,0.23805432696563347
2025-10-05 16:50:00,94.25424466588494,94.34385172489078,93.96700593969354,94.0110261758632,1572.20698243816,-0.0025804513195550882,94.18721202942105,94.44199304466981,0.2525753111421279
2025-10-05 17:50:00,94.0110261758632,94.05189451301722,93.6941714179667,93.78110635031913,1705.692925434055,-0.002445668714581961,94.10599089360068,94.38191243609248,0.2623610567127699
2025-10-05 18:50:00,93.78110635031913,93.89360382433686,93.7000633589607,93.88170068203654,3208.426420053696,0.0010726502984688135,94.06113285128785,94.33643864026921,0.24678207295266827
2025-10-05 19:50:00,93.88170068203654,94.27454822320458,93.87406839457326,94.22033589739928,1380.3487649466858,0.0036070417653557563,94.09297346051014,94.32588384546285,0.24928543423311567
2025-10-05 20:50:00,94.22033589739928,94.33173298077195,94.15684911531619,94.27315053975536,4279.954937279761,0.0005605439829210468,94.1290088763592,94.32108990858035,0.24664487433859147
2025-10-05 21:50:00,94.27315053975536,94.31137715738295,94.21585640291032,94.28299453445405,2627.671051279966,0.00010441991852738752,94.15980600797816,94.31762669275068,0.23324042496517755
2025-10-05 22:50:00,94.28299453445405,94.30626221980289,93.98985289131558,94.08297706533682,2505.2407014440164,-0.0021214585949975717,94.1444402194499,94.29629490844033,0.23787136099082215
2025-10-05 23:50:00,94.08297706533682,94.1341893724618,93.97899815266501,94.05870018798134,3191.8921816814523,-0.00025803687460501656,94.1272922131562,94.2746953883986,0.22752197472856953
2025-10-06 00:50:00,94.05870018798134,94.31482497874815,94.03112985953572,94.22913045276181,5109.096601662283,0.001811956410622928,94.14765986107732,94.27055312152252,0.22865671540085028
2025-10-06 01:50:00,94.22913045276181,94.29915892379262,94.21868545981766,94.25449491504206,3028.4297493782537,0.00026917856673813745,94.16902687187027,94.26909328456975,0.22297065254357307
2025-10-06 02:50:00,94.25449491504206,94.54818949576584,94.24518042080379,94.48662868914627,2173.163719242558,0.002462840359109153,94.23254723532548,94.28886923044034,0.2369330826693568
2025-10-06 03:50:00,94.48662868914627,94.55016569037646,94.47622721614341,94.53990680687781,1292.837527306424,0.0005638693905232195,94.29401914963596,94.31169082829828,0.22294587050402523
2025-10-06 04:50:00,94.53990680687781,94.61505595014134,94.44257438711497,94.53544800068998,1985.2729355535466,-4.716321750708463e-05,94.34230491984677,94.3320323894248,0.22150526961784323
2025-10-06 05:50:00,94.53544800068998,94.5729596988898,94.47226756046524,94.49961673228093,1681.502812293924,-0.0003790246850979839,94.3737672823336,94.34726732968444,0.22034886973579507
2025-10-06 06:50:00,94.49961673228093,94.64098952005908,94.44116700831566,94.57419298906375,2521.8195681347647,0.0007891699391129325,94.41385242367964,94.36789693508256,0.20770435020337885
2025-10-06 07:50:00,94.57419298906375,94.70153622855162,94.57079700984463,94.61996066798025,1647.7174257536997,0.0004839341206093195,94.45507407253977,94.39081181989144,0.19149121617884138
2025-10-06 08:50:00,94.61996066798025,94.74817456235382,94.58409255340604,94.72673126853195,4253.502737355324,0.0011284151863721892,94.50940551173821,94.42134995158602,0.1893870407196719
2025-10-06 09:50:00,94.72673126853195,95.14654385281484,94.67036201947391,95.08670259287496,2146.9446267632475,0.0038001028803851256,94.62486492796556,94.48183655533956,0.1947943267703585
2025-10-06 10:50:00,95.08670259287496,95.44966146797682,95.04441610732925,95.38876485656043,3063.8826338604586,0.0031767035289760326,94.77764491368454,94.56428458272327,0.21124871928405956
2025-10-06 11:50:00,95.38876485656043,95.40974306817975,95.11278005590607,95.17911919287143,2751.8981897823787,-0.0021978024770973326,94.85793976952192,94.62017863819129,0.22563745198413443
2025-10-06 12:50:00,95.17911919287143,95.24847501255152,94.89500316608563,94.9753652376102,1313.9313289528209,-0.002140742181573785,94.88142486313959,94.65246832904755,0.22828477469689037
2025-10-06 13:50:00,94.9753652376102,95.05259707175226,94.88921708782836,94.98180375774194,2417.7799585647167,6.779147535396213e-05,94.90150064206006,94.68240791347431,0.22886968642025554
2025-10-06 14:50:00,94.98180375774194,95.29216478150703,94.9271450972168,95.19774287240895,4403.390333411169,0.002273478773026749,94.96074908812984,94.72925654610472,0.2346785839258132
2025-10-06 15:50:00,95.19774287240895,95.26048820662878,95.1113828007246,95.19413325932219,3323.663151349599,-3.791700283906074e-05,95.00742592236831,94.77151806548812,0.2395808654921865
2025-10-06 16:50:00,95.19413325932219,95.28724044471372,94.93876247480394,95.00237170222996,3642.963100908666,-0.0020144262101723376,95.00641507834065,94.79250475973738,0.24282864370273874
2025-10-06 17:50:00,95.00237170222996,95.0740388030027,94.82300029096967,94.86029418635803,6447.270277075428,-0.0014955154626797862,94.97719089994413,94.7986674348847,0.2554786464027369
2025-10-06 18:50:00,94.86029418635803,94.88123122305939,94.78785884846246,94.82188133649369,2420.2535011771306,-0.00040494128964940757,94.94612898725406,94.80077778957643,0.2498279900863482
2025-10-06 19:50:00,94.82188133649369,95.13132012868901,94.82060799546092,95.0368476861284,1578.462820786524,0.0022670542558826945,94.96427272702893,94.82223868926297,0.2648294182866004
2025-10-06 20:50:00,95.0368476861284,95.09025658721728,94.94818157807936,94.99764706165679,11090.094922751263,-0.00041247816427025796,94.9709475939545,94.83818490493513,0.26070459667192225
2025-10-06 21:50:00,94.99764706165679,95.02545582078385,94.75533627757152,94.78169676150755,4337.8789919911305,-0.002273217356731805,94.93309742746511,94.83304961916899,0.27066033413658935
2025-10-06 22:50:00,94.78169676150755,94.83934080208223,94.50639345402335,94.55386611490079,2603.162234040509,-0.002403740958341727,94.85725116495226,94.80766930059914,0.282722144073096
2025-10-06 23:50:00,94.55386611490079,94.76957997868263,94.5302208353887,94.68941013812005,5069.067083274948,0.0014335111697554304,94.82368295958582,94.79691846764649,0.265806237641167
2025-10-07 00:50:00,94.68941013812005,94.76587803557067,94.65803510952055,94.70824153492434,2918.2369789750965,0.00019887542626806365,94.80059467465354,94.7888569283081,0.24456320659849137
2025-10-07 01:50:00,94.70824153492434,94.90714667532109,94.68702507254189,94.82737837454745,5449.158671487022,0.0012579352936161747,94.80595141463233,94.79235887796622,0.239074534491743
2025-10-07 02:50:00,94.82737837454745,94.92087508346142,94.75351731934553,94.90477090406394,3567.0043457300794,0.0008161411908995664,94.82571531251865,94.80257815306601,0.22578067146674283
2025-10-07 03:50:00,94.90477090406394,94.95425637041593,94.89863233833958,94.90625180044141,3470.3052315520927,1.5604024574900066e-05,94.84182261010321,94.81200303010013,0.21808381776334634
2025-10-07 04:50:00,94.90625180044141,94.9969398346021,94.72275832423216,94.80714712054133,2052.428366150152,-0.0010442376347183924,94.83488751219083,94.8115615837766,0.21159537676903994
2025-10-07 05:50:00,94.80714712054133,94.88578120784689,94.7232275523702,94.7439725096249,1948.6574897849023,-0.0006663486122634454,94.81670451167764,94.80541712249007,0.2125559660242189
2025-10-07 06:50:00,94.7439725096249,94.92140997166469,94.71270904400778,94.89407816540056,3636.976031380489,0.001584329343593982,94.83217924242223,94.8134772173001,0.20257189157758507
2025-10-07 07:50:00,94.89407816540056,94.91832687834204,94.80045321336833,94.82489972830881,2372.1289702438453,-0.0007290068930452254,94.83072333959954,94.8145156273918,0.19306011678763468
2025-10-07 08:50:00,94.82489972830881,94.82744140729511,94.63384343171609,94.67939899350488,4937.178640017444,-0.00153441485538941,94.80045847038062,94.80223229703844,0.2002190882863561
2025-10-07 09:50:00,94.67939899350488,94.75839149889914,94.5936003053285,94.74738381780966,4914.967318887952,0.0007180529769674759,94.78984353986642,94.797246071654,0.1897961640251101
2025-10-07 10:50:00,94.74738381780966,94.7862342595159,94.4736129860899,94.56399996254154,3475.553722946685,-0.0019355031018138957,94.74467482440146,94.7760418799165,0.20197804004568606
2025-10-07 11:50:00,94.56399996254154,94.59536923719519,94.47064248899235,94.53371616887753,7470.853174906508,-0.0003202465385983011,94.70248309329668,94.75401226982206,0.19159284040215038
2025-10-07 12:50:00,94.53371616887753,94.94725012105634,94.47373314547767,94.9027306934647,3672.510484447898,0.0039035228862467353,94.74253261333028,94.76753212651684,0.20163352808213578
2025-10-07 13:50:00,94.9027306934647,95.01391322252844,94.83585971145662,94.99132980036956,3251.17916803431,0.0009335780567898411,94.79229205073814,94.78787736959436,0.1972545543519857
2025-10-07 14:50:00,94.99132980036956,95.02927357348668,94.76014943396318,94.76429281502645,2860.465398685424,-0.0023900811349860662,94.7866922035958,94.78573331917909,0.2087746410286562
2025-10-07 15:50:00,94.76429281502645,94.7810854156416,94.18338670398236,94.2192404108288,1870.5330379366562,-0.0057516643453621175,94.67320184504241,94.73423396387452,0.23574443452008711
2025-10-07 16:50:00,94.2192404108288,94.41764310478715,94.19501504412035,94.39228094341186,3392.049092407288,0.0018365732076435215,94.61701766471631,94.70314732565063,0.2396923128451515
2025-10-07 17:50:00,94.39228094341186,94.58040090998992,94.36470691709647,94.54266364722017,2206.532983869184,0.0015931673893807563,94.6021468612171,94.68855790033876,0.25112588147494413
2025-10-07 18:50:00,94.54266364722017,94.67869407919264,94.46616863535685,94.66761730668821,7365.949597463259,0.0013216642587341454,94.61524095031132,94.68665421000689,0.24672187672250448
2025-10-07 19:50:00,94.66761730668821,94.73994338498716,94.4154823880694,94.4312739435724,4441.837360507655,-0.002496559751262617,94.57844754896354,94.6634378221492,0.2582866868254377
2025-10-07 20:50:00,94.4312739435724,94.49148147088853,94.17771258857734,94.26391784388089,3624.994082431479,-0.001772252906293792,94.51554160794701,94.62711782412481,0.2657915407293154
2025-10-07 21:50:00,94.26391784388089,94.5697427569077,94.21611124181707,94.52884761741987,4235.71119939178,0.002810510952639955,94.5182028098416,94.61818416896982,0.28263138716623765
2025-10-07 22:50:00,94.52884761741987,94.57566277728728,94.46339303900234,94.53504856347965,2529.614419358573,6.559845185960533e-05,94.52157196056922,94.61062638665253,0.2768222273595171
2025-10-07 23:50:00,94.53504856347965,94.66981440929833,94.51028571164646,94.6369201157799,2988.121069536804,0.001077606177267043,94.54464159161135,94.61301672566411,0.2764463347938896
2025-10-08 00:50:00,94.6369201157799,94.65237096327698,94.53699030671729,94.53976121223533,3825.2056577458097,-0.0010266490437950138,94.54366551573615,94.60635713353422,0.26235771930343993
2025-10-08 01:50:00,94.53976121223533,94.8464129740261,94.53482285865476,94.79674429769182,2544.784020713809,0.002718254014621113,94.59428127212729,94.62366505754854,0.2757051026726184
2025-10-08 02:50:00,94.79674429769182,95.12020352086759,94.78238736131868,95.04311615312373,4296.2970204743,0.002598948489815456,94.68404824832658,94.6617969753281,0.26601218724192066
2025-10-08 03:50:00,95.04311615312373,95.32169767830304,94.99123783129563,95.29319997240876,3207.994997944352,0.0026312670439183616,94.80587859314302,94.71919724778998,0.2768983540944622
2025-10-08 04:50:00,95.29319997240876,95.37960780314373,95.21536063996196,95.2741698802836,1936.2820856276692,-0.00019970042070860394,94.89953685057114,94.76964930528939,0.26940714149862444
2025-10-08 05:50:00,95.2741698802836,95.39850339877738,95.22113359420776,95.33694143025939,2869.500766064469,0.0006588517124281879,94.98701776650879,94.8212213166503,0.2393836481350807
2025-10-08 06:50:00,95.33694143025939,95.40878875016334,95.06527220017432,95.13015232671214,1588.937193854718,-0.002169034378961321,95.01564467854946,94.84930595392865,0.24801854022952544
2025-10-08 07:50:00,95.13015232671214,95.17597339791497,95.06355614552332,95.06530577787655,3661.9155142310083,-0.0006816613581451803,95.02557689841488,94.86894230156027,0.24064163019368273
2025-10-08 08:50:00,95.06530577787655,95.1109277899258,94.98340092552709,95.0421467248593,4855.214947636802,-0.00024361203940548304,95.02889086370377,94.88468815822381,0.2345703030910339
2025-10-08 09:50:00,95.0421467248593,95.16060598586397,94.96103015091798,95.15792659582524,4189.960824954379,0.0012181950319485324,95.05469801012806,94.90952801618758,0.22564993437876524
2025-10-08 10:50:00,95.15792659582524,95.58018708944672,95.10442645237666,95.52197767841787,9023.316177060136,0.003825756777350753,95.14815394378603,94.96520525820851,0.237220774004399
2025-10-08 11:50:00,95.52197767841787,95.6343013486646,95.4696114837893,95.62926648011528,3037.745129582054,0.0011231844681713898,95.24437645105188,95.02557446020003,0.22372494184616137
2025-10-08 12:50:00,95.62926648011528,95.70988701915131,95.48669983953576,95.57157030576211,2715.6782116436084,-0.0006033317673221905,95.30981522199393,95.07521044616021,0.23164761622691948
2025-10-08 13:50:00,95.57157030576211,95.6640230599039,95.54583369917819,95.65074629410447,6144.672071825318,0.0008284470799113652,95.37800143641604,95.12753188688241,0.22869480644647971
2025-10-08 14:50:00,95.65074629410447,95.67491771110527,95.39106821709524,95.48143292607725,2898.1655214409393,-0.0017701207213440817,95.39868773434829,95.15970470862739,0.24072829483578925
2025-10-08 15:50:00,95.48143292607725,95.72063268551763,95.4405097659528,95.6960304877102,3520.8989130682307,0.0022475318505021935,95.45815628502068,95.20846159763491,0.2384806379924679
2025-10-08 16:50:00,95.6960304877102,95.87502773371479,95.63456500661185,95.84073321518079,4267.0483382248,0.0015121079394111447,95.5346716710527,95.26594083559363,0.2315268213891843
2025-10-08 17:50:00,95.84073321518079,95.94735291522075,95.80772681410798,95.9048445670193,5069.473783868507,0.0006689363664880155,95.60870625024603,95.32402299299595,0.2178958395395674
2025-10-08 18:50:00,95.9048445670193,96.31068121220588,95.83795240457745,96.2791099183561,3301.755399018749,0.003902465543075495,95.74278698386804,95.4108490771196,0.2399302427143287
2025-10-08 19:50:00,96.2791099183561,96.28742707404905,96.00602826699433,96.053297207421,2232.7913867705734,-0.002345396744180439,95.80488902857864,95.46925345260154,0.24736088574897813
2025-10-08 20:50:00,96.053297207421,96.0709136927356,95.8070814764777,95.83470537931768,7646.432873067544,-0.002275734768701132,95.81085229872646,95.50247635503027,0.24166914762532649
2025-10-08 21:50:00,95.83470537931768,95.89444047861295,95.83005193727412,95.88539198805104,4359.512927545222,0.0005288961710971929,95.82576023659138,95.53728686712306,0.23823852540726773
2025-10-08 22:50:00,95.88539198805104,96.10109007388175,95.80437020459861,96.0178073506378,3099.6679824334237,0.0013809753481870413,95.86416965940067,95.58097054744258,0.2503237400418702
2025-10-08 23:50:00,96.0178073506378,96.09827359598461,95.69562516370674,95.78079405282548,2548.5508083719915,-0.0024684306416911106,95.84749453808564,95.5991363206592,0.2648289255655761
2025-10-09 00:50:00,95.78079405282548,95.83066866039928,95.5202217836097,95.58860259654024,4572.951115001175,-0.002006576142804195,95.79571614977657,95.59817870937566,0.2530207998312558
2025-10-09 01:50:00,95.58860259654024,95.59769354844605,95.50345341374022,95.50354856979682,3756.348630930971,-0.0008897925530140238,95.73728263378062,95.58957596941394,0.24798867624772214
2025-10-09 02:50:00,95.50354856979682,95.57567040553691,94.92901294962174,94.95092944302097,3639.8101336220057,-0.005786372706056864,95.5800119956287,95.5315171942873,0.2782365531262668
2025-10-09 03:50:00,94.95092944302097,95.00273319561435,94.79751772555802,94.87757474248278,1654.8095454283791,-0.0007725537914002878,95.43952454499951,95.47206788048689,0.28445270379273985
2025-10-09 04:50:00,94.87757474248278,94.92845164840523,94.77040612803083,94.83659568644349,2546.012292638626,-0.0004319150879490419,95.31893877328831,95.4142976810284,0.27546670567590936
2025-10-09 05:50:00,94.83659568644349,95.2739360005499,94.78821179862554,95.21871921435545,1498.1503095227545,0.004029283475920575,95.29889486150174,95.39651782042176,0.2901525115587325
2025-10-09 06:50:00,95.21871921435545,95.31059760385358,95.1020529665079,95.1143369710746,2230.5439977838496,-0.0010962365818623088,95.26198328341631,95.37086501593565,0.28787264800464285
2025-10-09 07:50:00,95.1143369710746,95.35857038750055,95.07970190842137,95.3158196829452,4539.7451685406495,0.00211832115206656,95.27275056332209,95.3658608947547,0.2978185321451008
2025-10-09 08:50:00,95.3158196829452,95.36676660577186,94.93310725289076,94.9378888323006,1541.187021975233,-0.003965038037775259,95.2057782171178,95.32695434362252,0.29502785680600546
2025-10-09 09:50:00,94.9378888323006,95.08665768078114,94.9287308443082,95.01407448586946,3390.345569883859,0.0008024789102212271,95.16743747086814,95.29851072019042,0.28620843033587867
2025-10-09 10:50:00,95.01407448586946,95.087884379237,94.36659091012392,94.3914044566224,1015.3916754819995,-0.00655345045054001,95.01223086801899,95.2160465144115,0.31888423411124883
2025-10-09 11:50:00,94.3914044566224,94.4157949119741,94.38923733160908,94.415575516968,1911.073060312061,0.0002560726846343453,94.8928997978088,95.14327642373482,0.3161820226131198
2025-10-09 12:50:00,94.415575516968,94.64740794356761,94.41297565199316,94.57529462654499,4014.776895898395,0.0016916606047514549,94.82937876355604,95.09164171489938,0.3117329099196421
2025-10-09 13:50:00,94.57529462654499,94.72219155074762,94.53620478272633,94.66704255518744,3232.1340103066455,0.0009701046029488847,94.79691152188232,95.0530417912892,0.296257076758458
2025-10-09 14:50:00,94.66704255518744,94.8901954016293,94.57282803604284,94.80475282946598,2680.606379684116,0.0014546802198691644,94.79847978339906,95.03047006748709,0.29675139738680656
2025-10-09 15:50:00,94.80475282946598,94.83413199414578,94.4770427498038,94.48172174880692,1620.616429683457,-0.0034073300232123627,94.73512817648064,94.98058385669798,0.3155263337893887
2025-10-09 16:50:00,94.48172174880692,94.6562333024208,94.46163865721756,94.65083129676837,1737.3071403874653,0.001789865222937559,94.7182688005382,94.95060635124983,0.2832361330242504
2025-10-09 17:50:00,94.65083129676837,94.87438945955496,94.63283492663551,94.7831165155877,1887.621469425674,0.0013976128577735114,94.7312383435481,94.93538000255327,0.28583178037161616
2025-10-09 18:50:00,94.7831165155877,94.787700173104,94.56155180661602,94.5815334248603,2439.1007375087374,-0.0021267826817473745,94.70129735981054,94.9032121318539,0.2906962693797287
2025-10-09 19:50:00,94.5815334248603,94.65734680568542,94.46680077878575,94.54564413526971,1452.4830157589008,-0.0003794534545065176,94.67016671490238,94.87070595034625,0.2696121140208224
2025-10-09 20:50:00,94.54564413526971,94.61919256018699,94.2322954627378,94.2655974286293,984.0478435616794,-0.0029620265343978103,94.58925285764776,94.81569608473562,0.28235157545678746
2025-10-09 21:50:00,94.2655974286293,94.35840747067769,94.26062514031176,94.31686806831256,3554.351778796725,0.0005438955576775317,94.53477589978073,94.77034808324261,0.2694168505486983
2025-10-09 22:50:00,94.31686806831256,94.43850417523306,94.31278009069206,94.34834304144424,7274.992942856682,0.00033371520679503774,94.49748932811343,94.73198398853367,0.24742147423869199
2025-10-09 23:50:00,94.34834304144424,94.85645033895348,94.27835983263145,94.83004799277612,2340.9034525865914,0.00510560054160436,94.56400106104597,94.74089889801026,0.27743316494219833
2025-10-10 00:50:00,94.83004799277612,95.1532711356047,94.76510093841837,95.13779687334288,2547.9961416474944,0.003245267582171918,94.67876022350536,94.7769805321314,0.2536386455188589
2025-10-10 01:50:00,95.13779687334288,95.18279302644244,94.97362848114865,95.02842758415288,3453.603627557535,-0.0011495882055752027,94.74869369563487,94.79983935504245,0.2666820001566279
2025-10-10 02:50:00,95.02842758415288,95.15278777535956,95.01991735974893,95.0739125067077,2351.245726393252,0.00047864542970099677,94.81373745784944,94.82475509610292,0.25942758044492614
2025-10-10 03:50:00,95.0739125067077,95.28940811709178,95.01880638068204,95.23988372876036,2533.426449657667,0.0017457072889575098,94.89896671203164,94.86249406270814,0.26547150675838693
2025-10-10 04:50:00,95.23988372876036,95.63983177503664,95.22647763515708,95.57817043083753,2034.9927994004165,0.0035519436693203232,95.03480745579282,94.9275555507199,0.27232770492217945
2025-10-10 05:50:00,95.57817043083753,95.71642701705733,95.4904281486863,95.6251464792846,2769.8514734317155,0.0004914934888931022,95.15287526049117,94.99097290786214,0.2629641066385397
2025-10-10 06:50:00,95.6251464792846,96.01920419864142,95.54249744158949,95.94654713980573,1512.7139891332927,0.0033610475105601,95.31160963635409,95.07784329258429,0.28311497177058903
2025-10-10 07:50:00,95.94654713980573,96.0656348365737,95.9185541823204,96.0286938103627,2845.5638282828922,0.0008561712016303957,95.45502647115582,95.16428424874596,0.2763668375801487
2025-10-10 08:50:00,96.0286938103627,96.09932112280805,95.85362885185732,95.90183715515069,2961.392643142331,-0.0013210286444437225,95.5443886079548,95.23133451296457,0.27776283075605945
2025-10-10 09:50:00,95.90183715515069,96.42698489641099,95.83670238807005,96.36178651200991,1504.557248814855,0.0047960432302784906,95.70786818876583,95.33410287651414,0.30631543657329274
2025-10-10 10:50:00,96.36178651200991,96.54845409081294,96.32420042047032,96.4569334049968,1527.1510799362313,0.0009873923723386913,95.85768123201203,95.43617837910347,0.2946980489228232
2025-10-10 11:50:00,96.4569334049968,96.63038955712688,96.44661089905159,96.60438556351738,1907.6760495758326,0.0015286838728478802,96.0070220983131,95.542379032232,0.30084064375920555
2025-10-10 12:50:00,96.60438556351738,96.89342219088094,96.51710503124161,96.81129418039475,6014.064147415304,0.002141813911143098,96.16787651472944,95.65773495479225,0.31874014912337145
2025-10-10 13:50:00,96.81129418039475,96.8732953863177,96.75884632697435,96.77049557844704,2055.506329800105,-0.00042142399079692083,96.28840032747297,95.75889501148814,0.28562290291060827
2025-10-10 14:50:00,96.77049557844704,96.83315797323938,96.59751687604144,96.61188252894081,1517.4487542884788,-0.001639064144067004,96.35309676776654,95.83643933125656,0.2747279671971522
2025-10-10 15:50:00,96.61188252894081,96.64958241168135,96.51982875519388,96.54032641486839,2980.5341459542587,-0.0007406554162836532,96.39054269718692,95.90042906613036,0.2690557608538435
2025-10-10 16:50:00,96.54032641486839,96.65171530016316,96.52173321170017,96.59690382658879,1864.212205240659,0.0005860495175586955,96.4318149230673,95.96374495344476,0.2688494517718699
2025-10-10 17:50:00,96.59690382658879,96.83664307245076,96.50787189659168,96.76500907936332,1748.21419698501,0.0017402757864406482,96.4984537543265,96.03658714671008,0.2730044117325363
2025-10-10 18:50:00,96.76500907936332,96.92733924134706,96.74548272560943,96.85310939544019,3142.3175230994266,0.0009104563407276167,96.56938488254924,96.11081644204917,0.25646886715096934
2025-10-10 19:50:00,96.85310939544019,97.09248859230055,96.81637214182959,97.00891570763378,1257.192087410474,0.0016086867336126964,96.65729104756616,96.19246182982958,0.26004869444382245
2025-10-10 20:50:00,97.00891570763378,97.0295664004199,96.90310662291286,96.99336743013035,2410.8258381185547,-0.00016027678889107833,96.724506324079,96.26527142985692,0.2350310530477588
2025-10-10 21:50:00,96.99336743013035,97.1047268075027,96.98666020095733,97.0621413844957,5096.631136040905,0.0007090583221054381,96.79203333616235,96.3377141530059,0.2329586210686218
2025-10-10 22:50:00,97.0621413844957,97.28301995261286,97.03217221268356,97.2411826082756,3021.0333818812746,0.0018446040982205147,96.88186319058501,96.41984764893951,0.23332686885280549
2025-10-10 23:50:00,97.2411826082756,97.35065515770154,97.18577744027155,97.28941013618025,4335.495699722618,0.0004959578504812878,96.96337257970407,96.49889878414321,0.2029408123591665
2025-10-11 00:50:00,97.28941013618025,97.49418633150867,97.23129422027667,97.3989496279267,3819.411269006286,0.0011259138234378518,97.0504879893486,96.58072158812352,0.20570070099412266
2025-10-11 01:50:00,97.3989496279267,97.45790599572767,97.15234707074079,97.22695189988293,4881.473986293515,-0.0017659094754184368,97.08578077145548,96.63946979828347,0.21439929148780834
2025-10-11 02:50:00,97.22695189988293,97.29015091661105,97.08436758122711,97.11867333863287,3876.947764961619,-0.0011136681664314363,97.09235928489096,96.68303375649705,0.20221830404099503
2025-10-11 03:50:00,97.11867333863287,97.36097905070153,97.0355621601231,97.31488841253423,1923.2956529638277,0.002020364026361854,97.13686511041962,96.74047508886407,0.2172874348435008
2025-10-11 04:50:00,97.31488841253423,97.5715819155035,97.29930165017548,97.48988838096224,3224.984277292519,0.0017982856609377595,97.20746976452816,96.8086035699639,0.21990451828136365
2025-10-11 05:50:00,97.48988838096224,97.50773285828966,97.3261852459598,97.35235982300976,4558.042642670917,-0.0014106956140421678,97.23644777622448,96.85803595660444,0.2236040865558197
2025-10-11 06:50:00,97.35235982300976,97.35975638427406,96.8886672212676,96.91412069812924,2355.248781687299,-0.0045015768048896065,97.17198236060544,96.86313456947033,0.24796887759463918
2025-10-11 07:50:00,96.91412069812924,97.04660225656032,96.90907094253627,97.01690621750862,3437.6167166320292,0.0010605835211521253,97.14096713198609,96.87711381020108,0.23430888746356565
2025-10-11 08:50:00,97.01690621750862,97.17527644509784,96.98264319865056,97.09747883222312,1423.3949690268505,0.0008305007637932071,97.1322694720335,96.89714699402127,0.23507865394282643
2025-10-11 09:50:00,97.09747883222312,97.1160744504838,97.03118597508248,97.07126867267344,7288.862612202361,-0.00026993656132889843,97.12006931216149,96.9129762375351,0.22141951286642275
2025-10-11 10:50:00,97.07126867267344,97.22287870009109,97.06288589537827,97.17837631003276,2747.7815799559926,0.0011033917535423488,97.13173071173576,96.93710351685307,0.22381472909540687
2025-10-11 11:50:00,97.17837631003276,97.25366767876895,97.11977044193284,97.17922711362493,2475.9604120076324,8.755071081445465e-06,97.1412299921136,96.95911475292324,0.22494548840188802
2025-10-11 12:50:00,97.17922711362493,97.41205589634633,97.10951605875755,97.34247295856201,1607.1598687571986,0.0016798430054008051,97.18147858540328,96.9939654988904,0.22863778109185112
2025-10-11 13:50:00,97.34247295856201,97.43385006911605,97.3200951820293,97.39856224500357,4448.3876763335975,0.0005762056863445331,97.22489531732334,97.03074702126433,0.22498615035304784
2025-10-11 14:50:00,97.39856224500357,97.50002031506325,97.39283134382997,97.40566124424261,2022.8428984755417,7.288607835076455e-05,97.26104850270721,97.06483013244417,0.21386449749599631
2025-10-11 15:50:00,97.40566124424261,97.434754334054,97.31332123841452,97.34397243918546,6977.256392185077,-0.0006333184772747691,97.27763329000287,97.09020670578428,0.20071265254261103
2025-10-11 16:50:00,97.34397243918546,97.4481899803718,97.24942118168524,97.42212266985936,1881.6464137914152,0.0008028255752838831,97.30653116597418,97.12038088433656,0.20021161420708364
2025-10-11 17:50:00,97.42212266985936,97.49729975109607,97.40334817840501,97.46197479506556,1341.1668095696302,0.0004090664842240077,97.33761989179246,97.151434876221,0.18367837721512867
2025-10-11 18:50:00,97.46197479506556,97.94488336703395,97.37038115761996,97.88249361602097,5725.581634087718,0.004314696288882258,97.44659463663817,97.21789476165736,0.2052656589355552
2025-10-11 19:50:00,97.88249361602097,97.9601048953465,97.81562092992418,97.90613636874055,2205.9729850984395,0.00024154219867278393,97.53850298305865,97.2804621804831,0.2026182555850176
2025-10-11 20:50:00,97.90613636874055,98.33870352102112,97.87177768413055,98.27032933943745,4708.5666527968815,0.0037198176151620466,97.68486825433442,97.3704501040244,0.20232087514816754
2025-10-11 21:50:00,98.27032933943745,98.62684150393545,98.17923541459439,98.5984122811094,3930.1603693376733,0.003338575782510178,97.86757705968942,97.48208302921394,0.22446907338509753
2025-10-11 22:50:00,98.5984122811094,98.75340107105862,98.51657450123514,98.7269309925883,2222.1493844796155,0.0013034561967637526,98.0394478462692,97.59525102588434,0.22762573934054078
2025-10-11 23:50:00,98.7269309925883,98.98756315122598,98.72481121933423,98.91632904300462,13937.130670602155,0.0019184030994596757,98.21482408561629,97.71534902744072,0.24033027194700093
2025-10-12 00:50:00,98.91632904300462,98.9479569401,98.74607674785422,98.84353513888814,1727.019374635892,-0.0007359139266565062,98.34056629627067,97.81791140120866,0.2433222281993557
2025-10-12 01:50:00,98.84353513888814,98.98442076943664,98.76828214851919,98.94529697492386,3022.675371089274,0.001029524448844743,98.46151243200131,97.92040099881913,0.24919661277659447
2025-10-12 02:50:00,98.94529697492386,99.21071798495095,98.89277260721188,99.13581884835564,3460.9967369168044,0.0019255273293086184,98.5963737152722,98.03089353059518,0.2502970085016147
2025-10-12 03:50:00,99.13581884835564,99.17786221312781,99.0518304148918,99.11447728022134,3982.860194890409,-0.00021527605644688919,98.69999442826203,98.12940114419756,0.25117393072656263
2025-10-12 04:50:00,99.11447728022134,99.149522209664,99.08855149150412,99.09487252768744,862.6079334424362,-0.00019779908114192502,98.77897004814712,98.21717126996936,0.2478726269356051
2025-10-12 05:50:00,99.09487252768744,99.20653509390716,99.0836536439215,99.1337980395729,1504.4040155789053,0.0003928105551029848,98.84993564643229,98.30050097629695,0.24797608081747516
2025-10-12 06:50:00,99.1337980395729,99.3768234587643,99.12129220339284,99.37367297166871,2825.194326282833,0.0024197088867718985,98.95468311147958,98.39806206678529,0.2520305420092543
2025-10-12 07:50:00,99.37367297166871,99.41310518923967,99.25739210245442,99.30417241685706,1173.2635035650603,-0.000699385991614343,99.02458097255509,98.48043573497363,0.25644207873026864
2025-10-12 08:50:00,99.30417241685706,99.63524924424048,99.26518123335549,99.62635957483651,5436.321243787459,0.00324444733930207,99.14493669301137,98.58461062950661,0.24183963597819716
2025-10-12 09:50:00,99.62635957483651,99.70297109131552,99.41080731756531,99.4961004501053,2352.7020119255662,-0.0013074765080958173,99.21516944443016,98.66747334047012,0.2523881937159028
2025-10-12 10:50:00,99.4961004501053,99.59446719407649,99.4558484203216,99.53584890834318,3344.4419866871044,0.00039949764923519204,99.27930533721278,98.74641657391312,0.22893768920621124
