timestamp,open,high,low,close,volume,ret_1,ema9,ema21,atr,ret_fut,vol_proxy,dir
2025-08-30 19:50:00,99.91067400183236,99.98716316834977,99.83744421688256,99.91067400183236,6089.096302809126,0.0,99.91067400183236,99.91067400183236,0.0,-0.0037689513741162584,0.0,-1
2025-08-30 20:50:00,99.91067400183236,100.05665846988386,99.82363665549016,99.98275375307036,1708.062087226016,0.0007214419476011,99.92508995207996,99.91722670649035,0.0,-0.00525778587193293,0.0,-1
2025-08-30 21:50:00,99.98275375307036,100.05547139532156,99.80725043870692,99.906465867452,4577.406363107079,-0.0007630104468493,99.92136513515436,99.91624844839596,0.0,-0.005918938059309764,0.0,-1
2025-08-30 22:50:00,99.906465867452,99.99344937299456,99.63758651425304,99.63779948639038,2918.1076119753175,-0.0026891791109704,99.86465200540158,99.89093490639546,0.0,-0.005172925310496068,0.0,-1
2025-08-30 23:50:00,99.63779948639038,100.15515917986872,99.6250979941978,100.06884383877012,2433.464110816496,0.0043261127263114,99.90549037207528,99.90710844570224,0.0,-0.0070261339441954895,0.0,-1
2025-08-31 00:50:00,100.06884383877012,100.48463273842783,100.04697352135584,100.41081776162244,2245.7829516427732,0.0034173865684239,100.00655584998472,99.95290020169496,0.0,-0.011861347019750279,0.0,-1
2025-08-31 01:50:00,100.41081776162244,100.49078396581233,99.84331994600284,99.90435437285502,2154.099884980554,-0.0050439125988374,99.9861155545588,99.9484869445277,0.0,-0.006163892152059258,0.0,-1
2025-08-31 02:50:00,99.90435437285502,99.94755000083394,99.47560467828664,99.51189696218638,2552.4763068319994,-0.0039283313838748,99.89127183608431,99.90879694613304,0.0,-0.0052334947128629405,0.0,-1
2025-08-31 03:50:00,99.51189696218638,99.7299660829377,99.41446417391506,99.72769038049368,2048.463131050104,0.0021685187891582,99.8585555449662,99.8923327128931,0.0,-0.0056180650998673975,0.0,-1
2025-08-31 04:50:00,99.72769038049368,100.10587023997432,99.69993981893066,100.0949921368945,1938.2346561419372,0.0036830468548851,99.90584286335186,99.91075629689324,0.0,-0.011687709213061948,0.0,-1
2025-08-31 05:50:00,100.0949921368945,100.1198078643992,99.89970231591658,99.97483839956674,2553.223207711947,-0.0012003970904302,99.91964197059484,99.9165819425908,0.0,-0.013079902706941704,0.0,-1
2025-08-31 06:50:00,99.97483839956674,99.99698053423889,99.769635585351,99.80839090388068,4183.723403873988,-0.0016648938708039,99.897391757252,99.90674639361715,0.0,-0.010104811881354814,0.0,-1
2025-08-31 07:50:00,99.80839090388068,99.89393913423828,99.50094708768133,99.53411552976428,1947.2141275103293,-0.0027480191959062,99.82473651175448,99.87287086053962,0.0,-0.004643127842372197,0.0,-1
2025-08-31 08:50:00,99.53411552976428,99.60311677509272,99.36712650998824,99.45706584295051,2087.8491639319336,-0.0007741032951734,99.75120237799368,99.83507040439515,0.3479871046725031,-0.0023910421867315845,0.0,-1
2025-08-31 09:50:00,99.45706584295051,99.46830186817304,99.27794607351564,99.315125684258,1932.3456962027667,-0.0014271500721393,99.66398703924656,99.7878027025645,0.3508897363289429,-0.004107208732612833,0.0,-1
2025-08-31 10:50:00,99.315125684258,99.39280248547844,99.03253484657291,99.1223805915451,2584.0791929447196,-0.0019407425745567,99.55566574970626,99.72730978338092,0.3599787237940717,-0.0017178409153205676,0.0,-1
2025-08-31 11:50:00,99.1223805915451,99.39983093768392,99.0584067461966,99.36574673831814,2606.269490192123,0.0024552088571792,99.51768194742864,99.69444041564792,0.3666360977135505,-0.004755442148504652,0.0,-1
2025-08-31 12:50:00,99.36574673831814,99.37267278303864,99.1808163313872,99.21981020761493,1822.048597355843,-0.001468680460758,99.4581075994659,99.65129221491766,0.354921354349972,-0.007139077441223773,0.0,-1
2025-08-31 13:50:00,99.21981020761493,99.35339094603174,99.19742653452197,99.28855470697964,2847.9562558670627,0.0006928505428589,99.42419702096866,99.6183160778324,0.3282001561956044,-0.0101081645895994,0.0,-1
2025-08-31 14:50:00,99.28855470697964,99.33554346097654,98.980964048421,98.99110197556782,4435.993403674768,-0.0029958410845002,99.3375780118885,99.56129661399017,0.3222658844444278,-0.009205633988249251,0.0,-1
2025-08-31 15:50:00,98.99110197556782,99.20147627339853,98.89773543296998,99.16741372367665,3609.053841276611,0.0017810868309389,99.30354515424612,99.5254890785071,0.2977142287743604,-0.010411979502696567,0.0,-1
2025-08-31 16:50:00,99.16741372367665,99.1832729008984,98.83008000336564,98.92511097511476,4049.536294173818,-0.0024433706543668,99.22785831841983,99.47090925092598,0.2892319127018926,-0.007444785107573737,0.0,-1
2025-08-31 17:50:00,98.92511097511476,98.93136457144692,98.58560429209858,98.66717724015818,3330.1075971456203,-0.0026073636149011,99.11572210276752,99.39784270449256,0.2913932248680159,-0.005770273960902794,0.0,-1
2025-08-31 18:50:00,98.66717724015818,98.85824465390274,98.61380282869274,98.79984588961624,2920.102198738039,0.0013446077324696,99.05254686013728,99.3434793576856,0.2798583251656126,-0.00828345935242547,0.0,-1
2025-08-31 19:50:00,98.79984588961624,99.07862715802258,98.7370740612703,99.07196590668214,3491.899188611773,0.0027542554810249,99.05643066944624,99.3187963166853,0.2885331500420167,-0.012659228436735614,0.0,-1
2025-08-31 20:50:00,99.07196590668214,99.28932581949526,98.99592551398024,99.21925980275148,4621.380087809843,0.0014867363811885,99.0889964961073,99.30974754269133,0.2932513898010985,-0.014972660150178285,0.0,-1
2025-08-31 21:50:00,99.21925980275148,99.29673609701364,98.85329741399704,98.90721773276708,2970.960754120728,-0.0031449747821616,99.05264074343926,99.27315392360728,0.2968547209767891,-0.01132374826210314,0.0,-1
2025-08-31 22:50:00,98.90721773276708,98.97502063473372,98.8313288379862,98.95210411054096,3848.8584550572687,0.0004538230758364,99.0325334168596,99.24396757696488,0.2902619732370053,-0.010574406007884951,0.0,-1
2025-08-31 23:50:00,98.95210411054096,98.98318870733914,98.85378775930516,98.8932186781611,1904.8655223077683,-0.0005950902500676,99.00467046911992,99.21208131343728,0.285908055621048,-0.010330505354927744,0.0,-1
2025-09-01 00:50:00,98.8932186781611,98.94193191844796,98.48901000014372,98.51147229883924,1462.0864028659237,-0.003860187628883,98.9060308350638,99.14838958483745,0.292526218435244,-0.010616772003643193,0.0,-1
2025-09-01 01:50:00,98.51147229883924,98.53856963843695,98.186961744479,98.28492965413804,3246.154978527338,-0.0022996574857188,98.78181059887864,99.06989322750113,0.2932536257545755,-0.008933246563710973,0.0,-1
2025-09-01 02:50:00,98.28492965413804,98.33544504273202,98.07679660556924,98.07982612268728,3349.7204960107574,-0.0020868258457578,98.64141370364035,98.9798871270635,0.2980244818625296,-0.006823978651753548,0.0,-1
2025-09-01 03:50:00,98.07982612268728,98.16208695040598,98.03751469871742,98.1348846446503,855.7967040063659,0.0005613643920427,98.54010789184235,98.9030687195714,0.2957821847324423,-0.00849235483479327,0.002453372728138143,-1
2025-09-01 04:50:00,98.1348846446503,98.23690065863822,98.12309436426408,98.18863478216215,1908.0471501199609,0.0005477169276397,98.46981326990633,98.83812017980692,0.2785841048623417,-0.010981174897878532,0.0024506423777986013,-1
2025-09-01 05:50:00,98.18863478216215,98.2177449973337,98.0904499207548,98.09784059653352,4145.764879054978,-0.0009246913945799,98.39541873523176,98.77082203587295,0.2659808360159386,-0.005895588989421108,0.0024512351076276606,-1
2025-09-01 06:50:00,98.09784059653352,98.12956268084928,97.90533361290464,97.9814413821637,2584.914708776237,-0.0011865624529756,98.31262326461815,98.69906015826304,0.2567691339025008,-0.005936693436944029,0.0024235226480844563,-1
2025-09-01 07:50:00,97.9814413821637,98.00309670724089,97.78202254392708,97.81779125859296,2744.1347907895633,-0.0016702155149201,98.21365686341314,98.61894480374755,0.2478629827571755,-0.0051731001404001775,0.0022631790564623883,-1
2025-09-01 08:50:00,97.81779125859296,97.86345806024312,97.67523668122108,97.73368354537264,7578.2313449760495,-0.0008598406500304,98.11766219980504,98.53846650753168,0.2438472366008943,-0.004909015467925437,0.0021342948333930366,-1
2025-09-01 09:50:00,97.73368354537264,97.86035463138346,97.70278428555068,97.7872172978562,2823.936585232191,0.00054775130274,98.05157321941527,98.4701711248339,0.230705611535215,-0.00391355221282641,0.0020041012466668847,-1
2025-09-01 10:50:00,97.7872172978562,97.99377471306114,97.75937397546352,97.9057443863416,2259.2468409695034,0.0012120918435012,98.02240745280056,98.41885960315278,0.2264913566839703,-0.0008481018748678348,0.0019392378783472009,0
2025-09-01 11:50:00,97.9057443863416,97.98267780695474,97.83653506495476,97.87160175304032,3756.596943972245,-0.0003487296227131,97.99224631284852,98.3691088895062,0.2052559323256397,0.0012254185809881246,0.0018772909052840968,1
2025-09-01 12:50:00,97.87160175304032,97.96163443525936,97.39024704066864,97.46559845769924,2948.1307402606917,-0.0041483258480385,97.88691674181864,98.28697157752374,0.2358056178858691,0.006539104242709204,0.0018122523911597275,1
2025-09-01 13:50:00,97.46559845769924,97.48853985552448,97.38077454934772,97.40692614404064,3100.6628566903432,-0.0006019797198912,97.79091862226304,98.20696744720708,0.2342602148960679,0.0061455821308396,0.001811393695098294,1
2025-09-01 14:50:00,97.40692614404064,97.45806829296691,97.35199466283068,97.41053148305836,2901.2705044841837,3.701316898552243e-05,97.71484119442212,98.13456417773902,0.2094853371697829,0.008438788312968404,0.0018105057364805497,1
2025-09-01 15:50:00,97.41053148305836,97.46884530465094,97.265414314529,97.30148838257642,1981.3348935073516,-0.0011194179810105,97.632170632053,98.05883001454242,0.1989012726100664,0.009046652132448152,0.0017753110623306672,1
2025-09-01 16:50:00,97.30148838257642,97.34526217997416,97.05041776465173,97.11040821063531,2078.8162053417063,-0.0019637949543978,97.52781814776948,97.97260985055088,0.2014866996214712,0.012437269495368053,0.0017891611024682978,1
2025-09-01 17:50:00,97.11040821063531,97.59136212794026,97.04453508198483,97.5194960476266,2253.1774781303075,0.0042126054717424,97.52615372774088,97.93141768664866,0.2316477563548176,0.010965738511554024,0.0019866096562148835,1
2025-09-01 18:50:00,97.5194960476266,97.52395915796224,97.35998875300773,97.39975560216789,1261.2497159966192,-0.0012278616103617,97.5008741026263,97.88308476987768,0.2352309071105602,0.012422447482070442,0.0019746817739602013,1
2025-09-01 19:50:00,97.39975560216789,97.45760183648297,97.21962153430064,97.3117700288995,2604.691247753193,-0.0009033449080484,97.46305328788094,97.8311470661524,0.2431369946536605,0.01036986988713351,0.0018977877814261984,1
2025-09-01 20:50:00,97.3117700288995,97.33328818125456,97.1794215776048,97.25390738111108,1505.4517804293037,-0.0005946109886936,97.42122410652698,97.77867073114864,0.2381111043468838,0.008397831886996387,0.0018919171485736097,1
2025-09-01 21:50:00,97.25390738111108,97.48768742354406,97.20463869361424,97.40452191721404,2550.630242381895,0.0015486733660248,97.4178836686644,97.74465720260912,0.2425378591051707,0.008518652599438736,0.0019170076666715236,1
2025-09-01 22:50:00,97.40452191721404,97.84188012545138,97.36244978153444,97.8227103409672,3071.9912853223086,0.0042933163216856,97.49884900312496,97.75175294245986,0.2633384994548038,0.006721426769293215,0.0020511109361424926,1
2025-09-01 23:50:00,97.8227103409672,98.07983066903316,97.80507225024331,97.99153543237958,3657.959259501252,0.0017258271706428,97.5973862889759,97.77355135063438,0.271709076094595,0.004751142098735839,0.002049264839835284,1
2025-09-02 00:50:00,97.99153543237958,98.15363561798846,97.92230911546145,98.10293616609218,1796.7181094316038,0.0011368403732123,97.69849626439915,97.80349542476692,0.2714894878752665,0.00664990261987386,0.0020300956071828548,1
2025-09-02 01:50:00,98.10293616609218,98.11350799917118,97.92089430267391,98.00554840877146,1574.3159793029076,-0.0009927099139604,97.75990669327362,97.82186387785823,0.2748088417679284,0.010672097678518622,0.001989498709524077,1
2025-09-02 02:50:00,98.00554840877146,98.3003293939262,97.95977836034164,98.23255833769764,1808.88074728562,0.0023162967057677,97.85443702215844,97.85919973784364,0.2583205302674888,0.008523390201614855,0.0020211291591269985,1
2025-09-02 03:50:00,98.23255833769764,98.28903535528536,98.16386116824606,98.18174109994304,4125.933306229537,-0.0005173156295078,97.91989783771535,97.88852167985269,0.2595640217576707,0.00879824616795899,0.0019494970299193705,1
2025-09-02 04:50:00,98.18174109994304,98.41465852134924,98.12426019921574,98.3181965283562,5201.852120813669,0.001389824899054,97.99955757584353,97.92758302971664,0.2727300711860465,0.005818775027897516,0.0019467369405531476,1
2025-09-02 05:50:00,98.3181965283562,98.60976847803391,98.2988278649553,98.5888693410634,4022.1754992749775,0.0027530286586281,98.1174199288875,97.9876999671118,0.2804093299686658,0.002704548294016229,0.0019462569339681601,1
2025-09-02 06:50:00,98.5888693410634,98.63107049160811,98.51731183907071,98.60969895090231,2907.7437684537767,0.0002112774999667,98.21587573329047,98.04424532927456,0.2674746326268758,0.001776177632131004,0.0019445064360872277,1
2025-09-02 07:50:00,98.60969895090231,98.70153021887464,98.23777033461543,98.32088042258584,2797.773879966209,-0.0029289058925157,98.23687667114956,98.06939397412106,0.2615412639342896,0.0075531029680016015,0.0020062111374203164,1
2025-09-02 08:50:00,98.32088042258584,98.37079104068856,97.99912770443224,98.07062934565116,2464.806318540547,-0.0025452485358051,98.20362720604987,98.06950628062378,0.2763764733129901,0.012076668093492726,0.0019407882553162258,1
2025-09-02 09:50:00,98.07062934565116,98.25651346903044,98.03277429377576,98.2342772010412,1935.1068385975368,0.0016686734497568,98.20975720504816,98.0844854552072,0.2753592499610166,0.010583237655570565,0.0019249482985072854,1
2025-09-02 10:50:00,98.2342772010412,98.49796889432604,98.22209268815377,98.4802185248978,4451.817036170542,0.002503620231798,98.26384946901808,98.12046118881544,0.2840742215697683,0.004174744075142955,0.0019365282787840387,1
2025-09-02 11:50:00,98.4802185248978,98.53686912148932,98.3928431659111,98.45710714169212,3516.8349084573815,-0.0002346804622476,98.30250100355288,98.15106536634968,0.2741440234017968,0.004615491596854815,0.0019359096721377753,1
2025-09-02 12:50:00,98.45710714169212,98.7776194245018,98.40241670102498,98.7553111383204,2217.853198195251,0.0030287706523726,98.3930630305064,98.20599680016518,0.2666991933703611,-0.0012968127829375842,0.0020027712974191943,-1
2025-09-02 13:50:00,98.7553111383204,99.14692282174276,98.67787265664502,99.05147319442666,4209.333809902801,0.0029989481344598,98.52474506329044,98.28285829055258,0.2805771752494956,-0.005170662572033691,0.0020523381036044864,-1
2025-09-02 14:50:00,99.05147319442666,99.16014411788828,99.04962115715408,99.06983276291272,1903.1898381640983,0.0001853538154854,98.6337626032149,98.3544014244035,0.2719483508357235,-0.005023201449058656,0.0020344390498682452,-1
2025-09-02 15:50:00,99.06983276291272,99.14107820267051,98.97460822286762,99.04556822733916,4191.9240841183255,-0.0002449235543945,98.71612372803976,98.41723477012492,0.2700809425004117,-0.009975734986872431,0.002004222527525943,-1
2025-09-02 16:50:00,99.04556822733916,99.085341566228,98.80349656762976,98.89028799510332,1704.5328138906764,-0.001567765575128,98.75095658145248,98.46023960875932,0.2658876542871035,-0.00979923938976679,0.0020223094865344654,-1
2025-09-02 17:50:00,98.89028799510332,98.96175971105694,98.83296199342574,98.85550769944876,2286.4574799761954,-0.0003517058789057,98.77186680505174,98.49617307154926,0.2661464779008103,-0.009766980884174603,0.002026002276037518,-1
2025-09-02 18:50:00,98.85550769944876,98.9509651691595,98.74381273818284,98.78484729249008,2800.9300051890873,-0.0007147847257383,98.77446290253944,98.52241618254388,0.2602003428181793,-0.00801715685968507,0.002027928902162382,-1
2025-09-02 19:50:00,98.78484729249008,99.08265772746138,98.69026053700034,99.0635081563222,2026.303852382377,0.002820886719671,98.832271953296,98.57160636197828,0.2660186697740668,-0.012717004119866204,0.0020730646437219897,-1
2025-09-02 20:50:00,99.0635081563222,99.30558417256908,99.0485543881104,99.25499578597852,3543.158680324715,0.0019329784823909,98.9168167198325,98.63373267325102,0.2762523220541573,-0.018280028077681143,0.0019174130533213748,-1
2025-09-02 21:50:00,99.25499578597852,99.31485197488648,99.16397585511272,99.27391390258302,4415.374187373716,0.0001906011526642,98.9882361563826,98.69193096682665,0.2539034817337681,-0.017156874268075772,0.0019068695529306237,-1
2025-09-02 22:50:00,99.27391390258302,99.27835974653328,98.85740573510726,98.8913482337034,6637.836804284511,-0.0038536374143062,98.96885857184678,98.71005980927,0.2574242442458886,-0.015357458965443604,0.0020613846025679086,-1
2025-09-02 23:50:00,98.8913482337034,98.91605227594016,98.83245515317262,98.91153509235524,4859.885296508046,0.0002041316961733,98.95739387594848,98.72837574409591,0.2474140976396636,-0.019498209055904048,0.002041572219142497,-1
2025-09-03 00:50:00,98.91153509235524,98.91275175820093,98.56799540134188,98.62724398845324,3148.32003111468,-0.0028741956500477,98.89136389844944,98.7191819481284,0.252334108403002,-0.014304271759989495,0.0020831495499308906,-1
2025-09-03 01:50:00,98.62724398845324,98.65253194061394,98.45640952339204,98.53931144927544,6064.552671715003,-0.0008915643956157,98.82095340861464,98.70283008459631,0.2560552842346928,-0.014395184795110705,0.001981580969739104,-1
2025-09-03 02:50:00,98.53931144927544,98.59604590621116,98.48302754835136,98.57218503542006,6708.714137065943,0.0003336088476886,98.77119973397572,98.69095326194392,0.237327829547761,-0.01551630760563294,0.0019611767192008935,-1
2025-09-03 03:50:00,98.57218503542006,98.59113264845362,97.97283016484384,98.05751588707903,2891.557015271663,-0.0052212411458272,98.6284629645964,98.63336804604712,0.2479887094414802,-0.01413875733148362,0.0021875093573926916,-1
2025-09-03 04:50:00,98.05751588707903,98.12852926179367,97.91779242348264,97.92123838971632,5617.367879972432,-0.0013897710555879,98.4870180496204,98.56862898638067,0.2551468435541102,-0.010947019729383056,0.0022017763491489523,-1
2025-09-03 05:50:00,97.92123838971632,97.97235507186528,97.83666734893228,97.88998784545288,2042.2398291056213,-0.0003191395939976,98.36761200878688,98.50693433720544,0.2529481109205451,-0.010852314641135452,0.002190035962740478,-1
2025-09-03 06:50:00,97.88998784545288,98.0700739521128,97.8399171343748,97.99287367638615,3194.6252124689377,0.0010510352815213,98.29266434230676,98.46020154985824,0.2492560980019575,-0.010285714232734056,0.0020639001258825687,-1
2025-09-03 07:50:00,97.99287367638615,98.01164811419348,97.79898943381912,97.80371711496986,2990.2091563553504,-0.0019303093614845,98.19487489683938,98.40052114668656,0.2552461667693251,-0.008371406341343146,0.0020696917080033146,-1
2025-09-03 08:50:00,97.80371711496986,97.85023114992444,97.37192645962506,97.44061167616071,5036.1364780027125,-0.0037125934424587,98.04402225270366,98.31325664936602,0.2746141852923744,-0.001858490251864242,0.0021551666770950988,-1
2025-09-03 09:50:00,97.44061167616071,97.6568303027523,97.41541518640464,97.57068384365662,1995.178981781276,0.0013348866069127,97.94935457089426,98.24575003066516,0.2638297514271335,-0.0013719305347804633,0.0021671229956273215,-1
2025-09-03 10:50:00,97.57068384365662,97.6593566686806,97.3579722231701,97.3726284111669,2093.6476137583545,-0.0020298661922578,97.8340093389488,98.1663753379835,0.266997941502264,-7.056382993630983e-05,0.0021445040878572143,0
2025-09-03 11:50:00,97.3726284111669,97.40724908347978,96.93449555520802,96.9829373030841,2696.6875833421072,-0.0040020600700771,97.66379493177584,98.05879006208356,0.2899891849664077,5.38125319953231e-05,0.002243528524149472,0
2025-09-03 12:50:00,96.9829373030841,97.2831819129746,96.90746337625572,97.21645308750362,1351.0896137103862,0.0024078027631784,97.5743265629214,97.98221397348536,0.2867580796301833,-0.004436243489126079,0.0022764294054799447,-1
2025-09-03 13:50:00,97.21645308750362,97.23049369068607,97.10072805535444,97.12081985138016,3225.272272282964,-0.0009837145162804,97.48362522061316,97.90390541693034,0.2900558305276196,-0.003615506872622465,0.002206921641317345,-1
2025-09-03 14:50:00,97.12081985138016,97.19863656142957,97.01211553285732,97.04270869105112,2339.732698855854,-0.0008042679257501,97.39544191470075,97.82561480548678,0.278753307078563,-0.007506835650284094,0.0022041628967118033,-1
2025-09-03 15:50:00,97.04270869105112,97.04804790929084,96.61190800594896,96.67110446542353,5163.999236736554,-0.003829285380014,97.25057442484533,97.72065932002648,0.2958974132299902,-0.0006533003855773156,0.0022416224547671163,0
2025-09-03 16:50:00,96.67110446542353,96.8873599510314,96.63636129374136,96.84929266113848,2444.6984960275954,0.0018432415425511,97.17031807210395,97.64144416921847,0.3057531489035798,-0.002200868673304157,0.002248348177673203,-1
2025-09-03 17:50:00,96.84929266113848,96.8873893604035,96.77205328792031,96.8276548971371,4748.703284651129,-0.0002234168511389,97.1017854371106,97.567463326302,0.2698269766802507,0.00014703196741905344,0.0022171496310780625,0
2025-09-03 18:50:00,96.8276548971371,97.05622443313808,96.74448352222902,96.98494698090644,2210.5049680345805,0.0016244541286933,97.07841774586976,97.5145072949024,0.2770415532943957,-0.004067743344910557,0.0021845999801242567,-1
2025-09-03 19:50:00,96.98494698090644,96.9927813712168,96.9156932621406,96.98496245730666,3711.368273975564,1.5957528165522208e-07,97.05972668815716,97.46636685512097,0.2728558665903396,-0.0036623511841205048,0.002185829842864069,-1
2025-09-03 20:50:00,96.98496245730666,97.28641480245548,96.9345347174551,97.25951924922488,4951.336522655283,0.002830921257912,97.0996852003707,97.4475625273122,0.2815503856805078,-0.007659079038025318,0.002175876001623678,-1
2025-09-03 21:50:00,97.25951924922488,97.4528986062076,97.25040133615605,97.4368236431921,1976.3675970325644,0.0018230029855781,97.16711288893498,97.44658626511948,0.2808245706574531,-0.007874643845402374,0.0021246472273714853,-1
2025-09-03 22:50:00,97.4368236431921,97.45516708235616,97.27010770720084,97.36575742557524,5306.334932152281,-0.0007293568792543,97.20684179626303,97.43923818879728,0.2598784767185914,-0.005016060293736357,0.0021211226540676855,-1
2025-09-03 23:50:00,97.36575742557524,97.45686001522972,96.9610169116158,96.98815620050073,4518.241505640167,-0.0038781727278519,97.16310467711058,97.39823073531576,0.2780519043804678,-0.0005151028418832748,0.0022005772393646687,0
2025-09-04 00:50:00,96.98815620050073,97.05562493607314,96.72602829063382,96.78517723045826,2025.754530853125,-0.0020928222372106,97.08751918778012,97.34249859851052,0.2800670615182414,-0.0022492493397282542,0.0022095539728480547,-1
2025-09-04 01:50:00,96.78517723045826,96.83087076039622,96.74503734297684,96.76967885973276,1333.754665893826,-0.0001601316561998,97.02395112217066,97.29042407680346,0.2524299107430719,0.000768077691763569,0.0022107029220638603,0
2025-09-04 02:50:00,96.76967885973276,96.80376932709208,96.25115902253602,96.314225025849,2440.0470290818353,-0.0047065758536195,96.88200590290631,97.20167870853489,0.2650650370171559,0.005186104198218189,0.0023234197713370964,1
2025-09-04 03:50:00,96.314225025849,96.70364427894798,96.23756731930176,96.60794919560207,3537.4058947401336,0.0030496447401642,96.8271945614455,97.14770329826824,0.2890872744681963,0.0031014484762932337,0.002335205621664078,1
2025-09-04 04:50:00,96.60794919560207,96.6979492387229,96.514686453699,96.63614008688891,3081.6457295151654,0.000291807159986,96.7889836665342,97.10119755177922,0.2888545427861717,0.003434401013300281,0.002291276652124094,1
2025-09-04 05:50:00,96.63614008688891,96.87513786863114,96.61488945235028,96.8418916577372,2307.547757758048,0.0021291368908491,96.7995652647748,97.07762428868448,0.2762908651389578,0.0008261438700325474,0.00234421978582957,0
2025-09-04 06:50:00,96.8418916577372,96.9067299263982,96.57109207277104,96.59043710826836,3252.591972470897,-0.0025965472706536,96.75773963347352,97.03333454501028,0.2823365220201808,0.0058860454987641475,0.0023010502193942955,1
2025-09-04 07:50:00,96.59043710826836,96.69006548366217,96.52884557439208,96.62976946520926,3236.211349236357,0.0004072075675236,96.73214559982068,96.99664681048291,0.2856139389335307,0.005630393705802872,0.002303995850659435,1
2025-09-04 08:50:00,96.62976946520926,96.6972957229478,96.48990447668984,96.51460090409472,3211.1817029320523,-0.0011918538329537,96.6886366606755,96.95282445535672,0.2781603914584514,0.00586705429562695,0.0022723856138285817,1
2025-09-04 09:50:00,96.51460090409472,96.7493911285367,96.49234272215271,96.66954335957467,5375.6276693911905,0.0016053783990042,96.68481800045534,96.92707162846744,0.2910146984090076,0.0028058834783331044,0.0023072737574294975,1
2025-09-04 10:50:00,96.66954335957467,96.90615794590153,96.6651896870972,96.87736491578325,3975.022595113116,0.0021498141915861,96.72332738352092,96.92255283640525,0.2830924251092891,0.0011140266346398864,0.002352766118785742,0
2025-09-04 11:50:00,96.87736491578325,96.96800039779112,96.81392334395323,96.93819732561283,2467.3599482986883,0.0006279321272051,96.7663013719393,96.92397506269684,0.279633838236881,0.0030032327643556567,0.0021994988573922863,1
2025-09-04 12:50:00,96.93819732561283,96.97226673308028,96.51297994611156,96.56748323447717,3603.004133927508,-0.0038242313284458,96.72653774444689,96.89156671467688,0.2992215105092676,0.007478702492095479,0.0022771278465085463,1
2025-09-04 13:50:00,96.56748323447717,96.9079207397517,96.4865679565178,96.84400549130405,3251.349045060204,0.0028635131367713,96.75003129381832,96.88724296709752,0.293900773339265,0.004238763327721662,0.0023505561895778874,1
2025-09-04 14:50:00,96.84400549130405,96.91965001996336,96.79692775423702,96.81372063260368,6031.323443061972,-0.0003127179482789,96.7627691615754,96.88055911850716,0.2791240319311946,0.005084000641876196,0.002336977280591378,1
2025-09-04 15:50:00,96.81372063260368,96.92005052469176,96.78427507262184,96.9075737724326,1672.2721412097103,0.0009694198220631,96.79173008374686,96.88301499613677,0.282691320120516,0.0018167420901569198,0.0023309592948863307,1
2025-09-04 16:50:00,96.9075737724326,96.99982711064034,96.8365087177902,96.96802734432475,4003.787211077619,0.0006238271121525,96.82698953586244,96.89074339142655,0.2548847549986642,0.0004547148829325831,0.0022499049736587288,0
2025-09-04 17:50:00,96.96802734432475,97.00247761774467,96.8494688868471,96.92189699289258,1193.942012467658,-0.0004757274402249,96.84597102726848,96.8935755370144,0.2325227386594771,-0.0046746097492719185,0.0022340830914751387,-1
2025-09-04 18:50:00,96.92189699289258,97.22467170624763,96.8364618531725,97.15897281583314,1888.2205853022172,0.0024460501733467,96.9085713849814,96.91770256236154,0.2471618149488524,-0.009051696892704464,0.0022562185429424687,-1
2025-09-04 19:50:00,97.15897281583314,97.19417716100416,97.08699004898138,97.17383311099935,1718.090535527919,0.0001529482531108,96.961623730185,96.94098715769223,0.2362288646447033,-0.011957562213542383,0.0021389136379653686,-1
2025-09-04 20:50:00,97.17383311099935,97.19628968253296,96.99220204206772,97.0808573079198,2414.9841483900345,-0.0009567987605608,96.98547044573198,96.95370262589476,0.2268324208474236,-0.012707770350985137,0.0021023499076855087,-1
2025-09-04 21:50:00,97.0808573079198,97.1083098034926,96.87740131771916,96.94078683414531,3114.4253306217506,-0.0014428227938926,96.97653372341463,96.95252846300843,0.2318101763119478,-0.010955366139886125,0.0021105381037876576,-1
2025-09-04 22:50:00,96.94078683414531,97.05901971595073,96.94007300822015,96.98528888059316,2048.2485744066125,0.0004590642174588,96.97828475485036,96.95550668278888,0.2254927092742765,-0.010182903764640372,0.0021079003639535303,-1
2025-09-04 23:50:00,96.98528888059316,97.25255238931663,96.95679475255078,97.22932529593868,3403.1834946918434,0.0025162209461062,97.02849286306804,96.9803992839843,0.2282576543015539,-0.015346098650186213,0.002034838523321232,-1
2025-09-05 00:50:00,97.22932529593868,97.33380690874492,97.21830955967953,97.28968271199824,2710.556524492797,0.0006207737827641,97.08073083285409,97.00851595925828,0.2192954464630614,-0.016791014632631995,0.002014012133152762,-1
2025-09-05 01:50:00,97.28968271199824,97.3698819971715,97.21277335298451,97.25450431029026,7438.439221749076,-0.0003615840932704,97.11548552834132,97.03087853662484,0.219511988630856,-0.018542751118476586,0.0020149725556379543,-1
2025-09-05 02:50:00,97.25450431029026,97.3420413393811,97.22950131705066,97.30592165044226,3899.759043195975,0.0005286885221065,97.15357275276152,97.05588245606278,0.1947443625852644,-0.017894923120834405,0.0019981625582084464,-1
2025-09-05 03:50:00,97.30592165044226,97.33395817851064,97.00751834763278,97.08362984055996,2438.113177674045,-0.0022844633308222,97.1395841703212,97.05840494556251,0.1879648659884044,-0.014491356283652723,0.002042362457722652,-1
2025-09-05 04:50:00,97.08362984055996,97.170830195465,96.99878755028332,97.01212014952684,3722.777694825972,-0.0007365782588739,97.11409136616234,97.054197236832,0.1914877502352143,-0.015590538505607321,0.001981205558098277,-1
2025-09-05 05:50:00,97.01212014952684,97.06162810817489,96.46009929208375,96.46882494829168,5177.018029050496,-0.0056002817008613,96.98503808258822,97.0009815742374,0.2247558476653018,-0.012791153085382811,0.0021764490671969477,-1
2025-09-05 06:50:00,96.46882494829168,96.50278503850367,96.24829803654666,96.2795192434977,7206.780085877859,-0.0019623511004249,96.84393431477012,96.93539408962472,0.2312678911729376,-0.011653858595065514,0.00219495441532779,-1
2025-09-05 07:50:00,96.2795192434977,96.32346146669964,95.97772675273146,96.0118709560462,6084.490279254011,-0.0027799088482628,96.67752164302534,96.85143744111755,0.2450340328208367,-0.005202967195835462,0.002146019324919115,-1
2025-09-05 08:50:00,96.0118709560462,96.01492718461208,95.83248586461389,95.847176067774,4070.021249751545,-0.0017153596386805,96.51145252797508,96.7601409526318,0.2303362804581985,-0.0022854326306442907,0.0021369440042090255,-1
2025-09-05 09:50:00,95.847176067774,95.88594088296752,95.7812479276639,95.8787650204886,4835.078084215158,0.0003295762484674,96.3849150264778,96.6800158678915,0.2301581264068295,-0.004027959508764667,0.0021397449687098283,-1
2025-09-05 10:50:00,95.8787650204886,96.07633477144807,95.833331405298,95.99769701733624,4670.074744162492,0.0012404414765065,96.30747142464948,96.61798688147738,0.2329378210986032,-0.0053455366617165545,0.001996983979267967,-1
2025-09-05 11:50:00,95.99769701733624,96.08938246461024,95.71352157800308,95.73723447825616,4797.066084874629,-0.0027132165371952,96.19342403537082,96.53791848118452,0.2432915640152982,-0.004969342151334044,0.0019632624024582403,-1
2025-09-05 12:50:00,95.73723447825616,95.75643851225531,95.62042441226104,95.65609022597695,3922.717656574606,-0.0008475725533686,96.08595727349206,96.45775227616566,0.2445106634627092,-0.005181329331996443,0.0019628703423614983,-1
2025-09-05 13:50:00,95.65609022597695,95.72844273536823,95.4500327241767,95.45113824171374,1891.4459447033096,-0.0021425921107485,95.9589934671364,96.3662419093973,0.243271547350257,-0.0035570767291668304,0.0019362486044055393,-1
2025-09-05 14:50:00,95.45113824171374,95.63060124691026,95.36544142369029,95.56463966330566,2412.7375370270947,0.0011891049565537,95.88012270637026,96.29336897793442,0.2539617240755823,-0.0024305408737210765,0.0019164218764983647,-1
2025-09-05 15:50:00,95.56463966330566,95.6932599563544,95.551049878742,95.67675637123016,5880.00504478514,0.001173202853268,95.83944943934225,96.23731328641584,0.2528975407488251,-0.004815046778568255,0.0019306813646039812,-1
2025-09-05 16:50:00,95.67675637123016,95.7676937713792,95.49316438234192,95.49964895482503,3686.546750721429,-0.0018511018048934,95.7714893424388,96.17025289263486,0.2644682097993122,-0.001105260842582556,0.001943890272114801,0
2025-09-05 17:50:00,95.49964895482503,95.52791884543072,95.16962357196844,95.23487744041108,4020.018762478979,-0.002772486782011,95.66416696203328,96.08521876061452,0.2667435985553439,-0.0028721078627593766,0.001957404682957029,-1
2025-09-05 18:50:00,95.23487744041108,95.30748945740852,95.11225676217872,95.15749134063309,1684.8542436587402,-0.0008125815022592,95.56283183775324,96.00087990425256,0.2684000307016378,-0.0023873334427426673,0.0018989134038588694,-1
2025-09-05 19:50:00,95.15749134063309,95.60557420512286,95.068596931249,95.5123243410511,4055.575570151339,0.0037289024271125,95.5527303384128,95.95646576214332,0.2637892062575478,-0.0065125067782699775,0.002035584898068245,-1
2025-09-05 20:50:00,95.5123243410511,95.63621036958828,95.43874383900462,95.6281238040336,1682.885045505704,0.0012124033603142,95.56780903153698,95.92661649322426,0.2597163154451637,-0.006774134272587773,0.0019604769700872255,-1
2025-09-05 21:50:00,95.6281238040336,95.67293603009364,95.47068996590494,95.49256923723571,2770.9766424740887,-0.0014175177908505,95.55276107267672,95.88715765177076,0.2494671261752025,-0.006872470485251747,0.001881877655633611,-1
2025-09-05 22:50:00,95.49256923723571,95.55718857561064,95.44469821121334,95.4845378084897,3242.010599209952,-8.410527447499927e-05,95.53911641983932,95.8505558478361,0.2444706293465667,-0.005330765318206865,0.001882799751029559,-1
2025-09-05 23:50:00,95.4845378084897,95.54569733165437,95.234811111563,95.2614834035112,3211.05812837507,-0.0023360264404891,95.48358981657373,95.79700380744292,0.2591987196885483,-0.0030995990461707423,0.0018941742487769123,-1
2025-09-06 00:50:00,95.2614834035112,95.35550207475109,95.14036212233847,95.160464519905,2526.7052380163504,-0.0010604378600562,95.41896475723998,95.73913659948494,0.257208475850156,-0.0025260730999172587,0.0018843532400208203,-1
2025-09-06 01:50:00,95.160464519905,95.22744059030482,95.09721718370815,95.11161121910165,3218.4434317512228,-0.0005133781245165,95.35749404961231,95.68208883763192,0.2396629415636927,-0.00138862355075009,0.0018842938353206412,-1
2025-09-06 02:50:00,95.11161121910165,95.41189275272184,95.0925253101122,95.33236590052157,5851.50351667165,0.0023210066425158,95.35246841979416,95.65029584334914,0.2527596088933604,-0.003096103763962854,0.001877919277131232,-1
2025-09-06 03:50:00,95.33236590052157,95.39127919256434,95.15632453233012,95.216068313681,5587.607315643173,-0.0012199171366618,95.32518839857154,95.6108206133793,0.2496556552535521,-0.0033034330052632566,0.0018760510860712507,-1
2025-09-06 04:50:00,95.216068313681,95.48685481841548,95.19511109863824,95.39409693235488,3734.758524726132,0.0018697329329684,95.33897010532822,95.5911184605589,0.2515545050076407,-0.006251883639168954,0.0019262370606366785,-1
2025-09-06 05:50:00,95.39409693235488,95.43349377126128,94.89894539719864,94.96135260010556,1277.6957931247134,-0.0045363848095985,95.26344660428369,95.53386701869952,0.2795786690398013,-0.0002924511786649431,0.0020465801566544243,0
2025-09-06 06:50:00,94.96135260010556,94.97955688985373,94.88521070679316,94.9303186792281,1615.227222961594,-0.0003268058007572,95.19682101927258,95.47899898783848,0.2667084400414644,-0.002799642487531284,0.002037631312511174,-1
2025-09-06 07:50:00,94.9303186792281,94.95436180857013,94.79893025208833,94.89029968137169,1209.643200956248,-0.0004215618193766,95.1355167516924,95.42548086906876,0.252218174542856,0.001423306523839818,0.0019540504808180452,1
2025-09-06 08:50:00,94.89029968137169,94.99042156053306,94.8660088494552,94.98032605314944,1632.319342441079,0.0009487415687383,95.1044786119838,95.38501224943973,0.2471596042462889,0.0016944199553583505,0.001962362308851095,1
2025-09-06 09:50:00,94.98032605314944,95.06496938291086,94.76254174330298,94.83629937359196,2613.8916641663254,-0.0015163843454997,95.05084276430544,95.33512926072628,0.2304060589415765,0.0017322405113198158,0.0019656316003999067,1
2025-09-06 10:50:00,94.83629937359196,95.01278477258232,94.83389733477024,94.9755321459152,4239.250990362998,0.0014681379729375,95.0357806406274,95.30243861392526,0.229078980886464,-0.00019300705816205355,0.0019927090887247264,0
2025-09-06 11:50:00,94.9755321459152,95.02872897747388,94.8791105938204,94.96621100041688,4635.5840568561225,-9.814259828533344e-05,95.02186671258532,95.27187246724267,0.2253198608482327,-0.002359923188623436,0.001975999033416521,-1
2025-09-06 12:50:00,94.96621100041688,95.03741105744506,94.9161479398421,94.92008223030564,3121.689793850064,-0.000485738765665,95.00150981612938,95.23989153661203,0.2259464860772076,-0.003013238713144739,0.001976293456862523,-1
2025-09-06 13:50:00,94.92008223030564,94.98760079051584,94.9040936929028,94.97953699581302,3529.8205683357373,0.0006263665613259,94.99711525206612,95.21622294199392,0.2097051201858986,-0.00563849870073474,0.0017721225821934773,-1
2025-09-06 14:50:00,94.97953699581302,95.0701258705029,94.88793587238185,95.03720700362948,6552.52546298617,0.0006071835012102,95.0051336023788,95.19994876577898,0.2073515520222193,-0.00554570758363937,0.001761182578858262,-1
2025-09-06 15:50:00,95.03720700362948,95.0745010274252,94.81107958828495,94.9015284109822,5561.291245338155,-0.0014276365744008,94.98441256409949,95.17281964261564,0.2168656972039012,-0.00765825606368431,0.0017180365947399882,-1
2025-09-06 16:50:00,94.9015284109822,94.9848746634111,94.72618383231251,94.7977041384702,9350.368872657698,-0.0010940210790111,94.94707087897362,95.13871823314788,0.2125316535245391,-0.006339814325908577,0.0017057148329199274,-1
2025-09-06 17:50:00,94.7977041384702,95.01098713730028,94.7068739449176,94.93358104061004,2494.215832488259,0.0014333353679258,94.94437291130092,95.1200693974626,0.2174715486779998,-0.01172531074039429,0.001730722234201802,-1
2025-09-06 18:50:00,94.93358104061004,94.9848728092792,94.61319790049856,94.66454772569884,3113.022583753279,-0.0028339109508165,94.8884078741805,95.07865833639318,0.2231809193211031,-0.01441186708649822,0.001762699547837526,-1
2025-09-06 19:50:00,94.66454772569884,95.08864014500767,94.585221022355,95.0253576639573,3011.956958816952,0.0038114578997825,94.91579783213588,95.07381282071718,0.2209574013632474,-0.018868985610822286,0.0018651095669934203,-1
2025-09-06 20:50:00,95.0253576639573,95.212507464692,94.95022101211796,95.14126261298034,1274.7712649392906,0.0012197265221871,94.96089078830477,95.07994462001383,0.2329531348999265,-0.01874642866269527,0.0018788354129941258,-1
2025-09-06 21:50:00,95.14126261298034,95.19140771665585,94.96391222304808,95.00057865331055,3072.1486268608014,-0.0014786850185292,94.96882836130592,95.07272953213172,0.2381005589803533,-0.020028408652927432,0.0018598852753077756,-1
2025-09-06 22:50:00,95.00057865331055,95.04330574586253,94.8944675279444,94.95720119785834,3242.7262576473663,-0.0004566020130312,94.9665029286164,95.06222695628868,0.2398452380403739,-0.017924385926263886,0.001844461061021107,-1
2025-09-06 23:50:00,94.95720119785834,94.96788295876192,94.6513751492769,94.74209803694129,3010.2620838956746,-0.0022652643317577,94.9216219502814,95.0331243272571,0.2408509644601691,-0.01616501641726298,0.0018620990010043486,-1
2025-09-07 00:50:00,94.74209803694129,94.81972989782705,94.61267822882206,94.6340653638744,2753.781370862233,-0.0011402816203706,94.864110633,94.99684623967686,0.2428626952596622,-0.01717680978689351,0.0018472415684471879,-1
2025-09-07 01:50:00,94.6340653638744,94.69292519303104,94.42160480595594,94.44399499986574,2849.3046618197664,-0.0020084772146038,94.78008750637316,94.94658703605766,0.2515556955040645,-0.013853897307067098,0.0018187427891169442,-1
2025-09-07 02:50:00,94.44399499986574,94.56759585222024,94.42156579621516,94.51015844402154,5041.127374705522,0.0007005574484211,94.72610169390283,94.90691170950892,0.2533247625327876,-0.016852870309095325,0.0018235487066713277,-1
2025-09-07 03:50:00,94.51015844402154,94.527960499597,94.1334395313412,94.17474820557588,5742.327097179613,-0.0035489331937192,94.61583099623743,94.84035139096954,0.275540039007271,-0.014679371139777686,0.001769263515076564,-1
2025-09-07 04:50:00,94.17474820557588,94.2082097505923,94.15060823004052,94.19670429570988,7331.688601869352,0.0002331420104897,94.53200565613194,94.7818380186732,0.266640862038035,-0.015108570760851703,0.0017481192791665102,-1
2025-09-07 05:50:00,94.19670429570988,94.2868103771611,93.81436548273382,93.82045530321048,1669.8825229208107,-0.0039942904086991,94.38969558554766,94.69443958999476,0.281571108844254,-0.008360460744218368,0.0018495890535385156,-1
2025-09-07 06:50:00,93.82045530321048,93.88267848882724,93.22872488990804,93.3002548460726,4457.979617659035,-0.0055446379518908,94.17180743765265,94.56769552236548,0.3098041636885834,-0.0031770911538723245,0.0020465969634389917,-1
2025-09-07 07:50:00,93.3002548460726,93.37974407939846,93.1898870424596,93.23232555753285,7863.554510016827,-0.0007280718434461,93.98391106162867,94.44629825283523,0.3016430097283122,-0.0028008743863301433,0.0020252907896560453,-1
2025-09-07 08:50:00,93.23232555753285,93.3588651111578,93.15926014088464,93.35770372052735,3759.374352647226,0.0013447928306491,93.85866959340842,94.34733511353453,0.28935229983492,-0.004506452803968886,0.002054774786201619,-1
2025-09-07 09:50:00,93.35770372052735,93.4413513032628,93.02129268099414,93.09786824177748,4162.226368637637,-0.0027832248266056,93.70650932308224,94.23374721610206,0.2833979783789208,-0.0021142449601070368,0.002090713887814133,-1
2025-09-07 10:50:00,93.09786824177748,93.29099424859972,93.0362225518406,93.25515167711004,3120.9808891489683,0.0016894418562205,93.6162377938878,94.1447839852846,0.2828612101064272,-0.0026946371509257716,0.0020644186038063584,-1
2025-09-07 11:50:00,93.25515167711004,93.34244898204103,93.12103948342497,93.2105904667682,2052.9806139532625,-0.0004778418086343,93.53510832846388,94.05985730178313,0.2824264961784501,-0.001083421035533938,0.0020623960779403046,0
2025-09-07 12:50:00,93.2105904667682,93.30278164253092,92.96536111792962,93.00855402375868,4343.328877640666,-0.0021675266940996,93.42979746752286,93.96428427650817,0.2958966609415329,0.0006845923971281476,0.0020256241181040905,0
2025-09-07 13:50:00,93.00855402375868,93.16643960323866,92.95770791834518,93.13557759186844,2461.152730813883,0.0013657192012395,93.370953492392,93.88894730517728,0.2881983663278516,-0.004816724875093881,0.0019403224243533493,-1
2025-09-07 14:50:00,93.13557759186844,93.16168835596444,92.8907632477196,92.9173910008724,5925.653781632029,-0.0023426771663154,93.28024099408808,93.80062400478592,0.2927607548449832,-0.0009681021269953849,0.0019635949053134275,0
2025-09-07 15:50:00,92.9173910008724,92.98281406970555,92.76782035971532,92.79232212467112,3409.422309157077,-0.001346022255404,93.18265722020467,93.70896019750276,0.2887374207674926,0.0016627017901653662,0.0019666554761912894,1
2025-09-07 16:50:00,92.79232212467112,92.81767807255136,92.69296646219432,92.77352672341912,8281.99782293845,-0.0002025534098257,93.10083112084756,93.62392079076788,0.2872146746497738,0.0029522761646298967,0.0019460080029272608,1
2025-09-07 17:50:00,92.77352672341912,93.12832139818322,92.74116578599208,93.0360730696433,5960.548186275733,0.0028299705260412,93.08787951060673,93.57048008884746,0.2866885777880128,-0.0020030356625271306,0.002038991167103781,-1
2025-09-07 18:50:00,93.0360730696433,93.03728114364203,92.93211621556613,93.00383143174712,2951.6413178594603,-0.0003465498578388,93.0710698948348,93.5189665745656,0.2900859640397379,0.002902796061790447,0.002004656752423225,1
2025-09-07 19:50:00,93.00383143174712,93.0436927957679,92.9674408540418,92.97119352490076,2566.319927901804,-0.0003509307771938,93.051094620848,93.46916902459608,0.2617864674182237,0.0019060781698252427,0.002002895324011524,1
2025-09-07 20:50:00,92.97119352490076,92.99961177284706,92.90144049418156,92.93699163482388,3741.675684212132,-0.0003678762074592,93.02827402364318,93.42078926188952,0.2220877302572463,0.0043706782176689,0.002003336942113094,1
2025-09-07 21:50:00,92.93699163482388,93.01755708379144,92.87223347450376,92.9010365430506,1095.9352729075308,-0.0003868760021257,93.00282652752466,93.37353901472234,0.2189067711393032,0.003430769180763571,0.001990353293360599,1
2025-09-07 22:50:00,92.9010365430506,93.08281604370065,92.85720200002292,93.00386288088568,1394.5087560899624,0.0011068373579175,93.00303379819688,93.33993209346444,0.2207645620967712,0.0007137104566921071,0.002002773321800906,0
2025-09-07 23:50:00,93.00386288088568,93.17319996854698,92.95518007197256,93.10960415232196,5401.527681311194,0.0011369556936757,93.02434786902188,93.31899318972422,0.2063332245471818,0.002597451740676826,0.0020228419012731772,1
2025-09-08 00:50:00,93.10960415232196,93.17682703408283,93.03003527867182,93.07222697271122,4160.513410092238,-0.0004014320536642,93.03392368975976,93.2965598972685,0.1986203715937447,0.005193564664269346,0.0020210186340272633,1
2025-09-08 01:50:00,93.07222697271122,93.10013574533616,92.67089520676667,92.68696913852546,1699.3181029889297,-0.0041393426021569,92.9645327795129,93.24114255556458,0.2134654458761297,0.009750511848643839,0.002081835789437445,1
2025-09-08 02:50:00,92.68696913852546,92.88962784003532,92.67637657230225,92.8274374770096,3578.2283712555854,0.0015155133433504,92.93711371901225,93.20353300296868,0.2045962132426859,0.005605506760380186,0.0020831081706369488,1
2025-09-08 03:50:00,92.8274374770096,93.03877377803607,92.78610152024967,92.94660808478142,2204.1789818974116,0.0012837864645496,92.93901259216608,93.18017619222437,0.2077348255921813,0.00414020485299349,0.0019539569210390035,1
2025-09-08 04:50:00,92.94660808478142,93.05588131110122,92.88088260793984,93.04741979507332,1326.1739094920626,0.0010846195721305,92.96069403274753,93.168107428847,0.2008829395147913,0.001034259428011497,0.001949840897468274,0
2025-09-08 05:50:00,93.04741979507332,93.12752339192114,92.79339308178515,92.84971849738332,2098.910464581086,-0.0021247370225356,92.9384989256747,93.1391629805321,0.2093926966680592,0.0032527927051950734,0.0019615444664428296,1
2025-09-08 06:50:00,92.84971849738332,93.34258720868256,92.76577878864258,93.27380258735862,2483.6773636196813,0.0045674246173106,93.00555965801148,93.15140294478906,0.2416853259311285,-0.0044227509642426055,0.0021724893158697797,-1
2025-09-08 07:50:00,93.27380258735862,93.33416531374826,93.08680798572348,93.14840388730116,2017.6108921798884,-0.0013444150080619,93.03412850386944,93.15113030319924,0.2316997342049589,-0.00462635889081342,0.002155155002059101,-1
2025-09-08 08:50:00,93.14840388730116,93.37378269096853,93.14824322999743,93.34318931977788,4011.0641121234175,0.0020911301143966,93.09594066705112,93.16859021379727,0.2402979151260424,-0.007995782279013097,0.0022007513213647893,-1
2025-09-08 09:50:00,93.34318931977788,93.35725494540466,93.14082958969848,93.21975855608348,5678.376846944388,-0.0013223328299994,93.1207042448576,93.17324188127785,0.2503103018389063,-0.005518072768712523,0.0021881500181998347,-1
2025-09-08 10:50:00,93.21975855608348,93.30142030518648,93.05165364811216,93.07024071033652,3087.540534291812,-0.0016039286956208,93.1106115379534,93.163878138465,0.2611385431538216,-0.0046396433896872535,0.0021885017347806593,-1
2025-09-08 11:50:00,93.07024071033652,93.38122996549392,93.05608265861476,93.35145185570114,2062.8899401616136,0.0030214936935624,93.15877960150296,93.18093029457737,0.2739830929817849,-0.008463440133974598,0.0021992212980833526,-1
2025-09-08 12:50:00,93.35145185570114,93.61872943588088,93.26560627898994,93.55560360194156,2940.6623326053445,0.0021869155988702,93.23814440159067,93.21499150433776,0.2830908867827294,-0.011775660164543345,0.002240432465436544,-1
2025-09-08 13:50:00,93.55560360194156,93.63647035983456,93.48614460499412,93.59071452932554,4017.315213771202,0.0003752947555484,93.30865842713766,93.249148142973,0.2782555909445869,-0.011403724976924878,0.0021329904256216876,-1
2025-09-08 14:50:00,93.59071452932554,93.66940317952134,93.31091272241396,93.34778230533574,3775.594992134783,-0.0025956872453802,93.31648320277728,93.25811488500597,0.2933769267800414,-0.008063043669928494,0.0019443945165812473,-1
2025-09-08 15:50:00,93.34778230533574,93.41777908188574,93.26056803114284,93.3314260826433,5797.214053803045,-0.0001752181175438,93.31947177875048,93.26477953933664,0.2739462490781424,-0.008394667416382728,0.0019400050767377803,-1
2025-09-08 16:50:00,93.3314260826433,93.36147696806334,93.11593896693242,93.14365496624852,2152.1411463985346,-0.0020118745022551,93.2843084162501,93.25376821451044,0.2762524443208453,-0.005609810179829422,0.001957569261341591,-1
2025-09-08 17:50:00,93.14365496624852,93.23281486809051,93.10437264583524,93.15173938439102,2259.1160466923625,8.679515685128258e-05,93.25779460987827,93.24449286631776,0.2673788703543361,-0.005954958992264281,0.0018939569548789812,-1
2025-09-08 18:50:00,93.15173938439102,93.21637491283865,92.80667029759024,92.8612757870268,2618.3155371776147,-0.0031181768508434,93.178490845308,93.20965495001856,0.2841435783605521,-0.0021926204268410965,0.0019471758842679544,-1
2025-09-08 19:50:00,92.8612757870268,92.86214777182242,92.71676845889056,92.71746594081206,986.0570764783632,-0.0015486524926124,93.0862858644088,93.16491049463616,0.2706613642745422,-0.003264719472533595,0.0019624799476136738,-1
2025-09-08 20:50:00,92.71746594081206,92.80956533863218,92.56820072814776,92.59683750074824,10890.841578159156,-0.0013010325383658,92.9883961916767,93.1132674951918,0.246701092163431,-0.0030263255680632595,0.0019397889585911386,-1
2025-09-08 21:50:00,92.59683750074824,92.79670029435044,92.57812091657912,92.7053651448892,6592.8621664734965,0.0011720448243182,92.9317899823192,93.0761854633461,0.2446455242881841,-0.0023935214973394014,0.0019352465277841116,-1
2025-09-08 22:50:00,92.7053651448892,92.71501833256666,92.60747598349296,92.6384279832482,1608.2595611178238,-0.0007220419393892,92.873117582505,93.03638932879176,0.2362171591526569,-0.0024223785588313174,0.0018966416291850959,-1
2025-09-08 23:50:00,92.6384279832482,92.6522705637123,92.49410021523288,92.5613774315008,1660.6230739071298,-0.0008317342319468,92.81076955230417,92.99320642903804,0.2320560872078882,-0.002695416738834111,0.0018878330711248068,-1
2025-09-09 00:50:00,92.5613774315008,92.60402047129654,92.41156445235104,92.45392460743636,1645.966462646354,-0.0011608818607303,92.7394005633306,92.9441808088924,0.2279624701986873,-0.0007370116136370397,0.0018974796677133192,0
2025-09-09 01:50:00,92.45392460743636,92.60286032834756,92.41839360745703,92.52343176043922,1200.2910567718156,0.0007518031635542,92.69620680275231,92.90593089539666,0.2179138569137829,-0.0011231618884826045,0.001828041976453006,0
2025-09-09 02:50:00,92.52343176043922,92.60821267975176,92.44672092883732,92.59511506011684,2347.674612849904,0.0007747583321726,92.67598845422523,92.87767491037124,0.2042258993440333,0.0004540943066779768,0.0018353015792036747,0
2025-09-09 03:50:00,92.59511506011684,92.67334564052976,92.51765074873278,92.5479398011828,1390.5622048396308,-0.0005094789169323,92.65037872361675,92.8476989913541,0.2046094091266448,-0.00017309629666728554,0.0018361143772739103,0
2025-09-09 04:50:00,92.5479398011828,92.6265026926231,92.51605431865391,92.62113674243234,2627.511958533239,0.0007909083811783,92.64453032737988,92.82710242327028,0.186892117473916,-0.001143808377374933,0.0018429087713903653,0
2025-09-09 05:50:00,92.62113674243234,92.63070031392203,92.56724434844068,92.59702459629888,2504.093460521423,-0.0002603309242523,92.63502918116367,92.80618625718198,0.1801953256695228,-0.0024976636317042278,0.0018424195293006895,-1
2025-09-09 06:50:00,92.59702459629888,92.67974656705869,92.51771194600094,92.65766625687364,1579.1161296829448,0.0006548985870675,92.63955659630568,92.79268443897212,0.1742307985214373,-0.0035313517994797206,0.0018345793879417835,-1
2025-09-09 07:50:00,92.65766625687364,92.7423144455038,92.41445435062468,92.41476942431112,3789.861232481884,-0.0026214434528184,92.59459916190676,92.7583285285484,0.188474932280284,-0.0009006387814469718,0.0018717792504871565,0
2025-09-09 08:50:00,92.41476942431112,92.46769568514848,92.29438007697333,92.31660932389792,1983.991744223075,-0.0010621689695781,92.539001194305,92.71817223721654,0.1715900032036249,0.00023052208587226453,0.0018773406544480469,0
2025-09-09 09:50:00,92.31660932389792,92.55957745437578,92.2703152055364,92.4834728604962,3151.4851332136477,0.0018075137055004,92.52789552754324,92.69683593024196,0.1818673557684482,-0.00028753278205539967,0.0017715819292958832,0
2025-09-09 10:50:00,92.4834728604962,92.57197730414232,92.4017536503661,92.41402264157774,2451.841816280628,-0.0007509473505953,92.50512095035016,92.67112563127247,0.1767858588607193,-0.0009415887914632215,0.0017514578813925573,0
2025-09-09 11:50:00,92.41402264157774,92.44819080640691,92.22401656444102,92.3118859454024,6055.192953561216,-0.0011052077731911,92.46647394936062,92.63846747801156,0.1771854920174758,-0.001163127627689886,0.001739776150019135,0
2025-09-09 12:50:00,92.3118859454024,92.43733922672747,92.30150709018804,92.38578499127436,2897.844609530815,0.0008005366277061,92.45033615774337,92.61549634285365,0.1792061911221714,1.8732632397933102e-05,0.0017336570650386145,0
2025-09-09 13:50:00,92.38578499127436,92.49167839280638,92.30879731810286,92.41951296809428,2347.851047587165,0.0003650775584482,92.44417151981357,92.59767967242097,0.1809712429953214,0.0011824162425400075,0.001701050240165456,0
2025-09-09 14:50:00,92.41951296809428,92.67744106175876,92.38294947337012,92.63716197469184,5224.956769191769,0.0023550113997323,92.48276961078922,92.6012689726274,0.1882594979555451,-0.003928736257141741,0.0015408057604511158,-1
2025-09-09 15:50:00,92.63716197469184,92.65559976301772,92.4416713380852,92.53192009553904,3110.9629231921667,-0.0011360654505105,92.4925997077392,92.59496452925572,0.190363905387119,-0.004536950102396409,0.001536303557289097,-1
2025-09-09 16:50:00,92.53192009553904,92.5752177745745,92.47851250775868,92.51519591030436,13722.004011890382,-0.0001807396325226,92.49711894825222,92.5877128366238,0.1857362993800748,-0.004179241746802953,0.001478098822207509,-1
2025-09-09 17:50:00,92.51519591030436,92.52877502590071,92.28284765090284,92.36574837556068,1375.2841338579565,-0.0016153836488503,92.47084483371393,92.56753424925442,0.1921814767515662,0.00038188352276802284,0.0014856705538779389,0
2025-09-09 18:50:00,92.36574837556068,92.43743493908558,92.2491983036323,92.33045944040184,1402.2939269247177,-0.0003820565066536,92.4427677550515,92.5459819939042,0.1977377811432877,0.0017733485192892307,0.0014662942073852996,1
2025-09-09 19:50:00,92.33045944040184,92.3953916355414,92.3248156359685,92.3315370989891,2811.7333774629915,1.1671755927311622e-05,92.42052162383904,92.52648700345736,0.1982463550069663,0.0014454345375753963,0.0013409605505026606,1
2025-09-09 20:50:00,92.3315370989891,92.37202313347125,92.285346852537,92.33789034123993,1392.0279175643618,6.88090164036037e-05,92.4039953673192,92.50934185234668,0.1928636164267173,0.004534356307205334,0.0012620388968122213,1
2025-09-09 21:50:00,92.33789034123993,92.49913914096282,92.28162486063324,92.45688083025048,2120.1352279053717,0.0012886420576734,92.41457245990549,92.50457266851974,0.18498177253032,0.002953683782562999,0.0012903489113111968,1
2025-09-09 22:50:00,92.45688083025048,92.49157520021826,92.23763952982564,92.3270066336844,3045.149519101886,-0.0014047001737439,92.39705929466126,92.48843030171652,0.190740348402996,0.002654269815640209,0.0012405965283283195,1
2025-09-09 23:50:00,92.3270066336844,92.37055011112926,92.14143580119024,92.20451544049514,4211.883457013334,-0.0013267103272961,92.35855052382804,92.4626198597873,0.1864440670529705,0.0016266495658914248,0.0012522241872046022,1
2025-09-10 00:50:00,92.20451544049514,92.4593973885692,92.11525811186632,92.3875156202234,4131.965092365718,0.0019847203670451,92.36434354310713,92.45579220164512,0.1988666115477317,-0.002287823153932389,0.0012830164095184774,-1
2025-09-10 01:50:00,92.3875156202234,92.5825061617839,92.3134651913102,92.5287913013554,3673.986589044184,0.0015291641969541,92.3972330947568,92.46242848343697,0.2020713778697163,-0.004569011338018014,0.0013201695177794761,-1
2025-09-10 02:50:00,92.5287913013554,92.59580471686216,92.25781809911076,92.27321499768316,4179.0603525418055,-0.0027621273343976,92.37242947534206,92.44522725745936,0.2165109836705687,-0.0030418045953176653,0.0012961398351235404,-1
2025-09-10 03:50:00,92.27321499768316,92.36437862939036,92.07716027712264,92.11210739118664,3688.536859173258,-0.0017459845362554,92.32036505851096,92.41494363325272,0.2239636463537268,-0.00048351861731676937,0.0013032246766881833,0
2025-09-10 04:50:00,92.11210739118664,92.14317464990624,92.06152621150952,92.12855254134236,1726.764531387989,0.0001785340778914,92.28200255507726,92.3889080794427,0.2087605642114454,-0.004445872611200552,0.0012892140006479649,-1
2025-09-10 05:50:00,92.12855254134236,92.48592078475016,92.07040479069728,92.40102133293344,2174.4121408290966,0.0029574847761644,92.30580631064848,92.39000928430548,0.2231596762914703,-0.008927766592282227,0.0013837829545309307,-1
2025-09-10 06:50:00,92.40102133293344,92.52987593874325,92.39171324342148,92.49419352393576,2576.117971306192,0.0010083458998424,92.34348375330596,92.39948057881732,0.2261209211847494,-0.009523262358175133,0.0013925465301547956,-1
2025-09-10 07:50:00,92.49419352393576,92.5390630495558,92.4416458933493,92.4649962916194,3515.532835194074,-0.0003156655699557,92.36778626096864,92.40543655270842,0.2155130484139371,-0.007205700440765517,0.001386147927436687,-1
2025-09-10 08:50:00,92.4649962916194,92.78488086322317,92.379183245439,92.75658323670277,2030.0921239282452,0.0031534846350258,92.44554565611548,92.43735897852608,0.2310459757232854,-0.00905382372708241,0.0014794464324396164,-1
2025-09-10 09:50:00,92.75658323670277,92.75810831171071,92.6887257157317,92.72996921974516,4374.109456120815,-0.0002869232137374,92.50243036884142,92.463959909546,0.2309607326094373,-0.012205049433392956,0.001476148038131666,-1
2025-09-10 10:50:00,92.72996921974516,92.80564291594696,92.5102292035612,92.5720674205606,4515.804301896236,-0.0017028130227282,92.51635777918526,92.4737878650928,0.2458705491416891,-0.010066492322239773,0.0015027654142460605,-1
2025-09-10 11:50:00,92.5720674205606,92.64644700795132,92.32450215133004,92.35449987550966,4654.557097366869,-0.0023502504709387,92.48398619845014,92.4629435024034,0.253329876019666,-0.009798348978538818,0.0015568892320857698,-1
2025-09-10 12:50:00,92.35449987550966,92.44199291015588,92.0986524583988,92.17614932285316,2213.1038616928313,-0.0019311517348578,92.42241882333074,92.43687130426248,0.2597159318314134,-0.007635619007649197,0.0015828080493190822,-1
2025-09-10 13:50:00,92.17614932285316,92.24985708210151,92.04984287548092,92.1060262048064,6370.438056395659,-0.0007607512199402,92.35914029962588,92.40679447703918,0.2576373530229544,-0.007888274556401176,0.0015864086630129547,-1
2025-09-10 14:50:00,92.1060262048064,92.1549397805572,91.95592766166028,91.99253790827846,2507.572165051774,-0.0012321484402723,92.2858198213564,92.36913478897004,0.2472711274653858,-0.006241074754695042,0.0015900201772773362,-1
2025-09-10 15:50:00,91.99253790827846,92.1127521708927,91.9811481817182,92.06756947238271,2755.083802245205,0.0008156266346197,92.24216975156166,92.34171976018936,0.2374542002297285,-0.007966350457115356,0.0015380779801297127,-1
2025-09-10 16:50:00,92.06756947238271,92.13527215730431,91.6752927856377,91.71896073288926,4276.485881439746,-0.003786444472155,92.13752794782718,92.28510530316208,0.2461679683665321,-0.004038114804230997,0.0016624759629736826,-1
2025-09-10 17:50:00,91.71896073288926,91.78528477571096,91.52527636538528,91.57608658158452,6232.97730826092,-0.0015577384453887,92.02523967457866,92.22064905574594,0.2442244010849573,-0.002225069422382653,0.0016375358527672221,-1
2025-09-10 18:50:00,91.57608658158452,91.64088520203428,91.57331448657202,91.6133470523995,3209.785835163147,0.0004068799203575,91.94286115014285,92.16543978271444,0.2432188494467827,-0.0020436087653555868,0.0016401942073490834,-1
2025-09-10 19:50:00,91.6133470523995,91.86701770037207,91.60140515828776,91.7987212270855,1700.2330237137444,0.0020234406956003,91.91403316553136,92.13210173220271,0.2325114600204573,-0.0009405173297684088,0.0016815646326736222,0
2025-09-10 20:50:00,91.7987212270855,91.92575127354203,91.72094818008236,91.91678148255122,6799.945299616782,0.0012860773427734,91.91458282893534,92.11252716405258,0.2372714884588822,-0.0030487393201931168,0.001692783913509623,-1
2025-09-10 21:50:00,91.91678148255122,91.98961342373914,91.57427550219413,91.59819536146117,2114.0944330011716,-0.003466027812892,91.8513053354405,92.06576972745336,0.2599801145544924,0.0017367993331232068,0.0017874519475754936,1
2025-09-10 22:50:00,91.59819536146117,91.71071197325308,91.56432473374664,91.64019141461766,1658.568641361467,0.0004584812287051,91.80908255127594,92.02708078992283,0.2414579446775115,0.0005122350003559095,0.0017278008471688772,0
2025-09-10 23:50:00,91.64019141461766,91.7188964870516,91.36142390811266,91.449578255991,4943.290953443113,-0.0020800170283827,91.73718169221895,91.9745805595654,0.2620358006032209,0.0009090288348645448,0.0017498075058669568,0
2025-09-11 00:50:00,91.449578255991,91.49651550866132,91.38799342523858,91.47232736503167,1264.9396475771073,0.0002487612242125,91.68421082678152,91.92892117824417,0.2486863985344344,-0.0014135062677621546,0.0017529199181740812,-1
2025-09-11 01:50:00,91.47232736503167,91.49018853426608,91.36812091820484,91.3794685818038,2122.061919965278,-0.0010151571071032,91.62326237778598,91.87897094220412,0.2344094527801457,-0.002839625535829393,0.0017421511566888407,-1
2025-09-11 02:50:00,91.3794685818038,91.43787052422746,91.33103171315736,91.41840560231878,3794.683219493261,0.000426102505511,91.58229102269254,91.8371013658509,0.2175164784453613,-0.003292198550375325,0.0017472815109354483,-1
2025-09-11 03:50:00,91.41840560231878,91.48643834743642,91.3289149939526,91.3341269482309,7668.792281178213,-0.000921900284003,91.53265820780022,91.79137641879451,0.2144814175070207,-0.0015039862951298222,0.0017495521483153066,-1
2025-09-11 04:50:00,91.3341269482309,91.43780441154604,91.2988553683054,91.3485890397251,2768.623775601418,0.0001583426915812,91.4958443741852,91.7511230206973,0.2101911978172848,-0.0019171162026848654,0.0017502949398155597,-1
2025-09-11 05:50:00,91.3485890397251,91.40754892582578,91.30782086357824,91.37232343151037,1994.8915533752777,0.0002598222045329,91.47114018565024,91.71668669440758,0.2079143458939307,-0.0022626847467160927,0.0017288246109255516,-1
2025-09-11 06:50:00,91.37232343151037,91.49248263600803,91.36878175541295,91.42612521333966,5539.6253780648385,0.0005888192376941,91.46213719118812,91.6902720143105,0.183894453674533,-0.0016232278273101697,0.0017261494584193563,-1
2025-09-11 07:50:00,91.42612521333966,91.79168770568748,91.34498105279717,91.71238293892084,1486.3398648979644,0.0031310276456886,91.51218634073469,91.69228209836598,0.1972300424291495,-0.0012933544122890606,0.0018184371890005407,-1
2025-09-11 08:50:00,91.71238293892084,91.7707041731546,91.57958581697991,91.63655117665976,4491.939143214389,-0.0008268432225948,91.53705930791968,91.68721565093814,0.2060548739086089,-0.0010053411624196817,0.001778675904929128,0
2025-09-11 09:50:00,91.63655117665976,91.81067059945664,91.5864144905637,91.75728304608025,4995.636903514495,0.0013175077834144,91.5811040555518,91.69358541413288,0.2031008429663673,-0.003421894365857603,0.0017722148257732083,-1
2025-09-11 10:50:00,91.75728304608025,91.78045760290712,91.66162079675304,91.68713272809954,2808.547360067455,-0.0007645204353475,91.60230979006135,91.69299880631166,0.1969603938731105,-0.0005914412536860425,0.0017155146493603207,0
2025-09-11 11:50:00,91.68713272809954,91.72990735853284,91.46444633344852,91.5327085595619,1324.7875551085197,-0.0016842512568867,91.58838954396148,91.67842696569804,0.186254901268773,0.00011989069694084975,0.0017137511518579495,0
2025-09-11 12:50:00,91.5327085595619,91.56356934247404,91.2637068068218,91.3430306569744,3683.065137404403,-0.0020722417764362,91.53931776656408,91.64793639217773,0.1972174224220464,0.002647863266133532,0.0017438192497627458,1
2025-09-11 13:50:00,91.3430306569744,91.392592277118,91.09704848118822,91.1199851093684,3092.066393568246,-0.0024418452727238,91.45545123512494,91.59994082101322,0.1927939379213928,0.008153048000003604,0.0016819689521673552,1
2025-09-11 14:50:00,91.1199851093684,91.1388039983792,91.07669968866944,91.1174380599172,1953.1405859169272,-2.795269828170799e-05,91.3878486000834,91.55607693364084,0.1894783826561773,0.010093602671946922,0.001663157480966491,1
2025-09-11 15:50:00,91.1174380599172,91.26354547308333,91.049254097813,91.19676167302312,3379.3659927232407,0.0008705645680442,91.34963121467136,91.52341190994834,0.1960657940282552,0.004457042779944853,0.0016797805685608818,1
2025-09-11 16:50:00,91.19676167302312,91.26986714097224,91.14213557981168,91.17346317958464,3224.614655174172,-0.0002554750082247,91.31439760765402,91.4915983890062,0.1975581333204305,0.005706727031487002,0.0015481167044449273,1
2025-09-11 17:50:00,91.17346317958464,91.22007314778496,91.11769529995868,91.16557666900988,3512.7937616787963,-8.650006591537363e-05,91.2846334199252,91.4619600508247,0.1936191686306066,0.004645904422341696,0.0015495643919026518,1
2025-09-11 18:50:00,91.16557666900988,91.3620152455608,91.0950208581854,91.27771978275022,3339.1564115375268,0.0012301037062212,91.2832506924902,91.4452109355452,0.2027652646402334,0.002779913809961343,0.001564645805402138,1
2025-09-11 19:50:00,91.27771978275022,91.6164425446818,91.22090484832196,91.59376632378525,1835.7814261790131,0.0034624719130498,91.3453538187492,91.45871597083976,0.2238945242196846,0.00033541567729056254,0.0016694727685978281,0
2025-09-11 20:50:00,91.59376632378525,91.66587320176696,91.457842780092,91.5444251797797,2137.9292083987557,-0.0005386954373195,91.3851680909553,91.466507717107,0.2299180628682476,0.002885650081670965,0.00164235817144262,1
2025-09-11 21:50:00,91.5444251797797,91.56957305506828,91.43270840762167,91.44329931619846,2343.891312573688,-0.0011046643570336,91.39679433600394,91.46439786247896,0.2077864910508385,0.0018003938294686161,0.0016471724729216917,1
2025-09-11 22:50:00,91.44329931619846,91.70653409314914,91.38663643662278,91.63290517537196,2508.9383105785646,0.0020734800755368,91.44401650387756,91.4797167091056,0.21698501250453,-0.0006346088060753541,0.00168514588486953,0
2025-09-11 23:50:00,91.63290517537196,91.69547223764364,91.53620474866278,91.543682479784,2435.757180029221,-0.00097369711696,91.46394969905884,91.48553177916726,0.2123429682250943,0.001507339400664165,0.0016827483385983902,1
2025-09-12 00:50:00,91.543682479784,91.64727117952086,91.49549287751776,91.58489451246832,5013.855729771761,0.0004501898063082,91.48813866174076,91.4945647549219,0.2146959322143098,0.0014007490057574845,0.001551115772409887,1
2025-09-12 01:50:00,91.58489451246832,91.8783551070467,91.50724474230412,91.8628907217247,2592.3876473866753,0.0030353936720266,91.56308907373754,91.52804893372216,0.222242313618473,-0.004741728740331519,0.0016176621863778493,-1
2025-09-12 02:50:00,91.8628907217247,92.10872140693532,91.85530372831296,92.03714127617975,2322.026816418142,0.0018968546829525,91.657899514226,91.57433005576374,0.2189248238306242,-0.0047606345314105125,0.0016479694750765287,-1
2025-09-12 03:50:00,92.03714127617975,92.04041741037408,91.56992608266536,91.60322954119222,2142.8085512386274,-0.0047145286019421,91.64696551961924,91.57695728171178,0.2314210761005495,0.0002625347754008356,0.001821600328082436,0
2025-09-12 04:50:00,91.60322954119222,91.7512248952118,91.58737276954716,91.69376524646586,3453.0763622573563,0.0009883462158168,91.65632546498856,91.58757618759851,0.2386887772401838,-0.0018867008853883371,0.0018152260381391451,-1
2025-09-12 05:50:00,91.69376524646586,91.71295964866924,91.505626984742,91.58912322482176,3968.642536472334,-0.0011412119609532,91.6428850169552,91.58771682734609,0.2381917264299642,0.0022751785741934594,0.0017190776066619373,1
2025-09-12 06:50:00,91.58912322482176,91.58985906181182,91.50360748522498,91.53146397651608,2588.26594259514,-0.0006295425294565,91.62060080886738,91.58260293181608,0.2352288703889848,0.003477376665922849,0.0017204422500300886,1
2025-09-12 07:50:00,91.53146397651608,91.6562181309708,91.49297958233616,91.62448830895234,8234.742383521583,0.001016309893832,91.62137830888436,91.58641069337392,0.2395760633038668,0.00018445722533422249,0.0016885309295770828,0
2025-09-12 08:50:00,91.62448830895234,91.88738171790712,91.56597285045966,91.80859035777624,4191.533441362842,0.0020093105262768,91.65882071866277,91.60660884468322,0.2434628118804432,-0.0019453566754422669,0.0017231694262572629,-1
2025-09-12 09:50:00,91.80859035777624,91.8463106074848,91.57097595934025,91.6079332680336,3262.3367546377713,-0.0021856025559339,91.64864322853693,91.60672924680598,0.2348768798650655,-0.00044861429337272885,0.001759985438467911,0
2025-09-12 10:50:00,91.6079332680336,91.68999559479836,91.57025564198732,91.5747541268214,930.5270703132462,-0.0003621863306875,91.63386540819384,91.60382241771649,0.2285704178033571,-0.001798677323749942,0.0017604948324722559,-1
2025-09-12 11:50:00,91.5747541268214,91.70077660463896,91.54900792802016,91.68166987926767,1292.343101987167,0.0011675243189648,91.6434263024086,91.61089945967566,0.2296349913156561,-0.004648438000954935,0.0017618443289507861,-1
2025-09-12 12:50:00,91.68166987926767,91.73983088583392,91.6490636478634,91.71318196239906,3804.046368999422,0.0003437119237996,91.6573774344067,91.62019786901416,0.2132685328473808,-0.006519249226201174,0.0017622784790791285,-1
2025-09-12 13:50:00,91.71318196239906,91.7451907654797,91.3625075372758,91.42730181261956,2104.3381283937656,-0.0031171107976247,91.61136231004927,91.60266186388736,0.229226799934743,-0.004145448126463336,0.0018527905310551961,-1
2025-09-12 14:50:00,91.42730181261956,91.6727649627143,91.385477510264,91.59898608324806,5276.731354425111,0.0018778227862437,91.60888706468904,91.60232770201104,0.2389060249666842,-0.003629002072401022,0.0018793672120703646,-1
2025-09-12 15:50:00,91.59898608324806,91.6950462945456,91.54418316469736,91.6272785744858,1743.15664292896,0.000308873410586,91.6125653666484,91.60459596314512,0.2231740796170862,-0.005806701884811805,0.0017949631917212484,-1
2025-09-12 16:50:00,91.6272785744858,91.6476138251284,91.45625680610463,91.52076653839076,1966.3517731800275,-0.0011624489753723,91.59420560099689,91.59697510634926,0.2187411753600423,-0.0017202716330795287,0.0018007556835403892,-1
2025-09-12 17:50:00,91.52076653839076,91.8091887518142,91.42950336713736,91.79750483561205,2198.262022696003,0.0030237759984801,91.6348654479199,91.6152050817368,0.2122550365720487,-0.005025329925581912,0.001866255790525563,-1
2025-09-12 18:50:00,91.79750483561205,91.89114349891663,91.7960531788388,91.84975335354576,2404.3411314120303,0.0005691714391069,91.67784302904508,91.63652765190125,0.2073434790301362,-0.007032297873295845,0.0018631665517046946,-1
2025-09-12 19:50:00,91.84975335354576,91.8794393426146,91.55808589011292,91.64138910783848,3901.764704043126,-0.0022685335354712,91.67055224480376,91.63696960244098,0.2154878210711674,-0.003939817248054367,0.0018835333198539495,-1
2025-09-12 20:50:00,91.64138910783848,91.6879501412633,91.58212920097806,91.6299899036608,1694.7092099252052,-0.0001243892556481,91.66243977657516,91.63633508437006,0.2168856327639099,-0.00310923524940121,0.0018441729444034257,-1
2025-09-12 21:50:00,91.6299899036608,91.70067302757654,91.50178429111568,91.56683663978323,4875.53321934234,-0.0006892204609423,91.6433191492168,91.63001704395307,0.2194320747514971,-0.0025343265703349216,0.0017915323982438344,-1
2025-09-12 22:50:00,91.56683663978323,91.61768278892724,91.33148079561076,91.41004069314552,1490.513263457154,-0.001712366096631,91.59666345800254,91.61001919387968,0.2169172980278537,0.0002487530462178533,0.0018215579924214251,0
2025-09-12 23:50:00,91.41004069314552,91.47723723506152,91.165699428552,91.25549332100988,1721.9505331773207,-0.0016907045545954,91.528429430604,91.57778956907332,0.2195032379110648,-7.230822505110979e-05,0.0018428359169973027,0
2025-09-13 00:50:00,91.25549332100988,91.31202731188834,91.02489821736084,91.11528087185825,4981.786577295774,-0.001536482287794,91.44579971885486,91.53574332387194,0.231459605176527,0.0027323533937984035,0.0018628573380273328,1
2025-09-13 01:50:00,91.11528087185825,91.12646776149094,90.9961641806019,91.04829467561284,3916.421138349151,-0.0007351807029998,91.36629871020646,91.49142981039384,0.2299263840529753,0.0058854483198189644,0.0018671482587155031,1
2025-09-13 02:50:00,91.04829467561284,91.26667176663084,90.96756008525284,91.26657317292212,4464.229355203569,0.0023973924837026,91.3463536027496,91.4709882978964,0.2448081300106537,0.0022904387873514676,0.0019037759367448212,1
2025-09-13 03:50:00,91.26657317292212,91.2695156628586,91.03325010123224,91.09522628328716,1024.966080356349,-0.0018774331464193,91.29612813885711,91.43682811475011,0.2343497252551145,0.005683374428032906,0.0018226018632368605,1
2025-09-13 04:50:00,91.09522628328716,91.4130088331519,91.04190478491206,91.36332595987707,2045.312630618707,0.0029430705375952,91.3095677030611,91.43014610067074,0.2403366249543686,0.003228089705913373,0.0019020125886359057,1
2025-09-13 05:50:00,91.36332595987707,91.40866452450804,91.32914781065618,91.3361920874679,1636.377774632629,-0.0002969886672152,91.31489257994248,91.4216048267432,0.2352404523832011,0.006365979510008168,0.0018930421720591258,1
2025-09-13 06:50:00,91.3361920874679,91.36291861094404,91.19695533161732,91.20383852837487,3976.005883137624,-0.0014490812028409,91.29268176962896,91.4018078905279,0.2334266138334127,0.005800065023614964,0.0018687483733789056,1
2025-09-13 07:50:00,91.20383852837487,91.285298641246,91.2005140214473,91.28033878239576,3755.504263336119,0.0008387832711349,91.29021317218232,91.39076524433408,0.2123622734849734,0.00698561034757561,0.0018702867555407524,1
2025-09-13 08:50:00,91.28033878239576,91.39832386041893,91.2693410672432,91.34509070915006,2035.1166907144368,0.0007093743035799,91.30118867957589,91.3866130138628,0.2147831644205362,0.008555401406599161,0.0018732529668065293,1
2025-09-13 09:50:00,91.34509070915006,91.41405251202173,91.26833964154744,91.33477637272551,4958.727731611229,-0.0001129161550386,91.30790621820582,91.38190059194125,0.2022374085614383,0.010367668901930527,0.0017849333738256166,1
2025-09-13 10:50:00,91.33477637272551,91.43612890021348,91.25248597151396,91.43277921922284,1871.0010637867335,0.00107300691357,91.33288081840922,91.3865259216941,0.2077961220196016,0.01025991987029573,0.0017597963433920918,1
2025-09-13 11:50:00,91.43277921922284,91.48252450176535,91.1685602568353,91.24889479826167,2435.6932742925756,-0.0020111432959973,91.31608361437972,91.37401400138206,0.2160158011959733,0.015510169437430665,0.0015933108967302293,1
2025-09-13 12:50:00,91.24889479826167,91.40700713254904,91.20511572933258,91.36424001877536,3350.8700795173336,0.001264072521302,91.32571489525886,91.37312545750872,0.2099936161888302,0.009503798073769332,0.0016002279061524613,1
2025-09-13 13:50:00,91.36424001877536,91.6599312766297,91.28502104957484,91.5841547085338,2933.8988347156405,0.0024070105515379,91.37740285791384,91.39230993487465,0.2145202176563551,0.00916404778450497,0.001648753845212266,1
2025-09-13 14:50:00,91.5841547085338,91.629005122547,91.46176199549616,91.47561367210604,1413.6014227343962,-0.0011851508241045,91.39704502075227,91.39988300189567,0.205956934265167,0.008847682420332736,0.001658489960580738,1
2025-09-13 15:50:00,91.47561367210604,91.69598079916092,91.40085937702924,91.61295456286147,3381.920977727594,0.0015013934888454,91.44022692917412,91.41925314380164,0.2177296372110697,0.003364282087300774,0.0016704201996226014,1
2025-09-13 16:50:00,91.61295456286147,91.6619159367655,91.53717812344044,91.65825497190616,1053.854727126242,0.0004944760188207,91.48383253772056,91.44098058272024,0.205274360921573,0.0035846026896784178,0.0016326018818047952,1
2025-09-13 17:50:00,91.65825497190616,91.92871857284057,91.65256141688442,91.91763641481889,1324.182865468707,0.0028298754213924,91.57059331314022,91.48431293109284,0.2081237605165558,0.00011395657095891742,0.0016614515181358502,0
2025-09-13 18:50:00,91.91763641481889,91.99456922415769,91.67265342968956,91.73282672224272,2309.3207853597896,-0.0020106010096051,91.60303999496072,91.50690509392464,0.204610313818575,-0.00164316215525373,0.001701532713400808,-1
2025-09-13 19:50:00,91.73282672224272,91.94382571095215,91.65226485637643,91.91798766152426,2983.634637515828,0.0020184806889489,91.66602952827344,91.5442762364337,0.2197563238702774,-0.0012148340561648485,0.0017259502120393014,-1
2025-09-13 20:50:00,91.91798766152426,92.19708978944416,91.87509010873102,92.12658462668904,4382.636238442473,0.002269381330811,91.75814054795656,91.59721336282055,0.2309017811121652,-0.0038215864622099804,0.0017684210847306568,-1
2025-09-13 21:50:00,92.12658462668904,92.37259721162312,92.1152882905624,92.2817050933898,2068.339668217107,0.0016837752895033,91.86285345704322,91.6594398837814,0.2432249454880245,-0.009041638151911613,0.0016846656214634448,-1
2025-09-13 22:50:00,92.2817050933898,92.39361993824554,92.20628997697222,92.3708722075305,4078.7882780728487,0.0009662490961828,91.96445720714068,91.72411554957677,0.2473926003521386,-0.006945856879929768,0.0016645742706170022,-1
2025-09-13 23:50:00,92.3708722075305,92.74331590937734,92.28318837621424,92.664180617561,1365.9855219882015,0.0031753344211313,92.10440188922476,91.8095760103026,0.2698507905441961,-0.010901087584573421,0.0017423968820112854,-1
2025-09-14 00:50:00,92.664180617561,92.66428116382136,92.23173258525088,92.2325473070772,3572.3784698370932,-0.0046580383877262,92.13003097279524,91.84802794637302,0.2876297655349792,-0.006699356219420749,0.0019389699029947287,-1
2025-09-14 01:50:00,92.2325473070772,92.47862559893818,92.223398303489,92.4234362785863,3352.0013259374477,0.0020696486986697,92.18871203395344,91.90033779475604,0.2834342691434872,-0.009188227905294721,0.0019018244798828373,-1
2025-09-14 02:50:00,92.4234362785863,92.4456254350698,92.2019398202886,92.28496085108188,4597.540513711358,-0.0014982717920919,92.20796179737914,91.9353035271493,0.2864195699695396,-0.0036521936036373326,0.001924357736674447,-1
2025-09-14 03:50:00,92.28496085108188,92.32527573459596,91.86222334373204,91.921166384862,3132.332429992367,-0.0039420774833175,92.15060271487572,91.93401833239592,0.2927154388130434,0.0024793907422615558,0.0020128972580711747,1
2025-09-14 04:50:00,91.921166384862,91.99500492052752,91.84104755843752,91.98681339920968,1712.7824888834434,0.0007141664638241,92.1178448517425,91.93881788392444,0.2917664556015548,0.0003548275666525047,0.0020153759113961207,0
2025-09-14 05:50:00,91.98681339920968,92.01677240527503,91.88606557965734,91.92811103347536,8355.754478168568,-0.0006381606620021,92.07989808808908,91.9378445338836,0.2800225558505553,-0.0014070831814240181,0.0020147318707652196,-1
2025-09-14 06:50:00,91.92811103347536,91.94714117805268,91.5147115437023,91.58209481297828,5173.134744080872,-0.0037639870612709,91.98033743306692,91.90550365016492,0.3020005430666503,0.00013606719521463972,0.0021056786886293915,0
2025-09-14 07:50:00,91.58209481297828,91.8522717584628,91.54685011333189,91.8063225597389,7416.729795781417,0.0024483797539083,91.94553445840133,91.89648718739892,0.3040908637219916,-0.004049084104994161,0.0021216762067215677,-1
2025-09-14 08:50:00,91.8063225597389,91.83308018229629,91.71187397157614,91.77451491807004,3584.2134427760775,-0.0003464646092119,91.91133055033508,91.88539879927812,0.2897544648828512,-0.004092423322992089,0.002100760114200673,-1
2025-09-14 09:50:00,91.77451491807004,91.8163979844872,91.4314046769122,91.44732730789396,2331.562103012826,-0.0035651249202262,91.81852990184686,91.8455741182432,0.296428211525657,-0.0013285659798102367,0.0021998216861510893,-1
2025-09-14 10:50:00,91.44732730789396,91.75068400626688,91.44478501941651,91.7292773493027,3166.15027178078,0.0030831960835711,91.80067939133804,91.83500168470314,0.2952781619640277,-0.003832721139040096,0.002225721461291781,-1
2025-09-14 11:50:00,91.7292773493027,91.73480668275968,91.57513947555412,91.65404026869624,5351.97385147349,-0.0008202079290341,91.77135156680968,91.81855064688432,0.2883037538315177,-0.0024035903581807183,0.0022022182433048456,-1
2025-09-14 12:50:00,91.65404026869624,91.69594381287166,91.54732673473704,91.61464861764252,2799.1934652777218,-0.0004297863022537,91.74001097697628,91.80001409877144,0.2855385478930391,-0.003582406105544056,0.0021463806733523403,-1
2025-09-14 13:50:00,91.61464861764252,91.70434528675004,91.5639432968275,91.57422868226816,3804.3486039811814,-0.000441195114365,91.70685451803465,91.7794881518166,0.2627010090901405,-0.0026539575810283766,0.002147366388864048,-1
2025-09-14 14:50:00,91.57422868226816,91.95300974145368,91.50646246213084,91.94791830734964,4061.5895779023417,0.0040807291577422,91.75506727589764,91.79479998413778,0.2637009162867382,-0.0061955628653563855,0.0022405304256201334,-1
2025-09-14 15:50:00,91.94791830734964,92.23699036899674,91.87443295084796,92.14907487381451,4886.348254719158,0.0021877228997451,91.83386879548102,91.8270067922902,0.2713673536224255,-0.006127732934710806,0.002264404061216831,-1
2025-09-14 16:50:00,92.14907487381451,92.22468145417118,91.98204615561733,92.01945285637224,3441.9867814209547,-0.0014066556568232,91.87098560765926,91.84450188902493,0.2712923310347597,-0.00577197198432855,0.0022828410691081856,-1
2025-09-14 17:50:00,92.01945285637224,92.03832064150798,91.785853181358,91.79876053454008,3436.8492965196265,-0.0023983224740167,91.85654059303543,91.84034358407176,0.2562505502694776,-0.0030978274754008828,0.0023292705856080955,-1
2025-09-14 18:50:00,91.79876053454008,91.86884353517952,91.51452693530705,91.59455613175138,1904.0981173583305,-0.0022244788665949,91.80414370077862,91.81799927022443,0.2705619243967955,0.0014364046514050433,0.0023603542958466174,1
2025-09-14 19:50:00,91.59455613175138,91.63771796193444,91.4215832222898,91.4345910383243,5814.303778959596,-0.0017464476076174,91.73023316828775,91.78314397641536,0.2766639182558634,0.004008283476073515,0.0023533227128226942,1
2025-09-14 20:50:00,91.4345910383243,91.47553224171628,91.34655351026532,91.39893475276304,1295.5095817747058,-0.0003899649482363,91.66397348518282,91.74821586517422,0.2549888537630472,0.006401012272507112,0.0023443116348104897,1
2025-09-14 21:50:00,91.39893475276304,91.41104369111444,91.24000786458402,91.32583349988812,1975.70616721296,-0.0007998042107671,91.59634548812387,91.70981746833004,0.2453898667201548,0.009206026476485052,0.0023069845252964524,1
2025-09-14 22:50:00,91.32583349988812,91.3785134590383,91.31283057629553,91.37770460893717,2168.7725093496465,0.0005679784904355,91.55261731228654,91.6796253902034,0.2414239147217724,0.005641555639785301,0.0023008407437392527,1
2025-09-14 23:50:00,91.37770460893717,91.5013530207541,91.3455467603726,91.4337415012181,2523.664590274955,0.000613244691588,91.52884215007286,91.65727230938654,0.2250534113508097,0.005950290661749902,0.0022870763183328708,1
2025-09-15 00:50:00,91.4337415012181,91.45192350106912,91.19893559477688,91.2864477410774,708.6836816232233,-0.0016109344069523,91.48036326827378,91.6235609849948,0.2212740484538033,0.008059680378383893,0.0023008929249080387,1
2025-09-15 01:50:00,91.2864477410774,91.365236737742,91.27639869681263,91.33119456383002,2134.7941285798584,0.0004901803483421,91.45052952738504,91.59698221943437,0.2162148222912167,0.009696421417738188,0.002240363056555668,1
2025-09-15 02:50:00,91.33119456383002,91.39839632690538,91.27313939003751,91.3782491991378,2977.4307394527577,0.0005152088016859,91.4360734617356,91.5770973994074,0.2145462407721632,0.011099566546010742,0.002218816906606873,1
2025-09-15 03:50:00,91.3782491991378,91.6692303544692,91.30431847835932,91.5844099528071,4962.772867455761,0.0022561250130763,91.4657407599499,91.5777621769892,0.2305826612141166,0.007518394471543566,0.0022265846704412912,1
2025-09-15 04:50:00,91.5844099528071,91.5918429976238,91.47825003761696,91.48831915247202,4758.116316174134,-0.0010492047760596,91.47025643845431,91.56963099294218,0.2068002098344012,0.009540230849697018,0.0021890972146203567,1
2025-09-15 05:50:00,91.48831915247202,91.53631894996032,91.44954015596306,91.51438381194843,1210.649228460335,0.0002848960361045,91.47908191315317,91.56460852194274,0.1871017366807206,0.009334388440842334,0.002163779454751001,1
2025-09-15 06:50:00,91.51438381194843,91.80557116179293,91.50399061917476,91.7261229782224,3865.758934995983,0.0023137255309402,91.528490126167,91.5792916543318,0.1913121112567413,0.004690027415383158,0.00220117361189684,1
2025-09-15 07:50:00,91.7261229782224,91.83524259374106,91.66269468319712,91.80108679872475,3403.3151818222627,0.0008172570481383,91.58300946067855,91.5994548492766,0.1856035719991677,0.0038650324868723107,0.002122007438591606,1
2025-09-15 08:50:00,91.80108679872475,92.0047982433263,91.79974742311023,91.98398045580956,2289.5388624294783,0.0019922820465709,91.66320365970476,91.6344117225978,0.1749417305951388,0.004316372260109613,0.002002741024338831,1
2025-09-15 09:50:00,91.98398045580956,92.24574274780456,91.92628628604132,92.16658154107516,2550.916862661085,0.0019851400685284,91.76387923597883,91.6827907970048,0.1823218536036098,-0.0006021388596568755,0.001999865378303529,0
2025-09-15 10:50:00,92.16658154107516,92.2069832362513,91.82419947017996,91.89321701372435,2815.329436230453,-0.0029659831446493,91.78974679152796,91.70192045307024,0.200450784647923,0.00019992958161618724,0.002049536828995352,0
2025-09-15 11:50:00,91.89321701372435,92.01497793001526,91.85880327066334,91.97779883944165,1286.4801920936416,0.0009204360067691,91.8273572011107,91.72700030637672,0.1993892727066019,0.0027240634012650755,0.0019349078868606117,1
2025-09-15 12:50:00,91.97779883944165,92.11121635933796,91.95370012990368,92.02218733274852,2005.2362976680697,0.0004826000824869,91.86632322743829,91.75383549059234,0.2059487974702806,0.003736059584683815,0.0019326638125414877,1
2025-09-15 13:50:00,92.02218733274852,92.21966812903224,92.00883958006432,92.21678031490636,1696.7283591623984,0.0021146311318835,91.9364146449319,91.7959213837118,0.2098789609407378,0.00017053332363703433,0.0019637223394750104,0
2025-09-15 14:50:00,92.21678031490636,92.39792797718994,92.16547635203908,92.39250815698158,4951.554304301991,0.001905595071473,92.02763334734183,91.85015654491814,0.2084120837163528,-0.004069782120143972,0.0018567171151785415,-1
2025-09-15 15:50:00,92.39250815698158,92.44207089400108,92.19891900976592,92.27297767427588,3607.0576270606466,-0.0012937248386266,92.07670221272866,91.8885948294052,0.2194345010953376,-0.005262915557697312,0.0018332432911227902,-1
2025-09-15 16:50:00,92.27297767427588,92.39735062244895,92.21827767134616,92.36113883723736,2847.1114802689317,0.0009554385821672,92.1335895376304,91.93155337557177,0.223278502112118,-0.00555625277008609,0.001836083166871542,-1
2025-09-15 17:50:00,92.36113883723736,92.43337886578644,92.35073839335476,92.36861461837348,4395.589857583599,8.094076394282723e-05,92.18059455377902,91.97128621582648,0.2031162589922469,-0.0038676835531745724,0.0017031680797639952,-1
2025-09-15 18:50:00,92.36861461837348,92.45252678318492,92.1243931519979,92.15632100969708,2645.728430334557,-0.0022983305482442,92.17573984496264,91.9881075607238,0.2184405926479737,-0.005751905642066846,0.001686594508374318,-1
2025-09-15 19:50:00,92.15632100969708,92.16406735297264,92.12884414583492,92.155900981532,1543.623110410273,-4.557779222036373e-06,92.17177207227653,92.00336150807,0.2147580507294354,-0.006696729660242595,0.0016776527435167657,-1
2025-09-15 20:50:00,92.155900981532,92.4588592521634,92.15476511216568,92.38101755742348,3100.514090002712,0.0024427798273776,92.21362116930592,92.03769387619305,0.214937593399404,-0.007219747134893706,0.0017207123257731785,-1
2025-09-15 21:50:00,92.38101755742348,92.41991676134894,92.02416338154336,92.11108446076754,2244.2980023890636,-0.0029219541394222,92.19311382759824,92.044365747518,0.2308808412038071,-0.002706045295836512,0.0018071194631677162,-1
2025-09-15 22:50:00,92.11108446076754,92.1710979541344,91.89243826522105,91.91158918615528,3616.593306692942,-0.0021658118105997,92.13680889930964,92.03229515103048,0.236138617539327,-0.0005012750684300071,0.001707263475083719,0
2025-09-15 23:50:00,91.91158918615528,92.27875159866484,91.85869896598604,92.22835219498909,3825.965352583809,0.0034463881175228,92.15511755844554,92.05011851866308,0.2433240583190092,-0.002781172252733999,0.0017727934093162607,-1
2025-09-16 00:50:00,92.22835219498909,92.3766339788224,92.16893168041052,92.3659877077366,4072.389183951625,0.0014923340759307,92.19729158830376,92.07883389948792,0.2308182392004758,-0.002438697116707189,0.0017711651219472048,-1
2025-09-16 01:50:00,92.3659877077366,92.43295336706416,92.1740409125269,92.23250634894856,3125.3532097788466,-0.0014451354021181,92.20433454043273,92.09280412216616,0.2381566531422854,-0.0016278396150526397,0.0017351121292533322,-1
2025-09-16 02:50:00,92.23250634894856,92.26376022545789,92.0024436677134,92.01649077924904,4776.97527910577,-0.0023420763269975,92.166765788196,92.08586654553734,0.2455709623072987,0.005313365289869809,0.0017404171890682283,1
2025-09-16 03:50:00,92.01649077924904,92.069454195901,91.6957903303248,91.78735278451887,4130.375320269577,-0.0024901840179913,92.09088318746058,92.05872893089928,0.2572020563507473,0.007571882219214787,0.001771186024347033,1
2025-09-16 04:50:00,91.78735278451887,91.90133181720368,91.78006921412457,91.84795700372466,2873.3492362419493,0.0006602676443676,92.0422979507134,92.03956784661068,0.2492599833456239,0.0061669004677822326,0.0017711263761063445,1
2025-09-16 05:50:00,91.84795700372466,92.0318056347784,91.81994088789683,92.01136204678448,2201.3320405898726,0.0017790819566425,92.03611076992762,92.03700368299012,0.2470251878203677,0.003518015376487549,0.0017849131040289803,1
2025-09-16 06:50:00,92.01136204678448,92.03043180349296,91.54476701821586,91.62624654692928,2187.2788225476997,-0.0041855211279165,91.95413792532796,91.9996621251664,0.2689246045471044,0.0062575901989989635,0.0019467917240162222,1
2025-09-16 07:50:00,91.62624654692928,91.63755814591264,91.49194137278585,91.5387578260626,1756.91177209154,-0.0009548434445784,91.87106190547487,91.95776173433876,0.2734229117396144,0.006279924046401764,0.0019528369215102673,1
2025-09-16 08:50:00,91.5387578260626,91.8034261523715,91.51361322880824,91.7140499705947,4778.690281186329,0.0019149500025461,91.83965951849886,91.93560611945294,0.2706857183379187,0.00364853513995933,0.001956281589425535,1
2025-09-16 09:50:00,91.7140499705947,91.87445010582876,91.71060409515992,91.86182769396808,4851.142098196522,0.0016112877298599,91.84409315359272,91.9288989898634,0.2798730614472851,0.004855164120388666,0.0019725800074688656,1
2025-09-16 10:50:00,91.86182769396808,91.87732817254148,91.7788805899854,91.86551619799648,2219.905778732706,4.0152739402055104e-05,91.84837776247346,91.92313691787552,0.2651840216300241,0.002809538830668812,0.001971786159475957,1
2025-09-16 11:50:00,91.86551619799648,92.0237289874441,91.7989014500269,91.971849260949,1602.6204450233872,0.0011574861531649,91.87307206216856,91.92756531270037,0.2529750328879966,0.004926119661696315,0.0019436203580605704,1
2025-09-16 12:50:00,91.971849260949,92.22552611637514,91.9340168190377,92.14073503983192,1688.7919567180284,0.0018362768634101,91.92660465770123,91.94694437880324,0.253892862061146,0.004750565240552618,0.0019538748033679026,1
2025-09-16 13:50:00,92.14073503983192,92.22461154737272,92.06009591962628,92.08236662131814,1194.611754548065,-0.000633470293986,91.95775705042465,91.95925549175914,0.2356402188516924,0.0031900803325890514,0.001959686406352775,1
2025-09-16 14:50:00,92.08236662131814,92.56827659271164,92.06644380384782,92.50540800745112,3201.962026514437,0.0045941628311172,92.06728724182992,92.0089057204584,0.2566495395982591,0.0007132079012288628,0.002077153414408313,0
2025-09-16 15:50:00,92.50540800745112,92.5432406018692,92.48182321993777,92.48235580901677,2686.0071576935397,-0.0002491983866771,92.1503009552673,92.05194663760008,0.2425427486978435,0.0022872379867784343,0.002076586984274897,1
2025-09-16 16:50:00,92.48235580901677,92.57296914993972,92.38210617264724,92.41437421273578,1474.0667054678015,-0.0007350763903696,92.203115606761,92.08489459897604,0.2375103500941295,0.0019316067782184643,0.0020579444170114912,1
2025-09-16 17:50:00,92.41437421273578,92.44791837128032,92.28947400457405,92.33505943327664,4303.896237803906,-0.0008582515451172,92.22950437206414,92.10763685663972,0.2221375287462785,0.005552424434607461,0.0020373421747420925,1
2025-09-16 18:50:00,92.33505943327664,92.4086428192286,92.15132906294345,92.1996060492924,2076.8040205127622,-0.0014669767346835,92.2235247075098,92.11599769233544,0.2318554682609956,0.008944610973550926,0.0019820262341422976,1
2025-09-16 19:50:00,92.1996060492924,92.2416974026768,92.06956355825388,92.11361427251224,3164.3211842964647,-0.0009326696768552,92.2015426205103,92.11578101780604,0.2290175466568058,0.010197539854986504,0.0019845306359014625,1
2025-09-16 20:50:00,92.11361427251224,92.18577439350354,92.0435380540164,92.0486719047404,2219.95763386284,-0.0007050246403286,92.17096847735633,92.10968018934553,0.2044869433860928,0.010251733111068084,0.0019872444311480296,1
2025-09-16 21:50:00,92.0486719047404,92.39814850723252,91.9758667761063,92.30783194382116,4518.061889704767,0.0028154674447555,92.19834117064929,92.12769398520696,0.2242487261003357,0.009681288074493644,0.0020148473950156696,1
2025-09-16 22:50:00,92.30783194382116,92.3612845254236,92.1167603179757,92.1236159329542,3205.797654564573,-0.0019956704321588,92.18339612311028,92.12732325318396,0.22101381780638,0.011180366510350925,0.002015901864156821,1
2025-09-16 23:50:00,92.1236159329542,92.45730573411304,92.05545951803126,92.42491359591592,2666.413378669599,0.0032705800777619,92.2316996176714,92.15437692070503,0.2380138324787312,0.008159229581722549,0.002088100285069825,1
2025-09-17 00:50:00,92.42491359591592,92.60542277904132,92.38380810587022,92.57845561295112,3205.38883070978,0.0016612622188267,92.30105081672735,92.19292952909105,0.246811481808377,0.008323424790793954,0.002101618788282883,1
2025-09-17 01:50:00,92.57845561295112,92.62707534873196,92.3273920245143,92.37611676805506,4485.184060328101,-0.0021855932198956,92.3160640069929,92.2095829144514,0.2521583237226953,0.012508774092091501,0.0021392884050744515,1
2025-09-17 02:50:00,92.37611676805506,92.66184193173362,92.31549084826256,92.57138359534844,3245.4459277557107,0.0021138237254947,92.36712792466402,92.24247388544204,0.2560755941608111,0.008506766206025862,0.00212821923040925,1
2025-09-17 03:50:00,92.57138359534844,92.69725052884264,92.54777093059384,92.69388496632992,3747.551983450994,0.0013233179220586,92.4324793329972,92.28351125643184,0.2550015920538381,0.004904295601077191,0.002138178886388843,1
2025-09-17 04:50:00,92.69388496632992,92.78555979006852,92.58423899127288,92.59288244436992,1507.5706636614934,-0.0010896352223955,92.46455995527177,92.31163590988076,0.2335364499061124,0.007175467348154552,0.002108792044626588,1
2025-09-17 05:50:00,92.59288244436992,92.89821483046462,92.5777326427338,92.8477428734449,3904.619105883809,0.0027524840176358,92.5411965389064,92.3603729065684,0.2520410788917837,0.004658147767517606,0.0020872296539831007,1
2025-09-17 06:50:00,92.8477428734449,93.10025262851646,92.80684182569806,93.02429565731798,4170.71611775853,0.0019015301655067,92.63781636258872,92.42072952027291,0.2593659235722064,0.0036214260428188982,0.0020589544352788824,1
2025-09-17 07:50:00,93.02429565731798,93.11072916959225,92.96369728987156,93.05294652524304,2677.889631116361,0.0003079933873468,92.72084239511958,92.478203793452,0.2585507459303774,0.0031886172949091574,0.0019813751837942073,1
2025-09-17 08:50:00,93.05294652524304,93.13607614003494,92.9634858245878,92.99233032233607,2322.4317135956994,-0.0006514162653679,92.77513998056288,92.5249425688051,0.2524990715848046,0.0032735666616876546,0.001975297965594714,1
2025-09-17 09:50:00,92.99233032233607,93.24572042502012,92.9258512902495,93.20149065640123,8197.018782346066,0.002249221342665,92.86041011573056,92.58644694040474,0.2630515923239268,0.0017469428260308284,0.001983198448368919,1
2025-09-17 10:50:00,93.20149065640123,93.22437786501382,93.09329293264304,93.15359172334342,4503.53717403919,-0.0005139288301126,92.91904643725314,92.63800555703553,0.2622550632441869,0.0015348015726950326,0.001929385888240168,1
2025-09-17 11:50:00,93.15359172334342,93.22439337337208,93.10723141719257,93.17902968501586,2606.203266429257,0.0002730754789141,92.9710430868057,92.68718956867008,0.2404607936051367,0.00382759966197721,0.0018569996495496925,1
2025-09-17 12:50:00,93.17902968501586,93.4351073144883,93.1044602518989,93.34902542549338,10666.381719264176,0.0018243991277024,93.04663955454323,92.74735646474494,0.2466124261152446,0.003497015755155264,0.001872147153853322,1
2025-09-17 13:50:00,93.34902542549338,93.60498636464644,93.26088374114708,93.53162874421132,7166.391683475491,0.0019561352449648,93.14363739247686,92.81865394469642,0.2424878837879295,-0.0028545760785018137,0.0018762806700915193,-1
2025-09-17 14:50:00,93.53162874421132,93.5328657531378,93.30229156692882,93.3588667129624,6350.594986859261,-0.0018470974318364,93.18668325657396,92.86776419635696,0.2431278490049209,-0.002412973587865408,0.0017269397507469035,-1
2025-09-17 15:50:00,93.3588667129624,93.4378274185734,93.11191339041284,93.14848317861704,4525.1974495550385,-0.0022534928041939,93.1790432409826,92.89328410383514,0.245001470715128,0.0003581244420818308,0.0017788218693128768,0
2025-09-17 16:50:00,93.14848317861704,93.32695064009884,93.12199875868184,93.257279649021,4271.085814253465,0.001167989715896,93.19469052259028,92.92637460794296,0.2349015277112656,0.00010352379428968383,0.0017651326749787747,0
2025-09-17 17:50:00,93.257279649021,93.32758611383863,93.25072031251318,93.28024137962989,4376.746863168785,0.0002462191766188,93.2118006939982,92.95854431445994,0.2297148279310263,0.001477898726078175,0.0017544484313165732,1
2025-09-17 18:50:00,93.28024137962989,93.45019742991867,93.27660420161484,93.36117626422627,1007.8215530062016,0.0008676530356199,93.24167580804382,92.99514721898416,0.2277342871816106,-0.001450571371517162,0.0017538478515402884,-1
2025-09-17 19:50:00,93.36117626422627,93.4205421293094,93.33607339975065,93.3496567598757,2231.4841526225837,-0.0001233864526083,93.2632719984102,93.0273753590652,0.210876183026462,-0.0019357529694083997,0.0017531229347094066,-1
2025-09-17 20:50:00,93.3496567598757,93.39721071624538,93.216324872648,93.29674691467191,2292.976910159246,-0.0005667920701611,93.26996698166256,93.05186368230216,0.2028386859392463,-0.0017735714427948857,0.001743989568633815,-1
2025-09-17 21:50:00,93.29674691467191,93.38226636206204,93.2383448743909,93.3643083318788,1989.8931163668635,0.0007241561945205,93.2888352517058,93.0802677413546,0.2026165150785652,-0.0021488893829517686,0.0017347479618154051,-1
2025-09-17 22:50:00,93.3643083318788,93.40381703710928,93.25514194803289,93.2965640024226,2853.8506338856887,-0.0007255912957164,93.29038100184916,93.09993103781532,0.2009082846235119,-0.001695123281880817,0.001570277956123812,-1
2025-09-17 23:50:00,93.2965640024226,93.5749490018384,93.22000488752668,93.5356817075416,1646.584540438163,0.0025629851182171,93.33944114298768,93.13954473506315,0.2034136403050185,-0.005762113382262513,0.0016183911397216993,-1
2025-09-18 00:50:00,93.5356817075416,93.70071466006796,93.45827328687794,93.67546843813471,5192.490044590995,0.0014944749216689,93.40664660201708,93.18826507170604,0.2113676717921088,-0.00957538461458618,0.0016179298865192353,-1
2025-09-18 01:50:00,93.67546843813471,93.74103214507926,93.23933674866852,93.26463559421478,2509.156297170776,-0.0043857036508044,93.37824440045664,93.19520784647956,0.2388343460943391,-0.0021138670049414277,0.0018161932576730867,-1
2025-09-18 02:50:00,93.26463559421478,93.31283878757462,93.11453860602104,93.13359423339097,3909.826174471308,-0.0014050487624694,93.32931436704352,93.18960660892604,0.2293809974489227,0.0008502568430870383,0.0018142655384246636,0
2025-09-18 03:50:00,93.13359423339097,93.25413812894853,93.1249109218673,93.18184192718616,2090.899383551534,0.0005180482316002,93.29981987907205,93.18890072876786,0.2140327534190547,-0.0027628885614598975,0.001800111414984729,-1
2025-09-18 04:50:00,93.18184192718616,93.32076643372524,93.09515037002528,93.2669339964554,6140.644877171679,0.0009131829496966,93.29324270254872,93.195994662194,0.2136786018112673,-0.004835189136534246,0.0017918815347562351,-1
2025-09-18 05:50:00,93.2669339964554,93.45878754559008,93.22285445159632,93.4181001295331,2382.77270802675,0.0016207902050628,93.3182141879456,93.21618606831574,0.2072513922279242,-0.005819319615636198,0.00175220765348539,-1
2025-09-18 06:50:00,93.4181001295331,93.42604866199343,93.21530264896984,93.22574921472622,2295.480518888549,-0.0020590326129537,93.29972119330172,93.21705544526216,0.2076652587712522,-0.00814723536870332,0.0017550068110882533,-1
2025-09-18 07:50:00,93.22574921472622,93.29494922705813,93.11404014712026,93.16895488460952,2350.6607744704256,-0.0006092129116161,93.27356793156328,93.212682667021,0.2150969215292804,-0.00889855795317318,0.0016808359048351364,-1
2025-09-18 08:50:00,93.16895488460952,93.24597467600304,93.09475170242084,93.13127846863838,4176.456792364137,-0.0004043880927696,93.24511003897832,93.20528228534984,0.2134990461920206,-0.008670230779502575,0.0016645528345692099,-1
2025-09-18 09:50:00,93.13127846863838,93.17296181173796,93.123567409345,93.1636787609578,5264.1448349646935,0.0003478991467977,93.2288237833742,93.20150014676877,0.2109937371087501,-0.011135290548887178,0.001607310372821073,-1
2025-09-18 10:50:00,93.1636787609578,93.1709538638962,93.08793495758007,93.1384148246626,5119.23645507693,-0.0002711779593852,93.21074199163188,93.19576511748636,0.2040032415886585,-0.009099952956320045,0.0015738382960945804,-1
2025-09-18 11:50:00,93.1384148246626,93.13855197462044,92.9250796348378,92.99671850425553,1828.287126726182,-0.0015213520723305,93.16793729415662,93.17766997082902,0.2089711595966241,-0.0050070894398157595,0.001588152563010358,-1
2025-09-18 12:50:00,92.99671850425553,93.07995297522196,92.76485219207858,92.77848979888805,1532.3240034099558,-0.0023466280195411,93.0900477951029,93.14138086428892,0.2208587091728375,-0.004027416705437492,0.00163350404563145,-1
2025-09-18 13:50:00,92.77848979888805,93.15369018343944,92.69515660017476,93.06748655830428,4308.648583122328,0.0031149112261115,93.0855355477432,93.13466320010848,0.2282579569551929,-0.00515757899955982,0.0016538761758230023,-1
2025-09-18 14:50:00,93.06748655830428,93.22501955416162,93.0357239932692,93.2127817092092,2190.403359825378,0.0015611805613111,93.1109847800364,93.141764882754,0.2244618275053633,-0.010254296431726373,0.0016428097027626372,-1
2025-09-18 15:50:00,93.2127817092092,93.23823718931764,92.85036387819568,92.92439088198977,4918.576499257362,-0.0030938978746403,93.07366600042708,93.12200360995725,0.2163316785561662,-0.008567074995596724,0.001734084406899333,-1
2025-09-18 16:50:00,92.92439088198977,92.95753734937938,92.78110384954697,92.8159707303979,4488.766467266709,-0.001166756656275,93.02212694642124,93.0941824390882,0.2147697727189401,-0.006810667421105587,0.0017423025554896565,-1
2025-09-18 17:50:00,92.8159707303979,92.90444957653516,92.7775306342876,92.87447034699385,2891.9654888747787,0.000630275330157,92.99259562653576,93.07420861253418,0.2146048966593931,-0.007363352676612367,0.0016960409304506764,-1
2025-09-18 18:50:00,92.87447034699385,92.94802917365648,92.41686057540451,92.46621709345014,2363.210143584037,-0.0043957532357213,92.88731991991864,93.0189366562538,0.2364300776988222,-0.0020845788383618835,0.0018571477724928604,-1
2025-09-18 19:50:00,92.46621709345014,92.4809520519324,92.33973397143096,92.33988554013224,3369.8499624954648,-0.0013662455033736,92.77783304396137,92.9572047366064,0.229664719592229,0.001104515115676552,0.001865421754611071,0
2025-09-18 20:50:00,92.33988554013224,92.34025928561556,92.30928666814732,92.32380879152517,1342.6949798430155,-0.0001741040560431,92.68702819347412,92.89962328705356,0.2168237627668472,0.00013200887901576586,0.0018256925249529469,0
2025-09-18 21:50:00,92.32380879152517,92.35461476081458,92.04558996303244,92.12627412935134,4046.695965139083,-0.0021395852788077,92.57487738064955,92.82931881817152,0.2259748854700112,0.0037545643883916124,0.0018027014314140148,1
2025-09-18 22:50:00,92.12627412935134,92.31731744809554,92.11150084564116,92.29085963133195,2010.7026574849535,0.001786520767675,92.51807383078604,92.7803679830043,0.2298744303894519,0.002812726639114027,0.001827521889644464,1
2025-09-18 23:50:00,92.29085963133195,92.55410215202905,92.20789004960515,92.53107561709535,1320.6656966770167,0.0026028144793859,92.52067418804792,92.75770504064891,0.2510756946773743,0.0009992719862486066,0.0018662555781886084,0
2025-09-19 00:50:00,92.53107561709535,92.5425161677679,92.3449925206545,92.40483215916674,6056.851709797673,-0.00136433578759,92.49750578227167,92.72562568778692,0.2592546047343244,0.00011596334749186532,0.0018597878971887713,0
2025-09-19 01:50:00,92.40483215916674,92.61224501963252,92.3999371003714,92.58748364408936,4832.679103110646,0.0019766443015447,92.51550135463522,92.71306732017804,0.2591714318399302,-0.0013923076724851047,0.0019004520775516996,-1
2025-09-19 02:50:00,92.58748364408936,92.6041929906918,92.18785450240183,92.25695021433717,3118.1986120668043,-0.003569958019626,92.4637911265756,92.67160212873796,0.2664026964932558,0.0008509750425527152,0.001978007818347499,0
2025-09-19 03:50:00,92.25695021433717,92.26241065491546,92.06398591502553,92.12830065638362,4582.887503083616,-0.0013944700930894,92.3966930325372,92.62221108579664,0.2478234933950602,0.0016679033319824121,0.001985646772567096,1
2025-09-19 04:50:00,92.12830065638362,92.1919333940922,92.10812311637652,92.18383202238608,2115.37810372341,0.0006027612102559,92.354120830507,92.5823584436684,0.2402888303110068,0.003879974166725031,0.001993407926155509,1
2025-09-19 05:50:00,92.18383202238608,92.21266470582808,92.1008460608384,92.19060286717536,2448.8360369470774,7.344937437236965e-05,92.32141723784066,92.54674430035084,0.2205706398729857,0.0037144148711227842,0.0019851565238211627,1
2025-09-19 06:50:00,92.19060286717536,92.30678383892256,92.1799813234794,92.27346397403376,2587.377937024461,0.0008988020935036,92.31182658507927,92.52190063432202,0.2170255695594676,0.0011182095976052242,0.001997119413709067,0
2025-09-19 07:50:00,92.27346397403376,92.49157905701298,92.23130415057108,92.44187633949116,6788.952895364488,0.001825144068557,92.33783653596169,92.5146256984283,0.2265509955733498,0.0008692132666021646,0.0019665161149972727,0
2025-09-19 08:50:00,92.44187633949116,92.52023910988346,92.30218444762124,92.3359963540302,2133.2502395157153,-0.0011453681994957,92.33746849957538,92.49838666711938,0.204185714431226,0.0020969175890397374,0.0019411742716745628,1
2025-09-19 09:50:00,92.3359963540302,92.53915884975062,92.2935483526009,92.4721681574326,8294.598532889533,0.001474742340791,92.36440843114684,92.49600316623876,0.2116423156203889,0.0003234456969742894,0.0018310293187398833,0
2025-09-19 10:50:00,92.4721681574326,92.5660412245348,92.43073447105982,92.55044859076374,6385.380235873325,0.0008465296628263,92.4016164630702,92.50095275028649,0.2190947539065837,0.002368889671464647,0.0018290672939243683,1
2025-09-19 11:50:00,92.55044859076374,92.6715463920362,92.47783783786927,92.62353932881696,3909.091661479354,0.0007897394249962,92.44600103621956,92.51209698469832,0.210857879362638,-0.0014340388296416595,0.001833108370658279,-1
2025-09-19 12:50:00,92.62353932881696,92.67968133284432,92.33665463156734,92.41554773282834,7027.576753716829,-0.0022455587153739,92.43991037554132,92.50331977998287,0.2206586007071099,0.002805539164282722,0.0018568937764579926,1
2025-09-19 13:50:00,92.41554773282834,92.5071903482049,92.3967836724218,92.4585733802356,3748.762866534736,0.0004655671958102,92.44364297648018,92.49925192546038,0.2038153559470542,-0.0010973928709667735,0.001829680176658661,0
2025-09-19 14:50:00,92.4585733802356,92.5453831480963,92.31372582574892,92.3354585764716,1860.1529571999608,-0.0013315672009959,92.42200609647848,92.48436162100684,0.2062534756066248,0.0010044736194239068,0.001811820635480437,0
2025-09-19 15:50:00,92.3354585764716,92.34120817495076,92.20378510058138,92.28196175601828,2794.6519604002074,-0.0005793746116395,92.39399722838644,92.4659616332806,0.2009045581143555,-0.0001772775329821341,0.0018116630980233698,0
2025-09-19 16:50:00,92.28196175601828,92.6218294774979,92.2154619979996,92.54150290922266,5358.002704678628,0.0028124797984958,92.4234983645537,92.4728290220026,0.2001923432006661,-0.005909767474351568,0.0018929554179457557,-1
2025-09-19 17:50:00,92.54150290922266,92.62228645752154,92.46705844807263,92.53303701344296,3564.6617392198254,-9.148215139753724e-05,92.44540609433156,92.47830247576992,0.1971068624548765,-0.004669651922659002,0.0018904690816688836,-1
2025-09-19 18:50:00,92.53303701344296,92.5733798057491,92.37485452028542,92.3766450470538,1366.2651305921677,-0.0016901203228251,92.431653884876,92.4690608913412,0.2053007915797339,-0.00037540919193213007,0.001908493282357895,0
2025-09-19 19:50:00,92.3766450470538,92.58138255826496,92.29942400166654,92.52222804479504,3785.5066685192087,0.0015759719100758,92.44976871685982,92.47389426892788,0.2174536424089288,-0.004226567230752654,0.0019206920165594893,-1
2025-09-19 20:50:00,92.52222804479504,92.5995597971043,92.51054963496038,92.52961732888647,2412.829883899641,7.986496053558056e-05,92.46573843926517,92.4789600016514,0.2147541886018404,-0.005392117799339791,0.00187894563186924,-1
2025-09-19 21:50:00,92.52961732888647,92.58852242727214,92.46199062449044,92.502077882313,4402.6097904793,-0.0002976284498789,92.47300632787471,92.48106162716608,0.2052011097689673,-0.003719524881419245,0.0017861866101521176,-1
2025-09-19 22:50:00,92.502077882313,92.8616989691114,92.44638668323326,92.76969039251982,5722.192628171221,0.0028930432303075,92.53234314080376,92.5073006058346,0.2192909400272467,-0.007045975561882245,0.0018428975241491096,-1
2025-09-19 23:50:00,92.76969039251982,92.82122482462648,92.48049517882504,92.4907135768806,1775.4488543552395,-0.003007197873129,92.52401722801912,92.5057926941115,0.2260851649309409,-0.006858441639179369,0.0018384841430950977,-1
2025-09-20 00:50:00,92.4907135768806,92.679119411595,92.430186195624,92.67482317138143,2005.3933688238344,0.0019905738358025,92.55417841669158,92.52115910113604,0.2342013408235154,-0.011070905575352619,0.00186636596187687,-1
2025-09-20 01:50:00,92.67482317138143,92.70143677053976,92.29325320501502,92.35711000094838,4600.9240529083345,-0.0034282576384907,92.51476473354296,92.50624554657354,0.2495209844919312,-0.006992584017552206,0.0019547429169241683,-1
2025-09-20 02:50:00,92.35711000094838,92.48516783928926,92.28580695146384,92.42820710874908,1290.5508728263333,0.0007698065454837,92.49745320858418,92.49915114313497,0.2392591406739644,-0.011384220441045145,0.0018020767461239796,-1
2025-09-20 03:50:00,92.42820710874908,92.49599102940228,92.23622797862842,92.26560223749942,3080.104990248659,-0.0017592559277747,92.45108301436724,92.4779194244408,0.2499274531733054,-0.010827411870565129,0.0018129157060096687,-1
2025-09-20 04:50:00,92.26560223749942,92.35113206526592,91.92818906801882,91.99460414530212,1329.774510919318,-0.0029371519355581,92.3597872405542,92.43398167179184,0.2635907156661413,-0.009969951863373905,0.0018846952489302462,-1
2025-09-20 05:50:00,91.99460414530212,92.17550764144846,91.9280223977722,92.10093993924366,3816.754737145028,0.0011558916409226,92.3080177802921,92.40370515065108,0.2714522991880618,-0.012369701706631875,0.0018600867067543486,-1
2025-09-20 06:50:00,92.10093993924366,92.4067016825132,92.02942695225757,92.34196600538328,2196.1094247724855,0.002616977267535,92.31480742531036,92.3980925010813,0.2693742456707276,-0.01642860255918699,0.001891444672450444,-1
2025-09-20 07:50:00,92.34196600538328,92.35175690703412,92.12870182365404,92.13117662762468,1650.032414289946,-0.0022827040280504,92.27808126577322,92.37382742167614,0.2742190366658111,-0.0129376730554972,0.0018732466224765918,-1
2025-09-20 08:50:00,92.13117662762468,92.17979726009084,91.98789339785276,92.03068673232129,3530.0395342050388,-0.0010907262772684,92.22860235908284,92.34263281355295,0.2737460778639828,-0.010403751988406928,0.0018680652583829842,-1
2025-09-20 09:50:00,92.03068673232129,92.22991812775828,91.95667491959384,92.15801410204676,2543.390048571598,0.0013835316702115,92.21448470767562,92.32584929432512,0.2731235529758424,-0.01230792797642899,0.0018493884160684518,-1
2025-09-20 10:50:00,92.15801410204676,92.1768816493752,92.05092015460087,92.11603742113074,2728.607163132707,-0.0004554859533923,92.19479525036664,92.30677548767108,0.2757629338780144,-0.013010304833740771,0.0017420948507456584,-1
2025-09-20 11:50:00,92.11603742113074,92.14745908839996,91.77027080434635,91.8563714156475,8574.663204509065,-0.0028189011680573,92.12711048342284,92.26582966294168,0.29366696825458,-0.012289326793241462,0.0017950477403824846,-1
2025-09-20 12:50:00,91.8563714156475,91.94305170580007,91.64696127092633,91.64882895483856,2272.164267768838,-0.0022594236808008,92.03145417770595,92.20973868947776,0.2851511217542669,-0.007565002633575291,0.0018303351710912722,-1
2025-09-20 13:50:00,91.64882895483856,91.79336216152696,91.62278662771172,91.71129514964844,2599.0017306457553,0.0006815820291676,91.96742237209446,92.16442564040236,0.272997256612395,-0.006033727316269388,0.0018362019831805576,-1
2025-09-20 14:50:00,91.71129514964844,91.775834391505,91.28611379337325,91.3759840240525,3430.2991356520356,-0.0036561595281017,91.84913470248608,92.0927491298251,0.2901963553381646,-0.0013731822825077122,0.0019257432509234514,-1
2025-09-20 15:50:00,91.3759840240525,91.37863068648949,91.2043670185178,91.26660456058828,4409.962514124704,-0.0011970263809737,91.73262867410652,92.01764507807628,0.2734877912272324,-0.002543568544317698,0.0018917852077707257,-1
2025-09-20 16:50:00,91.26660456058828,91.26856857915443,91.0603941754671,91.07742237028332,5519.08466438231,-0.0020728522904495,91.60158741334187,91.93217028645874,0.2741173280745111,-0.0008756420670310572,0.001910615634836251,0
2025-09-20 17:50:00,91.07742237028332,91.14808890016474,90.94767066225424,90.9616787852948,1844.3329231205971,-0.001270826314319,91.47360568773249,91.84394378635292,0.2698784128699835,-0.0014179757507958302,0.0018839198050064332,-1
2025-09-20 18:50:00,90.9616787852948,91.03536352414903,90.80934781793188,90.82491654634688,4595.195877213561,-0.0015035148952203,91.34386785945536,91.75130494635238,0.2558121777964167,0.00040424228556945607,0.001875004029956453,0
2025-09-20 19:50:00,90.82491654634688,90.9451773180778,90.78605418436317,90.9392135861982,5645.211487277659,0.0012584326437887,91.26293700480392,91.67747845906564,0.2495005985134446,-0.0035530517269365403,0.001887885754587223,-1
2025-09-20 20:50:00,90.9392135861982,91.08006885649426,90.8910639689844,91.07322229223544,3100.5771371790947,0.0014736074873817,91.22499406229024,91.62254608026288,0.2360527526030326,-0.00792964519170436,0.0018959722931931832,-1
2025-09-20 21:50:00,91.07322229223544,91.16250100382751,90.95838715417644,91.02373990202804,3322.670793392251,-0.0005433253481315,91.1847432302378,91.5681091549688,0.2346998073366758,-0.008179495237707446,0.0018885376740165629,-1
2025-09-20 22:50:00,91.02373990202804,91.03181769173108,90.8758826655699,90.91757969420556,1965.7324091402083,-0.0011662914305294,91.13131052303136,91.50897011308122,0.2321306047597541,-0.007280988109614306,0.0018863779225501052,-1
2025-09-20 23:50:00,90.91757969420556,90.99850122997351,90.67148113716128,90.72751844927924,2609.6437570009525,-0.0020904784923397,91.05055210828094,91.43792905273558,0.2359718108060257,-0.001963563117429956,0.0019076940690046361,-1
2025-09-21 00:50:00,90.72751844927924,91.0261157527966,90.70568853921807,90.95550532243112,1643.9951750130303,0.0025128745616396,91.03154275111098,91.39407234998065,0.2498622192920397,-0.004774262787263672,0.001891431637626889,-1
2025-09-21 01:50:00,90.95550532243112,91.24181426315114,90.91528616266037,91.15793420289356,2152.3012749712107,0.0022255813954839,91.0568210414675,91.3726052457,0.2462436347518379,-0.005598109140880436,0.0019524566404663535,-1
2025-09-21 02:50:00,91.15793420289356,91.30990798359652,91.13214268341456,91.25050814174396,2111.969716532067,0.0010155335315555,91.0955584615228,91.3615055089767,0.2377918394167092,-0.008538654002715473,0.0019563131108989197,-1
2025-09-21 03:50:00,91.25050814174396,91.26999961085905,90.9946093786038,91.03446169608128,2361.550392622181,-0.0023676190967295,91.0833391084345,91.33177425325894,0.2452786035909956,-0.008656972910022875,0.001953243523838929,-1
2025-09-21 04:50:00,91.03446169608128,91.11444566551808,90.90731180855089,90.99767114789914,2573.7526019661527,-0.0004041386909604,91.06620551632744,91.30140124368076,0.2250938363649532,-0.011733708039642687,0.0019504435465878287,-1
2025-09-21 05:50:00,90.99767114789914,91.05321705512836,90.80192659908909,90.83269733052556,4821.421404862375,-0.0018129454885218,91.01950387916706,91.2587917970303,0.2305957497983531,-0.01069950214327009,0.0019632300262885827,-1
2025-09-21 06:50:00,90.83269733052556,90.88971121538356,90.82541142960436,90.86163181819823,2851.329762785042,0.0003185470488384,90.9879294669733,91.2226863444092,0.2203189913763432,-0.011980026017332501,0.00186726595587446,-1
2025-09-21 07:50:00,90.86163181819823,90.93657833946492,90.5750722736056,90.61610185631952,2996.092660781361,-0.0027022402852064,90.91356394484256,91.1675423000374,0.2318252648012599,-0.010756013938446718,0.0018555761613403947,-1
2025-09-21 08:50:00,90.61610185631952,90.70610400960602,90.31358497320105,90.3510439529928,3847.344164510057,-0.0029250640658433,90.8010599464726,91.0933151775788,0.2437183598146768,-0.008382634098887398,0.0018342976474825018,-1
2025-09-21 09:50:00,90.3510439529928,90.39633324476829,90.26396566133204,90.27921165498108,5203.067294200046,-0.000795035617398,90.6966902881743,91.01930576643356,0.2418072490805047,-0.008882591707476961,0.0017701429169567774,-1
2025-09-21 10:50:00,90.27921165498108,90.29194142834588,90.25475580801466,90.25560987749714,2571.3260997045545,-0.0002614309213745,90.60847420603886,90.94987886743932,0.230963015710602,-0.007099140085195521,0.0017516361442020468,-1
2025-09-21 11:50:00,90.25560987749714,90.56485784942213,90.21020538710818,90.5493692403163,833.3698437980381,0.0032547490756293,90.59665321289437,90.91346890133724,0.2417157737579499,-0.013045701203511229,0.0018774063295493438,-1
2025-09-21 12:50:00,90.5493692403163,90.57642004771289,90.4931113962851,90.52125983807348,825.7454318482102,-0.0003104317841045,90.58157453793018,90.8778135319496,0.2365281755627078,-0.01480021209958926,0.0018280149094127966,-1
2025-09-21 13:50:00,90.52125983807348,90.69122508825042,90.50720159560808,90.64762213816856,2330.4903986053623,0.0013959405814847,90.59478405797786,90.85688704160587,0.2263141326934296,-0.01635480470216144,0.0018355182671645233,-1
2025-09-21 14:50:00,90.64762213816856,90.7244014160366,90.44952322938916,90.47135162514964,1940.396796501488,-0.0019445685265768,90.57009757141222,90.82183836738258,0.2230606307697808,-0.015611758077331728,0.0017616607916837303,-1
2025-09-21 15:50:00,90.47135162514964,90.4784148104782,90.19593405547276,90.2463788272998,2105.768173233112,-0.002486674442336,90.50535382258974,90.76952386373868,0.2199143918065433,-0.012450159062533883,0.001768161273703175,-1
2025-09-21 16:50:00,90.2463788272998,90.2474272638067,89.91232753375571,89.92993104236227,1684.8121675090365,-0.0035064873410942,90.39026926654424,90.69319724361355,0.2311525653686164,-0.008598214653236624,0.0018380310002635211,-1
2025-09-21 17:50:00,89.92993104236227,90.00248605559992,89.83385974786493,89.8608326907586,2936.442154893806,-0.0007683576624908,90.28438195138712,90.61752773880856,0.223526570760026,-0.005611132215666448,0.0017975175949583868,-1
2025-09-21 18:50:00,89.8608326907586,89.92129372140155,89.69159425134195,89.77310710503893,2379.7133504789313,-0.000976238290842,90.1821269821175,90.54076222664769,0.2251384002666268,-0.0026681367600176475,0.0017967770500336062,-1
2025-09-21 19:50:00,89.77310710503893,89.83496608545589,89.63516104078992,89.64143380170523,3004.6889897039264,-0.0014667343882799,90.07398834603504,90.45900509710746,0.2214608708828182,-0.0026194555010157217,0.00176343504219717,-1
2025-09-21 20:50:00,89.64143380170523,89.66704073382634,89.58908828188973,89.59366421108237,2115.5309883172645,-0.0005328963248014,89.97792351904452,90.38033774383246,0.2224360613226334,-0.0020580266219014653,0.0017423963495889789,-1
2025-09-21 21:50:00,89.59366421108237,89.67223750250209,89.42072017091142,89.47729827817699,2216.718486898475,-0.0012988187717294,89.87779847087103,90.29824324695468,0.2145797231605866,-0.002605912370333363,0.0017265830786925963,-1
2025-09-21 22:50:00,89.47729827817699,89.62946792383677,89.47023336813835,89.61487265950203,3242.1994301760947,0.0015375339217029,89.82521330859723,90.23611864809534,0.19791654596726,-0.005107486619583268,0.0016901442048280445,-1
2025-09-21 23:50:00,89.61487265950203,89.70304431594502,89.32852919006737,89.36808922504072,4908.9056480696945,-0.0027538222968744,89.73378849188593,90.1572068823631,0.2152127989987897,-0.0013569760845794088,0.0017296320055686268,-1
2025-09-22 00:50:00,89.36808922504072,89.4035623846144,89.17142189124046,89.18152599294795,2292.307794853203,-0.0020875821975221,89.62333599209835,90.068508619689,0.2291381470732706,0.0005441088066895361,0.0017300233600142858,0
2025-09-22 01:50:00,89.18152599294795,89.18164115350561,89.10369280526716,89.16509798138348,2496.6521592541276,-0.0001842086842713,89.53168838995538,89.98638037984304,0.2093735674964502,0.0005639474326792904,0.0017282235250518317,0
2025-09-22 02:50:00,89.16509798138348,89.18297192432847,89.0456239272614,89.05893477064859,2622.5580126931354,-0.0011906363940412,89.43713766609403,89.90206714264355,0.2132335207563989,0.0006846883594664455,0.0017239538054405518,0
2025-09-22 03:50:00,89.05893477064859,89.15746688367614,89.04211131552748,89.12279705608222,1993.3758680383155,0.000717078927545,89.37426954409167,89.83122440750161,0.2083286690068492,0.0020702371030034694,0.0017075857214170302,1
2025-09-22 04:50:00,89.12279705608222,89.20216581507313,89.08130884927589,89.15669419150927,1683.368994642199,0.0003803419163979,89.3307544735752,89.76990347877503,0.1973271532318352,0.0011720150402467766,0.0016747846707361922,0
2025-09-22 05:50:00,89.15669419150927,89.42254469610744,89.14603563184859,89.35661167752087,1007.064610407262,0.0022423160461981,89.33592591436434,89.73233149684283,0.1969006038927919,-0.0035324433738272987,0.0017518320496265724,-1
2025-09-22 06:50:00,89.35661167752087,89.54693225957176,89.32164898383823,89.53358017791098,5182.558930788149,0.0019804746069465,89.37545676707367,89.71426319512176,0.1890565714415452,-0.00671753563133648,0.0018051369197353004,-1
2025-09-22 07:50:00,89.53358017791098,89.54345041902371,89.38886624544423,89.40662205481442,4716.917219125787,-0.0014179944870325,89.38168982462183,89.68629581873019,0.1880535618590093,-0.005347479971877012,0.0017896028101714657,-1
2025-09-22 08:50:00,89.40662205481442,89.48853789659995,89.36833372006036,89.40927806498226,2229.8057592162613,2.9707085524410815e-05,89.38720747269392,89.66111238657128,0.1802324694647227,-0.005440963316183267,0.0017086948108989651,-1
2025-09-22 09:50:00,89.40927806498226,89.49559176990526,89.20151233136019,89.24412827972988,2149.299188020635,-0.001847121337143,89.35859163410112,89.62320474049478,0.1869663547418016,-0.005426502965984237,0.0016470635322595256,-1
2025-09-22 10:50:00,89.24412827972988,89.27972429726053,89.07865002111879,89.15716589647796,973.848689844274,-0.0009744325473082,89.31830648657649,89.5808375728569,0.1957607707564536,-0.008630033775038348,0.001619029981772065,-1
2025-09-22 11:50:00,89.15716589647796,89.28023735035853,89.08757448844227,89.24681886523778,2878.578234385192,0.0010055609984722,89.30400896230876,89.55047223580061,0.191556880065425,-0.009558594017637811,0.0016183562270465429,-1
2025-09-22 12:50:00,89.24681886523778,89.32604897391403,89.1479519665071,89.23005044663473,2928.803229775394,-0.0001878881378211,89.28921725917395,89.52134298224007,0.1929041980446046,-0.0109761066374231,0.0016197302768922732,-1
2025-09-22 13:50:00,89.23005044663473,89.25128130258048,89.12855762821188,89.21538240947469,3720.027854303517,-0.0001643844992424,89.2744502892341,89.49352838471594,0.1749190943653868,-0.014173501411130052,0.001606448322403467,-1
2025-09-22 14:50:00,89.21538240947469,89.25073644504405,89.1035932158865,89.11991238659253,1152.5545233532669,-0.0010701071979266,89.24354270870579,89.45956329397745,0.1688478612070726,-0.014944614971353243,0.0016006953773999527,-1
2025-09-22 15:50:00,89.11991238659253,89.32413933758629,89.07086943068622,89.30730237727117,1887.813374941505,0.002102672519086,89.25629464241887,89.4457213924587,0.1813708296829028,-0.017356125247531162,0.0016226761635192738,-1
2025-09-22 16:50:00,89.30730237727117,89.3591179943905,89.21517765014201,89.2611871780404,3323.0949185632307,-0.0005163653811416,89.25727314954318,89.4289455547843,0.1818417116244331,-0.01586104521321241,0.0015589316939500903,-1
2025-09-22 17:50:00,89.2611871780404,89.27210069941441,89.02454259749828,89.04096450669296,3383.5383091623316,-0.0024671716600428,89.21401142097314,89.39367455041236,0.1912847497506809,-0.013926033100842505,0.0016008230612820256,-1
2025-09-22 18:50:00,89.04096450669296,89.06308003678257,88.88285110290899,88.93213516286474,3232.721005707773,-0.0012222390495336,89.15763616935146,89.35171642427166,0.1955256046132762,-0.013830941431545507,0.0016065548020341581,-1
2025-09-22 19:50:00,88.93213516286474,88.95391363266587,88.88809118468988,88.92852193402312,3906.8034926824935,-4.062905759538715e-05,89.1118133222858,89.31324419788542,0.1804765605930721,-0.012518036118342901,0.0014596388214049238,-1
2025-09-22 20:50:00,88.92852193402312,88.93546551587154,88.90381292158379,88.92280546290426,1472.7545945941447,-6.428163871996517e-05,89.0740117504095,89.2777497674326,0.1666457976326591,-0.010160698990747452,0.0014616613572259179,-1
2025-09-22 21:50:00,88.92280546290426,89.00760453285382,88.7497536243812,88.75984475292324,2876.641833863879,-0.0018326087344264,89.01117835091225,89.23066749338629,0.1740219929821691,-0.008596209277044076,0.0014337725595341877,-1
2025-09-22 22:50:00,88.75984475292324,88.7798949700284,88.32624381460089,88.38773654350466,2800.5029590347526,-0.0041923035180424,88.88648998943073,89.15403740703341,0.1978396343313063,-0.0026017404099724084,0.0015493174295021597,-1
2025-09-22 23:50:00,88.38773654350466,88.44718470375109,88.31678616707396,88.39374475633932,4284.577616715982,6.797563858529365e-05,88.78794094281245,89.08491989333395,0.1861481413407395,-0.005344757481672624,0.0015212681208472312,-1
2025-09-23 00:50:00,88.39374475633932,88.42884673239209,88.21758019876832,88.25065189766983,2220.1043337378833,-0.0016188120444939,88.68048313378394,89.00907734827356,0.1868761597323132,-0.002868637948291619,0.0014413013968485066,-1
2025-09-23 01:50:00,88.25065189766983,88.32727209225793,87.89039178845319,87.95088806099949,1924.5752350801372,-0.0033967322645721,88.53456411922706,88.91287832215774,0.2043202627243476,-0.00017197366997168118,0.001524414904322761,0
2025-09-23 02:50:00,87.95088806099949,88.03525608139009,87.75013399887513,87.78804960969417,3052.2559700288875,-0.001851470234074,88.38526121732048,88.81062116647922,0.2119649109463495,-0.0015553341797183151,0.001537878695845285,-1
2025-09-23 03:50:00,87.78804960969417,87.86259002737489,87.72944865075571,87.75727365169212,5003.517899389889,-0.0003505711556286,88.25966370419481,88.71486230149857,0.2127090325356765,-0.003389732802164813,0.0015325142231929307,-1
2025-09-23 04:50:00,87.75727365169212,87.92531066979076,87.7280284280897,87.84541145242449,6466.939685623188,0.0010043361315232,88.17681325384075,88.6358213152191,0.2162903905744987,-0.002987912224151179,0.0015605441386916438,-1
2025-09-23 05:50:00,87.84541145242449,87.92653366762985,87.73517618385844,87.80097708764181,3515.740581006162,-0.0005058245393584,88.10164602060097,88.55992638543935,0.2118680746367372,-0.0033547140291680932,0.0015556143395124196,-1
2025-09-23 06:50:00,87.80097708764181,87.87605779927199,87.68507604829013,87.70212001004487,3713.320562077599,-0.0011259222946717,88.02174081848975,88.48194398767622,0.2152281751176923,-0.0023810884111423736,0.0015086731987652073,-1
2025-09-23 07:50:00,87.70212001004487,87.86935554967559,87.67449125664908,87.81531148450217,2730.8448565442513,0.0012906355564077,87.98045495169224,88.42134103284221,0.2114643316255769,-0.006986559152018623,0.0014980951176623717,-1
2025-09-23 08:50:00,87.81531148450217,88.07315148839209,87.77492517053534,88.0192876031829,1865.737741713648,0.0023227853461149,87.98822148199038,88.384790721055,0.2198927161958031,-0.01072377271571523,0.0015535912586982226,-1
2025-09-23 09:50:00,88.0192876031829,88.05610805219919,87.91926133782239,87.99684655202917,2267.613096149538,-0.0002549560643447,87.98994649599814,88.34952306932537,0.2249658780815754,-0.009139946906974061,0.001553311828892508,-1
2025-09-23 10:50:00,87.99684655202917,88.17473530129543,87.95993768619778,88.15777459759343,4857.634431275444,0.0018287933246461,88.0235121163172,88.33209139007701,0.2380476652822827,-0.010845022569801355,0.001595552238942142,-1
2025-09-23 11:50:00,88.15777459759343,88.21208627019709,87.84252716717215,87.92130162771981,5633.838235640405,-0.0026823836122568,88.00307001859773,88.29474686622635,0.2460268220360199,-0.006508690816994789,0.0016371408761460897,-1
2025-09-23 12:50:00,87.92130162771981,88.06848674819157,87.84747380774438,87.9974927286747,1390.3352270979294,0.0008665829502558,88.00195456061313,88.26772376281257,0.2294098066802833,-0.009680659082216492,0.0016470618054851417,-1
2025-09-23 13:50:00,87.9974927286747,88.05988362426473,87.93222419305944,87.93576282400237,5104.344260982924,-0.0007014961762906,87.98871621329099,88.23754549564799,0.2292141562894372,-0.008088149080425211,0.0015749127110687398,-1
2025-09-23 14:50:00,87.93576282400237,87.93826302881867,87.615028611389,87.65150985556541,4180.742794096612,-0.003232506994974,87.92127494174588,88.18426952836775,0.2372118622755731,-0.006332287432397665,0.0015797097822241384,-1
2025-09-23 15:50:00,87.65150985556541,87.70512025516967,87.38809336266723,87.45979994256642,4887.9626660621925,-0.0021871832363742,87.82897994190999,88.11840865693127,0.2286509043254087,-0.0025346729997470785,0.001597330550760557,-1
2025-09-23 16:50:00,87.45979994256642,87.60221378768925,87.43090225322379,87.5829370737102,3532.2157919650053,0.001407928342217,87.77977136827003,88.06972942209299,0.2205215794647301,-0.003596390036414432,0.0016353924190580093,-1
2025-09-23 17:50:00,87.5829370737102,87.59405002948131,87.4947177842326,87.50642991803123,2139.6452964710884,-0.0008735395070683,87.72510307822228,88.0185203762692,0.2181066415096962,0.001035939109383932,0.0016212722812619556,0
2025-09-23 18:50:00,87.50642991803123,87.53304224298863,87.41627747047845,87.49329350845633,1602.9757381230067,-0.0001501193636536,87.67874116426908,87.97077247919529,0.2123553937103476,-5.1812927233219064e-05,0.0016218931265300622,0
2025-09-23 19:50:00,87.49329350845633,87.51202704160231,87.20159174500378,87.20178461636276,1695.713371925257,-0.0033317855621174,87.58334985468782,87.90086449166506,0.2208609517694272,0.0013263658615383367,0.0016651468131181771,1
2025-09-23 20:50:00,87.20178461636276,87.24560592360176,87.00771014187114,87.0753887683272,1646.1184107606548,-0.0014494640057153,87.4817576374157,87.82582124408889,0.2242119539657667,0.0005453678125035832,0.00166700723322845,0
2025-09-23 21:50:00,87.0753887683272,87.220254007276,86.99771159360012,87.19256004656248,1810.9946495293052,0.0013456302623813,87.42391811924506,87.76825204431375,0.2261889625835788,-0.0020301391361968735,0.001705405899090859,-1
2025-09-23 22:50:00,87.19256004656248,87.22496402477867,87.1215150114967,87.20170154237907,3135.2791905894214,0.0001048426128527,87.37947480387187,87.71674745322878,0.2122762979710951,-0.006144102823558817,0.0017101562922346672,-1
2025-09-23 23:50:00,87.20170154237907,87.3548428073732,87.15145764346403,87.34904905919724,1596.7499431060023,0.0016897321292126,87.37338965493696,87.68332032649863,0.2170290443662647,-0.0035136984185625275,0.0016899331450150868,-1
2025-09-24 00:50:00,87.34904905919724,87.38233808436053,87.13681146936311,87.14561900147858,3061.9041271032847,-0.0023289327120298,87.32783552424529,87.63443838786044,0.2192239729305336,-0.002045640986501396,0.001714087226381222,-1
2025-09-24 01:50:00,87.14561900147858,87.22505378263115,87.14238412896351,87.22452526478092,1272.573702169026,0.0009054530130883,87.30717347235242,87.59717355848957,0.1987318694050119,-0.002035544896519137,0.0017086396858176128,-1
2025-09-24 02:50:00,87.22452526478092,87.28319389307865,87.05209878439153,87.09647530127633,1968.723824872357,-0.0014680499907093,87.2650338381372,87.55165553510655,0.1994520242792918,-0.0026021720871257648,0.0017118797289577853,-1
2025-09-24 03:50:00,87.09647530127633,87.24060856537308,87.05110764784135,87.23811794908872,4858.423942905883,0.0016262730187694,87.25965066032751,87.52315211819584,0.2038692733026092,-0.004739973766573757,0.001755822225961187,-1
2025-09-24 04:50:00,87.23811794908872,87.35509202644302,87.19807423305117,87.2679546714584,3350.619673969446,0.0003420147416188,87.26131146255369,87.49995235031061,0.191996657299907,-0.005609199111231256,0.0017612671968699942,-1
2025-09-24 05:50:00,87.2679546714584,87.60566320447705,87.22369183563463,87.59708125110588,4128.545723063681,0.0037714483040947,87.32846542026414,87.50878225038291,0.1966355484670491,-0.006780729667993479,0.0019059221008311282,-1
2025-09-24 06:50:00,87.59708125110588,87.67185420637705,87.4266842468377,87.48876022480638,2204.2134911118847,-0.0012365825978719,87.3605243811726,87.50696206623958,0.2019111502580415,-0.006794121860784985,0.0017844718080685723,-1
2025-09-24 07:50:00,87.48876022480638,87.52831710723281,87.23040323830278,87.31744608654313,7122.476794438961,-0.0019581273962856,87.3519087222467,87.48973334081263,0.2160955519495644,-0.005177676872209047,0.0018061526051172101,-1
2025-09-24 08:50:00,87.31744608654313,87.3619644219419,87.04991693528987,87.12287688262269,7237.137986888021,-0.0022282970086824,87.30610235432191,87.45638275370446,0.2300443172454111,-0.0031373509040943937,0.0018227619471506869,-1
2025-09-24 09:50:00,87.12287688262269,87.15956557000322,86.96968054053198,87.01554701802675,4835.092185735267,-0.0012319366443849,87.24799128706289,87.41630677773375,0.2214335838791764,0.0011229721434731221,0.0017465410428038142,0
2025-09-24 10:50:00,87.01554701802675,87.09952436446774,86.64768309268095,86.6659253217134,2722.9914879393723,-0.0040179221793654,87.131578093993,87.3480902817319,0.2367154045974747,0.006881349973748119,0.0018464491040100775,1
2025-09-24 11:50:00,86.6659253217134,87.08646320227358,86.64873693009599,87.042130843655,2649.0872994945553,0.0043408700771967,87.1136886439254,87.32027578736127,0.2520856802047392,0.0018415639998303757,0.002027861497735777,1
2025-09-24 12:50:00,87.042130843655,87.12689667390211,86.96229056267339,86.96735035145512,1934.6402289774985,-0.0008591298429285,87.08442098543135,87.28819165682434,0.2564540443437926,0.0018566259740477875,0.002017298940834679,1
2025-09-24 13:50:00,86.96735035145512,87.11821656410021,86.92182469925477,87.0469758275269,2893.857532108425,0.000915578958655,87.07693195385046,87.26626294507003,0.2559545229820971,0.0014239702905793905,0.002028509218509053,1
2025-09-24 14:50:00,87.0469758275269,87.11782890582468,86.79018177189445,86.8698352843603,6888.9681302187755,-0.002034999395241,87.03551261995243,87.23022406682368,0.2618202743344408,0.0025847972105101924,0.002047198652566839,1
2025-09-24 15:50:00,86.8698352843603,86.87384266404823,86.79784559451468,86.82461155856477,5168.299073442639,-0.0005205918216317,86.9933324076749,87.1933502024365,0.2613436611820055,0.006898051158465535,0.0020268564679945446,1
2025-09-24 16:50:00,86.82461155856477,86.82471065904245,86.73724904931598,86.77845133767629,4090.9919322195615,-0.0005316490342988,86.95035619367518,87.15563212382193,0.2510841255419598,0.006267950936259314,0.001967255110842299,1
2025-09-24 17:50:00,86.77845133767629,87.07689065425286,86.69416833689053,87.00310912343687,1312.3463090121325,0.0025888660410218,86.96090677962752,87.1417663965142,0.2648856541012888,0.00422647507924756,0.0020388929625288327,1
2025-09-24 18:50:00,87.00310912343687,87.08633735179298,86.83421592359677,86.89435092639005,4816.296428934569,-0.0012500495458446,86.94759560898004,87.11927408104836,0.2716787708730288,0.004491082816369563,0.0020049848479281795,1
2025-09-24 19:50:00,86.89435092639005,86.97611166510117,86.83765685022159,86.86534456540048,1797.1482089527167,-0.0003338118149261,86.93114540026413,87.09618957962583,0.2542847313042539,0.00185425181979193,0.0019631443919336713,1
2025-09-24 20:50:00,86.86534456540048,86.87488210800569,86.8038937119348,86.8495418460677,1650.6375311998086,-0.0001819220243912,86.91482468942485,87.07376705839327,0.2418431910565063,6.519508994040635e-05,0.001950451028371382,0
2025-09-24 21:50:00,86.8495418460677,87.1793232496504,86.81872257532768,87.11326305337707,3325.2381802058057,0.0030365296316334,86.9545123622153,87.0773576033918,0.2463208200131268,-0.004351673905205189,0.0020421144428045875,-1
2025-09-24 22:50:00,87.11326305337707,87.27784296987132,87.0645622979453,87.26230388465083,1801.2725929688522,0.0017108856453056,87.0160706667024,87.09417090168807,0.2392660475326969,-0.00485229465564474,0.001998988453457995,-1
2025-09-24 23:50:00,87.26230388465083,87.34363001455745,87.14103334802815,87.2024244982852,5245.249490233251,-0.0006861999248242,87.05334143301897,87.10401213774236,0.2401740216082726,-0.004413434088874735,0.001966681694985182,-1
2025-09-25 00:50:00,87.2024244982852,87.28193561457785,87.07288695206304,87.12881619301174,2407.715934650282,-0.0008441084717191,87.06843638501753,87.10626705185776,0.2228316923745593,-0.0032468497264972473,0.0019515779453956649,-1
2025-09-25 01:50:00,87.12881619301174,87.22092190027708,87.08086276389396,87.17092813499008,3457.164241694568,0.000483329670003,87.08893473501205,87.1121453321425,0.2015697541035257,-0.004651294370716541,0.0019503280974908766,-1
2025-09-25 02:50:00,87.17092813499008,87.18436059002849,87.06087195512004,87.0943761922808,4833.268415694513,-0.0008781820309486,87.0900230264658,87.11052995579143,0.198632791509221,-0.001806458448491588,0.00195495373484174,-1
2025-09-25 03:50:00,87.0943761922808,87.48905865192054,87.08805966081016,87.42353217090965,4493.721711351692,0.0037793023271923,87.15672485535457,87.13898470262036,0.2132475862424314,-0.009176131502940055,0.001984486831978659,-1
2025-09-25 04:50:00,87.42353217090965,87.44301673545608,87.28937056368302,87.32237441298541,4873.288334803842,-0.0011570998724517,87.18985476688074,87.15565649447173,0.2008189460883482,-0.007302244847078088,0.0019778741181679963,-1
2025-09-25 05:50:00,87.32237441298541,87.4066353207831,87.27347520928005,87.37082559596413,4118.387788107178,0.0005548541631446,87.22604893269742,87.17521732188013,0.2049020205147412,-0.009347516750536689,0.001966593239323457,-1
2025-09-25 06:50:00,87.37082559596413,87.40035151323829,87.27778999035239,87.28460065267514,2684.563912025929,-0.0009868848405729,87.23775927669297,87.1851612610433,0.207409157168986,-0.007135039014283806,0.0019753424694655955,-1
2025-09-25 07:50:00,87.28460065267514,87.3103520446458,86.99919161619438,87.02641478863772,3187.698087671015,-0.0029579772618172,87.19549037908193,87.17072976355189,0.2022975936753488,-0.0013781196305738819,0.002019855390811793,-1
2025-09-25 08:50:00,87.02641478863772,87.03937783994289,86.82376110818393,86.85520400975963,3507.813285164372,-0.001967342665947,87.12743310521748,87.14204560411623,0.1996901153584025,-0.001408275714492091,0.002008039555638039,-1
2025-09-25 09:50:00,86.85520400975963,86.92575211840717,86.69976651196872,86.73417453975041,5642.390480644458,-0.0013934625033592,87.04878139212407,87.10496641644662,0.2059423147554651,-0.00013534557427707927,0.0020119403195071888,0
2025-09-25 10:50:00,86.73417453975041,86.91461763355994,86.71617288329819,86.83888147387209,7283.602990597236,0.0012072165865104,87.00680140847368,87.08077687621257,0.2150463400548129,-0.005525206672721827,0.002012025308980383,-1
2025-09-25 11:50:00,86.83888147387209,86.88324317247901,86.7419311274927,86.81756234537194,3318.4685765718027,-0.0002455021084831,86.96895359585334,87.05684828249979,0.1993828665307841,-0.0065821325120557495,0.001987562033674463,-1
2025-09-25 12:50:00,86.81756234537194,86.88611348286469,86.77987026901857,86.84592201998544,3273.1317324995507,0.0003266582687575,86.94434728067976,87.03767316772576,0.1917373338107911,-0.008712592433853583,0.0019874414833720806,-1
2025-09-25 13:50:00,86.84592201998544,86.90102584729426,86.73309182798218,86.76547048766567,3563.3263765609427,-0.0009263708697946,86.90857192207694,87.01292746953847,0.1892614304381327,-0.007783670509608709,0.0018577387951907364,-1
2025-09-25 14:50:00,86.76547048766567,86.98461085230679,86.73115026684391,86.93704382059215,1942.43622563136,0.001977437936568,86.91426630177999,87.00602895599789,0.1924337106487093,-0.012761889421659789,0.0018918367317531045,-1
2025-09-25 15:50:00,86.93704382059215,86.94622434796277,86.61494651849472,86.62132234325787,3546.25765702953,-0.0036316104557893,86.85567751007557,86.97105562756698,0.2060921887262046,-0.009577709133197887,0.0019638790385402023,-1
2025-09-25 16:50:00,86.62132234325787,86.75519648630821,86.56429826971916,86.68472505439357,4386.329193494235,0.0007319527042597,86.82148701893917,86.9450255754603,0.210907158846247,-0.014469328891682953,0.0019371389243915975,-1
2025-09-25 17:50:00,86.68472505439357,86.71806781071656,86.48868232980713,86.55412534019764,4755.512887195694,-0.0015066058537299,86.76801468319087,86.90948919043643,0.1986490509747501,-0.01416927321257766,0.0019426620606493282,-1
2025-09-25 18:50:00,86.55412534019764,86.71541346043098,86.47796846501288,86.66182162167212,2272.6074393394706,0.001244265146822,86.74677607088712,86.8869739569124,0.2046346812351101,-0.014836753827945914,0.0018250978273870232,-1
2025-09-25 19:50:00,86.66182162167212,86.99211446408269,86.5821291251956,86.90648197803904,2241.4003456493747,0.0028231619390024,86.7787172523175,86.88874741337845,0.2244079117625414,-0.016047202050373355,0.0017256691565546,-1
2025-09-25 20:50:00,86.90648197803904,86.95075788963747,86.67200758600232,86.73288793527543,1632.4146022940756,-0.0019974809566848,86.7695513889091,86.87457836991454,0.2355642532446304,-0.01770875583908227,0.0017544377650017921,-1
2025-09-25 21:50:00,86.73288793527543,86.7600950876154,86.70825245133533,86.72243545308788,1238.0727747668143,-0.0001205134803691,86.76012820174485,86.86074719565757,0.2170415538038201,-0.020231553020041093,0.0017449519821211565,-1
2025-09-25 22:50:00,86.72243545308788,86.77142426412352,86.35791729314896,86.35907870650095,3703.247063671367,-0.0041898817150204,86.67991830269608,86.8151409693706,0.2311765708906494,-0.014118238226833335,0.0018592633710418102,-1
2025-09-25 23:50:00,86.35907870650095,86.40660820606139,86.22271015136981,86.24611764564104,3949.186592895327,-0.0013080392073637,86.59315817128508,86.76341157630428,0.228170317194444,-0.009840939594024434,0.0018690664111765411,-1
2025-09-26 00:50:00,86.24611764564104,86.27223241633907,86.06266078737796,86.08926889688307,3214.761863745865,-0.001818618078583,86.49238031640469,86.70212587817508,0.2289650942443972,-0.005331229777067681,0.0018900020655705492,-1
2025-09-26 01:50:00,86.08926889688307,86.09450118756722,86.04745379170558,86.0901166537785,1828.1811863789053,9.847416597708047e-06,86.41192758387946,86.6464886759572,0.2222319050212066,-0.004004532892688539,0.0018188013943869496,-1
2025-09-26 02:50:00,86.0901166537785,86.12442042659994,85.78770584794113,85.82756288070776,2691.0921786415456,-0.0030497551086685,86.29505464324512,86.57204087638907,0.2386941453649709,-0.0037494417196629604,0.0018751836684950554,-1
2025-09-26 03:50:00,85.82756288070776,85.87465795460831,85.7908969423672,85.79168851312117,2595.64981514876,-0.0004179818974523,86.19438141722034,86.50109975245562,0.2326817877170443,-0.006674564857227172,0.0018751696725348614,-1
2025-09-26 04:50:00,85.79168851312117,85.85470929906464,85.41710032896187,85.43045525769644,3907.0569500540687,-0.0042105856835943,86.04159618531557,86.40376843475023,0.2458352437627513,-0.002510166714549067,0.001992531553608323,-1
2025-09-26 05:50:00,85.43045525769644,85.45665192579496,85.30548765385784,85.32771629057669,4337.532395696809,-0.0012026035306711,85.8988202063678,86.30594551255264,0.2329699896533991,-0.004141678305463858,0.001887073016560659,-1
2025-09-26 06:50:00,85.32771629057669,85.45509530894073,85.3139761486021,85.37604150799001,3987.9218990453696,0.0005663484212885,85.79426446669225,86.22140878486512,0.2294143427783694,-0.006520777709554726,0.0018514863107970195,-1
2025-09-26 07:50:00,85.37604150799001,85.58370779538534,85.30814225466051,85.51187610225031,3234.2864922635017,0.0015910153698985,85.73778679380388,86.15690581371831,0.2327129184794693,-0.005778267253526037,0.0018945429543916457,-1
2025-09-26 08:50:00,85.51187610225031,85.5546361569934,85.15634035988971,85.19695639961115,2798.7373006882353,-0.0036827598339977,85.62962071496534,86.06963768516312,0.244202261457011,0.00040390701592718514,0.0019707880147948184,0
2025-09-26 09:50:00,85.19695639961115,85.24873710537653,84.93610065816031,84.96790590219165,1932.210789135717,-0.0026884821606203,85.49727775241061,85.96948025034753,0.2372487691948066,0.003509659253186692,0.0019891051440860175,1
2025-09-26 10:50:00,84.96790590219165,85.20382162319045,84.90375371337593,85.13984066027272,2112.549418258697,0.0020235258978724,85.42579033398304,85.89405846943164,0.2387714553504756,-0.0010494656392193713,0.0020505097946038548,0
2025-09-26 11:50:00,85.13984066027272,85.44010916411008,85.08681342860557,85.39737481167116,4489.600397541423,0.0030248371314911,85.42010722952067,85.84890540963524,0.2603038195807932,-0.002812670804292816,0.0020010014914017085,-1
2025-09-26 12:50:00,85.39737481167116,85.70031545159179,85.38254828703323,85.63030722305402,1882.213526954381,0.0027276296478264,85.46214722822734,85.82903284721876,0.2534652619796499,-0.0015206215875963602,0.0020901449505722563,-1
2025-09-26 13:50:00,85.63030722305402,85.791895984628,85.62324376833172,85.74536594990305,1348.9997859110092,0.0013436682709699,85.51879097256248,85.8214267656446,0.2523762735228426,-0.006821042000821564,0.002108883491353433,-1
2025-09-26 14:50:00,85.74536594990305,85.78146919147903,85.46315325560404,85.50575743574583,2536.6395252302436,-0.0027944194010112,85.51618426519916,85.79272955383563,0.260143724016692,-0.005924648173020741,0.0021439239487105453,-1
2025-09-26 15:50:00,85.50575743574583,85.56942068005084,85.21293152753955,85.21906632392931,2596.3953990895284,-0.0033528866407851,85.4567606769452,85.74057835111687,0.282246706634524,0.00017395833254596482,0.002158776297971519,0
2025-09-26 16:50:00,85.21906632392931,85.25709429402976,85.19418944393719,85.2160105724998,1689.9690055469569,-3.585760277990957e-05,85.40861065605611,85.69289037124258,0.2626888688797919,-0.0012920824265778563,0.0021478265280940128,-1
2025-09-26 17:50:00,85.2160105724998,85.24881181548307,84.91149444330152,84.97431633916123,3827.411090774689,-0.0028362537945018,85.32175179267715,85.62756545923519,0.2808000374469657,0.0013480704665600474,0.0021800734810054154,1
2025-09-26 18:50:00,84.97431633916123,85.05080999861461,84.79412341828606,84.81932331959469,6920.656246392775,-0.0018239984296892,85.22126609806065,85.55408890108605,0.2678770096059497,0.0036691211240398314,0.0021630956444550777,1
2025-09-26 19:50:00,84.81932331959469,85.09835151768108,84.81843201113234,85.0177656287811,1366.908150617335,0.0023395884501307,85.18056600420475,85.50533223996742,0.277073812078208,0.001399882220290083,0.002229145539763329,1
2025-09-26 20:50:00,85.0177656287811,85.30418881666762,84.93941630304056,85.2313680480366,4030.9079836797177,0.0025124445188098,85.19072641297113,85.48042640433734,0.2930490515988099,-0.0006234580804870271,0.0022926848965081586,0
2025-09-26 21:50:00,85.2313680480366,85.30021934031691,85.16395320424834,85.26611429936517,4052.144726758028,0.0004076697596708,85.20580399024995,85.4609434857035,0.283099094123363,-0.000882978976887272,0.002298374950116485,0
2025-09-26 22:50:00,85.26611429936517,85.26817859215508,85.01393037630942,85.05048932297116,3028.1503416430924,-0.0025288472233759,85.17474105679419,85.42362947090965,0.2728099811763615,0.0016724775281009574,0.0022769780312612235,1
2025-09-26 23:50:00,85.05048932297116,85.18008948005918,84.99157361395135,85.15718010877512,3537.833482252275,0.0012544405876233,85.17122886719038,85.39940680162469,0.2639442253829053,-0.004498608552814476,0.002236323058915326,-1
2025-09-27 00:50:00,85.15718010877512,85.56240202292229,85.14398533180807,85.50009592933813,3699.035699683451,0.0040268573962287,85.23700227961993,85.40856035868954,0.2723977097614555,-0.009792858042352304,0.0023682686857275496,-1
2025-09-27 01:50:00,85.50009592933813,85.57365882129277,85.14205778444196,85.16049320738294,3780.356038520315,-0.0039719572038358,85.22170046517253,85.38600879947985,0.2779909455719048,-0.006764248325191957,0.00244342345771765,-1
2025-09-27 02:50:00,85.16049320738294,85.17226447006165,84.93060500148732,84.99916590617138,5647.127002297032,-0.0018943913443372,85.1771935533723,85.35084126372453,0.2725546815730309,-0.0003454524873527376,0.002433948584045097,0
2025-09-27 03:50:00,84.99916590617138,85.26885204751278,84.91924801616514,85.23389089060815,4008.5931817432374,0.0027614975033505,85.18853302081948,85.34020941162304,0.2854798112195565,-0.004493869562332442,0.002431171891243263,-1
2025-09-27 04:50:00,85.23389089060815,85.30602436460654,85.04792304043077,85.105904462776,3555.819698167189,-0.0015015908166907,85.17200730921078,85.31890896172784,0.2811787675267548,-0.003049237525485915,0.002423573350792306,-1
2025-09-27 05:50:00,85.105904462776,85.12757582715072,85.07188183337621,85.0888677054342,5255.64481958758,-0.0002001830243076,85.15537938845547,85.2979961202466,0.2596933990455566,-0.002414668646110063,0.0024231177039902643,-1
2025-09-27 06:50:00,85.0888677054342,85.17063328178007,85.07056642005757,85.13053569051338,1615.9789934581831,0.0004896996070442,85.15041064886707,85.2827724448163,0.2623478284476945,-0.005399575442876059,0.0023386677673482414,-1
2025-09-27 07:50:00,85.13053569051338,85.1733296234326,85.04985257556253,85.13678048729363,3053.0456154468347,7.335554427800872e-05,85.14768461655238,85.26950044867787,0.2470735195683033,-0.006414269995736022,0.00233496984728475,-1
2025-09-27 08:50:00,85.13678048729363,85.24078373652868,85.08163871301137,85.17822986291608,4105.571213702723,0.0004868562727555,85.15379366582513,85.26120312269953,0.2401062655103578,-0.006497205920976579,0.0023253928638894725,-1
2025-09-27 09:50:00,85.17822986291608,85.24950670586111,85.1136900177623,85.19082611299797,2498.535247842314,0.0001478810971085,85.1612001552597,85.25480521272665,0.229813207049649,-0.004216503988847542,0.0023261711010427876,-1
2025-09-27 10:50:00,85.19082611299797,85.27727984385072,85.1325308080041,85.19273435511782,1907.5781076913488,2.2399619852508937e-05,85.16750699523134,85.24916240748948,0.2140972443510459,-0.003725098146945993,0.0022728950701817767,-1
2025-09-27 11:50:00,85.19273435511782,85.2351703974295,84.73200312604662,84.77409129000422,3998.797013915376,-0.0049140700587039,85.08882385418592,85.20597412408172,0.2403044683020679,0.0008024056108719702,0.0024191829331234637,0
2025-09-27 12:50:00,84.77409129000422,84.7831936813338,84.635232453273,84.66280562729462,1411.9381180167138,-0.0013127320035658,85.00362020880766,85.15659516982835,0.2327125406031486,-0.0025158254135406732,0.002323109009486067,-1
2025-09-27 13:50:00,84.66280562729462,84.71180026368495,84.54376333590561,84.58444648383238,6969.678328685129,-0.0009255439018545,84.91978546381262,85.10458165291962,0.2312497592939704,-0.003353958148481606,0.002320071654254439,-1
2025-09-27 14:50:00,84.58444648383238,85.02414648211081,84.58431974694973,84.9698027328862,3685.7783612322655,0.0045558759922543,84.92978891762733,85.09232902382567,0.2327790481544604,-0.009921990299420869,0.0024689227813359674,-1
2025-09-27 15:50:00,84.9698027328862,84.98612976766174,84.77062342068626,84.85086090265568,2686.576776696072,-0.0013998129500714,84.914003314633,85.07037737644657,0.2173437131633651,-0.009836293038460342,0.002457626391140922,-1
2025-09-27 16:50:00,84.85086090265568,84.89267125834274,84.83801831815353,84.84639634524768,4001.949133747649,-5.261652457622112e-05,84.90048192075595,85.0500154645194,0.203986103993,-0.006857588998618436,0.002375989994511337,-1
2025-09-27 17:50:00,84.84639634524768,84.9032637472534,84.8106169342092,84.88340628445287,2394.40293542461,0.0004361993060328,84.89706679349534,85.03486917542244,0.1856320169713267,-0.01091760654613061,0.0023310698694022653,-1
2025-09-27 18:50:00,84.88340628445287,84.91223441896403,84.65161815989468,84.67086694056,4549.467283479967,-0.0025038974423414,84.85182682290828,85.00177806316222,0.1858116551780111,-0.008694443027274179,0.002339886131473755,-1
2025-09-27 19:50:00,84.67086694056,84.68306851453089,84.5111221325528,84.59069019068042,2267.267659382558,-0.000946922510382,84.79959949646272,84.96440643839115,0.1941153971925524,-0.00858401302917966,0.0022692275021193265,-1
2025-09-27 20:50:00,84.59069019068042,84.68993024860262,84.54212244724246,84.62480936351244,1819.0454439742027,0.0004033443013067,84.76464146987267,84.93353397703854,0.1975254643095283,-0.007201498574489484,0.0022056974613602026,-1
2025-09-27 21:50:00,84.62480936351244,84.84782316834908,84.59229849417602,84.83161865487929,4527.439714964556,0.0024438376041533,84.778036906874,84.92426894775133,0.2069574376168848,-0.00782105472060235,0.0022415005365201586,-1
2025-09-27 22:50:00,84.83161865487929,84.88478849354529,84.76685732244408,84.87538305823831,1548.5057001593457,0.000515897304012,84.79750613714685,84.91982477597742,0.2040135910157344,-0.00952604216662456,0.0022002134576582654,-1
2025-09-27 23:50:00,84.87538305823831,84.94252950214417,84.81502781935941,84.8421144965119,1572.6601646013703,-0.0003919695031431,84.80642780901987,84.91276020511691,0.2034196620647301,-0.008001550606134722,0.0021255909689186694,-1
2025-09-28 00:50:00,84.8421144965119,84.85736921134907,84.38547357410619,84.44980878931581,1972.859435759593,-0.0046239501399062,84.73510400507905,84.87067371277135,0.2267872764501776,-0.0021279072363517004,0.0022685293381149102,-1
2025-09-28 01:50:00,84.44980878931581,84.51975392351076,84.24115418854026,84.30075379031312,832.6765062524909,-0.0017650128655062,84.64823396212587,84.81886281072968,0.2107467381350076,0.0005721709275869902,0.002237274730989466,0
2025-09-28 02:50:00,84.30075379031312,84.30239737978246,84.06451446533572,84.12673317442679,2471.4427658820287,-0.0020642830349913,84.54393380458606,84.75594193470215,0.217169715734004,0.0012041314241277856,0.002243136483968355,1
2025-09-28 03:50:00,84.12673317442679,84.17231229591972,83.93425014676647,84.01624297025153,4224.25062030961,-0.0013133780429364,84.43839563771915,84.68869657429755,0.2221715172607119,0.00011861762870868375,0.0021994274671617363,0
2025-09-28 04:50:00,84.01624297025153,84.34464938299789,83.98465396780314,84.2645546310981,5513.125629391646,0.0029555196955723,84.40362743639494,84.65013821582487,0.2164692801202597,-0.00299450457416528,0.0022194486279468297,-1
2025-09-28 05:50:00,84.2645546310981,84.3040403971147,83.91485213513597,83.95668265234387,4149.7634278973555,-0.0036536356253474,84.31423847958473,84.58709680096295,0.2288751311919209,0.00227806184911028,0.0022894996316802666,1
2025-09-28 06:50:00,83.95668265234387,84.02596143663534,83.91953381805739,83.9347009118754,3123.1133583461356,-0.0002618224038162,84.23833096604287,84.52778808377317,0.2325733225054023,-0.00031529888300163567,0.002258958486861208,0
2025-09-28 07:50:00,83.9347009118754,83.94714911249486,83.82282958716038,83.86456260393632,2482.24321077091,-0.0008356294497637,84.16357729362156,84.46749485833345,0.2348356590975636,-0.001660866005318229,0.0022394083746540925,-1
2025-09-28 08:50:00,83.86456260393632,84.03334995739431,83.80557883068052,84.01538391951466,3519.6817067535785,0.0017983914885553,84.13393861880019,84.42639386389538,0.2324895782150235,-0.0039345448479115586,0.002126695685788465,-1
2025-09-28 09:50:00,84.01538391951466,84.24378627516263,83.94905626329687,84.16814592334221,3912.8746092834094,0.0018182622836537,84.14078007970859,84.40291677839055,0.2412598374927148,-0.005293338474926745,0.002071325684160407,-1
2025-09-28 10:50:00,84.16814592334221,84.24815750173633,83.99264251856195,84.06685658031712,3591.688458688653,-0.001203416588472,84.1259953798303,84.37236585129295,0.248953207622302,-0.00452809927738218,0.00205842005017914,-1
2025-09-28 11:50:00,84.06685658031712,84.19414619623187,84.00635786815909,84.16324602383658,2252.174313707929,0.0011465807981931,84.13344550863157,84.35335495788783,0.244114897186568,-0.0013698272561331049,0.001998796431512376,-1
2025-09-28 12:50:00,84.16324602383658,84.27965760007999,84.14579009477085,84.27010743008451,3357.3910020971375,0.0012696920722099,84.16077789292216,84.3457870008148,0.2452532067728492,-0.006185484415476394,0.002009224187086447,-1
2025-09-28 13:50:00,84.27010743008451,84.42330220165306,84.20739492731245,84.34898823080562,2856.8310944118807,0.0009360472310606,84.19841996049885,84.34607802172305,0.2515678918839817,-0.00946376308154706,0.002021166268897274,-1
2025-09-28 14:50:00,84.34898823080562,84.42414826934323,84.2173559777172,84.22803281745132,5620.69493019102,-0.0014339877204374,84.20434253188935,84.33534663951652,0.2326319386256352,-0.007904442552700619,0.0020264152180153408,-1
2025-09-28 15:50:00,84.22803281745132,84.30146113935464,83.94682645441351,84.02620877776567,3588.1335056532616,-0.002396162333781,84.16871578106462,84.30724319753917,0.2380630064806805,-0.007401167612266835,0.0020573067870225136,-1
2025-09-28 16:50:00,84.02620877776567,84.03167409790142,83.97552709286931,84.01222403681527,2734.2984337347507,-0.0001664330826515,84.13741743221476,84.28042327383699,0.2250818700939204,-0.0025964178997388565,0.0020513712964609055,-1
2025-09-28 17:50:00,84.01222403681527,84.19153895254574,83.94745212347124,84.14794116807204,2940.235452024686,0.0016154450475838,84.13952217938622,84.26837944604017,0.2255122043740099,-0.002436508058818898,0.0020808679082253254,-1
2025-09-28 18:50:00,84.14794116807204,84.16974545629459,83.84988672608667,83.9082363944328,3531.7072080656885,-0.0028486112709574,84.09326502239554,84.23563916862132,0.2226452983035228,-0.00015292821663948075,0.0021242769453972705,0
2025-09-28 19:50:00,83.9082363944328,83.93822585583511,83.6843225680118,83.72527480285656,2240.3988420988703,-0.002180496211554,84.01966697848775,84.18924240809724,0.2129820858638506,0.0013572167489084297,0.001990664631568035,1
2025-09-28 20:50:00,83.72527480285656,83.76710905808358,83.61815421997734,83.68482162356882,1884.4631855059984,-0.0004831656794557,83.95269790750396,84.14338597314011,0.216019744401585,0.005407949289335301,0.0019836097892607777,1
2025-09-28 21:50:00,83.68482162356882,83.8028271440438,83.67584947336177,83.72261543816293,779.4489395761858,0.0004516209016267,83.90668141363575,84.105134106324,0.2162096119264112,0.005777498649962798,0.0019859070479683726,1
2025-09-28 22:50:00,83.72261543816293,83.72797712161136,83.63246943253979,83.686193507784,4611.198006940411,-0.0004350309672997,83.8625838324654,84.06704859736581,0.2067622235233953,0.005110586761606584,0.0017756277621445488,1
2025-09-28 23:50:00,83.686193507784,84.08156151976199,83.6582480073397,84.04795691546849,2452.8004384112523,0.0043228565253221,83.89965844906602,84.0653129899206,0.2159467592774331,0.0024136439912987306,0.0019581778083416226,1
2025-09-29 00:50:00,84.04795691546849,84.09721063614013,83.67209121219867,83.7488559938852,3063.6104268601075,-0.0035586935430698,83.86949795802987,84.0365441720992,0.228061362189368,0.003543847252646559,0.0020405217465529336,1
2025-09-29 01:50:00,83.7488559938852,83.77751138375842,83.4700977689616,83.55072939002108,3468.436194012421,-0.0023657231076517,83.80574424442811,83.99237919191027,0.2366060255267998,0.0072508102853934275,0.00206326034999005,1
2025-09-29 02:50:00,83.55072939002108,83.62833628028113,83.52729634820896,83.5622571707188,3112.74894545953,0.0001379734298176,83.75704682968625,83.95327718998378,0.2342611988670161,0.010357602044310354,0.0020328046644362396,1
2025-09-29 03:50:00,83.5622571707188,83.64167362434483,83.3803260542102,83.4043167227781,2101.192745837066,-0.0018900931268289,83.68650080830463,83.90337169296508,0.2375069342808749,0.00927335526847095,0.0020476276664408524,1
2025-09-29 04:50:00,83.4043167227781,83.81263005958884,83.35627320048674,83.79409319452921,2746.7142200899593,0.0046733369094871,83.70801928554955,83.89343728401636,0.25533297481488,0.005933593973806106,0.002234877216894068,1
2025-09-29 05:50:00,83.79409319452921,84.01150770092052,83.75367032745501,83.94291403128301,2953.082106624268,0.0017760301601248,83.75499823469625,83.8979351701315,0.2484188811380495,0.00808552147309527,0.0022113673825759407,1
2025-09-29 06:50:00,83.94291403128301,83.95625185990228,83.81619701884591,83.89540445747964,4804.586506400026,-0.0005659747978925,83.78307947925293,83.89770510534497,0.2544122979969257,0.010932957913591945,0.002206334431016419,1
2025-09-29 07:50:00,83.89540445747964,83.89561270218229,83.78991211657171,83.83890814812595,4953.8093660408,-0.0006734136359318,83.79424521302754,83.89235992741597,0.2445275663209309,0.012600863908102777,0.002207024815270524,1
2025-09-29 08:50:00,83.83890814812595,84.22075291207288,83.75654983147793,84.13738489519615,3671.8887172868695,0.0035601220681793,83.86287314946127,83.91463492448689,0.2548378770628616,0.007020464630566714,0.0021719970228185337,1
2025-09-29 09:50:00,84.13738489519615,84.22424785516758,84.06723190896852,84.20632273582828,2626.863743236913,0.0008193485062317,83.93156306673467,83.94115199824519,0.2479173526611282,0.002851441479204908,0.0021566018187093214,1
2025-09-29 10:50:00,84.20632273582828,84.28015782337313,84.10222726893477,84.11387906045412,4524.696576327468,-0.0010978234456832,83.96802626547856,83.956854458446,0.2499870466848516,0.0006425681403905426,0.002133881691960526,0
2025-09-29 11:50:00,84.11387906045412,84.30030251353413,84.03564924057522,84.25081876165844,5490.1197334788185,0.0016280274163302,84.02458476471453,83.98357848601077,0.2598210182760567,0.0006647669358088582,0.002138941908486763,0
2025-09-29 12:50:00,84.25081876165844,84.29105257654915,84.00220217978989,84.04564914711142,3588.7710238030227,-0.0024352239843203,84.02879764119392,83.98922127338355,0.2736312116823204,0.0019553149089583943,0.0021181066091392007,1
2025-09-29 13:50:00,84.04564914711142,84.22310559026413,84.0153351901075,84.15653987803437,3261.5668059481427,0.0013194107255789,84.05434608856201,84.00443205562453,0.2582352750919148,-0.00026924347984891295,0.002027897739144101,0
2025-09-29 14:50:00,84.15653987803437,84.46379034731214,84.10553504076157,84.42776177641743,3728.949737514118,0.0032228261615334,84.1290292261331,84.04291657569661,0.2534592667068511,-0.005027472714715708,0.0021013844804029717,-1
2025-09-29 15:50:00,84.42776177641743,84.45441906014432,84.0986410219965,84.1777545826725,5604.603337912601,-0.0029611965126706,84.13877429744099,84.05517457633078,0.2569138683747788,-0.001878753003741629,0.0021672548981510643,-1
2025-09-29 16:50:00,84.1777545826725,84.37321103558457,84.1398117084832,84.29129332094882,3314.887638273278,0.001348797420877,84.16927810214256,84.07663991675061,0.2663681108768654,-0.0023908290855642056,0.0021574501585617987,-1
2025-09-29 17:50:00,84.29129332094882,84.66993060996889,84.28418834038527,84.62163626519714,4228.1011597940105,0.0039190636569128,84.25974973475348,84.12618503933665,0.2752534465517929,-0.004293001666679563,0.0022415965917777386,-1
2025-09-29 18:50:00,84.62163626519714,84.82311109944534,84.58177962570348,84.81262938355704,5066.879133297185,0.0022570246427442,84.3703256645142,84.1885890706294,0.2598944904546333,-0.005303924855401654,0.002256603692036506,-1
2025-09-29 19:50:00,84.81262938355704,84.90231699295761,84.74065947403686,84.89535081990442,4189.0439979559715,0.0009753433769077,84.47533069559225,84.25284013874531,0.2530245008442934,-0.0066273189018092316,0.0022546810007863485,-1
2025-09-29 20:50:00,84.89535081990442,84.90983846329469,84.68106368437729,84.72806842996125,2106.7362886814685,-0.0019704540746646,84.52587824246605,84.29604271067403,0.2593616392629383,-0.0027544454179415645,0.0022810848447053114,-1
2025-09-29 21:50:00,84.72806842996125,84.74619047975196,84.38003027330554,84.44643213728854,4280.89759817865,-0.0033240022803721,84.50998902143056,84.3097144767299,0.2779658978940702,0.001431539298715867,0.0023580614901537273,1
2025-09-29 22:50:00,84.44643213728854,84.45034718489835,84.14780845280482,84.16792795930303,2452.883951769777,-0.0032979981621098,84.44157680900506,84.29682479332745,0.2664184444296822,0.006042299880376634,0.002417880388505276,1
2025-09-29 23:50:00,84.16792795930303,84.3859336701786,84.10091168178829,84.30682592028602,1543.4266053223173,0.0016502480737097,84.41462663126126,84.29773398668732,0.2755617331576293,0.005926397604617772,0.0023952789105074024,1
2025-09-30 00:50:00,84.30682592028602,84.32637967608092,84.16637413142061,84.20998485792185,2851.586913492512,-0.0011486740404119,84.37369827659339,84.28975679316318,0.2742813753163397,0.00834445161216979,0.002405168774419837,1
2025-09-30 01:50:00,84.20998485792185,84.25280008795903,84.0526632620348,84.13388127838556,1494.7846555068288,-0.000903735817845,84.32573487695183,84.27558629181975,0.2696730576710057,0.011240192559493378,0.0023943684827768094,1
2025-09-30 02:50:00,84.13388127838556,84.16573360301507,83.96021739603687,84.00330350772197,5239.680816068883,-0.001552023616164,84.26124860310586,84.25083331144722,0.2637206155437874,0.014912572496474041,0.002355302956354048,1
2025-09-30 03:50:00,84.00330350772197,84.07012853734274,83.92558864302242,84.01960537340209,4524.460228579281,0.0001940621975493,84.2129199571651,84.22981258980676,0.2592041508411944,0.015198759197975642,0.0023202968115560918,1
2025-09-30 04:50:00,84.01960537340209,84.14139404908461,84.00255244993653,84.08976724521727,4718.152798586645,0.0008350654767226,84.18828941477554,84.21708119484407,0.2435317431695876,0.011770858265150785,0.0023210861127088084,1
2025-09-30 05:50:00,84.08976724521727,84.29278908433355,84.01098448323002,84.2583554396735,3001.6549080807617,0.0020048598061235,84.20230261975513,84.22083339891947,0.2382479262378528,0.014015970340746309,0.0023436531696287314,1
2025-09-30 06:50:00,84.2583554396735,84.43570542221207,84.18534084437336,84.36278957051762,4511.655981910565,0.0012394513315525,84.23440000990763,84.23373850542839,0.2394597298619477,0.015229613238895157,0.0023476608514642876,1
2025-09-30 07:50:00,84.36278957051762,84.37105223998931,84.29033646249793,84.33272225673994,892.2545737158764,-0.0003564049260431,84.25406445927409,84.24273702827489,0.2176721232839306,0.016877347596275794,0.00222879097940787,1
2025-09-30 08:50:00,84.33272225673994,84.52922696058214,84.25061697671279,84.4946895901033,5436.129591072983,0.0019205751816036,84.30218948543994,84.26564180662292,0.220334874007322,0.01695329041645799,0.002146972030975339,1
2025-09-30 09:50:00,84.4946895901033,84.64613650251175,84.4247981211524,84.5673205235294,3162.883114139341,0.0008595916947968,84.35521569305783,84.2930671445235,0.2245977927529361,0.014311343033770463,0.0020938421023668106,1
2025-09-30 10:50:00,84.5673205235294,84.72519085442873,84.56298215415144,84.67649582034308,6672.391444596431,0.0012909868272732,84.41947171851488,84.32792429687073,0.2198430728500712,0.012471337013232109,0.002099453800335939,1
2025-09-30 11:50:00,84.67649582034308,84.86474149600174,84.6098534456728,84.80646169147293,10759.185687420706,0.0015348517893984,84.4968697131065,84.37142769638002,0.2118950616988227,0.012173856235659253,0.0020651094209639207,1
2025-09-30 12:50:00,84.80646169147293,84.98580572894781,84.79592335030145,84.91267100183033,3805.277169613869,0.0012523728527171,84.58002997085127,84.42063163323914,0.2038481793097395,0.00934041204675129,0.0019272850541599991,1
2025-09-30 13:50:00,84.91267100183033,85.13705807500357,84.9064189245951,85.07956230473216,2547.27340489038,0.001965446392544,84.67993643762746,84.48053442155668,0.1999636908824647,0.005451119743987709,0.0019318813396848615,1
2025-09-30 14:50:00,85.07956230473216,85.26560270295833,85.00437183834704,85.25600886122419,5419.510222232861,0.0020739006138752,84.7951509223468,84.55103209789009,0.2071940708789636,0.0032961441197809638,0.001944644855820765,1
2025-09-30 15:50:00,85.25600886122419,85.34619965150281,85.18497707956399,85.29659912338137,6638.737920005794,0.0004760985495257,84.89544056255373,84.61881091838929,0.2044144813085771,0.003811762341515035,0.001932761049086031,1
2025-09-30 16:50:00,85.29659912338137,85.30707642867755,85.0441838493067,85.07957597701025,2359.7874020763393,-0.0025443352795014,84.93226764544504,84.6606986509912,0.208512793622337,0.0068664035028314085,0.001926367169834163,1
2025-09-30 17:50:00,85.07957597701025,85.48168784576843,85.07839527357784,85.43931805047602,4316.314513365245,0.0042283012031345,85.03367772645124,84.73148223276254,0.2269951277559282,0.004013332215258236,0.002043844770504991,1
2025-09-30 18:50:00,85.43931805047602,85.7195082994317,85.37906123710115,85.6476022274309,2980.8349758458494,0.0024378024275875,85.15646262664718,84.81476586864149,0.2413955179832468,0.0015573387320666487,0.0020526625164918105,1
2025-09-30 19:50:00,85.6476022274309,85.81956520994763,85.56241102015964,85.75603492400712,4166.278276270564,0.0012660330675491,85.27637708611918,84.90033578276564,0.2396347743178505,-0.000993933745888076,0.002047617100501084,0
2025-09-30 20:50:00,85.75603492400712,85.95018591324259,85.73302883877652,85.9271526013728,3384.5927718629628,0.0019954009944291,85.40653218916991,84.99368276627537,0.2372628097912336,0.0030153208369323448,0.0019877826151496825,1
2025-09-30 21:50:00,85.9271526013728,85.9895536859547,85.75022398308651,85.77759245698844,7365.498247027273,-0.0017405457978827,85.48074424273362,85.06494728361292,0.2485923758895773,0.0058369708375889395,0.0020298821980178437,1
2025-09-30 22:50:00,85.77759245698844,85.7922664889334,85.72176790058884,85.73252493681811,3068.142837065792,-0.0005253996863217,85.53110038155053,85.12563616117703,0.2337272762092348,0.006817307117193971,0.001981115146076436,1
2025-09-30 23:50:00,85.73252493681811,85.84101113167998,85.7308486301606,85.83888336395987,1292.6043354216852,0.0012405843315608,85.5926569780324,85.19047681597546,0.2257861419349518,0.003976597782529012,0.0018823769608211137,1
2025-10-01 00:50:00,85.83888336395987,85.88937211524924,85.69014681889456,85.70579033697766,14374.985588577882,-0.0015504981165457,85.61528364982145,85.23732349970292,0.2284301845119084,0.004817253538266231,0.0019152847886494816,1
2025-10-01 01:50:00,85.70579033697766,85.742169054204,85.51089875352604,85.54334118662132,5511.4988431820375,-0.001895427948539,85.60089515718143,85.26514328942278,0.2267432023939812,0.010627979244785868,0.0018575463441106049,1
2025-10-01 02:50:00,85.54334118662132,85.54541629666689,85.47199363316791,85.53702495350811,1650.5744660247706,-7.383664263749257e-05,85.58812111644677,85.28985980433963,0.2184246513120251,0.01305115246065558,0.001825381693864987,1
2025-10-01 03:50:00,85.53702495350811,85.68961758669812,85.49348502428748,85.62172948777918,2446.6373842234016,0.0009902674814457,85.59484279071326,85.32002977556141,0.2159598950264662,0.009394801264243302,0.0018255702953786648,1
2025-10-01 04:50:00,85.62172948777918,85.7398788392893,85.54540280999247,85.6637666755182,1796.4844749323693,0.0004909640110111,85.60862756767425,85.35127858464838,0.2111916925040051,0.008535695923469477,0.001779490216244786,1
2025-10-01 05:50:00,85.6637666755182,85.84720880981897,85.65293101693156,85.78221441805769,3702.07423929943,0.0013827052806134,85.64334493775094,85.39045456950377,0.2135527797146181,0.009232230498069649,0.001656744659774748,1
2025-10-01 06:50:00,85.78221441805769,85.85415494195146,85.73339127078118,85.7809845556883,2743.4509687484397,-1.4337032189337684e-05,85.67087286133842,85.42595729552055,0.2034007148431495,0.011023362411957116,0.0015095920028691712,1
2025-10-01 07:50:00,85.7809845556883,85.7937817821413,85.62760456330203,85.6707991069826,2798.383197032934,-0.0012844973658955,85.67085811046726,85.44821564201709,0.1864639038894832,0.00868760163610438,0.0015323590506130975,1
2025-10-01 08:50:00,85.6707991069826,86.18677796928695,85.66065495422157,86.18625053506999,3798.2180123366943,0.0060166525054086,85.77393659538781,85.51530972320371,0.1997264719419718,0.003345273532609605,0.0017858098202950287,1
2025-10-01 09:50:00,86.18625053506999,86.28661353895255,86.1715836631089,86.27827376267848,2300.2629582754685,0.0010677251538055,85.87480402884594,85.58467009042869,0.189574735231662,0.0021979340706779205,0.0017615890163922903,1
2025-10-01 10:50:00,86.27827376267848,86.35528442602418,86.23460739049463,86.31698988924488,2669.564426692311,0.0004487355260827,85.96324120092574,85.65124461759379,0.1826833038790535,0.0024859695830763417,0.001710612671824915,1
2025-10-01 11:50:00,86.31698988924488,86.3404948586249,86.10711078526454,86.18023007719975,2649.182481075201,-0.0015843904221012,86.00663897618054,85.69933420483069,0.1822586160570653,0.00543512855919337,0.0017607938735959604,1
2025-10-01 12:50:00,86.18023007719975,86.18290009134937,86.03900719373736,86.11865685872837,4717.317224295488,-0.000714470342168,86.02904255269011,85.73745444609412,0.1875010667190265,0.006252553340928335,0.0017808565519908978,1
2025-10-01 13:50:00,86.11865685872837,86.50258976723526,86.09039937579035,86.45249404128236,1772.8982781786235,0.0038764792059127,86.11373285040857,85.80245804565668,0.2090744874279926,0.004134587273141088,0.0018527876026434302,1
2025-10-01 14:50:00,86.45249404128236,86.6650650692047,86.41466052059918,86.65338170720725,2463.2960592820596,0.0023236769297707,86.2216626217683,85.87981474216127,0.2127301483030521,0.0013376567626650626,0.0018708083822543515,1
2025-10-01 15:50:00,86.65338170720725,86.73349999504214,86.39980962642467,86.42612862021767,4485.626864414349,-0.0026225530096152,86.26255582145818,85.92947964016639,0.2200458674415882,0.002292332995879276,0.0019583692272521847,1
2025-10-01 16:50:00,86.42612862021767,86.4358848616813,86.35294605590181,86.39496653951946,1951.2961671740825,-0.0003605631907352,86.28903796507043,85.97179663101667,0.2207255918901966,0.0020597553684646996,0.0019565931345898076,1
2025-10-01 17:50:00,86.39496653951946,86.58655607915708,86.36431350668445,86.57417559420003,3865.2203323202248,0.0020742997174332,86.34606549089635,86.02655835494242,0.2225905926089098,0.0004972367439597392,0.001971572841444795,0
2025-10-01 18:50:00,86.57417559420003,86.74822892752127,86.5239102530952,86.72657943650016,5284.98905666585,0.0017603845633424,86.42216828001712,86.09019663508403,0.2247222101181409,-0.0040290265971713035,0.001977579319872752,-1
2025-10-01 19:50:00,86.72657943650016,86.78035647415692,86.39783230144414,86.41507288147079,754.6729032130636,-0.003591823372412,86.42074920030785,86.119730839301,0.2381683801056675,-0.00015560996349617273,0.002114824028784536,0
2025-10-01 20:50:00,86.41507288147079,86.49558554672588,86.40506448964969,86.47456711785982,5861.478315697105,0.0006884705920531,86.43151278381825,86.15198868280635,0.2360081933846609,-0.00042281447466874233,0.002111469440788118,0
2025-10-01 21:50:00,86.47456711785982,86.5067440235343,86.45098565222165,86.46790772014074,1608.1979934738818,-7.700989945402803e-05,86.43879177108275,86.18070859529129,0.2281211328470454,-0.0012719833980946449,0.002098818452645045,-1
2025-10-01 22:50:00,86.46790772014074,86.58914440838728,86.43412679323698,86.53157130061226,3922.9983884191392,0.0007362683121414,86.45734767698866,86.21260520486592,0.2016136042816825,-0.0009632265872826506,0.002079861865058769,0
2025-10-01 23:50:00,86.53157130061226,86.66379346142769,86.48238030667528,86.64863070693019,2476.4656802318764,0.0013527941831921,86.49560428297697,86.25224388687177,0.2063552670608796,-0.0013626139193311237,0.0020857610048281173,-1
2025-10-02 00:50:00,86.64863070693019,86.72947918261967,86.60827739417509,86.65711835438668,4597.336184881547,9.795477882623692e-05,86.52790709725892,86.28905065664584,0.2063927494119529,-0.0018038157085711326,0.0020126313666126894,-1
2025-10-02 01:50:00,86.65711835438668,86.8411631452882,86.63705756486256,86.80993942287675,3901.007341872766,0.0017635143124088,86.58431356238249,86.33640418084865,0.2043014284880452,-0.002776515064299767,0.001913058079009587,-1
2025-10-02 02:50:00,86.80993942287675,86.87424138127408,86.76108226357375,86.76929418925569,3058.292491898217,-0.0004682094457302,86.62130968775713,86.37575781797656,0.2021061584943534,-0.0008611222915072547,0.0018868603420786236,0
2025-10-02 03:50:00,86.76929418925569,86.79758062681988,86.56202591451712,86.6242460865599,1991.5569462736871,-0.0016716524440018,86.6218969675177,86.39834766057504,0.189489324269914,0.002786173026768868,0.001915042301533075,1
2025-10-02 04:50:00,86.6242460865599,86.70502031977524,86.52011922733516,86.57291903565756,1155.8091046301608,-0.0005925252249936,86.61210138114568,86.41421778558254,0.1848105059723833,0.002411510202664502,0.0018964135570535274,1
2025-10-02 05:50:00,86.57291903565756,86.65241225992158,86.56590105736585,86.6172234553835,1688.3179777577666,0.0005117584138254,86.61312579599324,86.43267284647354,0.1671548512536875,0.0014052159732413916,0.0018621862024800226,1
2025-10-02 06:50:00,86.6172234553835,86.687254087,86.29127323496225,86.37715574126881,4206.225105661792,-0.0027715932759995,86.56593178504836,86.42762583690947,0.1895149974149918,0.005380438679295274,0.0019354345597953205,1
2025-10-02 07:50:00,86.37715574126881,86.41495555383389,86.32280539151826,86.40162583513418,1619.44311716505,0.0002832935821441,86.53307059506554,86.42526220038444,0.1802226824037782,0.006314748052813179,0.0019267840123738471,1
2025-10-02 08:50:00,86.40162583513418,86.4583492678331,86.32593270355572,86.43800441919167,3123.314270669718,0.0004210405036464,86.51405735989077,86.42642058391236,0.1736582459645857,0.005424233915957366,0.0019001427456747139,1
2025-10-02 09:50:00,86.43800441919167,86.45678853102964,86.29049730218992,86.35792197705274,2867.1691570175867,-0.0009264725935892,86.48283028332317,86.42019343783421,0.1582130356879391,0.005566737938438759,0.0018720744184087218,1
2025-10-02 10:50:00,86.35792197705274,86.51999915276022,86.35065474833091,86.44822179049616,2162.6133910722474,0.001045645974059,86.47590858475778,86.42274146989439,0.1638432747845907,0.0031459385016372465,0.0018753605764370294,1
2025-10-02 11:50:00,86.44822179049616,86.55952518313761,86.3936536540616,86.53056207663795,2976.722727785028,0.0009524809699537,86.48683928313382,86.43254334323471,0.1717085003391168,0.004609651183851371,0.0018749451550254886,1
2025-10-02 12:50:00,86.53056207663795,86.54771897743093,86.48793653997136,86.50080488303954,3788.827229311863,-0.0003438922952108,86.48963240311497,86.43874893776243,0.1649059876469221,0.0016697301066919135,0.0018784627947304913,1
2025-10-02 13:50:00,86.50080488303954,86.59931332824425,86.47350581381194,86.56891031833818,3384.24727278826,0.0007873387466248,86.50548798615962,86.45058179054203,0.1609341561954867,-0.0009835747863257138,0.0018703817259386796,0
2025-10-02 14:50:00,86.56891031833818,86.71784893454658,86.50611772672525,86.69457521581097,2417.500641232488,0.0014516169489795,86.5433054320899,86.47276301102103,0.1674005432938261,-0.001577053595427702,0.0018806869500745675,-1
2025-10-02 15:50:00,86.69457521581097,86.92005506204613,86.68176009179754,86.86559622447047,2698.4800334830743,0.0019726840835629,86.60776359056601,86.50847512133461,0.1698426425668933,-0.0013841854572718137,0.00187847173086393,-1
2025-10-02 16:50:00,86.86559622447047,86.88307660107765,86.73984481017587,86.78169051318649,974.6844952752414,-0.00096592569361,86.64254897509011,86.53331288423024,0.1719906906527118,-0.002023757825975969,0.0015929994277067757,-1
2025-10-02 17:50:00,86.78169051318649,86.83485656851317,86.65239390163508,86.73893936134081,1987.2136321588223,-0.0004926287053509,86.66182705234026,86.5520062003312,0.1681984016938074,-0.002527900181207743,0.0015899784193203884,-1
2025-10-02 18:50:00,86.73893936134081,86.85698722447367,86.72942002480315,86.84190273102665,2158.096254322311,0.0011870489821983,86.69784218807754,86.57836043039443,0.1641031236388386,-0.0033792307531480548,0.0015995171304178132,-1
2025-10-02 19:50:00,86.84190273102665,86.98576499083914,86.84101182208248,86.94723033363648,2440.634085162738,0.0012128661314119,86.74771981718933,86.61189405796188,0.1682632640817628,-0.0020521665018520263,0.0015756345570860856,-1
2025-10-02 20:50:00,86.94723033363648,86.9691882393354,86.90457532017948,86.90686437438993,5075.01764329648,-0.0004642581378574,86.77954872862946,86.63870954127351,0.1445941260187747,0.0024137645904738214,0.001571164331958312,1
2025-10-02 21:50:00,86.90686437438993,86.94908616916756,86.82269726089825,86.83865389760713,1837.1346911084577,-0.0007848686898763,86.791369762425,86.6568863009402,0.1470397507297513,0.006635057976430936,0.0014379763737790547,1
2025-10-02 22:50:00,86.83865389760713,86.91907133357343,86.70128231330041,86.72018257982496,3221.5540690879725,-0.001364269394616,86.777132325905,86.66264050811154,0.1531377833008684,0.0037183950839667634,0.0014047445089712836,1
2025-10-02 23:50:00,86.72018257982496,87.00333933415402,86.65253717977238,86.92943778455385,2758.7983134513893,0.0024129931292091,86.80759341763478,86.68689480596993,0.1663171351252909,0.004176961031331139,0.0013804243769287821,1
2025-10-03 00:50:00,86.92943778455385,86.98921362442955,86.57935524358116,86.64523788120583,2648.6874947553183,-0.0032693171679355,86.77512231034899,86.68310781280955,0.1834967048695109,0.006777745611329156,0.0015072710772827598,1
2025-10-03 01:50:00,86.64523788120583,86.67682804714788,86.46995339844108,86.48376332086937,1536.3443506958788,-0.0018636287958242,86.71685051245308,86.66498558626954,0.1864254991288529,0.005532545140641387,0.0015009059880919694,1
2025-10-03 02:50:00,86.48376332086937,86.57310461578112,86.44900791959175,86.5578532242628,1688.2204255404288,0.0008566914822907,86.68505105481503,86.65524628063255,0.1910193747524096,0.007712001437964133,0.0014743690504099851,1
2025-10-03 03:50:00,86.5578532242628,86.7955511368389,86.54281411134538,86.74535812943931,2997.1372825205153,0.0021662379344218,86.69711246973989,86.66343826688771,0.2000857683996386,0.006140580288142461,0.0013775931048354627,1
2025-10-03 04:50:00,86.74535812943931,86.79293261517535,86.5225684336197,86.606065387859,2750.277741667477,-0.0016057659404951,86.67890305336373,86.65822255061236,0.20427383795209,0.005623048133617248,0.0014064586913177053,1
2025-10-03 05:50:00,86.606065387859,86.67025452343,86.47212432738246,86.51967198081151,3931.9485609952376,-0.0009975445329445,86.64705683885329,86.64562704426683,0.2014049255091582,0.006101106266291678,0.0014184701015726852,1
2025-10-03 06:50:00,86.51967198081151,86.6314197864608,86.50349673019835,86.54844390265608,2189.754923913559,0.0003325477453375,86.62733425161385,86.63679221321131,0.2003114444634915,0.0061856300445757295,0.0014136782514204689,1
2025-10-03 07:50:00,86.54844390265608,86.77604078748529,86.54501996057489,86.76880014011698,3280.949064802325,0.0025460450532044,86.65562742931448,86.64879293383909,0.2037798844657987,0.003971569477384307,0.001465121583331803,1
2025-10-03 08:50:00,86.76880014011698,87.14070310024437,86.74300787487319,87.11663708628595,5993.954131614571,0.0040087790266463,86.74782936070878,86.69132422042516,0.223074743444417,0.000619081869687399,0.001624210843245849,0
2025-10-03 09:50:00,87.11663708628595,87.46441711799505,87.07873263695689,87.41483340081298,1345.9742797467395,0.0034229548396327,86.88123016872963,86.75709778227859,0.2402841228930959,-0.0022730600729545802,0.0017014952162128134,-1
2025-10-03 10:50:00,87.41483340081298,87.48957310101206,86.96810866947307,87.04264248041049,1729.0636479767957,-0.004257754730206,86.9135126310658,86.78305639119966,0.2729163737776007,0.0033363498469829445,0.0018739606348095442,1
2025-10-03 11:50:00,87.04264248041049,87.30246352628261,87.03953720809233,87.29253865865546,2590.4228964808585,0.0028709626813225,86.98931783658374,86.82937296096837,0.2826690459148133,0.00272148051144816,0.0019071870043778447,1
2025-10-03 12:50:00,87.29253865865546,87.33545952796189,87.23220574634135,87.23249726199774,4175.5351958502815,-0.000687818198214,87.03795372166654,86.86602062469831,0.2744879574396362,0.0028208481191687174,0.0019086058704279076,1
2025-10-03 13:50:00,87.23249726199774,87.29624510784608,86.92338681183064,86.96223864537463,3119.1343131807384,-0.0030981414622511,87.02281070640817,86.87476771748706,0.2760633961277646,0.005457807764018607,0.001996616357349624,1
2025-10-03 14:50:00,86.96223864537463,87.24837432952157,86.90579621520392,87.22538751279541,3250.8012219149055,0.0030260130318617,87.06332606768562,86.90664224433327,0.27125766280414,0.0034326644318514177,0.0019882111560727373,1
2025-10-03 15:50:00,87.22538751279541,87.32535195911228,87.1561054415234,87.2780249656568,3466.0972863002207,0.0006034648209922,87.10626584727986,86.94040430990813,0.2685699391528605,0.00034825243002356565,0.0019888917192491216,0
2025-10-03 16:50:00,87.2780249656568,87.29891368933865,87.05271062885438,87.09305546219814,3936.3082700280097,-0.0021193135790074,87.10362377026352,86.95428168738904,0.2772918223167814,0.0012631675447387636,0.0020347885328088136,1
2025-10-03 17:50:00,87.09305546219814,87.13165773486888,87.0041612883919,87.04753769369114,1467.3849877950188,-0.0005226337308461,87.09240655494905,86.96275950614377,0.2683460666727433,0.0023462701526966168,0.0020285764704712507,1
2025-10-03 18:50:00,87.04753769369114,87.12277287507366,87.0359145770052,87.08380055757162,5917.931722139636,0.0004165869000003,87.09068535547357,86.97376323809175,0.2552385035665158,0.0006319128011462727,0.002023665324105664,0
2025-10-03 19:50:00,87.08380055757162,87.12440276590952,87.08040917239985,87.11340845834272,1249.4847259594883,0.000339993208628,87.0952299760474,86.98645825811457,0.2442287462423818,-0.003351630875367384,0.0020195127925485383,-1
2025-10-03 20:50:00,87.11340845834272,87.19865658875936,87.07924307542697,87.1705694168542,4260.569475089721,0.0006561671678686,87.11029786420877,87.0031956361818,0.2436209217473778,-0.005427157097011803,0.0020183739667149446,-1
2025-10-03 21:50:00,87.1705694168542,87.26579816955851,87.10369753145197,87.21613423322562,3873.749851609064,0.0005227087155244,87.13146513801215,87.02255369045851,0.2386980511185308,-0.006599246476353349,0.002016613258121098,-1
2025-10-03 22:50:00,87.21613423322562,87.37820153933569,87.21391203101318,87.333047187331,2291.7930544973515,0.0013404968602799,87.17178154787592,87.05078037199237,0.222026214186483,-0.008506156432807166,0.0020145449219977686,-1
2025-10-03 23:50:00,87.333047187331,87.5907778604303,87.30246069138444,87.53010360140983,7438.668221787946,0.0022563785465556,87.24344595858271,87.09435521103032,0.2150714061870319,-0.009769859612774545,0.0020230617331725704,-1
2025-10-04 00:50:00,87.53010360140983,87.61220277745169,87.40264773270927,87.47856688782963,3271.465346974106,-0.0005887884448861,87.2904701444321,87.12928354528479,0.1927921642729911,-0.009509083085453396,0.0020168980603307994,-1
2025-10-04 01:50:00,87.47856688782963,87.54418293902816,87.43123985578163,87.4368618266298,3185.534163356527,-0.0004767460497302,87.31974848087165,87.15724520722524,0.1820790760627235,-0.007667040649920853,0.0020167108654049653,-1
2025-10-04 02:50:00,87.4368618266298,87.59707439425333,87.42390997673313,87.52480299806504,2805.5955114378944,0.0010057677002361,87.36075938431034,87.19065955184705,0.1870726929126992,-0.009361070373844038,0.0020142539317317527,-1
2025-10-04 03:50:00,87.52480299806504,87.5814104259199,87.22154750725585,87.30841974993875,2523.6477659182833,-0.0024722506159891,87.35029145743603,87.20136502440084,0.1861444516733144,-0.006776710472035541,0.0020620157528283335,-1
2025-10-04 04:50:00,87.30841974993875,87.31021712236766,87.11610827596394,87.20306858323012,7140.857935202287,-0.0012066552917847,87.32084688259485,87.20151989338532,0.1755395039651769,-0.0019993616840521256,0.0020730829261280306,-1
2025-10-04 05:50:00,87.20306858323012,87.31249741099111,87.12247755387274,87.25177473324757,2795.09954358307,0.0005585371112366,87.3070324527254,87.20608851519098,0.1770233139315686,-0.0036518957886586545,0.0020680059931343867,-1
2025-10-04 06:50:00,87.25177473324757,87.32651118112086,87.06464881643852,87.13882992591641,1422.9847728518453,-0.0012944700285634,87.2733919473636,87.1999740979842,0.178141835660003,-0.0010106711160692283,0.00206639304444213,0
2025-10-04 07:50:00,87.13882992591641,87.14417614228816,86.75700772815442,86.82143646889524,5023.986978706433,-0.0036423883278098,87.18300085166995,87.16556158624883,0.1966898333497714,0.0037352930454723765,0.0021290298876814064,1
2025-10-04 08:50:00,86.82143646889524,86.85544563447677,86.65972348222569,86.69748104239297,2168.6020457440404,-0.0014277053173001,87.08589688981455,87.12300880953465,0.2044658229342439,0.005809649531198557,0.002062684894950462,1
2025-10-04 09:50:00,86.69748104239297,86.7494111726423,86.5725910608373,86.64057346670585,2288.2696253743093,-0.000656392492641,86.99683220519282,87.07915105109566,0.2139534313839105,0.0035753545816397114,0.0020379977181908954,1
2025-10-04 10:50:00,86.64057346670585,86.66967185392679,86.5630231072333,86.59017862620183,2879.7896720343624,-0.0005816540506091,86.91550148939463,87.03469901246895,0.2130416623382741,0.005857767478903764,0.0020356885846198624,1
2025-10-04 11:50:00,86.59017862620183,86.74058622428419,86.58497123758956,86.67494677733245,2268.548692572667,0.0009789580351433,86.8673905469822,87.00199426382018,0.2125784015231378,0.007438269381070395,0.0020057905118415456,1
2025-10-04 12:50:00,86.67494677733245,86.6914449988535,86.5945362510516,86.64672592709687,1856.204669181922,-0.0003255940878519,86.82325762300513,86.96969714229988,0.2077654900573802,0.009839312203083317,0.001985880460979593,1
2025-10-04 13:50:00,86.64672592709687,86.84642464470897,86.60939845548019,86.76647985270351,2601.1538530958856,0.0013820940644357,86.81190206894482,86.95122284324566,0.2041018486418754,0.008545974249244637,0.00199122742234259,1
2025-10-04 14:50:00,86.76647985270351,86.81969994761246,86.61904620016901,86.70547715774332,2479.4164062591244,-0.0007030675332657,86.79061708670451,86.92888232638181,0.2034660416919495,0.009575127713197906,0.0019955850351759613,1
2025-10-04 15:50:00,86.70547715774332,86.76161641176061,86.67260022116695,86.71675586752247,5425.492005881799,0.0001300807071118,86.77584484286811,86.90959810284915,0.2017569779310304,0.008361150516803972,0.0019434619260845045,1
2025-10-04 16:50:00,86.71675586752247,87.09869762325994,86.6815601591724,87.02871810917304,2323.508329915301,0.0035974851518565,86.8264194961291,86.92042719433313,0.2191836241144114,0.004187888819391139,0.0019171615263508164,1
2025-10-04 17:50:00,87.02871810917304,87.07078571044327,86.88630074971773,86.93314034454623,3021.180702281771,-0.0010982324766281,86.84776366581254,86.9215829352616,0.2066566271188037,0.005784879685958089,0.0018185624577758805,1
2025-10-04 18:50:00,86.93314034454623,87.10333219228706,86.89093840082603,87.05076122742221,2465.9918575664715,0.0013530039569467,86.88836317813448,86.93332641636711,0.2079626946228968,0.003895039543650558,0.0016767881823410932,1
2025-10-04 19:50:00,87.05076122742221,87.21169791258437,87.00992842988472,87.14573997673543,4661.092209661859,0.0010910731620723,86.93983853785468,86.95263674003695,0.2088019535929877,0.0029788336182123842,0.0016066837601640357,1
2025-10-04 20:50:00,87.14573997673543,87.27790546833758,87.08225951239079,87.201163022487,3110.775490199094,0.0006359811250253,86.99210343478116,86.9752300384415,0.2040722101118766,0.0036259954958677287,0.0016068097950945224,1
2025-10-04 21:50:00,87.201163022487,87.22313793310641,86.91792913583916,86.95034423800593,7791.903499908594,-0.0028763238446302,86.98375159542611,86.97296769294735,0.1982179517642706,0.00879103487161581,0.0015934808302768176,1
2025-10-04 22:50:00,86.95034423800593,87.12165043998007,86.93522169705264,87.09740375855087,1487.400847919282,0.0016913046386843,87.00648202805107,86.98428006254767,0.1975541368125815,0.006655628451770035,0.0015277495043127924,1
2025-10-04 23:50:00,87.09740375855087,87.37543254584845,87.05816319601406,87.31965838005219,2922.1962740312474,0.00255179387571,87.0691172984513,87.01476900050262,0.2075862252432523,0.005613298361376806,0.001591893013723907,1
2025-10-05 00:50:00,87.31965838005219,87.57948738726864,87.30947880234237,87.49927011486857,2280.203273472928,0.0020569450012577,87.15514786173476,87.05881455635406,0.2192547851170232,0.008813090895733566,0.0015823378613366752,1
2025-10-05 01:50:00,87.49927011486857,87.52007295090317,87.44977671177959,87.50798395522233,2328.332510579403,9.958757761441284e-05,87.22571508043228,87.09964813806936,0.2131605888619481,0.010835797066074182,0.0015776644153266109,1
2025-10-05 02:50:00,87.50798395522233,87.62186085609919,87.46644712846995,87.53569317496247,2408.801534706237,0.000316647904428,87.28771069933832,87.13928859596872,0.2173395159924719,0.010021965598155269,0.0015772513946025453,1
2025-10-05 03:50:00,87.53569317496247,87.60811564988298,87.38974240570327,87.44180771565976,5838.170078132994,-0.0010725391654242,87.31853010260261,87.16679033412245,0.2160071627746802,0.01195364344811356,0.001591835501338903,1
2025-10-05 04:50:00,87.44180771565976,87.48450407816514,87.3576142385566,87.39318470470839,2132.281498968442,-0.0005560613649421,87.33346102302377,87.18737164053935,0.2107383122150443,0.010985595155042382,0.0015930590016838347,1
2025-10-05 05:50:00,87.39318470470839,87.44128871711513,87.34271470943241,87.43603810216194,2176.520853967644,0.0004903517087557,87.35397643885142,87.20997768250504,0.2114210134356905,0.013392816278304132,0.0015927797965295967,1
2025-10-05 06:50:00,87.43603810216194,87.49324943384748,87.32909896976054,87.3898273847079,3934.7715716884586,-0.0005285088215004,87.36114662802272,87.22632765543257,0.1933505134356486,0.013347908067592451,0.0015792746635334054,1
2025-10-05 07:50:00,87.3898273847079,87.44586149654775,87.32131266983907,87.40533263666212,5051.566082376206,0.000177426279674,87.36998382975061,87.24260083554435,0.1890693610058725,0.014625667503425088,0.001526243638574172,1
2025-10-05 08:50:00,87.40533263666212,87.59927921327377,87.401681207184,87.51735404684096,3205.7068580677774,0.00128163130097,87.39945787316869,87.26757840020768,0.1880125191936404,0.017469024426707724,0.0015404348066021892,1
2025-10-05 09:50:00,87.51735404684096,87.7761248778799,87.50544262195935,87.71472774630124,4402.274179421301,0.0022552521338183,87.4625118477952,87.30822834076164,0.1929348601379905,0.011663579262872537,0.0015872961268079016,1
2025-10-05 10:50:00,87.71472774630124,87.78179913515504,87.61408611808508,87.67709171708158,3514.0909224499933,-0.0004290730893962,87.50542782165248,87.34176137497255,0.190939650218217,0.01363150768380228,0.001581149323207947,1
2025-10-05 11:50:00,87.67709171708158,87.83959338757695,87.59563290047599,87.80980967535292,9917.800635817954,0.0015137130540279,87.56630419239256,87.38431122046167,0.1865647709206247,0.011637007102321295,0.0015318246076794408,1
2025-10-05 12:50:00,87.80980967535292,88.3463950271098,87.80764615798483,88.27040913570124,4691.391258265137,0.005245421463174,87.70712518105431,87.46486557639254,0.211730494220449,0.009132465733432849,0.001752183531430939,1
2025-10-05 13:50:00,88.27040913570124,88.54464833595888,88.1919919223402,88.45620271102239,6488.098148143966,0.0021048228635205,87.85694068704792,87.55498713408616,0.2142581416336132,0.003534384009198366,0.0017783431800244454,1
2025-10-05 14:50:00,88.45620271102239,88.48877079291957,88.36274630504404,88.41297288057262,4846.712367885272,-0.0004887145177482,87.96814712575286,87.63298583831221,0.2039735632728455,0.0014694309637910408,0.0017587340607209108,1
2025-10-05 15:50:00,88.41297288057262,88.49777933690844,88.39252041789842,88.48705590755127,4200.182921018896,0.0008379203250943,88.07192888211254,87.7106285718794,0.2064708975504479,-0.002650124859520986,0.0015924844799973113,-1
2025-10-05 16:50:00,88.48705590755127,88.54334022877867,88.27676264228393,88.35325085118416,1720.546490645781,-0.0015121427082726,88.12819327592688,87.76904877908892,0.2144111731836986,0.002564066661558506,0.001596010575126209,1
2025-10-05 17:50:00,88.35325085118416,88.66055099077873,88.34876702443178,88.607052896567,1429.8468187751355,0.0028725829886024,88.2239652000549,87.84523097158693,0.2210833676242164,-0.0013818405368434261,0.001628515132679481,-1
2025-10-05 18:50:00,88.607052896567,88.60943658072851,88.48906791245841,88.55629876668175,2755.2699484428,-0.0005728001127008,88.29043191338027,87.90987349841373,0.2206175696714701,-0.0006032305379665148,0.001628290586218751,0
2025-10-05 19:50:00,88.55629876668175,88.73665743124064,88.53708424067885,88.6836939698322,2881.1248971187656,0.0014385786773463,88.36908432467067,87.98022081399722,0.2278317970199757,-9.820666815241186e-05,0.0016328227546314957,0
2025-10-05 20:50:00,88.6836939698322,89.09259049474808,88.63074333568895,89.04619684244605,2203.5560350237593,0.0040875932923718,88.50450682822574,88.07712772567439,0.2490958466608463,-0.0067842558128009545,0.0017256143324518435,-1
2025-10-05 21:50:00,89.04619684244605,89.09719876974319,88.66574776600264,88.7377954258915,2999.6844996105892,-0.0034633867306002,88.5511645477589,88.13718842569412,0.2710174307345515,-0.004383105137369947,0.0018832984454133618,-1
2025-10-05 22:50:00,88.7377954258915,88.9062217657418,88.71928021582738,88.87226266651642,4619.6345595831035,0.00151533222095,88.61538417151041,88.20401335667796,0.2702562552934547,-0.0024974276339507773,0.0018706199280008383,-1
2025-10-05 23:50:00,88.87226266651642,88.8903787528608,88.74502631598499,88.83165305419848,2985.14825034558,-0.0004569436075946,88.65863794804804,88.26107151099801,0.2613041253616878,-0.0019906367414260773,0.0018799865136339513,-1
2025-10-06 00:50:00,88.83165305419848,89.09091101826284,88.82596412481192,89.07653562240912,4024.7490643206174,0.0027567039426952,88.74221748292027,88.33520461203538,0.2682494022460427,-0.005460429098997466,0.0018445195129491445,-1
2025-10-06 01:50:00,89.07653562240912,89.1539472497616,88.75214680696399,88.76884089939863,964.1689606060426,-0.0034542735733998,88.74754216621594,88.37462609270477,0.2795236847958031,-0.003262357692082496,0.001963012973883589,-1
2025-10-06 02:50:00,88.76884089939863,88.77487124339576,88.50232330784036,88.54288964052415,1957.8516023666616,-0.0025453893121184,88.70661166107759,88.38992277887017,0.2605093323979771,-0.00014840595531784295,0.00203784425837446,0
2025-10-06 03:50:00,88.54288964052415,88.62844470855605,88.21894634169237,88.25255416094484,2772.128239870588,-0.0032790377720678,88.61580016105104,88.37743472269514,0.2645694719154759,0.005032083291252265,0.0021429764288157065,1
2025-10-06 04:50:00,88.25255416094484,88.6210893006357,88.19203325720078,88.579794476132,2693.573858096905,0.0037079982364065,88.60859902406723,88.39583106391667,0.2862145830268616,0.001142469221329545,0.002221415657985653,0
2025-10-06 05:50:00,88.579794476132,88.63971721060855,88.46953589584086,88.48461207902429,2507.578894993734,-0.0010745384731429,88.58380163505865,88.4039020652901,0.2908518970095528,0.0003559277569040731,0.0021551122690256627,0
2025-10-06 06:50:00,88.48461207902429,88.54361435306213,88.43575427882202,88.5028789029364,3367.203969231864,0.000206440684803,88.56761708863421,88.41289995962157,0.2795149318485071,0.0038652006192094746,0.0021456887035904426,1
2025-10-06 07:50:00,88.5028789029364,88.69142130565703,88.4713351881089,88.67498463972798,4406.488178292276,0.0019446343319557,88.58909059885296,88.43672583963124,0.2729650855057345,0.00270233924153529,0.0021296079669470436,1
2025-10-06 08:50:00,88.67498463972798,88.73405326562845,88.43575419987572,88.44208466390987,5341.977620578952,-0.0026264450652497,88.55968941186434,88.43721300547475,0.2856743996116364,0.0047857534708037885,0.0021783683006995724,1
2025-10-06 09:50:00,88.44208466390987,88.50471020901932,88.31364801982271,88.3488483388814,4920.00087688076,-0.0010542076815893,88.51752119726775,88.42917985396626,0.2850664709426951,0.005679310522327841,0.0021919358680279125,1
2025-10-06 10:50:00,88.3488483388814,88.68010000728579,88.30693278556986,88.65031062184133,5802.014983320066,0.0034121812409326,88.54407908218248,88.4492826510458,0.278732189703895,0.001572656930136862,0.0022598920345181465,1
2025-10-06 11:50:00,88.65031062184133,88.73045328402486,88.58709191738923,88.65482150182719,2791.574728920479,5.088397270380795e-05,88.56622756611142,88.46796800111684,0.2581543584821152,0.002856796459707267,0.002244988253975592,1
2025-10-06 12:50:00,88.65482150182719,88.6596670847396,88.52419793449455,88.59013951525864,1541.526889821287,-0.0007295935570431,88.57100995594087,88.47907450240245,0.254477758505731,0.005915697181199997,0.0022476625961537085,1
2025-10-06 13:50:00,88.59013951525864,88.67706248239395,88.39559422315214,88.47924518847323,2952.0834800410303,-0.0012517682824769,88.55265700244735,88.47909001931798,0.2642003172461591,0.008330044122311975,0.0022671086498895895,1
2025-10-06 14:50:00,88.47924518847323,88.54439176686735,88.3937816192892,88.52974934840044,1536.3656938292374,0.0005708023369732,88.54807547163797,88.48369541287093,0.2560334068266751,0.004140124269904399,0.0022613259068992564,1
2025-10-06 15:50:00,88.52974934840044,88.78176047645715,88.45972742723853,88.69664836414847,8795.390189432796,0.0018852308628054,88.57779005014008,88.50305477207797,0.2503357358567472,0.004141269166324513,0.002275825835361061,1
2025-10-06 16:50:00,88.69664836414847,88.781340727939,88.63261513161213,88.68099416495266,2548.8018094734625,-0.000176491440032,88.5984308731026,88.51923108052112,0.2414912830547087,0.0038335427854825355,0.0022734595098405108,1
2025-10-06 17:50:00,88.68099416495266,88.70052387812575,88.50022614222581,88.5161062085221,3209.7014448948344,-0.0018593381590181,88.5819659401865,88.51894700124848,0.2265483808430133,0.007049777727445861,0.0022823805708102984,1
2025-10-06 18:50:00,88.5161062085221,88.92274318883892,88.50745882844048,88.84496028527386,1998.9239685224593,0.003715189142833,88.63456480920398,88.54858457252351,0.2255646891975504,0.005730162887463086,0.002356815710758252,1
2025-10-06 19:50:00,88.84496028527386,88.98904540412282,88.82922317296021,88.91461453046246,3869.633269033038,0.0007839977075227,88.69057475345568,88.58186002324523,0.2248247546543303,0.007130493177499364,0.002349373327088518,1
2025-10-06 20:50:00,88.91461453046246,88.93555114250826,88.77652311207981,88.8653466775553,1782.5459465157037,-0.0005541029803406,88.7255291382756,88.6076315372734,0.2284796086677829,0.007126191435930407,0.002180645535931134,1
2025-10-06 21:50:00,88.8653466775553,88.87961343723121,88.79340285711038,88.85060888288795,4437.859233904167,-0.0001658441138008,88.75054508719808,88.62972038687472,0.2189170702801186,0.005999719011809068,0.002153853440997678,1
2025-10-06 22:50:00,88.85060888288795,88.8920916960183,88.77466663826802,88.78972714719954,4775.432721028531,-0.0006852146142145,88.75838149919838,88.64426645599517,0.2059974982799437,0.0059450787672683525,0.002155986554760292,1
2025-10-06 23:50:00,88.78972714719954,88.91929971785278,88.71163817739847,88.90809028202959,2823.7910553706643,0.001333072401876,88.78832325576462,88.66825044018012,0.207183166226922,0.004292421782583489,0.002162958671472288,1
2025-10-07 00:50:00,88.90809028202959,89.17273174931252,88.84933632426669,89.11421195387118,4203.42828932071,0.0023183680043934,88.85350099538594,88.7087923959702,0.2036280378933434,0.003392721353426831,0.002173936191042794,1
2025-10-07 01:50:00,89.11421195387118,89.3054059980256,89.0339870539744,89.21628120480207,3311.3908073555813,0.0011453756779415,88.92605703726917,88.75492774222765,0.2127750077087416,0.004258708606148964,0.00212820290740539,1
2025-10-07 02:50:00,89.21628120480207,89.2317841541175,88.82578473879894,88.89627351228631,1777.1726611372055,-0.0035868754917183,88.92010033227261,88.76777735768752,0.2320985980711358,0.008538918894605452,0.0022285863498079537,1
2025-10-07 03:50:00,88.89627351228631,89.12715525564535,88.81971609814765,89.06396505917525,1710.2292192155169,0.0018863731882501,88.94887327765315,88.79470351236822,0.2339536622322709,0.008017243651862627,0.002238502809929326,1
2025-10-07 04:50:00,89.06396505917525,89.07960287919516,88.95397509458127,89.02095655034313,3525.569045732091,-0.0004828946117944,88.96328993219115,88.81527197036593,0.2321692077348243,0.006085076766237041,0.0021209723755526997,1
2025-10-07 05:50:00,89.02095655034313,89.16015673536985,88.95018129373187,89.14012508259118,3452.171194103065,0.0013386570630777,88.99865696227116,88.84480407147731,0.2241650929076359,0.002940497827157884,0.002036717282319011,1
2025-10-07 06:50:00,89.14012508259118,89.36278331512291,89.08675827653029,89.35405637943866,3376.343820348235,0.0023999438709476,89.06973684570465,88.89109973583743,0.2332579102123324,-0.001089825763909258,0.002061788312966753,0
2025-10-07 07:50:00,89.35405637943866,89.61133429831695,89.29767325789385,89.5486195827519,1982.9517167270635,0.0021774411951376,89.16551339311411,88.9508742673751,0.241355289106844,-0.0030632420874262545,0.0020883283475662618,-1
2025-10-07 08:50:00,89.5486195827519,89.63802125722584,89.44730011539241,89.49861814999987,7088.529438149884,-0.0005583718988076,89.23213434449127,89.00066916579553,0.2253150592093433,-0.0026722474614888636,0.00204184667129464,-1
2025-10-07 09:50:00,89.49861814999987,89.50073588410139,89.33715982226587,89.38368757021343,6183.836223873239,-0.001284160383279,89.26244498963571,89.0354890207426,0.2255831899716938,5.5270362842252396e-05,0.0019523615954051528,0
2025-10-07 10:50:00,89.38368757021343,89.39618056110115,89.26906887994132,89.3175890688139,2543.068857798287,-0.000739491770773,89.27347380547135,89.06113447965818,0.2233034507382214,0.0017444451399748484,0.0018951831105734947,1
2025-10-07 11:50:00,89.3175890688139,89.32584511423356,89.25514652911323,89.28972130540407,13280.820762846362,-0.0003120075642476,89.2767233054579,89.08191510018052,0.2221954510953279,0.0012829121913959796,0.0017851310190391617,1
2025-10-07 12:50:00,89.28972130540407,89.46931327294335,89.21246705065732,89.41655164366088,2956.8245440436044,0.0014204360412661,89.30468897309851,89.11233660413328,0.2321541057050242,0.0007020752726603074,0.001690296332047332,0
2025-10-07 13:50:00,89.41655164366088,89.62389840244313,89.3878696023126,89.59622734937757,10411.033676191735,0.0020094233384522,89.36299664835433,89.15632667188275,0.2341803385390396,-0.001243135510348825,0.0016975795899618765,-1
2025-10-07 14:50:00,89.59622734937757,89.67497497646518,89.52632592858583,89.65535158184039,1826.6372959316943,0.0006598964511337,89.42146763505154,89.20169257278799,0.2216984544557192,-0.003400281121633264,0.0016978765784605452,-1
2025-10-07 15:50:00,89.65535158184039,89.81230228687023,89.65338057743519,89.77801256765564,4816.892376478582,0.0013681390307558,89.49277662157236,89.25408529959414,0.2136629376974223,-0.008761599693376199,0.0016840237199772564,-1
2025-10-07 16:50:00,89.77801256765564,89.86737871823829,89.48474529398865,89.56265590475581,3360.9471885247144,-0.0023987684371775,89.50675247820905,89.28213717279066,0.2119939383353559,-0.005548597121620369,0.001671311028691629,-1
2025-10-07 17:50:00,89.56265590475581,89.59052373075266,89.33211846951791,89.40224142670912,3968.5164901722046,-0.001791086658007,89.48585026790907,89.2930557413287,0.2084915171737173,-0.004752090864631131,0.0016968027753246633,-1
2025-10-07 18:50:00,89.40224142670912,89.42168415929262,89.19188345904054,89.25667602668655,6316.80243927705,-0.0016282075001655,89.44001541966458,89.28974849454305,0.2159324397193021,-0.004996310310407037,0.0016384107799316734,-1
2025-10-07 19:50:00,89.25667602668655,89.35412048946472,89.1798801543724,89.27431048237509,4595.148729661409,0.0001975701591583,89.40687443220668,89.2883450388914,0.213379932108898,-0.00424361958848396,0.0016381438762042972,-1
2025-10-07 20:50:00,89.27431048237509,89.3174546793679,89.19627526853743,89.25945569484178,3155.0234234344116,-0.0001663948727583,89.3773906847337,89.2857187348869,0.2023195301258868,-0.004978087449929225,0.0016306326134948508,-1
2025-10-07 21:50:00,89.25945569484178,89.40242394748189,89.25442444093278,89.3886278390576,4419.58289768699,0.0014471536176228,89.37963811559848,89.29507410799333,0.190486563420602,-0.006576179019241235,0.001620939611966416,-1
2025-10-07 22:50:00,89.3886278390576,89.50100334524335,89.33427526473506,89.47339870297927,2324.3257612719267,0.0009483405884056,89.39839023307465,89.31128543481023,0.1887727733259489,-0.008435676200785225,0.0016241881487604984,-1
2025-10-07 23:50:00,89.47339870297927,89.47416774014943,89.32131469887884,89.40427217743313,5314.492031888888,-0.000772593044952,89.39956662194635,89.31973877504868,0.1880068432855972,-0.007858777965545016,0.0016101292080586483,-1
2025-10-08 00:50:00,89.40427217743313,89.55220881478328,89.31904258603733,89.47932879353645,2714.0328613409156,0.0008395193459476,89.41551905626437,89.33424695854757,0.1955821681131776,-0.00801036235183561,0.001611472669443095,-1
2025-10-08 01:50:00,89.47932879353645,89.53549383302918,89.44972580466782,89.48484709756627,3557.541646987662,6.167127206047063e-05,89.42938466452476,89.34793788027653,0.1966585569161085,-0.007442965514687039,0.0015642427776714075,-1
2025-10-08 02:50:00,89.48484709756627,89.54552814101888,89.29316859145511,89.35049818240327,3302.711080462596,-0.0015013593867632,89.41360736810047,89.34817063501532,0.1963380802930895,-0.004213575063639841,0.0014703012801374155,-1
2025-10-08 03:50:00,89.35049818240327,89.36085290592096,88.91708560371181,88.99141356027094,4528.682567817428,-0.0040188317853503,89.32916860653457,89.31573817367492,0.2111765447272771,0.0017417848092864396,0.0016416384420921647,1
2025-10-08 04:50:00,88.99141356027094,89.07174404035962,88.94450653501744,89.06570880999801,4139.040575527195,0.0008348586313526,89.27647664722726,89.29300823152246,0.2096471488317653,-0.000829286247693739,0.0016441035644797627,0
2025-10-08 05:50:00,89.06570880999801,89.0991800779693,88.96252949000366,88.97739385194771,3277.5545890683456,-0.0009915708214786,89.21666008817135,89.26431601519748,0.2080563544410927,-0.0012483923496880989,0.0016543995064332827,-1
2025-10-08 06:50:00,88.97739385194771,89.0078997651068,88.77069272058262,88.81072197598175,7397.321767177218,-0.0018731935017481,89.13547246573344,89.2230801934506,0.1976687558892749,-0.0008011055526104816,0.0016843916199526306,0
2025-10-08 07:50:00,88.81072197598175,88.96740808432254,88.8090841942318,88.89546426966368,5861.407321024424,0.000954189897306,89.08747082651949,89.19329692765179,0.1905200865218453,-0.0006887527704818597,0.001676093576767458,0
2025-10-08 08:50:00,88.89546426966368,88.9619394004146,88.80984929700013,88.81511431865977,1301.5094314646017,-0.0009038700867816,89.03299952494756,89.15891669047069,0.1849693296048725,-0.001314404091133703,0.0016282371327327719,-1
2025-10-08 09:50:00,88.81511431865977,88.86999382074737,88.73496562036087,88.80079222010363,3045.5585174763,-0.0001612574466182,88.98655806397878,89.12635992043732,0.182168462840171,0.0005501911956009575,0.0016122057028942049,0
2025-10-08 10:50:00,88.80079222010363,88.84206150144699,88.63634479504347,88.71863008293718,10326.766620648586,-0.0009252410379718,88.93297246777047,89.08929357157368,0.1882068410953893,0.0015196684566773921,0.0014931477884563458,1
2025-10-08 11:50:00,88.71863008293718,88.78620616734236,88.61874680267158,88.70166385321953,2086.993368013081,-0.0001912363806991,88.88671074486028,89.05405450626876,0.1895968309612225,0.005263870742915344,0.0014502750833717114,1
2025-10-08 12:50:00,88.70166385321953,88.85128715834912,88.68014453617263,88.76256694690119,2104.5348611279187,0.000686605989516,88.86188198526847,89.02755563723534,0.1899121553660937,0.0027474200098582813,0.0014557258601206053,1
2025-10-08 13:50:00,88.76256694690119,88.82329956655376,88.69128322616515,88.81881446653205,2628.6461760506313,0.0006336851396433,88.85326848152118,89.0085791671714,0.188423819588809,0.0005536278616486978,0.0014386448922616502,0
2025-10-08 14:50:00,88.81881446653205,89.0402961119021,88.75646613992414,88.9740131513381,1330.211660973094,0.0017473627151882,88.87741741548457,89.00543680209564,0.1920426583910942,-0.005683164605973845,0.0014061494644069643,-1
2025-10-08 15:50:00,88.9740131513381,89.2002909803444,88.9358964513165,89.14641745256715,3826.667624014221,0.0019376927613212,88.93121742290109,89.01825322486577,0.2048016941529908,-0.009453848667144604,0.0013940327777175064,-1
2025-10-08 16:50:00,89.14641745256715,89.19947185783248,88.93612959544069,88.99184784254079,1752.7901866562916,-0.0017338847083631,88.94334350682904,89.0158527355635,0.2055861736407069,-0.007418940727393575,0.0014206547129954048,-1
2025-10-08 17:50:00,88.99184784254079,89.00138894273914,88.8244929937576,88.86631515416775,8554.262693603512,-0.0014106088525676,88.92793783629679,89.00225840998206,0.1865239341244487,-0.006904740593078551,0.0014240070527478377,-1
2025-10-08 18:50:00,88.86631515416775,88.90666978864233,88.65098947154983,88.73957521347545,1626.431387804758,-0.001426186519295,88.89026531173253,88.97837811939056,0.1956984206780429,-0.0049663147018690346,0.0014378111958249068,-1
2025-10-08 19:50:00,88.73957521347545,88.84399703696415,88.72196325694487,88.83423727236467,3707.399983593919,0.0010667400498762,88.87905970385897,88.96527440602456,0.194654362967589,-0.010721883597581083,0.0014549599404957145,-1
2025-10-08 20:50:00,88.83423727236467,88.90826497375552,88.63040858966092,88.69837536904481,1902.6449586145009,-0.0015293867262383,88.84292283689615,88.94101085720821,0.1975578872226192,-0.009947627003951243,0.0014450903738146804,-1
2025-10-08 21:50:00,88.69837536904481,88.89817057255725,88.65688305272437,88.84964963414552,2662.214606406594,0.0017054908218026,88.84426819634602,88.93270529147524,0.2034838607756291,-0.012822766802788932,0.0014306816561697876,-1
2025-10-08 22:50:00,88.84964963414552,88.9075184122909,88.76328498411407,88.85345298659385,3813.00315877393,4.280661166355948e-05,88.84610515439559,88.92550053648603,0.2029226696872267,-0.014180048454867644,0.001422008609976761,-1
2025-10-08 23:50:00,88.85345298659385,89.2479291796707,88.85017474637382,89.1685779464244,2935.4655285226877,0.0035465696519199,88.91059971280136,88.94759848284406,0.2216888291808254,-0.014247771488754113,0.001549841072975734,-1
2025-10-09 00:50:00,89.1685779464244,89.16885924359106,88.94918411692574,89.0064349994575,5415.165548503131,-0.0018183865965019,88.92976677013259,88.95294725708165,0.2226858591995255,-0.015355708922086375,0.0015266433714401018,-1
2025-10-09 01:50:00,89.0064349994575,89.05145796837454,88.8411314036329,88.86798703685932,3455.4862623089707,-0.0015554826187457,88.91741082347794,88.9452236006978,0.2257478020617296,-0.013087641439157194,0.0015192404049031163,-1
2025-10-09 02:50:00,88.86798703685932,88.88012766753518,88.4317755784275,88.46835918894496,1790.7806275263504,-0.0044968707094559,88.82760049657135,88.90187229053845,0.2455484782710998,-0.008835198322789672,0.0016828963097190396,-1
2025-10-09 03:50:00,88.46835918894496,88.52605314826087,88.29851436082727,88.30364071275248,4163.372114218854,-0.0018618913892217,88.72280853980757,88.84748760164881,0.2523715102028855,-0.004171322498103813,0.0017034626878007996,-1
2025-10-09 04:50:00,88.30364071275248,88.37430933029557,88.2247008447635,88.33162259817576,1803.137817679802,0.0003168825792165,88.64457135148122,88.80059078315125,0.2427842611710368,-0.0031585067532373667,0.0017071912816330268,-1
2025-10-09 05:50:00,88.33162259817576,88.36761438173829,88.17697500063662,88.25271630056545,2429.2459132565405,-0.0008932961411707,88.56620034129807,88.75078401200709,0.2375160363191629,-0.0008481428274854652,0.0016787138338314764,0
2025-10-09 06:50:00,88.25271630056545,88.33056841993,88.23584652187898,88.29886655645515,2094.3801631177357,0.0005229329795644,88.5127335843295,88.70970060695691,0.2254717245805366,0.00029025370029556186,0.0016693647085998726,0
2025-10-09 07:50:00,88.29886655645515,88.3810405465954,87.80003279808183,87.88176692085048,964.1663067988236,-0.0047237258174541,88.3865402516337,88.63443390821996,0.2543368531185389,0.003833581894841176,0.0018348520686944647,1
2025-10-09 08:50:00,87.88176692085048,87.90788451192464,87.73234337246708,87.8160370150171,2661.999756607405,-0.0007479356428117,88.27243960431039,88.56003419065607,0.2486126261446141,0.003936198226811793,0.0018178727864013933,1
2025-10-09 09:50:00,87.8160370150171,87.88247644825773,87.69044018242053,87.71035129637737,2961.162670136802,-0.0012034899573258,88.16002194272379,88.48279029117619,0.2536128037030372,0.007728382610988627,0.0018171218054626,1
2025-10-09 10:50:00,87.71035129637737,87.73894986402847,87.59212561727104,87.59350671786164,3386.8460964342867,-0.0013321640694483,88.04671889775136,88.40194632996577,0.2442533653218106,0.01095676479287655,0.0018147315158248587,1
2025-10-09 11:50:00,87.59350671786164,87.97966672596156,87.52418874283111,87.89812442386659,1848.817414287353,0.0034776288496602,88.01700000297441,88.3561443385022,0.2595526841287799,0.005306952560355072,0.001845269769316711,1
2025-10-09 12:50:00,87.89812442386659,87.97365798719805,87.61396467120032,87.63967809141323,3030.277600076101,-0.0029402940523175,87.94153562066218,88.2910110433123,0.2749426761159869,0.009441212446089864,0.0018850429032766071,1
2025-10-09 13:50:00,87.63967809141323,87.77076347168178,87.57672220328375,87.70491468710124,1884.999863499456,0.0007443728355547,87.89421143394999,88.23772955638401,0.2603917357660685,0.008557146306700902,0.0018954654645517615,1
2025-10-09 14:50:00,87.70491468710124,87.72775898612402,87.6464023619748,87.68672369021884,3257.7607716747816,-0.0002074113742347,87.85271388520377,88.18763811400535,0.2505118427292042,0.00835216965867902,0.0018778629328335878,1
2025-10-09 15:50:00,87.68672369021884,87.96329333193088,87.60077118508109,87.9352977495829,2148.6137848896506,0.0028347969784141,87.8692306580796,88.16469808087604,0.2613829557369302,0.006612767951952314,0.001949548006301631,1
2025-10-09 16:50:00,87.9352977495829,88.11764254603403,87.9203421722007,88.052626571675,3614.026829115648,0.0013342630899622,87.90590984079869,88.15450976185775,0.2434506903601914,0.0045309593207318866,0.001968626553395555,1
2025-10-09 17:50:00,88.052626571675,88.20302968848064,88.00904099216947,88.17786539222902,2806.7758840201964,0.0014223178277603,87.96030095108476,88.15663300098241,0.2410542552800174,0.0033308182705586997,0.0019911589064853558,1
2025-10-09 18:50:00,88.17786539222902,88.36256326910376,88.12922985855185,88.32449562920507,1199.9015457883525,0.0016628916602121,88.03313988670882,88.17189323991174,0.2470346070671486,0.0014888581100658271,0.002013939987421706,1
2025-10-09 19:50:00,88.32449562920507,88.36565065045653,88.2126811415373,88.2186688714049,2988.008367028221,-0.0011981586426991,88.07024568364804,88.17614557004748,0.2443439019112594,0.004451605020171501,0.0020226594315667927,1
2025-10-09 20:50:00,88.2186688714049,88.27982627661326,88.11228477859078,88.16169834420126,4840.333557801898,-0.0006457876539339,88.0885362157587,88.17483218587964,0.2495453019092214,0.00717620200333724,0.0020181951553542503,1
2025-10-09 21:50:00,88.16169834420126,88.4034499292727,88.13041128114999,88.38821045014,3421.580035082486,0.0025692801998253,88.14847106263495,88.19423020990331,0.2275475090241597,0.006454024897966315,0.002072578327142415,1
2025-10-09 22:50:00,88.38821045014,88.59968505483492,88.36746297601282,88.5532481683525,4755.445035310327,0.0018671915334862,88.22942648377847,88.22686820612596,0.2315961475501993,0.00516009796728234,0.0020762216251864894,1
2025-10-09 23:50:00,88.5532481683525,88.58005574698412,88.3476884506239,88.36459560032824,3055.132224089542,-0.0021303856371885,88.25646030708843,88.23938887832617,0.2344769354446997,0.0062876595819765235,0.00206905112497383,1
2025-10-10 00:50:00,88.36459560032824,88.53615485123642,88.35052436980966,88.46710291098118,1506.094620487297,0.0011600495646082,88.29858882786698,88.26009015402208,0.2372488093496514,0.0016512016448824163,0.002066388614957776,1
2025-10-10 01:50:00,88.46710291098118,88.48201943354633,88.38692003568806,88.45541847389548,2779.6834383229766,-0.0001320766330221,88.32995475707268,88.27784727401057,0.2115074818302094,0.0004680574453448383,0.0020542058097621184,0
2025-10-10 02:50:00,88.45541847389548,88.48962661975582,88.35260525343408,88.41909808329326,11127.903253251015,-0.0004106067353345,88.34778342231681,88.29068825667262,0.1956023425676392,0.0013872024062577815,0.0020415439979684378,1
2025-10-10 03:50:00,88.41909808329326,88.55227974707944,88.3822397591602,88.51679346838672,6371.494487505551,0.0011049127079019,88.3815854315308,88.31124327591935,0.1938879653905831,-0.0005331010650543311,0.0020422654090043995,0
2025-10-10 04:50:00,88.51679346838672,88.52416514296654,88.40966060773465,88.45158944075486,1465.0490148015192,-0.0007366288935347,88.39558623337561,88.32400201817713,0.1962556733250591,-6.847373091722897e-05,0.0020292570068205897,0
2025-10-10 05:50:00,88.45158944075486,88.48154015209188,88.44873180656259,88.47156983733633,2101.759560077915,0.0002258907579593,88.41078295416776,88.33741727446433,0.1727046875164514,0.00012979473750807102,0.002003839723679186,0
2025-10-10 06:50:00,88.47156983733633,88.4919192177052,88.45111041900178,88.45599827084008,4493.944215730074,-0.0001760064450634,88.41982601750223,88.34819736504394,0.1615267178643153,0.0025838920010710087,0.0020035997388132064,1
2025-10-10 07:50:00,88.45599827084008,88.68982107816915,88.41184641127236,88.6113835406257,1440.3288454298024,0.0017566391519299,88.45813752212693,88.37212338100592,0.1675257157632878,-0.0018666465833782064,0.0019206831476637194,-1
2025-10-10 08:50:00,88.6113835406257,88.80112142626993,88.6018435241421,88.79436450047652,3789.6211255387266,0.0020649825399343,88.52538291779686,88.41050893732142,0.1650931794472825,-0.0033373115492871808,0.0019373531810642805,-1
2025-10-10 09:50:00,88.79436450047652,88.96676018181515,88.76136468803746,88.95867016107188,5859.031884649296,0.0018504064027,88.61204036645186,88.46034177584419,0.1688378926514581,-0.006277718103610108,0.0019467989863598107,-1
2025-10-10 10:50:00,88.95867016107188,89.0390121722047,88.89551383153814,89.01019160422226,2562.3412901129727,0.0005791615708405,88.69167061400594,88.51032812387855,0.1671205242688925,-0.007542439481590946,0.0017639488638063697,-1
2025-10-10 11:50:00,89.01019160422226,89.07960717341805,88.88492725096843,88.92020209656212,2501.2808313574415,-0.0010110022912911,88.73737691051718,88.54758939412251,0.1615234724351008,-0.008402485536603055,0.001738209418278663,-1
2025-10-10 12:50:00,88.92020209656212,88.95766983643688,88.56620286081778,88.61317993682577,2341.798604597671,-0.0034527829727932,88.7125375157789,88.55355217073189,0.1728981079206002,-0.006252402338936758,0.0018551611374447144,-1
2025-10-10 13:50:00,88.61317993682577,88.6797857185853,88.41128457117611,88.49682069109328,3645.069746284624,-0.0013131144352956,88.66939415084178,88.54839476349201,0.1754790972812411,-0.0035528511852961353,0.0018638842495323337,-1
2025-10-10 14:50:00,88.49682069109328,88.57283047493908,88.46116474537327,88.54175326891355,2761.701933355191,0.00050773098366,88.64386597445615,88.5477909912576,0.1701959007197453,-0.005789396541286296,0.001863771754035664,-1
2025-10-10 15:50:00,88.54175326891355,88.59202773166827,88.40758040963037,88.46960507151353,1457.2910220475242,-0.0008148494324581,88.60901379386763,88.54068318037177,0.1765778953040049,-0.005864867427539666,0.0016546282183539157,-1
2025-10-10 16:50:00,88.46960507151353,88.5570245398737,88.42490660995205,88.44553283042029,2175.9054013081677,-0.0002720961744293,88.57631760117818,88.532033148558,0.1762276498468549,-0.008824702441913468,0.001647868944156328,-1
2025-10-10 17:50:00,88.44553283042029,88.4983265902733,88.44391903081596,88.4830529815203,4284.72357949016,0.0004242175935775,88.5576646772466,88.52758040610003,0.1679681906710044,-0.008812847599102391,0.0016273608341601535,-1
2025-10-10 18:50:00,88.4830529815203,88.70606185844699,88.44801302106649,88.68455901721886,1925.9328934073717,0.002277340450048,88.58304354524105,88.54185118892902,0.178221355110191,-0.009200346429691031,0.0016374019102912102,-1
2025-10-10 19:50:00,88.68455901721886,88.75263003661811,88.39580380988403,88.44597740429117,3002.8196530181617,-0.002690227200446,88.55563031705108,88.53313539032557,0.2013654894819621,-0.009146878399526881,0.0016249777651706277,-1
2025-10-10 20:50:00,88.44597740429117,88.54868951472046,88.36843223359386,88.49803004231747,3468.689791737248,0.0005885246514758,88.54411026210437,88.52994399505211,0.2113260953693319,-0.008155296648571841,0.0015217718142132078,-1
2025-10-10 21:50:00,88.49803004231747,88.54674678360846,88.31398356102433,88.40021270692864,4471.38679153137,-0.0011053052293034,88.51533075106923,88.51815024158634,0.2080967064898564,-0.005593434952792742,0.0015395980318776128,-1
2025-10-10 22:50:00,88.40021270692864,88.4170982794443,88.3150778989246,88.3388376208026,3803.085849070714,-0.0006942866340098,88.48003212501591,88.50184909424236,0.2011497406607044,-0.0027807284810960065,0.0015466328242486709,-1
2025-10-10 23:50:00,88.3388376208026,88.41113333569993,88.11087345480715,88.17305138453393,2886.497675662717,-0.0018767083735049,88.41863597691952,88.47195839335977,0.2079257683117827,-0.002531546925047201,0.0015148674430017495,-1
2025-10-11 00:50:00,88.17305138453393,88.22542747072757,88.01221500515125,88.05913468332814,6799.259560814834,-0.0012919673235418,88.34673571820124,88.43442896517507,0.2129053486624792,-0.00283120887445254,0.0015161704830260027,-1
2025-10-11 01:50:00,88.05913468332814,88.24991861882954,88.04735094656509,88.18240465680599,3961.231582076809,0.0013998544718971,88.3138695059222,88.41151766441425,0.2134687593635383,-0.004701078180200824,0.0015154974006374076,-1
2025-10-11 02:50:00,88.18240465680599,88.24904113947174,87.97526038453213,88.02914994877908,2740.640796315094,-0.0017379284294112,88.25692559449358,88.37675696299287,0.2050626007435748,-0.0027778769727612174,0.0015145634470325867,-1
2025-10-11 03:50:00,88.02914994877908,88.10237772877691,87.91203096805289,87.95074256640231,2471.704583734077,-0.0008906979383804,88.19568898887533,88.33802838148463,0.1994801445517779,0.0001456349709605398,0.0015083579811729236,0
2025-10-11 04:50:00,87.95074256640231,88.01291323758814,87.62328043359885,87.66502732087534,4166.008487300213,-0.0032485825268758,88.08955665527535,88.27684646688378,0.219334935582026,0.0010591265409030104,0.0016060867604847317,0
2025-10-11 05:50:00,87.66502732087534,87.75868475378819,87.58598270221668,87.70326532049086,3178.6663437836146,0.0004361830570764,88.01229838831846,88.22470272630261,0.2184959876915694,0.0018996928629257948,0.0015310130109886576,1
2025-10-11 06:50:00,87.70326532049086,87.87652912064323,87.67619438025748,87.86863035129606,2610.019624627845,0.0018855059751869,87.98356478091398,88.19233251039292,0.2233686170104332,0.0011684524505497507,0.001531830090435252,0
2025-10-11 07:50:00,87.86863035129606,87.91441108177544,87.568951219821,87.63697280404682,3000.083240319637,-0.0026364078548064,87.91424638554055,88.14184526436145,0.244158067188798,0.0023864766919448055,0.0015544050848389018,1
2025-10-11 08:50:00,87.63697280404682,87.83639204152917,87.55722006914175,87.77630235450815,2172.4900626855997,0.0015898489644645,87.88665757933407,88.10861409073841,0.2456668625464349,-0.00031870121332466805,0.0015688359865046065,0
2025-10-11 09:50:00,87.77630235450815,87.92164959880056,87.73796943828563,87.90575186733939,2007.4296217669591,0.0014747660742011,87.89047643693513,88.0901720704294,0.2332992863879235,0.002454924169557726,0.0015979703397532698,1
2025-10-11 10:50:00,87.90575186733939,88.11726521355803,87.86623917107416,88.09319129904351,8693.285865090797,0.0021322772142031,87.93101940935681,88.09044654575796,0.2383541979134429,0.00038578565304669965,0.0016492326190489278,0
2025-10-11 11:50:00,88.09319129904351,88.14494453947975,87.92280428623765,87.9498371674294,2677.602010812655,-0.0016273009241711,87.93478296097133,88.07766387500081,0.2375954143890126,0.0004958342670899896,0.0016548039985171286,0
2025-10-11 12:50:00,87.9498371674294,88.01066855046933,87.80707034580028,87.8098208797361,3443.710874875729,-0.0015920016705289,87.90979054472429,88.05331451179492,0.244850973256823,0.0013336267447778827,0.001670594160176079,1
2025-10-11 13:50:00,87.8098208797361,87.81662276015577,87.69459700513454,87.76785227839623,1994.0932776690156,-0.0004779488321395,87.88140289145868,88.02736339966776,0.2321199642659976,0.0027925426421877564,0.0016690828192038262,1
2025-10-11 14:50:00,87.76785227839623,87.78861480354136,87.69248509840996,87.78461580020462,3044.1904501886843,0.0001909984279346,87.86204547320787,88.0052954360802,0.2237569099485037,0.0026950486231349657,0.0016708547268200734,1
2025-10-11 15:50:00,87.78461580020462,88.01328944141801,87.73770376743528,87.96355127024194,1638.5185915134196,0.0020383465645572,87.88234663261468,88.00150051191308,0.2289724814998095,-0.0052653398948103725,0.0016823982835070391,-1
2025-10-11 16:50:00,87.96355127024194,87.96760896813514,87.70535530793973,87.75787567801986,5058.894252675903,-0.0023381910945159,87.85745244169573,87.97935279974097,0.2281491175895098,-0.004254169428724031,0.0016688266706033682,-1
2025-10-11 17:50:00,87.75787567801986,87.94881672304447,87.73969083002363,87.86987458767548,2586.6452992777336,0.0012762263077852,87.85993687089169,87.96940023500774,0.2294904841821394,-0.004471837725803174,0.0016471791052360214,-1
2025-10-11 18:50:00,87.86987458767548,87.99383897192142,87.82008667047491,87.97130066775648,4919.478542433452,0.0011542759171665,87.88220963026465,87.96957300162126,0.2140704482862269,-0.003031351441074248,0.00166109965110284,-1
2025-10-11 19:50:00,87.97130066775648,88.01183900092606,87.84565404651093,87.84611639699628,2182.189492388847,-0.0014230126167281,87.87499098361099,87.95834967392807,0.2136049413464858,-0.003972291900753877,0.0016678476229485294,-1
2025-10-11 20:50:00,87.84611639699628,87.91898011080139,87.7108079720486,87.74832794044661,3112.989364573338,-0.0011131790517379,87.84965837497812,87.93925678906612,0.2141647555155604,-0.0004719222007085744,0.0015775643136246252,0
2025-10-11 21:50:00,87.74832794044661,88.15532770104922,87.6702896454153,88.12155382224167,2348.7562626407225,0.0042533674493301,87.90403746443083,87.95582924662753,0.2241346264926664,-0.006340168882070896,0.0017592775407261247,-1
2025-10-11 22:50:00,88.12155382224167,88.16452516247908,88.09365977841699,88.12717638837778,1457.7580385025333,6.380466403776985e-05,87.94866524922023,87.97140625951391,0.2092555844694286,-0.007544593905421393,0.0017558229257482478,-1
