timestamp,open,high,low,close,volume,ret_1,ema9,ema21,atr,ret_fut,vol_proxy,dir
2025-10-08 21:35:00,99.89748560290336,99.90374792857592,99.82028488805602,99.89748560290336,4221.366824624118,0.0,99.89748560290336,99.89748560290336,0.0,0.005017730633030126,0.0,1
2025-10-08 21:40:00,99.89748560290336,99.93182947355284,99.79257741612984,99.797345774798,1160.7807752993774,-0.0010024259119336,99.8774576372823,99.88838198216652,0.0,0.0032241376553221457,0.0,1
2025-10-08 21:45:00,99.797345774798,99.8330292883472,99.47303753019604,99.5559958445214,7242.478055229723,-0.0024184002931424,99.81316527873012,99.8581650605624,0.0,0.0038741307230045763,0.0,1
2025-10-08 21:50:00,99.5559958445214,99.69334023067697,99.5298401700708,99.69085416386775,2392.0725667171987,0.001354597663379,99.78870305575764,99.84295497904472,0.0,0.000647913371819131,0.0,0
2025-10-08 21:55:00,99.69085416386775,99.7424827367102,99.5352521060405,99.63349780962052,4086.4441069242775,-0.0005753421888929,99.75766200653024,99.82391341818796,0.0,-0.0025783664702074827,0.0,-1
2025-10-08 22:00:00,99.63349780962052,100.00582686091272,99.60682975830048,99.93351505790903,3907.3385417295503,0.0030112086284654,99.792832616806,99.83387720361716,0.0,-0.007457891352688928,0.0,-1
2025-10-08 22:05:00,99.93351505790903,100.00961451301336,99.41697701906806,99.445210922641,1366.1565405115298,-0.0048862899997571,99.723308277973,99.7985439053466,0.0,-0.001134418621925315,0.0,-1
2025-10-08 22:10:00,99.445210922641,99.97214070585784,99.41008001995772,99.87508792973962,2220.419817928653,0.0043227522281894,99.75366420832631,99.80550245301868,0.0,-0.0032726977615703534,0.0,-1
2025-10-08 22:15:00,99.87508792973962,99.95591761254003,99.8731966236467,99.91188411450388,1836.9050784447447,0.0003684220512543,99.78530818956185,99.8151735131537,0.0,-0.004939370451672032,0.0,-1
2025-10-08 22:20:00,99.91188411450388,100.02705684226989,99.83084427475626,99.98963336446576,1925.514600349121,0.0007781781982287,99.82617322454264,99.8310334996366,0.0,-0.002472052433754479,0.0,-1
2025-10-08 22:25:00,99.98963336446576,100.02259377202152,99.68377055670504,99.7470006333526,6940.980698772759,-0.0024265788657183,99.81033870630463,99.82339414815624,0.0,-0.0027630027162343085,0.0,-1
2025-10-08 22:30:00,99.7470006333526,99.81412467258446,99.57435737265918,99.66340768729258,3608.677443925212,-0.0008380497210869,99.78095250250225,99.80884992444136,0.0,-0.0015100839007982092,0.0,-1
2025-10-08 22:35:00,99.66340768729258,99.67060432338052,99.37564638585177,99.4224865384946,2783.4387845025285,-0.0024173480958415,99.70925930970073,99.7737259802644,0.0,-0.0008912585145083307,0.0,-1
2025-10-08 22:40:00,99.4224865384946,99.69687807911843,99.34578943391284,99.64545926061416,814.6148837404348,0.0022426789942857,99.6964992998834,99.76206536938707,0.2864788203007588,-0.0033520095512188375,0.0,-1
2025-10-08 22:45:00,99.64545926061416,100.0371761145968,99.59449756752,99.99417888816654,2991.578199614637,0.0034996037967003,99.75603521754005,99.78316659836705,0.3121370707691093,-0.006288141592260876,0.0,-1
2025-10-08 22:50:00,99.99417888816654,100.33805947845894,99.98308406513934,100.32552369427006,3649.5764480693338,0.0033136409517806,99.86993291288604,99.83247178890367,0.3275458819045817,-0.010303999233427175,0.0,-1
2025-10-08 22:55:00,100.32552369427006,100.33707160297465,100.09535866535876,100.1672719519944,3702.544607846475,-0.0015773826684216,99.92940072070772,99.86290816736648,0.3190973947234902,-0.008139340299250675,0.0,-1
2025-10-08 23:00:00,100.1672719519944,100.24152464783288,100.16331112343175,100.2192426284144,3360.226844797025,0.0005188388922572,99.98736910224906,99.89530220927992,0.3130054992802736,-0.007666300241870649,0.0,-1
2025-10-08 23:05:00,100.2192426284144,100.31537669773572,100.16859025846584,100.1896169780137,4844.37606012399,-0.0002956084043713,100.027818677402,99.92205809734662,0.3086880570374301,-0.009141852013626273,0.0,-1
2025-10-08 23:10:00,100.1896169780137,100.20314300054552,99.87658909194258,99.94533819909884,3891.394815708828,-0.0024381646150865,100.01132258174135,99.92417447023318,0.3035135431796242,-0.006436536111883329,0.0,-1
2025-10-08 23:15:00,99.94533819909884,100.46293325082878,99.86710048564858,100.39874427657573,1599.7055294905194,0.0045365405295207,100.08880692070824,99.96731717990068,0.303741776839261,-0.011265720623593434,0.0,-1
2025-10-08 23:20:00,100.39874427657573,100.45617266051966,100.02714116309876,100.11910615521174,1599.2271249648309,-0.0027852750886369,100.09486676760896,99.98111617765623,0.2942396919478877,-0.008189653707045386,0.0,-1
2025-10-08 23:25:00,100.11910615521174,100.14100245362523,99.88048100901614,99.94168878668198,5634.097733844368,-0.0017720630491318,100.06423117142356,99.97753186938584,0.306939724499014,-0.009877185142538547,0.0,-1
2025-10-08 23:30:00,99.94168878668198,100.0303303215755,99.73391359358354,99.7554452013286,2550.1646372292116,-0.0018635224961116,100.00247397740458,99.95734217228971,0.3140971645331812,-0.007010489992700708,0.0,-1
2025-10-08 23:35:00,99.7554452013286,99.8434785550472,99.31112288109529,99.3766061395587,8632.3908043288,-0.0037976780215388,99.8773004098354,99.904547987496,0.3279209115785702,-0.002121019264157198,0.0,-1
2025-10-08 23:40:00,99.3766061395587,99.40997087501178,99.1449455777514,99.18822176011484,1641.5840851593657,-0.0018956612301621,99.7394846798913,99.83942742137044,0.3297250542453623,-0.0009080792832124596,0.0,-1
2025-10-08 23:45:00,99.18822176011484,99.39288895739224,99.1862969684236,99.33239842350906,1747.018422254437,0.0014535663694315,99.65806742861488,99.7933338761103,0.323413200776782,0.0003039042561077121,0.0,0
2025-10-08 23:50:00,99.33239842350906,99.5962062925114,99.289488642614,99.54822695303532,2585.995570321726,0.0021727908814408,99.63609933349896,99.77105142855802,0.3202438439690535,-0.0046450531856897515,0.0,-1
2025-10-08 23:55:00,99.54822695303532,99.57579011494046,99.38986618507928,99.41838230633782,3205.91604755395,-0.001304339119558,99.59255592806674,99.73899059926528,0.301904228453652,-0.0053807362634294975,0.0,-1
2025-10-09 00:00:00,99.41838230633782,99.7538990210616,99.38989240811928,99.74245374795692,3630.7012973469778,0.0032596732525835,99.6225354920448,99.73930543096452,0.3025493141409886,-0.00821917480376766,0.0,-1
2025-10-09 00:05:00,99.74245374795692,99.82740385949194,99.4122157428694,99.47139939966642,797.6189246599129,-0.0027175424115335,99.59230827356912,99.71495033721014,0.3149403983557509,-0.005912617613129001,0.0,-1
2025-10-09 00:10:00,99.47139939966642,99.58548413886224,99.38698017142316,99.5129075798453,3294.1299115858924,0.000417287586476,99.57642813482435,99.69658281381334,0.3235325728584622,-0.006810367122857541,0.0,-1
2025-10-09 00:15:00,99.5129075798453,99.58485746957196,99.25988612133813,99.33387540083358,1140.5289729661597,-0.0017990849967687,99.5279175880262,99.66360941263336,0.3362600663558887,-0.003737468524998233,0.00249404230722169,-1
2025-10-09 00:20:00,99.33387540083358,99.3991197189727,99.21601435763272,99.311446729437,7263.900209059879,-0.0002257907617725,99.48462341630838,99.63159462325186,0.3260137415513903,-0.00264252705555279,0.0024894931536474565,-1
2025-10-09 00:25:00,99.311446729437,99.39532028235791,99.30777415176745,99.3654013329159,2834.42361477954,0.0005432868541919,99.4607789996299,99.60739523322133,0.2897075533664101,-0.0040581611141605745,0.0024572660995531882,-1
2025-10-09 00:30:00,99.3654013329159,99.42359770056996,99.27608091625656,99.29176957503113,2687.6400951387263,-0.0007410200824136,99.42697711471014,99.57870199156766,0.2695993595730194,-0.0023093279186564564,0.0024463341301519627,-1
2025-10-09 00:35:00,99.29176957503113,99.35635938546856,99.27463392467352,99.35197643872952,2442.3577720981334,0.0006063630848367,99.41197697951402,99.55809057767328,0.2568282178720145,-0.005521363467082097,0.002448195387921308,-1
2025-10-09 00:40:00,99.35197643872952,99.54086182802784,99.3373131313916,99.4509318244121,4762.491490299733,0.0009960082247946,99.41976794849364,99.54834887283135,0.2501947870608895,-0.006523036824276129,0.0023912242603740847,-1
2025-10-09 00:45:00,99.4509318244121,99.51842485658206,99.24789877522235,99.2736983262988,1312.2443961051883,-0.0017821200350962,99.39055402405468,99.5233806413284,0.2314926733043013,-0.004660782590501511,0.0022517194266446832,-1
2025-10-09 00:50:00,99.2736983262988,99.3342246271453,99.204666345177,99.30203642056595,2852.924188885908,0.0002854542013133,99.37285050335694,99.5032584394409,0.2218164579262967,-0.004951050984774885,0.0021071892359565618,-1
2025-10-09 00:55:00,99.30203642056595,99.3325859073254,99.18504808870266,99.26768007259622,1924.3025214594584,-0.0003459782820992,99.3518164172048,99.4818422242732,0.2175983029015893,-0.0051634062714018825,0.0021050004000717232,-1
2025-10-09 01:00:00,99.26768007259622,99.35246186894302,99.2504189663484,99.29916534634164,2744.7673800769935,0.0003171754766748,99.34128620303218,99.46523523537032,0.2029786780942483,-0.0041821285850719425,0.002099660832982083,-1
2025-10-09 01:05:00,99.29916534634164,99.31956997941168,98.9023165898678,98.95454622307795,2850.2592875787805,-0.003470513795979,99.26393820704136,99.41880896152556,0.2195022109287257,-0.002143468039651708,0.0021428076410476,-1
2025-10-09 01:10:00,98.95454622307795,99.13440834439912,98.91256552539676,99.05611065102728,4487.590978743584,0.0010263745510017,99.22237269583854,99.38583638784392,0.2093476542187287,0.001118160670808166,0.0021515478671592365,1
2025-10-09 01:15:00,99.05611065102728,99.2528293566616,99.033420528365,99.16582644353014,1437.7408727603818,0.0011076125620295,99.21106344537688,99.3658354838154,0.1953634193383026,-0.0019359613342276871,0.002123823980490018,-1
2025-10-09 01:20:00,99.16582644353014,99.25293450482796,99.01544047190411,99.0981509907958,3936.2989722177017,-0.0006824473224441,99.18848095446066,99.34150052990452,0.198148424015785,-0.003654115915233236,0.0020832546694103454,-1
2025-10-09 01:25:00,99.0981509907958,99.38253614714216,99.01644852004162,99.36258596215936,2845.8701598583466,0.0026684147859443,99.2233019560004,99.34341738738222,0.2010853010776908,-0.006894390649935689,0.0020407736393537926,-1
2025-10-09 01:30:00,99.36258596215936,99.41799951874818,99.01945668160825,99.08582014429736,3855.735182558649,-0.0027854127907602,99.1958055936598,99.31999945619268,0.2164736922062604,-0.005140400172026327,0.0019865094552593346,-1
2025-10-09 01:35:00,99.08582014429736,99.12437359779062,98.8765026445606,98.8834382114106,2227.219922878555,-0.002042491373559,99.13333211720996,99.2803120703034,0.2279254652519416,-0.005380757600430663,0.001997176196259064,-1
2025-10-09 01:40:00,98.8834382114106,98.92896044711452,98.84452060109268,98.92265308524574,2993.581466184897,0.0003965767629487,99.09119631081714,99.24779761711632,0.2234199696596864,-0.003382240796474534,0.0019954757544554808,-1
2025-10-09 01:45:00,98.92265308524574,98.96657848275602,98.8260211633549,98.88326305157337,2449.2890437908163,-0.0003981902268477,99.0496096589684,99.21465811115787,0.2276222452744067,-0.0005566263628145052,0.001995376870795749,0
2025-10-09 01:50:00,98.88326305157337,98.9540954192051,98.74073811830016,98.83518814576357,1374.6298030795265,-0.0004861783918347,99.00672535632744,99.18016084157657,0.228322859865029,0.0013066402464321225,0.0019608538013290364,1
2025-10-09 01:55:00,98.83518814576357,99.0085870571234,98.7616117123746,98.96261816805686,3350.02585710493,0.0012893183559823,98.99790391867332,99.16038423489296,0.2266406643928208,0.0007565008085932412,0.0017752017863861664,0
2025-10-09 02:00:00,98.96261816805686,99.07742591172028,98.9004173613862,99.04901354452836,6044.271546878879,0.0008730102140666,99.00812584384434,99.150259626678,0.2300299692760898,0.0008725437487617782,0.0017372578764514297,1
2025-10-09 02:05:00,99.04901354452836,99.0926275308245,98.94842367946134,98.9621605251337,6721.605500596599,-0.0008768691003228,98.99893278010222,99.13315970835578,0.2297918287575484,0.00020049688966539136,0.0017204853195881252,0
2025-10-09 02:10:00,98.9621605251337,99.14696978992706,98.90495523414708,99.0624723194587,2462.3573514208024,0.0010136378772727,99.01164068797353,99.1267335820924,0.2397898039850738,-0.0006541616887817403,0.0017116378273470685,0
2025-10-09 02:15:00,99.0624723194587,99.12007991553897,98.7128422114182,98.80341806563833,2159.223451456613,-0.0026150594443573,98.9699961635065,99.09734126241476,0.2390743978834229,0.0003781389154424719,0.001643218048416089,0
2025-10-09 02:20:00,98.80341806563833,98.85323074845611,98.78587282540646,98.80220973391287,1815.2957253967172,-1.2229655097950598e-05,98.93643887758778,99.07051112346004,0.2280397624582296,-0.0004140979284030788,0.0016132198882895222,0
2025-10-09 02:25:00,98.80220973391287,98.84941087210838,98.73055779560778,98.81100520144489,2821.725935551639,8.902095971019541e-05,98.9113521423592,99.04691967600412,0.2208572087585167,0.002025560270351612,0.001588107273163983,1
2025-10-09 02:30:00,98.81100520144489,98.9066697476066,98.71528355708467,98.81038697535575,1511.2581664422216,-6.25665215991944e-06,98.89115910895852,99.0254167032179,0.2175637914440946,0.005745141302266221,0.0015303794984436409,1
2025-10-09 02:35:00,98.81038697535575,98.82899372899472,98.6761550794135,98.75512071076186,4223.364978474308,-0.0005593163460405,98.8639514293192,99.00084434026736,0.2023317216212865,0.005363514241485401,0.0015191548256433963,1
2025-10-09 02:40:00,98.75512071076186,98.97451472085268,98.7402392127735,98.88388346847292,8134.617638142318,0.0013038590483647,98.86793783714997,98.99021153374058,0.1905983409740881,0.0003249574072869965,0.0014106054272099843,0
2025-10-09 02:45:00,98.88388346847292,98.97185860451108,98.65212780699316,98.74244031587055,1862.355099183833,-0.0014303964168991,98.84283833289408,98.96768687757056,0.1957311869946524,0.0009834716105718844,0.0013558256215597678,1
2025-10-09 02:50:00,98.74244031587055,99.25585913128504,98.65005156556384,99.16687129816049,6714.9403432869885,0.0042983643196603,98.90764492594737,98.98579455216964,0.2329717384017482,-0.0049059517404616,0.0015718726193365963,-1
2025-10-09 02:55:00,99.16687129816049,99.2275036212982,98.96061252846783,98.97384523785873,3769.120521344878,-0.0019464772637769,98.92088498832965,98.98470825086864,0.2419955793609795,0.0006602163226827606,0.001577195788565635,0
2025-10-09 03:00:00,98.97384523785873,99.06607369676298,98.69435759483522,98.73603486009014,3637.921471376946,-0.0024027598119186,98.88391496268176,98.9621015789797,0.2533069222911815,0.0027203014033108097,0.0016283709479383104,1
2025-10-09 03:05:00,98.73603486009014,98.79055082526608,98.6276676852016,98.67754147854842,3421.691356416406,-0.0005924218207122,98.8426402658551,98.93623247894048,0.2473003362423032,0.0036718586719928226,0.0016244635340934629,1
2025-10-09 03:10:00,98.67754147854842,98.7252018842738,98.5539518039532,98.57647937738224,7711.432579276102,-0.0010241651712428,98.78940808816051,98.90352765152608,0.2468890169556264,0.006581314132280802,0.0016281836236286121,1
2025-10-09 03:15:00,98.57647937738224,98.67057849222276,98.26460746801652,98.35137039969784,3127.9864201362534,-0.0022835972547021,98.701800550468,98.85333153772352,0.2655866721587046,0.011084270222684989,0.0016604337946896283,1
2025-10-09 03:20:00,98.35137039969784,98.5997205047214,98.26014579260124,98.58807285228532,1837.953597111257,0.0024067021295741,98.67905501083146,98.82921711177458,0.2725552547544327,0.0070796130965355974,0.0017142176906339254,1
2025-10-09 03:25:00,98.58807285228532,98.88891914632778,98.51028698103808,98.82822202051774,5050.252262038796,0.0024358845982541,98.70888841276872,98.82912664893306,0.2705120019807857,0.0016476842539268066,0.0017559239998796417,1
2025-10-09 03:30:00,98.82822202051774,99.0033168111186,98.73940904083582,98.9643301803585,5748.434711937777,0.001377219553869,98.75997676628668,98.84141787906265,0.284551276783151,0.0011467033793706172,0.001774941582421594,1
2025-10-09 03:35:00,98.9643301803585,99.0506150914392,98.936605586282,99.0374834687215,2681.9700218247463,0.0007391884351632,98.81547810677364,98.85924202357708,0.2842053074014785,-0.0020002159576234524,0.0017805451030782876,-1
2025-10-09 03:40:00,99.0374834687215,99.20722696473538,98.94438098623438,99.13543814211766,3630.10553098256,0.000989066664109,98.87947011384246,98.8843507616262,0.2893095779714128,-0.0016820172345142215,0.0017892108393787543,-1
2025-10-09 03:45:00,99.13543814211766,99.22025511048533,98.95850981644796,98.98200213051356,1695.1957995037085,-0.0015477412969533,98.89997651717668,98.89322815879778,0.2970886240039943,0.00030406872025601217,0.0017007340314619608,0
2025-10-09 03:50:00,98.98200213051356,99.04438945037025,98.96560080264751,98.99766944527131,3504.488188990629,0.0001582844802139,98.9195151027956,98.90272282120446,0.2859824196928185,0.0017991906565972826,0.0016908952281507626,1
2025-10-09 03:55:00,98.99766944527131,99.00951283904452,98.82336500440904,98.84077948298768,1536.414329468474,-0.0015847844011154,98.90376797883404,98.8970916086393,0.2764407794869307,0.0008486859463714413,0.0017000880321607682,1
2025-10-09 04:00:00,98.84077948298768,98.91633490389782,98.66930835012327,98.76129594354042,4423.714045261498,-0.0008041573514799,98.87527357177532,98.88474654817576,0.2508135643478845,0.0013842389290912305,0.0017015658601452727,1
2025-10-09 04:05:00,98.76129594354042,99.03122856587932,98.70611722697616,99.01115284785443,2579.6681061161867,0.0025299071050755,98.90244942699114,98.89623802996474,0.254972153353085,-0.0010778444810424226,0.0016944446650488257,-1
2025-10-09 04:10:00,99.01115284785443,99.4250099574048,98.93497885967588,99.37806661066078,3958.9558586233097,0.0037057821493116,98.99757286372508,98.94004062820984,0.2634232244817411,-0.004618346821796293,0.0017513341394902935,-1
2025-10-09 04:15:00,99.37806661066078,99.40611972604034,99.1869482211758,99.28479520711365,4816.740440802566,-0.0009385511987525,99.05501733240278,98.97138195356472,0.2674438219674592,-0.002058827944941166,0.001718465609249888,-1
2025-10-09 04:20:00,99.28479520711365,99.3597033158674,98.8522514506782,98.9160165188673,3270.0217764574304,-0.0037143521067555,99.02721716969567,98.96634873222858,0.2914582351723607,-0.00044400700239100033,0.0018466223516508708,0
2025-10-09 04:25:00,98.9160165188673,98.93365607160452,98.76131475278784,98.8395507026798,2474.372629299612,-0.0007730377635346,98.98968387629252,98.95482163863323,0.2747703990731044,-0.002496111042561755,0.0018504118489267398,-1
2025-10-09 04:30:00,98.8395507026798,98.919997520017,98.59886150456016,98.68036341331914,6004.3146317967985,-0.0016105626566382,98.92781978369786,98.9298708908774,0.2734533493114384,-0.0017294635688136495,0.0018702719783479727,-1
2025-10-09 04:35:00,98.68036341331914,99.08262786621292,98.59809059883656,99.03918938600344,3044.5421937864335,0.0036362449455253,98.95009370415896,98.93980893588886,0.2810179994604849,-0.008322523714689889,0.001967848399490387,-1
2025-10-09 04:40:00,99.03918938600344,99.0710492758633,98.93883208642536,99.0046266342774,3862.7481605326902,-0.000348980559517,98.96100029018268,98.9457014539242,0.2716115294001398,-0.008365742261383313,0.001962732430895318,-1
2025-10-09 04:45:00,99.0046266342774,99.07257676668172,98.9477924107336,99.03987146495736,3070.829305450596,0.0003559917539019,98.9767745251376,98.9542623640181,0.2723811615994914,-0.006710355991281225,0.0019573035139612894,-1
2025-10-09 04:50:00,99.03987146495736,99.24347903613771,99.01639540538469,99.2252421542191,1646.4459772076943,0.0018716774014324,99.02646805095392,98.9788968904,0.2698267081889217,-0.011628080853880118,0.0019770422489862956,-1
2025-10-09 04:55:00,99.2252421542191,99.45371128202892,99.20654072635622,99.44152356597948,3142.200181300176,0.0021797015261926,99.10947915395904,99.02095386090724,0.268785655448589,-0.01076861790241479,0.001949802015448584,-1
2025-10-09 05:00:00,99.44152356597948,99.4698497027066,99.24070070705676,99.28603826401256,2049.7595484751896,-0.0015635852749558,99.14479097596976,99.0450524430077,0.2795256803005291,-0.007702354969115088,0.0019744575610474643,-1
2025-10-09 05:05:00,99.28603826401256,99.3224810192285,98.94306991665478,98.99105972578452,3264.492603409901,-0.002970997165217,99.11404472593271,99.04014401416924,0.2933301994389745,-0.0057084483549829645,0.0020503746829064152,-1
2025-10-09 05:10:00,98.99105972578452,99.13065511813778,98.90649135469783,99.07781291221347,3672.394087783475,0.0008763739540647,99.10679836318889,99.04356845944598,0.2916971429865021,-0.005423667657899367,0.0020554000350349244,-1
2025-10-09 05:15:00,99.07781291221347,99.14830421998424,98.78223843114428,98.8393871138845,1605.5094149220502,-0.0024064499540399,99.053316113328,99.0250065189404,0.294622460839129,-0.0017497515182184342,0.002099584361601434,-1
2025-10-09 05:20:00,98.8393871138845,99.05196276691464,98.79904062287112,98.9686906266115,1691.5460400908007,0.0013082184795218,99.03639101598472,99.01988689236504,0.277686107004455,0.0008491077229622057,0.0020996699034848357,1
2025-10-09 05:25:00,98.9686906266115,99.03061615874265,98.94610424633338,99.01209946122977,3740.9152396963727,0.0004386117906927,99.03153270503374,99.01917894408,0.2680675646862198,0.0015767552276655383,0.0020837008639650254,1
2025-10-09 05:30:00,99.01209946122977,99.26014359945783,98.94709740611388,99.17578512716216,5562.004910888832,0.0016531885175961,99.06038318945944,99.03341586981476,0.2541814452687013,-0.0028489626474909047,0.00196005712834459,-1
2025-10-09 05:35:00,99.17578512716216,99.24015919685507,98.91668902096836,98.9246642634633,1116.3794743598385,-0.0025320784037844,99.0332394042602,99.02352936014644,0.2649763636308486,0.0009070618450823797,0.001981478284840235,1
2025-10-09 05:40:00,98.9246642634633,99.01593170009106,98.85112993259644,98.89800517407296,2870.600919651602,-0.0002694888033113,99.00619255822276,99.01211807050338,0.2538096316335471,0.0007105767632826776,0.0019338183275491843,0
2025-10-09 05:45:00,98.89800517407296,98.98819191536067,98.81794593522014,98.90443422319572,6763.345022822277,6.500686349975027e-05,98.98584089121736,99.00232862983904,0.2313602539738468,-0.0022558574309149426,0.0019302287709917357,-1
2025-10-09 05:50:00,98.90443422319572,99.0146136838226,98.85235513438982,98.91910423257318,2592.3958975126347,0.0001483250927289,98.97249355948853,98.99476277554214,0.2335060654020486,-0.00120529174350692,0.0019198190536947946,-1
2025-10-09 05:55:00,98.91910423257318,99.15942358827635,98.87692446395904,99.08038489623348,2338.944501034549,0.0016304298842122,98.99407182683753,99.0025466046959,0.2447714059998509,-0.0036476610909534912,0.0018867860322739757,-1
2025-10-09 06:00:00,99.08038489623348,99.12058475757532,98.78679085174376,98.8720971148843,2971.247863088853,-0.0021022100546673,98.96967688444688,98.99068756016756,0.252393568505462,0.0009625805374928742,0.0018875440153772918,1
2025-10-09 06:05:00,98.8720971148843,98.92199824468554,98.55665004211156,98.592836208729,4592.30665030443,-0.0028244662984219,98.89430874930332,98.95451925549132,0.2608348289984101,0.006614068218238511,0.0019057708942097373,1
2025-10-09 06:10:00,98.592836208729,98.61593986561992,98.45034614003278,98.50969931983852,2411.7294667102065,-0.0008432345805985,98.81738686341036,98.91408107952287,0.2562951668510718,0.011478771910787833,0.001891645228788265,1
2025-10-09 06:15:00,98.50969931983852,98.59120484148472,98.15871902638315,98.21493338365477,2029.790953676922,-0.0029922529275693,98.69689616745924,98.85052219808033,0.2600862177459169,0.013891014751307162,0.0019496833087075736,1
2025-10-09 06:20:00,98.21493338365477,98.2439336198958,98.12852640887706,98.17637944517055,2684.628703131825,-0.0003925466032095,98.59279282300152,98.78923649327034,0.2523178925729752,0.016711696578682433,0.0019364117808175934,1
2025-10-09 06:25:00,98.17637944517055,98.3979695712865,98.16140394839938,98.37527867009676,3326.8206706598708,0.002025937664948,98.54928999242055,98.75160396389091,0.2430678807192013,0.014147120191220885,0.0019650841307157193,1
2025-10-09 06:30:00,98.37527867009676,98.42660085283796,98.05090642448346,98.071443015704,3344.3463653702793,-0.0030885366577886,98.45372059707726,98.68977115041938,0.2518373295985583,0.013321160864097958,0.00202928058393568,1
2025-10-09 06:35:00,98.071443015704,98.44251109413284,98.0671217371879,98.37067579506348,4947.557567368232,0.0030511713721961,98.43711163667452,98.66076248175064,0.2726142899225365,0.01290100077971501,0.002098298867124062,1
2025-10-09 06:40:00,98.37067579506348,98.56844809630891,98.34253930150784,98.521301953826,10341.611767595168,0.0015312099621673,98.4539497001048,98.64808425193932,0.2663901900266176,0.008346813599202196,0.0021152438886419935,1
2025-10-09 06:45:00,98.521301953826,98.58489493131673,98.38852937358074,98.42597437373485,1953.144104836423,-0.0009675834383091,98.44835463483082,98.62789244482984,0.2573112887301353,0.008190615125647005,0.0020661544889686353,1
2025-10-09 06:50:00,98.42597437373485,98.54110516967737,98.35033801914471,98.5404477827061,1311.163619420062,0.0011630406475489,98.46677326440587,98.6199429300913,0.2591659589471352,0.005490481106803058,0.0019578228111704773,1
2025-10-09 06:55:00,98.5404477827061,98.71815441788372,98.45058306940489,98.6664427462222,2155.7399020888834,0.0012786116396987,98.50670716076915,98.6241701861032,0.2661177709712977,0.006617181067442024,0.001972308784356206,1
2025-10-09 07:00:00,98.6664427462222,99.08909462393709,98.61032141024492,99.052725706154,2540.754834392858,0.0039150388843482,98.61591086984612,98.66312977883508,0.2887259612755407,0.004724501912000134,0.0019939602360408647,1
2025-10-09 07:05:00,99.052725706154,99.23501381618745,99.04143514562335,99.1682173066574,2867.2910433002344,0.0011659608524658,98.7263721572084,98.70904682681892,0.2823745002931649,0.003955973730322304,0.001997754714270294,1
2025-10-09 07:10:00,99.1682173066574,99.1935953612695,98.86649172679516,98.89323701979929,1929.882109367731,-0.0027728670972053,98.75974512972655,98.72579138981716,0.2818966237676485,0.013193270438830673,0.0020400827680642397,1
2025-10-09 07:15:00,98.89323701979929,99.10973021000746,98.88697317051756,99.01439505195428,5241.4207026523645,0.0012251397143643,98.81067511417211,98.75202808637506,0.2717115406902154,0.01162932011843587,0.0019464736442858545,1
2025-10-09 07:20:00,99.01439505195428,99.02181717408264,98.9376081536268,98.96827979848467,5481.5740176695235,-0.00046574291996,98.84219605103463,98.77168733293048,0.2658983474665512,0.011010763956368352,0.0019472466379708145,1
2025-10-09 07:25:00,98.96827979848467,99.0637223263454,98.59437761289335,98.68131992030288,3509.184449195914,-0.0028995136498898,98.81002082488828,98.7634721136007,0.2685311259201585,0.012300659362923128,0.0020115100630383386,1
2025-10-09 07:30:00,98.68131992030288,98.80475631078008,98.65807152960024,98.79987785296656,9446.810769000112,0.0012014222424208,98.80799223050394,98.76678172627032,0.2707652380745214,0.011340951177729375,0.0019936047711784396,1
2025-10-09 07:35:00,98.79987785296656,98.84216947122717,98.6480826166479,98.7189732313708,8371.663383788633,-0.0008188737005947,98.79018843067732,98.76243549946128,0.2677310403382468,0.011165526788088354,0.0019514527518673548,1
2025-10-09 07:40:00,98.7189732313708,99.04108416906254,98.69866512190114,98.96726947126818,4864.569444676163,0.0025151825608582,98.8256046387955,98.78105676962554,0.265354227395882,0.01066088848047042,0.001994010817739294,1
2025-10-09 07:45:00,98.96726947126818,99.3201648410264,98.91037585835588,99.24493595324314,1984.0826394972785,0.0028056395155529,98.90947090168504,98.82322760449986,0.267811343519137,0.005131353527074056,0.0019870480123437887,1
2025-10-09 07:50:00,99.24493595324314,99.68599449430197,99.16717003764504,99.64046968933124,921.6053194321976,0.0039854299092343,99.05567065921429,98.89752233948454,0.2887338907945533,0.003075478365488493,0.0020999468413149067,1
2025-10-09 07:55:00,99.64046968933124,99.6421047312544,99.51505419956104,99.57923847208576,7747.841969109723,-0.0006145215637423,99.16038422178858,98.95949653335737,0.283782817505794,0.004519242735239626,0.0020521227654146986,1
2025-10-09 08:00:00,99.57923847208576,99.81961631033074,99.54623102585396,99.81707330965185,3309.8909360305743,0.0023883978348835,99.29172203936125,99.03745805847504,0.2896841127875191,0.001987384514110735,0.002079051109986486,1
2025-10-09 08:05:00,99.81707330965185,99.90870223410911,99.69213183285908,99.76700556128746,9923.10218642172,-0.0005015950348399,99.38677874374648,99.1037805587307,0.286041187985464,0.005562596306906364,0.002083214310809767,1
2025-10-09 08:10:00,99.76700556128746,99.83425298455444,99.34456520525404,99.37786848429042,2121.0194707297123,-0.0039004586216431,99.38499669185528,99.1286976428725,0.2868207998146254,0.007239726653426315,0.0021902275984628586,1
2025-10-09 08:15:00,99.37786848429042,99.66681294768787,99.36483832768964,99.63975596019668,5235.807174612223,0.002635269601779,99.43594854552356,99.17515748990196,0.2945633676313507,0.0005537850828285507,0.0021829794128420624,0
2025-10-09 08:20:00,99.63975596019668,99.7237513980166,99.24535417996997,99.3436408967853,4581.005677458596,-0.0029718565702795,99.41748701577592,99.190474163255,0.305370052172227,0.005168060592331658,0.0022539398675418625,1
2025-10-09 08:25:00,99.3436408967853,99.41846674100756,99.1838141116308,99.2321436481969,1752.9034714025338,-0.0011223390604764,99.38041834226011,99.19426229824973,0.3062197371641448,0.007270348208414434,0.0022650105689270973,1
2025-10-09 08:30:00,99.2321436481969,99.28819852262389,99.08001559906646,99.08148224951296,4139.920207676698,-0.0015182721358721,99.3206311237107,99.18400956654637,0.3150750159571162,0.005363034008495804,0.002283091226575153,1
2025-10-09 08:35:00,99.08148224951296,99.37336010573152,99.00007418658232,99.31933646315436,5332.834513107431,0.0024005920000511,99.32037219159945,99.19631201169254,0.3082136735069117,1.2492758473703347e-05,0.002304209579125668,0
2025-10-09 08:40:00,99.31933646315436,99.60745417982012,99.2571163459479,99.52070049814157,5468.0086747726555,0.0020274403973883,99.36043785290786,99.225801874097,0.3227603201277956,-0.004885254617738144,0.0022937934852161296,-1
2025-10-09 08:45:00,99.52070049814157,99.65307972753725,99.48270113098307,99.56052416920544,4995.706829231258,0.0004001546498824,99.4004551161674,99.25623117365232,0.321066873126001,-0.005900065599700577,0.0022261594507425302,-1
2025-10-09 08:50:00,99.56052416920544,100.23852882815947,99.55984014701096,100.19796224037287,2247.246813643667,0.0064025182318654,99.55995654100848,99.34184308880872,0.3450861326965113,-0.01055073772094095,0.0024613876241411175,-1
2025-10-09 08:55:00,100.19796224037287,100.2676552164053,100.07546953327922,100.16586514834674,940.4232723727324,-0.000320336774406,99.68113826247614,99.41675418513036,0.3295430398719087,-0.010748571538408025,0.002381942144299224,-1
2025-10-09 09:00:00,100.16586514834674,100.23909519251876,100.00215903254848,100.0579961665136,1707.1662873122673,-0.0010769036105601,99.75650984328364,99.47504891071064,0.3094081615371483,-0.00962798891511285,0.0023943441867137153,-1
2025-10-09 09:05:00,100.0579961665136,100.10202948296916,99.86966140440872,99.89516522212617,3271.845157502453,-0.0016273656341914,99.78424091905217,99.51324130265752,0.3169308434562268,-0.004255464363707495,0.002411013041033259,-1
2025-10-09 09:10:00,99.89516522212617,99.9216686114694,99.87731342889693,99.92036244406268,5188.4287368264895,0.0002522366510981,99.81146522405426,99.55025231551254,0.3005715504630635,-0.004140844364593388,0.002322106122243598,-1
2025-10-09 09:15:00,99.92036244406268,100.01887171270646,99.79989014308332,99.82122257147824,3551.4256304415994,-0.0009921888808195,99.81341669353904,99.57488597514578,0.3007437767754268,0.00026619669224481335,0.002293495633400675,0
2025-10-09 09:20:00,99.82122257147824,100.07715547391815,99.78113730937828,100.02234849431804,5078.6638001414785,0.0020148613457002,99.85520305369484,99.6155643859796,0.2869102328639609,-0.004725916106844363,0.0023023585049455394,-1
2025-10-09 09:25:00,100.02234849431804,100.035146640328,99.71154814077428,99.75419680539105,4020.1813067229623,-0.00268091774452,99.83500180403408,99.62816733319885,0.2884547956893531,-0.0008519194994458523,0.00235628348847283,-1
2025-10-09 09:30:00,99.75419680539105,99.97206334649596,99.6990949830291,99.94691179818788,3684.7710741284063,0.0019318985964349,99.85738380286486,99.65714410274327,0.2737813060765128,-0.003782086861102374,0.002367978090219395,-1
2025-10-09 09:35:00,99.94691179818788,100.10646654333851,99.9080872374065,100.02926122213142,1832.4313243896868,0.0008239316499325,99.89175928671818,99.69097293177856,0.2711903544018891,-0.005216536071665612,0.0023641801011564704,-1
2025-10-09 09:40:00,100.02926122213142,100.0886866542908,99.92644362805366,100.0154482153913,5837.813285129129,-0.0001380896606788,99.9164970724528,99.72047068483428,0.2679089331647262,-0.007214108771331107,0.002278550977300739,-1
2025-10-09 09:45:00,100.0154482153913,100.33740100189893,100.00178798430996,100.32196913797378,3498.2471136189492,0.0030647357788404,99.997591485557,99.7751523623924,0.2652180116247088,-0.010607865989791576,0.0023259305215924423,-1
2025-10-09 09:50:00,100.32196913797378,100.36906366356108,100.0626844514986,100.09733708751683,2446.7736085907304,-0.0022391112573557,100.01754060594898,99.80444188285826,0.2620781100668716,-0.010419034143281158,0.0023045237386209796,-1
2025-10-09 09:55:00,100.09733708751683,100.1419266747744,99.59978086336396,99.69493497070413,2606.026976868781,-0.004020108111976,99.95301947890002,99.79448670902606,0.2886329111280363,-0.004889256974119016,0.0024258780531871654,-1
2025-10-09 10:00:00,99.69493497070413,99.90649587448836,99.64032698842864,99.85705485240273,3005.7657464052654,0.0016261596614333,99.93382655360055,99.8001747220603,0.2591672114788354,-0.002575795072449427,0.002435056999096051,-1
2025-10-09 10:05:00,99.85705485240273,100.0249775515311,99.77335879287908,99.95359588598669,2573.932056279832,0.0009667923185463,99.9377804200778,99.81412210059906,0.26341243115926,-0.00341552996827188,0.0023670594297206947,-1
2025-10-09 10:10:00,99.95359588598669,100.03932413264188,99.54025645752364,99.61285960842928,3354.197217442142,-0.0034089446661436,99.8727962577481,99.7958255104018,0.2821361108126855,0.0013735536331453968,0.002455555676589065,1
2025-10-09 10:15:00,99.61285960842928,99.62457515460936,99.26538540286693,99.32057723563656,2621.973567015319,-0.0029341831360092,99.7623524533258,99.7526211217868,0.2911948017542564,0.0003649508143774849,0.00251330216684299,0
2025-10-09 10:20:00,99.32057723563656,99.34374537242384,98.94661768127447,99.03451653647248,2629.445261493035,-0.0028801755600496,99.61678526995514,99.6873388867582,0.3163928380811742,0.001004296382939529,0.002533382637468266,1
2025-10-09 10:25:00,99.03451653647248,99.12914961373488,98.93289886761627,98.97311054546655,2930.1574281435833,-0.0006200463550836,99.48805032505744,99.62240903754989,0.3147692078308495,0.001280595995917011,0.002483959459452674,1
2025-10-09 10:30:00,98.97311054546655,99.20351691433464,98.89300008911516,99.14079982060196,3670.4757732738617,0.0016942912495245,99.41860022416634,99.57862638146368,0.3158048264508203,-0.003349158119653861,0.0023943184293797053,-1
2025-10-09 10:35:00,99.14079982060196,99.19321827924182,99.07736167210598,99.0892251810932,4585.57059668623,-0.0005202160926893,99.35272521555171,99.5341353632482,0.3009661198495428,-0.004998428096766538,0.0023937916940241746,-1
2025-10-09 10:40:00,99.0892251810932,99.17630594180326,99.05452916872504,99.094638888554,3827.1568200332345,5.4634673456233074e-05,99.30110795015216,99.494181138276,0.2901667205360679,-0.005358909646030474,0.00234905070882373,-1
2025-10-09 10:45:00,99.094638888554,99.5034265598043,99.00818493458176,99.47006490641674,1861.885717558462,0.0037885603305438,99.33489934140508,99.49198875356151,0.3113711719139626,-0.010074220653014332,0.0024528469292388645,-1
2025-10-09 10:50:00,99.47006490641674,99.57182666940189,99.40441640277317,99.50660777432805,3891.222821483831,0.0003673755309767,99.36924102798967,99.49331775544938,0.3117402605133615,-0.00961172256613696,0.002352984245775511,-1
2025-10-09 10:55:00,99.50660777432805,99.86267796156268,99.43494398133448,99.8477946507426,2478.0012889892573,0.0034287861283379,99.46495175254029,99.52554292774876,0.3183203292733075,-0.013477752191770387,0.0023851446934981353,-1
2025-10-09 11:00:00,99.8477946507426,99.93340616553448,99.490233121471,99.54965126652434,4785.17403538212,-0.0029859786614331,99.4818916553371,99.52773459491016,0.3280913172733792,-0.009545432893873218,0.0023857265147572784,-1
2025-10-09 11:05:00,99.54965126652434,99.72597951777443,99.49835028146067,99.66921425998098,2926.9075335242146,0.0012010387975798,99.51935617626587,99.54059638264388,0.3056258476236156,-0.010401579702166375,0.002383701069122026,-1
2025-10-09 11:10:00,99.66921425998098,99.69998542065623,99.50236425705364,99.5689038962682,1562.403736458988,-0.0010064327732243,99.52926572026637,99.54316979297336,0.3007295817338219,-0.01146965270367828,0.0023739113482003707,-1
2025-10-09 11:15:00,99.5689038962682,99.64753307047133,99.4439962649198,99.50745497274411,3303.322858469938,-0.0006171497437403,99.52490357076192,99.53992299113432,0.2972951565123561,-0.010169390153553448,0.002341592070519518,-1
2025-10-09 11:20:00,99.50745497274411,99.6023353531822,99.22475795970496,99.29392589315204,3100.350535242875,-0.0021458601232495,99.47870803523996,99.51755961859048,0.2886172792522866,-0.010644820028201996,0.0023447974448563775,-1
2025-10-09 11:25:00,99.29392589315204,99.34405258605474,99.16343292326133,99.25776713352614,4278.043847697468,-0.0003641588274474,99.4345198548972,99.49394211994829,0.2758622728987865,-0.01016096309380854,0.002343760801990738,-1
2025-10-09 11:30:00,99.25776713352614,99.34698697632749,98.9656620634184,99.05441951475048,2224.3191371650346,-0.0020486821802278,99.35849978686784,99.45398551947576,0.2747335030244824,-0.010464915842876565,0.0020454425914856176,-1
2025-10-09 11:35:00,99.05441951475048,99.2372110617995,99.02548179881548,99.20750081461426,1562.822423420018,0.0015454262476493,99.32829999241714,99.4315778190338,0.275839111372013,-0.009856031870974835,0.002072917089484691,-1
2025-10-09 11:40:00,99.20750081461426,99.69722084447784,99.14949821616383,99.5998435425646,2214.3945607017968,0.0039547687899474,99.38260870244665,99.44687470299114,0.292782383021619,-0.012707021956510522,0.002198957175978726,-1
2025-10-09 11:45:00,99.5998435425646,99.66941471825947,99.58999717901912,99.61220138380156,2077.641797518543,0.0001240749061184,99.42852723871763,99.46190440124664,0.2901795924576567,-0.012749589453194154,0.002182504811557699,-1
2025-10-09 11:50:00,99.61220138380156,99.82233877078848,99.60019642910255,99.74968321365245,1469.561801215039,0.0013801705809226,99.4927584337046,99.48806611146532,0.297348561643922,-0.016868848943067394,0.0021972078461484634,-1
2025-10-09 11:55:00,99.74968321365245,99.83553195876478,99.3263800418283,99.35682436118316,5435.002437872694,-0.0039384471189527,99.46557161920032,99.47613504325786,0.2983421539092025,-0.009588346256120261,0.0022973619708863413,-1
2025-10-09 12:00:00,99.35682436118316,99.3839926584686,99.06685810664638,99.13397654321624,2012.0905270760063,-0.0022429039917462,99.39925260400352,99.44502972507225,0.3090367457087361,-0.007828736090641608,0.0022916356812220573,-1
2025-10-09 12:05:00,99.13397654321624,99.14638441340423,99.09693792938928,99.09985511453452,2567.418401721372,-0.0003441950970952,99.33937310610972,99.41365021502337,0.2820162102649348,-0.007742816348581982,0.002249378351588234,-1
2025-10-09 12:10:00,99.09985511453452,99.19501276422923,98.79224439288126,98.8087616058938,3666.247631763577,-0.0029373757237514,99.23325080606654,99.35866034146612,0.2791301622138269,-0.004112152511911549,0.0022649292573682666,-1
2025-10-09 12:15:00,98.8087616058938,98.81039355989776,98.57948398534828,98.5939348138612,2239.883071486309,-0.0021741674375947,99.10538760762547,99.2891398389566,0.2793644720878053,-0.0038787210121341564,0.002276553122229913,-1
2025-10-09 12:20:00,98.5939348138612,98.69227109688518,98.54914293658436,98.56359967234422,5661.812066562927,-0.0003076775622583,98.99703002056924,99.22318164199184,0.2754721147091042,-0.005938960707778551,0.0022760032225998773,-1
2025-10-09 12:25:00,98.56359967234422,98.65513621096154,98.45857959248444,98.46798152417983,6441.868921632197,-0.0009701162344135,98.89122032129136,99.1545270858271,0.2749735299180744,-0.00349769796675381,0.00218469205371401,-1
2025-10-09 12:30:00,98.46798152417983,98.64271344194232,98.41604336070831,98.5501778669038,4477.785615088292,0.0008347519818283,98.82301183041383,99.09958624774316,0.2641944361864127,-0.0034782904991882413,0.0021769727775587324,-1
2025-10-09 12:35:00,98.5501778669038,98.59150828298245,98.40785097880604,98.50207081754512,2977.552691705111,-0.000488147767969,98.7588236278401,99.0452666631797,0.2644114105709109,-0.002813546176756887,0.002079270125859772,-1
2025-10-09 12:40:00,98.50207081754512,98.68252951050204,98.44206019759224,98.59940675075124,2804.486661046584,0.0009881612883693,98.72694025242234,99.00473394386802,0.2543502962852488,-0.005299568517622588,0.0020624634149521395,-1
2025-10-09 12:45:00,98.59940675075124,98.66668650260712,98.58106868854688,98.63249698400348,2905.70540989022,0.0003356027621534,98.70805159873858,98.97089422024396,0.2453423356478349,-0.004625362673725819,0.0020520218809025503,-1
2025-10-09 12:50:00,98.63249698400348,98.67639900850295,98.355689561919,98.42688314849208,2618.4537968126474,-0.002084645951372,98.65181790868928,98.92143866826652,0.2291271083814042,-0.006039382761485634,0.0020024201028388824,-1
2025-10-09 12:55:00,98.42688314849208,98.51775639803851,98.35361122695542,98.49552483993912,1583.493352786945,0.0006973876369069,98.62055929493926,98.88271922932766,0.235179082084456,-0.007029119152064722,0.0019548861131421786,-1
2025-10-09 13:00:00,98.49552483993912,98.56089040218264,98.1867952158778,98.2369599221258,1372.3634935236562,-0.0026251438147416,98.54383942037656,98.82401383776386,0.246032856700094,-0.002303809789144684,0.0019443458790412175,-1
2025-10-09 13:05:00,98.2369599221258,98.29392801583464,98.14142314901478,98.24921262490854,2346.1963278465073,0.0001247259971444,98.48491406128296,98.77175918204972,0.2205580674060497,-0.0008756338185894608,0.001944241157629557,-1
2025-10-09 13:10:00,98.24921262490854,98.2816716674913,97.9946924123276,98.01782335066362,4075.0317538829536,-0.0023551259909665,98.3914959191591,98.70321956101463,0.2184041176447278,-0.0023120151521766052,0.0019468997179337077,-1
2025-10-09 13:15:00,98.01782335066362,98.2556394922243,98.01673967241676,98.22970852474566,5609.663311490134,0.002161700462619,98.3591384402764,98.660173103172,0.2319364987727691,-0.006222648152218069,0.001996608574668278,-1
2025-10-09 13:20:00,98.22970852474566,98.34392181715126,98.2184088378056,98.33422614380422,1061.435182934431,0.0010640123098015,98.35415598098196,98.63054156141128,0.212132542201175,-0.006947534269014732,0.0020098367179314297,-1
2025-10-09 13:25:00,98.33422614380422,98.38363668390956,98.31134197223967,98.3421867116292,1526.32970831902,8.095419201614718e-05,98.35176212711144,98.60432748415838,0.2008029091383483,-0.010650257390791396,0.0018723474935076912,-1
2025-10-09 13:30:00,98.3421867116292,98.39798885383358,98.03854634303578,98.06702087540252,2471.0178636515957,-0.0027980447194402,98.29481387676964,98.55548142881692,0.2162539341738484,-0.005629415314322372,0.0019160803161711961,-1
2025-10-09 13:35:00,98.06702087540252,98.42880215296418,97.97739475930273,98.4041567262996,2689.4371915706106,0.0034378106715957,98.31668244667564,98.541724637679,0.2344575609727316,-0.00957155945541821,0.0019166707368987693,-1
2025-10-09 13:40:00,98.4041567262996,98.45920572140794,98.35164677350352,98.35788280324354,1795.795241457565,-0.0004702435811198,98.32492251798922,98.5250117436394,0.2259496228777615,-0.00841721815936558,0.0018601957167770399,-1
2025-10-09 13:45:00,98.35788280324354,98.38057840386124,98.3103224824982,98.3325431362116,2802.900066103887,-0.0002576272110555,98.32644664163372,98.5075145975096,0.2178495241053783,-0.01075583608498032,0.0018380798070961658,-1
2025-10-09 13:50:00,98.3325431362116,98.47851097568984,98.26444754354335,98.40244490865726,3047.0364698034177,0.0007108711949899,98.34164629503844,98.49796280761394,0.2159633897651401,-0.012542312771508746,0.001845466745132071,-1
2025-10-09 13:55:00,98.40244490865726,98.42820244408512,98.20786502258444,98.21151644722968,4344.653411660456,-0.0019402816830903,98.31562032547669,98.4719222293972,0.2255862188680311,-0.009418128771379486,0.0018659713419354287,-1
2025-10-09 14:00:00,98.21151644722968,98.26462898509168,97.9757955075415,97.97823432667296,1357.4531920244046,-0.0023753031110367,98.24814312571594,98.42704151096773,0.223309363937048,-0.008606409076587274,0.0018732914827842126,-1
2025-10-09 14:05:00,97.97823432667296,98.196045469771,97.90944718089575,98.12357026541235,3066.4836474383906,0.0014833492330026,98.22322855365525,98.39945321591722,0.2320560152079157,-0.011722959335247585,0.0019031429520213069,-1
2025-10-09 14:10:00,98.12357026541235,98.2718692966278,98.10359483811744,98.20739171953603,2614.801072176829,0.0008542438264012,98.2200611868314,98.38199307988256,0.2173545346511655,-0.014507782117483048,0.0018890551118546782,-1
2025-10-09 14:15:00,98.20739171953603,98.24988724144956,98.10989868160118,98.22493069279378,3163.062633729165,0.0001785911727278,98.22103508802388,98.36771468105631,0.2164605127246324,-0.013962245015614272,0.0018620207478921222,-1
2025-10-09 14:20:00,98.22493069279378,98.3221653726058,97.98270998062128,98.0768724388787,3395.5666534357806,-0.0015073388484044,98.19220255819484,98.341274477222,0.2202088082118355,-0.012889043176994575,0.001702002739442064,-1
2025-10-09 14:25:00,98.0768724388787,98.19621068906208,98.02211119771422,98.1762859140373,2422.3928591298904,0.0010136281131982,98.18901922936334,98.32627551693248,0.2155802133218571,-0.014283387459301244,0.0017193633878336257,-1
2025-10-09 14:30:00,98.1762859140373,98.26026398765748,97.74986481833297,97.83244552713832,2188.1974611845567,-0.0035022753580232,98.11770448891832,98.28138188149664,0.2430720840346337,-0.012164363141331846,0.0017674733768508286,-1
2025-10-09 14:35:00,97.83244552713832,97.87043544690664,97.76261479839016,97.80318805989404,8437.86141387782,-0.0002990568935145,98.05480120311348,98.2379097158964,0.2456096509522477,-0.012325855298679578,0.0016598592608357554,-1
2025-10-09 14:40:00,97.80318805989404,98.03549152137006,97.76007870109436,98.0106406522014,2507.350100884056,0.0021211230065456,98.04596909293107,98.21724889192411,0.2396075302006681,-0.015189633857864648,0.0016902805616554712,-1
2025-10-09 14:45:00,98.0106406522014,98.21119204464618,97.91817416453026,98.16318229168438,1982.9063738341763,0.0015563783530838,98.06941173268174,98.21233374644775,0.2282939935188445,-0.016370687618178725,0.0017237212580769779,-1
2025-10-09 14:50:00,98.16318229168438,98.2259474952474,97.7136956491116,97.79120465789352,1897.5146247554992,-0.0037893803471606,98.01377031772412,98.17404928385191,0.2572006291068029,-0.014019153114373073,0.001771759012001962,-1
2025-10-09 14:55:00,97.79120465789352,97.85286163695524,97.5861417750384,97.61845961050123,1998.3094019527675,-0.0017664681399169,97.93470817627954,98.12354113172914,0.2712337677177875,-0.013974867019539206,0.001759432921392619,-1
2025-10-09 15:00:00,97.61845961050123,97.70932328855449,97.6043289209198,97.6510457378531,1399.1044915589814,0.00033381112017,97.87797568859426,98.08058700501311,0.2634431202526578,-0.014329550653844225,0.0017631011813154455,-1
2025-10-09 15:05:00,97.6510457378531,97.71419794136494,97.215227582173,97.29481711077707,4515.00008362724,-0.0036479755478741,97.76134397303083,98.0091533782644,0.2833454729448905,-0.010595286148706196,0.0018574898018501695,-1
2025-10-09 15:10:00,97.29481711077707,97.61223621192254,97.27170403714216,97.51496088625656,3374.161741296569,0.0022626464802215,97.71206735567598,97.96422678808187,0.2870382370327604,-0.011677604362095528,0.0019040028488311125,-1
2025-10-09 15:15:00,97.51496088625656,97.6057822569188,97.4516711493593,97.46227548953354,3044.168466389536,-0.0005402801400339,97.6621089824475,97.9185948518502,0.2775748669387791,-0.009477456032775389,0.001904166426462801,-1
2025-10-09 15:20:00,97.46227548953354,97.59486341620692,97.36625218928263,97.52998304599532,1574.8953380492835,0.0006947052705439,97.63568379515708,97.8832665058634,0.2818846361112029,-0.00966606202393594,0.001898311900654622,-1
2025-10-09 15:25:00,97.52998304599532,97.59216921747834,97.19535705684588,97.27489442041924,2293.278922174619,-0.0026154892845187,97.56352592020951,97.8279599526412,0.30022917902435,-0.00585551745563162,0.0019357957015772944,-1
2025-10-09 15:30:00,97.27489442041924,97.36203026596031,97.10861287403064,97.16825066713172,2993.3820470482715,-0.0010963132257598,97.48447086959396,97.76798638123124,0.2940836075918592,-0.00772093997664125,0.001916351061220381,-1
2025-10-09 15:35:00,97.16825066713172,97.30742391085636,97.15318932009173,97.28654773849722,3840.670542670374,0.0012174457248461,97.44488624337464,97.72421923189178,0.2926646861216306,-0.009664519315396136,0.0019281296349962858,-1
2025-10-09 15:40:00,97.28654773849722,97.30586431359136,97.07655998832682,97.13499356145589,3240.6122833197364,-0.0015578122624797,97.38290770699088,97.67065326185217,0.2725864829744893,-0.012638343587683454,0.0018970934229680702,-1
2025-10-09 15:45:00,97.13499356145589,97.193205182114,96.97239202578756,96.97327164136162,1103.5733576215523,-0.0016649192444938,97.30098049386504,97.60725493271664,0.2806573763894846,-0.007761336853094658,0.0019089673932396957,-1
2025-10-09 15:50:00,96.97327164136162,97.0223583038146,96.70787315987512,96.7826202781427,4981.929306927093,-0.0019660197082347,97.19730845072056,97.5322881459372,0.2834482566511838,-0.00394890779933732,0.001897359730033373,-1
2025-10-09 15:55:00,96.7826202781427,96.92610012216016,96.74464166834548,96.85349014381926,2505.7535076149834,0.0007322581830588,97.12854478934032,97.47057923665372,0.2754797262010961,-0.00518011495869708,0.0018515102961743138,-1
2025-10-09 16:00:00,96.85349014381926,96.89804478891006,96.7449838941888,96.8127553953494,1556.9094534595954,-0.0004205811108032,97.06538691054212,97.41077706926242,0.2498232296714846,-0.004133580201481024,0.0018311177214649947,-1
2025-10-09 16:05:00,96.8127553953494,96.9005693525351,96.71342720763288,96.77399598301196,3680.9124101503303,-0.0004003543973017,97.0071087250361,97.35288787960329,0.2441391070275845,-0.0023006859478453823,0.001828288884228314,-1
2025-10-09 16:10:00,96.77399598301196,96.81879275746957,96.63521147499463,96.64237613274165,3227.747126845099,-0.0013600745627311,96.9341622065772,97.28829590261586,0.249752458087604,-0.001758317613906879,0.0017872094636134028,-1
2025-10-09 16:15:00,96.64237613274165,96.70704455502695,96.5416068869815,96.59768011611824,2514.5079157672953,-0.0004624888005859,96.86686578848544,97.22551264929788,0.2259286944342834,0.0006071915038059483,0.001640055473964828,0
2025-10-09 16:20:00,96.59768011611824,96.69270884755429,96.454424848213,96.52189490651972,1593.0070802918651,-0.0007845448204077,96.7978716120923,97.16154739995442,0.2186252533314925,0.002511603260702655,0.0016403332968745064,1
2025-10-09 16:25:00,96.52189490651972,96.63155911986136,96.43412251739878,96.55618349878088,1568.1020873668242,0.0003552415987519,96.74953398943002,97.10651431802955,0.2217199315388559,0.00017190735430960835,0.0016478679272443851,0
2025-10-09 16:30:00,96.55618349878088,96.58651462492055,96.35179563834598,96.42025478655552,6450.208964776194,-0.0014077680713951,96.68367814885512,97.04412708789556,0.2221562000853063,0.0017472059214140856,0.0016373471517302706,1
2025-10-09 16:35:00,96.42025478655552,96.50034533715622,96.20517234850094,96.25425461879222,5589.227146928697,-0.0017216317062299,96.59779344284254,96.97232049979525,0.2148962592297942,0.0055173620421355984,0.001632169892056651,1
2025-10-09 16:40:00,96.25425461879222,96.28060994142152,96.17275011356708,96.25175013155167,3429.1925569939713,-2.6019496493390193e-05,96.52858478058438,96.9068141026822,0.2044992903672776,0.008270864443423953,0.0016036069728605012,1
2025-10-09 16:45:00,96.25175013155167,96.26851718299712,96.1964417790169,96.26395068270236,4719.025262686977,0.0001267566681539,96.47565796100798,96.84837197359312,0.198630777025532,0.011216486888267152,0.0015654834020226447,1
2025-10-09 16:50:00,96.26395068270236,96.42266705791376,96.19379958085452,96.37621975364164,8179.661422014444,0.0011662628652062,96.45577031953472,96.80544904450662,0.1985995735822955,0.013642478309116246,0.0015757492627439913,1
2025-10-09 16:55:00,96.37621975364164,96.59455847997752,96.30765237375309,96.53858105872725,3352.947087337245,0.0016846614808156,96.47233246737323,96.78118831852667,0.2033204985750113,0.012748107703889788,0.0016211845639669323,1
2025-10-09 17:00:00,96.53858105872725,96.63172921364524,96.46972614441616,96.58725218067931,1308.4466166796649,0.000504162392054,96.49531641003446,96.76355776054056,0.1924289218099833,0.012244851085787767,0.0016214538305648187,1
2025-10-09 17:05:00,96.58725218067931,96.73657192026938,96.5657609046788,96.70529957814576,1361.6863418882135,0.0012221840336199,96.53731304365672,96.75826156214102,0.1916683905082601,0.01127263277595647,0.001628043907864925,1
2025-10-09 17:10:00,96.70529957814576,96.77581248941856,96.38893135203172,96.41802043609556,1820.005959700552,-0.0029706659645686,96.5134545221445,96.72733055068234,0.2083698364129448,0.0155990885601065,0.0015985531102800622,1
2025-10-09 17:15:00,96.41802043609556,96.47392114861168,96.33153070657636,96.3463200187503,4207.541165248614,-0.0007436412510956,96.48002762146568,96.6926932295976,0.205173286208165,0.019675057179829425,0.0015990971036343702,1
2025-10-09 17:20:00,96.3463200187503,96.38662694606138,95.88016593399684,95.90736813843878,1812.9640951825415,-0.004555979722174,96.3654957248603,96.62130003949224,0.2282361240359947,0.025929276969056003,0.0016837929086340002,1
2025-10-09 17:25:00,95.90736813843878,96.28627459080424,95.8807879134855,96.22062941440636,5088.994030040979,0.0032662899842625,96.33652246276952,96.58487543721172,0.2453824818412288,0.021557441666607335,0.0017812440486781047,1
2025-10-09 17:30:00,96.22062941440636,96.40917474831453,96.17424855028264,96.40043463408604,703.7897681836553,0.0018686764031161,96.34930489703282,96.56810809147302,0.2451426388905559,0.020492368953053397,0.0017370570394968363,1
2025-10-09 17:35:00,96.40043463408604,96.44424066377034,96.30548858687987,96.35177793072324,3098.6140380907054,-0.0005047353110749,96.34979950377092,96.54844171322304,0.240950887063976,0.018945232960463132,0.001720358162340522,1
2025-10-09 17:40:00,96.35177793072324,96.49472646610688,96.26032160398312,96.41257210639635,2787.645586424472,0.0006309606006111,96.362354024296,96.53608993078426,0.2409284496032029,0.0194773486874511,0.0017252786675911967,1
2025-10-09 17:45:00,96.41257210639635,96.6001140643905,96.36051590279354,96.551349410337,3138.9737031971877,0.0014394108663287,96.40015310150422,96.53747715619814,0.236958819099037,0.018119084118282114,0.0016487772410056175,1
2025-10-09 17:50:00,96.551349410337,96.64217651058892,96.40643860588388,96.47244814053764,1558.5261745990626,-0.0008171948945431,96.41461210931092,96.53156542750172,0.2460929674455079,0.02164667776468643,0.001586800684470985,1
2025-10-09 17:55:00,96.47244814053764,96.67620081193104,96.41661751496314,96.6563334067721,3844.844433283528,0.0019060910112551,96.46295636880316,96.54290797107176,0.2594863883731995,0.021355947852984336,0.0016347777134792215,1
2025-10-09 18:00:00,96.6563334067721,96.79699065451678,96.63323586350988,96.76431961249612,3203.7652442609706,0.0011172181058176,96.52322901754177,96.56303630211032,0.2548354822266044,0.02277575718081981,0.0016443998569568568,1
2025-10-09 18:05:00,96.76431961249612,96.78183882766083,96.51553299118466,96.5727822168284,1491.7151723869777,-0.0019794217169587,96.53313965739908,96.56392229435744,0.2533640343874432,0.027672342046934695,0.0016184608232872664,1
2025-10-09 18:10:00,96.5727822168284,96.66783859017234,96.54069165760016,96.58872082666284,1040.8343918887429,0.0001650424629857,96.54425589125184,96.5661767063852,0.2508743103405219,0.030689330753696176,0.0016119043670141937,1
2025-10-09 18:15:00,96.58872082666284,96.84332875324388,96.54238465133592,96.78532418962,6182.073874214481,0.0020354691652866,96.59246955092549,96.58609920486109,0.2601695307917647,0.025435115375869177,0.0016410962870396482,1
2025-10-09 18:20:00,96.78532418962,97.12326949559414,96.70419388331072,97.04783530933204,7516.877990758727,0.0027123029437574,96.6835427026068,96.62807521435845,0.2624691361415198,0.02134776637143143,0.0016964516022930749,1
2025-10-09 18:25:00,97.04783530933204,97.41403720105488,97.01616677001746,97.3436940233477,1982.9650397898256,0.0030485864323777,96.81557296675498,96.69313146972112,0.2807177067845278,0.019862176091008266,0.0017532948793566924,1
2025-10-09 18:30:00,97.3436940233477,97.72278646846296,97.25148860486536,97.69103024114531,2531.650029197618,0.0035681429730241,96.99066442163306,96.78384953985058,0.2782060533226038,0.016476482032857787,0.0018127627790002314,1
2025-10-09 18:35:00,97.69103024114531,97.78211735587644,97.65536546961866,97.7692652876446,1725.5806355711345,0.0008008416566613,97.14638459483535,96.87343278965002,0.2582964253896784,0.018507184097931173,0.001813338609456335,1
2025-10-09 18:40:00,97.7692652876446,97.81292683039386,97.71186685486369,97.76994870041716,2168.8397733766933,6.990057361822011e-06,97.27109741595174,96.9549342360834,0.2487345523538441,0.018698031396441772,0.0018094613766568345,1
2025-10-09 18:45:00,97.76994870041716,97.89125892648964,97.74839573224882,97.79542290777904,2193.8339762330356,0.0002605525286702,97.3759625143172,97.03134229714664,0.2490282035931546,0.019780718727087976,0.001804868539416774,1
2025-10-09 18:50:00,97.79542290777904,97.92773600338327,97.72673838764588,97.92205367566837,1758.8170943701548,0.0012948537275485,97.48518074658745,97.11231605883044,0.2466419717084136,0.01983990460400986,0.001785603406161549,1
2025-10-09 18:55:00,97.92205367566837,98.26402286472008,97.91867356701182,98.24193937418536,6173.7313756962585,0.0032667380483717,97.63653247210704,97.21500908749906,0.2541956242877928,0.017380756850600587,0.0018472708468309424,1
2025-10-09 19:00:00,98.24193937418536,98.3961464950581,98.20044773850871,98.39417685027358,3697.0341917664086,0.0015496179845184,97.78806134774037,97.3222061568422,0.2513356851338183,0.017764427566130392,0.0018397892191872737,1
2025-10-09 19:05:00,98.39417685027358,98.4340106887828,98.24234454782452,98.29490002013168,1232.6039148402658,-0.0010089705846411,97.88942908221864,97.41063287168669,0.2464844597045592,0.020602637378966726,0.0018613751823572532,1
2025-10-09 19:10:00,98.29490002013168,98.37867089381989,98.28521825617456,98.37590790784245,10418.068156119029,0.0008241311369581,97.9867248473434,97.49838514770084,0.241462877321587,0.01682770659290589,0.0018267741167044282,1
2025-10-09 19:15:00,98.37590790784245,98.42392832340488,98.15401647719187,98.1771848097756,2157.082039144106,-0.0020200382623458,98.02481683982984,97.56009420788943,0.2417204494456452,0.01713252309180291,0.0018398768021673703,1
2025-10-09 19:20:00,98.1771848097756,98.3643679008571,98.14080666857366,98.29043339116666,3341.7421892972725,0.0011535122096899,98.0779401500972,97.62648867909648,0.2486071851393063,0.01580500836835652,0.001838332129154007,1
2025-10-09 19:25:00,98.29043339116666,98.35555981954532,98.2075414181231,98.30077143203654,4002.152054078283,0.0001051785053052,98.12250640648509,97.68778711118192,0.2376839208188954,0.017234586537395513,0.0018385367862647536,1
2025-10-09 19:30:00,98.30077143203654,98.5611818653105,98.27327509345062,98.56075613860628,2535.34583277543,0.0026447880599744,98.21015635290932,97.76714793185688,0.2283147179314996,0.01621575272239939,0.0018700772433121128,1
2025-10-09 19:35:00,98.56075613860628,98.759937889075,98.47529771284148,98.7205210226678,4524.738764827687,0.0016209786767145,98.31222928686104,97.85381821283968,0.2202268425883642,0.014376707627475671,0.0018690317835868679,1
2025-10-09 19:40:00,98.7205210226678,98.9754446947376,98.6490745491057,98.96820025975757,2131.4648567932704,0.0025088931310732,98.44342348144032,97.9551256716504,0.2098748627336704,0.0122155688788248,0.001895651317104384,1
2025-10-09 19:45:00,98.96820025975757,99.32302951312052,98.90515928827924,99.2451772787566,5317.553100373179,0.0027986466185305,98.6037742409036,98.07240309047825,0.230669029775348,0.0050202708084052805,0.0019281745996284465,1
2025-10-09 19:50:00,99.2451772787566,99.63448892747812,99.16397933153648,99.55296402718872,3849.3993843302223,0.0031012766249347,98.79361219816062,98.20699953927009,0.2570582883761665,0.001970444414362893,0.0018406708549483395,1
2025-10-09 19:55:00,99.55296402718872,99.62816754154198,99.213154288541,99.24707007707389,4085.6992166440696,-0.0030726754658083,98.88430377394327,98.30155140634317,0.2764975782876076,0.00330494869648712,0.0019544533532717895,1
2025-10-09 20:00:00,99.24707007707389,99.28499558134536,99.06462459142654,99.11958982436882,1728.25083026427,-0.0012844737139953,98.9313609840284,98.37591853525456,0.2778813907291381,0.0007683295488913888,0.001731071421302944,0
2025-10-09 20:05:00,99.11958982436882,99.3455250851868,99.04705911025394,99.27715161538866,4836.487378746451,0.0015896130250239,99.00051911030044,98.45784881526676,0.2745325819594666,-0.0010190209441193199,0.001686035387330184,-1
2025-10-09 20:10:00,99.27715161538866,99.37287790855147,99.19821949000578,99.30063474568492,3809.6984205239823,0.0002365411367484,99.06054223737736,98.53446571803204,0.2730297006734891,0.0014615029347375685,0.001682940559612853,1
2025-10-09 20:15:00,99.30063474568492,99.60478359684636,99.29783523361498,99.57869907944252,6844.835318314016,0.0028002271533285,99.1641736057904,98.6293960236148,0.2812641451215693,-0.003380744573254546,0.001693550685415897,-1
2025-10-09 20:20:00,99.57869907944252,99.6698582181456,99.53612164573607,99.59805427084606,2881.017577840069,0.0001943708000049,99.25094973880154,98.71745586427218,0.2841415690332992,-0.004725819141513599,0.0016986314678407292,-1
2025-10-09 20:25:00,99.59805427084606,99.76479155449128,99.50154321519608,99.72988666111443,4680.49772443617,0.0013236442341522,99.34673712326412,98.80949502762148,0.2836656042534561,-0.005284820563891901,0.001697827490954042,-1
2025-10-09 20:30:00,99.72988666111443,99.94965653257611,99.71921124721383,99.86481787922236,5666.272951861979,0.0013529667246732,99.45035327445578,98.90543346867612,0.2841573223305157,-0.007729779517601787,0.001665350310411752,-1
2025-10-09 20:35:00,99.86481787922236,100.01673484683288,99.8078434803516,99.94945863497952,1494.5475686268833,0.0008475532980947,99.55017434656054,99.00034484743097,0.2885053912633059,-0.010212856678816218,0.0016589523363205994,-1
2025-10-09 20:40:00,99.94945863497952,100.18608746432568,99.93520032569064,100.14209307785929,9936.103289281522,0.0019273185218868,99.66855809282028,99.10414014110629,0.2858611317472456,-0.012799960377028796,0.0016661946038761576,-1
2025-10-09 20:45:00,100.14209307785929,100.32556032782016,100.08851187741128,100.32003420144824,2830.3230649767447,0.0017768864033089,99.7988533145459,99.21467596477372,0.2824617227597709,-0.012495174560898437,0.001573888241770438,-1
2025-10-09 20:50:00,100.32003420144824,100.364659494264,99.99490770717571,100.03134882192636,7694.055820934208,-0.0028776443491054,99.845352416022,99.2889189517876,0.2855604114352275,-0.012794143691477577,0.0017227710845010519,-1
2025-10-09 20:55:00,100.03134882192636,100.06337434283448,99.85236271134607,99.85920769561729,2722.6872440020775,-0.0017208717900579,99.84812347194104,99.34076338304484,0.2707847976243077,-0.012259997638167652,0.0017836248836606294,-1
2025-10-09 21:00:00,99.85920769561729,99.91052920153,99.8407869246505,99.84391451344344,2847.892843079394,-0.0001531474415503,99.84728168024154,99.38650439489923,0.2421585605484395,-0.012107532081053085,0.0017656409273150906,-1
2025-10-09 21:05:00,99.84391451344344,100.0259244593466,99.78548693454157,99.99494458397471,3112.8773369633977,0.0015126617507663,99.87681426098818,99.44181713936064,0.2296888656773014,-0.01476072001797435,0.0017254749572882878,-1
2025-10-09 21:10:00,99.99494458397471,100.25554121471416,99.9264130310895,100.15899298828263,3225.931456322734,0.0016405669805652,99.93325000644708,99.5070149438081,0.2374572366562911,-0.014970756964568621,0.0016596067045509689,-1
2025-10-09 21:15:00,100.15899298828263,100.16093948040022,100.0723016346491,100.13979709024277,1411.00557098412,-0.0001916542635578,99.97455942320624,99.56454059348398,0.2224695131433094,-0.014225612908494334,0.0016684800663996587,-1
2025-10-09 21:20:00,100.13979709024277,100.24133059887106,100.06420324316214,100.17715312684396,1954.666748275579,0.0003730388685281,100.01507816393378,99.62023264197126,0.2226458657978247,-0.01706751103691384,0.0016644696893232517,-1
2025-10-09 21:25:00,100.17715312684396,100.26963339137804,99.66428634128276,99.74341494512416,1371.154877811233,-0.0043297115977192,99.96074552017186,99.63143103316698,0.2439600577166751,-0.014075059111224864,0.0018913837252806675,-1
2025-10-09 21:30:00,99.74341494512416,99.75231878829932,99.70123910454598,99.74912760908936,1452.1538006919156,5.727359513740815e-05,99.91842193795536,99.64213072188718,0.2380559942412341,-0.015065856301341607,0.0018897551189003894,-1
2025-10-09 21:35:00,99.74912760908936,99.82796599744914,99.51439622761735,99.57507655195528,1579.5606653694635,-0.0017448880136192,99.84975286075534,99.63603488825702,0.2416503821367054,-0.015034499886439678,0.0018674120805849273,-1
2025-10-09 21:40:00,99.57507655195528,99.6100075158209,99.11671345187052,99.19574633410488,2117.524401175136,-0.0038094895930357,99.71895155542524,99.59600865606136,0.2604252948929988,-0.011104352058370015,0.001998799095960755,-1
2025-10-09 21:45:00,99.19574633410488,99.21157126085016,99.17493263900268,99.17598611862007,3384.8746609739896,-0.000199204262431,99.61035846806422,99.55782478902124,0.2481215274191563,-0.011404180059654268,0.001987367248484816,-1
2025-10-09 21:50:00,99.17598611862007,99.47658642166957,99.13750187790684,99.44576291478704,2851.751468877983,0.0027201826442568,99.5774393574088,99.54763734590904,0.254421342071134,-0.016935038356377552,0.0020318547192517272,-1
2025-10-09 21:55:00,99.44576291478704,99.4975501679637,99.1615487629299,99.24204893291794,3067.797911518712,-0.0020484933284049,99.51036127251062,99.51985658109166,0.2614894102586283,-0.015034135181484554,0.0020329268603708093,-1
2025-10-09 22:00:00,99.24204893291794,99.30395341183184,99.04903068012682,99.1273718795154,2962.0159262124353,-0.0011555288774828,99.43376339391158,99.48417615367563,0.2532873348741091,-0.012061986613288944,0.0020440389993115343,-1
2025-10-09 22:05:00,99.1273718795154,99.2498226485168,99.0351684795668,99.20283210525317,3194.118671179774,0.0007612450961524,99.3875771361799,99.45859942200086,0.2535475161213674,-0.01203406535656748,0.0020456528719712285,-1
2025-10-09 22:10:00,99.20283210525317,99.22297743437602,99.0117834895815,99.0928848554505,2675.044097484721,-0.0011083075701506,99.32863868003405,99.42535264322356,0.2636512066867261,-0.011366674878435457,0.0020134793155683886,-1
2025-10-09 22:15:00,99.0928848554505,99.1758215740504,98.83748043106964,98.9286891388152,1706.2052060662438,-0.0016569879550365,99.24864877179029,99.38020141555006,0.2706443222707051,-0.011896029568830513,0.0020206628355772184,-1
2025-10-09 22:20:00,98.9286891388152,98.93479267065568,98.84676949807336,98.86027825438995,3326.3457448931413,-0.0006915171425071,99.1709746683102,99.3329356736264,0.2534225357676791,-0.010795613996996467,0.001974621381583635,-1
2025-10-09 22:25:00,98.86027825438995,99.0695499839029,98.83150776672828,99.06651786214584,4443.661639201205,0.0020861726407968,99.15008330707734,99.30871587258272,0.2640942765836444,-0.013765451636736481,0.001945474123222726,-1
2025-10-09 22:30:00,99.06651786214584,99.11293495679104,98.7113070697621,98.75153337144631,4535.828850078739,-0.0031795252068698,99.07037331995114,99.25806291793394,0.2801300288207886,-0.00881064175129509,0.0019336195276241194,-1
2025-10-09 22:35:00,98.75153337144631,98.83329712237082,98.58066555697562,98.63493404511972,989.2230804150166,-0.0011807343374407,98.98328546498486,99.2014148385872,0.2549360656279243,-0.010991666953963142,0.0018725104071717368,-1
2025-10-09 22:40:00,98.63493404511972,98.72807316936876,98.54838991982788,98.635051115374,6974.94475776557,1.1869045730694694e-06,98.9136385950627,99.149927227386,0.2641220346127489,-0.012207039441995748,0.001862069171110924,-1
2025-10-09 22:45:00,98.635051115374,98.6935254246188,98.47092229335496,98.5189472037578,2835.7558123406297,-0.0011771060115373,98.83470031680172,99.09256540705616,0.2576244175721821,-0.0093674699692049,0.0018427524451675255,-1
2025-10-09 22:50:00,98.5189472037578,98.71100485122422,98.5115646764588,98.65953704643913,5146.025793104948,0.0014270335470651,98.7996676627292,99.0531991924546,0.2366348540589708,-0.00810045687430283,0.001864528534956613,-1
2025-10-09 22:55:00,98.65953704643913,98.71825826240756,98.6178618944266,98.7152471001018,5320.288392798323,0.0005646697251018,98.78278355020372,99.02247627496796,0.2411889787827905,-0.008495686357014476,0.0017888048202155066,-1
2025-10-09 23:00:00,98.7152471001018,98.72410060559774,98.435185491056,98.46737846020494,949.6102508758516,-0.0025109458485729,98.71970253220398,98.97201283726224,0.2376054481241496,-0.006951461850465579,0.0018295860669942782,-1
2025-10-09 23:05:00,98.46737846020494,98.48736839324084,98.31228205565635,98.3395204838161,3052.565660589324,-0.0012984805565887,98.6436661225264,98.9145135324035,0.2261115147349122,-0.004699136404174298,0.00181059461713112,-1
2025-10-09 23:10:00,98.3395204838161,98.35559589438988,98.18944551468071,98.24632158634662,4503.619802910841,-0.0009477257669241,98.56419721529046,98.8537688100347,0.2197706324494928,-0.005318375011251653,0.0017826862093048568,-1
2025-10-09 23:15:00,98.24632158634662,98.27922520284253,98.07035148507376,98.07801507484268,2026.7110352430643,-0.0017131075116745,98.4669607872009,98.78324574319905,0.2193577430794024,-0.00021386053932659355,0.0017772949570744221,0
2025-10-09 23:20:00,98.07801507484268,98.14327813427992,98.04446726385962,98.09424184411822,1116.0055735101537,0.000165447570112,98.39241699858437,98.7206090251008,0.2113303806241018,0.004098906423150472,0.0017232990953238469,1
2025-10-09 23:25:00,98.09424184411822,98.10517493946683,97.96988677864624,98.04496531532956,5889.458829905206,-0.0005023386476339,98.3229266619334,98.65918686966704,0.1968265961840905,0.0037238704234865416,0.0016661670304585021,1
2025-10-09 23:30:00,98.04496531532956,98.08674726578904,97.68273589338509,97.7616451054459,7262.706319402418,-0.0028896966710372,98.21067035063592,98.57759216382875,0.2193971818856356,0.0058379909831902665,0.001666672890985962,1
2025-10-09 23:35:00,97.7616451054459,97.81428665243978,97.74829737177072,97.75003055357294,2384.535547585934,-0.0001188047915972,98.11854239122331,98.50235929016914,0.2071076864209514,0.009162333794163757,0.0016595492879747157,1
2025-10-09 23:40:00,97.75003055357294,97.95209196593994,97.7478145085136,97.93169884689416,2863.4790064617523,0.0018584985835032,98.0811736823575,98.45048106805324,0.1930112271636233,0.00243397907122489,0.0017167022365030666,1
2025-10-09 23:45:00,97.93169884689416,98.01639454825605,97.93024549402811,98.00901874014195,1423.5155213145506,0.0007895287650294,98.0667426939144,98.4103481291522,0.1811196192231026,0.0013833148937709705,0.0016925479343576258,1
2025-10-09 23:50:00,98.00901874014195,98.0352187006709,97.92115172703754,97.96652825053236,1456.595917625838,-0.0004335365271055,98.046699805238,98.3700008674595,0.1764327423725648,0.0021825243964808116,0.0016419351767053174,1
2025-10-09 23:55:00,97.96652825053236,97.99772816243872,97.7001669392416,97.75183052761422,1706.381093308288,-0.0021915416086715,97.98772594971324,98.3138035638372,0.1817868917963697,0.005055551052387086,0.0016603083601828374,1
2025-10-10 00:00:00,97.75183052761422,97.8212893807614,97.67843530340484,97.7930208507199,2645.77797704955,0.0004213764886382,97.94878492991458,98.26645968082651,0.1777450276957373,0.002995176682736078,0.0016613871476001856,1
2025-10-10 00:05:00,97.7930208507199,97.8078337771728,97.69651814305055,97.70282250169458,3565.9717237770515,-0.000922339326883,97.89959244427058,98.21521993726908,0.1785249752772557,0.006449859134219915,0.0015285080001743781,1
2025-10-10 00:10:00,97.70282250169458,97.90387624045316,97.68951417364192,97.88146898851944,2519.8324285701774,0.0018284680242657,97.89596775312036,98.1848789419282,0.1731997575822187,0.0035465770265386,0.0015857418645273858,1
2025-10-10 00:15:00,97.88146898851944,97.8852777132675,97.4869696320998,97.55077170006965,4221.75377960154,-0.0033785484818235,97.82692854251022,98.12723282903195,0.1891441678381623,0.008592931233020185,0.001649175067000617,1
2025-10-10 00:20:00,97.55077170006965,97.63596853038072,97.36674460583598,97.43100915604536,2039.2990439013176,-0.0012276944809057,97.74774466521724,98.06393976785137,0.1965065638978476,0.011554851315306092,0.0015492577488325865,1
2025-10-10 00:25:00,97.43100915604536,97.64528191811216,97.42801429916187,97.59607392442892,2628.0672198243333,0.0016941707759507,97.7174105170596,98.0214065093584,0.1971061282679553,0.011491356366238437,0.0015988291469587008,1
2025-10-10 00:30:00,97.59607392442892,97.88555631797776,97.54018353613252,97.86034972135576,2392.661785106025,0.002707852747555,97.74599835791884,98.00676498317635,0.2147176933697362,0.009110526668152819,0.001598029235562899,1
2025-10-10 00:35:00,97.86034972135576,97.90005420291996,97.76373424906195,97.87659332208416,1259.460813934997,0.0001659875605863,97.7721173507519,97.99493119580433,0.2147913928724065,0.010919548936400236,0.0015766528505774975,1
2025-10-10 00:40:00,97.87659332208416,97.90063963332048,97.72735381511303,97.78288623532347,2380.2767859892274,-0.0009574003710192,97.77427112766622,97.97565438121516,0.1983109961440843,0.012823051673014119,0.0015741054501463734,1
2025-10-10 00:45:00,97.78288623532347,97.90278276214556,97.71201350272244,97.87740966314156,2512.3140268332313,0.0009666663713585,97.7948988347613,97.96672304320846,0.2072238517693735,0.010120752992363258,0.0015795106931800272,1
2025-10-10 00:50:00,97.87740966314156,97.97414364263724,97.71673919832816,97.7238108046744,3443.8710139167615,-0.0015692983600178,97.78068122874392,97.94464011243264,0.2110186365467104,0.011622513121805733,0.0015880789617086842,1
2025-10-10 00:55:00,97.7238108046744,98.08663632180416,97.66152364993933,98.0570400576427,6902.410038088261,0.0034099084984962,97.8359529945237,97.95485828926992,0.2352303235207752,0.010458057944924937,0.0017100637761893864,1
2025-10-10 01:00:00,98.0570400576427,98.58487956135671,98.05329818150452,98.49632096208715,8729.537707036634,0.0044798507499943,97.9680265880364,98.00408216861692,0.2650527811078354,0.00538743915642681,0.0019029209377211531,1
2025-10-10 01:05:00,98.49632096208715,98.55190072906892,98.33261038020063,98.41007206183907,1640.1380326450007,-0.0008756560590853,98.05643568279694,98.04099034072804,0.2594620043700613,0.006160332417145087,0.0018641138484675232,1
2025-10-10 01:10:00,98.41007206183907,98.4539254586886,98.30068934527272,98.33237670807333,2885.594460776809,-0.0007895061159689,98.11162388785225,98.06748001048668,0.2602035783742969,0.006563257538964029,0.0017874376045055901,1
2025-10-10 01:15:00,98.33237670807333,98.71974877662802,98.23646961653668,98.64564896189448,2367.279187675922,0.0031858505235886,98.21842890266068,98.12004082425103,0.2867724016578066,0.0032824917610811966,0.0018695338635114555,1
2025-10-10 01:20:00,98.64564896189448,98.66822931543378,98.13477033123048,98.170062552297,4299.487962073842,-0.0048211595199822,98.20875563258797,98.1245882540734,0.3095650386143823,0.009591830488738351,0.0020550157309609297,1
2025-10-10 01:25:00,98.170062552297,98.2009679382279,98.13355073158836,98.14459607548908,3809.885004624909,-0.0002594118425293,98.1959237211682,98.12640714692937,0.2859299761480867,0.011801904200941626,0.00204654257460374,1
2025-10-10 01:30:00,98.14459607548908,98.2427566358792,98.0899724003879,98.18034258847769,2323.8676316053397,0.0003642229365443,98.19280749463007,98.1313103688883,0.2776128555014117,0.008855456276353202,0.0020292284361032665,1
2025-10-10 01:35:00,98.18034258847769,98.27329442372304,98.09450095312074,98.24601989731086,1991.5915583188964,0.0006689456066422,98.20344997516624,98.1417385078358,0.2748647020479861,0.008435378440053265,0.002030496676123101,1
2025-10-10 01:40:00,98.24601989731086,98.27259807482903,98.06096854243002,98.0859282265063,7736.557252825164,-0.0016294977747891,98.17994562543429,98.13666484589676,0.2653116128018271,0.010670268947251982,0.00200318699220809,1
2025-10-10 01:45:00,98.0859282265063,98.33755028121789,97.98830280385664,98.3329919438462,959.014215563469,0.0025188497657826,98.21055488911666,98.15451276389214,0.280520721623488,0.00932873677703494,0.002043951112300221,1
2025-10-10 01:50:00,98.3329919438462,98.38378861022342,98.2017358333622,98.22861315775798,2603.8419485383683,-0.0010614828657692,98.21416654284494,98.16124916333447,0.2811469329559019,0.009458591353514123,0.002045750641714401,1
2025-10-10 01:55:00,98.22861315775798,98.46223040446368,98.14925853791593,98.3890187730164,6205.940163658496,0.0016329825913434,98.24913698887924,98.1819554914874,0.2898756906076625,0.007485555457545479,0.002041063203295702,1
2025-10-10 02:00:00,98.3890187730164,98.59246069774784,98.3591378703899,98.5568099803437,2915.9221530681325,0.0017053855137472,98.31067158717212,98.2160331722925,0.2881555751111548,0.003430945901061966,0.0020606922383879294,1
2025-10-10 02:05:00,98.5568099803437,98.79260352677008,98.50993942278484,98.71758518984028,1451.2492608891896,0.0016312947783989,98.39205430770576,98.26162881025138,0.2779806774054683,0.0009416746479999905,0.002073413657825908,1
2025-10-10 02:10:00,98.71758518984028,98.8002589157626,98.68225076436204,98.75190904724693,2439.7912575706355,0.0003476974982787,98.464025255614,98.30619974088734,0.2484397325160655,0.00021972602062425572,0.001994479517819684,0
2025-10-10 02:15:00,98.75190904724693,99.00719583486604,98.67109527663622,98.9453615725928,3934.942509855293,0.0019589750437463,98.56029251900976,98.36430536195148,0.256783318899032,0.0015545027454832994,0.0020135665162209966,1
2025-10-10 02:20:00,98.9453615725928,99.12800243853007,98.87060348086744,99.03676123825548,4967.750267054857,0.0009237387605647,98.65558626285892,98.42543771434272,0.2642235220595147,0.0003293877004972856,0.0019981750904596233,0
2025-10-10 02:25:00,99.03676123825548,99.10530749959706,98.81101212216475,98.86800274987458,2419.9410448987205,-0.0017039984574507,98.69806956026206,98.46567089939109,0.2507246804410111,0.0015697000444518938,0.0020289710811070712,1
2025-10-10 02:30:00,98.86800274987458,98.884955617188,98.79617260238876,98.85960707806458,3066.448704803056,-8.491798738197165e-05,98.73037706382256,98.50148327927047,0.218962111197864,-0.0007164538324796466,0.002025979212433767,0
2025-10-10 02:35:00,98.85960707806458,99.09671325047972,98.85142831735624,99.08252626447334,2817.742479176607,0.0022549066600348,98.80080690395272,98.55430536883438,0.2316669488038586,-0.00267282988184836,0.002002951722201509,-1
2025-10-10 02:40:00,99.08252626447334,99.13282565648348,98.96376709177366,99.02696389840229,3352.1938468911117,-0.0005607685650116,98.84603830284266,98.59727432606782,0.2328294008908957,-0.0030193787348662404,0.002010512855714783,-1
2025-10-10 02:45:00,99.02696389840229,99.09948110753314,98.97484735345938,99.0163108189352,7223.239547194567,-0.0001075775631979,98.88009280606116,98.63536855269211,0.2289608497102853,-0.0015617696909190348,0.001998429270907707,-1
2025-10-10 02:50:00,99.0163108189352,99.05172137793068,98.95336948445778,98.97775742082683,4480.282419855919,-0.0003893641137454,98.89962572901432,98.66649481343164,0.2208695897869919,-0.0027106654744203373,0.0019864049928965477,-1
2025-10-10 02:55:00,98.97775742082683,99.04829299909112,98.87417308442164,98.9694524918784,2422.298137227482,-8.39070227984795e-05,98.91359108158714,98.69403642056317,0.2083604781661532,-0.0009127138568629789,0.001868816559218857,-1
2025-10-10 03:00:00,98.9694524918784,99.11882596722616,98.94567965925268,99.11169315136748,1923.1841163284755,0.001437217807189,98.9532114955432,98.73200521427265,0.2077243018170287,-0.0013666431358131392,0.0018507959508730076,-1
2025-10-10 03:05:00,99.11169315136748,99.37784062844364,99.02392317236556,99.3028891962121,2816.70861523179,0.0019290967469662,99.023147035677,98.78390375808532,0.2106489867834804,-0.003156493199018673,0.0018559957232039846,-1
2025-10-10 03:10:00,99.3028891962121,99.33019078454184,99.02106000997463,99.04977431946732,4697.680952189214,-0.002548917547048,99.02847249243509,98.80807380912005,0.2160638401555701,7.405098116919362e-06,0.0018905754439007656,0
2025-10-10 03:15:00,99.04977431946732,99.13323881070733,98.95324066470356,99.07476225537368,2496.7233593721253,0.0002522765556816,99.0377304450228,98.83231821332492,0.2087305574426078,-0.0003714318115659587,0.0018903228505215753,0
2025-10-10 03:20:00,99.07476225537368,99.20178414505538,98.9872085951596,99.13253146062398,815.6857419325056,0.0005830869934504,99.05669064814305,98.85961032671574,0.2156282287636963,-0.0031880315780600244,0.0018746623056566222,-1
2025-10-10 03:25:00,99.13253146062398,99.2599007834055,99.08128264604576,99.25031454218863,4303.043335208353,0.0011881375349669,99.09541542695216,98.89512889175872,0.2043794844158343,-0.005050863195087407,0.0018771140728095898,-1
2025-10-10 03:30:00,99.25031454218863,99.30457518073293,99.14305377353338,99.15771746883964,1534.8903384491175,-0.0009329650366963,99.10787583532968,98.91900058058428,0.1975310879541843,-0.004469389004192692,0.0018584512638172928,-1
2025-10-10 03:35:00,99.15771746883964,99.1579054082165,99.0407483150782,99.1255152294553,2212.165995040613,-0.0003247577718241,99.1114037141548,98.93777463957254,0.1848783533617555,-0.004927335675133371,0.001782753572543345,-1
2025-10-10 03:40:00,99.1255152294553,99.20139055655228,98.82088923535936,98.8949530635675,6773.305372488473,-0.0023259618409458,99.06811358403736,98.93388176902664,0.2057153752470181,-0.0019436637495003906,0.0016757252274039933,-1
2025-10-10 03:45:00,98.8949530635675,98.98752605796156,98.73390910455404,98.81054503712532,2559.372495574834,-0.0008535119723241,99.01659987465494,98.92266933885378,0.2063105195530202,-0.0013997327895464151,0.0016753020850504004,-1
2025-10-10 03:50:00,98.81054503712532,98.89557631227866,98.70057287461265,98.77360741125092,1938.19498853882,-0.0003738227115386,98.96800138197416,98.90911825452623,0.2081637247641785,-0.002053677208043947,0.0016695578455204298,-1
2025-10-10 03:55:00,98.77360741125092,99.17175071466868,98.6768090361142,99.09917240881023,3346.205916473334,0.0032960727677364,98.99423558734136,98.9263959049157,0.2346142907985152,-0.004357081792032869,0.0016761424188004382,-1
2025-10-10 04:00:00,99.09917240881023,99.19016300096123,99.06643474625304,99.06938272930444,3270.5406624675265,-0.0003006047253643,99.009265015734,98.93939470713283,0.2364268880296082,-0.0009459771266483452,0.0014141320496436182,-1
2025-10-10 04:05:00,99.06938272930444,99.10423152280252,98.94422350634396,99.02319585818591,4733.3825134138815,-0.0004662073169945,99.01205118422438,98.9470129935922,0.2354188953002562,-0.00013981899792547825,0.0014171740502818945,0
2025-10-10 04:10:00,99.02319585818591,99.05944821660344,98.69114386755378,98.78877873369608,2818.2532422124777,-0.0023672950813015,98.96739669411872,98.93262806087438,0.2493587553771265,0.003865422385256778,0.0014921854674634822,1
2025-10-10 04:15:00,98.78877873369608,98.89154283812633,98.716332470515,98.81769552750464,2824.967449562118,0.0002927133443617,98.93745646079591,98.92217964874985,0.2365939633437861,0.0025089129223583306,0.0014898041563791307,1
2025-10-10 04:20:00,98.81769552750464,98.87108842746903,98.63824081014046,98.72796398942909,3992.522489706928,-0.0009080513120302,98.89555796652256,98.90452367972068,0.2311451663981703,0.006212008874304509,0.0014667811057711268,1
2025-10-10 04:25:00,98.72796398942909,98.87323654088222,98.64482331346396,98.86167014579156,6400.48119121079,0.0013542886023334,98.88878040237636,98.90062790390894,0.2346033864992084,0.0024113415298148144,0.0014212592230627478,1
2025-10-10 04:30:00,98.86167014579156,98.9474433492616,98.61391290604983,98.70946183105065,8059.341788408738,-0.0015396089760211,98.85291668811124,98.88324917001272,0.2431001645932044,0.0033451051325203984,0.0014370332146180634,1
2025-10-10 04:35:00,98.70946183105065,98.9202224070688,98.61988149588714,98.87912170118292,3491.364476184837,0.0017187802160512,98.85815769072558,98.88287394557364,0.2517946484376269,0.002801768583364561,0.0014399594769506682,1
2025-10-10 04:40:00,98.87912170118292,99.03645834012002,98.87075555508828,98.97624283624334,4276.132215589312,0.0009822208509693,98.88177471982914,98.89136202654362,0.2520933182827858,0.002699477986275456,0.0014204055657423735,1
2025-10-10 04:45:00,98.97624283624334,99.05404849902224,98.92495703774377,98.98944030182136,5487.484471155673,0.0001333397308267,98.90330783622758,98.90027823338704,0.2529457731499412,0.0018820426807699686,0.0013938943782541183,1
2025-10-10 04:50:00,98.98944030182136,99.12212964542384,98.94391810611928,99.0505077927646,2593.6618976748605,0.0006169091446222,98.932747827535,98.91393546605772,0.2384965030150588,0.0028196469506505117,0.0013963295827414638,1
2025-10-10 04:55:00,99.0505077927646,99.0638766052831,98.99024753866892,99.0379627369487,2586.7392673656723,-0.0001266531196603,98.95379080941774,98.92521067250236,0.225640225386965,-0.0013696811130058384,0.001354584345385563,-1
2025-10-10 05:00:00,99.0379627369487,99.0841725801339,98.77079045245598,98.81649381991448,1769.0098364275188,-0.0022362022694514,98.9263314115171,98.91532732226707,0.2340958461020993,-0.00019132966496515635,0.0014016982301446631,0
2025-10-10 05:05:00,98.81649381991448,98.83611768524948,98.65385926007896,98.74901478136664,3062.189553735146,-0.000682872220409,98.890868085487,98.90020800036704,0.2117613280032466,-0.00010074297289341949,0.0013746291899864357,0
2025-10-10 05:10:00,98.74901478136664,98.78492656227571,98.70715831362035,98.71454305670356,1803.0778701067477,-0.0003490842388594,98.85560307973032,98.88332936912492,0.2084784704280439,0.0037758444601787566,0.0013757207766503634,1
2025-10-10 05:15:00,98.71454305670356,98.79181387349442,98.58471297884265,98.63709054194923,2874.2912484314734,-0.0007846109839139,98.81190057217412,98.86094402119984,0.2118422474418437,0.004833291149385133,0.0013154142762682158,1
2025-10-10 05:20:00,98.63709054194923,98.74768736918764,98.61781720090056,98.7027345282893,2866.6513596070427,0.0006655101643751,98.79006736339716,98.84656134002616,0.1948112345302297,0.003263547654636545,0.0013206115058812425,1
2025-10-10 05:25:00,98.7027345282893,98.72343431450813,98.649528396318,98.6722366772839,6963.989074501927,-0.0003089868902937,98.76650122617453,98.83071364341322,0.187575202428716,0.00033058050120104987,0.0013211206018011593,0
2025-10-10 05:30:00,98.6722366772839,98.75012906039396,98.51757787793764,98.57075830495415,6976.631085598486,-0.0010284389585861,98.72735264193044,98.80708133991692,0.1875540285092672,1.0235920873347126e-05,0.0013303106422621386,0
2025-10-10 05:35:00,98.57075830495415,98.71134286895166,98.53192736183038,98.66738920910228,2216.231042025795,0.0009803201863292,98.71535995536482,98.79438205529742,0.1840541913451961,-0.0017994177446484239,0.0013446709955566656,-1
2025-10-10 05:40:00,98.66738920910228,99.0362305094826,98.64930026087836,98.97566535929134,1686.9042497274506,0.0031243975609382,98.76742103615013,98.8108623556605,0.1878684631589462,-0.00564407646181142,0.0014366068047779869,-1
2025-10-10 05:45:00,98.97566535929134,99.02919001399782,98.89755588415954,99.00935053416964,4689.582104640075,0.0003403379482826,98.81580693575404,98.82890673552497,0.1758179787772757,-0.0068757134057493285,0.0013930860435569532,-1
2025-10-10 05:50:00,99.00935053416964,99.18180330375888,98.98299510064612,99.17063909042548,5769.896515159427,0.0016290234749107,98.88677336668832,98.8599733132432,0.1781826514973486,-0.008605315700083604,0.0013504806808574427,-1
2025-10-10 05:55:00,99.17063909042548,99.20895467731228,99.03772767484205,99.06562052077126,1963.881048757719,-0.0010589683662162,98.92254279750492,98.87866851392756,0.1811923330110464,-0.010261068821910801,0.0013636294032862127,-1
2025-10-10 06:00:00,99.06562052077126,99.4139779642185,99.04515405633563,99.34126297787344,2169.6531864491217,0.0027824229601871,99.00628683357864,98.92072255610444,0.1948075021952117,-0.009649985975772823,0.0014469488683248708,-1
2025-10-10 06:05:00,99.34126297787344,99.3650491207713,99.01045715377258,99.10005939672097,4371.811228025158,-0.0024280301449983,99.0250413462071,98.9370259052514,0.2148762807941072,-0.0062994616389915326,0.0014968917764367783,-1
2025-10-10 06:10:00,99.10005939672097,99.18130568669314,98.94906339020486,99.03965535845002,1250.3899219558823,-0.0006095257524429,99.0279641486557,98.94635585554218,0.2090805785662764,-0.0046822157280514975,0.0014917946278969663,-1
2025-10-10 06:15:00,99.03965535845002,99.22384739195928,99.03002989089424,99.15615811791598,4070.686324123778,0.0011763243626434,99.05360294250777,98.96542878848526,0.2099062268444557,-0.005143184406914081,0.00150595997277157,-1
2025-10-10 06:20:00,99.15615811791598,99.26468326988198,99.0751158388925,99.24342702494404,3386.031345328571,0.0008801158564883,99.09156775899504,98.99070135543604,0.2178918827254636,-0.006611808945663156,0.0014511362814371336,-1
2025-10-10 06:25:00,99.24342702494404,99.29803474594392,99.10905626440082,99.17574265341491,5607.488163404269,-0.0006820035699905,99.10840273787902,99.00752329161594,0.2165974246462718,-0.006864072990214187,0.0014477720594596396,-1
2025-10-10 06:30:00,99.17574265341491,99.4072668323123,99.08840909761967,99.32979525502286,1422.3358181627204,0.0015533294481726,99.1526812413078,99.03682074283476,0.2300965365323821,-0.006949552805098569,0.001466684984620897,-1
2025-10-10 06:35:00,99.32979525502286,99.42506781478716,98.80775306771255,98.90231230991732,1946.010049162738,-0.0043036728708438,99.1026074550297,99.02459270347862,0.2689114528812735,-0.003680373654434632,0.0015577268689975759,-1
2025-10-10 06:40:00,98.90231230991732,98.91345171407418,98.7676432256927,98.79758729325889,2405.7778539239116,-0.0010588732883241,99.04160342267554,99.0039558480041,0.2627155461616439,0.0016451147575893277,0.0015672282236317212,1
2025-10-10 06:45:00,98.79758729325889,98.81874753396768,98.67473357720542,98.73906651204727,3031.0924449201343,-0.0005923300640721,98.98109604054989,98.97987499928075,0.260186863993142,0.00229224324949584,0.0015683768827843378,1
2025-10-10 06:50:00,98.73906651204727,99.15821157801882,98.73141295593588,99.0872738172433,2444.000591827505,0.003526540380585,99.00233159588858,98.98963852818645,0.2630346049559072,0.000988984000980908,0.0016367279134285805,1
2025-10-10 06:55:00,99.0872738172433,99.16012824657152,99.04916004894125,99.11383231866674,2728.8216661476113,0.0002680314070646,99.02463174044422,99.00092887277556,0.2615584669410517,0.005498849497949765,0.0016366378320430116,1
2025-10-10 07:00:00,99.11383231866674,99.12047898317266,99.01250337167816,99.02485560606532,3558.828387352436,-0.000897722452254,99.02467651356844,99.00310403034734,0.2550704246826031,0.0063227867870454535,0.0016364346736706696,1
2025-10-10 07:05:00,99.02485560606532,99.0719234057552,98.61034444222072,98.70485579473932,3799.79345011448,-0.0032315100018829,98.96071236980264,98.97599055438296,0.2758098504729064,0.008353827393367208,0.001721209196555147,1
2025-10-10 07:10:00,98.70485579473932,98.7885028980925,98.52943151978415,98.5717672674366,3222.96459771192,-0.0013483483282674,98.88292334932945,98.9392429828424,0.2679703840747263,0.0063852189894759714,0.0017161878701214169,1
2025-10-10 07:15:00,98.5717672674366,98.5894054648872,98.41912359563445,98.4898453581413,5761.649809437181,-0.0008310889777702,98.8043077510918,98.8983886533241,0.2548053770928727,0.004122358821248673,0.0016907954256321837,1
2025-10-10 07:20:00,98.4898453581413,98.55182166322166,98.34020120725388,98.41703913614484,1489.4403525508185,-0.000739225670745,98.72685402810242,98.8546296063078,0.2533323884842652,0.007131259902292575,0.0016818954581236866,1
2025-10-10 07:25:00,98.41703913614484,98.45626031244709,98.31779268975126,98.32859061540732,1212.776159387385,-0.0008987114580349,98.6472013455634,98.8068078798623,0.2493788257436061,0.005090149995664595,0.0016856696967272493,1
2025-10-10 07:30:00,98.32859061540732,98.39391017557328,98.2935747851954,98.31724443287332,594.9995524021963,-0.0001153904725268,98.5812099630254,98.7623021119542,0.2430051085570629,0.0013299766698107174,0.0016790685333695366,1
2025-10-10 07:35:00,98.31724443287332,98.4016974354124,98.00735646038514,98.04910137072233,11033.994722217769,-0.0027273248319531,98.47478824456478,98.69746568093312,0.2576738580916467,0.004614011955497599,0.0017358440139113225,1
2025-10-10 07:40:00,98.04910137072233,98.43916632832372,98.02330082451286,98.3826211833214,1962.6883685599464,0.0034015590957638,98.45635483231612,98.66884345387751,0.264602984457236,0.001635162945047064,0.0018183952362188336,1
2025-10-10 07:45:00,98.3826211833214,98.56187152234118,98.37752545436884,98.47578237412954,2568.4510666062974,0.0009469273097995,98.4602403406788,98.65129244662768,0.233676650235646,0.002569690450741291,0.0018253919388227593,1
2025-10-10 07:50:00,98.47578237412954,98.622618694828,98.44344968614398,98.57593032642988,3419.4544247923805,0.0010169805193307,98.48337833782902,98.64444134479152,0.2360595445429691,-0.0008083640406271186,0.0018349645931243245,-1
2025-10-10 07:55:00,98.57593032642988,98.64798130978168,98.52331071283596,98.6461797116344,1209.829378930974,0.0007126423760028,98.5159386125901,98.64459937814088,0.2346778759846454,-0.00021552601808993987,0.0018345144599635707,0
2025-10-10 08:00:00,98.6461797116344,98.73723704055044,98.50929357974476,98.58724844634224,2099.7373447410205,-0.0005974003804753,98.53020057934054,98.63938565706827,0.2204739358934122,0.0025647761683464942,0.0018334198138008366,1
2025-10-10 08:05:00,98.58724844634224,98.61666903650952,98.39802418714966,98.49499311698318,3561.831303860418,-0.0009357734475088,98.52315908686909,98.62625906251508,0.2281651253026666,0.004912583948633031,0.001839778883556767,1
2025-10-10 08:10:00,98.49499311698318,98.65826628794844,98.45760062901964,98.63949759777844,2804.5383655417495,0.001467125142327,98.54642678905095,98.62746256572083,0.2347858429765444,0.00312387876922382,0.0018500284106497654,1
2025-10-10 08:15:00,98.63949759777844,98.6483298026376,98.49387103802268,98.53831484532924,5279.60387833401,-0.0010257833313567,98.54480440030662,98.6193582275034,0.2128486859108603,0.00633303434191923,0.0018505470578421852,1
2025-10-10 08:20:00,98.53831484532924,99.02213966597952,98.44092817515175,98.96012066212924,2637.8592505753277,0.0042806274641704,98.62786765267116,98.6503366306512,0.2358586939479607,0.004038599710541213,0.0019241349102368257,1
2025-10-10 08:25:00,98.96012066212924,99.0326738804946,98.896761667452,98.96540047072104,5290.779100934517,5.33528916142334e-05,98.69537421628114,98.67897879793028,0.2334037185043779,0.0009155236819629042,0.0019231510130385352,1
2025-10-10 08:30:00,98.96540047072104,99.2066675138662,98.95791972902832,99.18526954574936,3901.631782019976,0.002221676201809,98.7933532821748,98.7250052295502,0.2360556705665278,-0.0007100781825982727,0.001942224189317082,0
2025-10-10 08:35:00,99.18526954574936,99.69594218794774,99.1140240767369,99.65884436575212,3664.7242465382415,0.0047746487172102,98.96645149889028,98.80989969647764,0.2677307054604583,-0.0011756279307904016,0.0021058793741967775,-1
2025-10-10 08:40:00,99.65884436575212,99.66293692452062,99.56669041781556,99.65096865468044,1494.6702692574663,-7.902671480675139e-05,99.10335493004833,98.8863605108597,0.2674386423409721,0.002553783805509191,0.0020522622125490235,1
2025-10-10 08:45:00,99.65096865468044,99.67841689250471,99.52373691799802,99.52941912293576,5225.112454469392,-0.0012197526364835,99.1885677686258,98.9448203846848,0.2503199994466456,0.00297937622309008,0.002015040417166772,1
2025-10-10 08:50:00,99.52941912293576,99.58355672372753,99.10446145857856,99.20116958761884,4104.071080624008,-0.0032980151819381,99.1910881324244,98.9681248576788,0.2548364109707961,0.006376071051400034,0.002101371171814818,1
2025-10-10 08:55:00,99.20116958761884,99.27751855578208,98.88214331250602,98.89585584095684,4479.792680189378,-0.0030777232559977,99.1320416741309,98.96155494706773,0.2699099234924895,0.004029587380333766,0.002161713321599195,1
2025-10-10 09:00:00,98.89585584095684,99.19394416716943,98.86148872065318,99.1188766210388,2172.9099009323622,0.0022551074378751,99.12940866351248,98.97585691742871,0.2808589547662206,0.0048845302149138625,0.002194822563070007,1
2025-10-10 09:05:00,99.1188766210388,99.14467048218606,98.8150609096934,98.82909789050204,7882.295354331906,-0.002923547364693,99.0693465089104,98.9625151877081,0.2954974530195733,0.0058541832261078675,0.0022511225926602134,1
2025-10-10 09:10:00,98.82909789050204,98.88002709527788,98.41018572296332,98.44800407420912,3233.4204686755106,-0.0038560891926298,98.94507802197016,98.91574145011728,0.312775875270207,0.009391994101785928,0.0023243391981134435,1
2025-10-10 09:15:00,98.44800407420912,98.5514818539878,98.36317570603364,98.50150109667264,2555.6636222323705,0.0005434038299365,98.85636263691066,98.87808323616775,0.3106088251698001,0.010854453040876066,0.00220844598056205,1
2025-10-10 09:20:00,98.50150109667264,98.54813669651224,98.43117048345071,98.54349279991698,2468.515988846694,0.0004263052113602,98.79378866951193,98.84766592378134,0.3046302933221371,0.010352283747614432,0.002203777844019847,1
2025-10-10 09:25:00,98.54349279991698,98.8048428771934,98.52958149812224,98.7288346517256,1285.2630675909595,0.0018808126903411,98.78079786595468,98.83686308086718,0.3132590514975817,0.01224799270785426,0.0022283916260170318,1
2025-10-10 09:30:00,98.7288346517256,98.75061333284144,98.4614521419514,98.49624508908263,3995.038334703482,-0.0023558422771162,98.72388731058028,98.80589780888675,0.292398315787745,0.017352479427050094,0.00216988161353321,1
2025-10-10 09:35:00,98.49624508908263,98.62961009692522,98.40508730304153,98.62491889332136,4058.305943791232,0.001306382838476,98.70409362712849,98.78944518019898,0.2987276429906791,0.01578012078003277,0.002184583492828403,1
2025-10-10 09:40:00,98.62491889332136,98.88855649619626,98.5802853470218,98.84010267166028,1734.170350220403,0.0021818398509578,98.73129543603486,98.79405040669546,0.3029793118718648,0.014099452408254276,0.0022182541166735474,1
2025-10-10 09:45:00,98.84010267166028,99.070915607687,98.788366220357,98.97885803919038,3521.4507531153367,0.0014038367401441,98.78080795666595,98.81085110055864,0.2815958315946635,0.016128826639613125,0.0021546330922045695,1
2025-10-10 09:50:00,98.97885803919038,99.07403080095132,98.92604052968868,98.94763543013106,1339.4305921731684,-0.000315447254877,98.814173451359,98.82328603961068,0.2852918147773481,0.016136115957482877,0.0021400954918316833,1
2025-10-10 09:55:00,98.94763543013106,99.25415442860071,98.93003639455364,99.16236137723956,5650.750035183028,0.0021700968009501,98.88381103653512,98.8541110703042,0.2973945333159479,0.015942068557467826,0.002162660906281602,1
2025-10-10 10:00:00,99.16236137723956,99.44346242743858,99.15914202714237,99.35978097679045,3822.01187996326,0.0019908723109149,98.9790050245862,98.90008106180296,0.2834820429693231,0.015556849514081872,0.0021776038841461016,1
2025-10-10 10:05:00,99.35978097679045,99.37028263490204,99.00226160939756,99.05600563854692,3257.800015460487,-0.0030573269713072,98.99440514737834,98.91425602332514,0.2815281702713536,0.02104470464639352,0.0022482320668427208,1
2025-10-10 10:10:00,99.05600563854692,99.12587134370658,99.02639314911492,99.1148402498098,2947.6184812219813,0.0005939529954153,99.01849216786464,98.93249095300555,0.2648869379910254,0.01971879446482605,0.002248185176775838,1
2025-10-10 10:15:00,99.1148402498098,99.6276983893072,99.0255591881304,99.54168264476544,5627.10014981485,0.0043065437413793,99.1231302632448,98.98787201589282,0.2843533400398925,0.017370084907375904,0.0022906505127385846,1
2025-10-10 10:20:00,99.54168264476544,99.95292780749696,99.45765504773476,99.90545568463408,2090.1461426523447,0.0036544795125359,99.27959534752266,99.07128871305112,0.2861698677147239,0.012896515860803648,0.0023014856836334058,1
2025-10-10 10:25:00,99.90545568463408,99.9120104626581,99.74893844993495,99.8259547077686,4133.583147617603,-0.0007957621164998,99.38886721957184,99.13989471257088,0.284367429483937,0.013018122950357647,0.002310745754335926,1
2025-10-10 10:30:00,99.8259547077686,99.86307503662468,99.76739150726824,99.83368329329149,3632.603532610583,7.742060214233071e-05,99.47783043431578,99.2029664017273,0.2828472377907199,0.013241371901449694,0.0023089920159540217,1
2025-10-10 10:35:00,99.83368329329149,99.92889691550673,99.248266030879,99.29436533362086,2885.5742073818005,-0.0054021642984584,99.4411374141768,99.2112753955358,0.3118022024733327,0.01778113658704883,0.0025250983497952435,1
2025-10-10 10:40:00,99.29436533362086,99.69598940083576,99.23309830591502,99.60302576876258,7324.855678995514,0.0031085392822105,99.47351508509396,99.24688906582914,0.3242114813326689,0.012321714920694227,0.0025715359020478863,1
2025-10-10 10:45:00,99.60302576876258,99.69949470190193,99.31015807636548,99.407661537624,4887.081892890336,-0.0019614286778006,99.46034437559996,99.26150474508322,0.335983897879294,0.011716211012613442,0.002594032461609375,1
2025-10-10 10:50:00,99.407661537624,99.48903146837227,99.34040661142974,99.3726271478067,2691.3806737174823,-0.0003524314854147,99.44280093004132,99.27160678169444,0.3245805912912983,0.008235060944343786,0.0025873660462595043,1
2025-10-10 10:55:00,99.3726271478067,99.6695991488755,99.35449314225323,99.57068101478228,3572.687401150391,0.0019930424771903,99.46837694698952,99.2987953483388,0.3269060640978866,0.008139220030989325,0.0025949496402548414,1
2025-10-10 11:00:00,99.57068101478228,99.61860337173133,99.4873790754745,99.56364299886272,3609.037999352084,-7.068361738415962e-05,99.48743015736416,99.32287240747732,0.3257084944546134,0.011186577218263993,0.0024932132391104625,1
2025-10-10 11:05:00,99.56364299886272,99.95869717378082,99.47878811920803,99.9380646985949,4641.317185020004,0.0037606267554557,99.57755706561032,99.3787989793971,0.3368364244921632,0.008073992820825548,0.0025714198061524336,1
2025-10-10 11:10:00,99.9380646985949,100.21776959146588,99.92567017435007,100.20539915563263,5007.939188917497,0.0026750013405203,99.7031254836148,99.45394444996396,0.3373920685507028,0.0064065649732971686,0.0025835179067234533,1
2025-10-10 11:15:00,100.20539915563263,100.28611379998569,100.1225207458766,100.1812320253789,2268.201814355683,-0.0002411759292152,99.79874679196764,99.52006150227442,0.3227900705938893,0.006287435770212735,0.002453614498580651,1
2025-10-10 11:20:00,100.1812320253789,100.31242642836526,100.14562835177422,100.23369399530633,2532.209479131422,0.0005236706403661,99.88573623263537,99.58493718345912,0.3275986335938451,0.007964089686857578,0.0024539836948716844,1
2025-10-10 11:25:00,100.23369399530633,100.5996248919542,100.23355576101191,100.57527088149136,2488.2483084140963,0.0034078050261328,100.02364316240656,99.67496751964389,0.310736485719952,0.006072503089164405,0.0025043558599099993,1
2025-10-10 11:30:00,100.57527088149136,100.63264587063018,100.53553685252268,100.5442659491504,3727.0427107125342,-0.0003082759019114,100.12776771975534,99.753994649599,0.282296218458903,0.004782519303695665,0.0024189626859092163,1
2025-10-10 11:35:00,100.5442659491504,100.83100732595976,100.49436515588596,100.74321454063592,1926.0590198217883,0.001978716435069,100.25085708393146,99.84392373060236,0.2946940868410905,0.0037098562470068153,0.0023469757614002274,1
2025-10-10 11:40:00,100.74321454063592,100.97385772147707,100.69267192379792,100.90550613719851,3640.578031017844,0.001610943201511,100.38178689458488,99.9404312221111,0.30794424886414,0.0002875742252663738,0.002334886783386058,0
2025-10-10 11:45:00,100.90550613719851,101.15690157768216,100.82656446344534,101.14061002066164,1149.0074917260956,0.0023299410752022,100.53355151980024,100.04953838561568,0.2829232652647896,-0.004149246667960682,0.002265637408729233,-1
2025-10-10 11:50:00,101.14061002066164,101.21676385064836,100.97517936886304,101.06926541310986,1218.240631698669,-0.0007054002100365,100.64069429846217,100.1422408426606,0.2671156500408307,-0.0021626620793011586,0.0021241655211808232,-1
2025-10-10 11:55:00,101.06926541310986,101.30441106258532,101.03587724586149,101.27073012412808,6376.19354775958,0.0019933330888946,100.76670146359535,100.24483077733947,0.2584868779827869,-0.004953203789222926,0.002133437650440059,-1
2025-10-10 12:00:00,101.27073012412808,101.32319279764228,101.1101185422009,101.19388797845178,1514.3550591445735,-0.0007587794181211,100.85213876656664,100.33110870471332,0.2630904064469916,-0.0047147370131376265,0.0021515789993119174,-1
2025-10-10 12:05:00,101.19388797845178,101.2834378263557,101.05749907028164,101.12550125979118,2019.2521332235535,-0.000675798904724,100.90681126521156,100.4033262097204,0.2567213171221191,-0.0035301265511871183,0.0021588311624301188,-1
2025-10-10 12:10:00,101.12550125979118,101.23012344001114,101.10650900696372,101.1556182220695,2439.496380159514,0.0002978176810313,100.95657265658316,100.47171639266122,0.2561777554643041,-0.004770071108333496,0.0020853113841811863,-1
2025-10-10 12:15:00,101.1556182220695,101.19291470697964,100.96450407261176,101.0599320059423,2355.4808073142485,-0.0009459308124354,100.97724452645498,100.52519053932312,0.2382135825925238,-0.003794575096442765,0.0021067881163085588,-1
2025-10-10 12:20:00,101.0599320059423,101.14410875770666,100.81697541633112,100.83030585752384,5304.231210177426,-0.0022721779429353,100.94785679266876,100.5529282955232,0.2407160057539345,-0.00427015903478678,0.0021566770601349266,-1
2025-10-10 12:25:00,100.83030585752384,100.9135378455318,100.50717278892246,100.57234267646926,3156.616268830775,-0.0025583893538824,100.87275396942889,100.55469323924557,0.2580568630753816,-0.0016299950203378932,0.0022232578937041486,-1
2025-10-10 12:30:00,100.57234267646926,100.61119636074888,100.17328900964785,100.19096678856845,2102.6342844387177,-0.0037920553280504,100.7363965332568,100.52162719827491,0.2774218112546671,0.002340416676678281,0.002346029151792467,1
2025-10-10 12:35:00,100.19096678856845,100.45657458799532,100.09964700171037,100.38110869619705,2030.976631100429,0.001897794918277,100.66533896584484,100.5088527889951,0.2767688437791439,0.0003466115466010944,0.0023398610183406904,0
2025-10-10 12:40:00,100.38110869619705,100.72931803689374,100.36803465910752,100.67741937940116,3219.1120499644376,0.0029518570481315,100.66775504855612,100.52417702448656,0.2956384408990514,-0.002531221343878176,0.002367151174072154,-1
2025-10-10 12:45:00,100.67741937940116,100.80633171259883,100.61413221359108,100.74496391549854,7831.217599150006,0.0006709005506273,100.6831968219446,100.5442485600331,0.2853211072514798,-0.0014324834537872144,0.002280940719846463,-1
2025-10-10 12:50:00,100.74496391549854,100.9103939761057,100.66551038105268,100.84737155599836,2787.75105234817,0.0010165038183516,100.71603176875536,100.57180519602991,0.2827280927781846,0.001038557690878239,0.0022825394784598617,1
2025-10-10 12:55:00,100.84737155599836,100.8816159775218,100.7943818331516,100.81111508711926,4926.53991587874,-0.0003595182335411,100.73504843242814,100.5935606406744,0.2653635949305685,0.0007643933872945041,0.0021812300604455476,0
2025-10-10 13:00:00,100.81111508711926,101.09867878013264,100.73866100097706,101.03196412392998,2366.475355673564,0.0021907210987583,100.79443157072852,100.63341550278857,0.2738231161713003,-0.003097450545152647,0.0021253771768065116,-1
2025-10-10 13:05:00,101.03196412392998,101.27792422477025,100.97946054680985,101.18601452461276,2917.5134156465087,0.0015247689384105,100.87274816150536,100.68365177749985,0.2759609634024836,-0.006065296731298742,0.0021245176132269248,-1
2025-10-10 13:10:00,101.18601452461276,101.28303838943218,100.99298615700738,101.02512084192811,3862.071310528559,-0.0015900782676396,100.90322269758992,100.7146944197206,0.2814593903298694,-0.004447699912557779,0.0021535732180892903,-1
2025-10-10 13:15:00,101.02512084192811,101.18443507074456,100.99876757656529,101.11695738444304,5179.376439810193,0.000909046599,100.94596963496056,100.75126378014993,0.2785828716230999,-0.005536570025329812,0.0018791180991543199,-1
2025-10-10 13:20:00,101.11695738444304,101.13471405295044,100.84751477531286,100.93452395995102,3792.816966313501,-0.0018041822975192,100.94368049995865,100.76792379649548,0.29026750337954,-0.0038709624487048844,0.001865689448031964,-1
2025-10-10 13:25:00,100.93452395995102,101.0209935421586,100.68912503197636,100.7209526815379,7030.851958487311,-0.0021159388287982,100.8991349362745,100.76365369513567,0.2976573516519961,-0.004475098947574918,0.0018722312480201153,-1
2025-10-10 13:30:00,100.7209526815379,100.87371466197855,100.6594201457278,100.8506867454181,4356.964276878133,0.001288054376237,100.88944529810324,100.77156579061592,0.2895974355716554,-0.005566396944305052,0.0018730861170898627,-1
2025-10-10 13:35:00,100.8506867454181,100.89611911049386,100.75100164455144,100.76911555993988,2018.513896633851,-0.000808831234676,100.86537935047056,100.77134304237264,0.2709368933811597,-0.006944819244950273,0.0018647344798162402,-1
2025-10-10 13:40:00,100.76911555993988,100.82834140869024,100.65082679186467,100.71678540929648,2029.690383440072,-0.0005193074321692,100.83566056223574,100.76638325754752,0.2523374123614833,-0.006196623449110206,0.0018698775732891174,-1
2025-10-10 13:45:00,100.71678540929648,100.78767158745828,100.67465949748257,100.76851544279188,3737.342814785748,0.0005136187904049,100.82223153834695,100.76657709256976,0.2349148769108221,-0.0076672646338972195,0.001764616894824722,-1
2025-10-10 13:50:00,100.76851544279188,100.77215685179527,100.59785739842744,100.6730987301428,2460.063993331452,-0.0009468901296181,100.79240497670614,100.75807905962183,0.2215588823095079,-0.007882526012177427,0.0017203293171404997,-1
2025-10-10 13:55:00,100.6730987301428,100.74259575319884,100.58517845581667,100.67645250470436,6487.480682041898,3.331351278390571e-05,100.76921448230578,100.75065846372024,0.2190744393362495,-0.004618353895657901,0.001719015401921988,-1
2025-10-10 14:00:00,100.67645250470436,100.7161162842188,100.35734544790536,100.39974441598602,1027.2953751252835,-0.0027484886667555,100.69532046904185,100.71875718665348,0.2272092422834209,-0.003772262881140631,0.001792175598394256,-1
2025-10-10 14:05:00,100.39974441598602,100.48347278654995,100.39715541753944,100.4084102587229,3080.1953585395527,8.631339439446606e-05,100.63793842697804,100.6905438295689,0.2271437583291578,-0.005579825995436494,0.0016845810789815605,-1
2025-10-10 14:10:00,100.4084102587229,100.47748826250216,100.34519973229834,100.42545539809292,1853.9333541294784,0.000169758084269,100.59544182120104,100.66644488125289,0.210877383404032,-0.008462768474780558,0.001684341086189083,-1
2025-10-10 14:15:00,100.42545539809292,100.5114051741976,100.3162228832043,100.41590194753176,2048.958961369956,-9.512977086612028e-05,100.5595338464672,100.6436682509146,0.2035001414778108,-0.009602070897667292,0.0016437460357995267,-1
2025-10-10 14:20:00,100.41590194753176,100.42391649701284,100.36729400289144,100.42258254662144,3458.1054725245967,6.652929426631538e-05,100.53214358649804,100.62356955052432,0.1868265887418547,-0.009315638396725334,0.0016142872262307176,-1
2025-10-10 14:25:00,100.42258254662144,100.678461004884,100.36682800572936,100.6006484216372,3313.575552748009,0.0017731656615491,100.54584455352588,100.62148581153455,0.1958241248115218,-0.008578181248768524,0.0015895211398137463,-1
2025-10-10 14:30:00,100.6006484216372,100.99608732644256,100.5679707223167,100.9521073693327,3359.7066070999786,0.003493605192508,100.62709711668724,100.65154231678896,0.2058896481321131,-0.011052643453855482,0.0017121485945791007,-1
2025-10-10 14:35:00,100.9521073693327,101.00772029516423,100.87884579796322,100.88817443685764,3649.797945252458,-0.0006332996322815,100.67931258072134,100.67305432770428,0.1913900757763106,-0.010615584786881183,0.0016743239817074457,-1
2025-10-10 14:40:00,100.88817443685764,100.93258890242733,100.66027221127707,100.71902261157648,6250.7498577254,-0.0016766268814492,100.68725458689238,100.67723326260176,0.1955345168405589,-0.009250696996939367,0.0016934273702896357,-1
2025-10-10 14:45:00,100.71902261157648,100.73058436944524,100.49592437642735,100.57229132146348,2882.20308705032,-0.0014568379071634,100.6642619338066,100.66769308613463,0.2019304116316636,-0.009591305152624185,0.0017068908791584851,-1
2025-10-10 14:50:00,100.57229132146348,100.66812565986248,100.5107768237548,100.57579142079334,4630.1558531271885,3.4801825471664216e-05,100.64656783120397,100.65933838928542,0.200489998723242,-0.009491882545023755,0.0017051979423910728,-1
2025-10-10 14:55:00,100.57579142079334,100.66262192683884,100.5142063203478,100.55711626913578,2734.940267852549,-0.0001856823733996,100.62867751879033,100.65004546927182,0.2030188213314799,-0.00950496031420478,0.0016994430724603991,-1
2025-10-10 15:00:00,100.55711626913578,100.58424067520782,100.4895667724777,100.54381020792415,2536.0860140332584,-0.0001323234168332,100.6117040566171,100.6403877182402,0.1973312820002155,-0.010751010165205743,0.001654943444695087,-1
2025-10-10 15:05:00,100.54381020792415,100.59793732305674,100.17190078144128,100.270216452194,3957.7956647862097,-0.0027211397217228,100.54340653573249,100.60673578496328,0.2165183708740242,-0.009321152529531918,0.0016630120307941343,-1
2025-10-10 15:10:00,100.270216452194,100.34334945643111,100.2167795887226,100.28931179088734,3882.973583126019,0.0001904387899913,100.49258758676346,100.5778790582291,0.1999325874022456,-0.007963173942124313,0.0015201122542559402,-1
2025-10-10 15:15:00,100.28931179088734,100.28973295480938,99.97668778813744,100.0692922669026,14031.595178831656,-0.0021938481783931,100.4079285227913,100.53164389538124,0.2161274300923474,-0.00470180312448365,0.0015301402439204036,-1
2025-10-10 15:20:00,100.0692922669026,100.12985639994888,100.06217123545936,100.09268141511023,2593.1426859052244,0.0002337295255898,100.34487910125507,100.4917382153566,0.2115129039698991,-0.0019015836562485955,0.001427485362144368,-1
2025-10-10 15:25:00,100.09268141511023,100.11083871484172,99.93119454110447,99.99589656812704,2448.3311485760973,-0.0009669522847711,100.27508259462948,100.44666170197208,0.2104030384516103,-0.0035991666528966126,0.0014253151009629662,-1
2025-10-10 15:30:00,99.99589656812704,100.01412488536316,99.86545665582432,99.87954041067594,3237.2362303118425,-0.0011636093224267,100.19597415783878,100.39510522094515,0.2169777338385705,-0.000778213751047363,0.001415774149213445,0
2025-10-10 15:35:00,99.87954041067594,100.22359586661574,99.83875888022293,100.21149301807824,2439.4023988134404,0.0033235295841109,100.19907792988668,100.37841320250271,0.2222065900698717,-0.0071819431242519105,0.0015537874971224036,-1
2025-10-10 15:40:00,100.21149301807824,100.24392190448576,99.98640179557152,100.0210101868496,1780.167340062255,-0.0019008082355809,100.16346438127928,100.34592201926152,0.2100211261261851,-0.00709098778376871,0.0015199399268947407,-1
2025-10-10 15:45:00,100.0210101868496,100.02401760878082,99.84066838611304,99.84814880100082,2497.103441031546,-0.0017282507497761,100.10040126522358,100.30066990851054,0.2139121779452395,-0.006614263191794256,0.0015017292818054312,-1
2025-10-10 15:50:00,99.84814880100082,99.9163844420828,99.52869505418676,99.57557802008446,2389.4607873601435,-0.002729853123863,99.99543661619576,100.23475246410815,0.2221530848556534,-0.001809908250923531,0.0015434419280448742,-1
2025-10-10 15:55:00,99.57557802008446,99.620726698092,99.35980635884889,99.45170133777836,2320.110903099253,-0.0012440468312533,99.88668956051228,100.16356599807818,0.2240288238717411,0.0006559120038684974,0.0015291322488831412,0
2025-10-10 16:00:00,99.45170133777836,99.51642078356964,99.42134954861436,99.48708208075182,2173.8707745944207,0.0003557580463433,99.8067680645602,100.10206746013942,0.2195804237894287,0.0014905228179962204,0.0015181434470455325,1
2025-10-10 16:05:00,99.48708208075182,99.78457727839772,99.48310932875027,99.73767782573276,5264.352416628716,0.0025188772224471,99.7929500167947,100.06894112973882,0.2305127340148851,-0.0015362929681604909,0.0015741525932532324,-1
2025-10-10 16:10:00,99.73767782573276,99.85018176441191,99.71607430070642,99.83631972066412,4189.178923346521,0.0009890133506389,99.8016239575686,100.04779372891385,0.2333294169416971,-0.0006561053914498904,0.0015652507452884965,0
2025-10-10 16:15:00,99.83631972066412,99.87092082809038,99.74318831903751,99.81718746712951,6247.037170143359,-0.0001916362060232,99.80473665948078,100.02682952329708,0.2120219860443677,0.000267173149597566,0.001562765807033216,0
2025-10-10 16:20:00,99.81718746712951,99.8967483374334,99.74025526285573,99.7873014515689,2479.47789336994,-0.000299407510059,99.8012496178984,100.00505424404906,0.2141593579635931,-0.00016629930502520818,0.001562232782086318,0
2025-10-10 16:25:00,99.7873014515689,99.78764323376863,99.53510085140668,99.60767178550071,4428.69908334936,-0.0018001255014934,99.76253405141888,99.9689285659992,0.2098377305128806,0.004382687422644249,0.001577380202772271,1
2025-10-10 16:30:00,99.60767178550071,99.64277683444564,99.54004647127144,99.62113782175436,1796.6331175386804,0.0001351907540079,99.73425480548596,99.93731122561331,0.2123409589903561,0.003088294129980129,0.0015760089178955047,1
2025-10-10 16:35:00,99.62113782175436,99.65422527437224,99.56805697597676,99.60132486968676,1707.0071209873538,-0.000198883013192,99.70766881832614,99.90676701143818,0.2056641107516575,0.003212874701457258,0.0015748305598692015,1
2025-10-10 16:40:00,99.60132486968676,99.6950168914887,99.43613249328432,99.46286268233024,3119.1249007832557,-0.0013901641121507,99.65870759112696,99.86641207242836,0.2135366942277668,0.002378598724871228,0.0015251821563839788,1
2025-10-10 16:45:00,99.46286268233024,99.55837660534952,99.28967121515284,99.33558247047392,1595.7660243494213,-0.0012796757344785,99.59408256699636,99.81815483588704,0.2052415802137557,0.0035523741508360906,0.0015333517012764083,1
2025-10-10 16:50:00,99.33558247047392,99.56785339161468,99.26990843363065,99.49069055656057,4599.519686924971,0.0015614554445559,99.5734041649092,99.78838535594826,0.2081290694330257,0.0011042017761062617,0.0015674720491529672,1
2025-10-10 16:55:00,99.49069055656057,99.65190509414104,99.39512683063585,99.5987861558572,2824.131780661392,0.001086489587035,99.5784805630988,99.7711490650309,0.2133740009214132,0.002844974675232148,0.001586043189594424,1
2025-10-10 17:00:00,99.5987861558572,99.99738971235922,99.58672278036236,99.90234680802116,6257.6465048843365,0.0030478348570326,99.64325381208327,99.78307613257546,0.2150152540714732,-0.0022672661182877585,0.0016896613861586258,-1
2025-10-10 17:05:00,99.90234680802116,99.98003431852862,99.55392369091328,99.63599467177254,3660.5132604804257,-0.0026661249185714,99.64180198402114,99.76970509068428,0.2268145603837774,0.0018212989036434646,0.0017078866296025362,1
2025-10-10 17:10:00,99.63599467177254,99.89365541862728,99.56762774879635,99.80181277888006,2168.9052062495944,0.0016642389896721,99.67380414299294,99.77262397142935,0.24331144858918,0.0018865010809598903,0.0016042956389982312,1
2025-10-10 17:15:00,99.80181277888006,99.80385535403953,99.44794586104852,99.49177977482604,2716.6777533457857,-0.0031064867002059,99.63739926935956,99.74709268082904,0.247200130256578,0.009936122016513282,0.0016760151153841082,1
2025-10-10 17:20:00,99.49177977482604,99.54437661145366,99.25382626651236,99.31176242549444,2855.971889833449,-0.0018093690728924,99.57227190058654,99.70751720307136,0.2583746217734222,0.011072431190506382,0.001679350571795162,1
2025-10-10 17:25:00,99.31176242549444,99.37646335610722,99.14755156642632,99.18772686561756,2414.1292689588563,-0.0012489513512553,99.49536289359276,99.66026353603009,0.265601713246853,0.012905293030076814,0.0016756811973955893,1
2025-10-10 17:30:00,99.18772686561756,99.4828912497158,99.1758024472188,99.39535535983543,2033.779619439637,0.0020932881595239,99.4753613868413,99.63618097455785,0.2763585509553761,0.010378700015031717,0.0017327105246062278,1
2025-10-10 17:35:00,99.39535535983543,99.55432777891608,99.37316327895992,99.51693290249096,7637.343172843848,0.0012231712660553,99.48367568997124,99.62534024073358,0.2712601307835344,0.0073399369559890015,0.001755229865024181,1
2025-10-10 17:40:00,99.51693290249096,99.71221803426364,99.4288636393897,99.63536984668904,3806.490593524664,0.0011901185129379,99.5140145213148,99.62625202309316,0.2841618473335155,0.004984810448259269,0.0017753268798819802,1
2025-10-10 17:45:00,99.63536984668904,99.68897735956116,99.57747586924329,99.58445153262844,2772.3421162977047,-0.0005110465704994,99.52810192357754,99.62245197850544,0.2859713610422584,0.007772117640603371,0.0017194904897875056,1
2025-10-10 17:50:00,99.58445153262844,99.8195469701684,99.4943976120679,99.77081657303287,6330.329487754072,0.0018714270906374,99.5766448534686,99.63593966891705,0.2907045724634096,0.006657991050888379,0.0017574711907996944,1
2025-10-10 17:55:00,99.77081657303287,99.93147033810016,99.68604221691746,99.84385593948907,2532.2738830479216,0.0007320714510012,99.6300870706727,99.65484114805994,0.2890419103909828,0.007950383592207233,0.0017240644088800793,1
2025-10-10 18:00:00,99.84385593948907,99.88742533163511,99.7489523715247,99.77070689268716,4537.725521279783,-0.0007326344331716,99.6582110350756,99.66537439757153,0.2776510534000118,0.009875019496470738,0.001727050914849708,1
2025-10-10 18:05:00,99.77070689268716,100.11996527191054,99.68326146841144,100.0442210758339,3877.149855660578,0.0027414277363086,99.73541304322728,99.69981500468629,0.2905028776852906,0.007647762332694041,0.0017902111899465152,1
2025-10-10 18:10:00,100.0442210758339,100.06055531298595,99.9094286016324,99.92879719691122,2839.5945286902784,-0.0011537285980285,99.77408987396406,99.7206315676158,0.2719642904964833,0.008358202658037772,0.0017900018938089202,1
2025-10-10 18:15:00,99.92879719691122,99.99375321888115,99.88542938896384,99.9213314465922,2797.945797499958,-7.471069930242713e-05,99.8035381884897,99.73887701115912,0.2492652335180512,0.007608294311242103,0.0016852436479647755,1
2025-10-10 18:20:00,99.9213314465922,99.92844763507864,99.66358128475248,99.69944492067847,1389.0151584377666,-0.0022206121826179,99.78271953492748,99.73529227566088,0.2448965678391396,0.00993217839920768,0.0016972387950692134,1
2025-10-10 18:25:00,99.69944492067847,99.7803619858626,99.63845155686096,99.68845962590028,6624.940012445142,-0.0001101841117264,99.76386755312204,99.73103476204628,0.229610920411327,0.01009190740873378,0.0016710417684064297,1
2025-10-10 18:30:00,99.68845962590028,99.73315124478955,99.57085471179252,99.60054835377916,2131.082982409038,-0.0008818600713765,99.73120371325348,99.71917236129472,0.2204499338438787,0.00790971971933585,0.001606062317623379,1
2025-10-10 18:35:00,99.60054835377916,99.89124802169594,99.52781964270554,99.88214218015447,4330.559925608904,0.0028272316872703,99.76139140663368,99.73398779937288,0.2300582616517011,0.0036808605277145467,0.0016638098089052913,1
2025-10-10 18:40:00,99.88214218015447,99.89087247476114,99.645528675864,99.6758416019659,3275.8012387621698,-0.002065440064516,99.74428144570012,99.7287017814268,0.2256479042517116,0.006598547653468456,0.0017079748310771896,1
2025-10-10 18:45:00,99.6758416019659,99.90692135636696,99.62772526155447,99.81746159963166,9241.723048872953,0.0014208056374511,99.75891747648645,99.73677085580906,0.2326501610271612,0.010284753238948952,0.0016675458174209997,1
2025-10-10 18:50:00,99.81746159963166,100.01275785830153,99.73567590762494,99.99008900656918,6428.51303775022,0.0017294309449575,99.805151782503,99.75979977860544,0.232202129298779,0.008040842117416513,0.0016863650051740892,1
2025-10-10 18:55:00,99.99008900656918,100.53805308322558,99.97387826122488,100.48034223830878,3598.4997549908458,0.0049030182552132,99.94018987366417,99.82530363857846,0.2645359387046956,0.00591992933272234,0.001890948657348594,1
2025-10-10 19:00:00,100.48034223830878,100.56592752356184,100.35597970331597,100.41138508135865,3207.8478464068617,-0.0006862751003235,100.03442891520304,99.87858376974027,0.2563072574293658,0.008610729441463683,0.0018955330092601493,1
2025-10-10 19:05:00,100.41138508135865,100.53650754837405,100.3414540649296,100.46777354580558,7313.058093471017,0.0005615744111213,100.12109784132356,99.93214647665532,0.2527090690194902,0.005365549730996344,0.0018609435688401673,1
2025-10-10 19:10:00,100.46777354580558,100.47911486370624,100.3470073044568,100.42694993600264,5012.638074825351,-0.0004063353686676,100.18226826025938,99.97712860932326,0.2522543975294177,0.006994029542317204,0.001864671200615221,1
2025-10-10 19:15:00,100.42694993600264,100.51073553924384,100.16296963952524,100.24738091604864,2866.3764348743416,-0.0017880560951859,100.19529079141724,100.00169700084376,0.2459016901165256,0.006807642963182037,0.0018979721776979644,1
2025-10-10 19:20:00,100.24738091604864,100.31461097003547,100.0690450318612,100.132033279317,2289.645572085137,-0.0011506299284588,100.1826392889972,100.01354575343224,0.2526473491751478,0.00959511380224276,0.001891945669481923,1
2025-10-10 19:25:00,100.132033279317,100.41574812746563,100.0694220596319,100.358433605115,1889.364717880704,0.0022610179618189,100.21779815222077,100.04489919449428,0.2696475090263216,0.009640999621101543,0.0019054235859771017,1
2025-10-10 19:30:00,100.358433605115,100.53313134211344,100.33846331735764,100.43508977691596,4317.816246457523,0.0007638239164093,100.26125647715982,100.08037106562354,0.2646333429141531,0.008264668467866443,0.001893867822766711,1
2025-10-10 19:35:00,100.43508977691596,100.73033306144742,100.3591008868088,100.6376528935331,2500.739000362993,0.0020168560317619,100.33653576043449,100.13103304997895,0.2810134676025108,0.004471945356790519,0.001913418880901147,1
2025-10-10 19:40:00,100.6376528935331,100.84084204146592,100.55834638881872,100.75594456842911,4097.122968522263,0.0011754216388688,100.42041752203342,100.18784318801988,0.2895991190060942,0.004986196781705532,0.0018552474524462373,1
2025-10-10 19:45:00,100.75594456842911,100.83977594660723,100.68697407318618,100.80933550138138,2576.408630706087,0.0005299035524002,100.49820111790302,100.24434248923455,0.2745543686082844,0.0048765173180902455,0.0017765791304453897,1
2025-10-10 19:50:00,100.80933550138138,100.88301356401182,100.71372977033244,100.76402233525695,3090.8430304894973,-0.0004494937487589,100.55136536137384,100.29158611160022,0.2691215110927294,0.005476839635861763,0.0017660724085555896,1
2025-10-10 19:55:00,100.76402233525695,100.76922795747087,100.67612134175018,100.68156234420904,2850.763284804186,-0.0008183475523989,100.57740475794088,100.32703849638284,0.2558294054433188,0.007185524031948942,0.0016671967871234109,1
2025-10-10 20:00:00,100.68156234420904,100.71977540366584,100.66881310948558,100.68967759393264,4039.473954073531,8.06031366085147e-05,100.59985932513922,100.36000568706918,0.2396780014078682,0.005913230862297114,0.0016202090651687316,1
2025-10-10 20:05:00,100.68967759393264,100.76078412414074,100.62299216892644,100.69450633016416,965.4554750076186,4.795661627809977e-05,100.61878872614422,100.39041483644144,0.2092220823516969,0.005775487893386666,0.0015927944656227242,1
2025-10-10 20:10:00,100.69450633016416,100.76632281417784,100.2890558324512,100.38836077514972,3352.2237827610693,-0.0030403401950315,100.57270313594532,100.39022810359674,0.2283163081717489,0.004754043388708995,0.0016804020192920466,1
2025-10-10 20:15:00,100.38836077514972,100.46716883384576,100.21874625101204,100.24979441472898,2127.030279811107,-0.0013803030485884,100.50812139170206,100.37746140460877,0.2321283866995541,0.002423777919122072,0.0016978019302177649,1
2025-10-10 20:20:00,100.24979441472898,100.40743753986936,100.23316010159938,100.33355739267604,5449.687996107308,0.0008355426406214,100.47320859189686,100.37347013079668,0.2351405209153075,0.0005172733096094895,0.0016924872089561418,0
2025-10-10 20:25:00,100.33355739267604,100.9267512006996,100.29211672821958,100.84405956112212,6353.617442088566,0.0050880501171521,100.54737878574193,100.416250988099,0.255631133255408,-0.0010397187106783168,0.0018921557906222935,-1
2025-10-10 20:30:00,100.84405956112212,100.9275459049674,100.76206625750454,100.79409352557742,1655.8327453929192,-0.0004954782241229,100.59672173370905,100.45060030968794,0.2499106839188769,-7.321982323926779e-05,0.0018787780199961699,0
2025-10-10 20:35:00,100.79409352557742,101.09572337583472,100.7257100219484,101.07517876368732,2738.536464223504,0.0027887074359032,100.6924131397047,100.50738016914242,0.2516026329226314,-0.002720021689770258,0.0019278429858374576,-1
2025-10-10 20:40:00,101.07517876368732,101.30146743671575,101.07364188326018,101.27600035113686,5153.669664526907,0.0019868536460276,100.80913058199114,100.57725473114192,0.2539710278297593,-0.008345183469957163,0.001936909502326485,-1
2025-10-10 20:45:00,101.27600035113686,101.36188105226556,100.95603668205436,101.00683838112808,3124.3720814283597,-0.002657707345033,100.84867214181854,100.61630779023156,0.2564433275135128,-0.005471455317505036,0.00196756913747508,-1
2025-10-10 20:50:00,101.00683838112808,101.16601461538404,100.99655681689632,101.12933899069986,1428.6494297004094,0.0012127952080784,100.90480551159482,100.66294699027414,0.2483691950735494,-0.008244272436159661,0.001955558793451545,-1
2025-10-10 20:55:00,101.12933899069986,101.1740761849379,100.89059280632868,100.92982929331922,2696.099992683979,-0.0019728171801755,100.9098102679397,100.68720901782368,0.2577035883012755,-0.007716018768366251,0.001997969833656149,-1
2025-10-10 21:00:00,100.92982929331922,101.14505112290672,100.85379344523064,101.092811533882,3296.381859577471,0.0016148074528998,100.94641052112816,100.724081973829,0.2664160085867532,-0.009043331027766222,0.0019554942645541064,-1
2025-10-10 21:05:00,101.092811533882,101.40045470831129,100.99755874365682,101.32598922547626,3393.2619493450597,0.0023065704480493,101.0223262619978,100.77880081488784,0.288543819224878,-0.01072087058073612,0.0019802454123123907,-1
2025-10-10 21:10:00,101.32598922547626,101.36973970733588,101.19626487946886,101.26515249646258,1353.40806101293,-0.0006004059716437,101.07089150889075,100.8230146041219,0.297294714488218,-0.009904253757522463,0.0019744751337750542,-1
2025-10-10 21:15:00,101.26515249646258,101.36449798368204,101.0256657186871,101.08769897810863,2084.4573267785368,-0.0017523650928202,101.07425300273434,100.84707681993886,0.3116547366154064,-0.007563250346218409,0.0019678041880484397,-1
2025-10-10 21:20:00,101.08769897810863,101.27006544612618,101.01719613101083,101.25833353497391,4368.972321333842,0.001687985369043,101.11106910918224,100.88446379403295,0.2956263318574587,-0.009193533338337945,0.0019290124852707413,-1
2025-10-10 21:25:00,101.25833353497391,101.30732639458186,101.16695315457328,101.30093397177905,3760.656012872134,0.000420710427655,101.14904208170162,100.9223247192826,0.287908521655664,-0.011438941835877015,0.0019216024400685804,-1
2025-10-10 21:30:00,101.30093397177905,101.37505317262163,101.26614264088316,101.31589072665156,3670.581915895584,0.0001476467618422,101.18241181069162,100.95810344722524,0.2832394569034134,-0.011431242285788845,0.001908270255203155,-1
2025-10-10 21:35:00,101.31589072665156,101.48907236133,101.21790772527234,101.40501213000752,1552.805800249699,0.0008796389462379,101.2269318745548,100.99873150929636,0.2572773257303881,-0.012402391147215641,0.0017268452246396546,-1
2025-10-10 21:40:00,101.40501213000752,101.4977848295603,101.237504971726,101.28507890299583,3643.936897773245,-0.001182714981168,101.23856128024302,101.02476309054175,0.2640487693283496,-0.010562615159451227,0.0017380714681708503,-1
2025-10-10 21:45:00,101.28507890299583,101.2858387549292,101.25875423413592,101.27606623240456,6616.578718821283,-8.898320156214279e-05,101.24606227067534,101.0476088307111,0.2395538526788466,-0.010137011329808043,0.0017383826260976615,-1
2025-10-10 21:50:00,101.27606623240456,101.27919212346652,100.78930038245102,100.86561139799616,2522.1174648598703,-0.0040528315294803,101.1699720961395,101.0310636095552,0.2582728660759841,-0.005971581159601502,0.001895351998798943,-1
2025-10-10 21:55:00,100.86561139799616,100.95473458615278,100.45181498772077,100.49277765282794,2825.033369836566,-0.0036963414983633,101.0345332074772,100.98212852257998,0.2652068109489016,-0.0027514185358793464,0.001985768970349781,-1
2025-10-10 22:00:00,100.49277765282794,100.5523035025994,100.31884240780452,100.38545726397344,1950.4826486674308,-0.001067941312412,100.90471801877644,100.92788568088848,0.2697784749708408,-0.0012441780949252745,0.0019841713511426474,-1
2025-10-10 22:05:00,100.38545726397344,100.78012877743885,100.34962146581316,100.73921010553566,1317.871431246616,0.0035239451132047,100.87161643612828,100.9107333558564,0.2802801844720142,-0.005414978920087354,0.0020406894383884155,-1
2025-10-10 22:10:00,100.73921010553566,100.83456476181904,100.6400138806796,100.78671339986592,1205.7759728381825,0.0004715472186103,100.85463582887584,100.89945881440272,0.2733725561479687,-0.0051662079613655765,0.0020383693368707543,-1
2025-10-10 22:15:00,100.78671339986592,100.8490172251754,100.72405411879492,100.80025208515268,4200.392092107816,0.0001343300602834,100.8437590801312,100.89044002083452,0.2535202091283984,-0.004856384542365366,0.002008544853169669,-1
2025-10-10 22:20:00,100.80025208515268,100.89545338339536,100.35041098893127,100.43083354710318,4268.504158674189,-0.0036648572836647,100.76117397352562,100.84865761413168,0.2800607495996163,0.00015526845795488242,0.0021013556209402806,0
2025-10-10 22:25:00,100.43083354710318,100.49629417303902,100.33486560751192,100.45418397816329,6405.088753059442,0.0002325026113534,100.69977597445316,100.8127963744982,0.2673890567804844,-0.002364796374399014,0.002099141574695208,-1
2025-10-10 22:30:00,100.45418397816329,100.47803759771756,100.2101986806374,100.2956011687718,2466.1453762933197,-0.0015786580818371,100.6189410133169,100.76577862852308,0.268458314063687,-0.0035430617321323687,0.002114499062124557,-1
2025-10-10 22:35:00,100.2956011687718,100.36555859557636,100.1388364853618,100.15105283620396,1871.715857354328,-0.0014412230534878,100.52536337789432,100.70989446558497,0.2746260905069694,-0.0035088821081203925,0.0021237589795220823,-1
2025-10-10 22:40:00,100.15105283620396,100.2544177548996,100.10737270881025,100.17859577465352,2722.00240439613,0.0002750139680969,100.45600985724616,100.6615945845912,0.2773499843891766,-0.006731793189057034,0.0021247558625913563,-1
2025-10-10 22:45:00,100.17859577465352,100.30048029105082,100.128155127991,100.23968640852488,3435.4296542789634,0.0006098172309059,100.41274516750192,100.6232392958579,0.2702900220321871,-0.003548204082032269,0.002128820285514768,-1
2025-10-10 22:50:00,100.23968640852488,100.27462609618595,100.15883461333644,100.2621967293434,3642.695065207484,0.0002245649565062,100.38263547987025,100.59041724435656,0.2599694238189879,-0.00048701977428855514,0.0020625006516947707,0
2025-10-10 22:55:00,100.2621967293434,100.3914698563522,100.26065718392252,100.32314740381403,3461.4005510904467,0.0006079128171825,100.370737864659,100.56611998612544,0.2673785775073035,0.0024927161272221277,0.00205064930238061,1
2025-10-10 23:00:00,100.32314740381403,100.35620772595024,100.2966894642115,100.32741166983558,2694.9383502540504,4.250530542448949e-05,100.36207262569432,100.54441923009908,0.236637614701819,0.004460757561636219,0.00204532153351511,1
2025-10-10 23:05:00,100.32741166983558,100.3755292473605,100.06254091435298,100.14215848015584,3207.8077245941577,-0.0018464862852176,100.31808979658663,100.50785007101332,0.2230710957429258,0.0031599176300547427,0.0018465627283184942,1
2025-10-10 23:10:00,100.14215848015584,100.21855206608546,100.07246905354788,100.1577242323547,1850.9215029424468,0.0001554365557432,100.28601668374026,100.47602044931708,0.2168298041531195,0.004378610335592947,0.0018469765974297042,1
2025-10-10 23:15:00,100.1577242323547,100.22965076156068,100.05547592618208,100.14734750528302,4947.338151680674,-0.0001036038623202,100.25828284804882,100.44614109076852,0.1985203415640433,0.008040817874823913,0.0017651481092447602,1
2025-10-10 23:20:00,100.14734750528302,100.31434620856642,100.07354028860698,100.21524359314884,1514.588763645433,0.0006779619186843,100.24967499706884,100.42515040916672,0.2018242729083295,0.007279799106189255,0.0017254858107645338,1
2025-10-10 23:25:00,100.21524359314884,100.25922521337095,100.2042284310192,100.24942960156828,4236.929734570758,0.0003411258326948,100.24962591796871,100.40917579029414,0.1968266783348491,0.006446414249952959,0.0016755618794210554,1
2025-10-10 23:30:00,100.24942960156828,100.32977221108048,100.16941029012165,100.2632842133202,1416.0884877488186,0.0001382014023121,100.25235757703904,100.39591291966016,0.1693495016559032,0.00897344125443067,0.0016562914544010403,1
2025-10-10 23:35:00,100.2632842133202,100.3316836173486,100.16419996644542,100.21627996167194,3084.8230571464237,-0.0004688082184526,100.24514205396562,100.37958265075213,0.1697820077541934,0.010331972030835024,0.001627424154849639,1
2025-10-10 23:40:00,100.21627996167194,100.31538914888016,100.18558001909288,100.26055987699654,2974.0420290533407,0.0004418435342194,100.2482256185718,100.36876239859252,0.1599227372332724,0.010250265358273447,0.0015976935126750266,1
2025-10-10 23:45:00,100.26055987699654,100.26838334510164,100.16372692670328,100.19370940638794,3469.1093650130574,-0.0006667673778264,100.23732237613504,100.35284849021028,0.1512037592464037,0.011028786682031333,0.0015287644174324677,1
2025-10-10 23:50:00,100.19370940638794,100.33636810994712,100.11732503302046,100.26602827869966,8155.202852085193,0.0007217905469334,100.24306355664795,100.34495574370932,0.1563464757347818,0.009965103473042136,0.0015396070130336444,1
2025-10-10 23:55:00,100.26602827869966,100.37764488185894,100.21231547389692,100.3107272990598,2190.761106325808,0.0004458042382597,100.25659630513034,100.341844066923,0.1558467789420825,0.006736846853593548,0.0015220530840797785,1
2025-10-11 00:00:00,100.3107272990598,100.46250461154446,100.22182230005036,100.44642728775916,4076.269144426244,0.0013527963793422,100.29456250165612,100.35135163245356,0.1647675524166964,0.0070628673925787755,0.0015094583243720622,1
2025-10-11 00:05:00,100.44642728775916,100.48153166247845,100.1437899778436,100.21663028809851,2276.324438348058,-0.002287756825858,100.2789760589446,100.3391042375122,0.1795481961456358,0.007572375007778964,0.0015461019023880293,1
2025-10-11 00:10:00,100.21663028809851,100.28377295653806,99.89589018545848,99.94024766236952,7445.856156402599,-0.0027578519147417,100.2112303796296,100.30284454886284,0.2030028039556961,0.014650127306493843,0.0016011724263759733,1
2025-10-11 00:15:00,99.94024766236952,99.99845780392182,99.70511964705148,99.79963459879758,6141.181217772068,-0.0014069713339813,100.1289112234632,100.257098189766,0.2015992199458967,0.014638241241197836,0.0015920277689202035,1
2025-10-11 00:20:00,99.79963459879758,99.81046529711696,99.46425871863109,99.5042141859284,4819.25882904926,-0.0029601352154924,100.00397181595623,100.18865418941714,0.2158937603707755,0.016733809577244463,0.0016467763323105282,1
2025-10-11 00:25:00,99.5042141859284,99.93585796330784,99.4508842208699,99.88401554402851,4409.807138253973,0.0038169374152379,99.97998056157073,100.16095976710908,0.2380936823035863,0.011216716028354279,0.0018181111945024108,1
2025-10-11 00:30:00,99.88401554402851,100.25247250497148,99.81917718672454,100.2133670569226,7245.049728473292,0.0032973395302564,100.0266578606411,100.16572406618305,0.2518429250384071,0.008435961023348426,0.001810037266973791,1
2025-10-11 00:35:00,100.2133670569226,100.585304592533,100.20204102916772,100.5732245312812,1401.5858233626857,0.0035909129183753,100.13597119476913,100.20276956301014,0.27529055225366,0.005455752207767839,0.0018145185499826334,1
2025-10-11 00:40:00,100.5732245312812,100.80477828394878,100.5285264060684,100.7749479300812,2194.815872907149,0.0020057366136976,100.26376654183154,100.2547857781984,0.2835684063194839,0.005039268064402025,0.0018359363075438422,1
2025-10-11 00:45:00,100.7749479300812,100.7985108616396,100.45106446650456,100.45859945224902,1419.2220501699787,-0.0031391579388527,100.30273312391505,100.2733142940212,0.2964228880503319,0.0072593423022686565,0.0018154689118188333,1
2025-10-11 00:50:00,100.45859945224902,100.63512803144609,100.4509026037708,100.59627587886796,3060.620599111504,0.0013704792558291,100.36144167490563,100.30267443809817,0.3003097664709031,0.004368298782735147,0.0018312536987741814,1
2025-10-11 00:55:00,100.59627587886796,100.9530847598182,100.54541696138992,100.9526140872197,2147.8979768117456,0.0035422604389532,100.47967615736846,100.36175986074558,0.3219534364730388,0.0021269362316156393,0.001938710711934852,1
2025-10-11 01:00:00,100.9526140872197,101.05147984502088,100.86199033302016,100.94479043388478,2635.349904584852,-7.749827387493191e-05,100.57269901267172,100.41476264012186,0.3198424675497569,0.0031933850544467735,0.0018169234164574146,1
2025-10-11 01:05:00,100.94479043388478,100.95684000162969,100.85780190734276,100.89567895310148,3072.141756761973,-0.0004865182301355,100.63729500075767,100.4584823049382,0.3151073737158206,0.00438614389691705,0.0018204547809070497,1
2025-10-11 01:10:00,100.89567895310148,101.18374371690253,100.85835615600575,101.16299090418472,4412.282037148918,0.0026493894868133,100.7424341814431,100.52252854123331,0.3211577486731524,-0.0009723601702388285,0.0018450605250059841,-1
2025-10-11 01:15:00,101.16299090418472,101.3300316377098,101.1123458092901,101.25171176327028,932.7147004885492,0.0008770090553134,100.84428969780856,100.58881792505488,0.3125823303720705,-0.0053140362092490845,0.001821026834799375,-1
2025-10-11 01:20:00,101.25171176327028,101.29301824564496,101.1858388248393,101.28825722070482,2381.5330225713233,0.0003609366873715,100.9330832023878,100.65240331556848,0.2925320910667923,-0.0071850555103759595,0.0018209863555789822,-1
2025-10-11 01:25:00,101.28825722070482,101.33282956083134,101.21043125210392,101.29872445431243,2709.1416240670605,0.000103341037696,101.00621145277272,100.71115978272702,0.2803221019137275,-0.0034384964268122653,0.0018208196466043742,-1
2025-10-11 01:30:00,101.29872445431243,101.31891662496436,101.22357423178195,101.26518962532788,5249.369613253536,-0.0003310488771225,101.05800708728376,100.76152613205436,0.2624032315349081,-0.0012811946319940537,0.0018245037022981106,-1
2025-10-11 01:35:00,101.26518962532788,101.29305912811554,100.9537166273784,100.98650530664617,3604.3073769913262,-0.0027520248538794,101.04370673115623,100.78197878429,0.2520009999848511,0.0009708583615766209,0.0019020021534947918,1
2025-10-11 01:40:00,100.98650530664617,101.17431189380127,100.89130603258302,101.1558670837509,7520.874386002955,0.0016770733534194,101.06613880167518,100.81596862969552,0.241266038768517,-0.003409236040654906,0.0019192923174041773,-1
2025-10-11 01:45:00,101.1558670837509,101.1985914508333,100.96355081833504,100.97550819465594,3642.499293584006,-0.0017829800118823,101.04801268027134,100.8304722265101,0.2306786865637298,-0.000720731238119332,0.0019170767535335073,0
2025-10-11 01:50:00,100.97550819465594,101.46421618620133,100.8771078414864,101.40438501366576,1751.3453410404716,0.0042473350882579,101.11928714695024,100.88264611625152,0.2528827199090549,-0.002658745634517734,0.002042206999764035,-1
2025-10-11 01:55:00,101.40438501366576,101.46486087030836,101.17387730110455,101.26052572583816,5602.920659353133,-0.0014186692992441,101.14753486272782,100.91699880803212,0.2488496609139677,0.0012579735707485273,0.0020655309929375316,1
2025-10-11 02:00:00,101.26052572583816,101.33780263637972,101.13200791195013,101.16929875824908,8250.548585448814,-0.0009009134303339,101.15188764183208,100.93993516714276,0.2503903249678479,-0.0006288848886807363,0.0020762140030561064,0
2025-10-11 02:05:00,101.16929875824908,101.24105345651272,100.92110878865132,101.00438618215762,4315.219734604228,-0.0016300654261282,101.1223873498972,100.94579435032593,0.2441243870702142,0.0045812788833961005,0.002103956657998863,1
2025-10-11 02:10:00,101.00438618215762,101.1134495566645,100.998155745335,101.05876311543332,3124.150519069526,0.0005383620982322,101.10966250300444,100.95606423806296,0.2388246941651277,0.004745859848374057,0.002104541906636558,1
2025-10-11 02:15:00,101.05876311543332,101.18322361040508,100.9992756729059,101.12192712306008,3671.716994726823,0.0006250225678561,101.11211542701557,100.9711426821536,0.2448896829660033,0.003611800777530094,0.002101385600667994,1
2025-10-11 02:20:00,101.12192712306008,101.30122347698588,101.04964672354942,101.28277990687704,9092.556590772152,0.0015906815504138,101.14624832298789,100.99947333894664,0.2396174824331244,0.005851076356295115,0.002113957464493167,1
2025-10-11 02:25:00,101.28277990687704,101.31709234934272,101.13791624571736,101.1878628128794,2393.7498132938927,-0.0009371493760826,101.15457122096618,101.01659965475868,0.2368667878049584,0.008955605474102457,0.0021185608788028493,1
2025-10-11 02:30:00,101.1878628128794,101.2796295462586,100.9857517947765,101.0357104683373,3775.99528479687,-0.0015036620036481,101.1307990704404,101.01833700144766,0.2502023828532732,0.010809968589479357,0.002141040881328525,1
2025-10-11 02:35:00,101.0357104683373,101.20514707413166,100.9366609349714,101.16733385979812,930.7017455171411,0.0013027412867261,101.13810602831197,101.0318821703886,0.2606372278841898,0.00956872231076833,0.002149026513654051,1
2025-10-11 02:40:00,101.16733385979812,101.3289682925124,101.15319359999408,101.2671460189806,4726.072172636362,0.0009866046220097,101.16391402644568,101.05326979298788,0.2663823921224692,0.007734412857935302,0.00214403284045423,1
2025-10-11 02:45:00,101.2671460189806,101.41922372852004,101.22013918582722,101.33822191956692,3146.8425050866667,0.0007018653470594,101.19877560506994,101.0791745317678,0.2563639665478742,0.008903058470332459,0.0020941443133960617,1
2025-10-11 02:50:00,101.33822191956692,101.41105653385245,100.97166442896176,101.06462404112726,1470.6693705057933,-0.002699848815749,101.1719452922814,101.07785175989136,0.2675344125244763,0.008506323887150335,0.0020913908317401445,1
2025-10-11 02:55:00,101.06462404112726,101.12983176194771,100.67248955883228,100.7136565007118,1819.0431027314453,-0.0034727041607816,101.08028753396748,101.04474309996596,0.2834130961399879,0.01412921367467379,0.0021775360451222105,1
2025-10-11 03:00:00,100.7136565007118,100.8092994915148,100.54608205171895,100.56049547002482,4146.009357188506,-0.0015207573233715,100.97632912117896,101.00072058815311,0.2602780315029115,0.016541411347716917,0.0021224622573492945,1
2025-10-11 03:05:00,100.56049547002482,101.04088595864488,100.49892355034603,100.95040915223564,4307.809170398532,0.0038774041475069,100.9711451273903,100.99614682125154,0.2782050914382716,0.011532601731911285,0.0021256891710173557,1
2025-10-11 03:10:00,100.95040915223564,101.21358083122628,100.91649967758607,101.13544920797204,2792.0559028531043,0.0018329797500609,101.00400594350666,101.00881067458975,0.2847255506676,0.009262838423603093,0.0020749975224301407,1
2025-10-11 03:15:00,101.13544920797204,101.18496821091406,101.075735344146,101.08454889972953,2784.6302943293836,-0.0005032884971704,101.02011453475124,101.01569596778428,0.2696747077323605,0.014552560579647711,0.0019892451334502046,1
2025-10-11 03:20:00,101.08454889972953,101.10010494544343,100.76532010139444,100.81100285596528,5863.011024895797,-0.0027061113369124,100.97829219899404,100.99708750307346,0.2853526386408965,0.01600494382840112,0.002022357655155525,1
2025-10-11 03:25:00,100.81100285596528,100.9628906111108,100.80893477855822,100.90273199161508,718.667422121427,0.0009099119446402,100.96318015751824,100.98850972930452,0.283210345430425,0.016314322629095157,0.0019439116377059154,1
2025-10-11 03:30:00,100.90273199161508,101.2213885169881,100.8599897721285,101.13477654768973,6092.103301803908,0.0022996855634584,100.99749943555256,101.00180671279408,0.2910547733892211,0.013470291918294741,0.001969659527018937,1
2025-10-11 03:35:00,101.13477654768973,101.44723220931743,101.0781948439556,101.38790879096136,3065.603870030571,0.0025029198848556,101.07558130663432,101.03690690171835,0.3046162920846821,0.009862629436385495,0.0019201839305131518,1
2025-10-11 03:40:00,101.38790879096136,101.45925043665878,101.10404055332872,101.1056749150616,2867.805096956033,-0.0027837034934969,101.08160002831978,101.04315853929502,0.3089971586452508,0.011455154352237207,0.001988287311024812,1
2025-10-11 03:45:00,101.1056749150616,101.51561016374184,101.00857765652869,101.46711544370432,3925.488064238087,0.0035748787488572,101.1587031113967,101.0817000760595,0.3260361849347433,0.007197070491987034,0.0020803199940229618,1
2025-10-11 03:50:00,101.46711544370432,101.61379814904764,101.4267867511884,101.5383738416292,2509.4105092180785,0.000702280710487,101.2346372574432,101.12321587292948,0.32683880674481,0.00474159812761088,0.0020336732716239665,1
2025-10-11 03:55:00,101.5383738416292,101.572543151013,101.44394171241774,101.48715937806848,5429.26299646883,-0.0005043853040291,101.28514168156828,101.15630164612392,0.3218042993092699,0.005994786163405319,0.002031697134565613,1
2025-10-11 04:00:00,101.48715937806848,101.929158739174,101.44900987921756,101.87539318569002,2329.3813559592195,0.0038254475738674,101.40319198239264,101.22167360426629,0.3247154960996791,0.0024695363049300756,0.002137027453763016,1
2025-10-11 04:05:00,101.87539318569002,102.1547655936592,101.77412003492638,102.09406139099916,2887.8203499443116,0.002146428087012,101.54136586411394,101.30098158487836,0.3192371643580632,-0.0019844207262431635,0.0021649133698606353,-1
2025-10-11 04:10:00,102.09406139099916,102.18613103282664,102.02779882726534,102.12790332491576,6052.69343811523,0.0003314779866283,101.6586733562743,101.37615628851812,0.3117453619127386,-0.0028961300859546846,0.0021623764346598204,-1
2025-10-11 04:15:00,102.12790332491576,102.22238534600768,102.0514925302329,102.13537598442332,2566.2682827485864,7.316961637582331e-05,101.75401388190411,101.44517626087313,0.2852403910181615,-0.0024915933533166124,0.0020916376574808956,-1
2025-10-11 04:20:00,102.13537598442332,102.17317536905968,101.9785929403012,102.0503879352362,1920.4259814833113,-0.0008321117768252,101.81328869257054,101.50019550399703,0.2779190535266096,-0.0004062597962516401,0.0020875317417965544,0
2025-10-11 04:25:00,102.0503879352362,102.32054627002027,102.01596502922014,102.24044203459634,2844.338117478773,0.0018623554814976,101.8987193609757,101.56749064314242,0.2918725088146163,-0.0010327765210660367,0.0020708733245381897,-1
2025-10-11 04:30:00,102.24044203459634,102.24130199283576,101.86587499179102,101.92431246675416,3025.8154491580226,-0.0030920207459118,101.9038379821314,101.59992899074348,0.294775520028598,0.00034311398651620806,0.0020361541703925743,0
2025-10-11 04:35:00,101.92431246675416,102.15353122977864,101.87629429816256,102.13666127336806,4318.377806515748,0.0020833969979747,101.95040264037874,101.64872283461844,0.3035813128188503,9.588594131182404e-05,0.002042569198209245,0
2025-10-11 04:40:00,102.13666127336806,102.22483592852603,102.1314838150584,102.22390799092472,3104.2039816076253,0.000854215484126,102.00510371048794,101.70101239428266,0.2844351248622822,-0.0008673738964473099,0.0020336228252860102,-1
2025-10-11 04:45:00,102.22390799092472,102.28264867658072,102.08654776112894,102.11463001566186,3972.909516000523,-0.0010690060418405,102.02700897152272,101.73861399622622,0.2720825212972804,-0.003681511140031124,0.0020185762104986543,-1
2025-10-11 04:50:00,102.11463001566186,102.1402876611256,102.01500262251272,102.072250532884,2334.697497068904,-0.0004150187174096,102.036057283795,101.76894459046784,0.2556593181031965,-0.003277998333749199,0.002022641401150942,-1
2025-10-11 04:55:00,102.072250532884,102.57214790071411,101.97300938604133,102.5555879212592,3835.7375501371575,0.0047352476882978,102.13996341128784,101.84045762053978,0.2622383186360295,-0.010562720460488562,0.0021683001382934992,-1
2025-10-11 05:00:00,102.5555879212592,102.62235146854026,102.40334280530703,102.4244772939598,3391.1899019950342,-0.0012784347489681,102.19686618782224,101.89355031812342,0.2645238375913123,-0.004850524722704197,0.0021785779002705306,-1
2025-10-11 05:05:00,102.4244772939598,102.5765711885702,102.32833857756376,102.5488917154834,2293.3210469009414,0.0012146942294519,102.26727129335448,101.9531268087925,0.2730689213349687,-0.005034580993908744,0.0021706776658336297,-1
2025-10-11 05:10:00,102.5488917154834,102.64198184146773,102.48015931226392,102.49709151087862,3564.6744099971606,-0.0005051269081337,102.31323533685932,102.00257814534578,0.2503313262812097,-0.004760396462016314,0.002149204820022877,-1
2025-10-11 05:15:00,102.49709151087862,102.5317777054972,102.2947098099917,102.38786016469668,6549.719020618338,-0.0010657019098961,102.3281603024268,102.03760378346858,0.2400757789078308,-0.0024243188747286037,0.0021596864899511084,-1
2025-10-11 05:20:00,102.38786016469668,102.42398131851014,102.23507542457244,102.26385602710076,4424.723058174239,-0.0012111214883916,102.3152994473616,102.05817216925333,0.2422596137918589,-0.00013213148618840265,0.0021745712908426834,0
2025-10-11 05:25:00,102.26385602710076,102.26643735319604,102.197242150784,102.19738142617123,4023.1754589973766,-0.0006500302600747,102.29171584312353,102.07082755624586,0.2349954985516638,0.003325385687918736,0.0021798065028800252,1
2025-10-11 05:30:00,102.19738142617123,102.27040231326986,102.01884441207822,102.01982800491731,1198.0654866914033,-0.0017373578341844,102.2373382754823,102.0661912333978,0.2390651751540318,0.004810263124950698,0.002143904891604362,1
2025-10-11 05:35:00,102.01982800491731,102.14360652705044,102.00331690759602,102.09555319687144,6402.650221048257,0.0007422595532162,102.20898125976014,102.0688605028045,0.2273300593436238,0.005976841062428351,0.002031406628920818,1
2025-10-11 05:40:00,102.09555319687144,102.1287851997082,102.0356912688449,102.1269781677411,4778.3432646759165,0.0003077996042497,102.19258064135632,102.07414392688965,0.2071634114735202,0.004694907500052414,0.002000302131727719,1
2025-10-11 05:45:00,102.1269781677411,102.18292541362956,101.84731789607731,101.89146381954852,3577.5226491725034,-0.002306093379222,102.13235727699475,102.05753664440408,0.2113327390403877,0.012116200683874201,0.0019602963148464894,1
2025-10-11 05:50:00,101.89146381954852,101.94302356732332,101.79477264468022,101.832127631481,3018.68353537328,-0.0005823469979056,102.07231134789204,102.03704491595651,0.2152540825529192,0.012693944384434275,0.00194548700197965,1
2025-10-11 05:55:00,101.832127631481,101.95506161214249,101.82969073177564,101.88089616048204,1200.9297902362298,0.0004789110287231,102.03402831041004,102.02284957454977,0.2102019371897086,0.012587246861426316,0.0019415104957098766,1
2025-10-11 06:00:00,101.88089616048204,102.06567025666436,101.82859638165834,102.00892896542624,2205.4596187150723,0.001256690996735,102.02900844141328,102.02158406462944,0.2181868540749322,0.014451025397061112,0.0018722127428974049,1
2025-10-11 06:05:00,102.00892896542624,102.21127048034772,102.00496465983667,102.1348505065596,1519.8207492747722,0.0012344168536073,102.05017685444255,102.0318810138958,0.1901273759205192,0.01192861174113613,0.0018761011696944508,1
2025-10-11 06:10:00,102.1348505065596,102.22064781049956,101.93564797733684,101.95928412392756,3476.4681282815,-0.0017189664620965,102.03199830833957,102.02528129662596,0.1948410309154848,0.014555603274026163,0.0018780283997427572,1
2025-10-11 06:15:00,101.95928412392756,102.21601027125624,101.955084555235,102.1464547432767,5009.135463590837,0.0018357388535765,102.054889595327,102.0362970645033,0.1957476812736851,0.014022923679758659,0.0018558453799506997,1
2025-10-11 06:20:00,102.1464547432767,102.18885221156408,102.06614172963675,102.13524164154056,1108.1145904962916,-0.0001097747519905,102.07096000456971,102.04529202605214,0.1929539636110787,0.013646195300234698,0.0017739503679918677,1
2025-10-11 06:25:00,102.13524164154056,102.14329032851502,101.64525259507988,101.73869386769904,2804.3843405166094,-0.0038825753723016,102.0045067771956,102.01741946620186,0.2115946663203384,0.01742427070037955,0.0018215227708427194,1
2025-10-11 06:30:00,101.73869386769904,101.76141421667714,101.7317919662738,101.73765786571518,973.71122078642,-1.0182969177874313e-05,101.95113699489951,101.99198659343034,0.2002172632107408,0.01639405187694054,0.0018180870977002066,1
2025-10-11 06:35:00,101.73765786571518,101.81062180094207,101.42120396586104,101.47232191438589,3082.5640891917105,-0.0026080406891174,101.8553739787968,101.94474434988084,0.2230903084013817,0.015263181242215262,0.001876358643051004,1
2025-10-11 06:40:00,101.47232191438589,101.9864513685062,101.38363152167454,101.9276648346354,3854.190453145435,0.0044873608059712,101.86983214996452,101.9431916666767,0.2481804473756698,0.011989148625556112,0.001922991895901683,1
2025-10-11 06:45:00,101.9276648346354,102.07305781912277,101.83104624507853,102.03260101430622,1316.1041287043545,0.0010295161754274,101.90238592283286,101.95131978918847,0.2554463012749416,0.011747810725637242,0.001893012671999704,1
2025-10-11 06:50:00,102.03260101430622,102.1337572967657,101.93292345803322,102.00916471908327,2283.6020687904925,-0.0002296941858775,101.92374168208296,101.95657841917892,0.2631420089798837,0.009803878710277436,0.0018922786555963791,1
2025-10-11 06:55:00,102.00916471908327,102.24050664560782,101.90958441061592,102.13963934275633,3931.1860823297457,0.0012790480544797,101.96692121421763,101.9732203213223,0.262807345939859,0.006680752957242131,0.0019064486186632491,1
2025-10-11 07:00:00,102.13963934275633,102.29687606930932,102.10819201670536,102.25034375182054,5121.894967303741,0.0010838535340107,102.02360572173822,101.9984133604585,0.2656954266513511,0.006085150487063151,0.0019094570049623374,1
2025-10-11 07:05:00,102.25034375182054,102.62529991103284,102.1822906327173,102.5372271357086,2593.5906941773032,0.0028056960334958,102.1263300045323,102.04739643093578,0.2883838836476877,0.0034034791668573483,0.0019450832734657197,1
2025-10-11 07:10:00,102.5372271357086,102.63164840486812,102.4645800509744,102.51057022158318,1797.5699152192135,-0.000259973034868,102.20317804794249,102.08950313917644,0.2833834892825239,0.0051826133272352415,0.0018579967551282026,1
2025-10-11 07:15:00,102.51057022158318,102.74196563888364,102.47814344202618,102.70576209150984,1743.63621558929,0.0019041145659881,102.30369485665597,102.14552668029766,0.2874918018786963,0.002235298772471417,0.0018523366768667217,1
2025-10-11 07:20:00,102.70576209150984,102.76386789534762,102.56046108061032,102.60645488349851,4755.111041546221,-0.0009669098012516,102.36424686202449,102.18742924422502,0.2816637291340232,0.0047069734806799435,0.0018587701577452583,1
2025-10-11 07:25:00,102.60645488349851,103.18659562775332,102.53483822300016,103.12600124315988,3378.7668130156917,0.0050634861154812,102.51659773825158,102.2727539714009,0.3095802783291595,0.00033245572488116437,0.002039722136206874,0
2025-10-11 07:30:00,103.12600124315988,103.21127314998115,103.04482488750526,103.12477899618364,3863.722266326345,-1.1851976819632348e-05,102.638233989838,102.35021079183568,0.3127044055112021,0.0025052918774237654,0.0020363414208077473,1
2025-10-11 07:35:00,103.12477899618364,103.17065839688064,103.02966619735572,103.16329615091736,2333.894321937196,0.000373500482703,102.74324642205389,102.42412764266128,0.2872011530890432,0.0023325263424527343,0.0018706931483866384,1
2025-10-11 07:40:00,103.16329615091736,103.53025169141388,103.12850241761302,103.4830625886326,1248.2108816026678,0.0030996143943236,102.89120965536962,102.5203944559314,0.313781654760295,-4.278526929268889e-05,0.001919567289769096,0
2025-10-11 07:45:00,103.4830625886326,103.53968920179656,103.3209997632324,103.35317748349134,3324.5095863886654,-0.0012551339503508,102.98360322099396,102.5961020038914,0.3015867692948047,0.0006903667381386036,0.0019321759599800431,0
2025-10-11 07:50:00,103.35317748349134,103.53786195736564,103.26227785883064,103.44336301373916,2021.2781886962548,0.0008725956225412,103.07555517954302,102.67312573205938,0.2782127872736158,0.00014256960524194895,0.001930248285041355,0
2025-10-11 07:55:00,103.44336301373916,103.59056006227536,103.42664992502068,103.5788466822996,4016.200411227746,0.0013097376633284,103.17621348009436,102.75546400026305,0.2726341132172182,0.0002669108454407265,0.001922127846313062,0
2025-10-11 08:00:00,103.5788466822996,103.64088045760892,103.4266959697701,103.52899909601769,2283.10528104715,-0.0004812525711436,103.24677060327902,102.82578537260436,0.2735877310105294,-0.0026130861406170602,0.0019071150137739933,-1
2025-10-11 08:05:00,103.52899909601769,103.5415576325794,103.4751881884307,103.51141641035288,2518.549051847842,-0.000169833436219,103.2996997646938,102.88811546694512,0.2546911030931582,-0.002625052275358142,0.0019005774966348841,-1
2025-10-11 08:10:00,103.51141641035288,103.5232028185322,103.39379153288438,103.40555030660414,4506.947349143415,-0.0010227480931093,103.32086987307588,102.93515499782322,0.2504573340248624,-5.187643526260999e-05,0.0018787131870280165,0
2025-10-11 08:15:00,103.40555030660414,103.50870137189396,102.98926842135144,103.02111235483356,3668.912725013849,-0.0037177690233329,103.26091836942742,102.94296930300597,0.2559161677553589,0.004873126552733531,0.0020148040387819154,1
2025-10-11 08:20:00,103.02111235483356,103.15889101907788,102.9541325364654,103.14969075739371,3841.0641280014047,0.0012480781814636,103.23867284702068,102.96176216249576,0.2586083198066993,0.0037123379027199643,0.0020220054825185055,1
2025-10-11 08:25:00,103.14969075739371,103.29452210752748,103.13405015456344,103.23126069886676,817.9953087725087,0.000790791914877,103.2371904173899,102.98626202943858,0.2512261595285991,0.001313395370561521,0.001965919792814482,1
2025-10-11 08:30:00,103.23126069886676,103.27402987380718,102.98183744296335,103.00925019732588,2083.74628148303,-0.0021506130995386,103.1916023733771,102.98835186288288,0.2575679892504924,0.0050230087476752505,0.0020105029549511615,1
2025-10-11 08:35:00,103.00925019732588,103.0097120924268,102.78401089580728,102.82200904034708,2316.1107970532603,-0.0018177120658593,103.11768370677107,102.97322978810688,0.2271354029552321,0.008912700142711616,0.00204682822305765,1
2025-10-11 08:40:00,102.82200904034708,102.91591752445608,102.81684367879342,102.8725524809043,1455.773299719266,0.0004915624682786,103.06865746159774,102.96407730563392,0.2223229446114304,0.008954197482862414,0.002039620631450588,1
2025-10-11 08:45:00,102.8725524809043,102.97992717296243,102.77319275632884,102.88621045209231,1968.170414940804,0.0001327659405607,103.03216805969666,102.9569985007665,0.2270188172620503,0.006207990661031948,0.0020320220330580186,1
2025-10-11 08:50:00,102.88621045209231,103.12445071967956,102.85933064995648,103.04184286899604,3477.2957171549065,0.0015126654604136,103.03410302155656,102.964711625151,0.2172595883993519,0.005873011678302342,0.0020121884143238537,1
2025-10-11 08:55:00,103.04184286899604,103.11081692798597,102.85323627212736,102.93534015543872,3114.604235883128,-0.001033587041846,103.014350448333,102.9620414915408,0.2200375324918115,0.002616672422654398,0.002006944825522796,1
2025-10-11 09:00:00,102.93534015543872,103.15315346474247,102.90833679387671,103.08942074558172,2134.118784374285,0.001496867741539,103.02936450778274,102.97362142372631,0.2178398590868643,-0.003408038976085326,0.00201791697642199,-1
2025-10-11 09:05:00,103.08942074558172,103.21698642834758,103.00391763893158,103.16028607265726,2412.023631837677,0.0006874160952987,103.05554882075764,102.9905909372655,0.2213511913841017,-0.008210259597811742,0.0018691273236354023,-1
2025-10-11 09:10:00,103.16028607265726,103.38424124350418,103.12871034771555,103.3831366673639,6347.866432369889,0.0021602363001367,103.12106639007892,103.026276912729,0.224304506237657,-0.011098686447819417,0.0018916793560468943,-1
2025-10-11 09:15:00,103.3831366673639,103.5000531046173,103.3228703821275,103.40392725676362,1615.4052135593013,0.0002011023274193,103.17763856341584,103.06060876218667,0.2322197404048773,-0.011131775636947228,0.0018058736810723282,-1
2025-10-11 09:20:00,103.40392725676362,103.52846169221668,103.31015281184152,103.47863503793252,3724.7888931395946,0.0007224849495648,103.2378378583192,103.09861115089085,0.2385695685996854,-0.013727110065763659,0.0016606402351974495,-1
2025-10-11 09:25:00,103.47863503793252,103.55054935961402,103.36206210727023,103.42452907950688,1061.7113545686568,-0.0005228708168194,103.27517610255674,103.1282400534923,0.2149305901569188,-0.01029793232823295,0.001666534111603578,-1
2025-10-11 09:30:00,103.42452907950688,103.49700362712824,103.40531424370864,103.45811089316894,3432.668494595917,0.0003246987340521,103.31176306067918,103.15822831164472,0.2068542259288567,-0.012042733499189828,0.00166238650359593,-1
2025-10-11 09:35:00,103.45811089316894,103.65963804325762,103.35501846928904,103.60649299983736,3532.8466759114367,0.0014342240099631,103.37070904851082,103.19897964693496,0.2171504845720377,-0.010790376838431537,0.0016651304634738692,-1
2025-10-11 09:40:00,103.60649299983736,103.70997260798607,103.20613343784864,103.25846890332792,1602.7231209152474,-0.0033590954237778,103.34826101947424,103.2043877611525,0.2322681088072979,-0.007477128380794951,0.0017908071552350095,-1
2025-10-11 09:45:00,103.25846890332792,103.28551928829756,103.14874257393208,103.23969353117934,2010.7176857136851,-0.0001818288838483,103.32654752181529,103.20759737660948,0.2259163600748672,-0.00814320343683872,0.0017333577668097674,-1
2025-10-11 09:50:00,103.23969353117934,103.49018665114892,103.14245626629584,103.40018599526786,2252.549071733363,0.0015545616090002,103.3412752165058,103.22510543285117,0.2436775414456095,-0.011627779793068838,0.0017469506297540234,-1
2025-10-11 09:55:00,103.40018599526786,103.55299822517952,103.36130733786246,103.52314727294204,6134.566491618003,0.0011891784960602,103.37764962779303,103.25220014558668,0.242603003637286,-0.010828571329449366,0.0017298864421059277,-1
2025-10-11 10:00:00,103.52314727294204,103.54220189184802,103.45574001134251,103.53261726404624,1372.379967686012,9.147704019496494e-05,103.40864315504368,103.27769261090118,0.2298417044074595,-0.012488868080528182,0.0017159467474829552,-1
2025-10-11 10:05:00,103.53261726404624,103.55683912960532,103.33906754350456,103.36684415876589,3641.559353941672,-0.0016011679184887,103.40028335578812,103.2857972970707,0.2269981994247578,-0.011667706828180857,0.0015088767061898665,-1
2025-10-11 10:10:00,103.36684415876589,103.54655864027494,103.29406462289649,103.52666656215852,1997.1516477179807,0.0015461670005825,103.42555999706222,103.30769450298776,0.2275465813185217,-0.010087554111214203,0.0015309918272494896,-1
2025-10-11 10:15:00,103.52666656215852,103.83923000276504,103.50419014257768,103.73843077499488,6134.070728499664,0.0020455040219922,103.48813415264875,103.3468523458975,0.2362588006593335,-0.00995706122791884,0.0015679137274554175,-1
2025-10-11 10:20:00,103.73843077499488,103.85235532635836,103.66362246103192,103.79369363138444,11446.63308623904,0.0005327134406865,103.5492460483959,103.38747428094176,0.2314875127691777,-0.0077779398912039,0.0014764532379569339,-1
2025-10-11 10:25:00,103.79369363138444,103.81073456989536,103.49657936758771,103.52492708572788,1390.9515484061087,-0.0025894304003775,103.5443822558623,103.39996999046777,0.2412712613275961,-0.007641464920968399,0.0015335419223471763,-1
2025-10-11 10:30:00,103.52492708572788,103.68388741155088,103.44257485374426,103.64700881551944,1331.135557097451,0.0011792496090383,103.56490756779374,103.42242806547246,0.24291438114413,-0.010471404182960553,0.001539773973460375,-1
2025-10-11 10:35:00,103.64700881551944,103.73290588141305,103.19392217511658,103.20468822134,4134.524063375293,-0.0042675673831236,103.492863698503,103.40263353418769,0.2679498421407505,-0.00746080724520326,0.001701243144823701,-1
2025-10-11 10:40:00,103.20468822134,103.23527290838962,102.6740263277324,102.73808798165872,6360.057769807671,-0.0045211147644823,103.34190855513415,103.3422203021396,0.3014896419434367,-0.0006390660645224644,0.001870980410521297,0
2025-10-11 10:45:00,102.73808798165872,102.82312268891354,102.28121902453375,102.31331334381622,812.8338707678513,-0.0041345390612906,103.13618951287056,103.24868330592838,0.3184385055442372,0.003467688213678377,0.0019935812294652588,1
2025-10-11 10:50:00,102.31331334381622,102.3726497252388,102.20239999813134,102.23571964950077,1911.188796064145,-0.0007583929381186,102.9560955401966,103.1565957007986,0.294610688184951,0.00506697859750993,0.001991300522745857,1
2025-10-11 10:55:00,102.23571964950077,102.29908121821698,102.17072194529976,102.25285793856212,1093.076936867839,0.000167635041061,102.81544801986972,103.07443772241344,0.2940094423672172,0.006593873192964228,0.0018957133064705749,1
2025-10-11 11:00:00,102.25285793856212,102.25564164203831,102.04452024212128,102.05817242531184,3717.123585475093,-0.0019039615828366,102.66399290095816,102.98204996813148,0.2842516577289292,0.008858509640655043,0.0018982083840849786,1
2025-10-11 11:05:00,102.05817242531184,102.4123283282442,102.02326474440926,102.35947027796676,3580.731577267579,0.0029522168141449,102.60308837635988,102.92545181448014,0.2983497074802059,0.003283160489700565,0.001976250991695009,1
2025-10-11 11:10:00,102.35947027796676,102.4180510109562,102.2001725944883,102.21219243535288,1570.3427316093323,-0.0014388296677768,102.52490918815847,102.8606100527413,0.3077366029060918,0.0005808284697832455,0.0019582448329589254,0
2025-10-11 11:15:00,102.21219243535288,102.5303623923949,102.17357097559643,102.4885398974608,1592.0262449866111,0.002703664362573,102.51763533001896,102.82678549317032,0.3176665908130707,-0.0007197860596174221,0.002003394601718017,0
2025-10-11 11:20:00,102.4885398974608,102.54942373479328,102.45107811644064,102.48639207493342,2610.396057100977,-2.0956709204211776e-05,102.51138667900186,102.79584063696696,0.3066559908826564,-0.0011174925169670225,0.0020005630621502154,-1
2025-10-11 11:25:00,102.48639207493342,102.5306407563847,102.34755854196447,102.39899170399806,2086.1396477050325,-0.0008527997636159,102.4889076840011,102.75976346124251,0.2958018733278597,0.002308138694665507,0.002004199585220799,1
2025-10-11 11:30:00,102.39899170399806,102.4665249608745,102.12155583827408,102.19787140195253,1839.2542574560985,-0.0019640847893007,102.4307004275914,102.70868236494344,0.3069616059902864,0.0059070434779793235,0.0020055985204873485,1
2025-10-11 11:35:00,102.19787140195253,102.42334910969116,102.0997665098914,102.4021394884479,3975.158953903964,0.0019987508907302,102.4249882397627,102.68081483071656,0.3076349915254356,0.0017682797945919315,0.0020389845247581985,1
2025-10-11 11:40:00,102.4021394884479,102.4724815757589,102.14641520031056,102.23961206500375,2529.8907454875507,-0.0015871487085724,102.38791300481093,102.64070548837904,0.3136888356427018,0.002872245399039741,0.0020310006825070685,1
2025-10-11 11:45:00,102.23961206500375,102.29197383249095,102.12201460162824,102.16079012536714,4102.103998341693,-0.0007709530390872,102.34248842892217,102.5970768190143,0.2873299445402902,0.001777828907615575,0.0020254882852855384,1
2025-10-11 11:50:00,102.16079012536714,102.5526493094068,102.06990454503502,102.48233571125913,7818.719907968811,0.0031474461532392,102.37045788538956,102.58664580921835,0.2817226719484732,-9.37578178203946e-05,0.0020712060252877596,0
2025-10-11 11:55:00,102.48233571125913,102.75824602841853,102.44342866832102,102.70550086808004,3212.7739979473545,0.0021775963171808,102.43746648192766,102.59745081456944,0.265502221642596,-0.0020245108003894563,0.0021147624891762196,-1
2025-10-11 12:00:00,102.70550086808004,103.015335507912,102.64778065397977,102.9863925212335,4228.301907550117,0.0027349231616546,102.54725168978884,102.63280915153888,0.2795954449872236,-0.004692841865734043,0.0021725093510244465,-1
2025-10-11 12:05:00,102.9863925212335,103.07133483075948,102.68729891788874,102.73384498695648,3684.098030945231,-0.0024522417777178,102.58457034922236,102.64199422748592,0.2978580621267608,3.091833343016326e-05,0.0022097391031280014,0
2025-10-11 12:10:00,102.73384498695648,102.76587429446086,102.5134273121794,102.56167909385726,1330.5024717933056,-0.0016758439550381,102.57999209814936,102.6346928517015,0.3008098894385053,-0.00360419950898061,0.0022224737157161157,-1
2025-10-11 12:15:00,102.56167909385726,102.57313352682552,102.34882238424494,102.43469793571929,3171.458015014689,-0.0012380955466007,102.55093326566336,102.61651149570312,0.2890418579203374,-0.0010393695203109177,0.0022065394013998808,-1
2025-10-11 12:20:00,102.43469793571929,102.73588177149848,102.41694873253306,102.67243155609572,1790.255418512818,0.0023208309798077,102.57523292374982,102.62159513755698,0.2962600452415884,0.00017461412177199875,0.002185275005412697,0
2025-10-11 12:25:00,102.67243155609572,102.68374594954956,102.65867735622624,102.66810401460096,2774.0920966308263,-4.214901146482042e-05,102.59380714192004,102.62582321728824,0.2725655578505045,0.0032580887285225124,0.0021854015217792036,1
2025-10-11 12:30:00,102.66810401460096,102.85520723377262,102.63725217041863,102.7537458528658,6046.523788365359,0.0008341620709451,102.6257948841092,102.63745254779528,0.2811090896363128,0.002365321684574484,0.002170711958901015,1
2025-10-11 12:35:00,102.7537458528658,102.9621632444467,102.66417006864158,102.92710031742718,2031.1850168784504,0.0016870865691807,102.6860559707728,102.66378416321636,0.2893170154495205,0.000335512113998071,0.00218269543867137,0
2025-10-11 12:40:00,102.92710031742718,102.96621095718098,102.90618230637644,102.96225572964909,4386.140584015839,0.0003415564230748,102.74129592254808,102.69091794198296,0.2689641246069588,0.0013429743533155403,0.002184139068482785,1
2025-10-11 12:45:00,102.96225572964909,102.99623461986864,102.66668983135442,102.69553284653006,4743.353208575285,-0.0025904918382845,102.73214330734449,102.69133747875998,0.2693899952294225,0.004129271402051993,0.002211872043511583,1
2025-10-11 12:50:00,102.69553284653006,102.79549160900751,102.18330243758976,102.27156018667829,5066.481879430085,-0.0041284430597908,102.64002668321125,102.65317590675257,0.2898273377986647,0.008544739055581285,0.002293237798369438,1
2025-10-11 12:55:00,102.27156018667829,102.47038681391707,102.20386478265624,102.41477007517206,3153.580142716748,0.0014002904446981,102.59497536160342,102.63150264933614,0.2967246806842475,0.007080950894694293,0.002273992859443018,1
2025-10-11 13:00:00,102.41477007517206,102.49920085287192,102.3602540613716,102.37186429869874,1844.8187837092337,-0.0004189412956923,102.55035314902248,102.60789916291456,0.2721676826220007,0.0024077157339024158,0.00226763266845056,1
2025-10-11 13:05:00,102.37186429869874,102.66433607175672,102.3463453814052,102.6353427790448,1863.1713885358245,0.0025737392021825,102.56735107502696,102.6103940371082,0.272394349068716,-0.0024691847202091832,0.0022924643989607,-1
2025-10-11 13:10:00,102.6353427790448,102.83798299833572,102.565467737789,102.8015586716808,2098.5212182908504,0.0016194800751416,102.61419259435772,102.62777264025117,0.2656058066840359,-0.005446644542585477,0.0023027220230307163,-1
2025-10-11 13:15:00,102.8015586716808,102.85212655317284,102.49184550756104,102.58321512262832,4346.734479178502,-0.0021239322815116,102.60799710001186,102.6237219568309,0.2639090304512552,-0.0031574321495022595,0.0022115526933351778,-1
2025-10-11 13:20:00,102.58321512262832,102.63520789226318,102.45221813057978,102.53326932035708,2783.6018379925085,-0.0004868808431429,102.59305154408092,102.61549898987874,0.2589478004085371,-0.0019464830759338136,0.0020667221121075945,-1
2025-10-11 13:25:00,102.53326932035708,102.62558935586516,102.31009574386135,102.34241453127687,2218.122705047187,-0.0018613937734092,102.5429241415201,102.59067313000584,0.2654608339387658,0.0010154779776860856,0.001958394236512489,1
2025-10-11 13:30:00,102.34241453127687,102.54348262397188,102.24226524027236,102.4727271910977,3430.229349634437,0.0012733006194709,102.52888475143564,102.57995077192328,0.2641954299912003,0.00040260636961408913,0.0019655749241591154,0
2025-10-11 13:35:00,102.4727271910977,102.50679995295592,102.37635062487765,102.4975724723132,5252.964996722587,0.0002424574996346,102.52262229561114,102.57246183559508,0.2717226253308413,0.004529267353843736,0.001965734111372245,1
2025-10-11 13:40:00,102.4975724723132,102.52359043580992,102.486543231394,102.50309366680894,1566.742249686761,5.386658788664178e-05,102.51871656985072,102.5661556384327,0.2588006354066944,0.003433511184902205,0.0019322862987355876,1
2025-10-11 13:45:00,102.50309366680894,102.7683048216689,102.4114678908807,102.73702134623036,5656.130017002075,0.0022821523824618,102.56237752512664,102.58168888459612,0.2630037607626292,0.0011906041849796267,0.0019042300576157223,1
2025-10-11 13:50:00,102.73702134623036,102.80111297210836,102.13114745981234,102.19202634042696,1383.1416729166228,-0.0053047577072213,102.48830728818672,102.54626501694436,0.3065706794405918,0.007918814196777646,0.0021168695781357263,1
2025-10-11 13:55:00,102.19202634042696,102.36659673305816,102.17059590193128,102.32823043286264,1557.270437109311,0.0013328250482276,102.4562919171219,102.52644369111876,0.2970318253414947,0.0060893266220369835,0.002073738927169019,1
2025-10-11 14:00:00,102.32823043286264,102.73560317113436,102.29275936731858,102.69035961256208,2488.3100786041496,0.0035388980945687,102.50310545620994,102.54134513852269,0.2849357276556412,-0.0020429590926829277,0.002168491121597959,-1
2025-10-11 14:05:00,102.69035961256208,103.02350232973966,102.67296899701904,103.00260580706971,1154.1827914344894,0.0030406573283578,102.6030055263819,102.5832779265724,0.2909365349027674,-0.008400084302556121,0.00222388791176916,-1
2025-10-11 14:10:00,103.00260580706971,103.10210765454164,102.91898231562202,102.99679151610285,4924.289254590341,-5.644799877957407e-05,102.6817627243261,102.62087007107516,0.2940921454327189,-0.007557867982564748,0.0021896963893061213,-1
2025-10-11 14:15:00,102.99679151610285,103.08270085367708,102.94899753275467,102.96163360644236,5803.013452334735,-0.0003413495618938,102.73773690074935,102.65184857429036,0.2809287619020669,-0.008037420432086662,0.0021682323438062694,-1
2025-10-11 14:20:00,102.96163360644236,103.18345305892102,102.92918268232408,103.10053139845353,1320.2941661335235,0.0013490247497636,102.8102958002902,102.69263792194155,0.2796255559056553,-0.006963172911966686,0.0021534384359312903,-1
2025-10-11 14:25:00,103.10053139845353,103.22260243837422,103.04698419186616,103.11959057343172,2700.285643215238,0.0001848601042078,102.87215475491853,102.73145179934976,0.2664353559696743,-0.009815388861239338,0.0021452285869957956,-1
2025-10-11 14:30:00,103.11959057343172,103.22953974837051,103.0309698764075,103.14544398128064,3141.1815197849555,0.000250712863629,102.92681260019094,102.76908745225256,0.2675482209896468,-0.010456189819865402,0.0020811038811365803,-1
2025-10-11 14:35:00,103.14544398128064,103.18925639966936,103.10288931641834,103.13996403296576,1441.288498080155,-5.312836033632973e-05,102.96944288674592,102.80280350504466,0.2511820403644488,-0.008978759878753628,0.002049979166617497,-1
2025-10-11 14:40:00,103.13996403296576,103.16528740996922,102.53429023991616,102.61834664707963,1824.917948087738,-0.0050573741301616,102.89922363881266,102.78603469977512,0.2747377393897027,-0.0027297568704997,0.002189139612201312,-1
2025-10-11 14:45:00,102.61834664707963,102.68105291748785,102.29433098709885,102.38191715890136,3635.2761423796137,-0.0023039689870603,102.7957623428304,102.74929674151386,0.2930429252690406,-0.0017344053742642807,0.002184172406314058,-1
2025-10-11 14:50:00,102.38191715890136,102.42118454687292,102.1836944942016,102.2416351231724,2474.4456191530385,-0.0013701837162441,102.6849368988988,102.703145685301,0.3073602715729971,-0.0013851760255159107,0.002177739653551001,-1
2025-10-11 14:55:00,102.2416351231724,102.33113638345468,102.16623829689676,102.25931558120082,6219.771458463585,0.00017292816187,102.5998126353592,102.66279749401916,0.2936503541279772,-0.0036465371896211574,0.0021681192676284763,-1
2025-10-11 15:00:00,102.25931558120082,102.34999431187202,102.2282507955975,102.33369004690483,5328.356260642777,0.0007273123752229,102.54658811766836,102.63287863519058,0.2544916401264418,-0.007371394203888992,0.0021298413757012374,-1
2025-10-11 15:05:00,102.33369004690483,102.5214232603837,102.2647658615112,102.4463409994166,1292.118021554904,0.0011008198029418,102.526538694018,102.61592066830204,0.2588242521082721,-0.0054806030277113615,0.002140418923795557,-1
2025-10-11 15:10:00,102.4463409994166,102.5910300314356,102.42271822477632,102.51398336377656,1291.4445936880782,0.0006602711595171,102.52402762796972,102.6066536406179,0.2392148237399486,-0.004365427947488287,0.0021382812498889525,-1
2025-10-11 15:15:00,102.51398336377656,103.02662836613484,102.4795930615671,102.96181138116027,1984.3148489117004,0.0043684578697382,102.61158437860784,102.63894070793994,0.2532506788718842,-0.0073756101032170784,0.002258544505715694,-1
2025-10-11 15:20:00,102.96181138116027,103.0282519587376,102.8361038030106,102.855039185401,2569.7798734738044,-0.0010370077442014,102.66027533996647,102.65858602407276,0.2538951657866966,-0.005231153597876181,0.0022652132802990724,-1
2025-10-11 15:25:00,102.855039185401,102.91214791438004,102.755286156642,102.85934047379752,3987.880845158696,4.18189369288946e-05,102.70008836673269,102.6768364285932,0.2555493398449562,-0.004814218403762172,0.002216505556967586,-1
2025-10-11 15:30:00,102.85934047379752,103.03303719519748,102.85855791525948,103.00126600940902,2000.509029131588,0.0013798021157607,102.76032389526796,102.70633002684916,0.2498499757978882,-0.009230545592734618,0.002091738906275051,-1
2025-10-11 15:35:00,103.00126600940902,103.0212227494545,102.93921039702434,102.9513404506234,3133.4022985102665,-0.0004847082052473,102.79852720633906,102.72860370173774,0.2431638405066089,-0.006109656418229803,0.0020840818023951805,-1
2025-10-11 15:40:00,102.9513404506234,103.01679601189328,102.43392554317258,102.48056740866072,3256.8336056762705,-0.0045727723398457,102.7349352468034,102.70605494782164,0.2706138831321588,0.00038458437535004997,0.002244815268949099,0
2025-10-11 15:45:00,102.48056740866072,102.53614775163696,102.12443255184036,102.13737523490737,1823.4185154028976,-0.0033488512254702,102.6154232444242,102.65435679210216,0.2938530343139841,0.002767877567317001,0.002272779792631888,1
2025-10-11 15:50:00,102.13737523490737,102.30619127795666,102.04055095547636,102.2183553631964,3695.3507461091585,0.0007928549965456,102.53600966817864,102.61472029856527,0.2677561166302148,0.002985907889480055,0.002256666128708566,1
2025-10-11 15:55:00,102.2183553631964,102.22079861337951,102.09146205442572,102.13408766877292,2818.694307158718,-0.0008243890651935,102.4556252682975,102.5710264231296,0.2493714472419859,0.007396874613146309,0.002232026325315853,1
2025-10-11 16:00:00,102.13408766877292,102.4632396457832,102.12371688372308,102.38262457101044,7152.304310002968,0.0024334373362548,102.4410251288401,102.55389898202785,0.2566594979126161,0.003554059400816545,0.0022764214927765815,1
2025-10-11 16:05:00,102.38262457101044,102.40618708826668,102.0632895277266,102.1074316927417,6987.858846673773,-0.0026878865376016,102.37430644162042,102.5133110466382,0.2693737460541996,0.0038896428570545094,0.0023022551692407378,1
2025-10-11 16:10:00,102.1074316927417,102.11632677650223,101.96501235679456,102.06693563995807,2659.4463943414808,-0.0003966024030991,102.31283228128795,102.47273146421271,0.271485953442283,0.008029406874995093,0.002289733615013813,1
2025-10-11 16:15:00,102.06693563995807,102.2153557548964,102.00834983403108,102.21389506201048,1368.4153626991867,0.0014398337829089,102.29304483743246,102.44920088219432,0.2679394192989142,0.007806407919326741,0.002305600797213484,1
2025-10-11 16:20:00,102.21389506201048,102.39114426084178,102.13833690973448,102.33822351028044,3743.818759476302,0.0012163556451354,102.30208057200204,102.43911203020215,0.2739748153309175,0.005834815299912144,0.002316973819250099,1
2025-10-11 16:25:00,102.33822351028044,102.413723160337,102.17939636229892,102.20434541155348,1533.184719102282,-0.0013081925221567,102.28253353991236,102.417769610325,0.2516384934359408,0.007562443201012625,0.0022872521592248785,1
2025-10-11 16:30:00,102.20434541155348,102.26839068412386,102.01764636505489,102.10001246139024,1331.0691268944656,-0.0010208269496086,102.24602932420794,102.38888259678546,0.2558239336746522,0.009113125017356394,0.0020935793913855233,1
2025-10-11 16:35:00,102.10001246139024,102.18888402634713,101.879342647448,101.88642318394876,3006.9084591698984,-0.0020919613258838,102.1741080961561,102.34320446834576,0.2667296209004429,0.0066862416381001655,0.002109352398000324,1
2025-10-11 16:40:00,101.88642318394876,101.93009002759726,101.55735210479818,101.5793480772305,1681.8273935142363,-0.0030138962299604,102.055156092371,102.27376297824436,0.280890952533377,0.009882068159850155,0.002058848850368878,1
2025-10-11 16:45:00,101.5793480772305,101.9692767696808,101.5391145461967,101.88487327275725,1145.5768936567708,0.0030077491272579,102.02109952844825,102.23840936865462,0.3057588004658019,0.006789096656699467,0.0020571143726279373,1
2025-10-11 16:50:00,101.88487327275725,102.06845556523474,101.85150633721464,102.06646595579198,2385.2687997612725,0.0017823321284269,102.030172813917,102.22277814930348,0.2796215689871865,0.0030840753872531934,0.002090665283974915,1
2025-10-11 16:55:00,102.06646595579198,102.26808989059344,102.05185606794454,102.20240520489186,6744.491738972563,0.0013318698538926,102.06461929211198,102.22092606344786,0.2656586134766385,0.003887989681383708,0.002109952216130523,1
2025-10-11 17:00:00,102.20240520489186,102.36632603126574,102.11438466940076,102.3169886771066,3150.799200754579,0.0011211426187576,102.11509316911092,102.22965902832593,0.2646801162898313,0.0022387314480076803,0.0021048323971222626,1
2025-10-11 17:05:00,102.3169886771066,102.45795562280657,102.2416831417828,102.36415314388972,2808.1355610535006,0.0004609641799755,102.16490516406668,102.24188576610445,0.2708898250091138,0.000927370825695828,0.0021071788176306593,1
2025-10-11 17:10:00,102.36415314388972,102.39270803231535,101.95499968771593,102.05050812739978,3037.752565009612,-0.0030640122235862,102.1420257567333,102.22448779894948,0.2779030809047782,0.0036990076747602796,0.0021636244821267017,1
2025-10-11 17:15:00,102.05050812739978,102.360713449501,102.03738434978996,102.3223431326739,2595.408604064853,0.0026637300515421,102.17808923192143,102.23338373837896,0.2765053337027012,0.002022141582845416,0.0022272572020163705,1
2025-10-11 17:20:00,102.3223431326739,102.5557352365873,102.26808980960288,102.5199798336631,3489.445346694439,0.0019315107037076,102.24646735226978,102.25943792885934,0.2862432627938968,0.0008808911360294047,0.0020779228598074035,1
2025-10-11 17:25:00,102.5199798336631,102.61894854154176,102.35207899785112,102.42007898460471,1960.6704435285624,-0.000974452484486,102.28118967873677,102.27404166119985,0.2905192358528481,0.0025270889589164014,0.002043959145225903,1
2025-10-11 17:30:00,102.42007898460471,102.56448057201835,102.3918318016216,102.52356995692504,2629.776205822461,0.0010104558925001,102.32966573437444,102.2967260517203,0.284793622944951,0.0023623802710743824,0.002035271724660898,1
2025-10-11 17:35:00,102.52356995692504,102.99093293065734,102.46408637165568,102.88956070898692,3196.5093269513286,0.0035698206004304,102.44164472929694,102.3506201114718,0.3056878915852081,-0.00042733653750803846,0.002126386375540805,0
2025-10-11 17:40:00,102.88956070898692,102.93256706648822,102.71413395189708,102.74649850034731,1876.6355965416055,-0.0013904443527001,102.502615483507,102.38660905591505,0.3033799484082199,0.003695319575192535,0.002142156753963628,1
2025-10-11 17:45:00,102.74649850034731,102.83479336660056,102.41437811929244,102.50459313507756,1694.553431705692,-0.0023543903568542,102.50301101382112,102.39733488129345,0.3112995104374353,0.005452995190072141,0.0021783166967034757,1
2025-10-11 17:50:00,102.50459313507756,102.96209017559494,102.46282628952306,102.88647259469523,5073.8688661219785,0.0037254863215199,102.57970332999597,102.44180194614816,0.3203370792426351,0.0015662086752710191,0.0022727250794391724,1
2025-10-11 17:55:00,102.88647259469523,103.03722414796552,102.87767767646096,103.0118184218878,1944.36966767582,0.0012182925901864,102.66612634837432,102.49362162576084,0.3010073826726674,0.0017577909288373217,0.002147348392973305,1
2025-10-11 18:00:00,103.0118184218878,103.05322824718073,102.91018821290508,102.93534814258405,1833.813946493189,-0.000742344718065,102.71997070721626,102.53377858183568,0.2957281545480644,0.0022561006604704392,0.0021433089952803174,1
2025-10-11 18:05:00,102.93534814258405,103.01962623241236,102.93132364958996,102.97725996862503,1438.915392916231,0.0004071665059406,102.77142855949802,102.5740950715438,0.2865902088461699,0.001589738550352715,0.0021443654069385606,1
2025-10-11 18:10:00,102.97725996862503,103.07261348550426,102.8845358020092,103.03046263922452,1701.975441470919,0.0005166448458202,102.82323537544332,102.61558303224204,0.2820285175340312,-0.001061617781868307,0.002132338080087804,-1
2025-10-11 18:15:00,103.03046263922452,103.07547774507402,102.55284791426992,102.56766042899838,2206.704416915208,-0.0044918968465346,102.77212038615434,102.61122643194716,0.3039111853754842,0.004993282044103209,0.002275265818241098,1
2025-10-11 18:20:00,102.56766042899838,102.68282712287952,102.53510982813025,102.58316211856284,3522.95071461816,0.0001511362304609,102.73432873263604,102.6086751307304,0.2831975389576178,0.00546477065091211,0.00212493430969336,1
2025-10-11 18:25:00,102.58316211856284,102.64174362236994,102.53312763761969,102.57657952526158,1459.6133542760504,-6.416836023870331e-05,102.70277889116116,102.60575734841504,0.2678608878889932,0.00809332807926566,0.0020336529903795145,1
2025-10-11 18:30:00,102.57657952526158,102.65112960264314,102.31472071373244,102.38124663131016,5513.231361347192,-0.0019042640615962,102.63847243919096,102.5853472832237,0.2713439923122993,0.009545476397863295,0.0020612596437488227,1
2025-10-11 18:35:00,102.38124663131016,102.66922825262236,102.3601597407366,102.59976710174108,2202.4504965622787,0.0021343798558914,102.630731371701,102.58665817581618,0.2743582043262356,0.006775840427532209,0.002086889019864815,1
2025-10-11 18:40:00,102.59976710174108,102.61400145841512,102.47135761568812,102.54604893732348,2708.636427556393,-0.0005235700424575,102.6137948848255,102.5829664268623,0.2722149952069667,0.007731176870346523,0.002047349321619912,1
2025-10-11 18:45:00,102.54604893732348,102.6243586952508,102.41041006442092,102.45908267311243,4930.4897633032815,-0.0008480703558282,102.58285244248287,102.57170426743048,0.2498651431946967,0.00597789221740852,0.001993041528064425,1
2025-10-11 18:50:00,102.45908267311243,102.52410005938631,102.3919586802025,102.42799374017622,7282.039678605102,-0.0003034277891731,102.55188070202156,102.55863967404372,0.2437014478084589,0.006640502755414834,0.001992346432483842,1
2025-10-11 18:55:00,102.42799374017622,102.54358887899429,102.4119399699614,102.52925339757664,3259.017467473542,0.0009885935836766,102.54735524113258,102.55596819436492,0.2230752807887991,0.00030649153828643527,0.0019842276200885104,0
2025-10-11 19:00:00,102.52925339757664,102.62015119930788,102.45356825470766,102.61028877516448,1514.86881088203,0.00079036348069,102.55994194793897,102.56090642898305,0.1993123563979659,-0.002881814574331565,0.001977902650204641,-1
2025-10-11 19:05:00,102.61028877516448,102.71173639416556,102.5898851026839,102.67890363537806,3055.0275386567528,0.0006686937638769,102.5837342854268,102.57163344774622,0.1966198435391878,-0.0039789230414740695,0.0019638111404225076,-1
2025-10-11 19:10:00,102.67890363537806,102.77574087185862,102.6488196156121,102.7657696159114,2556.8698204676193,0.0008459963776181,102.62014135152371,102.58928219030668,0.1954685022513922,-0.003683512707561176,0.0019557226073301155,-1
2025-10-11 19:15:00,102.7657696159114,102.8541698256513,102.68397270250544,102.84559224036782,2379.257411712484,0.0007767433139922,102.66523152929254,102.6125831039486,0.2013181122744985,-0.0025986322854438804,0.001912304545858053,-1
2025-10-11 19:20:00,102.84559224036782,103.1486310619037,102.83564687223316,103.12617964753814,2511.838563092274,0.002728239500187,102.75742115294166,102.6592736988204,0.210240005572748,-0.012861402736473404,0.0018605402334271497,-1
2025-10-11 19:25:00,103.12617964753814,103.21738117233166,102.96394026434938,103.06355018840344,4777.085235577599,-0.0006073090203551,102.81864696003402,102.6960261069643,0.19101222537119,-0.011534266634980694,0.0018108220466747534,-1
2025-10-11 19:30:00,103.06355018840344,103.15420159846,103.00251571515724,103.04761428064108,2522.1355990966726,-0.0001546221504423,102.86444042415545,102.72798866820764,0.1912956959821526,-0.010775715588028367,0.0017940780499686895,-1
2025-10-11 19:35:00,103.04761428064108,103.2386857929547,103.01221538337025,103.19289166187284,9704.846826755367,0.0014098082934372,102.93013067169892,102.77025257672264,0.1997138691845949,-0.010978508097048256,0.0017955755463616872,-1
2025-10-11 19:40:00,103.19289166187284,103.20304655345818,103.0980460075743,103.16758064951428,5052.327057072055,-0.0002452786422684,102.977620667262,102.8063733106128,0.1831847018255357,-0.013018574282550044,0.0017917351437597678,-1
2025-10-11 19:45:00,103.16758064951428,103.19982370672189,103.05327445411834,103.14096688860684,4698.314195573762,-0.0002579663179059,103.01028991153098,102.83679090861226,0.1715761833053772,-0.015614368324779138,0.0017936442394684796,-1
2025-10-11 19:50:00,103.14096688860684,103.19714892033942,102.86418882872192,102.9210836680126,916.99383917075,-0.0021318708484837,102.9924486628273,102.84445388673956,0.1851702010832708,-0.014444659770250445,0.0017452063390413653,-1
2025-10-11 19:55:00,102.9210836680126,103.0888944983976,102.88215681296536,103.07980968612418,2680.9911272485815,0.0015422109100946,103.00992086748668,102.8658498685018,0.1846551335548676,-0.014007295451467061,0.0017063502887661645,-1
2025-10-11 20:00:00,103.07980968612418,103.24027268784918,102.99487335325765,103.14375557218612,1221.536945046412,0.0006203531637927,103.03668780842658,102.8911140233822,0.1927449875125637,-0.018061365527097806,0.001679757293668047,-1
2025-10-11 20:05:00,103.14375557218612,103.46595606833716,103.1199222469458,103.4067654366084,2383.6682768121486,0.0025499349229942,103.11070333406296,102.93799142458457,0.2080581955381697,-0.022506120109055505,0.0017160308919903953,-1
2025-10-11 20:10:00,103.4067654366084,103.43935889542804,103.33633268739504,103.35852440461316,2362.0302061137268,-0.0004665171741091,103.160267548173,102.97622169549624,0.203518428640512,-0.02297756949910601,0.001716198501951726,-1
2025-10-11 20:15:00,103.35852440461316,103.42598788780808,103.26754611067156,103.29496675152446,3672.771131370267,-0.000614924153134,103.18720738884328,103.00519851877154,0.2061320347587159,-0.024200534720828948,0.0016117145789791777,-1
2025-10-11 20:20:00,103.29496675152446,103.42937345733644,103.22088613568027,103.33885057901313,3807.245272944483,0.0004248399401125,103.21753602687728,103.03553052424805,0.2119581822879764,-0.023729485026174668,0.0015884640761943778,-1
2025-10-11 20:25:00,103.33885057901313,103.38106731534334,103.02540289058672,103.07157202602686,3466.604140157088,-0.0025864285453987,103.1883432267072,103.03880702440976,0.2252058466887437,-0.018394854995775756,0.0016008917021438384,-1
2025-10-11 20:30:00,103.07157202602686,103.11010183969483,103.01727210682851,103.10816711483947,3294.4173657777083,0.0003550454125544,103.17230800433366,103.04511248717608,0.2094805283455849,-0.01863678790683887,0.0014647550420571987,-1
2025-10-11 20:35:00,103.10816711483947,103.15433787762682,102.54843021218686,102.56067774616982,6861.164070558963,-0.0053098545342181,103.04998195270088,103.00107296526642,0.2346567253068475,-0.01601055860242162,0.0017300111269113651,-1
2025-10-11 20:40:00,102.56067774616982,102.6124850796642,102.29179045268437,102.31458494949584,5758.872618654993,-0.0023994848911103,102.90290255205989,102.93866496383272,0.2467287784266371,-0.015625659258590274,0.0017730235286875582,-1
2025-10-11 20:45:00,102.31458494949584,102.39154993759006,102.25234988948974,102.27035217982996,3263.1933035524185,-0.0004323212539808,102.77639247761392,102.8779092561961,0.2404951811777696,-0.01704392742881089,0.0017701494155324914,-1
2025-10-11 20:50:00,102.27035217982996,102.42789767523574,102.1882288037104,102.38723059762889,2949.7391649985466,0.0011428377365261,102.6985601016169,102.83330210541726,0.2501143472950166,-0.016953755484505506,0.0017819059935175365,-1
2025-10-11 20:55:00,102.38723059762889,102.594933221333,102.31911029035663,102.5783343639564,1839.2790072907328,0.0018664804703873,102.6745149540848,102.8101232198299,0.2593481814645041,-0.01664072061215327,0.001635720442821654,-1
2025-10-11 21:00:00,102.5783343639564,102.6046721717416,101.73148880107442,101.79983231841724,2123.35482265161,-0.0075893418465633,102.4995784269513,102.71827859242876,0.2979355585394825,-0.008572549055887668,0.0021153538116921336,-1
2025-10-11 21:05:00,101.79983231841724,101.93889196450556,101.712470812842,101.87478772018268,3171.829998734586,0.0007363018195452,102.3746202855976,102.64159760404272,0.2993415204131488,-0.008140568243017676,0.002122189539067424,-1
2025-10-11 21:10:00,101.87478772018268,102.00226083450931,101.77379019939112,101.93720249712804,4175.8497966501845,0.000612661663814,102.28713672790369,102.5775616852323,0.2981323275936225,-0.009990547767560254,0.002104023222278709,-1
2025-10-11 21:15:00,101.93720249712804,102.0945122959546,101.83884486285152,102.05998766520514,2087.213386264655,0.0012045177331658,102.241706915364,102.53050950159346,0.2916775855730315,-0.010402995082002264,0.002077948723197672,-1
2025-10-11 21:20:00,102.05998766520514,102.08191222766408,101.77863583940378,101.8244858372776,1774.8249275879843,-0.0023074843855565,102.15826269974671,102.4663255321102,0.3059811698749826,-0.005734333414011528,0.002111598649557208,-1
2025-10-11 21:25:00,101.8244858372776,101.88518062247348,101.5027224987257,101.53048584223428,8023.849073508914,-0.002887321184348,102.03270732824424,102.38124919666691,0.3219823374900719,0.0006155444496824813,0.00216139664772755,0
2025-10-11 21:30:00,101.53048584223428,101.53193008650338,101.3442358029046,101.43442363124268,4125.139586011128,-0.0009461415474841,101.91305058884392,102.29517414526472,0.3204971204859725,0.0016376130081641183,0.0021645840937310062,1
2025-10-11 21:35:00,101.43442363124268,101.7129144152007,101.38713043266684,101.63594033676964,2125.698440404484,0.0019866697942658,101.85762853842908,102.23524379903787,0.3183628031843467,-0.0013253978433664937,0.0021908164458234827,-1
2025-10-11 21:40:00,101.63594033676964,101.72326758665778,101.23248037028372,101.28083850095923,8912.896384285748,-0.003493860878679,101.74227053093512,102.14847968103074,0.3467883377206147,-0.0010587223373336174,0.002253856111987688,-1
2025-10-11 21:45:00,101.28083850095923,101.34121016931614,101.05816196796476,101.07948035360316,3521.719991306079,-0.0019881169067748,101.60971249546871,102.05129792399188,0.3237269474285743,0.0006471872665139156,0.002261949257125563,0
2025-10-11 21:50:00,101.07948035360316,101.1193511153503,100.93264712395596,100.98359672678112,1569.5531273671186,-0.0009485963569124,101.4844893417312,101.95423417879088,0.3141561877438964,0.001567814928555622,0.002250023548076037,1
2025-10-11 21:55:00,100.98359672678112,101.05005889902208,100.76339736802085,100.79517332216732,6751.721514276943,-0.0018658812987577,101.34662613781845,101.84886501000692,0.324689150808249,0.0061889694649523985,0.002248476883548842,1
2025-10-11 22:00:00,100.79517332216732,100.91669848351629,100.79121037814124,100.88667287157634,2054.93110875464,0.0009077770928234,101.25463548457002,101.76139299742232,0.3165333817975134,0.0026024465038672062,0.0021829297005382642,1
2025-10-11 22:05:00,100.88667287157634,101.1912535160714,100.84850201537012,101.17558540442144,1621.230639864025,0.0028637333814434,101.2388254685403,101.70813776169496,0.3213139939207222,0.0028152821890430335,0.002271290724875454,1
2025-10-11 22:10:00,101.17558540442144,101.19586897790856,101.13738767748328,101.18656207285731,2109.660941707828,0.0001084912767446,101.2283727894037,101.66072178998245,0.2631209889034431,0.005429034594396587,0.0022733372822799874,1
2025-10-11 22:15:00,101.18656207285731,101.19860535555702,100.88968185119732,100.91862400481068,2284.4639562972793,-0.0026479609797763,101.16642303248511,101.59325835496684,0.2690140140960255,0.006747213762337667,0.002272692725564523,1
2025-10-11 22:20:00,100.91862400481068,100.98555338024688,100.6274010913343,100.71585210789092,5319.022759154856,-0.0020092614115517,101.07630884756628,101.5134941506872,0.2782769893670525,0.009683998438112074,0.0022828362388877224,1
2025-10-11 22:25:00,100.71585210789092,100.7444468660257,100.44332608019144,100.527263719158,2275.989704611941,-0.0018724797019129,100.96649982188464,101.42383683873,0.2815236574192781,0.013135827020554158,0.002289470094620766,1
2025-10-11 22:30:00,100.527263719158,100.68835667249442,100.46220656113388,100.651382525341,3279.2820922179203,0.001234678052411,100.90347636257592,101.353613719331,0.2760146376407227,0.011792439583973913,0.0023035644159057574,1
2025-10-11 22:35:00,100.651382525341,100.93050959785236,100.64984726370926,100.87135696094576,1365.9748282522037,0.0021855083366526,100.89705248224988,101.30977219584145,0.268743509811817,0.008826363270331372,0.0023264033877552774,1
2025-10-11 22:40:00,100.87135696094576,101.01355376309384,100.78866303316552,100.92714826198647,2307.223406052554,0.0005530935909021,100.90307163819722,101.2749882018546,0.271400398835356,0.011083995625988718,0.002325226380861424,1
2025-10-11 22:45:00,100.92714826198647,101.10102699591162,100.89952405182976,101.0454690585036,7511.760600303513,0.0011723386477737,100.9315511222585,101.25412282518631,0.2625231818030705,0.009049835286921049,0.002275800338617172,1
2025-10-11 22:50:00,101.0454690585036,101.06763689399254,100.91668143746794,100.91879400628902,3263.954048897566,-0.0012536440613802,100.9289996990646,101.22363838710476,0.2382494846709651,0.010954684560954275,0.0022772356622284147,1
2025-10-11 22:55:00,100.91879400628902,101.0740982403964,100.8395332046786,100.9982581154548,3737.289514102045,0.0007874064484048,100.94285138234264,101.2031492715002,0.2347864014114234,0.013196111500073604,0.0022932305427505054,1
2025-10-11 23:00:00,100.9982581154548,101.27730700600672,100.9880761841472,101.24059028577636,3559.8360726749593,0.0023993697994724,101.0023991630294,101.20655300007076,0.2421097464446506,0.009806403337314196,0.0023503230336178633,1
2025-10-11 23:05:00,101.24059028577636,101.63110306648812,101.21555373376748,101.59298236926804,5921.957908042532,0.0034807391234779,101.12051580427712,101.24168294272506,0.2513160179960353,0.008746930209081905,0.0024314065778995786,1
2025-10-11 23:10:00,101.59298236926804,101.60290109276166,101.57829000346676,101.60053396285684,1646.7167697333186,7.433184273852866e-05,101.21651943599308,101.27430576273704,0.2441105168474544,0.009636603584884051,0.0024289188149774366,1
2025-10-11 23:15:00,101.60053396285684,101.66357605305537,101.42183946091752,101.50123228063876,2278.5776063698418,-0.0009773736253628,101.27346200492222,101.29493544618263,0.2368951662357789,0.00861153681360416,0.0022649217753367866,1
2025-10-11 23:20:00,101.50123228063876,101.59068927982813,101.0837139077582,101.1736102148944,4151.4675419921805,-0.0032277644160864,101.25349164691666,101.28390587970188,0.2689304570675383,0.008015342688694638,0.002293976409382134,1
2025-10-11 23:25:00,101.1736102148944,101.21271031356856,101.08706812947038,101.14489770619386,2357.893349153781,-0.0002837944463931,101.2317728587721,101.27126877301934,0.2558389341917139,0.012362604771793295,0.002293950203791639,1
2025-10-11 23:30:00,101.14489770619386,101.15500227591238,101.1288553383548,101.1419203172686,6802.783242434253,-2.9436867234666764e-05,101.2138023504714,101.25950982249655,0.2321242662377857,0.010309712596550336,0.0022787634676210457,1
2025-10-11 23:35:00,101.1419203172686,101.44208058126353,101.07342770808118,101.4189915720728,1859.8362394230976,0.0027394304353236,101.2548401947917,101.27400816336711,0.2369479867626499,0.004437169734239355,0.002311511873972578,1
2025-10-11 23:40:00,101.4189915720728,101.47007263784823,101.05691617982109,101.14922504067776,3963.883084347878,-0.002659921255511,101.23371716396892,101.26266424312264,0.2503055829531228,0.009525429850878675,0.0019495996235548653,1
2025-10-11 23:45:00,101.14922504067776,101.50368909538408,101.0565376397862,101.46042322797652,4501.526787903229,0.0030766245334417,101.27905837677044,101.2806423326548,0.2621976630570363,0.004893252488404443,0.0020281130957492594,1
2025-10-11 23:50:00,101.46042322797652,101.81694924525252,101.43430695743147,101.73590741883892,1850.455962830156,0.0027151886627105,101.37042818518417,101.32203006776244,0.2734656314779461,-5.6941722269887585e-05,0.002086024466782176,0
2025-10-11 23:55:00,101.73590741883892,101.76930568995786,101.53835353877592,101.59954353357212,3502.2369237448593,-0.0013403712487216,101.41625125486176,101.34725856465424,0.2755691462708093,0.0002692910710417884,0.0020847845380518033,0
2025-10-12 00:00:00,101.59954353357212,101.78863133381508,101.58176317834608,101.69118426239687,2071.730046591156,0.0009019797298053,101.47123785636876,101.37852453717628,0.2795629104811244,0.001115479333912761,0.0020540813172625393,1
2025-10-12 00:05:00,101.69118426239687,101.87640079222592,101.6717619798834,101.8477724662225,2814.567068387669,0.0015398404980866,101.54654477833952,101.42118343981684,0.2774253230971756,0.0007126081987889332,0.0020045360873682597,0
2025-10-12 00:10:00,101.8477724662225,101.86790149426923,101.81820936054136,101.83830787281454,2597.4811083432246,-9.292882091349596e-05,101.60489739723454,101.45910384281665,0.260315416802058,0.002890720377417999,0.001995835188024521,1
2025-10-12 00:15:00,101.83830787281454,101.83982488159948,101.6619848980938,101.76168420105434,4016.8123946511905,-0.0007524051936909,101.6362547579985,101.48661114811097,0.2433361775724165,0.004290630686508479,0.0019720613300925395,1
2025-10-12 00:20:00,101.76168420105434,102.0593457643015,101.69079047301516,102.04582433186584,2460.267662004331,0.002792211361696,101.71816867277198,101.5374487102705,0.2679036205718046,-0.0019466015000197956,0.001921062275888317,-1
2025-10-12 00:25:00,102.04582433186584,102.07370128281823,101.93248590734903,101.95991390997274,8321.491345895247,-0.0008418808163449,101.76651772021214,101.57585463751614,0.2607235336669039,-0.00039664844199116533,0.001888648213929217,0
2025-10-12 00:30:00,101.95991390997274,102.10422823069452,101.910352262952,102.02432756089983,1400.0043993497718,0.0006317546617777,101.81807968834968,101.61662490327828,0.2383592905006618,-0.0032289849644404622,0.001876302142777169,-1
2025-10-12 00:35:00,102.02432756089983,102.427202981505,101.95638948489344,102.33104239085957,2384.838461250874,0.0030062911198962,101.92067222885166,101.68157194760386,0.263014384251619,-0.008919146329555039,0.001890647090706102,-1
2025-10-12 00:40:00,102.33104239085957,102.37341889985844,102.14577740059224,102.23339634822646,2190.0813719078583,-0.0009542172184675,101.98321705272664,101.73173780220591,0.2774068529450925,-0.0050272549137468925,0.0019054744153382266,-1
2025-10-12 00:45:00,102.23339634822646,102.52218855568776,102.19838528768643,102.48160909578452,2728.5842184981616,0.0024279027834759,102.0828954613382,101.79990791980396,0.2742033097178762,-0.008063642204246269,0.0018889017088207123,-1
2025-10-12 00:50:00,102.48160909578452,102.60517374926972,102.45104661669052,102.57961803266944,1425.6900133284123,0.0009563563428567,102.18223997560446,101.8707906573372,0.2557012150430203,-0.010674753502097012,0.001890588680042163,-1
2025-10-12 00:55:00,102.57961803266944,102.67425785555491,102.3248474589847,102.37531387904966,1991.6856473420669,-0.0019916642071597,102.2208547562935,101.9166564047656,0.2487197108267582,-0.008703510456911756,0.001859434622044983,-1
2025-10-12 01:00:00,102.37531387904966,102.45561810425116,101.98345471469187,101.9845513718192,4896.500450262395,-0.0038169602848996,102.17359407939864,101.92282867449777,0.2551140752366306,-0.00524787960112294,0.001961220070895834,-1
2025-10-12 01:05:00,101.9845513718192,102.4874208245381,101.9280779773594,102.395312101219,1143.7005642660422,0.0040276759947908,102.21793768376271,101.96578171329058,0.2785705535221144,-0.009553446859656312,0.0020178794391539044,-1
2025-10-12 01:10:00,102.395312101219,102.429835202583,102.14514512219496,102.18466444720283,3014.4969381841006,-0.0020572001754134,102.21128303645077,101.98568014364623,0.2841292624449037,-0.007884482015043992,0.002066617595764238,-1
2025-10-12 01:15:00,102.18466444720283,102.24793019917304,101.78951356333052,101.86900485195348,5294.130440169582,-0.0030891092803114,102.14282739955132,101.9750732989469,0.302256249837761,-0.005958488907002568,0.0021349773064442724,-1
2025-10-12 01:20:00,101.86900485195348,102.1165241392512,101.78127339171049,102.11271488827347,2966.126315578326,0.0023923865426405,102.13680489729576,101.98758617070384,0.3226532936815362,-0.00858068030333703,0.002166267765536149,-1
2025-10-12 01:25:00,102.11271488827347,102.19000050289408,101.8582691003819,101.95689469641138,5448.005241561696,-0.0015259626779347,102.10082285711889,101.98479603667724,0.3336455378962861,-0.006574066121377009,0.0021863428930189452,-1
2025-10-12 01:30:00,101.95689469641138,102.0047999637043,101.62994341784318,101.7301144010538,5617.641918657105,-0.0022242762103812,102.02668116590588,101.96164316071147,0.3340956275087703,-0.01006395251964376,0.0022148953280456225,-1
2025-10-12 01:35:00,101.7301144010538,101.77434642775268,101.59188420744243,101.62690338346763,3970.1572973680886,-0.0010145571760518,101.94672560941824,101.93121227187112,0.3370418307117008,-0.01112313765142392,0.0022237494804931953,-1
2025-10-12 01:40:00,101.62690338346763,101.87307762762352,101.58845503066952,101.80461867688268,3767.7063743371664,0.0017487032222605,101.91830422291112,101.91970376323582,0.3435237327982361,-0.010866900317944794,0.002205858403144959,-1
2025-10-12 01:45:00,101.80461867688268,101.94310922905164,101.77028364989404,101.92035002391032,2551.239324001438,0.0011367985905919,101.91871338311095,101.91976251420624,0.3222388815515243,-0.01024667927037326,0.0021301994036005308,-1
2025-10-12 01:50:00,101.92035002391032,102.22129930690689,101.83755032376264,102.13269394458425,2722.623825825286,0.0020834300571388,101.96150949540564,101.93911991696788,0.3333894161142418,-0.013694530940458138,0.002158751312853114,-1
2025-10-12 01:55:00,102.13269394458425,102.24199769184116,102.09059784302217,102.19830600599816,2084.877850211154,0.0006424197666763,102.00886879752414,101.96268228869788,0.3210748861726478,-0.01580512921356325,0.002150061131321294,-1
2025-10-12 02:00:00,102.19830600599816,102.20612712925244,101.77171546014108,101.84718177715068,5231.21592886103,-0.0034357147644585,101.97653139344946,101.9521822421936,0.3410952102106626,-0.011348146039430795,0.0021610918983895446,-1
2025-10-12 02:05:00,101.84718177715068,101.9310051773448,101.7827581246598,101.9194716689748,2916.654957325938,0.0007097878464845,101.96511944855452,101.94920855371916,0.3267263999331464,-0.00963828693018176,0.0021609113748510124,-1
2025-10-12 02:10:00,101.9194716689748,101.95457658929487,101.60599953746302,101.69489254119854,2506.4268668880018,-0.0022034958001516,101.91107406708332,101.92608891621728,0.317898804381188,-0.004493383703997322,0.002203436185094296,-1
2025-10-12 02:15:00,101.69489254119854,101.73676903252574,101.3626412866267,101.4183368497196,3218.818446323597,-0.0027194649069215,101.8125266236106,101.87992963744476,0.3046691542897832,-0.001710464316418303,0.002209619180713439,-1
2025-10-12 02:20:00,101.4183368497196,101.72519718924352,101.33420650575032,101.7194430040858,3826.793192134293,0.002968951806145,101.79390989970564,101.86533994350305,0.3122620545115789,-0.0037596973008374723,0.0022149050387672777,-1
2025-10-12 02:25:00,101.7194430040858,101.78776534873668,101.58241909713291,101.65523406752068,4163.762458670193,-0.0006312356287926,101.76617473326866,101.84623940932282,0.2941855984945231,-0.004703411231880339,0.0021545422814157997,-1
2025-10-12 02:30:00,101.65523406752068,101.662988603919,101.41855523388708,101.48460589583144,2216.6147940523992,-0.0016784986356522,101.70986096578122,101.81336363536906,0.2876986429581783,-0.002149312359107647,0.0021197382517337865,-1
2025-10-12 02:35:00,101.48460589583144,101.51528650400438,101.3919188024762,101.48428926417373,4797.836792262635,-3.1199969189321664e-06,101.66474662545971,101.7834477834422,0.2728155214593215,-0.004409885975934724,0.0021071338606938736,-1
2025-10-12 02:40:00,101.48428926417373,101.55037060043956,101.41768093872206,101.44934872504535,2240.279478700421,-0.0003442950567196,101.62166704537688,101.75307514176976,0.2555178868776337,-0.0023204174411086687,0.002100797019946545,-1
2025-10-12 02:45:00,101.44934872504535,101.47155242312056,101.36277322208907,101.41708392838208,6973.225599692724,-0.0003180384799782,101.58075042197792,101.72253048600724,0.250254814072007,0.0011763715519539364,0.002080380288738211,1
2025-10-12 02:50:00,101.41708392838208,101.44317184427992,101.34477671997624,101.37899129815555,2333.7346780664125,-0.000375603682841,101.54039859721344,101.691299650748,0.2369528517398395,0.0032315441157126923,0.0020808164761825297,1
2025-10-12 02:55:00,101.37899129815555,101.47770849418032,101.181940248094,101.26201951657572,3488.3803690348855,-0.0011538069187908,101.4847227810859,101.65227418400504,0.2457344708061768,0.004565072938784054,0.002085836409068669,1
2025-10-12 03:00:00,101.26201951657572,101.33310681211304,101.2111758503853,101.2365183269114,2200.84248212187,-0.0002518337061225,101.435081890251,101.61447819699652,0.2270331835621409,-6.421287418045818e-05,0.002015472063590085,0
2025-10-12 03:05:00,101.2365183269114,101.34869608306563,101.21212520399524,101.2866233291469,2022.2794066839676,0.0004949301207071,101.4053901780302,101.5846732090102,0.2259739714372405,0.0009824108361802253,0.002016594276348008,1
2025-10-12 03:10:00,101.2866233291469,101.35549647220184,100.62546631663994,100.70630735990366,9208.034252151218,-0.0057294433378177,101.2655736144049,101.50482176818232,0.2470895776122777,0.006310912737238494,0.0022333278653281128,1
2025-10-12 03:15:00,100.70630735990366,100.70715317338436,100.48426107027326,100.49649334804536,2802.4052326799497,-0.0020834247363322,101.111757561133,101.41315554816988,0.2524213669284297,0.006454137348659739,0.002162755351158287,1
2025-10-12 03:20:00,100.49649334804536,100.7151041346221,100.41007241052766,100.69831803381462,3073.7498451188812,0.0020082759014314,101.02906965566932,101.34817031959211,0.2493109863757569,0.0020921603567638503,0.002208388305451657,1
2025-10-12 03:25:00,100.69831803381462,100.90093763798136,100.68152438082764,100.87600488609112,2834.5567459232034,0.001764546377198,100.9984567017537,101.30524618927384,0.2382599514653764,-0.00010615708028083315,0.002183276123767821,0
2025-10-12 03:30:00,100.87600488609112,100.88239738628282,100.6947833947817,100.7340346073278,4197.191079183877,-0.0014073741215626,100.94557228286853,101.25331786364238,0.2237330448945138,-0.0002492036642369744,0.002172686911571908,0
2025-10-12 03:35:00,100.7340346073278,100.80485302157476,100.5329711013718,100.58304857416609,1463.3381534770929,-0.0014988581937604,100.87306754112804,101.1923842918718,0.2284855926515996,-0.001987569351100116,0.0021639768117280673,-1
2025-10-12 03:40:00,100.58304857416609,100.7879489317045,100.56040056007882,100.69140508463911,5231.390292001124,0.0010772840156374,100.83673504983024,101.14684072757792,0.2272795213368701,-0.0036532856636156685,0.0020975281611329026,-1
2025-10-12 03:45:00,100.69140508463911,100.9746400584505,100.6435002838222,100.93714255725668,3492.6058450871255,0.002440500978321,100.85681655131556,101.12777725754871,0.2421203837011662,-0.005152682894676408,0.0020063179566861345,-1
2025-10-12 03:50:00,100.93714255725668,101.31281472037892,100.8789286697844,101.23793836827416,7038.395117111159,0.0029800309717193,100.93304091470728,101.1377919039783,0.263634411478096,-0.007169564333974865,0.0020723613323118885,-1
2025-10-12 03:55:00,101.23793836827416,101.33071508384808,101.2331122621906,101.24486440350766,1706.576967702095,6.841343615970885e-05,100.99540561246737,101.14752576757188,0.26283609866567,-0.004141462137747909,0.0020089247017734332,-1
2025-10-12 04:00:00,101.24486440350766,101.3667601650048,101.16894740596908,101.33700868878066,1255.463933186073,0.0009101131777484,101.06372622773004,101.16475148768176,0.2699373582893867,-0.00643062696906449,0.0019640458962625834,-1
2025-10-12 04:05:00,101.33700868878066,101.339065514956,101.17453291335752,101.17710769782808,3004.009569046183,-0.0015779130746167,101.08640252174963,101.16587477951325,0.2605633836831131,-0.006835675430808985,0.0019651673637493083,-1
2025-10-12 04:10:00,101.17710769782808,101.31545983781749,101.12195392906598,101.26648377812036,2400.2226492149653,0.0008833626729003,101.1224187730238,101.17502105211388,0.2656758798990952,-0.005187519758192094,0.0019404761777982473,-1
2025-10-12 04:15:00,101.26648377812036,101.3088484735228,100.93768654795572,101.03675512016994,949.0767236177948,-0.0022685556896964,101.10528604245305,101.16245142193716,0.2824323832202872,-0.003135398024859515,0.00197110871659546,-1
2025-10-12 04:20:00,101.03675512016994,101.21712929848512,100.97392790779048,101.21394388687465,3613.719395021571,0.0017537060299881,101.12701761133737,101.1671325551133,0.2476589000154833,-0.004434901238590805,0.0019712668256774237,-1
2025-10-12 04:25:00,101.21394388687465,101.60570774731984,101.18210674841283,101.53638810079757,1904.015257373853,0.0031857686949074,101.2088917092294,101.2007012410846,0.2619952497151904,-0.008076616174104045,0.0020472301027298933,-1
2025-10-12 04:30:00,101.53638810079757,101.78928401086968,101.49538633646875,101.706601980942,1933.327807675973,0.0016763830517139,101.30843376357193,101.24669221743524,0.2611999604513682,-0.007959238554614667,0.002034347981312543,-1
2025-10-12 04:35:00,101.706601980942,101.80274670022226,101.63695881929506,101.72428802159746,5133.4721899101605,0.0001738927494479,101.39160461517704,101.29011001781365,0.2573695764351882,-0.008011977780801649,0.002030301615143015,-1
2025-10-12 04:40:00,101.72428802159746,101.80179760966196,101.13631360483411,101.2300176390976,2259.049026461288,-0.00485892201472,101.35928721996116,101.284647074294,0.2915031488156673,-0.002283044529798106,0.0021184271411735294,-1
2025-10-12 04:45:00,101.2300176390976,101.38882304915728,101.19941234778196,101.38612840546556,2211.1499634058555,0.0015421390809644,101.36465545706204,101.29387264985505,0.2856123474708352,-0.005047158420659947,0.002134849307843863,-1
2025-10-12 04:50:00,101.38612840546556,101.45112321806054,101.24804028203496,101.34185607774153,2488.6619253179565,-0.0004366704639021,101.36009558119794,101.29823477966288,0.283864816356543,-0.0032419537408971966,0.002102949433021746,-1
2025-10-12 04:55:00,101.34185607774153,101.34450009309988,101.09617625097168,101.14511151917232,4820.487404298821,-0.0019413948607597,101.31709876879285,101.28431448325466,0.277949392606536,-0.00455963219606037,0.002076090135755684,-1
2025-10-12 05:00:00,101.14511151917232,101.17641026043592,100.88939442707884,100.90899506279776,1458.4836560258657,-0.0023344327059229,101.23547802759384,101.2501945359404,0.2674586628038641,-0.0039008248656136058,0.0020359562441885355,-1
2025-10-12 05:05:00,100.90899506279776,101.00223091981314,100.86381849522589,100.86529618394202,4316.783541328168,-0.0004330523639497,101.16144165886348,101.2152037766678,0.2703736344417038,-0.0054505314924582215,0.0020350539047809843,-1
2025-10-12 05:10:00,100.86529618394202,100.90330350896517,100.69822913204264,100.70893131679028,1361.8996347582363,-0.0015502345511044,101.07093959044884,101.16917900758804,0.2708923214336199,-0.006384439450930923,0.0020322571786413317,-1
2025-10-12 05:15:00,100.70893131679028,100.79496176506368,100.3210997894745,100.38313278957986,1600.1670352065416,-0.0032350509825745,100.93337823027504,101.09772026049636,0.2929872767186694,-0.0016264077958706435,0.002099420547801945,-1
2025-10-12 05:20:00,100.38313278957986,100.4156671724264,100.31518251926649,100.32355061799409,1709.497940261282,-0.0005935476402263,100.81141270781885,101.02734120208709,0.2863429013192718,-0.0018532822872979748,0.002099904162550553,-1
2025-10-12 05:25:00,100.32355061799409,100.51316202482327,100.23419453728658,100.41704546936438,1763.7868785199992,0.0009319332379524,100.73253926012796,100.97185977183956,0.2797575843171011,-0.0034898992807494977,0.0021120418275404167,-1
2025-10-12 05:30:00,100.41704546936438,100.51449268018676,100.35746986172,100.51210645610384,2338.034688717372,0.0009466618570097,100.68845269932316,100.93006401586358,0.2736019720151087,-0.005213311289516964,0.0021235689064977147,-1
2025-10-12 05:35:00,100.51210645610384,100.8409437755068,100.49062711319137,100.82556263093912,3840.7522891637136,0.0031185912412667,100.71587468564636,100.92056388996136,0.2683673765442823,-0.003660478772821163,0.0021989290022031032,-1
2025-10-12 05:40:00,100.82556263093912,100.8765186282792,100.66595695640662,100.68534818774226,2260.3825307268557,-0.0013906636326951,100.70976938606556,100.89918064430508,0.2624148049351151,-0.0018620746773181374,0.002210107721241138,-1
2025-10-12 05:45:00,100.68534818774226,100.74201566373766,100.41032691248007,100.48549382857772,1559.640830916824,-0.0019849398424077,100.664914274568,100.86157275196622,0.2742648671015715,-0.0007376120898767713,0.0022294971864947584,0
2025-10-12 05:50:00,100.48549382857772,100.76879385389604,100.39984018583938,100.74116189267872,6040.098893990936,0.0025443280851777,100.68016379819014,100.8506263102128,0.2530841287607726,-0.005010753536233037,0.0020451691477600914,-1
2025-10-12 05:55:00,100.74116189267872,100.75566717317332,100.62546117392316,100.71996467772794,1983.532281556743,-0.0002104126511203,100.6881239740977,100.8387479799869,0.2488552214661185,-0.005589110792128427,0.002009735222759995,-1
2025-10-12 06:00:00,100.71996467772794,100.78901979001972,100.62429860512518,100.76507004176808,1319.7409177331608,0.0004478294267125,100.70351318763178,100.83204998560338,0.2461150963853293,-0.008227815800154747,0.0019799326807728107,-1
2025-10-12 06:05:00,100.76507004176808,100.80694062175108,100.69110884527468,100.71631766640256,2767.411286530388,-0.0004838221751378,100.70607408338594,100.82152886567604,0.2366513774102005,-0.007269794793561268,0.001955870281859956,-1
2025-10-12 06:10:00,100.71631766640256,100.92666418135376,100.71603785831697,100.89709487319644,1279.4747994612064,0.0017949147762994,100.74427824134806,100.82839850272332,0.2311949838158926,-0.009642748405929824,0.001965952481415232,-1
2025-10-12 06:15:00,100.89709487319644,100.97723923434626,100.85614562429603,100.90927528620055,2791.357068108838,0.0001207211468219,100.77727765031857,100.83575093758488,0.2299579256346758,-0.009234475391254215,0.0019454685217206067,-1
2025-10-12 06:20:00,100.90927528620055,101.07511942245978,100.83451585781194,100.99890500107529,1086.6835558196403,0.0008882207767375,100.82160312046992,100.85058312517492,0.2324957247579117,-0.011992446831896597,0.0019426994646052345,-1
2025-10-12 06:25:00,100.99890500107529,100.9998116941379,100.79533677438964,100.8744165537458,2729.504026856847,-0.001232572247473,100.8321658071251,100.85274980049954,0.2132537921978457,-0.012143725949049666,0.0019079762096194137,-1
2025-10-12 06:30:00,100.8744165537458,101.0146952650984,100.86449406942654,101.01331046832082,6721.431747061289,0.0013768993102531,100.86839473936423,100.86734622484693,0.2168049738058418,-0.010516536480938532,0.0018467922956985948,-1
2025-10-12 06:35:00,101.01331046832082,101.05665498494253,100.65944765230113,100.68392701221538,2247.251737748497,-0.0032607926082053,100.83150119393449,100.85067175097132,0.2252506770276058,-0.007334118150686408,0.001930739865705074,-1
2025-10-12 06:40:00,100.68392701221538,100.68891817570852,100.4494610790148,100.51536674569272,1489.8379447798734,-0.001674152682803,100.76827430428614,100.8201894777642,0.2311388397581026,-0.0074139227637056715,0.0019380593053557732,-1
2025-10-12 06:45:00,100.51536674569272,100.5676200985444,100.23739852915187,100.31552671059532,2960.9639313040248,-0.0019881540660644,100.67772478554798,100.7743110443852,0.2297034759778944,-0.0037506770860921135,0.001948438252438458,-1
2025-10-12 06:50:00,100.31552671059532,100.40946081532996,100.03419833865964,100.06596124263028,1977.1288734060631,-0.0024878049903981,100.55537207696445,100.70991560786202,0.2414678191777324,-0.0006978872506325784,0.0019752762488149094,0
2025-10-12 06:55:00,100.06596124263028,100.26062111384438,100.02046271492097,100.21986887983697,7435.419254345428,0.0015380618473599,100.48827143753896,100.66536590531427,0.2349299368681495,-0.0015284084785944785,0.0019719164064770645,-1
2025-10-12 07:00:00,100.21986887983697,100.31049358007748,100.0742744000243,100.13762275863492,2786.4070761061985,-0.0008206568430122,100.41814170175816,100.61738925561616,0.2254489020107602,-0.00239441032529375,0.0019397097285502839,-1
2025-10-12 07:05:00,100.13762275863492,100.21088892643688,99.98478776707132,100.06660009460586,2136.664207913232,-0.000709250550118,100.3478333803277,100.56731751370612,0.2322985563047187,-0.0016132395008552347,0.0018309923574627075,-1
2025-10-12 07:10:00,100.06660009460586,100.12631949133252,99.92875150630198,99.9881055567831,1668.7061336928132,-0.0007844229517995,100.2758878156188,100.51466188125858,0.2346447563144329,-0.001127610644437227,0.0017898481593154423,-1
2025-10-12 07:15:00,99.9881055567831,100.54817884358434,99.89339461187916,100.45649279917082,2260.4982786111527,0.0046844296106973,100.3120088123292,100.50937378288695,0.2731413602593439,-0.0077107928882977905,0.0020110727697685953,-1
2025-10-12 07:20:00,100.45649279917082,100.52905785835502,100.40850415528548,100.49786455050491,1360.7288919200073,0.0004118375047872,100.34917995996436,100.50832748903404,0.2667076016902539,-0.0071102293377349746,0.001841975668545206,-1
2025-10-12 07:25:00,100.49786455050491,100.575708674112,100.3715790931822,100.41137451347252,1182.6715179232117,-0.000860615669987,100.36161887066598,100.4995135821648,0.2726387424673656,-0.005373376437956989,0.0018164046239152601,-1
2025-10-12 07:30:00,100.41137451347252,100.41587171244554,100.17702929143816,100.23637275948076,1704.2409424697366,-0.0017428479078162,100.33656964842892,100.47559168919354,0.2725129464930477,-0.0021156266675798063,0.001834158358946567,-1
2025-10-12 07:35:00,100.23637275948076,100.28383339648964,100.07296306138704,100.15702963616486,1142.957553170828,-0.0007915602004701,100.30066164597612,100.44663150255457,0.2729697618755021,0.0013289855914497828,0.001812935954047759,1
2025-10-12 07:40:00,100.15702963616486,100.20858195205062,99.88622474597874,99.93599360637472,5273.427963363684,-0.0022068948189966,100.22772803805584,100.40020987562912,0.2852666197612176,0.003001441557465956,0.0018084655302628876,1
2025-10-12 07:45:00,99.93599360637472,100.01018283459588,99.91375170772042,99.98413070460468,3978.8068684086647,0.0004816792878405,100.1790085713656,100.36238449644507,0.2637826050636513,0.004366798753119738,0.001813535692355561,1
2025-10-12 07:50:00,99.98413070460468,100.02528421074577,99.84164705427732,99.92416957244497,5698.545942483655,-0.0005997064907917,100.12804077158148,100.32254677608144,0.2597954664761325,0.0032316270049077556,0.0017996650488291753,1
2025-10-12 07:55:00,99.92416957244497,100.00917239344804,99.89703493461884,99.97743106682084,985.5622845411888,0.0005330191344472,100.09791883062935,100.29117262069413,0.2442180300073246,0.0008271655496521202,0.0017190372651600667,1
2025-10-12 08:00:00,99.97743106682084,100.03297460296382,99.69959762097145,99.78768100277011,2561.2146608295334,-0.0018979289828309,100.03587126505752,100.2454006554283,0.2412262089589012,0.002136103815021606,0.001745760145094089,1
2025-10-12 08:05:00,99.78768100277011,99.8402339463372,99.56298903110772,99.64942528384684,2794.0721740565764,-0.0013854988665329,99.95858206881536,100.1912210761936,0.2438752458379046,0.005855879478139814,0.0017468173285504478,1
2025-10-12 08:10:00,99.64942528384684,100.02944370476546,99.58719780328116,99.95100030372036,5014.930248973918,0.0030263598511932,99.95706571579638,100.1693828241506,0.2585914402258394,0.004136941426758689,0.0018290768895345426,1
2025-10-12 08:15:00,99.95100030372036,99.96430180492294,99.89627112948295,99.9454991956327,2641.494862511881,-5.503804935358403e-05,99.95475241176364,100.1490297670126,0.2473006913740119,0.0023867328380540176,0.0017280778036689772,1
2025-10-12 08:20:00,99.9454991956327,99.94813397008244,99.76833023484524,99.7701535800746,3920.687998993649,-0.0017544123244098,99.91783264542585,100.11458647729096,0.246031816388773,-0.00011167520003096953,0.001736844487985174,0
2025-10-12 08:25:00,99.7701535800746,99.97112112651504,99.75809221831062,99.93927556318263,5261.0998151817475,0.0016951159945075,99.92212122897722,100.09864912146293,0.2144778647101475,-0.002894643556142884,0.001742401710179515,-1
2025-10-12 08:30:00,99.93927556318263,100.08091137036284,99.85283537271584,99.99612648405676,5057.797231728556,0.0005688546425191,99.93692227999313,100.08932888169872,0.2221580286085367,-0.002518794521095935,0.001676938493083802,-1
2025-10-12 08:35:00,99.99612648405676,100.10967815320708,99.956446469253,100.0666919825174,4379.035957186187,0.0007056823193236,99.962876220498,100.08727098177316,0.218522464538843,-0.0031645602925562955,0.0016850936688798982,-1
2025-10-12 08:40:00,100.0666919825174,100.151822813595,99.8250826220658,99.89785220075127,1946.0212913413895,-0.0016872725421525,99.94987141654865,100.07005109258937,0.224800876718972,-0.0011895472123794049,0.0017007328422440108,-1
2025-10-12 08:45:00,99.89785220075127,99.92554308053133,99.8291897518246,99.90516870261696,4421.465250158828,7.323983153306735e-05,99.94093087376233,100.05506178441004,0.2166210905478373,6.006428395122221e-05,0.0017013104866502502,0
2025-10-12 08:50:00,99.90516870261696,99.9271231005991,99.833168343076,99.87535790464015,3900.3262834552224,-0.0002983909477751,99.92781627993789,100.03872506806732,0.2003066299372093,-0.001590173020034169,0.0016598348508862343,-1
2025-10-12 08:55:00,99.87535790464015,99.9430036098076,99.641775292586,99.68189358891163,2790.433043028927,-0.0019370575463993,99.87863174173263,100.00628584268954,0.2149350006762184,-0.0003766538679320641,0.0016820548950907128,0
2025-10-12 09:00:00,99.68189358891163,99.79609055057782,99.61437300809526,99.7833016855982,1305.6742578531432,0.0010173171178387,99.85956573050576,99.98601455568124,0.214797885391512,-0.0022952000175173737,0.0016853487661536353,-1
2025-10-12 09:05:00,99.7833016855982,99.93795632010328,99.7426668075106,99.87182639955896,1825.0829123212984,0.0008871696212224,99.8620178643164,99.97563381421556,0.2207373178031884,-0.0006042534526427001,0.0016922777685236564,0
2025-10-12 09:10:00,99.87182639955896,100.10089180480227,99.84776919983892,100.02431001620933,3295.2009991072778,0.0015267931122069,99.894476294695,99.98005892348772,0.2150048623011155,0.003421895004156461,0.0016972997195561705,1
