timestamp,open,high,low,close,volume,ret_1,ema9,ema21,atr
2025-04-24 22:50:00,99.67781498740109,99.68255859227192,99.64715946103111,99.67781498740109,8928.360132998332,0.0,99.67781498740109,99.67781498740109,0.0
2025-04-25 02:50:00,99.67781498740109,99.73857955530156,99.67562796667367,99.7379042012377,3871.9374311083193,0.0006028343803905489,99.68983283016841,99.68327764320442,0.0
2025-04-25 06:50:00,99.7379042012377,99.83787171824663,99.7343500500417,99.75704376922243,4637.921829699994,0.00019189863811575059,99.70327501797922,99.6899836546606,0.0
2025-04-25 10:50:00,99.75704376922243,100.05685840841925,99.72723590141491,100.00240566965253,2436.7406475626713,0.002459594742980853,99.7631011483139,99.7183856560235,0.0
2025-04-25 14:50:00,100.00240566965253,100.02251484742315,99.84386196677275,99.93330118583307,1769.9890798614429,-0.0006910282143385293,99.79714115581774,99.73792343146073,0.0
2025-04-25 18:50:00,99.93330118583307,100.00054217503235,99.66763218299229,99.75614723063741,2069.488105867456,-0.0017727219364667146,99.78894237078168,99.73958014047679,0.0
2025-04-25 22:50:00,99.75614723063741,99.77871777318526,99.64038366396112,99.72858522912466,1299.4576995185203,-0.0002762937651252795,99.77687094245029,99.73858060308113,0.0
2025-04-26 02:50:00,99.72858522912466,99.81348524209092,99.70829568890376,99.72090341029363,3461.0352866693897,-7.70272516489312e-05,99.76567743601896,99.73697358555499,0.0
2025-04-26 06:50:00,99.72090341029363,99.8063790207973,99.4150344151465,99.46844174029789,4844.368576798048,-0.0025316825395875764,99.70623029687475,99.71256159962253,0.0
2025-04-26 10:50:00,99.46844174029789,99.55525430741055,99.32553828860274,99.3503589223187,1731.4968571916795,-0.0011871385126097644,99.63505602196355,99.679634083504,0.0
2025-04-26 14:50:00,99.3503589223187,99.36719448409598,99.11923610690562,99.14178302127902,2587.3854434449886,-0.0020993975593259773,99.53640142182665,99.63073853239264,0.0
2025-04-26 18:50:00,99.14178302127902,99.16816282682117,99.07497607179305,99.16177386794537,4845.262048306482,0.0002016389665098206,99.4614759110504,99.58810538107925,0.0
2025-04-26 22:50:00,99.16177386794537,99.20184260955996,98.68636280398202,98.68730399610011,2723.3683656872818,-0.004784806214510828,99.30664152806035,99.50621434608114,0.0
2025-04-27 02:50:00,98.68730399610011,99.05872979845257,98.61792502042896,98.96300321525294,1342.6218466583903,0.002793664513965455,99.23791386549888,99.45683151600585,0.2289336978898839
2025-04-27 06:50:00,98.96300321525294,99.04395076135914,98.70469259982677,98.73202601331741,2944.9370967718432,-0.0023339752678396275,99.13673629506259,99.39094010667053,0.25063791433928123
2025-04-27 10:50:00,98.73202601331741,98.76811693761121,98.73165585133196,98.761924807457,2172.5670319036517,0.00030282771808587405,99.06177399754148,99.33375689765111,0.2487457356000929
2025-04-27 14:50:00,98.761924807457,99.01439333258274,98.71003622829579,98.94865158742633,2211.16467401084,0.0018906757875907232,99.03914951551846,99.2987473239943,0.2630911238916655
2025-04-27 18:50:00,98.94865158742633,99.11458785764226,98.87152410715964,99.03183015294135,6278.863678903351,0.0008406235373661364,99.03768564300304,99.27448212662586,0.25690835556868613
2025-04-27 22:50:00,99.03183015294135,99.06972452393042,98.93252774098542,98.97665920536237,5052.506687196103,-0.0005571031808033755,99.02548035547491,99.2474073156019,0.25394720573258567
2025-04-28 02:50:00,98.97665920536237,98.9779825311012,98.56453734890289,98.64299710426978,2992.6840004025826,-0.0033711190473734165,98.94898370523389,99.19246093275353,0.2596997193153184
2025-04-28 06:50:00,98.64299710426978,98.72037438400521,98.46442375120608,98.50445412570768,5954.423038950489,-0.0014044887384723204,98.86007778932866,99.12991485938572,0.2681008995706741
2025-04-28 10:50:00,98.50445412570768,98.58944106512395,98.46880971880032,98.47406609701316,3262.1672487994956,-0.0003084939555700883,98.78287545086556,99.07029224462458,0.2692038847947081
2025-04-28 14:50:00,98.47406609701316,98.51927989584833,98.11595814895225,98.12143366402661,4382.903796682049,-0.0035809675274214303,98.65058709349778,98.98403237366112,0.27005939488365677
2025-04-28 18:50:00,98.12143366402661,98.51117326066755,98.09869094296165,98.44856829163118,2204.1155814179824,0.0033339772503191423,98.61018333312447,98.93535382074931,0.28311413051923445
2025-04-28 22:50:00,98.44856829163118,98.4627663358768,98.1787366438334,98.26535267870695,4860.378195236154,-0.0018610287188889352,98.54121720224097,98.87444462601819,0.28569065300873675
2025-04-29 02:50:00,98.26535267870695,98.41641788932372,98.23826384139339,98.32027851996568,3713.4333353226707,0.0005589542983510665,98.49702946578591,98.82406588910432,0.2917597453588944
2025-04-29 06:50:00,98.32027851996568,98.41550697031575,97.87191001032612,97.88473413506316,12312.517627963894,-0.004429853042107523,98.37457039964137,98.73867209328239,0.29376811353115784
2025-04-29 10:50:00,97.88473413506316,97.88798999008736,97.78985033037159,97.83790543600279,2455.2684794257075,-0.0004784065612902788,98.26723740691367,98.65678421534788,0.26929203365202575
2025-04-29 14:50:00,97.83790543600279,97.99144511404752,97.81341233805858,97.97120022682863,2643.570318038752,0.001362404379282589,98.20802997089666,98.59445839820977,0.2577759346846378
2025-04-29 18:50:00,97.97120022682863,97.97927290706562,97.77099856637354,97.78395355746858,2585.055174805835,-0.0019112419662771218,98.12321468821105,98.52077613996056,0.2700483099998406
2025-04-29 22:50:00,97.78395355746858,97.83203442193272,97.58747946245997,97.62067500474377,1941.421677355267,-0.0016697888230592373,98.0227067515176,98.43894876403176,0.2657767282273978
2025-04-30 02:50:00,97.62067500474377,97.68080594071385,97.47339917105279,97.5107153875077,5067.64805630214,-0.0011263968132849689,97.92030847871563,98.35456391162049,0.263229801025858
2025-04-30 06:50:00,97.5107153875077,97.53377345454628,97.42668399848408,97.45162562488814,1947.4916285136799,-0.0006059822490763755,97.82657190795014,98.27247861282663,0.26107927767708666
2025-04-30 10:50:00,97.45162562488814,97.50531225144849,97.35941545663408,97.39011161382682,5443.754860849535,-0.0006312261151815157,97.73927984912548,98.19226343109938,0.24196867857823584
2025-04-30 14:50:00,97.39011161382682,97.49243820903426,97.35056802462366,97.42100712996883,2440.212757478227,0.0003172346312172447,97.67562530529416,98.12214922190569,0.23382007512191297
2025-04-30 18:50:00,97.42100712996883,97.4633997491277,97.39728776465411,97.45303365483402,2185.374109924092,0.0003287435206091871,97.63110697520214,98.06132053399008,0.2299258349897672
2025-04-30 22:50:00,97.45303365483402,97.5215836923465,97.33630127870748,97.38690783061912,1803.6465120407624,-0.0006785404387625871,97.58226714628555,98.00001028822909,0.21435159689997668
2025-05-01 02:50:00,97.38690783061912,97.57212657554038,97.30273313797852,97.51357070757763,1530.133568301361,0.001300615039331543,97.56852785854397,97.95578850816986,0.2041309626039742
2025-05-01 06:50:00,97.51357070757763,97.83365475147112,97.50537635974332,97.7506345702682,2875.6289070374196,0.0024310858577980543,97.60494920088883,97.9371381501788,0.20729158401000294
2025-05-01 10:50:00,97.7506345702682,97.7911792515743,97.672154529616,97.77941809906524,5492.421865419855,0.0002944587410973476,97.63984298052411,97.92279996371393,0.203068060726287
2025-05-01 14:50:00,97.77941809906524,97.86656375525837,97.38566574024571,97.40067578711735,2256.398454063065,-0.0038734359368365334,97.59200954184276,97.87533412947788,0.19858956465650326
2025-05-01 18:50:00,97.40067578711735,97.46201683899712,97.19254000607485,97.25754272953345,1256.2008380202615,-0.001469528382911145,97.5251161793809,97.81917127493747,0.21082793417125295
2025-05-01 22:50:00,97.25754272953345,97.28458040767946,96.9939122488098,97.04922902365554,1499.086361557344,-0.002141877123681968,97.42993874823584,97.74917652482092,0.21887331866273232
2025-05-02 02:50:00,97.04922902365554,97.05447167904185,96.71494173832555,96.75210100408185,2981.802241287126,-0.0030616216384498074,97.29437119940505,97.65853329566282,0.2282487186644622
2025-05-02 06:50:00,96.75210100408185,96.82777610231766,96.66741932370174,96.75298750408442,4933.559562738294,9.162591751099569e-06,97.18609446034093,97.57621095097387,0.2222345628889743
2025-05-02 10:50:00,96.75298750408442,96.76820450732325,96.58105671357724,96.6490403728976,3942.306607653344,-0.001074355778238112,97.07868364285227,97.4919227166033,0.22078749318075605
2025-05-02 14:50:00,96.6490403728976,96.86251272038085,96.64368010172682,96.80679385974135,4267.753576848555,0.001632230244967614,97.0243056862301,97.42963827507039,0.22876914765160145
2025-05-02 18:50:00,96.80679385974135,96.87094611063696,96.72497284084065,96.83400051632395,2213.4063476622755,0.0002810407771796086,96.98624465224887,97.37548938791161,0.22877461015030928
2025-05-02 22:50:00,96.83400051632395,96.88722858351427,96.65154299715589,96.71263886215698,3364.0766528491117,-0.0012532958828497254,96.9315234942305,97.31523024920665,0.2354757102894364
2025-05-03 02:50:00,96.71263886215698,96.72064919659738,96.68575856842983,96.70226828655179,8059.819898920273,-0.00010723082036856457,96.88567245269476,97.25950643441985,0.23324561341043296
2025-05-03 06:50:00,96.70226828655179,96.88895287301685,96.64175683408284,96.85536889624242,4944.682098879378,0.0015832163237057273,96.8796117414043,97.2227666582219,0.23766801521721806
2025-05-03 10:50:00,96.85536889624242,96.92828692966086,96.81256450384008,96.82005939948198,2807.740922188108,-0.00036455900341747505,96.86770127301985,97.18615690742736,0.22669151437856933
2025-05-03 14:50:00,96.82005939948198,96.86363047279833,96.7733486650657,96.83761719156674,3061.8102116092728,0.00018134457047080943,96.86168445672924,97.15447147871275,0.20969175837891538
2025-05-03 18:50:00,96.83761719156674,96.91121889065037,96.60084093207226,96.63906007856407,3474.146404929575,-0.002050413039489274,96.8171595810962,97.10761589688104,0.22335984670890138
2025-05-03 22:50:00,96.63906007856407,96.92653488895188,96.61295572421173,96.83550518004736,2624.3771923505738,0.002032771234773856,96.82082870088644,97.08287855898708,0.21140850026086508
2025-05-04 02:50:00,96.83550518004736,96.98055110974856,96.75211437633696,96.9115425991639,1460.140688616907,0.0007852225170421612,96.83897148054193,97.06730256263951,0.20847706458153173
2025-05-04 06:50:00,96.9115425991639,97.19739691657851,96.86022474119224,97.1861013933273,2275.3261587033135,0.002833086614862923,96.908397463099,97.0781024563384,0.2117987800470047
2025-05-04 10:50:00,97.1861013933273,97.21620014249311,96.8732692936673,96.9484699615501,4572.784697598539,-0.0024451174434446665,96.91641196278923,97.06631768408492,0.21204170205482598
2025-05-04 14:50:00,96.9484699615501,96.97788632899788,96.83003066404125,96.84408593847635,2667.136527917779,-0.001076695930478766,96.90194675792665,97.0461147981205,0.21114876536487717
2025-05-04 18:50:00,96.84408593847635,97.03424315438357,96.84395397817893,96.97741221356505,1177.124829217359,0.0013767105528095236,96.91703984905433,97.03986910861545,0.21137314982620836
2025-05-04 22:50:00,96.97741221356505,96.98447954968414,96.86773649505622,96.95928805200107,4493.916375876886,-0.00018689054647136327,96.92548948964368,97.03254355801414,0.20408103811005723
2025-05-05 02:50:00,96.95928805200107,97.0882974815635,96.90163739641993,97.05937224540415,3813.1034962866074,0.0010322290459621186,96.95226604079578,97.03498252959504,0.2069872392062899
2025-05-05 06:50:00,97.05937224540415,97.12073332142396,96.99614877821362,97.03609195820647,1445.5251923904152,-0.00023985614844923564,96.96903122427793,97.03508338674153,0.19905145041000033
2025-05-05 10:50:00,97.03609195820647,97.19277010552548,96.94343792357564,97.12224187698473,2958.717320497566,0.0008878131532272793,96.9996733548193,97.04300688585455,0.21436870425159274
2025-05-05 14:50:00,97.12224187698473,97.41308435650578,97.11779391944081,97.37712925668312,6399.414757980078,0.002624397612456475,97.07516453519206,97.07338164683897,0.21780401840380392
2025-05-05 18:50:00,97.37712925668312,97.41232760764707,97.23828405461569,97.26947288135455,2426.671945672408,-0.001105561194403193,97.11402620442456,97.09120812270402,0.22196981320456136
2025-05-05 22:50:00,97.26947288135455,97.3622289018859,97.08305020364823,97.16798793224525,2854.6593378219136,-0.0010433381214379756,97.1248185499887,97.09818810538958,0.23546244824063528
2025-05-06 02:50:00,97.16798793224525,97.1829627355277,96.93075165020055,96.97190789564736,1046.8228005312815,-0.0020179489229993353,97.09423641912043,97.0867080863221,0.23130767157985183
2025-05-06 06:50:00,96.97190789564736,97.02361051395906,96.69425546583854,96.75875072130513,1202.7645059830716,-0.0021981332425841105,97.02713927955737,97.05689378041147,0.23243452039273546
2025-05-06 10:50:00,96.75875072130513,96.84677635486254,96.60709012017679,96.6965493290391,3021.244172304497,-0.0006428503034850985,96.96102128945373,97.02413519392307,0.23323805619803192
2025-05-06 14:50:00,96.6965493290391,96.79260256850884,96.45834977614717,96.5375975250509,3906.763222787799,-0.001643820850807387,96.87633653657316,96.97990449675287,0.2330295288391316
2025-05-06 18:50:00,96.5375975250509,96.55352339335631,96.41153021255265,96.50077531149456,5473.525142815992,-0.0003814287334712452,96.80122429155745,96.93634729809301,0.21867683826612197
2025-05-06 22:50:00,96.50077531149456,96.58896425308565,96.47881683684642,96.5482086491877,4789.46868753153,0.0004915332290338359,96.75062116308351,96.90106196637434,0.21598339192916427
2025-05-07 02:50:00,96.5482086491877,96.64428633061647,96.28318418087095,96.35563962767326,1415.5565851897202,-0.0019945374876312316,96.67162485600146,96.85147811740151,0.2281843186106554
2025-05-07 06:50:00,96.35563962767326,96.40806900437171,96.3041266672119,96.39698468994263,8245.746898146317,0.0004290881408617331,96.61669682278969,96.81016053308707,0.22726998164864756
2025-05-07 10:50:00,96.39698468994263,96.47071019119018,96.19195376769699,96.21691322815312,4051.1986953851742,-0.001868019651949715,96.53674010386239,96.75622895991125,0.23384829153076328
2025-05-07 14:50:00,96.21691322815312,96.41686083691293,96.15982922395789,96.36743648354157,2499.115848010146,0.0015644157595402497,96.50287937979823,96.7208841893322,0.24330879651252854
2025-05-07 18:50:00,96.36743648354157,96.39440644818643,96.1438120603185,96.1906547195351,2410.0868315796274,-0.001834455397562218,96.44043444774562,96.67268151025974,0.2433989540781068
2025-05-07 22:50:00,96.1906547195351,96.48236127554024,96.15321221256978,96.44990652035307,3140.1432659490624,0.002695186986447551,96.44232886226712,96.65242923845004,0.24581742735707074
2025-05-08 02:50:00,96.44990652035307,96.59505561040106,96.44696184962682,96.53436718972834,4158.466590727986,0.0008756946732493276,96.46073652775937,96.64169632492988,0.24396387076727524
2025-05-08 06:50:00,96.53436718972834,96.70974208681146,96.46842398472768,96.66268435328236,2792.9434620586467,0.0013292381489571348,96.50112609286397,96.64360432750738,0.24125954247056874
2025-05-08 10:50:00,96.66268435328236,96.84825419484433,96.6208155238816,96.81323542782395,3043.921210346965,0.0015574890719087797,96.56354795985597,96.65902533662707,0.23949008430168156
2025-05-08 14:50:00,96.81323542782395,96.9075204804608,96.28234464628815,96.32467569971635,7712.028373296142,-0.005046414634823693,96.51577350782804,96.62862991508973,0.2606201404482625
2025-05-08 18:50:00,96.32467569971635,96.52642028820125,96.24574954631265,96.44154206649748,1798.4369112027773,0.0012132547131062932,96.50092721956193,96.61162192885406,0.26354760524846604
2025-05-08 22:50:00,96.44154206649748,96.48213012671492,96.28337274011308,96.36239588167604,4158.125950338222,-0.000820664862107523,96.47322095198476,96.58896501547424,0.253869361979907
2025-05-09 02:50:00,96.36239588167604,96.39556549006713,96.16711309870313,96.1775582240997,4314.170215733213,-0.0019181513274462159,96.41408840640776,96.55156439807655,0.2600450198770738
2025-05-09 06:50:00,96.1775582240997,96.26914737847162,95.89077029877421,95.92292733231018,1669.415398986618,-0.002647508384400976,96.31585619158824,96.49441557391597,0.27920428155265753
2025-05-09 10:50:00,95.92292733231018,96.16815682086488,95.89912989091987,96.13537469381087,5377.52742978614,0.0022147714567206656,96.27975989203277,96.46177549390642,0.27262748013833565
2025-05-09 14:50:00,96.13537469381087,96.14494364320767,96.10223823054838,96.14389945158102,2367.034233067676,8.867451546623606e-05,96.25258780394243,96.43287767187684,0.26825341410258424
2025-05-09 18:50:00,96.14389945158102,96.19432740280807,95.87758188608258,95.8842584948331,1830.8549514868773,-0.0027005453099878673,96.17892194212057,96.38300320123649,0.2709669207620341
2025-05-09 22:50:00,95.8842584948331,95.95456343096585,95.6708527957884,95.73208353184503,2403.328186808318,-0.00158706929976693,96.08955426006547,96.32382868583727,0.27287256520649095
2025-05-10 02:50:00,95.73208353184503,95.95015180118287,95.71363962041717,95.89838903097404,6649.253949915494,0.0017371971129582775,96.0513212142472,96.28515235357698,0.2718666932706171
2025-05-10 06:50:00,95.89838903097404,96.04872465745854,95.83706478668613,96.03964369087817,3641.0936645615784,0.0014729617601656475,96.0489857095734,96.26283338424072,0.2634746081136135
2025-05-10 10:50:00,96.03964369087817,96.07548813181904,95.9301321162472,96.01623985229288,4507.260333610608,-0.00024368935249918788,96.0424365381173,96.24041579042728,0.26327905488487097
2025-05-10 14:50:00,96.01623985229288,96.0395106630713,95.77904489155272,95.80066264098693,1191.0573906596603,-0.00224521613882811,95.99408175869124,96.20043823138724,0.2646467455587853
2025-05-10 18:50:00,95.80066264098693,95.81228458024985,95.6011642348973,95.6356599935378,2594.487838260913,-0.0017223539263759857,95.92239740566056,96.14909475521911,0.26348115087234447
2025-05-10 22:50:00,95.6356599935378,95.89771815220607,95.59942042166192,95.84304250355517,2386.5959674669957,0.0021684642530974685,95.90652642523949,96.12127182324966,0.24013271489888005
2025-05-11 02:50:00,95.84304250355517,95.86854933632549,95.67532546236659,95.75705023516456,1691.1481916184623,-0.0008972197265901816,95.8766311872245,96.08816076978738,0.23388651004675864
2025-05-11 06:50:00,95.75705023516456,95.8604321650607,95.69628094581343,95.80926730493053,6069.343017286773,0.000545307835169595,95.8631584107657,96.06280681843675,0.2314146409500038
2025-05-11 10:50:00,95.80926730493053,95.82323743246174,95.56362280027254,95.63144552030452,1903.2354875709098,-0.001855997750823568,95.81681583267347,96.02359215497019,0.2336405152946607
2025-05-11 14:50:00,95.63144552030452,96.02657549165994,95.62801907240089,95.987156940277,6381.570181928043,0.00371960726973386,95.85088405419418,96.02027986272535,0.23508189669192145
2025-05-11 18:50:00,95.987156940277,96.16224771403091,95.96166558741918,96.07708070566949,3194.402658322369,0.0009368312205395579,95.89612338448924,96.02544357572026,0.23019298216811585
2025-05-11 22:50:00,96.07708070566949,96.10439446493719,96.05183166996896,96.08857981211833,4586.09805051606,0.00011968625986935599,95.93461467001507,96.03118323357462,0.23089708090446845
2025-05-12 02:50:00,96.08857981211833,96.31154583758892,96.0815413872453,96.21583045225172,3678.970767855072,0.0013243055562086603,95.9908578264624,96.04796934436345,0.2247012904486212
2025-05-12 06:50:00,96.21583045225172,96.3298491883589,96.1679731468396,96.2754607791644,2794.858924053026,0.0006197558825029592,96.0477784170028,96.06865038389081,0.21599881947304006
2025-05-12 10:50:00,96.2754607791644,96.42314090661074,96.19964529671041,96.37729225479826,2334.996752470369,0.0010577095638881762,96.1136811845619,96.09670873579148,0.21506906441122758
2025-05-12 14:50:00,96.37729225479826,96.66191529905369,96.34862060776598,96.58584202258189,1266.479332397279,0.0021638890542003963,96.20811335216591,96.14117539822696,0.22232869444803477
2025-05-12 18:50:00,96.58584202258189,96.74620677193134,96.56420106717603,96.67257417426477,6128.712990076726,0.0008979799716670733,96.30100551658569,96.18948437786676,0.2249465293897107
2025-05-12 22:50:00,96.67257417426477,96.73551594244799,96.5821393754135,96.7113147828509,2936.0274192949073,0.0004007404263002279,96.38306736983874,96.23692350559259,0.21729730049798945
2025-05-13 02:50:00,96.7113147828509,96.74835817412406,96.59651450321734,96.65606379920891,2361.030991878253,-0.0005712980302878812,96.43766665571277,96.2750271686486,0.2130632523232876
2025-05-13 06:50:00,96.65606379920891,96.89257280928425,96.6210809475837,96.87492896354988,4683.48111393319,0.0022643707568688054,96.5251191172802,96.32956369545781,0.2111485474058869
2025-05-13 10:50:00,96.87492896354988,96.92776758432036,96.57544318989461,96.6318198226602,1829.7314754607107,-0.002509515552585828,96.54645925835621,96.35704152520348,0.2225128702963762
2025-05-13 14:50:00,96.6318198226602,96.92563323234701,96.55843266070671,96.85829475936438,6422.177400973843,0.002343689036590657,96.60882635855785,96.4026100010363,0.23701639546730643
2025-05-13 18:50:00,96.85829475936438,96.94990945362126,96.81075380803692,96.93397577007524,590.371072984831,0.0007813580746891535,96.67385624086133,96.45091598003984,0.22841218213838793
2025-05-13 22:50:00,96.93397577007524,96.99590207720514,96.85980316676296,96.98872412206575,2930.0712553782505,0.0005648004381908489,96.73682981710222,96.49980762931492,0.20966521722289752
2025-05-14 02:50:00,96.98872412206575,97.0644597549192,96.94214135950298,96.95512351199234,5025.993009569881,-0.00034643831411906856,96.78048855608024,96.54119998228559,0.20407495070893183
2025-05-14 06:50:00,96.95512351199234,97.40254294433977,96.95227676829695,97.321056563764,1153.599599267726,0.0037742518241070666,96.888602157617,96.61209603514726,0.2324823350714027
2025-05-14 10:50:00,97.321056563764,97.41631263716549,96.98178386610337,96.98312006162043,1202.1903063519649,-0.003472388340976962,96.9075057384177,96.64582549209936,0.2470912151227235
2025-05-14 14:50:00,96.98312006162043,97.40005257384051,96.96446577332735,97.3297285161675,4625.645477888968,0.0035739049674505807,96.99195029396766,96.70799849428737,0.26664198362228475
2025-05-14 18:50:00,97.3297285161675,97.42388600594246,97.2244428187806,97.25094227237653,1880.2345441727343,-0.0008094776898291967,97.04374868964945,96.7573570195682,0.2649239534266802
2025-05-14 22:50:00,97.25094227237653,97.39015358436708,97.16645160396669,97.35734644837106,1660.4959567863336,0.0010941197432978722,97.10646824139377,96.81190151309573,0.2585244740775861
2025-05-15 02:50:00,97.35734644837106,97.40557596716278,97.16088229227631,97.20105498033715,5185.384066998739,-0.0016053382074951994,97.12538558918246,96.84727910102677,0.2630021862298112
2025-05-15 06:50:00,97.20105498033715,97.34534423155722,97.19210439666945,97.27424455712998,2303.856542238661,0.0007529710125844247,97.15515738277197,96.88609414249069,0.26299241964790304
2025-05-15 10:50:00,97.27424455712998,97.30452564208515,96.99242242248691,97.08421760046906,5530.689978910765,-0.001953517681129946,97.1409694263114,96.90410536594327,0.2744395302687254
2025-05-15 14:50:00,97.08421760046906,97.13340438201114,96.72827633774739,96.78238619953196,3358.4537198587486,-0.0031089646535468196,97.06925278095552,96.8930399871786,0.28398497188038313
2025-05-15 18:50:00,96.78238619953196,96.92464762064013,96.70735996734555,96.85110740231762,1904.569983911255,0.0007100589837079063,97.02562370522796,96.88922793400941,0.2743394903710136
2025-05-15 22:50:00,96.85110740231762,96.96484545877131,96.80632145102,96.87540056957548,1768.8956670522862,0.0002508300411778741,96.99557907809746,96.88797090087905,0.25943402152180034
2025-05-16 02:50:00,96.87540056957548,96.89326327616297,96.70788983299151,96.7858372245396,2718.3992946890917,-0.0009245210291702888,96.9536307073859,96.87868602121183,0.26273529277802304
2025-05-16 06:50:00,96.7858372245396,96.89177198119604,96.74678851033441,96.80419574571818,2554.2072354777943,0.0001896818967013214,96.92374371505235,96.87191417798513,0.26336990423655493
2025-05-16 10:50:00,96.80419574571818,96.81280071381362,96.51252882921887,96.5863667222695,2135.430135142667,-0.002250202295165593,96.85626831649579,96.84595531837462,0.2760808677493074
2025-05-16 14:50:00,96.5863667222695,96.62523248764113,96.42234404641091,96.43883105090774,2276.570775467379,-0.001527499960589651,96.77278086337819,96.80894402133218,0.2584110295484073
2025-05-16 18:50:00,96.43883105090774,96.46476203735176,96.2717787854536,96.2896145503334,1969.8514321636828,-0.0015472657533102119,96.67614760076924,96.76173225124138,0.2411577781795527
2025-05-16 22:50:00,96.2896145503334,96.35191978558466,96.07171533943503,96.07740764609918,4284.750715324578,-0.002203840001076096,96.55639960983524,96.69952092350118,0.23005903858215707
2025-05-17 02:50:00,96.07740764609918,96.26773908741532,95.99490662957041,96.17579623629575,5742.763495521806,0.0010240554216345288,96.48027893512734,96.65190958830068,0.2353011293452322
2025-05-17 06:50:00,96.17579623629575,96.22885830407066,95.86540830588262,95.94892109552585,3216.8772959117523,-0.002358962957920263,96.37400736720706,96.58800154350297,0.24528313061577783
2025-05-17 10:50:00,95.94892109552585,96.29576514169844,95.90095862336887,96.2144361544203,3563.576981021616,0.0027672542417658264,96.34209312464971,96.55404105358636,0.25600547657600004
2025-05-17 14:50:00,96.2144361544203,96.37314627808581,96.20130747157634,96.29030580837599,2902.6940579716293,0.0007885475089612903,96.33173566139497,96.5300651222036,0.25733397454897855
2025-05-17 18:50:00,96.29030580837599,96.44875881042974,96.28752926668662,96.37088455483858,4013.322063378944,0.0008368313485569434,96.3395654400837,96.51559416153405,0.24655728341646974
2025-05-17 22:50:00,96.37088455483858,96.4614928311288,96.09673430936868,96.12708391739257,1899.0462773651227,-0.0025298163296123555,96.29706913554548,96.48027504843029,0.24367374609478126
2025-05-18 02:50:00,96.12708391739257,96.38820970816606,96.08795603658332,96.3592330493372,2702.361559664416,0.0024150231389952204,96.30950191830384,96.46927123033092,0.24959989025822132
2025-05-18 06:50:00,96.3592330493372,96.43731281078904,96.140556500801,96.2272035921548,12104.670545789506,-0.00137017961854069,96.29304225307403,96.44726508140582,0.2594736261322735
2025-05-18 10:50:00,96.2272035921548,96.29198805989054,96.04483107314721,96.09728932709577,3267.2961464623236,-0.001350078358399065,96.25389166787839,96.41544910374127,0.2638867363874076
2025-05-18 14:50:00,96.09728932709577,96.1253237582754,95.94576070764201,96.02227806406512,3608.719875870018,-0.0007805762634502944,96.20756894711575,96.37970628195252,0.26635670637110465
2025-05-18 18:50:00,96.02227806406512,96.19802997966082,95.93257041653467,96.16568336301773,3153.038973850443,0.001493458620685173,96.19919183029616,96.36024965295844,0.2638701119804899
2025-05-18 22:50:00,96.16568336301773,96.19356488763327,95.8682788592676,95.93772553360455,3151.748719667044,-0.002370469604553893,96.14689857095784,96.32183836938081,0.2726127967758793
2025-05-19 02:50:00,95.93772553360455,95.96853111029496,95.88919095663826,95.90218185606204,3624.4101329213486,-0.00037048697313613044,96.09795522797869,96.28368777726092,0.26449543261577546
2025-05-19 06:50:00,95.90218185606204,96.01086965752546,95.88971015487465,95.94093802812544,1660.5228765904553,0.0004041219012260733,96.06655178800804,96.25252870915769,0.2531350795087174
2025-05-19 10:50:00,95.94093802812544,96.0262568652479,95.49438975329461,95.5384412098305,3640.651862784577,-0.004195256233339717,95.96092967237253,96.1876116637643,0.27163755480217283
2025-05-19 14:50:00,95.5384412098305,95.58129536156873,95.25653437526226,95.29756625577309,3939.421217421729,-0.0025212359654096517,95.82825698905265,96.10669844485601,0.26887405395349007
2025-05-19 18:50:00,95.29756625577309,95.30531025507085,95.24644568549552,95.27529172057557,2444.3529262646925,-0.00023373666372272783,95.71766393535724,96.03111601537596,0.2448782004710444
2025-05-19 22:50:00,95.27529172057557,95.33919450905928,95.21618687513836,95.24699723737226,1984.0256512868934,-0.0002969760857441939,95.62353059576024,95.9598324901029,0.24139025957186228
2025-05-20 02:50:00,95.24699723737226,95.28530949921628,95.20180267458667,95.25306400517142,2597.240909646493,6.369510824622004e-05,95.54943727764248,95.89558080965458,0.23583863677804015
2025-05-20 06:50:00,95.25306400517142,95.32182167334182,95.18660711103823,95.21850613063067,1415.5813685202222,-0.0003628006605528311,95.48325104824012,95.83402856610695,0.21944263967400296
2025-05-20 10:50:00,95.21850613063067,95.42314733554679,95.16671369858095,95.36211204541138,3687.773021192274,0.0015081723145675685,95.45902324767438,95.79112706422553,0.21631263720136726
2025-05-20 14:50:00,95.36211204541138,95.45269156200348,95.15977300968112,95.2499188059792,2723.790193660198,-0.001176497007309818,95.41720235933535,95.74192631347586,0.2160385116538188
2025-05-20 18:50:00,95.2499188059792,95.32117023927965,95.20095157265258,95.28146287979709,4072.901004658552,0.0003311716609664117,95.3900544634277,95.70006600132324,0.20697148878837116
2025-05-20 22:50:00,95.28146287979709,95.34648627091867,95.150414826694,95.23697542603145,3422.0693403380537,-0.00046690565426943387,95.35943865594845,95.65796685811489,0.2081506597591769
2025-05-21 02:50:00,95.23697542603145,95.54878591474439,95.16861024152747,95.53770450041769,1627.80844203308,0.003157692409287094,95.39509182484231,95.64703391650605,0.2163446676228032
2025-05-21 06:50:00,95.53770450041769,95.71738654692791,95.4566301299611,95.64709727356188,3040.5083316677255,0.0011450219964592723,95.44549291458623,95.64703967623839,0.21173540966574222
2025-05-21 10:50:00,95.64709727356188,95.73436163573429,95.51555610183226,95.59092990428654,1883.8165355292244,-0.0005872354820627423,95.4745803125263,95.64193878787913,0.22169722254040838
2025-05-21 14:50:00,95.59092990428654,95.95443623362847,95.57070207251414,95.87557657037745,7391.822234238252,0.0029777581029488687,95.55477956409653,95.66317858628807,0.24045255528780274
2025-05-21 18:50:00,95.87557657037745,95.88643633281687,95.8150423345922,95.82179292493397,2126.2536667927593,-0.0005609733716072096,95.60818223626403,95.67759807161951,0.20756161859290095
2025-05-21 22:50:00,95.82179292493397,95.8895428097798,95.71513547991735,95.73312378746758,1411.8178904077222,-0.0009253546062936158,95.63317054650474,95.68264586396934,0.196822071704042
2025-05-22 02:50:00,95.73312378746758,95.79869345986585,95.58560682225928,95.59491602000512,3828.2296748500653,-0.0014436776112026761,95.62551964120482,95.67467042360896,0.2078379337062728
2025-05-22 06:50:00,95.59491602000512,95.67721661142534,95.50565483134629,95.51624957390577,4385.948957178425,-0.0008229145374518687,95.60366562774502,95.66026852818139,0.2113060870032817
2025-05-22 10:50:00,95.51624957390577,95.5828321690285,95.18624313081067,95.19477860574864,4222.427987564995,-0.0033656154799963645,95.52188822334574,95.61795126250568,0.23366910225958396
2025-05-22 14:50:00,95.19477860574864,95.42123424136966,95.14150685810209,95.35865780461633,5036.619207017565,0.0017215145753570749,95.48924213959987,95.59437912997029,0.2439914466141541
2025-05-22 18:50:00,95.35865780461633,95.60032703689852,95.28574291888384,95.53082532356136,1711.7237789908368,0.0018054733876160522,95.49755877639217,95.58860151120584,0.24814505240335702
2025-05-22 22:50:00,95.53082532356136,95.87142117763622,95.49194752074136,95.85284153904712,2555.243899947544,0.003370809520331308,95.56861532892316,95.61262333191868,0.2543275598728211
2025-05-23 02:50:00,95.85284153904712,96.16147506619382,95.78156433281865,96.15138287428749,2354.744683557239,0.003114579916952742,95.68516883799603,95.66160147213402,0.2728769932119712
2025-05-23 06:50:00,96.15138287428749,96.23486029951556,96.135354124682,96.1623292699137,2957.0362237942386,0.00011384543101700118,95.78060092437957,95.70712218102308,0.2659794739697493
2025-05-23 10:50:00,96.1623292699137,96.28187356787915,96.10524610870532,96.26271821289028,4836.719917561083,0.001043952904830281,95.87702438208171,95.75763091119282,0.2514403158238149
2025-05-23 14:50:00,96.26271821289028,96.26568785285954,96.03766216872141,96.08686260149311,6236.367467363207,-0.0018268298949158934,95.918992025964,95.78756106485648,0.24910240633605188
2025-05-23 18:50:00,96.08686260149311,96.18647221538001,96.03387976124074,96.18335859819327,2618.0402486588346,0.001004257960844912,95.97186534040986,95.82354265879619,0.2443729006387118
2025-05-23 22:50:00,96.18335859819327,96.63683656657874,96.10531639710113,96.56865175475919,2382.5695037900446,0.004005819324478743,96.09122262327973,95.89127984933828,0.254929044093231
2025-05-24 02:50:00,96.56865175475919,96.59005800927935,96.36803242967427,96.43821656868175,1217.506246827461,-0.0013506990488868498,96.16062141236014,95.9410013692786,0.26568844276326026
2025-05-24 06:50:00,96.43821656868175,96.7301765704661,96.40439267574321,96.6487273842642,4173.58570176886,0.0021828567872004268,96.25824260674096,96.00534009791365,0.27650105453900614
2025-05-24 10:50:00,96.6487273842642,96.72121087862256,96.55245925769155,96.70832586438053,1526.942210346521,0.0006166504384415017,96.34825925826888,96.06924789486517,0.2733342676336089
2025-05-24 14:50:00,96.70832586438053,96.73478886868986,96.55916760041019,96.62172846197481,2979.698104612749,-0.0008954492969628358,96.40295309901008,96.11947340096604,0.2736242310765107
2025-05-24 18:50:00,96.62172846197481,96.97207699804457,96.57352112080105,96.88918776647695,1881.0043142833383,0.0027681072234946313,96.50020003250346,96.1894474341943,0.27376471957834525
2025-05-24 22:50:00,96.88918776647695,96.94812221648213,96.60924177288122,96.61657798774375,1588.0892537572038,-0.0028136243580682008,96.52347562355152,96.22827748451698,0.2779899381735841
2025-05-25 02:50:00,96.61657798774375,96.63042847986964,96.52389032220835,96.55418444586982,2352.0932866032736,-0.0006457850523524655,96.52961738801518,96.2579053900945,0.26312951243405636
2025-05-25 06:50:00,96.55418444586982,96.67529594299094,96.48279287458037,96.6194337449115,4007.299973547329,0.0006757790914619921,96.54758065939446,96.29077160416878,0.24977447039946452
2025-05-25 10:50:00,96.6194337449115,96.79113831233575,96.61779103561055,96.76762805883338,2649.5225980229457,0.0015337940637607517,96.59159013928225,96.33412219095646,0.23501993778160926
2025-05-25 14:50:00,96.76762805883338,97.08279254509772,96.75627000316321,96.99001683355061,3496.323644546021,0.0022981732546139,96.67127547813593,96.39374897664683,0.2512353925745338
2025-05-25 18:50:00,96.99001683355061,97.20919050165081,96.92517881009091,97.18602236224423,3007.406123323681,0.0020208835413442205,96.7742248549576,96.46577382988296,0.2589056948878244
2025-05-25 22:50:00,97.18602236224423,97.264842595917,97.13991938353327,97.25976598719701,1911.078659748632,0.0007587883849995425,96.87133308140548,96.53795493509332,0.25154123261965317
2025-05-26 02:50:00,97.25976598719701,97.48300171122764,97.25705108914921,97.47279346571446,1160.8679741575702,0.0021902939653946074,96.99162515826728,96.62294025605888,0.2567811017581647
2025-05-26 06:50:00,97.47279346571446,97.48776936865772,96.96990097906975,97.04412931864603,3331.3157766372497,-0.004397782517838844,97.00212599034303,96.66123017083953,0.25580597462319127
2025-05-26 10:50:00,97.04412931864603,97.09232305431397,96.9406227379017,96.9647770646845,8602.095085518304,-0.0008176924716484235,96.99465620521133,96.68882534300725,0.2507827415379903
2025-05-26 14:50:00,96.9647770646845,97.13551899073458,96.94857203276605,97.07918407681196,1973.4522244655861,0.0011798821756805467,97.01156177953146,96.72431250062586,0.24086581748410754
2025-05-26 18:50:00,97.07918407681196,97.34094536026748,96.99673446719466,97.28119503010387,4175.586624940356,0.0020808884542342643,97.06548842964595,96.77493818512386,0.25339862263709484
2025-05-26 22:50:00,97.28119503010387,97.30969601127596,96.94323374036793,97.01495758170412,4363.71553207561,-0.0027367822559885013,97.0553822600576,96.79675813026752,0.26703012282483485
2025-05-27 02:50:00,97.01495758170412,97.05654749940668,96.84454947999005,96.93558830554342,1129.3526766591008,-0.0008181138057382631,97.03142346915477,96.8093790552926,0.25370456155148496
2025-05-27 06:50:00,96.93558830554342,97.09294010275114,96.92973543413129,97.03004136833874,3764.706360858756,0.0009743899474525808,97.03114704899157,96.82943926556952,0.24115629190998078
2025-05-27 10:50:00,97.03004136833874,97.07317640381815,96.66641573557989,96.70701972430933,8359.474177895885,-0.003329089006601338,96.96632158405512,96.81831021636404,0.2626007569511931
2025-05-27 14:50:00,96.70701972430933,96.7764649258816,96.47349938540344,96.49297527874367,4294.416462935018,-0.0022133289411240264,96.87165232299284,96.788734312944,0.2704909335274489
2025-05-27 18:50:00,96.49297527874367,96.71335736003714,96.43316936710421,96.70119991199019,2167.2113982795904,0.002157925306427888,96.83756184079232,96.78077664013001,0.27812241325657233
2025-05-27 22:50:00,96.70119991199019,96.77384325849842,96.47195711329171,96.52889996397953,3721.797837097435,-0.0017817767325273293,96.77582946542977,96.75787876047997,0.27636267063315806
2025-05-28 02:50:00,96.52889996397953,96.69224356042643,96.49959246179682,96.60197689040403,1782.8827476540469,0.0007570471273554702,96.74105895042463,96.74370586320033,0.2698369139952805
2025-05-28 06:50:00,96.60197689040403,96.77424305059857,96.52923600488045,96.73289203425828,3217.7960363566467,0.0013552014986482064,96.73942556719136,96.74272278784196,0.2784143306620227
2025-05-28 10:50:00,96.73289203425828,96.76583703860602,96.63443069122715,96.721372978572,2173.634672192518,-0.00011908106378333283,96.73581504946749,96.74078189609014,0.2716611681834828
2025-05-28 14:50:00,96.721372978572,96.9553477708965,96.66303867703,96.87387817507242,3996.00226547484,0.001576747639161491,96.76342767458848,96.7528815578158,0.2555497899176627
2025-05-28 18:50:00,96.87387817507242,97.16631326059843,96.83072433459682,97.0832500155011,2447.59091659298,0.0021612827355821373,96.82739214277102,96.782915053969,0.26868469060261596
2025-05-28 22:50:00,97.0832500155011,97.10398079196058,97.01187275485889,97.03090708058421,1830.8039607068208,-0.0005391551571308772,96.86809513033366,96.80545978366129,0.26191048196927064
2025-05-29 02:50:00,97.03090708058421,97.12856581026305,96.98450460480174,97.0945681400184,2589.89110974511,0.0006560905318684362,96.91338973227062,96.83174236151193,0.24761407571130536
2025-05-29 06:50:00,97.0945681400184,97.12903180084085,96.97365294013066,97.04219990572379,5066.977662390933,-0.0005393528731605368,96.93915176696126,96.85087486553118,0.23253668926860221
2025-05-29 10:50:00,97.04219990572379,97.11553658772009,96.81170053566967,96.90065180506711,5440.564977125656,-0.001458624194362823,96.93145177458244,96.85540004185263,0.2390965487424442
2025-05-29 14:50:00,96.90065180506711,96.92932632105043,96.74233249400191,96.78003199427975,6964.6685421046805,-0.0012447781159409255,96.90116781852191,96.84854840116418,0.24079577434449106
2025-05-29 18:50:00,96.78003199427975,97.11986675396099,96.76762658680242,97.02978596646517,1417.8029079468108,0.0025806353546171668,96.92689144811057,96.86502454346427,0.23690145283879868
2025-05-29 22:50:00,97.02978596646517,97.10537677475678,96.54710217971224,96.62962792682707,3381.7134476625333,-0.004124074227849994,96.86743874385387,96.8436248510427,0.25513781387925455
2025-05-30 02:50:00,96.62962792682707,96.63555889264852,96.5138768530978,96.5404761421601,3575.1782003315084,-0.0009226133493391853,96.80204622351512,96.81606587750792,0.24381596006624
2025-05-30 06:50:00,96.5404761421601,96.62837195727002,96.24408148449274,96.30702279309004,1601.7121263274064,-0.0024181913990800608,96.70304153743011,96.76978923346994,0.24970198346413802
2025-05-30 10:50:00,96.30702279309004,96.4930624446268,96.26067293331037,96.44838144077148,4023.873556501617,0.0014677916893468534,96.65210951809838,96.74057034322462,0.2525404415131963
2025-05-30 14:50:00,96.44838144077148,96.50396190171489,96.30942187601347,96.35905629454206,2672.522128561928,-0.0009261445852699612,96.59349887338713,96.70588724788983,0.2489356543691455
2025-05-30 18:50:00,96.35905629454206,96.4271415324919,96.18153224162619,96.26783755057212,2440.0508147444502,-0.000946654600799568,96.52836660882414,96.66606454813368,0.2570930074753487
2025-05-30 22:50:00,96.26783755057212,96.57645198115118,96.21935026358851,96.50721073284956,4688.456725670299,0.0024865332843035937,96.52413543362923,96.65162329219875,0.26172105202507573
2025-05-31 02:50:00,96.50721073284956,96.56746169952794,96.37488968254657,96.37907680565479,4561.401174649894,-0.001327713506812156,96.49512370803434,96.62684633887656,0.2515055585236305
2025-05-31 06:50:00,96.37907680565479,96.49531039985281,96.28643817658059,96.44586633843775,2207.2558573886026,0.0006929878869625927,96.48527223411503,96.61039361156394,0.2598458575358111
2025-05-31 10:50:00,96.44586633843775,96.46766767898272,96.2470525568041,96.29290519282543,3925.290070995227,-0.0015859792795636096,96.44679882585712,96.58153102804225,0.26531399444418974
2025-05-31 14:50:00,96.29290519282543,96.31648025677062,96.02908907048848,96.06678358247717,3722.5379999219176,-0.002348268648613816,96.37079577718113,96.53473580571814,0.2747434462707576
2025-05-31 18:50:00,96.06678358247717,96.08679109191004,95.88101429615473,95.92796059065982,1528.5866247788374,-0.0014450675523883794,96.28222873987687,96.47957442253102,0.2677392136782503
2025-05-31 22:50:00,95.92796059065982,96.11293866814931,95.8401643904103,96.07868572767023,4028.471322689292,0.0015712325799730475,96.24152013743556,96.44312999572549,0.27386638872757224
2025-06-01 02:50:00,96.07868572767023,96.17230713961241,96.0579057612695,96.0699146937778,2428.7837555217952,-9.129011107922302e-05,96.20719904870401,96.40920133191206,0.2568779038121686
2025-06-01 06:50:00,96.0699146937778,96.09719721659155,95.78570248657566,95.86437287144112,2496.6723964941625,-0.002139502496612433,96.13863381325145,96.35967147186925,0.23925077059583696
2025-06-01 10:50:00,95.86437287144112,95.86935935633434,95.73028125542163,95.7335984350075,4607.715683088397,-0.001364160975725559,96.05762673760266,96.30275574124545,0.24049334640740788
2025-06-01 14:50:00,95.7335984350075,95.74029978482204,95.66402625739072,95.70657417315897,3040.3439034100156,-0.0002822860760516299,95.98741622471393,96.24855741687395,0.21849213602555398
2025-06-01 18:50:00,95.70657417315897,95.75110553520662,95.44622035414847,95.45397910209171,1918.8554088003857,-0.0026392656225501243,95.88072880018949,96.17632302462101,0.22367039814996303
2025-06-01 22:50:00,95.45397910209171,95.51310292750283,95.22337929849473,95.23530493025034,6067.318530034819,-0.0022908858687544775,95.75164402620166,96.09077592513276,0.230469226957583
2025-06-02 02:50:00,95.23530493025034,95.281785925414,95.08795095694266,95.09806792317053,5710.797525971236,-0.0014410307939930478,95.62092880559544,96.0005297431362,0.22677106107227019
2025-06-02 06:50:00,95.09806792317053,95.18924169104403,95.02287443877302,95.17052507908198,1846.4632718707758,0.0007619203785504958,95.53084806029275,95.92507477367673,0.21314717069429484
2025-06-02 10:50:00,95.17052507908198,95.58994443735226,95.15415824805025,95.58393540151684,4372.828976531438,0.004343890317840771,95.54146552853757,95.89406210348037,0.23051961157434014
2025-06-02 14:50:00,95.58393540151684,95.82255608884346,95.49670130381611,95.79134009941288,1355.5145401633697,0.0021698698324650323,95.59144044271264,95.88472373947423,0.23887550884256317
2025-06-02 18:50:00,95.79134009941288,96.1230629697547,95.78900226302223,96.03442641587762,2434.777926312865,0.002537664847495291,95.68003763734563,95.89833307369271,0.24697876488212447
2025-06-02 22:50:00,96.03442641587762,96.03720732519375,95.94278467559363,95.95898426131836,1136.59558661442,-0.0007855740631235175,95.73582696214018,95.90384681802232,0.23319529797626615
2025-06-03 02:50:00,95.95898426131836,96.0502656076095,95.45456687039142,95.49416552150387,1691.5597400923243,-0.004843931429585391,95.68749467401292,95.86660306379336,0.26104686522360715
2025-06-03 06:50:00,95.49416552150387,95.4987829323813,95.13130724575211,95.15008751183096,1417.6852978238448,-0.0036031312258070214,95.58001324157654,95.80146528634224,0.26781125157290525
2025-06-03 10:50:00,95.15008751183096,95.3689977654299,95.06768668339524,95.2805508364713,3408.121446891615,0.001371131945875792,95.5201207605555,95.75410942726306,0.2811619446937438
2025-06-03 14:50:00,95.2805508364713,95.29547073652925,95.14722227003944,95.20599635724079,3610.976150098926,-0.0007824732180492511,95.45729587989257,95.70428096635194,0.26950149729902406
2025-06-03 18:50:00,95.20599635724079,95.5713068300573,95.17686060057035,95.55853243296959,2052.8903938309145,0.0037028768062672412,95.47754319050797,95.69103109968081,0.2877420779114693
2025-06-03 22:50:00,95.55853243296959,95.75007898657898,95.49877022449273,95.7382127491471,1303.2311852203075,0.0018803168236551926,95.52967710223581,95.69532034054139,0.3002445946725355
2025-06-04 02:50:00,95.7382127491471,95.80806469632556,95.39514302512536,95.47675797508245,1284.7745829315827,-0.0027309343527198715,95.51909327680514,95.67545103459057,0.3079614868255384
2025-06-04 06:50:00,95.47675797508245,95.49472996647422,95.14526852978173,95.21259918037106,911.9177327306776,-0.0027667340231675164,95.45779445751833,95.63337359329788,0.3122284730887098
2025-06-04 10:50:00,95.21259918037106,95.29210179166328,95.2023109616312,95.20581874533897,6301.690963611913,-7.12136323390844e-05,95.40739931508247,95.59450497075615,0.3047967489144777
2025-06-04 14:50:00,95.20581874533897,95.33173097538408,95.15331129999738,95.25908288810373,1899.1586272174022,0.0005594631028511543,95.37773602968673,95.56401205415138,0.3056576362798832
2025-06-04 18:50:00,95.25908288810373,95.53130940623855,95.24675657057348,95.45637363008211,2080.3015814589326,0.002071096382589843,95.39346354976581,95.55422674287234,0.29485525387724465
2025-06-04 22:50:00,95.45637363008211,95.79840869543685,95.42780505127938,95.78144260072504,8007.232402463462,0.0034054192326922195,95.47105935995766,95.57488272994986,0.2980516009579678
2025-06-05 02:50:00,95.78144260072504,95.89781047826477,95.70507123304706,95.84135597614639,5066.596607127213,0.0006255217482065145,95.54511868319541,95.59910757051318,0.2879572108497704
2025-06-05 06:50:00,95.84135597614639,95.90907636015537,95.77455481465309,95.8317482525334,2570.1811467997236,-0.00010024611520920157,95.60244459706301,95.6202567234241,0.29082141769992476
2025-06-05 10:50:00,95.8317482525334,96.0468025639467,95.81772566718286,96.02445490229027,3541.180516327917,0.0020108852574520775,95.68684665810846,95.65700201241194,0.26463414338176455
2025-06-05 14:50:00,96.02445490229027,96.23350773110904,95.99050679680673,96.14914313405305,4365.839382610198,0.001298504968235914,95.77930595329738,95.70174211437931,0.25574308964413056
2025-06-05 18:50:00,96.14914313405305,96.37651215835164,96.13716227777124,96.28498340204614,3165.2629607675367,0.0014128078895481178,95.88044144304713,95.75476404962176,0.2513172895402554
2025-06-05 22:50:00,96.28498340204614,96.30526849470496,96.00630516216387,96.06488119175138,3209.6721486448423,-0.0022859453522020567,95.91732939278799,95.78295651708808,0.26208263711534635
2025-06-06 02:50:00,96.06488119175138,96.10807410723099,95.80362077639568,95.86095552542922,3675.7350066984886,-0.0021227910115780846,95.90605461931624,95.79004733602818,0.25565457292594423
2025-06-06 06:50:00,95.86095552542922,96.31531195835618,95.8078712427091,96.23213626850928,7605.75389008357,0.003872074308518547,95.97127094915486,95.830237238981,0.27394971246600314
2025-06-06 10:50:00,96.23213626850928,96.50194623660039,96.18491598692236,96.41216647015256,4384.383086902982,0.001870790867002592,96.0594500533544,95.88313989636023,0.2671003252144197
2025-06-06 14:50:00,96.41216647015256,96.4654802978081,96.33615638542466,96.38714375036331,2533.054834378514,-0.0002595390260937691,96.12498879275618,95.92895842854233,0.2513762163352017
2025-06-06 18:50:00,96.38714375036331,96.75992231001422,96.36935286627696,96.72213809301195,4794.315725896674,0.003475508554504403,96.24441865280734,96.00106567076683,0.27286040302842857
2025-06-06 22:50:00,96.72213809301195,96.7624156458763,96.68618434234813,96.74736148185303,2631.566329297094,0.0002607819609696804,96.34500721861649,96.06891074450193,0.26556123360996303
2025-06-07 02:50:00,96.74736148185303,96.7998682477351,96.55184844870901,96.58248039592094,3841.716021816646,-0.0017042437479085626,96.39250185407738,96.11559889463093,0.26295173099289365
2025-06-07 06:50:00,96.58248039592094,96.59885040257485,96.58234828082968,96.5976814146866,1862.6966666701953,0.00015738898714712235,96.43353776619924,96.15942457827235,0.23765876510630132
2025-06-07 10:50:00,96.5976814146866,96.61329156741422,96.33017844206213,96.37618027297033,7476.568954781902,-0.0022930275185941706,96.42206626755346,96.17912964142671,0.24411404225875696
2025-06-07 14:50:00,96.37618027297033,96.4429400541186,96.29858737919736,96.41051009585603,1398.8388930080923,0.0003562065106592627,96.41975503321397,96.20016422819302,0.24481626578868237
2025-06-07 18:50:00,96.41051009585603,96.86327504347996,96.33786766231793,96.76805612524906,2456.2314068707506,0.003708579376227261,96.489415251621,96.25179076428901,0.26598272895998115
2025-06-07 22:50:00,96.76805612524906,96.98974487393056,96.68486715914685,96.94240496441464,5089.862871836143,0.0018017189364629704,96.58001319417973,96.31457387339134,0.2704024989943668
2025-06-08 02:50:00,96.94240496441464,96.9968015446999,96.85058757708356,96.98996588628998,2225.9037491165395,0.0004906100884622955,96.66200373260179,96.37597314729122,0.2637499337826483
2025-06-08 06:50:00,96.98996588628998,97.0609085553964,96.87350413369958,96.87407047451133,3069.2729625440234,-0.001194921667613813,96.7044170809837,96.42125472249305,0.25578144015091403
2025-06-08 10:50:00,96.87407047451133,97.11910484437004,96.78433743200634,97.0402634375887,5197.740357968732,0.0017155567249660386,96.77158635230471,96.4775282420472,0.257946731688656
2025-06-08 14:50:00,97.0402634375887,97.11873787978253,96.9659477489046,97.0704583388206,2515.4455324280143,0.00031115848372897936,96.8313607496079,96.53143097811751,0.23261454706228843
2025-06-08 18:50:00,97.0704583388206,97.13334297255045,96.97466294547999,96.97887559830193,5302.0278960203495,-0.0009434666538712388,96.86086371934671,96.57210776177064,0.22130381687603368
2025-06-08 22:50:00,96.97887559830193,97.07199620364436,96.7921587115822,96.79324525416621,3534.32754247263,-0.0019141317425107607,96.84734002631062,96.59221117017023,0.2320547868530848
2025-06-09 02:50:00,96.79324525416621,96.82462948912725,96.42528336694208,96.49778654950009,2186.159911574596,-0.0030524723485639838,96.77742933094852,96.58362711374566,0.23268169245650633
2025-06-09 06:50:00,96.49778654950009,96.56257215165098,96.4510233663467,96.56178727596748,3454.383629630178,0.0006632351762239086,96.73430091995232,96.58164167394764,0.23520436972622807
2025-06-09 10:50:00,96.56178727596748,96.56395062858961,96.22651022168844,96.22982608257973,3123.842792494285,-0.0034378111958410784,96.6334059524778,96.54965843836874,0.2415915560030188
2025-06-09 14:50:00,96.22982608257973,96.33735879016612,96.20251582173123,96.24172676006293,1674.509555674809,0.0001236693234070163,96.55507011399483,96.52166464943184,0.250044473623713
2025-06-09 18:50:00,96.24172676006293,96.26155229197742,96.1949713303556,96.22297284460987,6352.209479834072,-0.00019486262439805113,96.48865066011784,96.49451084899347,0.23457789050012273
2025-06-09 22:50:00,96.22297284460987,96.2757871779326,96.01887891419123,96.07952923077151,3390.579262819366,-0.0014907418633801628,96.40682637424858,96.45678524733692,0.24261757541584622
2025-06-10 02:50:00,96.07952923077151,96.17401584131377,95.99811367578347,96.03566153194492,6587.538084386924,-0.00045657695429812684,96.33259340578786,96.41850127321038,0.21765291715643745
2025-06-10 06:50:00,96.03566153194492,96.30941777201599,95.99798088105173,96.23103482154782,4271.754714586037,0.00203438271248757,96.31228168893986,96.40145886851379,0.2181214297407621
2025-06-10 10:50:00,96.23103482154782,96.25619572337864,96.02459476928892,96.10517230359368,3446.030261722969,-0.0013079202378686317,96.27085981187064,96.37452372624831,0.22422050020314543
2025-06-10 14:50:00,96.10517230359368,96.18713632530815,95.87556997131226,95.9612392400808,2526.091803700271,-0.0014976619890778586,96.20893569751267,96.33695240932398,0.2330892096530793
2025-06-10 18:50:00,95.9612392400808,96.04490693770055,95.93628192154843,96.0015582830481,3368.9057928349084,0.0004201596737034574,96.16746021461977,96.306462034208,0.21693618135225176
2025-06-10 22:50:00,96.0015582830481,96.03492958208129,95.81786080266255,95.82839853572773,2752.7749823998256,-0.0018037180897608751,96.09964787884137,96.26300171616434,0.2215275133908808
2025-06-11 02:50:00,95.82839853572773,95.9024165891687,95.61680742386267,95.68834647510317,2336.6430265218696,-0.0014614880637114913,96.01738759809373,96.21076033061333,0.23059388040770706
2025-06-11 06:50:00,95.68834647510317,95.75459765277596,95.46403321993179,95.54753298876227,2433.526283202001,-0.0014715844878513407,95.92341667622745,96.15046693589959,0.2313600904635647
2025-06-11 10:50:00,95.54753298876227,95.6592427608061,95.51268097905964,95.65342324431802,2603.4691683498645,0.0011082468823992997,95.86941798984556,96.10528114575581,0.21330406614651412
2025-06-11 14:50:00,95.65342324431802,95.88359106429178,95.59845032475793,95.85176893622587,2309.907029408069,0.00207358696824933,95.86588817912163,96.08223458125309,0.22570349144862586
2025-06-11 18:50:00,95.85176893622587,96.07941045272514,95.83260225777849,96.06686283107244,9508.240873801617,0.002244026346448491,95.9060831095118,96.08083714941849,0.21922976202330346
2025-06-11 22:50:00,96.06686283107244,96.27419783280756,95.98755187668182,96.18234726215184,5775.530105440297,0.0012021255579299783,95.96133594003982,96.09006534148516,0.23007283257264938
2025-06-12 02:50:00,96.18234726215184,96.27790169473853,96.08325109480306,96.1065848913051,1724.7111714304153,-0.0007876951748768679,95.99038573029289,96.09156711874151,0.23922066388076704
2025-06-12 06:50:00,96.1065848913051,96.1333424571672,95.90295024663725,95.98367264478814,3377.1036059223434,-0.0012789159728854305,95.98904311319194,96.08175853020029,0.2373266600799521
2025-06-12 10:50:00,95.98367264478814,96.13068439045408,95.9318248535909,96.12168230926306,1773.4030490970067,0.001437845215463529,96.01557095240616,96.08538796466054,0.23896647231801488
2025-06-12 14:50:00,96.12168230926306,96.12548049232251,95.99304467837172,96.02760606955147,2556.6900900705587,-0.0009787202788327232,96.01797797583524,96.08013506510517,0.2261806811027672
2025-06-12 18:50:00,96.02760606955147,96.07801753640891,95.9425711071477,95.95824959567331,4903.436232591389,-0.0007222555754219373,96.00603229980285,96.06905456788408,0.21931250075787392
2025-06-12 22:50:00,95.95824959567331,96.04798143088809,95.87878434480893,96.00662526356035,6219.847642547522,0.0005041324543837433,96.00615089255436,96.06337917658192,0.20914326733525002
2025-06-13 02:50:00,96.00662526356035,96.05703233468522,95.98032755757391,96.00272791826723,4996.893816615481,-4.0594545245409286e-05,96.00546629769694,96.05786542582604,0.20686325026090607
2025-06-13 06:50:00,96.00272791826723,96.22254235502473,95.91954581366298,96.1455027086544,1709.8999360442363,0.0014871951400039496,96.03347357988844,96.0658324515377,0.21300094754254978
2025-06-13 10:50:00,96.1455027086544,96.1980199671904,95.56840863452516,95.63641365266834,1752.5085785737274,-0.005294985637848693,95.95406159444443,96.02679437891321,0.2375725309253513
2025-06-13 14:50:00,95.63641365266834,95.64541134870683,95.51076013822097,95.55695305357197,3846.976838446667,-0.0008308613430962897,95.87463988626993,95.98408153115491,0.22643587218547218
2025-06-13 18:50:00,95.55695305357197,95.60556006906855,95.53926736444718,95.54567271625544,4182.484708325627,-0.0001180483152305456,95.80884645226703,95.94422618434587,0.2207023666765368
2025-06-13 22:50:00,95.54567271625544,95.73633466171516,95.46430591001776,95.64124474630692,3381.9527689101787,0.0010002758611089568,95.77532611107502,95.91668241725141,0.21976579611679117
2025-06-14 02:50:00,95.64124474630692,95.79047909906178,95.62625934254336,95.786538883215,2911.68712510415,0.0015191577367430487,95.77756866550303,95.90485118688446,0.21386662194334605
2025-06-14 06:50:00,95.786538883215,95.85821174401441,95.7602467170414,95.79124468471733,2235.043707930237,4.9128004385501356e-05,95.78030386934589,95.89452332305108,0.20038941271815144
2025-06-14 10:50:00,95.79124468471733,95.80369951854755,95.63012424691061,95.65553812454277,1980.2411656461318,-0.001416690644549079,95.75535072038527,95.87279739591395,0.19888403212539885
2025-06-14 14:50:00,95.65553812454277,95.69280736264538,95.60661937314094,95.64832823363545,2448.753320648112,-7.537348122943488e-05,95.7339462230353,95.85239110843408,0.1885837306235761
2025-06-14 18:50:00,95.64832823363545,95.69919329889997,95.61474090633513,95.64524117544313,2508.5908659231495,-3.227508780689892e-05,95.71620521351687,95.83355929634399,0.18041179174512326
2025-06-14 22:50:00,95.64524117544313,95.73894583108397,95.25888083844382,95.32438988332902,1828.0918034674478,-0.0033545975541592332,95.6378421474793,95.78727116788808,0.2052424473657918
2025-06-15 02:50:00,95.32438988332902,95.33375417438323,95.16712142752827,95.21930873172353,2265.733041087488,-0.001102353256434152,95.55413546432816,95.73563821914584,0.2074700414796311
2025-06-15 06:50:00,95.21930873172353,95.24304044656722,95.17140429149929,95.18209647547067,5598.787722247698,-0.000390805780345449,95.47972766655666,95.6853162424481,0.20050140355025853
2025-06-15 10:50:00,95.18209647547067,95.18800949295942,94.9494997124985,94.98252438594682,3108.0884457067164,-0.0020967397957586398,95.38028701043469,95.62142607367525,0.2120589037895176
2025-06-15 14:50:00,94.98252438594682,94.98499227025097,94.87125205862205,94.95041599754553,6155.241903764963,-0.00033804522051672503,95.29431280785685,95.56042515766346,0.19854059452288705
2025-06-15 18:50:00,94.95041599754553,95.06431075801602,94.88914660242186,95.01740103449882,1344.0309021863577,0.0007054738649592274,95.23893045318525,95.51105932828486,0.16608008187495216
2025-06-15 22:50:00,95.01740103449882,95.17456573745311,94.96908768856959,95.12922710737858,2618.331548224017,0.0011769009851065881,95.21698978402392,95.47634730820246,0.17113914176049963
2025-06-16 02:50:00,95.12922710737858,95.13789619426768,94.98358421211026,94.99571547177985,1866.9441347439415,-0.0014034765093595691,95.17273492157511,95.43265350489132,0.17742623301307553
2025-06-16 06:50:00,94.99571547177985,95.23169343861217,94.93102487842772,95.18795936129357,2904.7276793010315,0.002023711159592656,95.1757798095188,95.41040858274607,0.17947193361929287
2025-06-16 10:50:00,95.18795936129357,95.21919457688283,95.02883294110772,95.081876628721,3809.179116869618,-0.0011144553710823457,95.15699917335925,95.38054204147106,0.18133921070905604
2025-06-16 14:50:00,95.081876628721,95.16519381322964,94.95442424939829,95.00491107180045,2530.3825347226684,-0.0008094661112032497,95.1265815530475,95.346393771501,0.18939667762750848
2025-06-16 18:50:00,95.00491107180045,95.04378223150024,94.9601791482643,94.96682111842864,3341.630779239517,-0.0004009261515230955,95.09462946612373,95.31188716667624,0.18297009274172332
2025-06-16 22:50:00,94.96682111842864,95.02071125858191,94.76647121374806,94.85157485536529,2875.204704562198,-0.0012135423899219955,95.04601854397205,95.2700405929207,0.19497381097953845
2025-06-17 02:50:00,94.85157485536529,95.04615056818102,94.81518531845128,95.04120258543105,3030.521321988119,0.0019992048667079043,95.04505535226386,95.24923713769437,0.20543901506274512
2025-06-17 06:50:00,95.04120258543105,95.24458840399414,95.03921055668795,95.2438498959751,930.8491117435677,0.002132204823080741,95.08481426100612,95.24874738844716,0.1858185046817482
2025-06-17 10:50:00,95.2438498959751,95.27340618634958,95.06966584548418,95.16083609243043,3466.7444562455944,-0.0008715922722080105,95.10001862729098,95.24075545244564,0.18846904711106507
2025-06-17 14:50:00,95.16083609243043,95.21642115736955,95.07304084619717,95.11822466242735,1841.7553428388562,-0.0004477832662345138,95.10365983431826,95.2296162897167,0.19359362968995392
2025-06-17 18:50:00,95.11822466242735,95.56279579937332,95.04618782981625,95.47942273413086,2363.2900274524964,0.003797359265118816,95.17881241428078,95.25232596648162,0.213457786053964
2025-06-17 22:50:00,95.47942273413086,95.91629438800364,95.47092753228435,95.9141928606977,3933.308200382445,0.004553547917622858,95.32588850356417,95.31249568413763,0.23714540348898996
2025-06-18 02:50:00,95.9141928606977,95.93262721345558,95.63788886173913,95.68052903878194,2085.1056371939344,-0.002436175658123041,95.39681661060773,95.34595326183256,0.2456864174977247
2025-06-18 06:50:00,95.68052903878194,95.75408371275844,95.67921106384478,95.68249680618487,1708.807121984396,2.056601716882156e-05,95.45395264972316,95.37654812950095,0.23635746035702102
2025-06-18 10:50:00,95.68249680618487,95.8301411542303,95.59042248033619,95.78634311693278,7948.373181334322,0.0010853219158595273,95.5204307431651,95.41380221926748,0.2424579383382134
2025-06-18 14:50:00,95.78634311693278,95.79996240561364,95.63108580717461,95.71109251793544,4170.249651228875,-0.0007856088514150983,95.55856309811917,95.44082861005548,0.23304422678496906
2025-06-18 18:50:00,95.71109251793544,95.92312302430227,95.63159276091261,95.8516149596333,2531.6633504113183,0.001468193894783143,95.617173470422,95.47817282365345,0.24027055732886587
2025-06-18 22:50:00,95.8516149596333,95.85269419669547,95.64600522559053,95.70213189639699,1266.977356775637,-0.0015595257659378747,95.63416515561701,95.4985327393574,0.23997908641983656
2025-06-19 02:50:00,95.70213189639699,95.7855861776179,95.62993787749387,95.63424996855031,1770.9211818226656,-0.0007093042391174142,95.63418211820368,95.51087066928403,0.2451251733404141
2025-06-19 06:50:00,95.63424996855031,95.92422941550862,95.6286188073424,95.83827194174042,4333.925711109323,0.0021333567551080623,95.67500008291103,95.54063442132552,0.24808021357844012
2025-06-19 10:50:00,95.83827194174042,95.91387552843348,95.67315515431548,95.75553128731407,1831.7090177656003,-0.0008633362512696641,95.69110632379164,95.56017050005175,0.2487770081776018
2025-06-19 14:50:00,95.75553128731407,95.83450126794898,95.69246453752655,95.77488179145828,1856.0467821503034,0.00020208236416285885,95.70786141732498,95.57968970836143,0.24425264268590446
2025-06-19 18:50:00,95.77488179145828,95.85376528453604,95.4311171966717,95.46770480388342,2160.516679167967,-0.003207281302040288,95.65983009463667,95.56950926249979,0.2598889103286857
2025-06-19 22:50:00,95.46770480388342,95.48873195734807,95.18485149085983,95.27676027956093,4190.100874237363,-0.0020000954743254473,95.58321613162153,95.54289571859626,0.2713532071369613
2025-06-20 02:50:00,95.27676027956093,95.6634964777977,95.19321418813423,95.64786810265224,2789.173945864591,0.003895050818293999,95.59614652582768,95.55243866260135,0.26804423000170324
2025-06-20 06:50:00,95.64786810265224,95.71054790108573,95.55154160959604,95.63415470204299,1890.5093794941033,-0.0001433738240200766,95.60374816107074,95.55986739345967,0.2475899039853035
2025-06-20 10:50:00,95.63415470204299,95.72735565040243,95.61101778002751,95.61710220372578,1648.1216243346435,-0.00017830970922827483,95.60641896960175,95.5650705580293,0.23484701246090875
2025-06-20 14:50:00,95.61710220372578,95.6724277584563,95.4712524495071,95.53429530829325,6323.120587602492,-0.000866025988280783,95.59199423734005,95.5622728080533,0.2438686310348745
2025-06-20 18:50:00,95.53429530829325,95.57643318676594,95.33751906017746,95.37568032781255,3216.418454675143,-0.001660293614652697,95.54873145543455,95.54530985530413,0.24381116337018632
2025-06-20 22:50:00,95.37568032781255,95.4019914088744,95.30110959517332,95.39386529552522,1561.2114616051228,0.00019066671556289272,95.51775822345269,95.5315421680515,0.23895439303176147
2025-06-21 02:50:00,95.39386529552522,95.40477216657864,95.32481195377855,95.38683710500787,4997.294607810981,-7.367549784853544e-05,95.49157399976373,95.51838716232027,0.2238422465610778
2025-06-21 06:50:00,95.38683710500787,95.39803982613856,95.1392616452979,95.16491235014958,5080.3878172444465,-0.0023265763033318843,95.4262416698409,95.48625308848656,0.22756290439934293
2025-06-21 10:50:00,95.16491235014958,95.17856365167148,95.00625500433314,95.01559754866015,5956.094297073316,-0.0015690110756371167,95.34411284560476,95.44346622122961,0.22875292920036522
2025-06-21 14:50:00,95.01559754866015,95.20855959077626,95.01182835790857,95.19299990350984,3823.0954700737257,0.0018670866618382131,95.31389025718578,95.42069655598236,0.22169011667904215
2025-06-21 18:50:00,95.19299990350984,95.26043134181232,94.97101750942639,95.03539478511466,3361.588318779221,-0.001655637689272682,95.25819116277155,95.38566912226712,0.22516822084103744
2025-06-21 22:50:00,95.03539478511466,95.20090529021489,94.94283736964117,95.15147423462409,1030.6410689804468,0.0012214338644238598,95.23684777714206,95.36437867793593,0.23345616299470098
2025-06-22 02:50:00,95.15147423462409,95.17704249129423,95.04914489941818,95.12339834993972,2748.222695050127,-0.000295065157005725,95.21415789170159,95.34247137539082,0.21240255613839512
2025-06-22 06:50:00,95.12339834993972,95.22786954875599,95.0626716077465,95.19405442909304,2574.198533428712,0.000742783378001155,95.21013719917988,95.32897892572738,0.2024966614613421
2025-06-22 10:50:00,95.19405442909304,95.4815569572393,95.13231752138377,95.39071285124231,5577.554439119696,0.0020658687491428296,95.24625232959238,95.33459110077419,0.19385074333220484
2025-06-22 14:50:00,95.39071285124231,95.4421053540353,95.14464304064622,95.17506888180314,8941.343847885815,-0.002260639039100787,95.23201564003453,95.32008908086773,0.20374045918216208
2025-06-22 18:50:00,95.17506888180314,95.44051863549946,95.11431621679039,95.35337645388937,6951.220695279638,0.0018734693253299461,95.2562878028055,95.32311520568788,0.21873078406317298
2025-06-22 22:50:00,95.35337645388937,95.44408670128855,95.1628685276215,95.18170085698657,4100.482299741458,-0.001800414450827792,95.24137041364172,95.31025935580594,0.22444813154302068
2025-06-23 02:50:00,95.18170085698657,95.47400986812298,95.1124836890283,95.46537501266971,2064.280860402853,0.002980343418209852,95.28617133344733,95.32436077915719,0.23320613529346343
2025-06-23 06:50:00,95.46537501266971,95.61162646445568,95.45637207479608,95.51666042919506,5580.659135161723,0.0005372148437958746,95.33226915259688,95.34184256552426,0.23708989071907233
2025-06-23 10:50:00,95.51666042919506,95.54224160175265,95.24076126369559,95.3135733071396,2470.0129566522082,-0.002126195798124564,95.32852998350543,95.33927263294383,0.2529127568088561
2025-06-23 14:50:00,95.3135733071396,95.6674980762571,95.3057009128725,95.58046857021846,1208.191305113199,0.002800181063601581,95.37891770084805,95.36119953633244,0.26027125556199593
2025-06-23 18:50:00,95.58046857021846,95.60018812960715,95.20635558997657,95.27843285909589,2105.3849819380202,-0.0031600149658261856,95.35882073249762,95.35367529294729,0.27609439072572733
2025-06-23 22:50:00,95.27843285909589,95.66749076475848,95.21894215698228,95.5794737768843,5383.486606997845,0.0031595914075708276,95.40295134137496,95.37420242785065,0.29408134607633535
2025-06-24 02:50:00,95.5794737768843,95.60598449267302,95.43192485795436,95.51960068816516,4631.826740731155,-0.0006264220376323015,95.42628121073301,95.3874204515156,0.285841760528673
2025-06-24 06:50:00,95.51960068816516,95.59921362487688,95.21123733165922,95.29181387319291,3168.8189986469306,-0.0023847128058657185,95.39938774322499,95.37872894439535,0.2951209300032401
2025-06-24 10:50:00,95.29181387319291,95.56174959472565,95.22925546866072,95.53370021485907,3165.1860831921267,0.0025383748281677665,95.42625023755181,95.39281724171023,0.3097349681595887
2025-06-24 14:50:00,95.53370021485907,95.53540821877603,95.52426762816886,95.53257450124674,3002.6465402584768,-1.1783418937927337e-05,95.4475150902908,95.40552244712264,0.2987308717022797
2025-06-24 18:50:00,95.53257450124674,95.81304457173052,95.44253034835899,95.75154521164734,1489.0695924079191,0.0022921051959898797,95.50832111456212,95.43697906207943,0.3002504993819934
2025-06-24 22:50:00,95.75154521164734,95.78037979517863,95.7059373373106,95.73511579488321,4169.834127108887,-0.00017158382904225444,95.55368005062634,95.46408240142523,0.28432050970191775
2025-06-25 02:50:00,95.73511579488321,95.87662621366674,95.65228711281159,95.84862940103382,3990.77535462301,0.0011857050070720465,95.61266992070784,95.49904121957147,0.27704455842663733
2025-06-25 06:50:00,95.84862940103382,96.09660370615339,95.81198167921045,96.03006038577286,5528.867675538932,0.0018928907577793197,95.69614801372086,95.54731568922614,0.2772876908034862
2025-06-25 10:50:00,96.03006038577286,96.0824600180975,95.97269444803143,95.98856888525245,3821.0746158690686,-0.0004320678374430953,95.75463218802719,95.58742961613761,0.2593047901585856
2025-06-25 14:50:00,95.98856888525245,96.10421575987117,95.98092121856914,96.01169736167151,3625.524029175299,0.00024095032031068442,95.80604522275605,95.62599941118614,0.2570219438473304
2025-06-25 18:50:00,96.01169736167151,96.30202594539149,95.96295985000332,96.2721693548325,8326.830768557804,0.0027129193662704942,95.89927004917135,95.6847421333358,0.2597066407995529
2025-06-25 22:50:00,96.2721693548325,96.3369251563999,96.11833904185973,96.15338903576146,1965.7857303736414,-0.0012337970554423539,95.95009384648938,95.72734639719268,0.24947728016780754
2025-06-26 02:50:00,96.15338903576146,96.3333575285958,96.06024876371931,96.31609272318099,4290.417059258797,0.0016921263935794073,96.0232936218277,95.78086879046434,0.24085415339965774
2025-06-26 06:50:00,96.31609272318099,96.57748637173346,96.26514406005353,96.4951004390248,4129.018699516137,0.0018585442035972122,96.11765498526714,95.84579894033347,0.23112513224992373
2025-06-26 10:50:00,96.4951004390248,96.53945056667163,96.44287698759064,96.46515584511646,2288.5888331918504,-0.0003103224285181394,96.18715515723702,95.90210411349555,0.2255904139900906
2025-06-26 14:50:00,96.46515584511646,96.95677620494698,96.4299959714627,96.91478760484048,4234.878394623578,0.004661079493262443,96.33268164675772,95.99416624907236,0.2355049811519915
2025-06-26 18:50:00,96.91478760484048,97.03704744718998,96.85832583470977,97.02575019430823,1992.5144401239245,0.001144950035077974,96.47129535626783,96.08794660773017,0.22452123018165387
2025-06-26 22:50:00,97.02575019430823,97.09644451063977,96.9532260293412,96.98964634258303,5519.002872996292,-0.0003721058755319362,96.57496555353087,96.1699193108986,0.23395536523104
2025-06-27 02:50:00,96.98964634258303,97.28349544213545,96.91801312762384,97.23575913721072,923.28918791614,0.002537516156707831,96.70712427026685,96.26681384056334,0.23359594316961715
2025-06-27 06:50:00,97.23575913721072,97.39969652180865,97.19334931833988,97.36683594613181,3376.681614523179,0.0013480309104814125,96.83906660543985,96.36681585016048,0.24301771071252684
2025-06-27 10:50:00,97.36683594613181,97.42338748563395,97.22213035072586,97.24232845824667,4605.490628283788,-0.0012787463685687284,96.91971897600122,96.44640790544103,0.24136899885916563
2025-06-27 14:50:00,97.24232845824667,97.30023151397019,97.23505336349221,97.26313818995662,1981.3728500205734,0.0002139986983022979,96.98840281879231,96.52065611312426,0.2256944362545253
2025-06-27 18:50:00,97.26313818995662,97.27908501956826,97.18945417892948,97.26759301362483,4072.270496302257,4.580176777269074e-05,97.04424085775882,96.58855946771521,0.2242562412954326
2025-06-27 22:50:00,97.26759301362483,97.50236400897899,97.2463433237978,97.41931620593536,1729.8147993859204,0.0015598534682488285,97.11925592739414,96.66408280755341,0.23373668014394358
2025-06-28 02:50:00,97.41931620593536,97.50121470743468,96.90102865589927,96.96241389765125,2775.629502270112,-0.004690058666787067,97.08788752144557,96.69120381574412,0.2523881055830322
2025-06-28 06:50:00,96.96241389765125,96.99423866584804,96.78229085211056,96.86473019498744,4176.323718243981,-0.0010074388491081443,97.04325605615395,96.70697894112988,0.2519139412399828
2025-06-28 10:50:00,96.86473019498744,96.94872298679883,96.64291729364646,96.73361524977187,2645.4181042746354,-0.0013535880908525089,96.98132789487754,96.70940042373368,0.25424943611683154
2025-06-28 14:50:00,96.73361524977187,97.20128134997968,96.66787053300688,97.14727787365682,1817.02739144831,0.004276306874470004,97.0145178906334,96.74920746463579,0.2700400436377513
2025-06-28 18:50:00,97.14727787365682,97.18430123392102,96.98772988995984,97.07919464049053,5344.57926468536,-0.0007008249191998717,97.02745324060483,96.7792062988044,0.2771827411291931
2025-06-28 22:50:00,97.07919464049053,97.24911058093683,97.00178281616353,97.21526748910887,2652.906553917655,0.0014016684946991376,97.06501609030565,96.81884822519571,0.2572218505069809
2025-06-29 02:50:00,97.21526748910887,97.5237900185863,97.18598055715348,97.44319856783036,3704.85773634758,0.0023446016722326046,97.1406525858106,96.8756073472534,0.2685852682893101
2025-06-29 06:50:00,97.44319856783036,97.5402924831281,96.78535978729053,96.84718017286306,1765.9510859319182,-0.006116572564604517,97.0819581032211,96.87302305867246,0.31227914075638097
2025-06-29 10:50:00,96.84718017286306,96.94759580629467,96.78046655366512,96.94088586741579,6139.658973410333,0.0009675624461700227,97.05374365606004,96.87919240492185,0.2981110649076624
2025-06-29 14:50:00,96.94088586741579,97.01518844236942,96.71922388958312,96.80774711173457,2460.7527863726978,-0.0013734014754446244,97.00454434719495,96.87269737826846,0.30451230414462926
2025-06-29 18:50:00,96.80774711173457,96.82490869669331,96.48134737691336,96.48890850087916,2757.2247153027856,-0.0032935237144544605,96.9014171779318,96.83780748032397,0.3146768887783336
2025-06-29 22:50:00,96.48890850087916,96.53318173113286,96.44941277053053,96.5176648775391,3950.6071607952576,0.0002980277951809551,96.82466671785328,96.80870360734353,0.31600480378721585
2025-06-30 02:50:00,96.5176648775391,96.5835786311919,96.46138569709119,96.57156862794393,4320.384707349979,0.0005584858530633952,96.77404709987141,96.78714588194356,0.3183306676059254
2025-06-30 06:50:00,96.57156862794393,96.78401110689437,96.49874826236443,96.68888158989617,4753.652571209045,0.0012147774300343972,96.75701399787637,96.7782127644847,0.32041939327369356
2025-06-30 10:50:00,96.68888158989617,96.76947511627871,96.57231747802965,96.6036392235685,4457.67332527287,-0.0008816149791577299,96.7263390430148,96.76234244258323,0.29163164946752573
2025-06-30 14:50:00,96.6036392235685,96.65398854547918,96.43974563482986,96.47580558737118,2387.4895401531858,-0.0013232797151822018,96.67623235188609,96.73629363756395,0.29179558496122837
2025-06-30 18:50:00,96.47580558737118,96.65907557130079,96.40955738330773,96.6456405346392,1139.4302235598732,0.0017603890035851055,96.67011398843671,96.72805244638897,0.2877750488784209
2025-06-30 22:50:00,96.6456405346392,96.64632925044774,96.34904716107722,96.3658980956495,1880.298552389764,-0.002894516891213894,96.60927080987928,96.69512932359447,0.27090871119254295
2025-07-01 02:50:00,96.3658980956495,96.43325649240133,96.27440370377276,96.38178370606221,4519.097525059342,0.00016484680500705728,96.56377338911587,96.66664335836427,0.2682145286687846
2025-07-01 06:50:00,96.38178370606221,96.38862556388312,96.28609919337346,96.3495280587212,5014.228394382973,-0.00033466539112181337,96.52092432303694,96.63781469476035,0.25787157193566757
2025-07-01 10:50:00,96.3495280587212,96.36043538071192,96.22646594748286,96.27252298742563,3843.8962896397084,-0.0007992262426925745,96.47124405591468,96.60460635772992,0.2433115699211135
2025-07-01 14:50:00,96.27252298742563,96.33889515067051,96.2514413495584,96.32436860754966,4297.0576020613535,0.0005385297748019546,96.44186896624169,96.57913019862262,0.19563450601215188
2025-07-01 18:50:00,96.32436860754966,96.41916763595361,96.25149174919686,96.25811058846813,4044.6420467957378,-0.0006878635182284709,96.40511729068699,96.54994659769949,0.19567355130695216
2025-07-01 22:50:00,96.25811058846813,96.27451282778864,96.03934724854449,96.12705617731879,9384.66937190398,-0.0013614895446019126,96.34950506801336,96.51150201402851,0.19133076748251301
2025-07-02 02:50:00,96.12705617731879,96.26019426381079,96.04349255167591,96.1872971366904,3653.6598107700747,0.0006266805805483777,96.31706348174878,96.4820288433614,0.18226936693643633
2025-07-02 06:50:00,96.1872971366904,96.20175573620571,95.99646091574036,96.01767510734716,2020.9958023495417,-0.0017634556162047232,96.25718580686846,96.43981486736011,0.19094978549808111
2025-07-02 10:50:00,96.01767510734716,96.09813825353868,95.57629599193953,95.60165504038333,2191.680137640609,-0.004332744637887909,96.12607965357144,96.36361851945313,0.2194961660336838
2025-07-02 14:50:00,95.60165504038333,96.18057615158958,95.57925123438336,96.1021668117273,2357.527213198514,0.005235388143987052,96.12129708520261,96.33985018238714,0.2420720283677034
2025-07-02 18:50:00,96.1021668117273,96.21137632097121,96.07175016253868,96.1329468742536,2593.5734548024675,0.0003202847921899288,96.12362704301282,96.32104079073864,0.2379626369522368
2025-07-02 22:50:00,96.1329468742536,96.28421266681028,96.10889511473253,96.2763706771971,10079.551953534103,0.001491931825736037,96.15417576984969,96.31697987132577,0.2351822541971243
2025-07-03 02:50:00,96.2763706771971,96.53980751469244,96.23363206202637,96.47617067858474,6323.647962421123,0.0020752755840531822,96.2185747515967,96.33145176289477,0.23922920167376763
2025-07-03 06:50:00,96.47617067858474,96.65268694834491,96.40552155778072,96.60230235615956,3242.6668966859647,0.0013073868571653602,96.29532027250929,96.35607454410066,0.23564943747331618
2025-07-03 10:50:00,96.60230235615956,96.61553326968196,96.50564307922608,96.51370711389072,5476.944473114484,-0.0009171131547383027,96.33899764078558,96.37040477771794,0.23215210903241054
2025-07-03 14:50:00,96.51370711389072,96.77027299769298,96.42797606667305,96.68263091903955,9969.96293758907,0.001750257141708289,96.40772429643638,96.39878897238353,0.24927857764028666
2025-07-03 18:50:00,96.68263091903955,96.8042348220295,96.64197027850152,96.79252301938752,1351.11398630593,0.0011366271201285194,96.48468404102663,96.43458297665661,0.2512996569473529
2025-07-03 22:50:00,96.79252301938752,97.0783538846597,96.70448181553631,97.05236910611296,2034.3904519360801,0.0026845677601916584,96.5982210540439,96.49074535206174,0.271758104662445
2025-07-04 02:50:00,97.05236910611296,97.0888710768887,96.87031123850726,96.94779694451039,4724.847967376903,-0.0010774818025126587,96.6681362321372,96.53229549682979,0.27539267263563666
2025-07-04 06:50:00,96.94779694451039,97.15950881570782,96.9370649929723,97.07095067319771,2459.8863719673786,0.0012703097189286083,96.74869912034931,96.58126414922687,0.27448397574216343
2025-07-04 10:50:00,97.07095067319771,97.63608337491418,97.05874071645121,97.59910073681104,3544.818918269583,0.0054408662936804575,96.91877944364167,96.67379474809816,0.300244043337027
2025-07-04 14:50:00,97.59910073681104,97.68314539125065,97.29346316810555,97.33949640573604,824.1304224517927,-0.0026599049490737547,97.00292283606055,96.73431308061069,0.313414572099866
2025-07-04 18:50:00,97.33949640573604,97.45647723557195,97.24390180656735,97.40661985362593,3745.3498440427293,0.0006895808008919868,97.08366223957363,96.79543187815753,0.29132408405739846
2025-07-04 22:50:00,97.40661985362593,97.79923094987947,97.38659720694125,97.77469451609284,3124.688178521957,0.003778743816590824,97.22186869487747,96.88445575433346,0.27784614303825655
2025-07-05 02:50:00,97.77469451609284,97.94635159632651,97.71368796187753,97.92348145310442,3406.7940966982906,0.0015217325684111493,97.36219124652287,96.97891263603991,0.2844916770394314
2025-07-05 06:50:00,97.92348145310442,98.1729553063107,97.83144247685102,98.10476889147297,2269.1604667590705,0.001851317331434732,97.5107067755129,97.08126320471564,0.2963627682809979
2025-07-05 10:50:00,98.10476889147297,98.30406800163087,98.01220908296698,98.26622748953154,6346.246840270343,0.0016457772632560985,97.66181091831663,97.18898723060799,0.2953401587094139
2025-07-05 14:50:00,98.26622748953154,98.32130816178663,98.16829064346221,98.20139297416439,2256.5156565094676,-0.0006597843127137404,97.76972732948619,97.28102411638585,0.2886153106922872
2025-07-05 18:50:00,98.20139297416439,98.40802167061364,98.16722846490156,98.40251890055148,4302.415139504877,0.0020480964708922134,97.89628564369926,97.38297818767363,0.2979655260677297
2025-07-05 22:50:00,98.40251890055148,98.69197859513879,98.32949799866996,98.6760406585868,6714.931951352952,0.002779621508589125,98.05223664667677,97.500529321393,0.29940721645693663
2025-07-06 02:50:00,98.6760406585868,98.73660822746443,98.45156274037001,98.54281207846685,1984.1320926759652,-0.001350161389033766,98.1503517330348,97.5952822993088,0.30817728385453946
2025-07-06 06:50:00,98.54281207846685,98.59387814015528,98.07176921070418,98.08895033849548,3263.5052823682113,-0.004605731563759097,98.13807145412694,97.64016121196214,0.31876563102080474
2025-07-06 10:50:00,98.08895033849548,98.29552855816353,98.00285751784088,98.29309238102057,3835.048653511903,0.0020811930581439153,98.16907563950568,97.69951859096744,0.3240592883023195
2025-07-06 14:50:00,98.29309238102057,98.30602317298872,98.05526551698885,98.13440652772404,5129.40645181976,-0.0016144151074360957,98.16214181714936,97.73905385794531,0.3260817049640577
2025-07-06 18:50:00,98.13440652772404,98.20934525046079,98.07514711574834,98.15148701545904,1691.6881746497597,0.0001740519797219786,98.1600108568113,97.77654778135565,0.2944285246961635
2025-07-06 22:50:00,98.15148701545904,98.1647053040369,98.00088075437377,98.02949221279258,4061.5147516269944,-0.0012429236313785674,98.13390712800756,97.79954272966809,0.27829583373316574
2025-07-07 02:50:00,98.02949221279258,98.31317413137417,98.00749299689836,98.29464185059382,1973.7181355735272,0.0027047945655547245,98.16605407252482,97.84455174066133,0.2849462412668231
2025-07-07 06:50:00,98.29464185059382,98.29955529428833,98.16836674764468,98.2148666467762,6970.717963823126,-0.0008115925986980077,98.1758165873751,97.87821673212632,0.2648430129600671
2025-07-07 10:50:00,98.2148666467762,98.3942843126066,98.12667424593788,98.30448986216463,1508.8693360410223,0.0009125218864345364,98.20155124233301,97.91696883485707,0.2673391866900486
2025-07-07 14:50:00,98.30448986216463,98.49991529430365,98.28528950723893,98.4032088902476,4789.527807214281,0.0010042168798332085,98.24188277191594,97.96117247625621,0.25827582651898034
2025-07-07 18:50:00,98.4032088902476,98.54000914792537,98.3299508232527,98.45617547969495,2414.2159195398513,0.0005382607949953044,98.28474131347176,98.0061727492961,0.25243292694817904
2025-07-07 22:50:00,98.45617547969495,98.52440011628873,98.43926078743732,98.4449359360371,2706.0062132954918,-0.00011415783319923545,98.31678023798483,98.04606031172709,0.2475844848429643
2025-07-08 02:50:00,98.4449359360371,98.49061280620799,98.21360648107529,98.27322410177376,1540.7154984282865,-0.001744242429848275,98.30806901074263,98.0667115653677,0.25017113623015164
2025-07-08 06:50:00,98.27322410177376,98.3429606050078,98.19824673224029,98.2726140484996,4395.458444624981,-6.2077262624749e-06,98.30097801829403,98.08542997292514,0.23461637025148616
2025-07-08 10:50:00,98.2726140484996,98.34074496746925,98.07178145089206,98.10781595915672,4168.611449726547,-0.0016769482621226128,98.26234560646658,98.08746506258255,0.2334676580716837
2025-07-08 14:50:00,98.10781595915672,98.20223599183556,98.06039726701867,98.10239726351611,3132.120074617058,-5.523204841162421e-05,98.2303559378765,98.08882253539468,0.20630550059781122
2025-07-08 18:50:00,98.10239726351611,98.26882981815764,98.08617698663598,98.20686454073957,3319.4783518766617,0.0010648799635635253,98.22565765844912,98.09955362678967,0.19844705711202693
2025-07-08 22:50:00,98.20686454073957,98.44142176743522,98.19674625236225,98.36163633865343,2730.825008661861,0.0015759773885219985,98.25285339448999,98.1233793278682,0.19801261847439175
2025-07-09 02:50:00,98.36163633865343,98.6307562817873,98.28464096376639,98.55884220120042,2104.894666413964,0.0020049062814289087,98.31405115583208,98.16296686180749,0.2131495601392816
2025-07-09 06:50:00,98.55884220120042,98.88106710377117,98.49815772325984,98.80648086630185,1548.132247449097,0.002512597140659434,98.41253709792603,98.22146813494334,0.22879847662843897
2025-07-09 10:50:00,98.80648086630185,98.91317078319236,98.78343497599877,98.83513661179978,5260.370085204323,0.00029001888587343316,98.49705700070079,98.27725617829392,0.21623095325113745
2025-07-09 14:50:00,98.83513661179978,98.9246125584942,98.76684008778794,98.90735354634897,1969.1429006463936,0.0007306807783635794,98.57911630983044,98.33453775720801,0.21812980496989606
2025-07-09 18:50:00,98.90735354634897,98.99483505453001,98.80444428352598,98.88697512850881,2732.6164831480814,-0.0002060354170796419,98.64068807356612,98.38475933641718,0.21261414099384673
2025-07-09 22:50:00,98.88697512850881,98.91391353330727,98.77274638593624,98.81760186385816,5542.403558162511,-0.0007015409720086963,98.67607083162454,98.42410865709363,0.20736709530143976
2025-07-10 02:50:00,98.81760186385816,98.89406308745437,98.67951671987922,98.70694710199514,2109.4131446283145,-0.0011197879707247615,98.68224608569867,98.44982124299376,0.20768766979447406
2025-07-10 06:50:00,98.70694710199514,98.79524435345313,98.6302194063959,98.71617231103285,4119.794768685298,9.346058518233669e-05,98.68903133076552,98.47403497645186,0.2133937853806042
2025-07-10 10:50:00,98.71617231103285,98.75405994194155,98.63314678056535,98.70705041221493,2584.6631952141865,-9.240531317589173e-05,98.6926351470554,98.49521819788487,0.20224427368371067
2025-07-10 14:50:00,98.70705041221493,99.10560994915627,98.69547476085503,99.06349701089819,3231.380775205216,0.0036111564188645584,98.76680751982396,98.5468799081588,0.221202939078977
2025-07-10 18:50:00,99.06349701089819,99.45110958765699,99.02940484067089,99.36913184212955,1846.566528866868,0.0030852416929894044,98.88727238428508,98.62163008397432,0.2321130269653275
2025-07-10 22:50:00,99.36913184212955,99.77938116652042,99.35795454256767,99.71691547337439,2687.6705317995243,0.0034999161691113834,99.05320100210295,98.72120148301069,0.25208359118931767
2025-07-11 02:50:00,99.71691547337439,100.19447307921138,99.68439023747824,100.09532399236205,1724.7850093881268,0.003794827760077668,99.26162560015479,98.84612171113353,0.2754714490615657
2025-07-11 06:50:00,100.09532399236205,100.24212818689257,100.08229612578002,100.2074754226661,4824.510535246708,0.0011204462489438072,99.45079556465706,98.96988113945467,0.2694112023501073
2025-07-11 10:50:00,100.2074754226661,100.25644540113328,100.04679004388628,100.10875611549655,4421.876037666573,-0.0009851491293755288,99.58238767482496,99.07341522818575,0.25966406229482836
2025-07-11 14:50:00,100.10875611549655,100.14697406317677,100.04461808250747,100.11441037588924,2270.551019559498,5.648117719259105e-05,99.68879221503782,99.16805115070424,0.23962453373468304
2025-07-11 18:50:00,100.11441037588924,100.41426714413703,100.08337574678893,100.38367772522338,3058.401107222399,0.002689596316086229,99.82776931707494,99.2785626574787,0.25399279017429116
2025-07-11 22:50:00,100.38367772522338,100.53403560022672,100.38344159801603,100.46668896102075,2960.832157493175,0.0008269395750233333,99.95555324586411,99.38657413961889,0.25348004242460676
2025-07-12 02:50:00,100.46668896102075,100.55050736359561,100.43158250373959,100.49874889454394,1607.3438729255163,0.00031911008369767124,100.06419237560009,99.48768093552115,0.24837533448546317
2025-07-12 06:50:00,100.49874889454394,100.6593443822242,100.47403657744451,100.60346971842982,5816.304207906841,0.0010420112194209352,100.17204784416604,99.58911627942194,0.25152823858608286
2025-07-12 10:50:00,100.60346971842982,100.68051637185991,100.2936171254849,100.32582557174794,2038.8701714649496,-0.0027597869880526815,100.20280338968243,99.65608985145158,0.2638391585003583
2025-07-12 14:50:00,100.32582557174794,100.48650949691739,100.2330219788981,100.41004757417953,2056.105530419195,0.0008394847682700046,100.24425222658185,99.72463146260867,0.2701579135690772
2025-07-12 18:50:00,100.41004757417953,100.43693126643439,100.28252347397968,100.29576418186556,1199.7559087753498,-0.001138166897386772,100.2545546176386,99.77655261890474,0.2725503872175423
2025-07-12 22:50:00,100.29576418186556,100.36039718671498,99.98828793564806,100.04604209161627,4401.570354288933,-0.0024898567979050323,100.21285211243415,99.80105166187852,0.2698342488436621
2025-07-13 02:50:00,100.04604209161627,100.10207957572841,100.03618365848246,100.05232733571586,6608.894619351425,6.282351573516642e-05,100.1807471570905,99.82389490495464,0.24441933243365202
2025-07-13 06:50:00,100.05232733571586,100.13804469980654,99.9844181440593,100.01620588376652,1434.4790598649363,-0.000361025604413423,100.1478389024257,99.84137772121026,0.22529075613325794
2025-07-13 10:50:00,100.01620588376652,100.02711968719296,99.8145194372351,99.84213723039514,5004.849627362348,-0.0017404044857857182,100.0866985680196,99.84144676749979,0.2040419995778809
2025-07-13 14:50:00,99.84213723039514,99.89856210050307,99.35164655512837,99.43717647613704,2625.7539809983846,-0.004056010473049154,99.95679414964309,99.80469492283045,0.23169081988232015
2025-07-13 18:50:00,99.43717647613704,99.54751770476913,99.42512952357528,99.51327120096323,7805.725162523784,0.0007652542793634698,99.86808955990712,99.77820185720616,0.2254574501642383
2025-07-13 22:50:00,99.51327120096323,99.67401447033717,99.45447307922456,99.66755933818354,1563.1875997832788,0.0015504277505733466,99.82798351556241,99.76814344638592,0.23382783662447487
2025-07-14 02:50:00,99.66755933818354,99.69431215354832,99.58838277439922,99.67560953842963,1693.3384931184758,8.07705165004613e-05,99.79750872013585,99.75973127293534,0.21775912103883246
2025-07-14 06:50:00,99.67560953842963,99.73058243754346,99.30975694057295,99.35286403393235,3438.4877788120675,-0.00323795867406107,99.70857978289516,99.72274334211689,0.23706137066453437
2025-07-14 10:50:00,99.35286403393235,99.49956578412205,99.25655100904551,99.44579625906363,2822.993434007098,0.0009353754019565397,99.65602307812885,99.69756633456659,0.24592493603742888
2025-07-14 14:50:00,99.44579625906363,99.47101097694826,99.3039269559233,99.35508600497755,4592.671070243577,-0.0009121577532524849,99.5958356634986,99.6664317591494,0.24462323719780496
2025-07-14 18:50:00,99.35508600497755,99.57972963990586,99.31076522130965,99.5234713921985,3484.0695236831752,0.001694783769927044,99.58136280923858,99.65343536215387,0.23619932092789092
2025-07-14 22:50:00,99.5234713921985,99.52496553181156,99.25475877642293,99.31621140893473,3232.9870741629725,-0.00208252365361139,99.52833252917782,99.62277863913394,0.23739355216855731
2025-07-15 02:50:00,99.31621140893473,99.3407206311945,99.23169440778948,99.32406128690666,5480.327947865929,7.903924103191962e-05,99.4874782807236,99.59562251620419,0.23415201152215154
2025-07-15 06:50:00,99.32406128690666,99.38057148680595,99.14988440676935,99.22556753997785,3924.693464268203,-0.0009916403503105187,99.43509613257444,99.56198115472907,0.22405042787712912
2025-07-15 10:50:00,99.22556753997785,99.27751820709818,98.95845692612079,98.9633272386257,6102.191227612039,-0.0026428702586810404,99.3407423537847,99.50755807144694,0.24213366814366058
2025-07-15 14:50:00,98.9633272386257,99.08247967883828,98.8785189809529,99.01798712260431,2739.7195378287797,0.0005523246388716707,99.27619130754863,99.46305162155215,0.24572896401067063
2025-07-15 18:50:00,99.01798712260431,99.11613944463461,98.96538343720783,99.09408940369295,2359.8833935681223,0.0007685702699087305,99.2397709267775,99.42950960174677,0.24131151811559345
2025-07-15 22:50:00,99.09408940369295,99.11811876684186,98.93701879479075,98.96962851897396,3212.578201844813,-0.0012559869662049916,99.18574244521679,99.3877022305856,0.2151818343067658
2025-07-16 02:50:00,98.96962851897396,99.06833366986582,98.94893488708306,98.98781405368969,6686.656195930328,0.00018374864074832686,99.14615676691137,99.3513487599587,0.21496830584883092
2025-07-16 06:50:00,98.98781405368969,99.09598854708089,98.9743730368773,99.08673586267037,2641.3895802464554,0.0009993332000142185,99.13427258606318,99.32729304202338,0.20797360006961543
2025-07-16 10:50:00,99.08673586267037,99.18518355936472,98.61229579164103,98.66612309628833,4247.768384637252,-0.004244894765379925,99.04064268810822,99.26718668332019,0.24132777068208558
2025-07-16 14:50:00,98.66612309628833,98.7379041753286,98.62870163737539,98.70479603007234,1818.8646480180344,0.00039195756932985937,98.97347335650105,99.21606026029765,0.21906898789513565
2025-07-16 18:50:00,98.70479603007234,98.71769536627463,98.63056290759137,98.7034900423852,2067.6176757560183,-1.3231248527700856e-05,98.91947669367788,99.16946296776015,0.20793453672418646
2025-07-16 22:50:00,98.7034900423852,98.73803043091304,98.59176375275692,98.64167068329905,3147.954568270602,-0.000626313811797341,98.86391549160211,99.12148185099096,0.2064475836621266
2025-07-17 02:50:00,98.64167068329905,98.68539482820962,98.33515092487995,98.38033459758232,4366.057437630414,-0.0026493477240038255,98.76719931279816,99.05410482795381,0.21225326114308782
2025-07-17 06:50:00,98.38033459758232,98.76831942814307,98.3713671357014,98.68663849916618,3372.257123710872,0.003113466759762318,98.75108715007177,99.02069879806402,0.2213065137897335
2025-07-17 10:50:00,98.68663849916618,98.89510119778186,98.58805398759819,98.87871424551653,3543.951481286077,0.001946319676822128,98.77661256916073,99.00779111146879,0.2354508699882081
2025-07-17 14:50:00,98.87871424551653,99.26103351111334,98.8120300613642,99.16837918647309,2244.2828120299782,0.0029294974471181234,98.85496589262321,99.02239002737826,0.25104489639624666
2025-07-17 18:50:00,99.16837918647309,99.38980317082722,99.0833489475982,99.37811225916725,4357.012113292942,0.00211491883213899,98.95959516593203,99.05472841208635,0.25014439227136315
2025-07-17 22:50:00,99.37811225916725,99.43416327510172,98.82293118708562,98.8635299257256,3703.840941874791,-0.005178024836089423,98.94038211789075,99.0373467315081,0.27923520585212963
2025-07-18 02:50:00,98.8635299257256,98.97174231522594,98.77464259639748,98.96786270185238,2140.2576068990843,0.0010553211705586207,98.94587823468308,99.03103000153939,0.28254547095224936
2025-07-18 06:50:00,98.96786270185238,99.05756599272539,98.73929368828854,98.79710914517439,5064.082221164597,-0.0017253434803619072,98.91612441678134,99.00976446914257,0.29234349469408727
2025-07-18 10:50:00,98.79710914517439,98.8897430671309,98.79063347347068,98.8888896267781,1603.5944489744643,0.000928979424578591,98.9106774587807,98.99877584710943,0.2908942668996194
2025-07-18 14:50:00,98.8888896267781,99.11309884582735,98.83945364802803,99.06448732822261,2230.6623947025214,0.0017757070800092922,98.94143943266909,99.00474961811972,0.3017535302993143
2025-07-18 18:50:00,99.06448732822261,99.24081693549208,99.00374432973824,99.14298896092191,2433.5341949573894,0.0007924296063754888,98.98174933831966,99.01731683110174,0.2777667330157537
2025-07-18 22:50:00,99.14298896092191,99.46054258715425,99.14263791587727,99.45922221619637,3167.8169242283498,0.0031896683627230527,99.077243913895,99.05749004792852,0.2926740282531658
2025-07-19 02:50:00,99.45922221619637,99.55044512171138,99.11524369718859,99.17524457022738,1864.2041671427505,-0.002855216838029362,99.09684404516149,99.06819500450115,0.3175360972417037
2025-07-19 06:50:00,99.17524457022738,99.21452340727852,99.08362592471929,99.1717607902828,3034.778501473181,-3.5127515537469733e-05,99.11182739418575,99.07761007593584,0.31643829755621156
2025-07-19 10:50:00,99.1717607902828,99.24714038500765,99.1202546949209,99.21218625322915,3183.6274768561757,0.00040763078747629855,99.13189916599444,99.08984427387159,0.30048413946743174
2025-07-19 14:50:00,99.21218625322915,99.28872304180445,99.0600274879368,99.13849672756177,3267.2291525456712,-0.0007427467174172531,99.13321867830791,99.09426722420706,0.2884658009978592
2025-07-19 18:50:00,99.13849672756177,99.17322126867887,98.90995873738346,98.97817992159219,1669.6520040300118,-0.0016170994241535563,99.10221092696477,99.08371383306024,0.28533832393441216
2025-07-19 22:50:00,98.97817992159219,99.05112349660747,98.80712622286691,98.87996944476147,9164.592902730328,-0.0009922437138014661,99.05776263052412,99.06519161594217,0.27069502564808495
2025-07-20 02:50:00,98.87996944476147,98.90121485205144,98.76335913666537,98.78269048496252,1518.9344937996855,-0.000983808554403942,99.0027482014118,99.03950969494402,0.25865227508787364
2025-07-20 06:50:00,98.78269048496252,98.84260521778319,98.68645064875922,98.84056912407489,2982.2705823251304,0.0005859188368755319,98.97031238594442,99.02142418850137,0.22614673801700644
2025-07-20 10:50:00,98.84056912407489,99.33916253995514,98.78658528392607,99.30591608028064,4129.227846206296,0.004708056219522527,99.03743312481167,99.04728708775403,0.25153799067419313
2025-07-20 14:50:00,99.30591608028064,99.38928509153585,99.1531027831687,99.19733222214744,2596.83403437495,-0.0010934278884796589,99.06941294427884,99.06092755451706,0.24567441952635757
2025-07-20 18:50:00,99.19733222214744,99.2935980804792,98.91675510795757,99.00220825101252,3098.1409840602078,-0.001967028414614491,99.05597200562558,99.05558943601665,0.2655125180164585
2025-07-20 22:50:00,99.00220825101252,99.10771925832559,98.92214364928807,99.06131792403136,4311.558315919931,0.0005970540866013785,99.05704118930674,99.05611020765434,0.2592218331049005
2025-07-21 02:50:00,99.06131792403136,99.13975097974283,98.8848893641692,98.94681832483087,1864.3842365646824,-0.0011558457084963614,99.03499661641158,99.04617458194312,0.2604924766634572
2025-07-21 06:50:00,98.94681832483087,99.02210364598056,98.819817294527,98.878324037677,7439.569571987074,-0.0006922333462912045,99.00366210066467,99.0309154415553,0.2522340252474992
2025-07-21 10:50:00,98.878324037677,98.92897211458528,98.837973768756,98.88318758788418,1807.6512422505923,4.91872233323587e-05,98.97956719810858,99.0174856366761,0.22764809105510558
2025-07-21 14:50:00,98.88318758788418,98.96404998412913,98.57959940808831,98.67526430938752,2554.930499952246,-0.0021027161802593675,98.91870662036438,98.9863746069226,0.24575902630379026
2025-07-21 18:50:00,98.67526430938752,98.69351463683755,98.63368561485889,98.67823948498786,1227.9660854767787,3.0151179438497877e-05,98.87061319328907,98.95836232311035,0.24096926429606924
2025-07-21 22:50:00,98.67823948498786,98.95243573464474,98.64938525902063,98.91076400186057,2255.403943084823,0.0023563910147392786,98.87864335500338,98.95403520299674,0.24628033013581582
2025-07-22 02:50:00,98.91076400186057,99.24356559114227,98.89240583011507,99.1610591626318,6347.965987512219,0.0025305148867975635,98.93512651652907,98.97285556296356,0.25255870368808686
2025-07-22 06:50:00,99.1610591626318,99.17386271372223,98.9415442439248,98.97156777765211,5034.387157625648,-0.001910945552415999,98.94241476875368,98.9727384915716,0.25172450340643493
2025-07-22 10:50:00,98.97156777765211,99.17590093718069,98.95789221649287,99.10632009781712,1965.7297767330253,0.0013615255693204542,98.97519583456638,98.98488227395755,0.2574497180708458
2025-07-22 14:50:00,99.10632009781712,99.13126176953173,99.03915608722242,99.05362567002308,2561.2215952869533,-0.0005316959376761021,98.99088180165772,98.99113167359987,0.2528747975912274
2025-07-22 18:50:00,99.05362567002308,99.12215169833475,98.95575649756486,99.03997699754383,2195.169544198731,-0.00013779074099429245,99.00070084083495,98.99557215759476,0.22529036507271424
2025-07-22 22:50:00,99.03997699754383,99.31999495711526,98.9845365105247,99.26702821727756,4767.128787118225,0.00229252092555865,99.05396631612348,99.02024998120228,0.23238151780295727
2025-07-23 02:50:00,99.26702821727756,99.33354144822695,98.79780782440444,98.84335095296522,1577.8843467186705,-0.004268056291410027,99.01184324349184,99.00416825136254,0.24373085003873435
2025-07-23 06:50:00,98.84335095296522,99.29758143159147,98.77782311822568,99.23877629188517,3368.9759038343686,0.0040005254284438685,99.05722985317051,99.02549625504642,0.2676010432050394
2025-07-23 10:50:00,99.23877629188517,99.259614134641,99.07518097631583,99.13767899076372,1249.5004757911986,-0.0010187278088163998,99.07331968068915,99.03569468556617,0.2625704391158631
2025-07-23 14:50:00,99.13767899076372,99.19158022089013,99.06757106769341,99.10009464808519,2000.5385516881163,-0.0003791125943348739,99.07867467416837,99.04154922761334,0.2569792106689458
2025-07-23 18:50:00,99.10009464808519,99.38468477928537,99.01314335768393,99.31018820959846,2606.7883638096655,0.0021200137321699675,99.1249773812544,99.06597095324835,0.27701800179552855
2025-07-23 22:50:00,99.31018820959846,99.59284270642083,99.30459267180325,99.55581822502762,1750.1725737074926,0.0024733616948822146,99.21114555000905,99.1105025234101,0.2701465345510111
2025-07-24 02:50:00,99.55581822502762,99.66800177261688,99.50990304955639,99.62095526958524,2606.703436754498,0.000654276623093919,99.2931074939243,99.15690731851693,0.2771657989139992
2025-07-24 06:50:00,99.62095526958524,99.83864473712259,99.56183096569066,99.79615595432439,1907.7633783343533,0.0017586730047411958,99.39371718600432,99.21502083086305,0.27529174861455835
2025-07-24 10:50:00,99.79615595432439,99.9560316102488,99.76993145528807,99.94690665615555,5574.363836800486,0.0015105862584541274,99.50435508003457,99.28155590588965,0.263501776752667
2025-07-24 14:50:00,99.94690665615555,100.11942067060544,99.87736387581411,100.10758949125085,2281.132242463617,0.0016076819230443906,99.62500196227784,99.3566498681952,0.26419737139508775
2025-07-24 18:50:00,100.10758949125085,100.24276540669469,100.06788219325692,100.1432408420704,6240.251965667987,0.00035613034936443633,99.72864973823636,99.42815813854749,0.26111697802008393
2025-07-24 22:50:00,100.1432408420704,100.22558420057601,100.11592355833618,100.19835589140926,4712.090826033547,0.000550362150010475,99.82259096887094,99.49817611608037,0.2623709037294069
2025-07-25 02:50:00,100.19835589140926,100.27083981026904,100.19631901223373,100.2185792854527,4743.684226091252,0.00020183359161451975,99.9017886321873,99.56366731329604,0.25580844639122297
2025-07-25 06:50:00,100.2185792854527,100.2874456812939,100.14859007758567,100.23407755107065,3623.435568779016,0.0001546446350413344,99.96824641596397,99.62461369854827,0.2417653861853434
2025-07-25 10:50:00,100.23407755107065,100.23703469313735,100.15074065978787,100.21665161039353,2606.7656568292323,-0.00017385245719703235,100.0179274548499,99.67843532689784,0.2096625582944124
2025-07-25 14:50:00,100.21665161039353,100.28512579764445,100.07893228175404,100.0829838476423,3887.680087569631,-0.0013337879544298437,100.03093873340839,99.71521246514733,0.18726507276045773
2025-07-25 18:50:00,100.0829838476423,100.25574162290344,100.01124517271901,100.21553226024777,6714.766323668996,0.0013243851003408302,100.06785743877627,99.76069608288373,0.1915553078932624
2025-07-25 22:50:00,100.21553226024777,100.28011926494254,99.95037659684155,99.99260746222093,1451.9335558398047,-0.0022244535652210518,100.05280744346521,99.78177893555075,0.2062505589578529
2025-07-26 02:50:00,99.99260746222093,100.0217284280675,99.90927654597283,99.96586610273398,1568.5164084952492,-0.0002674333649820282,100.03541917531898,99.7985141325674,0.1877441632787986
2025-07-26 06:50:00,99.96586610273398,100.00036019389496,99.63640854523081,99.69257114102186,1314.7979946631858,-0.0027338827978667934,99.96684956845957,99.7888829515178,0.19315142142498282
2025-07-26 10:50:00,99.69257114102186,99.71592355176573,99.64212427371724,99.67350938457554,2576.983834604409,-0.00019120538499661777,99.90818153168277,99.77839444543214,0.18713003249555374
2025-07-26 14:50:00,99.67350938457554,99.73973431196634,99.41797064883943,99.50656604210442,7409.778637835491,-0.0016749018219774925,99.8278584337671,99.75368277240234,0.1903407390451954
2025-07-26 18:50:00,99.50656604210442,99.92466019097708,99.4198274499646,99.87090149484813,1553.8593697732738,0.0036614212230934307,99.83646704598331,99.7643390198974,0.21310735233460626
2025-07-26 22:50:00,99.87090149484813,99.9952744281705,99.80573581970562,99.90814949643317,2270.9448832412845,0.00037296150357635227,99.85080353607329,99.77741269958247,0.20935605331128926
2025-07-27 02:50:00,99.90814949643317,99.95298339463608,99.77921078686198,99.83309521856854,2729.8650750666684,-0.0007512327897465365,99.84726187257235,99.78247474676301,0.20927672433531289
2025-07-27 06:50:00,99.83309521856854,99.909775156866,99.51844148430688,99.53954897394452,1031.4192829112562,-0.0029403700644696773,99.78571929284679,99.76039058559769,0.22939622650097696
2025-07-27 10:50:00,99.53954897394452,99.55883592208296,98.979715494733,98.983575807882,4338.004842278271,-0.005585449922101304,99.62529059585384,99.68977106035081,0.2654390571663094
2025-07-27 14:50:00,98.983575807882,99.06547605103127,98.87659095608205,98.97321965020606,8808.179669056088,-0.00010462501067898256,99.49487640672429,99.62463002306492,0.2690125922549506
2025-07-27 18:50:00,98.97321965020606,99.06603868039797,98.96665187826498,99.02142776816552,2759.8706874818154,0.00048708244644202203,99.40018667901255,99.5697934544377,0.26994779002520125
2025-07-27 22:50:00,99.02142776816552,99.22445940661541,98.96103563897228,99.19233912418701,2319.9911303127114,0.0017260037536688255,99.35861716804745,99.5354794244149,0.27403566515039507
2025-07-28 02:50:00,99.19233912418701,99.31141450172419,99.12125100012913,99.25210941944785,4434.836517200918,0.0006025696720994844,99.33731561832754,99.50971851487243,0.2701547402511539
2025-07-28 06:50:00,99.25210941944785,99.26495007386116,99.03139734468874,99.06300960685009,6892.344081955869,-0.0019052472910032758,99.28245441603205,99.46910861414312,0.26328403032768427
2025-07-28 10:50:00,99.06300960685009,99.11273117039656,98.83879366099615,98.93453435801156,2390.310289309538,-0.0012969043576245287,99.21287040442796,99.4205109544948,0.2748187179923797
2025-07-28 14:50:00,98.93453435801156,99.08288103811006,98.8886819613754,99.02991944691544,7772.213657418911,0.0009641232914556763,99.17628021292546,99.38500263562395,0.26269353428313025
2025-07-28 18:50:00,99.02991944691544,99.07725091816687,98.9396153311061,98.94309925176972,4240.349390777377,-0.0008767067127855022,99.12964402069431,99.3448296007281,0.26725327064115084
2025-07-28 22:50:00,98.94309925176972,98.99217275392071,98.65917207005346,98.75525547851262,3056.5443801272186,-0.0018985030252500756,99.05476631225798,99.29123195325397,0.26805591497974646
2025-07-29 02:50:00,98.75525547851262,98.83286637316445,98.59379967994947,98.61826231688782,1540.9134969932388,-0.0013871986960188876,98.96746551318395,99.2300528954025,0.24907262585135367
2025-07-29 06:50:00,98.61826231688782,98.6257797296675,98.5773158834465,98.61456798294967,3076.9802733764295,-3.746095146439643e-05,98.8968860071371,99.17409972154314,0.23899585711964733
2025-07-29 10:50:00,98.61456798294967,98.80939758587651,98.60926915173285,98.78111300271841,2726.641611548905,0.0016888480391410443,98.87373140625337,99.13837365619544,0.24087841614604497
2025-07-29 14:50:00,98.78111300271841,98.94509085062163,98.73562262730167,98.88514782295215,3045.290458000395,0.0010531853415225445,98.87601468959313,99.1153531259006,0.22788802691467577
2025-07-29 18:50:00,98.88514782295215,99.02584030680326,98.81897156343304,99.01832554973744,1272.7728187740838,0.00134679200787291,98.904476861622,99.10653243715849,0.20129862091612288
2025-07-29 22:50:00,99.01832554973744,99.17531136082196,98.99040736520776,99.07852574274483,5388.890936194267,0.0006079702183727775,98.93928663784658,99.10398637402997,0.20101425667790807
2025-07-30 02:50:00,99.07852574274483,99.1428840146711,98.6640419582859,98.69768652357448,1804.499866899405,-0.0038438119291277495,98.89096661499217,99.06705002398856,0.22811820341020855
2025-07-30 06:50:00,98.69768652357448,98.72311904192011,98.65277865200945,98.67525236997822,2230.5931026678472,-0.0002273017168532565,98.84782376598939,99.03143205544217,0.21432653357217543
2025-07-30 10:50:00,98.67525236997822,98.72012134112349,98.47356974556371,98.4889768857389,1785.0106520967202,-0.0018877629371638616,98.77605438993929,98.9821179491055,0.218354254569656
2025-07-30 14:50:00,98.4889768857389,98.57896667846174,98.35283274742004,98.37237213537516,3813.454030860725,-0.0011839370663684345,98.69531793902647,98.92668651149364,0.21782434041746207
2025-07-30 18:50:00,98.37237213537516,98.39128885354708,98.18239647259604,98.19089356511411,5528.577565215788,-0.0018448123830063778,98.594433064244,98.85979624364096,0.21317825981393565
2025-07-30 22:50:00,98.19089356511411,98.52779987474555,98.13582694220695,98.49233949272272,4350.612071825166,0.003069998822331943,98.57401434993974,98.82639108446656,0.22730496379993173
2025-07-31 02:50:00,98.49233949272272,98.63979974691036,98.40879699281298,98.5673087872945,3668.239908428755,0.0007611687869117922,98.5726732374107,98.80283814836001,0.23397404715968914
2025-07-31 06:50:00,98.5673087872945,98.58231683315627,98.2932734315324,98.36526606773418,3800.8194862726145,-0.002049794420138973,98.5311918034754,98.76305886830312,0.23083424128516178
2025-07-31 10:50:00,98.36526606773418,98.43300768880924,98.10719709171049,98.16606636314629,2793.3852838105186,-0.0020251020766896,98.45816671540958,98.70878682237976,0.23703023441971688
2025-07-31 14:50:00,98.16606636314629,98.23408680455877,98.0309949850321,98.0356397198516,4920.3080972872995,-0.0013286326744742505,98.37366131629798,98.64759163124084,0.24807508965583683
2025-07-31 18:50:00,98.0356397198516,98.11788088894403,98.01442989764406,98.01755014806983,4950.445601825316,-0.00018452036252802895,98.30243908265236,98.59031513277075,0.24116955802414403
2025-07-31 22:50:00,98.01755014806983,98.04036401414805,97.86075272834987,97.9416883237753,1015.0784476384957,-0.0007739616444191189,98.23028893087695,98.5313490592257,0.2390369196297318
2025-08-01 02:50:00,97.9416883237753,98.10850208802076,97.84828026378733,98.0753466665832,4775.626723549522,0.0013646726444622725,98.1993004780182,98.4898942962582,0.2428478539771035
2025-08-01 06:50:00,98.0753466665832,98.13570524531347,97.86404242723668,97.96040272606515,2610.3017477171597,-0.0011719962704674902,98.1515209276276,98.44175869896792,0.249044912724431
2025-08-01 10:50:00,97.96040272606515,98.05707438290514,97.65251120981148,97.71255155748611,2616.818529325258,-0.0025301158598962648,98.06372705359931,98.37546714065138,0.24373927820360766
2025-08-01 14:50:00,97.71255155748611,97.80259383583494,97.65889321873193,97.77682934445693,2228.7781546842352,0.0006578252839197773,98.00634751177084,98.32104552281552,0.24897929443163186
2025-08-01 18:50:00,97.77682934445693,98.10094746859298,97.68128946813762,98.03520146988416,3396.113630271881,0.0026424678235066335,98.0121183033935,98.29505969982176,0.2613440376384588
2025-08-01 22:50:00,98.03520146988416,98.10009865435993,97.85014484151013,97.87149085761247,2305.178734344591,-0.0016699166199192206,97.98399281423731,98.2565534414391,0.2630454577676084
2025-08-02 02:50:00,97.87149085761247,98.07163428477558,97.82580415592668,97.98254797083743,3203.4328462138737,0.001134723832771023,97.98370384555734,98.23164385320258,0.26568386833174173
2025-08-02 06:50:00,97.98254797083743,98.05193881255848,97.76899705105149,97.78294844659109,2204.493620770584,-0.002037092608632163,97.9435527657641,98.19085336169245,0.25789592754376905
2025-08-02 10:50:00,97.78294844659109,98.00049360860665,97.73459276785957,97.94439002472227,4424.671338342379,0.0016510197401069515,97.94372021755574,98.16844760378606,0.26038864801874795
2025-08-02 14:50:00,97.94439002472227,98.03117844972128,97.8524383954674,97.95949541461594,2206.447759870496,0.00015422414586341304,97.94687525696779,98.14945195022514,0.2525098374923199
2025-08-02 18:50:00,97.95949541461594,98.00496360435176,97.65284683577083,97.75013136738288,6558.9858779879005,-0.0021372511806734273,97.90752647905082,98.11315007905766,0.2543888497410468
2025-08-02 22:50:00,97.75013136738288,97.78024978786642,97.67330420962583,97.72955609697817,2014.9802591246685,-0.0002104884169145116,97.87193240263629,98.07827789886862,0.2475212610777555
2025-08-03 02:50:00,97.72955609697817,97.94057167518024,97.68340319377802,97.90068902905,1959.9480248242578,0.001751086763373877,97.87768372791903,98.06213345615784,0.25850108179934495
2025-08-03 06:50:00,97.90068902905,98.07272541971264,97.82102489090242,98.01410095262713,3154.462628458563,0.0011584384614848897,97.90496717286067,98.05776686492777,0.2636503134430614
2025-08-03 10:50:00,98.01410095262713,98.14887890330301,97.94104852822754,98.1317297587313,2734.780083704931,0.0012001212576648879,97.9503196900348,98.06449076436445,0.25990806707463626
2025-08-03 14:50:00,98.1317297587313,98.30984875923349,98.04503167099108,98.24952021698037,1290.1541213577414,0.0012003299905003484,98.01015979542393,98.08131162369317,0.2594190863721804
2025-08-03 18:50:00,98.24952021698037,98.39964793675685,98.20142572843113,98.32760091847572,2470.062004425846,0.0007947183998753271,98.0736480200343,98.10370155958249,0.24468044603161282
2025-08-03 22:50:00,98.32760091847572,98.38448420990368,98.22468372837199,98.2881543187241,2411.3536355764236,-0.000401175248690655,98.11654927977226,98.12046999223172,0.24583043634794727
2025-08-04 02:50:00,98.2881543187241,98.79206448502606,98.2748388014172,98.77387461302907,3127.503455267832,0.004941798914342099,98.24801434642363,98.1798704123042,0.25279955657319725
2025-08-04 06:50:00,98.77387461302907,99.00534895920717,98.6984945695751,98.95497722391826,4246.598758274754,0.0018335072062194424,98.38940692192256,98.25033466790548,0.2568638834862164
2025-08-04 10:50:00,98.95497722391826,99.01702279044339,98.92532146365622,98.96124892588051,1380.933302894453,6.337934824696134e-05,98.50377532271415,98.31496323681229,0.2458546833389497
2025-08-04 14:50:00,98.96124892588051,99.00660073620426,98.72010945652816,98.77334890607152,2936.382547196444,-0.0018987232057845471,98.55769003938563,98.3566346612904,0.24610822035102892
2025-08-04 18:50:00,98.77334890607152,98.77725364000369,98.60622410302366,98.68902662244368,2161.6929606360213,-0.0008536946915511656,98.58395735599724,98.38685211230433,0.23933169865338247
2025-08-04 22:50:00,98.68902662244368,98.74087637658009,98.50467085443105,98.59095289657017,3438.0472878348755,-0.000993765256685597,98.58535646411184,98.40540672905577,0.2434363749316079
2025-08-05 02:50:00,98.59095289657017,98.71136388181618,98.56507792572606,98.66697900730847,5961.539098645619,0.0007711266450387555,98.60168097275117,98.42918602707874,0.22873417403940774
2025-08-05 06:50:00,98.66697900730847,98.81836517330639,98.65225808213948,98.81781518352368,2393.675338437935,0.0015287401898058661,98.64490781490568,98.46451595039191,0.23295999639128695
2025-08-05 10:50:00,98.81781518352368,98.86912628832786,98.42204858617623,98.42548231862447,2729.424161673689,-0.0039702645132415615,98.60102271564945,98.46096743841305,0.24652494073053077
2025-08-05 14:50:00,98.42548231862447,98.75825486781429,98.39157417879419,98.65988826111935,5605.529662139207,0.002381557468380535,98.61279582474343,98.47905114956816,0.2547378093169509
2025-08-05 18:50:00,98.65988826111935,98.73522531828044,98.62462635390825,98.6539749007305,2674.3145064450227,-5.9936824306938696e-05,98.62103163994085,98.49495330876474,0.24779270855243038
2025-08-05 22:50:00,98.6539749007305,98.73125131754342,98.54075767334487,98.54869971835602,1227.4842903599622,-0.001067115465752,98.60656525562389,98.4998393460003,0.2424838911207264
2025-08-06 02:50:00,98.54869971835602,98.6400665723868,98.36573615511097,98.46253332337358,1275.7455570898983,-0.0008743534438171441,98.57775886917383,98.49644788939787,0.2479201917600205
2025-08-06 06:50:00,98.46253332337358,98.65620076355175,98.4087101123796,98.56669486340128,2237.04208080612,0.0010578799520180038,98.57554606801934,98.50283397794364,0.2541837753057682
2025-08-06 10:50:00,98.56669486340128,98.59412186531786,98.48893985573402,98.59257756749608,4660.7935336296805,0.0002625907679127959,98.5789523679147,98.51099248608476,0.22475208430398144
2025-08-06 14:50:00,98.59257756749608,98.68337449881007,98.46179700277224,98.54701047209048,4327.363845967104,-0.0004621757188000286,98.57256398874986,98.51426684844891,0.21866087761867853
2025-08-06 18:50:00,98.54701047209048,98.57696656319214,98.40088461899994,98.49350093265221,2640.0087662753203,-0.0005429849082374538,98.55675137753035,98.51237903792193,0.2246880645761808
2025-08-06 22:50:00,98.49350093265221,98.56677403971781,98.40622531934916,98.45832200020004,6073.368336599019,-0.0003571700885749429,98.5370655020643,98.50746476176539,0.2156921674827917
2025-08-07 02:50:00,98.45832200020004,98.7167088852329,98.43574214655418,98.64638142171296,2903.196973363299,0.0019100408954006998,98.55892868599403,98.52009354903335,0.2235448247469845
2025-08-07 06:50:00,98.64638142171296,98.73854086101629,98.63144115053295,98.66222795435277,2378.2324855876973,0.00016063977625369041,98.57958853966579,98.53301485860784,0.21432298105657768
2025-08-07 10:50:00,98.66222795435277,98.78556176656866,98.65539314756234,98.71113029065839,2528.048355209796,0.0004956540848464197,98.60589688986431,98.54920717061243,0.2131717426934492
2025-08-07 14:50:00,98.71113029065839,98.790035942118,98.49591339336769,98.51540586491674,2782.562094914552,-0.001982799965569493,98.5877986848748,98.5461343246401,0.2223157039494065
2025-08-07 18:50:00,98.51540586491674,98.86623199437666,98.50047137757021,98.78854959849389,2732.974402495864,0.002772599180596025,98.62794886759862,98.56817207680862,0.21650734071046532
2025-08-07 22:50:00,98.78854959849389,98.79086439639887,98.44689234456638,98.53120641992285,3525.967726195092,-0.0026049899468810755,98.60860037806347,98.56481156254628,0.21488529519706492
2025-08-08 02:50:00,98.53120641992285,98.725779282807,98.52212516030653,98.63911226338791,2453.705612066525,0.0010951438370214728,98.61470275512836,98.5715661717137,0.22153209220622777
2025-08-08 06:50:00,98.63911226338791,98.89506386145155,98.55656660271414,98.81147431477913,2785.211406491823,0.0017474006754134574,98.65405706705852,98.59337600290146,0.23210377895900283
2025-08-08 10:50:00,98.81147431477913,98.88299604947741,98.64463017906367,98.72054681539637,2400.151325764043,-0.000920211949202332,98.66735501672609,98.60493698585555,0.22953488275456785
2025-08-08 14:50:00,98.72054681539637,98.84046178097864,98.6447359020863,98.83175755058996,1724.9851513633798,0.0011265206563486618,98.70023552349888,98.62555703719504,0.2258373990202957
2025-08-08 18:50:00,98.83175755058996,98.95296816512109,98.78699365289528,98.9425707693109,1335.2841460495408,0.0011212308823327355,98.74870257266129,98.65437646738738,0.23017972063757952
2025-08-08 22:50:00,98.9425707693109,99.08605863703109,98.93118938651412,99.01835264225936,4735.144160207484,0.0007659177678447371,98.80263258658091,98.68746521055756,0.2254148459575183
2025-08-09 02:50:00,99.01835264225936,99.06547817338789,98.88077071665738,98.95467904634404,5837.196791081937,-0.0006430484270463221,98.83304187853355,98.71175737744724,0.22603095399596843
2025-08-09 06:50:00,98.95467904634404,99.01029781281983,98.90114175804649,98.97900950661958,3870.099928808452,0.00024587478338577995,98.86223540415077,98.73605302555382,0.22236004931058875
2025-08-09 10:50:00,98.97900950661958,99.17044083581916,98.95155285695333,99.16333952101219,6972.475411096744,0.001862314194811976,98.92245622752306,98.77489725241367,0.2179258521810965
2025-08-09 14:50:00,99.16333952101219,99.16433431119208,99.14434479016973,99.15189619418085,1819.9592237481115,-0.00011539876416644113,98.96834422085462,98.8091698834834,0.21170369579102605
2025-08-09 18:50:00,99.15189619418085,99.33549929302411,99.10887522795794,99.24130229170707,2523.4419864525585,0.0009017083985074503,99.02293583502511,98.84845464786737,0.2185933705095867
2025-08-09 22:50:00,99.24130229170707,99.33177278166997,99.036526185653,99.07477484728513,2074.1343973196963,-0.001678005432984575,99.03330363747712,98.8690292114508,0.21867365960006221
2025-08-10 02:50:00,99.07477484728513,99.21775588678108,99.06804128295079,99.16114633799444,5624.872998662137,0.0008717808427265439,99.0588721775806,98.89558531386385,0.20324180153033616
2025-08-10 06:50:00,99.16114633799444,99.29275077172616,99.0821247196798,99.25544660309744,3094.5417233901057,0.0009509799814291231,99.09818706268398,98.92829997652144,0.19371708725989834
2025-08-10 10:50:00,99.25544660309744,99.28047633275068,99.04205731432015,99.07634751511158,2695.289781819962,-0.0018044257933979013,99.0938191531695,98.941758843666,0.19620029411204598
2025-08-10 14:50:00,99.07634751511158,99.13637549315825,98.97292809265177,99.06908228928518,2648.451840820786,-7.332956864702922e-05,99.08887178039265,98.95333370235865,0.18369673280983737
2025-08-10 18:50:00,99.06908228928518,99.29041623896987,98.98395417900824,99.25054429084508,1624.610538947161,0.0018316713687731578,99.12120628248314,98.98035284676651,0.18856074634897219
2025-08-10 22:50:00,99.25054429084508,99.28449562371429,99.11069146366019,99.18572908377519,8845.847039265793,-0.0006530463639571327,99.13411084274156,98.99902341376729,0.18699490928909768
2025-08-11 02:50:00,99.18572908377519,99.50196139532218,99.12721125947589,99.41046116249757,4667.193328588109,0.002265770295770686,99.18938090669278,99.03642684547005,0.20190745383341785
2025-08-11 06:50:00,99.41046116249757,99.55324446727407,99.34976155054386,99.47943179778396,3263.8357030211387,0.0006937965529971724,99.24739108491102,99.07670002295313,0.20537985856293517
2025-08-11 10:50:00,99.47943179778396,99.48173835661518,99.25270939058295,99.29636376518818,8197.997942447002,-0.001840260135059002,99.25718562096645,99.0966694540654,0.20854568065591547
2025-08-11 14:50:00,99.29636376518818,99.35397254309169,99.16751158852126,99.23012215475627,2378.7623686469015,-0.0006671101329405182,99.25177292772442,99.10880151776458,0.21406745921285011
2025-08-11 18:50:00,99.23012215475627,99.4786408548307,99.17309919606423,99.4399019488945,1912.082366765008,0.0021140737266358567,99.28939873195844,99.1389015569582,0.2202570077771812
2025-08-11 22:50:00,99.4399019488945,99.4570562002302,99.35254581360779,99.41727993819096,1177.6921435851723,-0.00022749429816582012,99.31497497320495,99.16420868252482,0.22629421246289944
2025-08-12 02:50:00,99.41727993819096,99.54476489976729,99.32824623564767,99.5303797713855,3806.644774246879,0.0011376275157080062,99.35805593284107,99.19749696333032,0.2255723981095739
2025-08-12 06:50:00,99.5303797713855,99.62488775242689,99.18094717119715,99.24987356842881,2478.728620890541,-0.0028182973239023745,99.33641945995862,99.20225847288472,0.23619339705334344
2025-08-12 10:50:00,99.24987356842881,99.64694020009527,99.18523650763589,99.63000763172599,2775.1427161953616,0.0038300710079504086,99.3951370943121,99.24114476005211,0.2584783319554213
2025-08-12 14:50:00,99.63000763172599,99.94861958731171,99.5764494985227,99.90913580819472,1864.0778454028407,0.0028016476471677265,99.49793683708863,99.30187121897416,0.2700171917227528
2025-08-12 18:50:00,99.90913580819472,99.95325206782549,99.50859090951214,99.51097808791725,2206.7923526800523,-0.003985198321020955,99.50054508725437,99.32088093433262,0.28474877314295405
2025-08-12 22:50:00,99.51097808791725,99.60373045634103,99.31606557893036,99.4064159591589,2365.6198028518847,-0.0010507597329207918,99.48171926163528,99.32865684568046,0.29362145006468104
2025-08-13 02:50:00,99.4064159591589,99.59341939941758,99.3633910067148,99.5624671974021,4941.942486246013,0.0015698306466185308,99.49786884878864,99.3499123322006,0.28816190240333434
2025-08-13 06:50:00,99.5624671974021,99.82470999369184,99.52017129154497,99.7718312350074,1879.7999645290922,0.0021028409951933114,99.55266132603239,99.38826859609213,0.29750008398138916
2025-08-13 10:50:00,99.7718312350074,99.8437264081453,99.53332343290622,99.55812985464031,3175.6926809654037,-0.002141900952621789,99.55375503175398,99.40371052868741,0.2929038582237311
2025-08-13 14:50:00,99.55812985464031,99.63857664287738,99.33876825808731,99.401808175084,3733.687165577447,-0.0015701548410416155,99.52336566041998,99.40353758745074,0.2997842487994354
2025-08-13 18:50:00,99.401808175084,99.43535791130968,99.23797613166813,99.28428140272435,4064.021040140669,-0.0011823403871350502,99.47554880888086,99.39269611611198,0.29752373548581496
2025-08-13 22:50:00,99.28428140272435,99.30750737596927,99.05765626944084,99.13425670840024,1553.3716485984937,-0.0015110618942344445,99.40729038878474,99.36920162450181,0.30205160348281523
2025-08-14 02:50:00,99.13425670840024,99.15211787337523,98.91413296671548,98.97218754895397,3192.304632293593,-0.0016348451567352873,99.3202698208186,99.33310943581564,0.2972261211894777
2025-08-14 06:50:00,98.97218754895397,99.0098315608169,98.6070930264279,98.70085532029988,3937.9778869604493,-0.0027414997624446436,99.19638692071486,99.27563178895058,0.3185281317442344
2025-08-14 10:50:00,98.70085532029988,98.78376362486313,98.4346534160106,98.5089949305699,4296.929942715369,-0.001943857417520456,99.05890852268587,99.20593752909778,0.32799895636801324
2025-08-14 14:50:00,98.5089949305699,98.57961963099339,98.35733136578071,98.4245665390318,2716.9570571906534,-0.0008570627646501405,98.93204012595506,99.13490380272815,0.31216664808108063
2025-08-14 18:50:00,98.4245665390318,98.48179018202802,98.30468710083922,98.35962341695779,1876.719012004856,-0.0006598263457757714,98.81755678415561,99.06442376765811,0.2918380329903251
2025-08-14 22:50:00,98.35962341695779,98.5647623481214,98.28650470092926,98.50234053896799,8086.281358523524,0.0014509726354401398,98.7545135351181,99.01332529232265,0.28513000144769257
2025-08-15 02:50:00,98.50234053896799,98.64616234615204,98.49150878335873,98.5574398613426,3780.8421069175733,0.0005593706918347596,98.715098800363,98.97188116223354,0.2644151731962613
2025-08-15 06:50:00,98.5574398613426,98.97399630945208,98.53176589232693,98.89094571705031,2103.9009709395536,0.003383872959534129,98.75026818370047,98.96452339448962,0.2754555688901529
2025-08-15 10:50:00,98.89094571705031,99.01256871026142,98.83581699389116,98.91376385168817,2340.655740717264,0.00023074038247283823,98.78296731729802,98.95990889059857,0.27165009200925894
2025-08-15 14:50:00,98.91376385168817,99.10288068908044,98.90094604850403,99.06357425565912,3067.766699813967,0.0015145556911126956,98.83908870497024,98.96933301469498,0.26432123046851175
2025-08-15 18:50:00,99.06357425565912,99.10374640356056,98.81179075017872,98.82973209485915,1865.4466364370714,-0.0023605261828780755,98.83721738294803,98.95664202198263,0.2630035646215662
2025-08-15 22:50:00,98.82973209485915,98.83161262698206,98.81695522944653,98.82101213115203,8376.647147772423,-8.823219007370042e-05,98.83397633258883,98.94431203190712,0.24263563696052767
2025-08-16 02:50:00,98.82101213115203,98.83830929663618,98.6830001844844,98.76218731728403,2174.093625306138,-0.0005952662556211186,98.81961852952787,98.92775523966866,0.23963044642554468
2025-08-16 06:50:00,98.76218731728403,99.03873026381102,98.68090709159695,98.97158426215677,2191.100843200708,0.0021202137230924567,98.85001167605365,98.93173969625848,0.24734273683166208
2025-08-16 10:50:00,98.97158426215677,99.16273323633759,98.89554888782935,99.14186486862438,3177.060522212907,0.0017204999570035184,98.9083823145678,98.95084198465537,0.2494284112494114
2025-08-16 14:50:00,99.14186486862438,99.15332400345294,98.9898693057275,99.00953146063463,3218.61973387382,-0.0013347883678112016,98.92861214378118,98.95617739156258,0.23233670863058567
2025-08-16 18:50:00,99.00953146063463,99.06396331515268,98.88970657065428,98.93865212902661,3203.7809902901417,-0.0007158839210971157,98.93062014083027,98.95458418587748,0.2198471754624336
2025-08-16 22:50:00,98.93865212902661,99.01800248065437,98.85779331370624,99.00494098801579,2366.4439489677156,0.0006699996165577815,98.94548431026739,98.95916207698096,0.21541295415782308
2025-08-17 02:50:00,99.00494098801579,99.57571170186846,98.92462133348536,99.57158393090101,3036.646544995818,0.005723380441727821,99.07070423439411,99.01483679097369,0.24926918895741526
2025-08-17 06:50:00,99.57158393090101,100.23448443515724,99.52053435496978,100.13471602755556,2741.939661223246,0.005655550252623653,99.2835065930264,99.11664399429931,0.2803900770285089
2025-08-17 10:50:00,100.13471602755556,100.2243325498042,100.05387760458845,100.07053089191436,3218.700772348905,-0.000640987843052665,99.440911452804,99.20336098499159,0.2815187472015402
2025-08-17 14:50:00,100.07053089191436,100.08794110349058,99.65990834526858,99.71860309253412,2273.8847221394385,-0.003516797565112806,99.49644978075003,99.25020117658636,0.28050462870845855
2025-08-17 18:50:00,99.71860309253412,99.9453871018068,99.63997930430506,99.91472552283534,1508.644576073724,0.0019667587011746868,99.58010492916709,99.31061248079081,0.28969434878927863
2025-08-17 22:50:00,99.91472552283534,99.95284176314841,99.55202941487049,99.60267312554862,2496.239983996583,-0.0031231872544693617,99.5846185684434,99.33716344849606,0.3038998993393867
2025-08-18 02:50:00,99.60267312554862,99.7491437198917,99.52149346327074,99.74313919250244,2010.504350189329,0.0014102640275202027,99.61632269325521,99.37407033431482,0.29930665671360906
2025-08-18 06:50:00,99.74313919250244,99.98673235350884,99.65503300208078,99.89140499404326,1643.1687285946994,0.0014864761901534074,99.67133915341283,99.4211007579265,0.32195251056307533
2025-08-18 10:50:00,99.89140499404326,100.19058317382081,99.82136998096435,100.17319493991911,2532.0853475184476,0.002820962883570033,99.7717103107141,99.48947295628946,0.33723137347055243
2025-08-18 14:50:00,100.17319493991911,100.29610851481834,100.08510466560362,100.24371080466241,2125.3341137718076,0.0007039394599084314,99.86611040950376,99.55804003341427,0.32674427897059893
2025-08-18 18:50:00,100.24371080466241,100.29875945543955,100.09025937624072,100.1902427335607,2086.523735157133,-0.0005333808043669341,99.93093687431515,99.61551300615486,0.32255254544849826
2025-08-18 22:50:00,100.1902427335607,100.34789701901147,100.1459670071665,100.25923651612045,6235.7220427075845,0.0006886277613202818,99.99659680267622,99.67403332524263,0.32530078217132136
2025-08-19 02:50:00,100.25923651612045,100.48752917844736,100.22834181344729,100.4723712228562,3520.096083140741,0.0021258361238516432,100.09175168671223,99.74660949775296,0.3313672550642985
2025-08-19 06:50:00,100.4723712228562,100.62145616263155,100.38905147427738,100.55562523685049,6833.173892447162,0.0008286259494127979,100.18452639673988,99.82015638312545,0.33652407802187206
2025-08-19 10:50:00,100.55562523685049,100.63763991539962,100.03869471249719,100.03917081831119,3404.9981811116463,-0.005136007233039752,100.15545528105415,99.84006678632416,0.3327994233446816
2025-08-19 14:50:00,100.03917081831119,100.29366726245922,100.01301742498568,100.20865162107238,2951.0041249258506,0.001694144417380139,100.1660945490578,99.87357449857399,0.3018494060079736
2025-08-19 18:50:00,100.20865162107238,100.38895752791595,100.11337876910619,100.31397699224097,2125.1097618682793,0.0010510606565874436,100.19567103769444,99.91361108890734,0.3093582498361168
2025-08-19 22:50:00,100.31397699224097,100.37321563034308,100.16520715593929,100.21817806715987,3855.5343552357667,-0.0009549907994227391,100.20017244358753,99.9412989960212,0.2936422295633879
2025-08-20 02:50:00,100.21817806715987,100.28034617941724,99.9585955045339,100.02199720917986,2347.279536566203,-0.0019575376619652696,100.16453739670601,99.94863519721744,0.29480957794778717
2025-08-20 06:50:00,100.02199720917986,100.22171349733996,99.92390141589811,100.2115500031277,1962.349693455671,0.0018951110679326089,100.17393991799035,99.97253654320927,0.28745241603092453
2025-08-20 10:50:00,100.2115500031277,100.28808223306855,100.12565591439488,100.13059533641044,1914.1415698007133,-0.0008078376865214842,100.16527100167437,99.98690552440938,0.2827935633204035
2025-08-20 14:50:00,100.13059533641044,100.13224143221622,99.56677968307758,99.66289031750203,6317.795004303361,-0.004670950146027253,100.06479486483991,99.95744959650871,0.2994908774425876
2025-08-20 18:50:00,99.66289031750203,99.6716699345257,99.61353673547411,99.64294308014051,3293.1737306147115,-0.00020014708883087096,99.98042450790004,99.92885809502069,0.27727087788509613
2025-08-20 22:50:00,99.64294308014051,99.67833926732973,99.57741388165748,99.66804708302362,3051.873321677865,0.00025193959659453036,99.91794902292476,99.90514800302095,0.2694081304892058
2025-08-21 02:50:00,99.66804708302362,99.72786435924478,99.58094738911743,99.67585542892259,1976.7119309028596,7.834352259816768e-05,99.86953030412432,99.88430322355747,0.26500933698410023
2025-08-21 06:50:00,99.67585542892259,99.75449671594997,99.46055625314966,99.5188007479402,3845.8294246932146,-0.0015756542073960267,99.7993843928875,99.85107572577408,0.271581512052339
2025-08-21 10:50:00,99.5188007479402,99.83772908358888,99.46445933756834,99.77737107614222,2185.871661013415,0.0025982058290363597,99.79498172953845,99.84437530308027,0.2797302535538009
2025-08-21 14:50:00,99.77737107614222,100.13756765631418,99.69286525132048,100.110789937621,3626.3257411214295,0.003341628045344658,99.85814337115497,99.86859481531124,0.29489437617090986
2025-08-21 18:50:00,100.110789937621,100.24841669822378,100.0477371864784,100.16595335674971,1747.3352202275303,0.0005510237124597417,99.91970536827392,99.89562740998747,0.26644682680254916
2025-08-21 22:50:00,100.16595335674971,100.20790101949143,100.03009820717496,100.09843782900028,3700.4703344425834,-0.0006740366909799844,99.9554518604192,99.9140647208068,0.2591006107199009
2025-08-22 02:50:00,100.09843782900028,100.3439500254945,100.03858428424513,100.27119340590916,2967.9866679706465,0.001725856873051379,100.0186001695172,99.94653096490701,0.2612282523227297
2025-08-22 06:50:00,100.27119340590916,100.3168197969543,99.86230387262017,99.86288570353237,2966.1247884919503,-0.004072033936246444,99.98745727632024,99.93892685023658,0.2788359273177536
2025-08-22 10:50:00,99.86288570353237,100.06499264674818,99.81526132767323,99.98081853930412,4460.342530705347,0.0011809476057187407,99.98612952891702,99.94273518560635,0.27369168761715507
2025-08-22 14:50:00,99.98081853930412,100.22569873419356,99.96963284213956,100.22153069784873,3361.9840864305897,0.0024075833951087144,100.03320976270336,99.96808023217383,0.2707098169465943
2025-08-22 18:50:00,100.22153069784873,100.31469233465235,100.1027258371101,100.17252760037758,3861.0174796871706,-0.0004889478052265694,100.06107333023822,99.98666635655599,0.274248401151493
2025-08-22 22:50:00,100.17252760037758,100.24949441209854,99.99183322041019,100.07320744604196,4864.954784878109,-0.0009914909478159206,100.06350015339898,99.99453372832744,0.25226264704790174
2025-08-23 02:50:00,100.07320744604196,100.11989769568184,99.75879269043378,99.79134513366961,2013.0506872776718,-0.0028165611912092103,100.00906914945311,99.976062037904,0.2739034903476504
2025-08-23 06:50:00,99.79134513366961,99.8826854389724,99.7193563885921,99.75148039525398,5747.711906151961,-0.0003994809205370986,99.95755139861329,99.95564552493582,0.2783608949696535
2025-08-23 10:50:00,99.75148039525398,99.83301213507895,99.40850937948507,99.46937602940451,6695.207334965018,-0.00282807197178081,99.85991632477155,99.91143920716024,0.29818845107440545
2025-08-23 14:50:00,99.46937602940451,99.49282329703148,99.3074989005736,99.34227703954463,1539.9135167901652,-0.001277770052788063,99.75638846772617,99.85969719192245,0.29043016062137433
2025-08-23 18:50:00,99.34227703954463,99.42540795333542,99.18812525873173,99.26433587533862,1692.8841010736217,-0.0007845719519292693,99.65797794924866,99.80557343586938,0.2807167998058852
2025-08-23 22:50:00,99.26433587533862,99.30455005264501,99.16138377327805,99.2082044378209,4445.940653119576,-0.0005654743672310891,99.56802324696312,99.75126716331951,0.25917850511826196
2025-08-24 02:50:00,99.2082044378209,99.30125523197967,99.07597022787712,99.10963217665014,4570.548235634867,-0.0009935898117432451,99.47634503290053,99.69293670998593,0.2609360402866311
2025-08-24 06:50:00,99.10963217665014,99.14763352391708,99.08206110190339,99.14660014110748,4392.282914429114,0.0003730007229918453,99.41039605454192,99.6432697491788,0.25291958383643226
2025-08-24 10:50:00,99.14660014110748,99.313697359281,99.13954251583488,99.23136433423801,3506.550465157583,0.0008549379707412097,99.37458971048115,99.60582380236599,0.24354737685048633
2025-08-24 14:50:00,99.23136433423801,99.28648688762217,98.93407389402138,98.9742375558307,4547.861554799321,-0.0025911845527110122,99.29451927955107,99.54840687086278,0.23625431036953362
2025-08-24 18:50:00,98.9742375558307,99.27871478316017,98.89013121034613,99.1975416687231,1641.5676942810826,0.00225618421931717,99.27512375738549,99.51651003430462,0.24617232849375423
2025-08-24 22:50:00,99.1975416687231,99.27831853208137,99.07772571369688,99.09389765739739,4052.0517008259562,-0.001044824393651167,99.23887853738788,99.47809072731305,0.2422099660887897
2025-08-25 02:50:00,99.09389765739739,99.26255517769685,99.00743654757798,99.20034249233589,3285.1412401394136,0.0010741815334232019,99.23117132837748,99.45284088776967,0.24529226127283416
2025-08-25 06:50:00,99.20034249233589,99.25479408003383,99.08998706197796,99.1011356984956,2343.7786388407785,-0.0010000650335250105,99.20516420240111,99.42086768874475,0.23865982029908497
2025-08-25 10:50:00,99.1011356984956,99.39104520981437,99.04031902798852,99.35668238925155,1297.2188910116151,0.00257864543079922,99.2354678397712,99.4150326615181,0.23791847576892675
2025-08-25 14:50:00,99.35668238925155,99.77537194033248,99.28362046036713,99.71322287429221,1867.361063142419,0.0035884902400811214,99.3310188466754,99.44214086267938,0.2613772207392872
2025-08-25 18:50:00,99.71322287429221,99.71839087036312,99.44657318951228,99.521753739381,1153.233682757597,-0.0019201980378530381,99.36916582521653,99.44937839692498,0.2504711439719277
2025-08-25 22:50:00,99.521753739381,99.56646613966812,99.3049107362425,99.30662047932424,1804.0036288010376,-0.002161670709904584,99.35665675603808,99.43640040441582,0.25591621589819524
2025-08-26 02:50:00,99.30662047932424,99.35232587374182,99.06658523523164,99.11160686397025,3737.161552188742,-0.001963752410591657,99.30764677762451,99.40687371892076,0.25937749760580125
2025-08-26 06:50:00,99.11160686397025,99.45626968802652,99.10155846355094,99.40803045052283,3822.6555029053493,0.002990805980569222,99.32772351220419,99.40697887633912,0.2744878508278451
2025-08-26 10:50:00,99.40803045052283,99.53647705888604,99.31345499764237,99.47274460802589,1925.4095688445252,0.0006509952687903109,99.35672773136854,99.41295757921974,0.274326212052211
2025-08-26 14:50:00,99.47274460802589,100.0944503577149,99.45054012886419,99.99578441555897,3987.4853887348754,0.005258121806069882,99.48453906820663,99.46594183706875,0.31563605539771294
2025-08-26 18:50:00,99.99578441555897,100.18063400490357,99.93080823141095,100.11087599635013,3538.413281985527,0.0011509643277847204,99.60980645383533,99.52457221518524,0.3210411218296057
2025-08-26 22:50:00,100.11087599635013,100.2024539827756,99.69788938153812,99.79581177356988,2956.618646531478,-0.0031471527907890318,99.64700751778224,99.54923035685657,0.33190909380365446
2025-08-27 02:50:00,99.79581177356988,99.8269679348093,99.45611296374385,99.52297225172923,2165.95058554486,-0.002733977678940125,99.62220046457165,99.54684325639045,0.3306427651073268
2025-08-27 06:50:00,99.52297225172923,99.75707989078978,99.44409559555415,99.69525899581949,3184.950370624667,0.0017311253893672607,99.63681217082122,99.56033559633853,0.33867072773955137
2025-08-27 10:50:00,99.69525899581949,99.75009735064032,99.61345601374087,99.67988382643358,3694.8610104198574,-0.00015422167052647762,99.64542650194369,99.57120361725626,0.33020806393816365
2025-08-27 14:50:00,99.67988382643358,99.75124394992538,99.41150421415821,99.44900848980977,4938.951189842338,-0.002316167793953494,99.60614289951691,99.56009496930658,0.3427032580603994
2025-08-27 18:50:00,99.44900848980977,99.68171099758082,99.43415984695167,99.6371806638356,1407.454360047573,0.0018921473113038267,99.61235045238065,99.56710275971831,0.3353336129749209
2025-08-27 22:50:00,99.6371806638356,99.99592127746467,99.62320735300489,99.89765799292012,2191.9587058878287,0.002614258325547514,99.66941196048855,99.59715323546392,0.32683093043880973
2025-08-28 02:50:00,99.89765799292012,99.93660981294812,99.73259117429313,99.81627231866212,1672.5615543283402,-0.0008146905132027094,99.69878403212327,99.6170731521183,0.32198814171053414
2025-08-28 06:50:00,99.81627231866212,99.83936733957316,99.68097337476722,99.68517316651108,2893.516750244715,-0.001313404609345703,99.69606185900084,99.62326406251763,0.3146194675234142
2025-08-28 10:50:00,99.68517316651108,100.0092314285028,99.64081492667009,99.96854565475385,2622.1717195345745,0.0028426743841778457,99.75055861815144,99.65465329817548,0.3205248863321667
2025-08-28 14:50:00,99.96854565475385,100.18907714544092,99.94684666023257,100.17509100991562,1779.8025764674528,0.002066103430923949,99.83546509650428,99.70196581742458,0.3124905478130791
2025-08-28 18:50:00,100.17509100991562,100.19565690025217,99.98667936918862,100.0436966310343,2047.2294844153196,-0.0013116472124624634,99.87711140341028,99.73303225502546,0.311487367085928
2025-08-28 22:50:00,100.0436966310343,100.13726331537544,99.59913616487914,99.65069246135229,697.9167275696167,-0.003928325151072887,99.83182761499869,99.725546819237,0.3039314329177551
2025-08-29 02:50:00,99.65069246135229,99.65759327737128,99.50119464981357,99.56451857229538,4813.605621609608,-0.0008647595609064807,99.77836580645803,99.71090788769685,0.2972580653509758
2025-08-29 06:50:00,99.56451857229538,99.71833155198148,99.47838909896447,99.71268514954966,4073.5473248797075,0.0014881463736169387,99.76522967507636,99.7110694569562,0.27835648333522806
2025-08-29 10:50:00,99.71268514954966,99.88891695925298,99.69766262012138,99.85199602853055,2007.5058519594556,0.0013971229314699851,99.7825829457672,99.72388096346295,0.2655278667685244
2025-08-29 14:50:00,99.85199602853055,99.94142265594549,99.54613066609114,99.59429166301861,1452.1389727885762,-0.002580863435502123,99.74492468921748,99.712100117968,0.27140698781271766
2025-08-29 18:50:00,99.59429166301861,99.61792693803072,99.59188529883284,99.60108146218406,4713.22605231451,6.817458161578749e-05,99.7161560438108,99.70200751289673,0.2635070094054634
2025-08-29 22:50:00,99.60108146218406,99.61178548868916,99.52554850582047,99.53283271995433,7756.357027260767,-0.0006852208954742922,99.6794913790395,99.6866279862656,0.24539966991271558
2025-08-30 02:50:00,99.53283271995433,99.6226478722281,99.21458273977817,99.24911964871237,2876.304779189281,-0.002850447068458495,99.59341703297409,99.64685450103349,0.2568649543284859
2025-08-30 06:50:00,99.24911964871237,99.31948302947418,98.93164986151606,99.02389292604286,3104.734648424239,-0.0022693070071219124,99.47951221158785,99.59022163057979,0.25794490029265255
2025-08-30 10:50:00,99.02389292604286,99.07157022187067,98.68254067891075,98.68359695903986,2179.817845404004,-0.0034365036250105785,99.32032916107825,99.50780120589434,0.2711599648858619
2025-08-30 14:50:00,98.68359695903986,98.7317957171695,98.59368869274186,98.62950138925909,3110.8257503877603,-0.0005481718486936016,99.18216360671443,99.4279557680184,0.2697108977159835
2025-08-30 18:50:00,98.62950138925909,98.6376118069,98.3591528684581,98.42565345995851,5762.390811037272,-0.002066804824411017,99.03086157736325,99.3368373763766,0.2632853574737827
2025-08-30 22:50:00,98.42565345995851,98.52698080766729,98.39650453533888,98.43999510314995,3997.700867315414,0.00014571041885202973,98.9126882825206,99.25530626062871,0.25530291369664376
2025-08-31 02:50:00,98.43999510314995,98.50011920698378,98.28328928717988,98.29295117577837,1952.4113527821914,-0.001493741717657593,98.78874086117216,99.16781943473322,0.2558637986066685
2025-08-31 06:50:00,98.29295117577837,98.36945184640382,98.17118103486473,98.18692161245282,3004.883903138316,-0.0010787097351053765,98.66837701142829,99.078646905435,0.23158834582401105
2025-08-31 10:50:00,98.18692161245282,98.1932681190538,97.97071092115007,98.01122228647152,2688.431650574744,-0.0017894371581868018,98.53694606643694,98.98160830371104,0.23631395799158383
2025-08-31 14:50:00,98.01122228647152,98.17501662262039,97.99102259645437,98.13713067144921,1825.066704942685,0.0012846323312822872,98.4569829874394,98.90483760986905,0.23231764178794176
2025-08-31 18:50:00,98.13713067144921,98.20783167312204,97.97894884177242,97.99458069242733,1307.1601193803292,-0.0014525590675675826,98.364502528437,98.82208698101071,0.23500539123208597
2025-08-31 22:50:00,97.99458069242733,98.27121458399212,97.95565376023356,98.18157151769239,2176.563812372792,0.0019081751658487356,98.32791632628809,98.76385830252723,0.22931030793953003
2025-09-01 02:50:00,98.18157151769239,98.23928117525597,98.12462038072783,98.19868527309632,2321.5353325667197,0.00017430720591837812,98.30207011564974,98.71247893621532,0.23564024760597643
2025-09-01 06:50:00,98.19868527309632,98.28438263952783,98.1267652893485,98.17617148592309,2746.458408026083,-0.00022926770466036306,98.27689038970442,98.66372371346148,0.24073884527102202
2025-09-01 10:50:00,98.17617148592309,98.23479588329204,98.14801490743228,98.20740387494156,3489.256694864894,0.00031812596219382705,98.26299308675185,98.62224009177785,0.21778997694315194
2025-09-01 14:50:00,98.20740387494156,98.30880099464335,98.17203657889749,98.25300917992831,4063.5607241803373,0.0004643774622616892,98.26099630538715,98.58867364524608,0.19985649464227606
2025-09-01 18:50:00,98.25300917992831,98.54520890896285,98.24313568052224,98.50819879283857,3733.2650134702612,0.002597270201088131,98.31043680287745,98.58135774957266,0.193645329319468
2025-09-01 22:50:00,98.50819879283857,98.54130472659736,98.45500489610174,98.51590793614487,1844.9148701279428,7.825890028212434e-05,98.35153102953093,98.57540776653377,0.1899448154671808
2025-09-02 02:50:00,98.51590793614487,98.5845511127996,98.32493434812044,98.33301786943481,3086.290428833851,-0.0018564521257683486,98.34782839751172,98.55337232134295,0.18859894591269974
2025-09-02 06:50:00,98.33301786943481,98.5297081675158,98.32878279049031,98.44483025681747,2553.313038353152,0.0011370787737960963,98.36722876937287,98.54350486093153,0.19363102481963473
2025-09-02 10:50:00,98.44483025681747,98.49709019607894,98.38550075736603,98.48845992875108,3290.7430047335306,0.00044318906152618354,98.39147500124852,98.53850077618786,0.1861138475988499
2025-09-02 14:50:00,98.48845992875108,98.68250944276208,98.47718742026856,98.6582277969084,3834.2480656976863,0.0017237336057456254,98.44482556038051,98.54938505079882,0.1866175055241663
2025-09-02 18:50:00,98.6582277969084,99.00199765482081,98.62028598325438,98.982846858371,1748.9637177981785,0.003290339475090054,98.55242981997861,98.58879066966901,0.1979856822143599
2025-09-02 22:50:00,98.982846858371,99.04869105820212,98.75541644903409,98.81208737753659,2477.8364641951475,-0.0017251421458785998,98.60436133149021,98.60909037038424,0.20579143814307546
2025-09-03 02:50:00,98.81208737753659,99.03390957324507,98.80119105246682,98.99997713186869,3487.7760198108244,0.0019014855299455125,98.68348449156592,98.64462553051918,0.20606541595940595
2025-09-03 06:50:00,98.99997713186869,99.00005859656657,98.91281487174692,98.99148434570331,3529.797372195255,-8.57857386579175e-05,98.74508446239341,98.67615815008136,0.18975705174948437
2025-09-03 10:50:00,98.99148434570331,99.09709705714178,98.98854189813734,99.07278559755889,4366.882492411018,0.0008212954113473447,98.8106246894265,98.71221519076114,0.18932093492636323
2025-09-03 14:50:00,99.07278559755889,99.43219817305585,99.02898823734746,99.37362316467838,1990.2669115679053,0.003036530822313921,98.92322438447688,98.77234318838998,0.20686326246415274
2025-09-03 18:50:00,99.37362316467838,99.43964664828029,99.13183450690657,99.21133965888126,2751.120876814219,-0.0016330641937870594,98.98084743935776,98.81225195843464,0.22265120285800727
2025-09-03 22:50:00,99.21133965888126,99.30910110902306,98.8346829523659,98.91989757483086,3702.6540372906325,-0.0029375884354799764,98.96865746645238,98.82203792356157,0.24676932720881492
2025-09-04 02:50:00,98.91989757483086,98.9256566498616,98.81257545774177,98.89074873529545,2316.238955392872,-0.00029467114554337925,98.95307572022101,98.82828436099192,0.23326989604304466
2025-09-04 06:50:00,98.89074873529545,98.91167254853993,98.73678660080911,98.77575709710581,6864.840371368462,-0.0011628149211150296,98.91761199559798,98.82350915518408,0.2395974758455586
2025-09-04 10:50:00,98.77575709710581,98.77868440047725,98.6602691990312,98.71728237114642,7868.945263959692,-0.0005919947128514291,98.87754607070768,98.81385217481701,0.2295116499003354
2025-09-04 14:50:00,98.71728237114642,99.14971112299513,98.62887642784803,99.11801626575534,2690.223549949729,0.004059409710067685,98.92564010971722,98.8415034558114,0.2523623154804499
2025-09-04 18:50:00,99.11801626575534,99.18420887641598,98.84514602791188,98.9246453185062,2123.710339062649,-0.0019509162363650079,98.92544115147503,98.84906180696548,0.26861041617982045
2025-09-04 22:50:00,98.9246453185062,99.05622736579505,98.91481723604805,99.00829678883679,2879.5292277715166,0.0008456079883962797,98.94201227894739,98.86353771440832,0.2640452809836406
2025-09-05 02:50:00,99.00829678883679,99.17547402352557,98.96187268020448,99.1546611595357,3226.498886584952,0.0014783040961818816,98.98454205506506,98.89000348214718,0.2520374003946872
2025-09-05 06:50:00,99.1546611595357,99.1586503940659,98.944045151417,98.98969271175902,4240.441132117898,-0.0016637487925177386,98.98557218640386,98.89906613938462,0.24641815992903457
2025-09-05 10:50:00,98.98969271175902,99.2253871090765,98.95858542048003,99.14841135747302,1107.5878470290238,0.001603385578498262,99.0181400206177,98.92173388648357,0.24885267191604957
2025-09-05 14:50:00,99.14841135747302,99.4608952337046,99.07320879103892,99.43820309414357,4044.4692538484483,0.0029228076648220025,99.10215263532288,98.96868563263448,0.2703128660479085
2025-09-05 18:50:00,99.43820309414357,99.43979227655339,99.23373392014777,99.24081349860322,9093.292405610535,-0.001985047893046432,99.12988480797895,98.99342452954072,0.27727738014799286
2025-09-05 22:50:00,99.24081349860322,99.26372646470367,98.98796111734099,99.05004630493113,4379.892585890447,-0.001922265517047328,99.11391710736939,98.99857196366712,0.2681741952661564
2025-09-06 02:50:00,99.05004630493113,99.29648724725729,98.96886458568227,99.29563273310598,1480.7441357480263,0.002479417600864009,99.15026023251671,99.02557748816156,0.2695892324233924
2025-09-06 06:50:00,99.29563273310598,99.39174431079229,99.1765253652243,99.25116264448054,6434.567902707571,-0.00044785543332970246,99.17044071490949,99.0460852296451,0.2510750030598804
2025-09-06 10:50:00,99.25116264448054,99.36512629295123,99.1726894736345,99.35252203584285,4064.106887250082,0.0010212413503445372,99.20685697909617,99.07394312111762,0.2567432621453735
2025-09-06 14:50:00,99.35252203584285,99.39466830242826,99.09658111658554,99.1266589655542,2754.8315917991945,-0.0022733501441177806,99.19081737638778,99.07873547061186,0.26554335058193806
2025-09-06 18:50:00,99.1266589655542,99.44520922258111,99.10785766438431,99.39860977556594,3044.910862256954,0.0027434679313285137,99.23237585622343,99.10781495288042,0.2811816617784209
2025-09-06 22:50:00,99.39860977556594,99.48140224062972,99.1531926948652,99.2272543847758,1768.1371809354644,-0.001723921402694173,99.2313515619339,99.11867308305273,0.2674227225368081
2025-09-07 02:50:00,99.2272543847758,99.51832114088597,99.21004916365403,99.51633995113033,2660.6102120986147,0.0029133685915920804,99.2883492397732,99.15482461651433,0.2652233745887967
2025-09-07 06:50:00,99.51633995113033,99.60849666559051,99.42390012041798,99.48699157734161,3660.45917849206,-0.00029491010022208997,99.32807770728688,99.18502161295318,0.26830811854776265
2025-09-07 10:50:00,99.48699157734161,99.55950389432212,99.27849651391642,99.33303070035811,2401.2219536314183,-0.001547547820498818,99.32906830590113,99.19847698453545,0.27312283548237765
2025-09-07 14:50:00,99.33303070035811,99.42042748645216,99.32051680760283,99.38501622535351,2952.7939674299337,0.0005233458058098162,99.34025788979162,99.21543509733709,0.2649303666395509
2025-09-07 18:50:00,99.38501622535351,99.44475396783302,99.19831096784138,99.2480030478555,3923.527613291494,-0.00137861000281303,99.3218069214044,99.2183958201115,0.26347617459634975
2025-09-07 22:50:00,99.2480030478555,99.49591437142836,99.1750007830667,99.39804694113977,4005.2600606362257,0.0015118076805225034,99.33705492535148,99.23472774020497,0.2587066850032055
2025-09-08 02:50:00,99.39804694113977,99.41819462556629,99.31932671270613,99.38525313652596,3666.1484246173877,-0.00012871283699755764,99.34669456758638,99.24841186714325,0.25105022474995814
2025-09-08 06:50:00,99.38525313652596,99.44226890923993,99.36802497563824,99.43094801405509,3234.403943718473,0.00045977522909113056,99.36354525688013,99.26500606231706,0.23665583805274487
2025-09-08 10:50:00,99.43094801405509,99.4322056091602,99.2637671237591,99.28794529342704,2360.9867673185136,-0.0014382113766815419,99.34842526418952,99.26709144696342,0.22528553975460852
2025-09-08 14:50:00,99.28794529342704,99.31047109987611,99.12466947156318,99.21797612518952,1793.476326562454,-0.0007047096002514852,99.32233543638952,99.26262641771125,0.223184302807818
2025-09-08 18:50:00,99.21797612518952,99.22938422901272,99.10406562234766,99.13445214817071,2378.739454149977,-0.0008418230272448923,99.28475877874577,99.25097421138938,0.21839014476127058
2025-09-08 22:50:00,99.13445214817071,99.25576235609034,99.0367745418924,99.22485196142317,916.8130468072932,0.000911890985359376,99.27277741528125,99.24859946139244,0.2127401896437868
2025-09-09 02:50:00,99.22485196142317,99.34238182685604,99.22346303593685,99.27353535317025,3488.592797877106,0.0004906370811821326,99.27292900285906,99.25086636064496,0.19713784912395788
2025-09-09 06:50:00,99.27353535317025,99.28353105901421,99.14281040893847,99.20716734040053,5775.142384591539,-0.0006685368112822054,99.25977667036736,99.24689372244092,0.18374578514618736
2025-09-09 10:50:00,99.20716734040053,99.24164642442955,98.97375846610083,99.03491944392493,2613.5073106929544,-0.001736244478028226,99.21480522507888,99.22762333348491,0.18086121236738556
2025-09-09 14:50:00,99.03491944392493,99.12242072100335,98.8092206017881,98.89008203775424,2043.917103972782,-0.0014624882514566728,99.14986058761396,99.19693776114576,0.19004718194186612
2025-09-09 18:50:00,98.89008203775424,98.92127211931934,98.5591148902788,98.5733556170326,4554.143517837499,-0.0032028128018006807,99.03455959349769,99.14024847531729,0.19584359970149734
2025-09-09 22:50:00,98.5733556170326,98.73507631057095,98.51072637513647,98.69317978373817,4392.5181780661915,0.001215583723974012,98.96628363154579,99.09960586699191,0.20473211802900795
2025-09-10 02:50:00,98.69317978373817,98.98253917919088,98.67765372998488,98.92814664913702,2826.5131842114956,0.002380781183803249,98.95865623506404,99.08401866536873,0.20890657868717608
2025-09-10 06:50:00,98.92814664913702,99.02897458601001,98.84161855175968,98.99858251022387,5009.143893843579,0.0007119901006198415,98.96664149009601,99.07625174217374,0.19936675339350934
2025-09-10 10:50:00,98.99858251022387,99.04768522628363,98.86590282762207,98.91210747177,3949.618345013438,-0.0008734977437170333,98.95573468643082,99.0613295357734,0.20528921666503866
2025-09-10 14:50:00,98.91210747177,99.25038384260773,98.86882599211567,99.20246773076585,3070.2467947848304,0.002935538089497536,99.00508129529783,99.0741602807727,0.22724021072863618
2025-09-10 18:50:00,99.20246773076585,99.45908860276408,99.13570880789376,99.39429071988604,3133.4531638872013,0.0019336513849717019,99.08292318021547,99.10326304796482,0.2383074471192939
2025-09-10 22:50:00,99.39429071988604,99.48719212517476,99.22585202550977,99.30802107956059,4490.82401992386,-0.0008679536792367548,99.12794276008451,99.12187741447352,0.24370305221586971
2025-09-11 02:50:00,99.30802107956059,99.38118614251937,99.10652886500587,99.13027719226216,2545.5552723653436,-0.001789824078319291,99.12840964652004,99.12264103063612,0.2543701001336152
2025-09-11 06:50:00,99.13027719226216,99.49646097571151,99.03381778768954,99.48847584423633,2961.8107512877928,0.0036134131984666418,99.20042288606331,99.15589874096341,0.2717740554067599
2025-09-11 10:50:00,99.48847584423633,99.67025471584137,99.45588753114683,99.66428823312849,3785.1559775375254,0.0017671633563611788,99.29319595547635,99.20211596752387,0.2785917978192844
2025-09-11 14:50:00,99.66428823312849,99.87924753934371,99.62559687455415,99.81289234819066,1356.548461408956,0.0014910467700783858,99.39713523401922,99.25764109303903,0.2866582274417005
2025-09-11 18:50:00,99.81289234819066,99.89172254176502,99.47879955072126,99.53765649591224,2048.468766892802,-0.0027575180500558627,99.42523948639783,99.28309703875478,0.2970178726356321
2025-09-11 22:50:00,99.53765649591224,99.5784163776516,99.30478857152805,99.34543423081517,1575.8709179453153,-0.00193115120311238,99.40927843528131,99.2887640562148,0.2941912788433681
2025-09-12 02:50:00,99.34543423081517,99.41203297085949,99.26790631802129,99.3022189240509,4997.305763059313,-0.00043500043156352586,99.38786653303524,99.28998722601808,0.2786176662574868
2025-09-12 06:50:00,99.3022189240509,99.35377155018774,99.27121743502619,99.28737901757061,6431.9019180391,-0.00014944184169374264,99.36776902994232,99.28975011615923,0.2684893933808498
2025-09-12 10:50:00,99.28737901757061,99.30777237142038,99.11068732453013,99.1752388504744,3506.574621967884,-0.0011294503712940829,99.32926299404875,99.27934000109697,0.2607893646440108
2025-09-12 14:50:00,99.1752388504744,99.31969886006023,99.11051116846397,99.2616623541889,2199.8964924970173,0.0008714221888066476,99.31574286607679,99.27773294228714,0.2623487687401485
2025-09-12 18:50:00,99.2616623541889,99.44241460438317,99.16368149711772,99.39926309699334,2732.8351274279307,0.0013862425788664368,99.33244691226011,99.28878113816953,0.2692738193547117
2025-09-12 22:50:00,99.39926309699334,99.68976838776186,99.38889747399595,99.61009921001336,1428.673286609844,0.0021211033809604984,99.38797737181076,99.3179918719735,0.26351046673141504
2025-09-13 02:50:00,99.61009921001336,99.73986360962462,99.54548679538698,99.692110684078,800.630029806173,0.0008233248909002011,99.44880403426421,99.35200267307391,0.25429596811479527
2025-09-13 06:50:00,99.692110684078,99.69840338649765,99.32649813435944,99.39805550669124,5383.646340312039,-0.0029496333799032826,99.43865432874962,99.35618929431185,0.2621934790057391
2025-09-13 10:50:00,99.39805550669124,99.41333317843706,99.20485327781564,99.28871039314323,1187.192723875741,-0.001100072964109855,99.40866554162835,99.35005484875106,0.2574665235134473
2025-09-13 14:50:00,99.28871039314323,99.4803009754489,99.25846883727073,99.40249946979075,1531.6052994756071,0.0011460424472928832,99.40743232726084,99.35482254157284,0.24026573423889022
2025-09-13 18:50:00,99.40249946979075,99.54749191237028,99.31425073056424,99.45563000191358,1873.4839103372371,0.0005344989553202062,99.41707186219139,99.36398685614927,0.24161387688971153
2025-09-13 22:50:00,99.45563000191358,99.52273785491133,99.32062142663098,99.33931524598404,3820.46151755516,-0.001169514042868136,99.40152053894992,99.36174398249788,0.23793285999619634
2025-09-14 02:50:00,99.33931524598404,99.98123308392512,99.33357003327691,99.88739651228843,3147.609911289617,0.005517264387692178,99.49869573361764,99.4095305761152,0.25470000711079976
2025-09-14 06:50:00,99.88739651228843,99.92643259968786,99.77840135147407,99.83762886106577,3839.2937448636912,-0.000498237545079494,99.56648235910727,99.4484486020198,0.24572882440295882
2025-09-14 10:50:00,99.83762886106577,99.94278506329199,99.75065348945655,99.88512089109095,1957.8492633697801,0.00047569268788705266,99.63021006550402,99.48814608284444,0.24915774733133336
2025-09-14 14:50:00,99.88512089109095,100.2542669715605,99.80755496380542,100.1554923219323,2963.455033756577,0.002706823883570797,99.73526651678968,99.54881392276151,0.275169025373728
2025-09-14 18:50:00,100.1554923219323,100.36924799106804,100.10462075972714,100.34403207843086,1604.5563312429588,0.0018824704679452076,99.85701962911791,99.62110648236781,0.2799934671202026
2025-09-14 22:50:00,100.34403207843086,100.41726083619886,100.21782129450796,100.28468568487312,1867.657785348347,-0.0005914292293073276,99.94255284026896,99.68143186441374,0.279297170698392
2025-09-15 02:50:00,100.28468568487312,100.30745944459417,100.18739050253605,100.21486705826315,4090.1535119761975,-0.0006962042721992967,99.9970156838678,99.7299259729455,0.2679640160407258
2025-09-15 06:50:00,100.21486705826315,100.23490190499417,99.98645217028232,100.05124338644231,2129.3906296215987,-0.0016327285224627675,100.00786122438271,99.75913664689975,0.2642196461082936
2025-09-15 10:50:00,100.05124338644231,100.11133532541515,99.92680256963277,100.00560302115724,2866.265429297199,-0.00045616989594809976,100.00740958373763,99.78154268092315,0.2635164990757752
2025-09-15 14:50:00,100.00560302115724,100.41373622035842,99.95445380144541,100.39652695920003,2231.7270748544993,0.003909020357190318,100.08523305883011,99.83745034258469,0.26975772527397524
2025-09-15 18:50:00,100.39652695920003,100.407809098588,100.20551854877712,100.26471205578305,3521.165257870539,-0.0013129428617639771,100.1211288582207,99.87629231651181,0.2693156287875088
2025-09-15 22:50:00,100.26471205578305,100.40928424353368,100.20101315188714,100.32007574756862,1875.3734082312887,0.000552175243417441,100.1609182360903,99.9166362647897,0.2683469826066777
2025-09-16 02:50:00,100.32007574756862,100.61853708775588,100.2994312997044,100.5650542335528,877.8470455100057,0.0024419687102370524,100.2417454355828,99.97558335285908,0.2744801687670671
2025-09-16 06:50:00,100.5650542335528,100.58562781284397,100.4655622674662,100.52307249500923,2484.208880008157,-0.0004174585184041346,100.29801084746809,100.02535509305454,0.26861939141688296
2025-09-16 10:50:00,100.52307249500923,100.62972301141322,100.52092302730932,100.57754483604373,2484.48762035903,0.0005418889383548287,100.35391764518323,100.07555416059901,0.23012917237800373
2025-09-16 14:50:00,100.57754483604373,100.62358370259027,100.38184575098757,100.39987955503848,1552.3463798379757,-0.001766450764878691,100.36311002715429,100.10503828736623,0.236822508334355
2025-09-16 18:50:00,100.39987955503848,100.45482568721604,100.35418780201988,100.38814810404631,1730.2640291127766,-0.00011684726161187431,100.3681176425327,100.13077554342804,0.23028724486012106
2025-09-16 22:50:00,100.38814810404631,100.60427328630092,100.32359567801598,100.53776213998017,1662.5993342736901,0.0014903555724405937,100.40204654202219,100.16777432493278,0.21842764489796856
2025-09-17 02:50:00,100.53776213998017,100.86437067810783,100.45630527930156,100.81355920359398,9125.767600256053,0.002743218644849277,100.48434907433656,100.2264820411747,0.2286732282883526
2025-09-17 06:50:00,100.81355920359398,101.09851830738083,100.77785067680723,101.00140344477894,2628.9503590535282,0.0018632834974670054,100.58775994842505,100.29692944150236,0.2373323774942589
2025-09-17 10:50:00,101.00140344477894,101.0556322512902,100.66401963344477,100.7476123988555,1062.8297171228492,-0.002512747717037467,100.61973043851114,100.33790061944354,0.2567283543362099
2025-09-17 14:50:00,100.7476123988555,100.77705726430818,100.34955166205697,100.41094043594299,2007.0163182866384,-0.0033417363935100974,100.57797243799752,100.34454060276167,0.26951805916044996
2025-09-17 18:50:00,100.41094043594299,100.48887858942284,99.92955111978434,99.99752436576311,2765.7878576604444,-0.004117241292482587,100.46188282355064,100.31299367212543,0.29628911015017273
2025-09-17 22:50:00,99.99752436576311,100.33467347334283,99.99218523317286,100.26098161961896,3527.376934737686,0.002634637762553016,100.42170258276431,100.30826530371574,0.2879466688113845
2025-09-18 02:50:00,100.26098161961896,100.26740726899106,99.70789166388398,99.79316452467754,854.292612845829,-0.00466599356384001,100.29599497114697,100.26143796016682,0.31346274418968434
2025-09-18 06:50:00,99.79316452467754,99.8591455265139,99.78412975340112,99.78762873423041,2816.870873024604,-5.547264157312881e-05,100.19432172376366,100.2183643941726,0.3039445071515589
2025-09-18 10:50:00,99.78762873423041,99.81474730298208,99.50678505727178,99.5495073217197,2217.8824222880917,-0.0023862819021875925,100.06535884335487,100.15755920576778,0.30314853984147405
2025-09-18 14:50:00,99.5495073217197,99.70671378704148,99.46502388736329,99.61849496812874,2463.4491479182952,0.0006929983710124432,99.97598606830965,100.10855336598242,0.3118359937200757
2025-09-18 18:50:00,99.61849496812874,99.87987384216511,99.58700074005881,99.83723236230432,2990.404308441138,0.0021957508417043137,99.94823532710859,100.0838878201935,0.3249840735773901
2025-09-18 22:50:00,99.83723236230432,100.20282941484652,99.75480579316292,100.15085996630559,2513.152027520382,0.0031413892050125014,99.988760254948,100.08997619711278,0.33971876429745457
2025-09-19 02:50:00,100.15085996630559,100.18824635368044,99.88913571897966,99.96818551636007,1554.5008602008093,-0.0018239928244947468,99.98464530723042,100.07890431704435,0.3538953892620701
2025-09-19 06:50:00,99.96818551636007,100.14583681401719,99.87023299691407,100.12322610887638,8989.31059137486,0.0015508993357786771,100.01236146755961,100.08293357084726,0.35353297560622515
2025-09-19 10:50:00,100.12322610887638,100.14603718501132,99.88372589141238,99.9722160642102,10638.338183453356,-0.0015082418988573432,100.00433238688974,100.07286834297116,0.3431219680914158
2025-09-19 14:50:00,99.9722160642102,100.03685740408592,99.65176943204752,99.69630594936436,2447.5935414676533,-0.00275986794839711,99.94272709938467,100.03863539809781,0.347723421053188
2025-09-19 18:50:00,99.69630594936436,99.73950306705174,99.19089500686516,99.25286624277928,3954.8832719092447,-0.004447905088983961,99.8047549280636,99.9672018385234,0.35893738122041235
2025-09-19 22:50:00,99.25286624277928,99.26866975438362,99.05434741672252,99.14661998097971,1783.7790380415406,-0.0010704603889190034,99.67312793864683,99.8926034878376,0.3437100051782614
2025-09-20 02:50:00,99.14661998097971,99.39037526097567,99.0694479933255,99.29912292633418,4241.2124452500875,0.0015381557675262503,99.5983269361843,99.8386507095191,0.3266814193219523
2025-09-20 06:50:00,99.29912292633418,99.30854896161723,99.08480647478913,99.15942040838671,6537.818285692131,-0.0014068857189313277,99.51054563062479,99.77690250032525,0.31819957979753305
2025-09-20 10:50:00,99.15942040838671,99.16200528777524,99.13065553591181,99.14321562669873,2642.999412749374,-0.00016342150469650374,99.43707962983959,99.71929460272284,0.2804734474229867
2025-09-20 14:50:00,99.14321562669873,99.23182874065861,99.09730340123768,99.10132277652859,1029.4296572297987,-0.0004225488340814376,99.3699282591774,99.66311534579609,0.28472413073071173
2025-09-20 18:50:00,99.10132277652859,99.16241614079267,98.97616529691015,98.98304558430814,5593.874079710556,-0.0011934976134189146,99.29255172420356,99.60129082202445,0.2760304591715845
2025-09-20 22:50:00,98.98304558430814,98.98393708172881,98.68448505222004,98.74414877378354,2059.68224694021,-0.0024135124264400565,99.18287113411957,99.52336881763891,0.2801563255880544
2025-09-21 02:50:00,98.74414877378354,98.83099795538334,98.69477766815157,98.77570778077525,2477.564003357278,0.00031960381838946894,99.1014384634507,99.45539963246948,0.268966838811302
2025-09-21 06:50:00,98.77570778077525,98.7894261179243,98.68652002044513,98.72951194056076,2638.6925135268,-0.000467684223706355,99.02705315887272,99.38940984229596,0.24431558708241344
2025-09-21 10:50:00,98.72951194056076,98.81386115750124,98.60053442183107,98.63424653654175,4332.979950473808,-0.000964913146500268,98.94849183440652,99.32075863268194,0.2381881657230837
2025-09-21 14:50:00,98.63424653654175,98.82147301532959,98.59390667787748,98.76585539495272,2941.4847196691467,0.0013343119964139838,98.91196454651578,99.27031288379747,0.23475691717658265
2025-09-21 18:50:00,98.76585539495272,98.78961506525069,98.54335846153407,98.58065042997998,4472.746682126829,-0.0018751922335115134,98.84570172320862,99.20761629708679,0.2336101536135595
2025-09-21 22:50:00,98.58065042997998,98.63778278156948,98.27480122367284,98.35069806503869,3232.4905680669663,-0.0023326318495395792,98.74670099157464,99.12971463962786,0.2320311240320052
2025-09-22 02:50:00,98.35069806503869,98.35987487766532,98.18598342284723,98.24360006546293,4862.64150798236,-0.0010889399026423607,98.6460808063523,99.04915876924923,0.20526565221997015
2025-09-22 06:50:00,98.24360006546293,98.50133554993666,98.23348803339847,98.4756156693732,3072.796044936619,0.00236163580890425,98.61198777895649,98.99701848744232,0.2090888792826188
2025-09-22 10:50:00,98.4756156693732,98.50055258200727,98.04948622855397,98.12957337049811,3657.485014980574,-0.00351398969707295,98.51550489726482,98.91815984044739,0.21838452826855612
2025-09-22 14:50:00,98.12957337049811,98.43836417417734,98.11038202968278,98.43353592812676,3913.5234469986685,0.003097563223688038,98.49911110343722,98.87410312114551,0.22583021810187429
2025-09-22 18:50:00,98.43353592812676,98.64243690291671,98.3603355052966,98.549273215816,1688.9429748562181,0.0011757912239762636,98.50914352591298,98.84457312975191,0.2437410499416371
2025-09-22 22:50:00,98.549273215816,98.91111767226542,98.48742532001857,98.81509594369943,3588.247897765952,0.002697358582252507,98.57033400947027,98.84189338556531,0.2643958365720595
2025-09-23 02:50:00,98.81509594369943,99.16304674975254,98.74708677052412,99.08235382722063,3576.768098901231,0.0027046260590939397,98.67273797302035,98.8637534257158,0.28080363195390945
2025-09-23 06:50:00,99.08235382722063,99.10432653628997,98.84652516346333,98.90216605962404,1574.9539125969118,-0.0018185656742754075,98.7186235903411,98.86724548334382,0.2778285850480436
2025-09-23 10:50:00,98.90216605962404,98.98318179716819,98.56439837160313,98.64731337314919,1810.215685890062,-0.0025768160256591788,98.70436154690272,98.8472516551443,0.2980116663575641
2025-09-23 14:50:00,98.64731337314919,98.72277642854547,98.57828205186102,98.65604031460792,1835.257098083063,8.846608346768647e-05,98.69469730044376,98.82986880600463,0.3009822577293702
2025-09-23 18:50:00,98.65604031460792,98.6817245849658,98.32641153802032,98.387320813747,2062.3498548292005,-0.0027238018068026504,98.63322200310442,98.78963717034483,0.31112413710617864
2025-09-23 22:50:00,98.387320813747,98.40637244523857,98.05173476535509,98.07584418519998,2263.5534053948954,-0.003165820818890386,98.52174643952354,98.72474689896802,0.32020066156556276
2025-09-24 02:50:00,98.07584418519998,98.27945928512801,98.00168482045285,98.25206904033107,3892.53944009369,0.001796822210353044,98.46781095968505,98.68177618454648,0.32245193734831595
2025-09-24 06:50:00,98.25206904033107,98.47280558136619,98.16263939709472,98.40641148003132,1312.2362722176324,0.0015708823356881396,98.45553106375431,98.65674302959056,0.31867941066080313
2025-09-24 10:50:00,98.40641148003132,98.43930520595569,98.29102950503538,98.30289085619054,3489.6410954373305,-0.001051970316606754,98.42500302224155,98.62457465019055,0.3168497139538187
2025-09-24 14:50:00,98.30289085619054,98.39785305178648,98.13322754797962,98.15561793499522,1966.8225326843926,-0.0014981545294611154,98.37112600479229,98.58194222153642,0.3166195701872963
2025-09-24 18:50:00,98.15561793499522,98.41966251403613,98.0685716910196,98.33293047594441,3374.5334150025374,0.0018064431224569244,98.36348689902272,98.55930479011896,0.3094784608703845
2025-09-24 22:50:00,98.33293047594441,98.4289903123046,98.21978582669377,98.30361634401874,5282.731844174882,-0.0002981110375108731,98.35151278802194,98.53606038592802,0.30099434237869055
2025-09-25 02:50:00,98.30361634401874,98.37066515861179,98.2065077865554,98.30120993995996,6340.742438392007,-2.4479303491253823e-05,98.34145221840954,98.51471034538547,0.2925697691241384
2025-09-25 06:50:00,98.30120993995996,98.3815943636496,98.25357738281166,98.31670209428557,2099.793465662825,0.00015759881628185646,98.33650219358476,98.49670959528548,0.27145009973778805
2025-09-25 10:50:00,98.31670209428557,98.36991551132691,98.21075112439603,98.28187520355772,3480.3778642544853,-0.00035423168175896524,98.32557679557937,98.4771791960375,0.2531075574308212
2025-09-25 14:50:00,98.28187520355772,98.60040052737995,98.24507314719848,98.56526356384595,2738.206960642552,0.0028834244330533387,98.37351414923269,98.48518686583826,0.26007370081330805
2025-09-25 18:50:00,98.56526356384595,98.64262541664266,98.44063444781465,98.53437006193593,9414.80749598187,-0.0003134319413654607,98.40568533177334,98.4896580654835,0.24458852533209097
2025-09-25 22:50:00,98.53437006193593,98.73448643404149,98.47443800814736,98.7211843243137,2374.2460519576202,0.001895929940591623,98.46878513028142,98.51070590719533,0.2528423859899251
2025-09-26 02:50:00,98.7211843243137,99.05818811401143,98.64723419518278,98.96033647465387,6996.839853303382,0.002422500823678675,98.56709539915592,98.55158141332792,0.2568167339815801
2025-09-26 06:50:00,98.96033647465387,99.05607802626295,98.79482134009487,98.83384463274648,4244.491869344005,-0.0012782074759799533,98.62044524587404,98.57724170600234,0.25014666300190874
2025-09-26 10:50:00,98.83384463274648,98.96712350401397,98.74442455134445,98.91052160258407,3559.802139553112,0.000775816929135198,98.67846051721605,98.60753987841886,0.24621269785864847
2025-09-26 14:50:00,98.91052160258407,99.16402832535222,98.84453943659175,99.14792482014381,2629.8150992680576,0.0024001816360206263,98.77235337780161,98.65666578221203,0.24687860532214906
2025-09-26 18:50:00,99.14792482014381,99.20848498514528,98.73797148325836,98.76090449327552,2154.199053158864,-0.0039034637141458495,98.77006360089639,98.66614202867234,0.26989559110547795
2025-09-26 22:50:00,98.76090449327552,98.79472504568479,98.549804531413,98.60849157682202,3216.532608122317,-0.0015432515248366974,98.73774919608152,98.66090107850412,0.26848809185297184
2025-09-27 02:50:00,98.60849157682202,98.68257494156272,98.33905552782542,98.41269108168808,3227.952489814799,-0.0019856352328582183,98.67273757320284,98.63833653333903,0.2679472769044549
2025-09-27 06:50:00,98.41269108168808,98.46569843033872,98.33124003581223,98.34791972168868,2707.0683319472046,-0.0006581606425702935,98.60777400290002,98.61193500500718,0.26260827039842993
2025-09-27 10:50:00,98.34791972168868,98.34819728630085,97.73715193746729,97.79704202626718,4031.9019332651696,-0.005601315177590105,98.44562760757346,98.53785382512173,0.2945288401682283
2025-09-27 14:50:00,97.79704202626718,97.83509298747245,97.6446959735276,97.742394356153,2237.903093261098,-0.0005587865336407205,98.30498095728937,98.46553932794275,0.29898455681872144
2025-09-27 18:50:00,97.742394356153,98.0069930163307,97.73805161989037,97.93657561187712,2771.074394000633,0.0019866635864940196,98.23129988820693,98.41745171739133,0.3068257717836817
2025-09-27 22:50:00,97.93657561187712,97.97648317848457,97.68591164416148,97.72411156849165,2294.9614545533727,-0.00216940445444469,98.12986222426389,98.35442079476408,0.3022003542223694
2025-09-28 02:50:00,97.72411156849165,97.76557702638219,97.69633528890061,97.76456103532509,2450.943333255003,0.00041391490988473834,98.05680198647613,98.30079718026963,0.29271826626905245
2025-09-28 06:50:00,97.76456103532509,97.82241857733231,97.75741860260896,97.81141287892716,3963.459767764371,0.0004792313605861409,98.00772416496635,98.2563076983294,0.27878623404256836
2025-09-28 10:50:00,97.81141287892716,97.92992539895786,97.77983842187663,97.89639135673323,2831.024679182897,0.0008687992055820271,97.98545760331973,98.22358803091156,0.2601528810606096
2025-09-28 14:50:00,97.89639135673323,97.99077817104447,97.77724166034388,97.85999881384944,2820.8451088337856,-0.00037174549929197553,97.96036584542568,98.19053446572408,0.25674429709864605
2025-09-28 18:50:00,97.85999881384944,97.9519356174254,97.6201713216521,97.67412172775734,3088.7949281298906,-0.0018994184380247692,97.90311702189203,98.14358785318166,0.264534678748917
2025-09-28 22:50:00,97.67412172775734,97.74987312163388,97.51699795808892,97.56408331729308,4167.00739461877,-0.0011265871503913782,97.83531028097225,98.09090562264633,0.258347984090666
2025-09-29 02:50:00,97.56408331729308,97.64605225402263,97.4759700587017,97.61065416206273,4746.547730632188,0.0004773359538283728,97.79037905719035,98.04724639895691,0.23688860505023865
2025-09-29 06:50:00,97.61065416206273,97.69815402785915,97.4749652461407,97.48759931791643,1517.0780302417406,-0.0012606702127206937,97.72982310933557,97.9963693915896,0.2353363384392862
2025-09-29 10:50:00,97.48759931791643,97.52551694433362,97.09409101630952,97.14020980656397,1675.1169493443238,-0.003563422566388086,97.61190044878126,97.9185367020418,0.24161537517405765
2025-09-29 14:50:00,97.14020980656397,97.1538957480161,96.96349292620796,97.01975651215145,3882.4297981213754,-0.0012399941759687616,97.4934716614553,97.83682941205177,0.24561140569417514
2025-09-29 18:50:00,97.01975651215145,97.06771473979634,96.98021828064599,97.06274691332989,2895.428654630148,0.00044310976159844806,97.40732671183022,97.76645827580433,0.20821505643108956
2025-09-29 22:50:00,97.06274691332989,97.08865623723307,96.83405390497062,96.85992596446837,2784.5601231770893,-0.002089585915414305,97.29784656235786,97.68404624750106,0.21280115059663274
2025-09-30 02:50:00,96.85992596446837,96.9516353609926,96.73497495373927,96.74864127487488,1554.99211026069,-0.0011489239588549083,97.18800550486127,97.59900943180777,0.20906679422613297
2025-09-30 06:50:00,96.74864127487488,96.97298624881697,96.69437705663371,96.9424576404221,3457.2919517938412,0.002003298061794556,97.13889593197344,97.53932290531816,0.2082123412161445
2025-09-30 10:50:00,96.9424576404221,97.0214444220179,96.8114503178188,96.85340590485157,4254.901235087331,-0.0009186040640813964,97.08179792654907,97.47696681436665,0.21826608169596742
2025-09-30 14:50:00,96.85340590485157,96.87322981444554,96.60685795319475,96.6789127042607,3389.0603845514966,-0.0018016217288454595,97.0012208820914,97.40441644072065,0.23264978787649884
2025-09-30 18:50:00,96.6789127042607,96.96607210169553,96.63470078134348,96.90227422193439,4208.776388467913,0.0023103437081151146,96.98143155006001,97.35876714810372,0.2455986695387001
2025-09-30 22:50:00,96.90227422193439,97.16354792059084,96.82431673830156,97.06924448755801,1621.935228074544,0.0017230789159932147,96.99899413755962,97.33244690623593,0.25457686036646365
2025-10-01 02:50:00,97.06924448755801,97.11215873752586,97.02733775420052,97.05596687764618,7688.9873113126805,-0.00013678493102442513,97.01038868557694,97.30731235818232,0.23693805233446597
2025-10-01 06:50:00,97.05596687764618,97.29278910457336,97.05300375216389,97.22847882249062,5053.89736180899,0.0017774481095211847,97.05400671295969,97.30014567311943,0.2374316372533595
2025-10-01 10:50:00,97.22847882249062,97.23562800419965,97.13005320937576,97.1957658540248,3677.3732001292797,-0.0003364545950116371,97.08235854117272,97.29065659865628,0.23282396578928552
2025-10-01 14:50:00,97.1957658540248,97.2468530228569,97.1142437611637,97.1444927622589,3759.1868448143036,-0.0005275239236541829,97.09478538538997,97.27736897716561,0.22635400007319564
2025-10-01 18:50:00,97.1444927622589,97.1940989595262,97.04672819046957,97.10303423119213,2878.495957892321,-0.0004267718106083507,97.0964351545504,97.26152036389529,0.2060643458612341
2025-10-01 22:50:00,97.10303423119213,97.13438076280285,96.9930726097103,97.08225138987083,1569.00499335051,-0.00021402875292042545,97.0935984016145,97.24522318443852,0.20255758381012104
2025-10-02 02:50:00,97.08225138987083,97.19293406371234,97.05999185057092,97.11308104731626,3422.676858334463,0.00031756224236723085,97.09749493075486,97.23321026288194,0.2058037090951968
2025-10-02 06:50:00,97.11308104731626,97.39504990058867,97.03055990128877,97.30377191367646,3908.185036676017,0.0019635960913164663,97.13875032733918,97.23962495840871,0.21365282816930073
2025-10-02 10:50:00,97.30377191367646,97.38808509498784,97.2895243491971,97.33904275734221,2731.9899624042296,0.00036248177200204346,97.1788088133398,97.24866294012993,0.20521713806483075
2025-10-02 14:50:00,97.33904275734221,97.41420574227548,96.97371397935787,97.05735038770979,3505.2814683837996,-0.0028939299345140945,97.1545171282138,97.23127088990992,0.216780178831571
2025-10-02 18:50:00,97.05735038770979,97.16529410000126,96.97245555154926,97.08030011573751,3256.1032624831973,0.00023645533219318615,97.13967372571855,97.21754627407607,0.21555478199249276
2025-10-02 22:50:00,97.08030011573751,97.11054665995964,96.94572671809358,97.04076891771362,1993.6964031463144,-0.0004072010281876981,97.11989276411757,97.20147560531585,0.20830107346501187
2025-10-03 02:50:00,97.04076891771362,97.08384397102402,96.64823152252723,96.70436733569132,4346.512349239065,-0.0034666005409289546,97.03678767843232,97.15628394444089,0.21574686833249399
2025-10-03 06:50:00,96.70436733569132,96.77770125849247,96.45416978830724,96.5134822464118,2961.9297017797157,-0.001973903501347518,96.93212659202823,97.09784742643824,0.21462546032506172
2025-10-03 10:50:00,96.5134822464118,96.62394917863718,96.49781811965697,96.55529611348695,3701.246614938482,0.0004332437924929877,96.85676049631998,97.0485245798063,0.21757618001469478
2025-10-03 14:50:00,96.55529611348695,96.58442306376739,96.38033407921674,96.38610131462573,1996.6245941962895,-0.0017523098749793187,96.76262865998113,96.9883042829717,0.2150264394533506
2025-10-03 18:50:00,96.38610131462573,96.41002301701272,96.2571501686221,96.30779284237376,3478.052452967465,-0.0008124456865037377,96.67166149645966,96.9264396065537,0.2184048718509735
2025-10-03 22:50:00,96.30779284237376,96.52336321381622,96.2325456723369,96.48963889090957,5440.06416973389,0.0018881758492113043,96.63525697534965,96.88673045058604,0.22970546326426902
2025-10-04 02:50:00,96.48963889090957,96.50775290079993,96.34427053039154,96.43109237665092,1332.9951103017042,-0.0006067647773544405,96.5944240556099,96.84530880750103,0.23085629193225138
2025-10-04 06:50:00,96.43109237665092,96.50984063934143,96.25438136649082,96.31828394698985,2509.461173245372,-0.0011698346133055537,96.5391960338859,96.79739745654547,0.23900994334354156
2025-10-04 10:50:00,96.31828394698985,96.42415574930821,96.28344237978935,96.35351186575429,3734.2829807318635,0.0003657448754363912,96.50205920025958,96.757044221019,0.23956502594193044
2025-10-04 14:50:00,96.35351186575429,96.38319334847505,96.35099031813914,96.35684904044133,6006.5610912076845,3.463469698639088e-05,96.47301716829594,96.72066284096648,0.21583024244450197
2025-10-04 18:50:00,96.35684904044133,96.38997669673127,96.22159677620763,96.24293109870514,2486.7582274539564,-0.0011822505911165404,96.42699995437779,96.67723268257909,0.22081732635399373
2025-10-04 22:50:00,96.24293109870514,96.32746125734182,96.21261553143245,96.21437261332377,1862.0330871355393,-0.00029673332945434616,96.384474486167,96.63515449446497,0.1975568951391194
2025-10-05 02:50:00,96.21437261332377,96.24091231248921,95.95337091337441,96.03455877415972,1505.6405342541657,-0.0018688875090077106,96.31449134376554,96.58055488352812,0.20432138447217646
2025-10-05 06:50:00,96.03455877415972,96.11567158952664,96.001537407337,96.05611566925046,3251.75413832918,0.00022447018412852238,96.26281620886253,96.53287859132107,0.20070097306671844
2025-10-05 10:50:00,96.05611566925046,96.50499463471208,95.96192752837482,96.45227655472623,6990.3088254672575,0.004124265099786806,96.30070827803527,96.5255511334488,0.2083763057696087
2025-10-05 14:50:00,96.45227655472623,96.50370096252348,96.24796847252836,96.33251012966323,1270.3424257271888,-0.0012417169334000278,96.30706864836087,96.50800195128647,0.2035335214703155
2025-10-05 18:50:00,96.33251012966323,96.55084066728308,96.30278966699115,96.48484040811583,4127.308512803433,0.0015812966800881068,96.34262300031186,96.50589635645278,0.2122420887068677
2025-10-05 22:50:00,96.48484040811583,96.58017335934113,96.35675514731717,96.40478349315933,3269.9548416130096,-0.0008297356830136993,96.35505509888137,96.49670427797156,0.2136227478121039
2025-10-06 02:50:00,96.40478349315933,96.58452182253397,96.32319000456815,96.55420129768333,1207.2801264094364,0.0015499003172867454,96.39488433864176,96.50193127976354,0.22136981706747605
2025-10-06 06:50:00,96.55420129768333,96.62305551036381,96.53734312771758,96.5899858447691,5836.161524458165,0.00037061615760713984,96.43390463986724,96.5099362402186,0.20671944857939803
2025-10-06 10:50:00,96.5899858447691,96.96675718272616,96.49703241872011,96.90506856557131,3516.4443816959833,0.0032620640540168555,96.52813742500805,96.5458573607052,0.22859390526494497
2025-10-06 14:50:00,96.90506856557131,96.98026550098598,96.70057739835481,96.74983152743675,4660.091310027507,-0.0016019496238167674,96.5724762454938,96.5644004667717,0.23032453596355598
2025-10-06 18:50:00,96.74983152743675,96.88385868982331,96.74374453756229,96.82058691706897,4171.244342661916,0.0007313231301302459,96.62209837980885,96.58769014407144,0.23028173473085292
2025-10-06 22:50:00,96.82058691706897,96.88490001417486,96.69334911064013,96.74944131004801,2950.543431046809,-0.0007348190016849276,96.64756696585668,96.60239479552385,0.24166372567362618
2025-10-07 02:50:00,96.74944131004801,97.01370420165509,96.74085402593138,96.98153985892871,4442.861622908136,0.0023989652626199565,96.7143615444711,96.63686252856066,0.24912588675934547
2025-10-07 06:50:00,96.98153985892871,96.99077740002593,96.73234807481127,96.81898241256097,1365.523515992046,-0.001676168955496049,96.73528571808909,96.65341888165159,0.25938185813829456
2025-10-07 10:50:00,96.81898241256097,96.90185520155362,96.68972599308472,96.74491349911173,4678.326684302751,-0.000765024704903583,96.73721127429363,96.66173657414797,0.2539952730921584
2025-10-07 14:50:00,96.74491349911173,97.08764659109899,96.7133480044561,97.01617493768153,2989.3080188694585,0.0028038832095527155,96.79300400697122,96.6939582435601,0.27257844483881905
2025-10-07 18:50:00,97.01617493768153,97.07681208734915,96.74638446243391,96.7870967293005,3464.5703872576937,-0.002361237273353356,96.79182255143708,96.70242537862741,0.2573899104515322
2025-10-07 22:50:00,96.7870967293005,96.79198653022095,96.4190214932765,96.47244674497,3972.3798017483236,-0.0032509497129615816,96.72794739014367,96.6815182301131,0.2657636638050554
2025-10-08 02:50:00,96.47244674497,96.51300330394811,96.28824423266552,96.37385124617377,10174.104506926935,-0.0010220068229105372,96.65712816134969,96.65354850430043,0.26409995459010205
2025-10-08 06:50:00,96.37385124617377,96.5794046770042,96.35429130031238,96.49995818129787,1005.6370036695703,0.00130851816642652,96.62569416533934,96.63958574766383,0.26422103778066386
2025-10-08 10:50:00,96.49995818129787,96.55271036714913,96.23601803814972,96.28120819378128,2301.929409436048,-0.0022668402312218117,96.55679697102774,96.60700597003814,0.2681753599973484
2025-10-08 14:50:00,96.28120819378128,96.48583937041408,96.25754075313945,96.40672266405613,5311.377196161297,0.001303623756177208,96.52678210963342,96.58879839676705,0.27836009104223386
2025-10-08 18:50:00,96.40672266405613,96.49024513870418,96.32025720512216,96.38061711559509,1432.658396449669,-0.00027078556079551674,96.49754911082576,96.56987282575142,0.25695031744051783
2025-10-08 22:50:00,96.38061711559509,96.43398432418354,95.91964135465786,95.95846942589883,2528.033746616284,-0.004380006087634336,96.38973317384038,96.51429069849209,0.2737113793615547
2025-10-09 02:50:00,95.95846942589883,95.96944347243951,95.82821721167177,95.83594285913381,2475.1865707004413,-0.0012768707910627564,96.27897511089907,96.45262271309588,0.2737908156834631
2025-10-09 06:50:00,95.83594285913381,96.04412094995783,95.74189914771173,96.02864580350422,2862.818880114757,0.0020107585799375993,96.2289092494201,96.41407935767845,0.2816958798771318
2025-10-09 10:50:00,96.02864580350422,96.31755627156909,95.97980959777433,96.22934632969272,5270.9084156093195,0.002090006836076519,96.22899666547463,96.39728544604338,0.286331344025064
2025-10-09 14:50:00,96.22934632969272,96.23192461413109,96.15999989847397,96.16317907996198,2193.8793041196445,-0.0006875994928204898,96.2158331483721,96.3760030491269,0.27300958619952503
2025-10-09 18:50:00,96.16317907996198,96.52946445607274,96.08072723034802,96.5247528672447,3339.843665798806,0.0037600024327613113,96.27761709214663,96.38952575986487,0.28991015886065596
2025-10-09 22:50:00,96.5247528672447,96.76702328836312,96.51257139149507,96.74727886614255,1571.282955711042,0.002305377556406807,96.37154944694582,96.42204876952647,0.2813496810195955
2025-10-10 02:50:00,96.74727886614255,96.74777084436393,96.48952729905939,96.55723921682939,7105.054675330231,-0.001964289347880288,96.40868740092255,96.43433881019037,0.2761936753331164
2025-10-10 06:50:00,96.55723921682939,96.60801931908809,96.4927634158189,96.51991743022343,6105.505173981851,-0.00038652499707603205,96.43093340678273,96.44211868473883,0.2577858800705976
2025-10-10 10:50:00,96.51991743022343,96.85972776020219,96.47980334789565,96.76738911954739,1786.4265164871242,0.0025639442709102234,96.49822454933566,96.47168872426688,0.26886911871516517
2025-10-10 14:50:00,96.76738911954739,96.85103405031403,96.74344891701948,96.7820103098411,3507.509391211278,0.0001510962569801766,96.55498170143676,96.4998997775009,0.26047424418678844
2025-10-10 18:50:00,96.7820103098411,96.79856901068467,96.6810377836001,96.69992068291047,3526.17053693708,-0.0008481909671830268,96.5839694977315,96.5180834961745,0.24624845119287134
2025-10-10 22:50:00,96.69992068291047,96.91551880213676,96.65394091294344,96.8229084366893,4102.386784667879,0.001271849582815232,96.63175728552307,96.54579485440311,0.24862554204420612
2025-10-11 02:50:00,96.8229084366893,96.9026090129577,96.60634397877455,96.66472769963873,2462.2116075204526,-0.0016337118932344685,96.6383513683462,96.55660693124271,0.25764533494428676
2025-10-11 06:50:00,96.66472769963873,96.90396217767177,96.64452859167405,96.90076979981514,4356.290370443812,0.002441863808998024,96.69083505464,96.5878944647493,0.23943752183514683
2025-10-11 10:50:00,96.90076979981514,96.98768333213992,96.74808123404404,96.75943700232513,4035.812081373405,-0.0014585312147878948,96.70455544417703,96.60348924089256,0.24646436735858604
2025-10-11 14:50:00,96.75943700232513,97.0753350684351,96.72646917457284,97.02383382855776,4929.945547350656,0.002732517203735574,96.76841112105318,96.64170238522576,0.24979608818831167
2025-10-11 18:50:00,97.02383382855776,97.0295531817524,96.73854190103259,96.74034991014119,3419.4544200483615,-0.0029217967094300468,96.76279887887078,96.65067034203625,0.24645784582581598
2025-10-11 22:50:00,96.74034991014119,96.77127801700081,96.66596570528829,96.73235698420136,1991.1247045794332,-8.262246257384476e-05,96.7567104999369,96.65809640041489,0.2488426741154878
2025-10-12 02:50:00,96.73235698420136,96.9629516775498,96.71373671947536,96.8680652974324,4881.744030005413,0.0014029257371781512,96.77898145943601,96.67718448196193,0.23459108356903816
2025-10-12 06:50:00,96.8680652974324,96.93435709069517,96.69316245413115,96.73844221458472,1854.5212670210371,-0.001338140515655617,96.77087361046576,96.68275336674581,0.23364413640446458
2025-10-12 10:50:00,96.73844221458472,96.82169571945175,96.3072003986991,96.40109950121155,2156.7102231434255,-0.003487162969038504,96.69691878861492,96.65714846987906,0.25194783465075893
