timestamp,open,high,low,close,volume,ret_1,ema9,ema21,atr,ret_fut,vol_proxy,dir
2025-10-08 21:35:00,100.19614459276217,100.26250984861348,100.18009445152164,100.19614459276217,4849.578493995709,0.0,100.19614459276217,100.19614459276217,0.0,-1.895305050170215e-05,0.0,0
2025-10-08 21:40:00,100.19614459276217,100.27846739589089,99.98572937518549,100.0093354983792,3241.27165117381,-0.0018644339574364,100.15878277388556,100.17916194781824,0.0,-4.22149725053389e-05,0.0,0
2025-10-08 21:45:00,100.0093354983792,100.01824291177124,100.0022190836218,100.00458310659006,6140.9618156843,-4.751948171100029e-05,100.12794284042648,100.16329114407024,0.0,0.0007272878130044624,0.0,0
2025-10-08 21:50:00,100.00458310659006,100.14801715769286,99.98745625790512,100.06941229930136,1685.9314654270488,0.0006482622165644,100.11623673220146,100.15475670363668,0.0,0.0014002724139334788,0.0,1
2025-10-08 21:55:00,100.06941229930136,100.09827276401266,99.90579360279663,99.9243025051842,5801.452426581881,-0.0014500913993893,100.077849886798,100.13380632195918,0.0,0.004487245719374311,0.0,1
2025-10-08 22:00:00,99.9243025051842,99.98902382739088,99.86133535099889,99.86147641518204,1747.3063478327997,-0.0006287368380569,100.03457519247482,100.10904905770671,0.0,0.005188475479677823,0.0,1
2025-10-08 22:05:00,99.86147641518204,99.9596226694904,99.52460311474373,99.58142321490972,2839.571787908499,-0.0028044167813818,99.9439447969618,100.0610830719979,0.0,0.011545127697184299,0.0,1
2025-10-08 22:10:00,99.58142321490972,99.64958109821625,99.41501503138382,99.46616850944936,1084.8088072918104,-0.001157391627268,99.84838953945932,100.00699992994802,0.0,0.011370569991959067,0.0,1
2025-10-08 22:15:00,99.46616850944936,99.75776124807058,99.41215060434442,99.6668648805577,1925.6372446177236,0.0020177350159946,99.812084607679,99.97607856182162,0.0,0.010129147699756036,0.0,1
2025-10-08 22:20:00,99.6668648805577,99.74487771845918,99.5702607119991,99.60723499186044,2079.554312560121,-0.0005982920077672,99.7711146845153,99.94254732818878,0.0,0.010872739147834487,0.0,1
2025-10-08 22:25:00,99.60723499186044,99.869655854145,99.5549794268334,99.82667580194077,2272.2283540870485,0.0022030609533358,99.7822269080004,99.93201355307532,0.0,0.006206491659239255,0.0,1
2025-10-08 22:30:00,99.82667580194077,99.88888666695964,99.8240788926382,99.82486083737447,4025.374352873599,-1.8181158009000775e-05,99.79075369387522,99.92227239710252,0.0,0.006268847020891588,0.0,1
2025-10-08 22:35:00,99.82486083737447,100.16553542596588,99.77098197983064,100.0812767493422,4392.025193842498,0.0025686578455184,99.84885830496862,99.9367273382152,0.0,0.005397763628892438,0.0,1
2025-10-08 22:40:00,100.0812767493422,100.21813821356524,100.04900084744276,100.19861788951248,2656.5537440935764,0.0011724584655745,99.9188102218774,99.96053557015132,0.2146352906427548,0.004789202182884811,0.0,1
2025-10-08 22:45:00,100.19861788951248,100.2357546088744,99.82353539349732,99.88806146917752,2247.682616461978,-0.0030994082241473,99.91266047133745,99.95394701551734,0.2381927062345557,0.009924635533399506,0.0,1
2025-10-08 22:50:00,99.88806146917752,100.01167510384194,99.86415035158451,99.92255405961916,3561.2332591392774,0.0003453124420906,99.91463918899376,99.95109311043568,0.2278203299168432,0.012026368944341836,0.0,1
2025-10-08 22:55:00,99.92255405961916,99.95070947768689,99.83527352178186,99.84498616215956,1438.6201377309171,-0.0007762801720749,99.90070858362694,99.94144702422876,0.2349211961850993,0.014294598913744627,0.0,1
2025-10-08 23:00:00,99.84498616215956,100.26936638422778,99.820515521126,100.24170742424488,1628.1157297189732,0.0039733718971224,99.96890835175051,99.96874342423024,0.2555133364218157,0.014143782625378964,0.0,1
2025-10-08 23:05:00,100.24170742424488,100.32730814854636,100.11449650934404,100.18190497877228,2317.6789151715,-0.0005965824706027,100.01150767715488,99.9881217473704,0.25696565627798,0.014710519505471975,0.0,1
2025-10-08 23:10:00,100.18190497877228,100.20036104483825,100.13563824467334,100.16106231492196,3824.230237291443,-0.0002080481884901,100.0414186047083,100.00384361714782,0.2524681079760447,0.011482262376792063,0.0,1
2025-10-08 23:15:00,100.16106231492196,100.22405433875322,100.1180824043836,100.19424557017362,1908.496666953427,0.0003312989547508,100.07198399780135,100.0211528856047,0.2289647065205388,0.01200113719435647,0.0,1
2025-10-08 23:20:00,100.19424557017362,100.25701018194133,99.92484482606338,100.00511360703086,8029.437983834853,-0.0018876529491934,100.05860991964728,100.01969476937072,0.2359360843095044,0.010445932241787137,0.0,1
2025-10-08 23:25:00,100.00511360703086,100.099912868035,99.9159903912169,100.07731522112807,3640.7627733448458,0.000721979221792,100.06235097994345,100.02493299225776,0.224386929530358,0.011350960401282473,0.0,1
2025-10-08 23:30:00,100.07731522112807,100.2940272817408,100.0285140303172,100.2095367368226,1961.9585189680256,0.0013211936731352,100.09178813131928,100.04171515085454,0.2308795184563245,0.011426563526593325,0.0,1
2025-10-08 23:35:00,100.2095367368226,100.45396744458246,100.15790000500188,100.37268740386205,2683.8395896339803,0.0016280952128129,100.14796798582783,100.0718035374916,0.2295503050469664,0.009563163982627465,0.0,1
2025-10-08 23:40:00,100.37268740386205,100.43741535660264,100.36777345346376,100.37960523692664,5843.222251041448,6.892146901238405e-05,100.1942954360476,100.09978551016752,0.2298955999624985,0.009535309971437922,0.0,1
2025-10-08 23:45:00,100.37960523692664,100.78994517182352,100.34718353113698,100.7311034621932,2149.247371570989,0.003501689655353,100.30165704127673,100.15717805126074,0.2333390424304491,0.008082784354844108,0.0,1
2025-10-08 23:50:00,100.7311034621932,100.80127289950453,100.53085562178327,100.59715554031806,1475.809723663629,-0.0013297573169683,100.360756741085,100.1971760048114,0.2405733218303599,0.013710251551261932,0.0,1
2025-10-08 23:55:00,100.59715554031806,100.75049364238816,100.52365616740596,100.67640527570448,1450.64861087849,0.0007877930042927,100.4238864480089,100.24074230216532,0.2273317689450097,0.016419242619023278,0.0,1
2025-10-09 00:00:00,100.67640527570448,100.7234438679801,100.65082210964236,100.690238475164,2852.5809585713464,0.0001374025961857,100.47715685343992,100.28160559061972,0.2219815550936041,0.01675666373100282,0.0,1
2025-10-09 00:05:00,100.690238475164,100.73044350705514,100.3582669868948,100.44624923267509,16778.265885761633,-0.0024231667953502,100.47097532928696,100.29657319444294,0.2403201668261272,0.0193241693919044,0.0,1
2025-10-09 00:10:00,100.44624923267509,100.54982502252165,100.35419666303471,100.45064761884576,4292.593231007038,4.378845605756965e-05,100.46690978719872,100.31057996029774,0.2222328451393512,0.019769808331541405,0.0,1
2025-10-09 00:15:00,100.45064761884576,100.63143609628467,100.39310574187816,100.62149182491292,8912.007854275698,0.0017007775471533,100.49782619474158,100.33884467526276,0.2240556105110808,0.016491816903384304,0.0017117235468215068,1
2025-10-09 00:20:00,100.62149182491292,100.75797342694884,100.5891661261963,100.67848932903098,2294.539374098116,0.0005664545723218,100.53395882159948,100.36972146196896,0.2314902176959117,0.01619079341017904,0.001673700498388439,1
2025-10-09 00:25:00,100.67848932903098,100.97530549308914,100.66190353765109,100.87941407339692,3370.7528848513775,0.0019957067860771,100.60304987195896,100.41605715391697,0.2463066477722303,0.014286775751817471,0.0017022980061003198,1
2025-10-09 00:30:00,100.87941407339692,101.16267067616148,100.84537372692212,101.12425956060108,9987.666795073785,0.0024271105205471,100.7072918096874,100.48043919088823,0.2452446187266172,0.014607151609927094,0.0017434729993615237,1
2025-10-09 00:35:00,101.12425956060108,101.3142016578524,101.10562776508787,101.272230192896,1724.7921955188529,0.0014632555327263,100.82027948632911,100.55242019107077,0.2470054341513606,0.013912328828458387,0.0017235141772079404,1
2025-10-09 00:40:00,101.272230192896,101.7480758297224,101.201595373588,101.65950434405023,2346.290630749065,0.0038240902803918,100.98812445787335,100.65306420497798,0.2670745202021304,0.014357525810686944,0.0018134945213030725,1
2025-10-09 00:45:00,101.65950434405023,101.67988905063056,101.62022204345897,101.65563284605784,2069.6657995456208,-3.808299103369439e-05,101.12162613551024,100.7442068087125,0.250188775030059,0.01484402255765982,0.0017110097188250968,1
2025-10-09 00:50:00,101.65563284605784,101.71875562740782,101.21536122745364,101.31113791236012,2900.6589850532787,-0.0033888425466731,101.15952849088023,100.7957459999532,0.281171096231152,0.021827456857047123,0.0018283224774836265,1
2025-10-09 00:55:00,101.31113791236012,101.4750141654284,101.21922398886478,101.39669045734632,701.3718599840996,0.0008444534998728,101.20696088417344,100.85037731426166,0.2678159916509435,0.018981789588959908,0.0018101540438477527,1
2025-10-09 01:00:00,101.39669045734632,101.4761067965355,100.96531755169816,101.04976024760212,3942.0484687008143,-0.0034215141360077,101.1755207568592,100.86850303547445,0.2849854178735224,0.023055262699463563,0.0019320899447204895,1
2025-10-09 01:05:00,101.04976024760212,101.26768224236304,101.0439362030763,101.21328886326975,2615.454408749167,0.0016182979085448,101.18307437814131,100.89984720163764,0.2847646010381339,0.022917912058375345,0.0019176982841039593,1
2025-10-09 01:10:00,101.21328886326975,101.4534702162414,101.14608516426196,101.3545873743164,2446.0138450443296,0.0013960470273572,101.21737697737636,100.94118721733572,0.3015334077268252,0.024579321023395995,0.0019232540152400704,1
2025-10-09 01:15:00,101.3545873743164,101.402587767934,101.28666393419206,101.3325678728822,2507.4275273433045,-0.0002172521442257,101.24041515647752,100.97676727693084,0.2832296444112247,0.022156298864166812,0.0018882603245977433,1
2025-10-09 01:20:00,101.3325678728822,101.38892624719143,101.23281797890496,101.33675588767132,1612.100638846375,4.132940551127007e-05,101.2596833027163,101.00949351427089,0.2804067807540522,0.019956788722793828,0.0018837239324582219,1
2025-10-09 01:25:00,101.33675588767132,101.60996302436502,101.318798977532,101.5452912493036,2143.4817254462746,0.0020578452488,101.31680489203376,101.05820239927384,0.2841806159273728,0.017268762502902435,0.0017973019360447528,1
2025-10-09 01:30:00,101.5452912493036,102.03665190876768,101.48719607583512,101.97636784811723,2509.6771161864976,0.0042451658123201,101.44871748325046,101.14167198553234,0.3113697967973751,0.012426558983981817,0.001913804781772711,1
2025-10-09 01:35:00,101.97636784811723,102.34996019136112,101.89057088601773,102.3294355999374,2899.7671479476435,0.0034622507083801,101.62486110658786,101.2496504959328,0.3217974646477565,0.007491192167399685,0.0019589232378733478,1
2025-10-09 01:40:00,102.3294355999374,102.393304013506,102.27587013298644,102.3774709422868,1459.9820548200462,0.0004694186190685,101.77538307372764,101.35217962741952,0.3075215311677713,0.003704148908291849,0.0018700137357950618,1
2025-10-09 01:45:00,102.3774709422868,102.41877738694578,102.3446136777021,102.38728956762876,2908.4586481414576,9.590611344090227e-05,101.89776437250788,101.4462805310749,0.2979208037734255,0.0015325698521624354,0.0018589686151373763,1
2025-10-09 01:50:00,102.38728956762876,102.48975810928678,102.32802242929654,102.43653766904956,4448.787886061698,0.0004809981944904,102.00551903181622,101.53630390725442,0.2704390340488437,0.0016981539206180063,0.001852300729406169,1
2025-10-09 01:55:00,102.43653766904956,102.52578734872306,102.24142099068958,102.28092304463476,4544.97184119453,-0.0015191320202325,102.06059983437991,101.60399655610718,0.2864889876818363,0.0017629817940600923,0.0018927503275957451,1
2025-10-09 02:00:00,102.28092304463476,102.38348958183796,102.21150590010096,102.30855395060624,2359.6330437210304,0.0002701472097532,102.1101906576252,101.66804722833436,0.2628167935234649,0.003447642443948684,0.0018371931268201312,1
2025-10-09 02:05:00,102.30855395060624,102.36262656638452,102.21120834422324,102.32065564023829,6122.278043594385,0.0001182861956767,102.15228365414782,101.72737526578015,0.2553616539232968,0.00402848496453001,0.0018402004517033264,1
2025-10-09 02:10:00,102.32065564023829,102.60239711116232,102.25124756151308,102.6013969514444,4944.180118709266,0.0027437403469465,102.24210631360717,101.80683178265872,0.2439588185527189,0.0029451887608009653,0.0018727197337873437,1
2025-10-09 02:15:00,102.6013969514444,102.683534635128,102.5369132450228,102.6811627605309,4102.600613231945,0.0007774339478461,102.32991760299193,101.88631641701076,0.2384499150397526,0.002092004927045199,0.0018657178870009564,1
2025-10-09 02:20:00,102.6811627605309,103.13382532656654,102.5893118731039,103.11908330157158,1933.415635363684,0.0042648576356891,102.48775074270786,101.998386133789,0.2553876580028397,-0.006187177993828619,0.001963889494696476,-1
2025-10-09 02:25:00,103.11908330157158,103.21804007978338,103.04995408079648,103.16461135313791,2144.2979652099966,0.0004415094675851,102.62312286479388,102.10440660827526,0.2591135269489096,-0.005836025797833155,0.0019038717598072008,-1
2025-10-09 02:30:00,103.16461135313791,103.62037435524996,103.13295919471813,103.52250240428052,1471.393101014698,0.0034691261513846,102.80299877269124,102.2333244079121,0.2827783049664347,-0.008768796158889258,0.001923825568947972,-1
2025-10-09 02:35:00,103.52250240428052,103.58213063146836,103.28480206800644,103.32138110062456,2967.299516728803,-0.0019427786131998,102.9066752382779,102.33223865270412,0.2832186275827837,-0.009110785628683282,0.001988344992870898,-1
2025-10-09 02:40:00,103.32138110062456,103.41967985187904,103.243585605583,103.3794890158284,3464.684423082542,0.0005623997142203,103.001237993788,102.42744323116996,0.2565499428230313,-0.012125307369431071,0.0019851059639118813,-1
2025-10-09 02:45:00,103.3794890158284,103.58733217430166,103.3109723665116,103.53288611657712,3712.4900161234345,0.0014838252946405,103.10756761834584,102.52793803893424,0.2434764072835073,-0.015156379751238847,0.0018970199594828424,-1
2025-10-09 02:50:00,103.53288611657712,103.9289871751307,103.5187829635662,103.84581431458356,3622.484481595789,0.0030225004802248,103.2552169575934,102.6477449730842,0.264388573786718,-0.021417693610567556,0.0019241067656077325,-1
2025-10-09 02:55:00,103.84581431458356,103.93056846178432,103.55180039395276,103.57772253134723,5750.662553236483,-0.002581633020125,103.31971807234416,102.73228838747174,0.2861460279715666,-0.017773220031613746,0.0020231224074231985,-1
2025-10-09 03:00:00,103.57772253134723,103.66428727327497,103.3116313002729,103.35911211477492,5827.392306259161,-0.0021105930042645,103.32759688083031,102.78927236268112,0.2997831917581247,-0.018108479620206896,0.002091851979303069,-1
2025-10-09 03:05:00,103.35911211477492,103.40041179990682,103.24670908097772,103.29885276717587,1901.8368395481948,-0.0005830095321652,103.32184805809943,102.83559785399882,0.2904500746792401,-0.021693019026520988,0.0020949109217419317,-1
2025-10-09 03:10:00,103.29885276717587,103.33924711981768,103.1496754463796,103.2435831981541,4366.752278642692,-0.0005350453324621,103.30619508611038,102.8726874307402,0.2917063598007457,-0.0210486138560374,0.0020835096923160967,-1
2025-10-09 03:15:00,103.2435831981541,103.29709693782527,103.0618817974792,103.09600506639808,4802.5056876020735,-0.0014294169882961,103.26415708216793,102.89298903398182,0.297691853956804,-0.0207473032007075,0.0021096950421578818,-1
2025-10-09 03:20:00,103.09600506639808,103.18994924460893,102.73831790097896,102.75669233951136,3109.594320830998,-0.0032912306026618,103.16266413363662,102.8805984253936,0.3048691249554248,-0.018925998337900984,0.002129454097177437,-1
2025-10-09 03:25:00,102.75669233951136,102.84853593985642,102.45704779526324,102.54420524086473,784.9085758782211,-0.002067866275265,103.03897235508224,102.85001722680006,0.3223596074188514,-0.017261482218302704,0.002170838102367491,-1
2025-10-09 03:30:00,102.54420524086473,102.66733030300584,102.46016816516098,102.6104906771068,5532.186739820023,0.000646408405881,102.95327601948716,102.82824208591886,0.2982630848747253,-0.01612757310700652,0.0020658496219882177,-1
2025-10-09 03:35:00,102.6104906771068,102.66796930252384,102.45276802967464,102.46124244984212,5858.748878589536,-0.0014545123630128,102.85486930555815,102.79487848263916,0.3016284615791745,-0.014174692485426132,0.0020897451640729966,-1
2025-10-09 03:40:00,102.46124244984212,102.67318297358251,102.36830154138282,102.66127726358536,3287.8077145244993,0.0019522973659151,102.8161508971636,102.78273291727062,0.2885903381268773,-0.017280905977860805,0.0019923179264339703,-1
2025-10-09 03:45:00,102.66127726358536,102.7826976003948,102.58711325638517,102.73285286304584,7278.707805868627,0.0006972015288366,102.79949129034006,102.77819836688654,0.2813228938802865,-0.016916353745141777,0.0019822156935458924,-1
2025-10-09 03:50:00,102.73285286304584,102.93281898243268,102.64393315968192,102.90357743258826,4583.4886723427735,0.0016618303179998,102.8203085187897,102.78959646376852,0.2893794350556251,-0.017574287209190298,0.001986782657113252,-1
2025-10-09 03:55:00,102.90357743258826,102.98042295759204,102.87456915244178,102.89597225894065,1288.362132510341,-7.390582365907061e-05,102.8354412668199,102.79926699060236,0.2772004348670671,-0.01956040480736765,0.0019853302382311826,-1
2025-10-09 04:00:00,102.89597225894065,102.91223240870698,102.40852483324444,102.48106717862431,2744.2622490095596,-0.0040322771747779,102.7645664491808,102.77033973496798,0.2838792465740707,-0.013741556229071028,0.002139046912731431,-1
2025-10-09 04:05:00,102.48106717862431,102.6646897581862,102.44408693387282,102.56254001985756,3317.234493211906,0.000795003833159,102.72416116331615,102.75144885177612,0.2725817291799138,-0.014530366042971976,0.002118129574836561,-1
2025-10-09 04:10:00,102.56254001985756,102.67218964790708,102.50432654196084,102.61473468283926,1335.3277151077375,0.0005089057171514,102.70227586722078,102.73902029096368,0.2593822386759277,-0.017118194830561317,0.0019937500827928107,-1
2025-10-09 04:15:00,102.61473468283926,102.6241716047043,102.33837384568402,102.38004214655729,1909.446870312801,-0.0022871231603078,102.63782912308808,102.70638591419944,0.2688175986824411,-0.014198407228731669,0.0019485458794640336,-1
2025-10-09 04:20:00,102.38004214655729,102.43041147706712,102.05877782451304,102.12598093581676,4029.18101718712,-0.0024815501675301,102.53545948563382,102.65362182525556,0.2818220257621573,-0.01205588039978056,0.001995716470396766,-1
2025-10-09 04:25:00,102.12598093581676,102.13114296210313,101.93227880599687,101.96370237785251,1746.652981670594,-0.001589003664662,102.42110806407756,102.59090187549164,0.2792255268878826,-0.006455924782739486,0.0020132138939296406,-1
2025-10-09 04:30:00,101.96370237785251,101.9872600014277,101.5340174231171,101.62167648085392,3770.954797729191,-0.0033543887581792,102.26122174743286,102.50279047597913,0.2793406150793568,-0.0041976213823113895,0.0020885722740531343,-1
2025-10-09 04:35:00,101.62167648085392,101.8200510739883,101.60316740495732,101.73681287842416,2071.640177787372,0.0011329905346713,102.15633997363112,102.43315614892866,0.2668688668249125,-0.0048848318707152005,0.00208910172913974,-1
2025-10-09 04:40:00,101.73681287842416,101.80122724139326,101.47403716511108,101.48743573948184,2601.5156739533436,-0.0024511986554986,102.02255912680128,102.34718156625168,0.2754422909990067,-0.0018185877998627697,0.002125900588304957,-1
2025-10-09 04:45:00,101.48743573948184,101.56896702084296,101.01765698898323,101.05798878867974,2268.3276071494793,-0.0042315282445848,101.82964505917695,102.22998222283604,0.2994500594997587,0.003437351565915181,0.002237742114226995,1
2025-10-09 04:50:00,101.05798878867974,101.12836246814231,100.9978620339802,101.07044888230249,4724.702833973614,0.0001232964733623,101.67780582380207,102.12457010096936,0.2869942739256451,0.0020561364728144405,0.0021663419262150097,1
2025-10-09 04:55:00,101.07044888230249,101.14120144789015,100.8942789203122,100.95704099050384,5081.434972688002,-0.001122067756231,101.53365285714244,102.01843109092702,0.2906612870376698,0.0018646656024143837,0.002157135963236247,1
2025-10-09 05:00:00,100.95704099050384,101.03022532549262,100.74660115404116,100.81191935108556,1798.861621559985,-0.0014374593192756,101.38930615593108,101.90874820548687,0.2902854548020051,0.0060992227287102185,0.001976504769413833,1
2025-10-09 05:05:00,100.81191935108556,100.8343980522576,100.71597393559284,100.77414026550956,4720.333973617233,-0.000374748202585,101.26627297784675,101.80560202912532,0.2911833341958996,0.0075269606092809305,0.001966473029233776,1
2025-10-09 05:10:00,100.77414026550956,101.00793408224892,100.69316265332482,100.95563248716594,2067.209633292392,0.0018009801044016,101.2041448797106,101.72833207076536,0.2776878951574387,0.005533496830443019,0.0018713641757460708,1
2025-10-09 05:15:00,100.95563248716594,101.07146995160228,100.889906615421,101.00888584644092,1730.706443866578,0.0005274927011302,101.16509307305668,101.66292786855404,0.2748993602908598,0.0007393346694002378,0.0018729124327339526,0
2025-10-09 05:20:00,101.00888584644092,101.0225206524086,100.8781731722854,100.88719738362624,4216.502077835314,-0.0012047302749153,101.1095139351706,101.5924069153788,0.2732196727320714,0.0033162691382344622,0.001860334604225835,1
2025-10-09 05:25:00,100.88719738362624,101.0942018558124,100.8743734181548,100.99498758276695,3723.168265197841,0.0010684229707644,101.08660866468988,101.53809606695953,0.2685075783490224,0.003578353374996901,0.0018455582465953268,1
2025-10-09 05:30:00,100.99498758276695,101.19242014263126,100.90533724582782,101.0951204079348,2027.154250604626,0.0009914633148084,101.08831101333888,101.49782555250272,0.262468238652547,0.0035508949406199974,0.001742862922664509,1
2025-10-09 05:35:00,101.0951204079348,101.1186945416584,100.79815766270931,100.8832853885081,4204.205455810546,-0.0020954030082946,101.04730588837272,101.44195826486686,0.2711591474270359,0.009766305790841923,0.0017292292040473958,1
2025-10-09 05:40:00,100.8832853885081,101.09765261178214,100.81778675029388,101.07281783157404,3345.947106833284,0.0018787298841034,101.052408277013,101.40840004365842,0.2587750962254408,0.009169249544958902,0.0017764823156702875,1
2025-10-09 05:45:00,101.07281783157404,101.08769713762614,101.02477299152508,101.07226877107207,3152.772615261587,-5.432326056875603e-06,101.05638037582482,101.37784265524148,0.2477779874447329,0.011219210901441512,0.0017806096071868343,1
2025-10-09 05:50:00,101.07226877107207,101.07374400436694,100.85044465813696,100.85815566205206,2887.4879882659407,-0.0021184159772349,101.01673543307028,101.33059838313336,0.2403572210124329,0.016741312275367237,0.001798385988507163,1
2025-10-09 05:55:00,100.85815566205206,100.99844935194804,100.79905535827496,100.92640861606576,1805.915466135711,0.0006767222101742,100.99867006966936,101.29385385885448,0.2152203611419563,0.020759687952201844,0.0018104124609486221,1
2025-10-09 06:00:00,100.92640861606576,100.98274881205737,100.88463236983202,100.89476232394428,5003.664849056711,-0.0003135580920339,100.97788852052436,101.25757281022628,0.2129072188607596,0.02124460837887665,0.0017463502348887881,1
2025-10-09 06:05:00,100.89476232394428,101.4063159087248,100.88679116207886,101.30543238473146,7082.926479399061,0.0040702812646373,101.0433972933658,101.26192368063585,0.2323788059370417,0.017386107417910912,0.0019062765235931052,1
2025-10-09 06:10:00,101.30543238473146,101.31311142615894,101.16863294357714,101.19510715875155,4868.399338843931,-0.0010890356359264,101.07373926644294,101.25584945137362,0.2224398281606373,0.015967045217042397,0.0019008717491953294,1
2025-10-09 06:15:00,101.19510715875155,101.27091496220385,101.1303686268144,101.23984565245064,3023.6081993343832,0.0004421013520832,101.10696054364448,101.25439456056245,0.2240199866409712,0.0144419213261191,0.001897533400113916,1
2025-10-09 06:20:00,101.23984565245064,101.34778226066946,101.22121652622492,101.30287192700666,2973.2053955618267,0.0006225441588718,101.14614282031692,101.25880159387556,0.2105767227495738,0.012930090589856169,0.0018591415224467026,1
2025-10-09 06:25:00,101.30287192700666,101.41390807556078,101.22455926871628,101.40536062469074,5144.078959116325,0.0010117057466834,101.1979863811917,101.27212514213149,0.2111328277969489,0.010116809856074438,0.0018660265874322621,1
2025-10-09 06:30:00,101.40536062469074,101.42481350884223,101.26266203064924,101.27826351857313,2674.738126388748,-0.0012533568771381,101.214041808668,101.27268317635344,0.2124045419447893,0.007815463156534808,0.0018327486919782771,1
2025-10-09 06:35:00,101.27826351857313,101.3076741657598,101.09240804032416,101.14529211216036,6270.696138693969,-0.0013129313417618,101.20029186936648,101.2611021705177,0.2120786625003634,0.007402308215900488,0.0018366327630646485,1
2025-10-09 06:40:00,101.14529211216036,101.4988469106043,101.10205320680625,101.4267937009166,8815.023857658025,0.0027831407955605,101.2455922356765,101.2761650369176,0.2199151487142653,0.005564857608250096,0.0018129495523202055,1
2025-10-09 06:45:00,101.4267937009166,101.589999732429,101.34347354322948,101.5326632497222,2927.592330322634,0.0010438025786141,101.30300643848564,101.29948305626348,0.2146286708750092,0.0027951198287292645,0.0018184174856614387,1
2025-10-09 06:50:00,101.5326632497222,101.57622870254288,101.450542065555,101.51427015954906,1900.490367699929,-0.0001811544145936,101.34525918269831,101.31900915656216,0.203615869124983,0.0022565717427542875,0.0018124290697690076,1
2025-10-09 06:55:00,101.51427015954906,101.54628517506424,101.0569792783602,101.08356521766468,3523.2008352321905,-0.00424280193521,101.2929203896916,101.29760516211694,0.2340717084537676,0.0037213136813156744,0.001910677405779323,1
2025-10-09 07:00:00,101.08356521766468,101.25650433698983,101.07704010095276,101.22176648275254,2622.010975830209,0.0013671981670835,101.2786896083038,101.29071073672016,0.2309406291542746,0.003255426431236552,0.0018962690685723543,1
2025-10-09 07:05:00,101.22176648275254,101.40096381981424,101.15738873527071,101.35638333744151,3173.6460764832095,0.0013299200297194,101.29422835413136,101.29668097314938,0.234096421359307,0.004347820373856726,0.0019012768787990827,1
2025-10-09 07:10:00,101.35638333744151,101.50397595941804,101.2934985411806,101.45409855951272,4051.1409478190135,0.0009640756591116,101.32620239520764,101.31099166281876,0.2421222053601691,0.0024799650774631754,0.0018206019424700077,1
2025-10-09 07:15:00,101.45409855951272,101.9012063450399,101.41604176999806,101.86854240279705,5241.363082325787,0.0040850379547869,101.43467039672552,101.36167809372589,0.2396679073884483,-0.00502094843971268,0.0019524912373124655,-1
2025-10-09 07:20:00,101.86854240279705,102.05464368854688,101.76711702897988,101.99957972048392,2354.9968871853293,0.0012863374167928,101.5476522614772,101.41966915070388,0.2498856343159638,-0.0077403631689723085,0.0019098434165681002,-1
2025-10-09 07:25:00,101.99957972048392,102.27664641069065,101.91490678142831,102.20621987070191,2993.189963937971,0.0020258921731275,101.67936578332215,101.4911737616128,0.2656851553068823,-0.0082782947595601,0.001760282918091824,-1
2025-10-09 07:30:00,102.20621987070191,102.58000387635347,102.14502565137492,102.54665354150806,1555.328226656304,0.0033308508155063,101.85282333495934,101.587126468876,0.2877146189164565,-0.010386491533357356,0.0018363652659263488,-1
2025-10-09 07:35:00,102.54665354150806,103.11263032808766,102.521274078165,103.0216093650717,2205.3995244177167,0.0046316072456853,102.0865805409818,101.71753400489378,0.3164294362791813,-0.014913799944524353,0.0019548394949876723,-1
2025-10-09 07:40:00,103.0216093650717,103.1096696584182,102.9542271072958,103.03823203699632,2109.454616306876,0.0001613513128659,102.27691084018473,101.83759746235764,0.3159502272027116,-0.01668708863558288,0.0019202970756111474,-1
2025-10-09 07:45:00,103.03823203699632,103.134863886275,102.94556225026136,103.0667395141903,1603.7558132348615,0.0002766689279349,102.43487657498584,101.94933764888788,0.3140956208154272,-0.019429018673280174,0.001912139983212757,-1
2025-10-09 07:50:00,103.0667395141903,103.1011719359629,102.79173320202844,102.8108940104988,1495.529155962944,-0.0024823284882924,102.51008006208843,102.02766095448888,0.3078559801108836,-0.015178251083297067,0.0019816015181922555,-1
2025-10-09 07:55:00,102.8108940104988,102.91161932824318,102.66384437861385,102.70194353843176,1835.9862372527084,-0.0010597171935488,102.54845275735713,102.08895937121096,0.307945177284443,-0.014150819578720664,0.0020024832804061443,-1
2025-10-09 08:00:00,102.70194353843176,102.75932704947202,102.53747439283408,102.61272723803545,2156.8471084090793,-0.0008686914514225,102.5613076534928,102.13657463183137,0.3148141786880184,-0.01457638535227146,0.0019940017283507088,-1
2025-10-09 08:05:00,102.61272723803545,102.645709664828,102.35545083415792,102.4312593765174,7038.251421651406,-0.0017684732333161,102.53529799809772,102.16336415407554,0.3005965311141644,-0.01173468413690304,0.0020320848972959693,-1
2025-10-09 08:10:00,102.4312593765174,102.46321119632115,101.97468367841206,102.06980005566037,4892.632148813774,-0.0035287989531437,102.44219840961026,102.15485832694688,0.3226724798193083,-0.0059723848578995264,0.00214663816657272,-1
2025-10-09 08:15:00,102.06980005566037,102.07065907394323,101.88756252959917,101.89400073896186,1401.4787257311775,-0.0017223440880909,102.3325588754806,102.13114400076644,0.3183525840907779,-0.007632575103262207,0.0021341743618251154,-1
2025-10-09 08:20:00,101.89400073896186,102.08553242884216,101.82350728869623,101.99121936552356,3171.5366902285527,0.0009541153145096,102.26429097348918,102.1184235793807,0.3220345642270997,-0.005591149379018057,0.0021185048722905013,-1
2025-10-09 08:25:00,101.99121936552356,102.08516877034528,101.79568438909789,101.8164592100352,2469.3626578929184,-0.0017134823622615,102.1747246207984,102.09097227307656,0.3080574075274975,-0.000731445718203938,0.0021473762467619844,0
2025-10-09 08:30:00,101.8164592100352,101.90638030118173,101.70435804896265,101.74334439307742,2002.5543120523237,-0.0007181041014885,102.0884485752542,102.05936973853116,0.3019499498597874,-0.0011198941793497674,0.0021119193963160137,-1
2025-10-09 08:35:00,101.74334439307742,101.74898635515234,101.37722898004128,101.45972887186534,2621.932693573613,-0.0027875584678674,101.96270463457644,102.00485693247064,0.3026655031346986,0.002755266989778127,0.0021784206407292083,1
2025-10-09 08:40:00,101.45972887186534,101.55345141020528,101.36314036214878,101.55128649677695,1438.2798805149228,0.0009024036031797,101.88042100701657,101.9636232564985,0.285189276211693,-0.0003593138114711403,0.00218037186864617,0
2025-10-09 08:45:00,101.55128649677695,101.82552381510531,101.48100628879295,101.79706268593648,3695.2240463828007,0.0024202173860921,101.86374934280056,101.9484813864474,0.2675579388109566,-0.0016892902542889887,0.0021041924092659262,-1
2025-10-09 08:50:00,101.79706268593648,101.84815503116572,101.6064282516896,101.7057011809058,1379.1858858766195,-0.0008974866525621,101.8321397104216,101.92641045867089,0.2737210979790784,-0.0003370899861293575,0.002100813588471108,0
2025-10-09 08:55:00,101.7057011809058,101.75806635425164,101.33720886699936,101.35706570376392,3131.747080389216,-0.0034278852915213,101.73712490909008,101.87465184458844,0.2902608016389812,0.002148151175708657,0.002193368658059249,1
2025-10-09 09:00:00,101.35706570376392,101.3671002549312,101.11117022578416,101.21006593036483,1274.8096249241732,-0.0014503159930527,101.63171311334504,101.81423494329538,0.2864387512970237,-0.0002486824537918375,0.002206135202110374,0
2025-10-09 09:05:00,101.21006593036483,101.38630233821009,101.20891688364898,101.36012665635184,2637.3921144160568,0.0014826660234592,101.5773958219464,101.77295237175504,0.2814109302207208,0.00013882826000699566,0.002214836956413667,0
2025-10-09 09:10:00,101.36012665635184,101.57239690748168,101.3237458634968,101.48155359272506,2919.0203859693656,0.0011979753812354,101.55822737610214,101.74646157366142,0.2833251007455004,-0.0006528015702680356,0.002212892966813058,0
2025-10-09 09:15:00,101.48155359272506,101.53006388766258,101.46415584396844,101.48516569303808,1563.0359891229298,3.559366392336116e-05,101.54361503948934,101.72270740269566,0.2673000445329328,-0.0022810427162008873,0.0021985992237071373,-1
2025-10-09 09:20:00,101.48516569303808,101.52162610336624,101.2931304891178,101.3188239261412,1794.5696307126636,-0.0016390746939312,101.49865681681972,101.68599072300889,0.2487263371285999,-0.0025358625252660527,0.002163677396946531,-1
2025-10-09 09:25:00,101.3188239261412,101.40850696683351,101.00286473637162,101.064253907575,3659.1427488345594,-0.0025125638918959,101.4117762349708,101.62946919433308,0.2646224575655874,-0.0014991186806301293,0.002197756195074372,-1
2025-10-09 09:30:00,101.064253907575,101.29630068118662,101.04473340424028,101.2504044471092,1388.8561611146251,0.0018419028720524,101.37950187739848,101.59500876276726,0.2638754673370463,0.0006715334497904291,0.002225520277199806,0
2025-10-09 09:35:00,101.2504044471092,101.29244789935056,101.16768574253145,101.24862686503546,1751.0661997954012,-1.755629603106268e-05,101.35332687492588,101.5635194993371,0.2521095941635961,-0.0019536430905641167,0.002091836744456327,-1
2025-10-09 09:40:00,101.24862686503546,101.30877013212208,101.09364363793551,101.11700458376632,3987.428116183321,-0.0012999907785868,101.30606241669398,101.52292723428522,0.2530456114469877,0.002227621592034934,0.0020909246304740173,1
2025-10-09 09:45:00,101.11700458376632,101.25176456041042,101.04044474316945,101.22926090198878,4938.440768920989,0.0011101626149285,101.29070211375294,101.49623029498554,0.2415857858848389,0.0017416327034416312,0.002086669770969409,1
2025-10-09 09:50:00,101.22926090198878,101.56068951373048,101.13789976864368,101.46019992735911,5265.629773819732,0.0022813465524946,101.3246016764742,101.4929548070195,0.2581914071012871,0.0014904143088874111,0.0021197881450483636,1
2025-10-09 09:55:00,101.46019992735911,101.54534081549696,101.05085897763088,101.11628712574988,3442.399696391427,-0.0033896326032814,101.28293876632934,101.45871229054045,0.2689031436408393,0.00596984605976747,0.002066751293800057,1
2025-10-09 10:00:00,101.11628712574988,101.49700516804307,101.0648769013227,101.42097122270272,2503.041768550961,0.0030132049505924,101.31054525760402,101.45528128437338,0.2825032498725721,0.001175116504791296,0.002129209829026955,1
2025-10-09 10:05:00,101.42097122270272,101.8064716892601,101.3526383878264,101.74198599690334,2779.1107314687993,0.0031651715649194,101.3968334054639,101.48134534914884,0.2848586651712454,-0.0004293005224241808,0.0021762138835291966,0
2025-10-09 10:10:00,101.74198599690334,101.82980691220747,101.58711698671326,101.62940261390403,2658.2330277813658,-0.0011065577489584,101.44334724715192,101.49480510049024,0.2839129434817573,-0.0018202407248243402,0.0020874861593808123,-1
2025-10-09 10:15:00,101.62940261390403,101.82053458393946,101.582700395825,101.73927751361782,3597.776928623065,0.0010811329879718,101.50253330044512,101.51702986532,0.288230710164142,-0.0026549487914888648,0.001904410342654297,-1
2025-10-09 10:20:00,101.73927751361782,101.82063136380818,101.43909054278188,101.514797716966,5114.557714423659,-0.0022064221619991,101.50498618374932,101.51682694274236,0.2977228370956735,-0.0011668539389848576,0.0019281640926461627,-1
2025-10-09 10:25:00,101.514797716966,101.6822932826558,101.45748619890244,101.62509790002588,2423.377031548671,0.0010865429035029,101.52900852700463,101.52666975704084,0.3090727685284754,-0.002028443637846822,0.0019434482876845602,-1
2025-10-09 10:30:00,101.62509790002588,101.70149484965714,101.5414179436863,101.67141720750546,1336.77168789551,0.0004557861043845,101.5574902631048,101.539828616174,0.3041857179372179,-0.006321388577498754,0.0019129280623434255,-1
2025-10-09 10:35:00,101.67141720750546,101.76884022403956,101.5251334819659,101.57479600362184,8681.110659509846,-0.0009503280915855,101.56095141120822,101.54300746957834,0.2926188973380569,-0.004859530774394827,0.0019117096880998474,-1
2025-10-09 10:40:00,101.57479600362184,101.57500392498508,101.18069303118124,101.18489676282084,4649.327535548364,-0.0038385431833612,101.48574048153075,101.5104519507822,0.3028148699707336,-0.0007306496194287027,0.0020077294426640944,0
2025-10-09 10:45:00,101.18489676282084,101.4304424322654,101.17982334742544,101.37419830636964,4262.585870684753,0.0018708478202289,101.46343204649854,101.4980652558356,0.3118046505436516,-0.004081286462000344,0.002032726665265803,-1
2025-10-09 10:50:00,101.37419830636964,101.48759084721542,101.27292557525176,101.4153062751865,3602.7483446014735,0.0004055072148891,101.45380689223612,101.49054171214024,0.311771706099158,-0.007151204095366959,0.0019498071335890817,-1
2025-10-09 10:55:00,101.4153062751865,101.44916042295084,101.23290080017786,101.25367369503154,4108.045521398786,-0.0015937690876401,101.41378025279522,101.46900825603944,0.312124549351444,-0.006021777680368934,0.0019466970615740807,-1
2025-10-09 11:00:00,101.25367369503154,101.34019534763848,101.01374141827716,101.06189331744288,8226.056664926751,-0.0018940584631653,101.34340286572476,101.4319978070761,0.3052434196567688,-0.006179602755664648,0.0019575371952544876,-1
2025-10-09 11:05:00,101.06189331744288,101.1275842785675,100.8731748161178,100.9127465965982,4095.8582361881254,-0.0014757958311368,101.25727161189944,101.38479315157812,0.2880953928413134,-0.0044620972602278375,0.0019523829305145418,-1
2025-10-09 11:10:00,100.9127465965982,101.3934696669734,100.90437885804933,101.31839748050024,2353.483583646861,0.0040198180862487,101.26949678561962,101.37875718148013,0.2921641458558629,-0.009484786619726515,0.002092457551928618,-1
2025-10-09 11:15:00,101.31839748050024,101.3356991130966,100.96317208261392,101.05082318473148,4146.597660666458,-0.0026409250681274,101.225762065442,101.34894499995752,0.2863565550736453,-0.007058015760933234,0.002086599339229254,-1
2025-10-09 11:20:00,101.05082318473148,101.34495829529298,101.02169325594288,101.342255006499,1241.486005460677,0.0028840123472793,101.2490606536534,101.348336818734,0.2921119203490657,-0.00935618827202489,0.0021465880532662834,-1
2025-10-09 11:25:00,101.342255006499,101.41241441268188,101.33352485481784,101.4055650933209,7809.550521240454,0.0006247155919103,101.28036154158691,101.353539389151,0.2807587324740349,-0.012474625956167995,0.0021026244423198517,-1
2025-10-09 11:30:00,101.4055650933209,101.66896368695232,101.3201733347442,101.61141766111344,3410.3641348636465,0.0020299928076246,101.34657276549224,101.37698286842031,0.2784194132727354,-0.014530341262625979,0.002131120646799024,-1
2025-10-09 11:35:00,101.61141766111344,101.77327612790924,101.58902915883505,101.71993579402584,2919.224181578116,0.0010679718422421,101.42124537119896,101.40816040711172,0.2755222622242245,-0.01613955712924653,0.0020461708571685375,-1
2025-10-09 11:40:00,101.71993579402584,101.72537177288211,101.47752747760607,101.54015267991848,6333.513228785014,-0.001767432437938,101.44502683294286,101.4201597046396,0.2817913614603092,-0.012980317706582478,0.00205473999128853,-1
2025-10-09 11:45:00,101.54015267991848,101.69942192080714,101.4674828260366,101.6983081091624,5204.3488087393935,0.0015575654070805,101.49568308818678,101.44544592323258,0.2809508152243732,-0.014931226807597509,0.0020564033427579887,-1
2025-10-09 11:50:00,101.6983081091624,101.70280852591638,101.37633980502432,101.44441263642663,2888.2476848558736,-0.0024965555224697,101.48542899783476,101.4453519880684,0.2761049457306766,-0.011940132704329365,0.0020964488755668594,-1
2025-10-09 11:55:00,101.44441263642663,101.5190013615859,101.38651476228851,101.4691649417361,3384.4616732366735,0.0002439987049671,101.48217618661504,101.4475168020382,0.2676669110490642,-0.012287077220417109,0.002096916525414727,-1
2025-10-09 12:00:00,101.4691649417361,101.49304544535784,101.30867343117062,101.3963447753847,1240.7241304507954,-0.0007176580825634,101.46500990436898,101.44286479961517,0.265503106922177,-0.010363217895613341,0.002079980751667393,-1
2025-10-09 12:05:00,101.3963447753847,101.50874561025783,101.35422824832496,101.418957116745,1507.5544460111685,0.0002230094330362,101.4557993468442,101.44069137389968,0.2610929454335969,-0.010858161358442642,0.0020278431844356023,-1
2025-10-09 12:10:00,101.418957116745,101.4414725326457,100.9570806576113,101.02871267211182,5071.516711382095,-0.0038478451734025,101.37038201189772,101.40323876464625,0.2723742272673886,-0.008058150920652762,0.0021186335639769432,-1
2025-10-09 12:15:00,101.02871267211182,101.08919432840278,101.01296286003348,101.08119015653936,5425.904874285296,0.0005194313877665,101.31254364082604,101.3739616184547,0.2596472276902172,-0.00852084437063827,0.0021211574036695594,-1
2025-10-09 12:20:00,101.08119015653936,101.18819074361862,101.08118507276224,101.11096605650916,2456.144954627303,0.0002945740935944,101.27222812396268,101.35005293100512,0.2323554321139543,-0.009464508311747832,0.0021095321465762476,-1
2025-10-09 12:25:00,101.11096605650916,101.14225479417338,100.87154681231785,100.96046116322572,2301.4078040513964,-0.0014885120690009,101.20987473181528,101.31463549757062,0.2250826429263028,-0.007560750291670804,0.0021154392519985433,-1
2025-10-09 12:30:00,100.96046116322572,101.03344264862956,100.60241681927776,100.69006472161848,4349.85926881237,-0.0026782409518719,101.10591272977594,101.25785633612044,0.232779842212139,-0.0037877311225233967,0.002118464838652505,-1
2025-10-09 12:35:00,100.69006472161848,100.73598461974376,100.60290272574495,100.64394658271944,2355.4758753074007,-0.0004580207493811,101.01351950036464,101.20204635853852,0.2366507233646229,-0.0021875657097264467,0.0020396035491793718,-1
2025-10-09 12:40:00,100.64394658271944,100.74181989490994,100.43034274155902,100.43737096300572,1950.33806879042,-0.0020525389427563,100.89828979289288,101.13253041349007,0.2339854948748236,-0.0028827242984252877,0.00198241575750539,-1
2025-10-09 12:45:00,100.43737096300572,100.50986448685448,100.42010297373928,100.46246410648745,3980.366166011127,0.0002498387128329,100.8111246556118,101.07161529467164,0.2272365337348938,-0.001298707797047327,0.0018823741263609703,-1
2025-10-09 12:50:00,100.46246410648745,100.52359211737894,100.30637479893032,100.35741409974506,2944.870793842459,-0.0010456642456135,100.72038254443846,101.00668791331468,0.2250488925329362,-0.0006153953396089706,0.001881660886560039,0
2025-10-09 12:55:00,100.35741409974506,100.38404342343937,100.29685306987344,100.33760488203838,3060.9550062867056,-0.0001973866892085,100.64382701195844,100.94586218319866,0.214709696732606,0.0010487924610811383,0.001862856500502695,1
2025-10-09 13:00:00,100.33760488203838,100.44536210679918,100.24377747445487,100.39407778874664,2648.2930508715303,0.0005628289291401,100.5938771673161,100.8956999655212,0.2057894046934803,0.0030097592804021467,0.0018419603569238,1
2025-10-09 13:05:00,100.39407778874664,100.43613966590355,100.13750777071772,100.14056859890788,2833.776871801841,-0.0025251408790485,100.50321545363444,100.82705165946544,0.21765692582837,0.004982142875405771,0.0018619438354833219,1
2025-10-09 13:10:00,100.14056859890788,100.2030283949541,100.10468431494203,100.13496908631824,1776.4575467306756,-5.591652482095366e-05,100.42956618017122,100.7641350619066,0.2115120733872859,0.00430195683351875,0.001856030131621811,1
2025-10-09 13:15:00,100.13496908631824,100.16087990782223,100.05151002436564,100.07822107909487,3545.59640314502,-0.0005667151819306,100.35929715995596,100.70177924528736,0.2082872534961219,0.003846740140606375,0.0018540926438451847,1
2025-10-09 13:20:00,100.07822107909487,100.27543219449814,100.0533804065184,100.22212923815825,1921.8830825836592,0.0014379568053035,100.33186357559642,100.6581746991847,0.1895486758493589,0.0015307755140312462,0.0017771584036985414,1
2025-10-09 13:25:00,100.22212923815825,100.28920684968352,100.1126069631958,100.17982760483557,986.2735412910756,-0.0004220787728641,100.30145638144424,100.6146885996984,0.1967178485721023,0.0025752461243537805,0.001732590451697156,1
2025-10-09 13:30:00,100.17982760483557,100.26631035109112,100.14881614815526,100.23315288743495,1993.1374539326837,0.0005322956115452,100.2877956826424,100.58000353494718,0.1974670294349211,-0.0011956448202843362,0.0017345622345903537,-1
2025-10-09 13:35:00,100.23315288743495,100.25464908631533,100.13762416499696,100.22240547660574,2434.9895452051787,-0.0001072241121785,100.27471764143507,100.5474946205525,0.186489667967979,-0.00397966586191234,0.0017204374895857782,-1
2025-10-09 13:40:00,100.22240547660574,100.37287372167344,100.13599292143311,100.34555236065866,3398.1644438639532,0.0012287360642293,100.2888845852798,100.52913623328942,0.1726221658885864,-0.00451184411155825,0.0017167431722119415,-1
2025-10-09 13:45:00,100.34555236065866,100.37980604870091,100.29961360540987,100.31773371556642,1819.2056713414695,-0.0002772284813605,100.29465441133712,100.50991782258733,0.1688443479808878,-0.002659078765892331,0.0017014869731162797,-1
2025-10-09 13:50:00,100.31773371556642,100.40449358786304,100.1638356337854,100.21460805808069,1432.0557252078888,-0.0010279903030717,100.27864514068584,100.48307148035944,0.1637858337470815,0.0005192133897260476,0.001523969458231916,0
2025-10-09 13:55:00,100.21460805808069,100.26938812039968,100.1589204487458,100.2198930664166,4563.436657802675,5.273690570994915e-05,100.266894725832,100.459146170001,0.1652648450712744,0.001917407825745121,0.0014661370957283664,1
2025-10-09 14:00:00,100.2198930664166,100.25082182401133,100.11965492065984,100.15400047785847,2728.872973988504,-0.0006574801323571,100.24431587623732,100.4314056525335,0.1591183868500516,-0.00024289085551765233,0.0013504971119237064,0
2025-10-09 14:05:00,100.15400047785847,100.2790527192468,100.13498744053464,100.19712432703864,4429.826136852894,0.0004305754036226,100.2348775663976,100.41010735021578,0.1631808815033539,-0.0001877025188057324,0.0013463250148862235,0
2025-10-09 14:10:00,100.19712432703864,100.3637690583178,100.1243366194228,100.30867782974352,1304.4713661789654,0.0011133403623517,100.24963761906676,100.4008864847183,0.1658842962569744,-0.00022841351155289402,0.0013025735157519837,0
2025-10-09 14:15:00,100.30867782974352,100.4501119135214,100.25342566187932,100.42378133628354,3043.205721351116,0.0011474930088839,100.28446636251012,100.4029678348606,0.1586024645752774,0.0022823108641905065,0.0013055415136816225,1
2025-10-09 14:20:00,100.42378133628354,100.5136073487469,100.0478435315553,100.14783771326071,2462.0266300374874,-0.0027477916022577,100.25714063266024,100.37977418744242,0.1848467315166735,0.007121057774370332,0.001349433674948302,1
2025-10-09 14:25:00,100.14783771326071,100.4243829493723,100.12953679448334,100.33199272104176,3938.251004398634,0.0018388315912349,100.27211105033656,100.37543041776964,0.1980950366189862,0.004088876607238223,0.0013636418416013761,1
2025-10-09 14:30:00,100.33199272104176,100.38301988652977,100.28369285536044,100.29565461481286,4577.419998625948,-0.0003621786555154,100.27681976323184,100.36817807204628,0.1893289825611016,0.003240005140384472,0.001310026340261004,1
2025-10-09 14:35:00,100.29565461481286,100.4915905454766,100.23806078822552,100.4428382056016,3000.608921553206,0.0014674971847385,100.3100234517058,100.37496535691496,0.1948239733299144,0.0011678537902801711,0.0013454481632983472,1
2025-10-09 14:40:00,100.4428382056016,100.77021114735273,100.40506456586078,100.69623979606874,4116.6157458798625,0.002522843788508,100.38726672057838,100.40417212411076,0.2125134289410632,-0.0019761801263831202,0.0014333770400916097,-1
2025-10-09 14:45:00,100.69623979606874,100.74579620604013,100.6375777613611,100.63948321929202,2634.620257143525,-0.0005636414715352,100.43771002032112,100.4255640418545,0.2118843948953964,-0.002926042740673651,0.0014323591809323878,-1
2025-10-09 14:50:00,100.63948321929202,100.73586419788607,100.54887692462545,100.56574540085332,2827.747809467425,-0.0007326927372829,100.46331709642756,100.43830780176349,0.2083205715397064,-0.004181202369905934,0.001276647456173514,-1
2025-10-09 14:55:00,100.56574540085332,100.60531414417976,100.38237205043644,100.4631959893203,3308.754107028054,-0.0010197250676586,100.46329287500612,100.44057036426864,0.2185169751434403,-0.0074095053924182475,0.001279885478587334,-1
2025-10-09 15:00:00,100.4631959893203,100.53550896344152,100.29397896031712,100.37554681956009,1789.8071348413655,-0.0008724505416843,100.44574366391691,100.4346591329315,0.2185792643610651,-0.0024535189332174356,0.0012822326329699144,-1
2025-10-09 15:05:00,100.37554681956009,100.49833772004642,100.27733295342296,100.43781531761336,1998.4935891613911,0.0006203552560986,100.4441579946562,100.43494605881166,0.226474771144606,-0.0028538322042579445,0.0012694503102854769,-1
2025-10-09 15:10:00,100.43781531761336,100.51319344394916,100.07367052459809,100.11330963736432,6963.422341717407,-0.0032309113775809,100.37798832319784,100.40570638413465,0.2485002008588626,0.003480003189379577,0.001307971763896994,1
2025-10-09 15:15:00,100.11330963736432,100.14833798723944,99.7832223807894,99.82355379093175,1588.3712261554592,-0.0028942789673231,100.26710141674464,100.3527834211162,0.2642895099829963,0.0027345858388925226,0.001392902615150354,1
2025-10-09 15:20:00,99.82355379093175,99.93658711839512,99.78654607155644,99.89280887111916,2516.021164311203,0.0006937749414577,100.19224290761954,100.31096755293464,0.2579044105504025,0.0013569973085667542,0.0013628452294464847,1
2025-10-09 15:25:00,99.89280887111916,100.07562737530998,99.81108629586326,100.05098096000091,6081.023108525559,0.0015834181726315,100.16399051809584,100.28733240812248,0.2627511839650194,0.0010943710567312692,0.0013960506215291402,1
2025-10-09 15:30:00,100.05098096000091,100.2858438975202,100.03448737906464,100.26664082443058,3928.5604764929526,0.0021554997498314,100.18452057936278,100.28545135505958,0.2474363769124465,-0.0022884741917813534,0.0014420557548366051,-1
2025-10-09 15:35:00,100.26664082443058,100.49650501322056,100.17394770181072,100.41205547367748,4107.558307227388,0.0014502794553725,100.23002755822571,100.29696082038848,0.2494157452353675,-0.00039137786221854487,0.001465018382420984,0
2025-10-09 15:40:00,100.41205547367748,100.41704119902072,100.08716350949892,100.1296739869989,5018.858614523557,-0.0028122269317812,100.20995684398036,100.28175292644396,0.2658836494034001,0.004012047440196342,0.0015443341078619586,1
2025-10-09 15:45:00,100.1296739869989,100.19327645397811,100.1090185144836,100.17831707442537,4015.6982285822073,0.0004858009168469,100.20362889006935,100.27234966716956,0.2537928052779321,0.000328813195868527,0.0014810594373816316,0
2025-10-09 15:50:00,100.17831707442537,100.29909375208612,100.16439889768122,100.2857659724012,10130.48100747617,0.0010725763929135,100.22005630653574,100.27356933128152,0.2373319676288586,0.002598394155381545,0.0014927584777022405,1
2025-10-09 15:55:00,100.2857659724012,100.75325130980616,100.23250466477154,100.65297962345043,4827.914139126965,0.0036616726959068,100.30664096991867,100.30806117602415,0.2667982676542593,-0.0012054008720286946,0.0016184350748822908,-1
2025-10-09 16:00:00,100.65297962345043,100.86120752102782,100.5589039738872,100.8609962515951,4958.1866801963515,0.0020666713387209,100.41751202625396,100.35832800107606,0.2750351443599704,-0.0015107970976860896,0.0016378950868359346,-1
2025-10-09 16:05:00,100.8609962515951,100.90891637296914,100.67065279914976,100.74223785903642,2008.3329722907515,-0.0011774461582992,100.48245719281049,100.39322889725428,0.2761295357939752,-0.004305451472594202,0.0016525258265161053,-1
2025-10-09 16:10:00,100.74223785903642,100.78362430941328,100.60342933007958,100.62061305132308,2188.47286838199,-0.0012072871349505,100.510088364513,100.4139001839878,0.2717484626660698,-0.0036894540431166023,0.001668967735165469,-1
2025-10-09 16:15:00,100.62061305132308,100.66042480756494,100.524193359355,100.56014075490651,2622.698477966248,-0.0006009931224103,100.52009884259172,100.42719478134406,0.2656932256365323,-0.0007469448939957379,0.001673431216009612,0
2025-10-09 16:20:00,100.56014075490651,100.60373067897552,100.43139081201387,100.49724588818223,2544.2379932882395,-0.0006254452932554,100.51552825170982,100.4335630637839,0.2466087218944293,-0.0017551048752437737,0.0016654012461581687,-1
2025-10-09 16:25:00,100.49724588818223,100.55652849840315,100.25128718884008,100.34500778999306,8119.684951205318,-0.0015148484602113,100.48142415936648,100.42551258434835,0.2423319864025056,-0.0036581417235174163,0.0016874357141402072,-1
2025-10-09 16:30:00,100.34500778999306,100.44341224059464,100.14236504493785,100.14525966785192,3905.2075152981606,-0.0019906134499403,100.41419126106358,100.40003504648504,0.2531181398895126,-0.0009393074415282587,0.001714891595993349,-1
2025-10-09 16:35:00,100.14525966785192,100.2224646340054,99.63490750685006,99.71881339689786,2510.3828436320573,-0.004258277150296,100.27511568823044,100.33810580561348,0.2761907147258426,0.00567507221374175,0.0018711871758657216,1
2025-10-09 16:40:00,99.71881339689786,100.1541011807434,99.65351251973506,100.12927351500625,2921.3038944525997,0.0041161753146288,100.2459472535856,100.31912105192193,0.2939930106224691,-0.0011941847389124183,0.002014617710296013,-1
2025-10-09 16:45:00,100.12927351500625,100.22178357425624,100.07575689108302,100.15118264573464,2218.856469417173,0.0002188084459147,100.22699433201542,100.3038539240867,0.2813836800341381,-0.0035895217453912887,0.0020134857054529194,-1
2025-10-09 16:50:00,100.15118264573464,100.4678223970298,100.14197971695955,100.4617042742017,6223.010592549572,0.003100528823164,100.27393632045268,100.31820395591532,0.2810954650733127,-0.00919745322926413,0.002078906102622569,-1
2025-10-09 16:55:00,100.4617042742017,100.53349514930837,100.09205494794448,100.09652986751637,964.4704457847262,-0.0036349612951879,100.23845502986542,100.29805176606088,0.3066084837782646,-0.001323481240248614,0.0021674610248127515,-1
2025-10-09 17:00:00,100.09652986751637,100.19157710240428,99.99494323140831,100.02836314390244,2570.999859143341,-0.0006810098582251,100.19643665267284,100.27353461859192,0.3110326992490552,0.004143148522351758,0.0021161943407126075,1
2025-10-09 17:05:00,100.02836314390244,100.16835962385596,99.9561970503265,100.16047385776112,2039.9752432443345,0.0013207325373165,100.18924409369048,100.26325636760728,0.288990979855828,0.0026642166858814598,0.0021033373859181874,1
2025-10-09 17:10:00,100.16047385776112,100.17665205731774,99.95409208928176,100.03718320460726,1529.6830888785953,-0.0012309312087415,100.15883191587383,100.24270426188,0.283295009919782,0.0009099882865846176,0.0021130632936213764,1
2025-10-09 17:15:00,100.03718320460726,100.4182560414739,99.95615588811012,100.37275641806522,4019.850080431374,0.0033544848296218,100.20161681631213,100.25452718516956,0.2992833370300961,-0.002479334331577654,0.0021827773844428464,-1
2025-10-09 17:20:00,100.37275641806522,100.6091350088208,100.28219758908824,100.53139898920612,2337.338808831171,0.0015805341688548,100.26757325089092,100.27969734917288,0.3097649399157284,-0.0032990442387513808,0.002153533274776944,-1
2025-10-09 17:25:00,100.53139898920612,100.62372441038433,100.1974366220709,100.21125702701934,1647.9323124492205,-0.0031844972357456,100.25631000611662,100.27347550170435,0.3304832499231196,-0.0005492027301620128,0.002222472936674912,0
2025-10-09 17:30:00,100.21125702701934,100.5921755026728,100.1361464922041,100.54634792057183,5442.8178844165095,0.0033438448283524,100.31431758900769,100.29828208523776,0.350746760173623,-0.005705124757385938,0.0023022636667779164,-1
2025-10-09 17:35:00,100.54634792057183,100.59586727311272,100.5287519720364,100.53165243404004,1542.342081961153,-0.0001461563431761,100.35778455801416,100.31949757149252,0.3337377595674248,-0.007977502828856342,0.0022949922981427406,-1
2025-10-09 17:40:00,100.53165243404004,100.71989964434285,100.4492623659026,100.70861575118846,2155.601214782259,0.0017602746285754,100.42795079664904,100.35487195146489,0.3315656226233859,-0.014661859808795308,0.0023089723702587224,-1
2025-10-09 17:45:00,100.70861575118846,100.7387765749946,100.22060286720328,100.3084970426938,1392.2759027449922,-0.0039730335434576,100.404060045858,100.3506560506675,0.3266096640973838,-0.011236634250544775,0.002416259285706915,-1
2025-10-09 17:50:00,100.3084970426938,100.39648492633869,100.16520475562903,100.24937792368,1878.995633986549,-0.0005893729918875,100.3731236214224,100.34144894821408,0.3073733433617615,-0.007350660021428146,0.0023477913719624514,-1
2025-10-09 17:55:00,100.24937792368,100.5462596812244,100.22187048610036,100.48502787123014,2386.865704275445,0.0023506375044994,100.39550447138394,100.35450157757916,0.3201135227868202,-0.01202522235100667,0.002318867802197278,-1
2025-10-09 18:00:00,100.48502787123014,100.56078728492598,100.23111440664466,100.32086268197531,2585.435537166737,-0.0016337278571011,100.38057611350224,100.35144349616064,0.3203871083733257,-0.013259170402304177,0.0023395824231290606,-1
2025-10-09 18:05:00,100.32086268197531,100.40044686873787,99.90213144167396,99.9779315302498,2416.3112088060634,-0.0034183433291702,100.30004719685176,100.31748786289602,0.3244496244947571,-0.010300608883686224,0.0024059228552827006,-1
2025-10-09 18:10:00,99.9779315302498,100.12683014456786,99.97039445568736,100.05119248021212,3468.776195493889,0.0007327712110161,100.25027625352382,100.29327919174293,0.3215783257722243,-0.010764291948285543,0.0023774000506261417,-1
2025-10-09 18:15:00,100.05119248021212,100.37577428825573,100.04616933554748,100.28472486399389,1882.3102820812644,0.0023341289393221,100.25716597561784,100.29250152558392,0.3299670671421363,-0.012699742486803722,0.0024005871491665793,-1
2025-10-09 18:20:00,100.28472486399389,100.30707528737888,99.92301116007818,100.00970066465624,2642.687590368219,-0.00274243360303,100.20767291342553,100.26679235640869,0.341503078518189,-0.009474208093853353,0.00239801459016944,-1
2025-10-09 18:25:00,100.00970066465624,100.06541305304474,99.75849568525948,99.79168779780112,1925.5370934839875,-0.0021799172020935,100.12447589030066,100.2236010328989,0.3304185938340081,-0.0064356674630722255,0.002425494797626196,-1
2025-10-09 18:30:00,99.79168779780112,99.83763308825056,99.52110113277584,99.53771244780756,2635.276325584282,-0.0025450551603874,100.00712320180205,100.16124752516332,0.3296753463870183,-0.0041935906861624295,0.0024523724309963484,-1
2025-10-09 18:35:00,99.53771244780756,100.01304660187424,99.51228516415745,99.96405398802273,3765.090763290256,0.0042832161773729,99.99850935904618,100.14332083996872,0.3349948927729745,-0.0074600908033505275,0.0024864228969540283,-1
2025-10-09 18:40:00,99.96405398802273,100.44661470769029,99.86792557385373,100.44279550885535,3248.453744355461,0.0047891367119825,100.08736658900804,100.17054580986748,0.3437563301563945,-0.012107009686286418,0.00261037971343022,-1
2025-10-09 18:45:00,100.44279550885535,100.5309906289582,100.35194067164912,100.42732306347877,7073.774397656364,-0.0001540423611093,100.15535788390218,100.19388919655944,0.3517516627444479,-0.012771875721240722,0.0026033487084933388,-1
2025-10-09 18:50:00,100.42732306347877,100.43590651977036,100.11612738090788,100.12821586954637,3952.441334537657,-0.002978344785147,100.14992948103102,100.18791889410367,0.3552617956317517,-0.010584973598922298,0.0026462403012113044,-1
2025-10-09 18:55:00,100.12821586954637,100.1653941780837,100.08339194005984,100.12389879712283,1713.7909047193766,-4.3115443394525776e-05,100.1447233442494,100.18209888528725,0.3241066906483628,-0.0059598400228291215,0.002645009965986092,-1
2025-10-09 19:00:00,100.12389879712283,100.25482908385052,100.11733845418128,100.19974145655716,1427.4630739105412,0.0007574880757288,100.15572696671096,100.18370275540268,0.3174074377169051,-0.0072732950026038745,0.0026479914974005367,-1
2025-10-09 19:05:00,100.19974145655716,100.25616286476964,100.0961347037284,100.15622073106714,2035.0556054879953,-0.0004343396984599,100.1558257195822,100.181204389554,0.3056673638538478,-0.00793877626015227,0.0026360888317528207,-1
2025-10-09 19:10:00,100.15622073106714,100.193280703088,99.9212447733032,99.97271846178543,3341.989014377913,-0.0018321604783233,100.11920426802286,100.16225112339322,0.301550438961239,-0.006348708001305936,0.0026324829573473865,-1
2025-10-09 19:15:00,99.97271846178543,100.0547593636539,99.6879933099729,99.72966089235788,2594.315969303377,-0.0024312389736653,100.04129559288988,100.12292473875364,0.292154055148175,-0.00159900157430648,0.0025570098864126337,-1
2025-10-09 19:20:00,99.72966089235788,99.79743304186216,99.17431118682414,99.2320401455067,1645.1172705548947,-0.0049896965696923,99.87944450341324,100.04193523027664,0.3254887813022823,0.0019874457945154855,0.0025913619929260417,1
2025-10-09 19:25:00,99.2320401455067,99.29227197810155,99.12862250003354,99.1813671492032,2753.078519056174,-0.0005106515620277,99.73982903257124,99.96370176836086,0.3136348188279813,0.006020534272079825,0.002590058882605314,1
2025-10-09 19:30:00,99.1813671492032,99.53641023328414,99.16232446922768,99.51247882920336,2876.681282391549,0.0033384464190946,99.69435899189769,99.92268150116472,0.3129220785962506,0.002531566771744931,0.002600458136583206,1
2025-10-09 19:35:00,99.51247882920336,99.59161787073948,99.19973410885812,99.2766730681315,2307.797841469456,-0.0023696099609435,99.61082180714445,99.86395346179808,0.318991106745973,0.0040576298944670075,0.00255726872472315,1
2025-10-09 19:40:00,99.2766730681315,99.35182244184588,98.9179090138566,98.99069126876884,3323.647159687029,-0.0028806545437556,99.48679569946933,99.7845659897045,0.3273754976398706,0.007470016370169752,0.00259835510059107,1
2025-10-09 19:45:00,98.99069126876884,99.03255886878132,98.90070890049506,98.94809796055674,3326.655109490626,-0.0004302758942904,99.3790561516868,99.70852344160016,0.3010246783948318,0.0077180000800656234,0.0025810121612590492,1
2025-10-09 19:50:00,98.94809796055674,99.00512470137188,98.85354238363875,98.974212234581,5609.888643970507,0.0002639189086248,99.29808736826566,99.64176787732568,0.270517048673156,0.0037194821316437476,0.002578589836299296,1
2025-10-09 19:55:00,98.974212234581,99.08629476571532,98.96225913735752,99.0111346828612,3068.6950669658063,0.0003730511963326,99.24069683118476,99.58443758691982,0.2665874537480631,0.004791787723241958,0.0024936089323451182,1
2025-10-09 20:00:00,99.0111346828612,99.07617769601492,98.9207523251243,99.0621879491553,1784.384657914974,0.0005156315646481,99.20499505477888,99.53696034712304,0.2548478988929292,0.0055326095268461994,0.002473019229367807,1
2025-10-09 20:05:00,99.0621879491553,99.16164455176458,99.03447996253784,99.14946167955574,2795.20262396969,0.0008809994227589,99.19388837973426,99.501733195526,0.258073781121707,0.007145225423603296,0.002432475649025876,1
2025-10-09 20:10:00,99.14946167955574,99.2103954203866,99.06392351869025,99.12029202396452,2575.88976216329,-0.000294198829697,99.17916910858033,99.46705672538404,0.2587153005522162,0.01185552686592728,0.0023384301656968623,1
2025-10-09 20:15:00,99.12029202396452,99.2447675301362,99.11480765239794,99.21831306820104,4322.611522993668,0.0009889099621782,99.18699790050448,99.44444366564014,0.2565675660305747,0.012150444794929882,0.002351659532985623,1
2025-10-09 20:20:00,99.21831306820104,99.2627084018986,99.17186694051848,99.22673361071196,8303.055270908364,8.48688336914094e-05,99.19494504254598,99.42465184246484,0.2436251040016707,0.00837215739770203,0.0023202654136103315,1
2025-10-09 20:25:00,99.22673361071196,99.25343662310718,99.14150778595472,99.14467777429512,1115.697235161506,-0.0008269529131006,99.18489158889582,99.3991996544494,0.2254224456782024,0.004011959369997875,0.0022315903942398477,1
2025-10-09 20:30:00,99.14467777429512,99.19557092551928,98.99638563202092,99.06836134806002,1369.590260950301,-0.0007697480888368,99.16158554072868,99.36912344477764,0.1951412627110847,0.0009051158868080833,0.0022324103242192827,1
2025-10-09 20:35:00,99.06836134806002,99.58828070253068,98.98699728607616,99.52717637783005,3725.895124655007,0.0046312972529953,99.23470370814894,99.38349189323696,0.2264008297386906,-0.005628497246856656,0.002355036476870904,-1
2025-10-09 20:40:00,99.52717637783005,99.58947462387808,99.4179594722947,99.47095917775898,3454.0485642095346,-0.0005648427104738,99.28195480207096,99.39144346455711,0.2119315002763276,-0.007429349159025822,0.0023430088418865055,-1
2025-10-09 20:45:00,99.47095917775898,99.53490895584488,99.293474422914,99.36110290362078,3258.99503626409,-0.0011044054973059,99.29778442238091,99.38868523174472,0.2011851267798649,-0.005180644692141634,0.0022772768516155463,-1
2025-10-09 20:50:00,99.36110290362078,99.45036608397244,99.27861039948432,99.3380208641748,9499.708054547871,-0.0002323045816867,99.30583171073972,99.38407938014744,0.182459573672641,-0.005327645107307433,0.002271032060693937,-1
2025-10-09 20:55:00,99.3380208641748,99.63760230245964,99.29078062244912,99.57019300758596,3201.559948766826,0.0023371931652291,99.35870397010896,99.40099880082369,0.1978146959386586,-0.005586012715064426,0.002271143335016004,-1
2025-10-09 21:00:00,99.57019300758596,99.60497708943554,99.42863058750606,99.42925844637509,4523.331368411117,-0.0014154292258942,99.3728148653622,99.40356785951016,0.1995835662383984,-0.003433794451456418,0.002235452454617511,-1
2025-10-09 21:05:00,99.42925844637509,99.80474494549674,99.34913588347932,99.7784919692767,2154.567706410905,0.0035123818517661,99.4539502861451,99.43765186948892,0.2232673829283728,-0.005814477154555631,0.00229677201478419,-1
2025-10-09 21:10:00,99.7784919692767,99.82694805905363,99.76204269934574,99.76440131398134,10532.145708713137,-0.0001412193651884,99.51604049171236,99.46735636444278,0.2168016678438939,-0.003394581308097555,0.0022497287643620345,-1
2025-10-09 21:15:00,99.76440131398134,99.77494217764158,99.58901648573308,99.67950106459598,3724.154058402229,-0.0008510074562383,99.5487326062891,99.48664224627488,0.2209988894640184,0.00254065816119442,0.002119109144143628,1
2025-10-09 21:20:00,99.67950106459598,99.81235819458604,99.62896416575448,99.73015335304096,4685.995589641606,0.0005081515046123,99.58501675563949,99.50877961961726,0.2236361842593897,0.0011380649915089247,0.001927851372003511,1
2025-10-09 21:25:00,99.73015335304096,99.74255874275022,99.6206868696042,99.71177938853866,3576.8735031390434,-0.0001842368018553,99.61036928221932,99.52723414406464,0.2230584696456574,0.0015344711973883651,0.0019278250913161376,1
2025-10-09 21:30:00,99.71177938853866,99.7300323485587,99.30276113885895,99.34234504848104,3261.4555136788927,-0.003705022037748,99.55676443547166,99.51042604446614,0.2470891659542005,0.009184085198911562,0.0019652615505018458,1
2025-10-09 21:35:00,99.34234504848104,99.5825244364268,99.32429084768664,99.48557502249878,3162.1903465417854,0.0014417816888441,99.54252655287708,99.50816686065092,0.2575395053533214,0.008611467931339822,0.001987569784796945,1
2025-10-09 21:40:00,99.48557502249878,99.6110453461567,99.4660741393966,99.61026035395304,2186.3686683717433,0.0012533006059025,99.55607331309228,99.51744808731476,0.2536670705863031,0.006368136771864652,0.0019971674384179744,1
2025-10-09 21:45:00,99.61026035395304,99.93545483058844,99.59834775306852,99.85790693388508,3271.8627477004175,0.0024861553323127,99.61644003725084,99.54839889154844,0.2347973320909762,0.004335574747635462,0.0020512813870211437,1
2025-10-09 21:50:00,99.85790693388508,100.38046184113075,99.81165465960942,100.2954153090132,2328.056505502941,0.0043813092879845,99.75223509160332,99.61630947495432,0.2631753342294008,-0.0018831072777607538,0.0021717096932577402,-1
2025-10-09 21:55:00,100.2954153090132,100.43514689116137,100.28291445561688,100.4238597037823,2261.9338405286876,0.0012806606799857,99.88656001403912,99.68972313212048,0.2568037558446576,-0.0005264238429850687,0.002130727456164282,0
2025-10-09 22:00:00,100.4238597037823,100.5166861985079,99.99603223600177,100.0574754425607,3252.7384897284683,-0.0036483786054659,99.92074309974343,99.72315516034232,0.2817250614173718,0.007884469734012356,0.0020360451487821903,1
2025-10-09 22:05:00,100.0574754425607,100.1114420243814,99.5387795255612,99.54244219327713,9300.08676553788,-0.0051473740168392,99.8450829184502,99.70672670879094,0.2978565484752065,0.011986446554221875,0.0022468060059837587,1
2025-10-09 22:10:00,99.54244219327713,99.63269065948568,99.10615715338233,99.1580296957962,751.7136762718765,-0.0038617949189405,99.7076722739194,99.65684516215504,0.3228699059161997,0.015620862041083816,0.002274054328059647,1
2025-10-09 22:15:00,99.1580296957962,99.20607543705292,98.93298166231388,98.96698793960002,2723.706374816033,-0.0019266392926751,99.55953540705552,99.5941308691955,0.3098330996820309,0.017643522487695185,0.0022611610963702254,1
2025-10-09 22:20:00,98.96698793960002,99.004237937394,98.65250164654196,98.7319546908442,2871.429687261219,-0.0023748651307774,99.39401926381328,99.5157512166181,0.3303210233351836,0.021479200857240643,0.002242754700087447,1
2025-10-09 22:25:00,98.7319546908442,98.92635804038213,98.67805185323736,98.8463483332578,1037.1559217555225,0.0011586283566631,99.2844850777022,99.45489640903988,0.3347767729949181,0.020760930068156602,0.0022523030767438268,1
2025-10-09 22:30:00,98.8463483332578,98.89041715240594,98.74846164163472,98.80878314334817,2017.107955977617,-0.0003800361929706,99.1893446908314,99.39615883943156,0.3318168788477505,0.019644088724877884,0.0022524718836567648,1
2025-10-09 22:35:00,98.80878314334817,99.02711574064348,98.75803711393118,99.01399264340417,6202.982079447285,0.0020768346044528,99.15427428134596,99.36141645797451,0.3423316469596277,0.015150409491609285,0.0022827235489210076,1
2025-10-09 22:40:00,99.01399264340417,99.0926021475734,99.0011003820284,99.0878388104095,3793.13913903099,0.0007458154654089,99.14098718715866,99.33654576274132,0.3183481152342884,0.018912035013910478,0.002284751432773542,1
2025-10-09 22:45:00,99.0878388104095,99.2300026218879,98.9923355493612,99.19833220720533,1594.6859691481684,0.0011151055278058,99.152456191168,99.32398089405623,0.3168790783619002,0.0178910499519902,0.0022880008020298133,1
2025-10-09 22:50:00,99.19833220720533,99.43344793605203,99.1539582980121,99.42574294206736,2177.660257627192,0.002292485466258,99.20711354134788,99.33323198932996,0.3264875377390319,0.017438601039212687,0.0023220571757170275,1
2025-10-09 22:55:00,99.42574294206736,100.00353972502047,99.34895319831476,99.93275260247952,4127.786520402761,0.00509938015457,99.3522413535742,99.38773386325266,0.3491646412523041,0.010164586711379986,0.0024811300341096285,1
2025-10-09 23:00:00,99.93275260247952,99.93769662850426,99.78807032527877,99.84365274916986,5259.837538551489,-0.0008915981096216,99.45052363269336,99.42918103469968,0.3192231499454588,0.011039530579636248,0.0024889296214698742,1
2025-10-09 23:05:00,99.84365274916986,99.88092275610477,99.77978731326438,99.86478424205072,4342.652948177461,0.0002116458312471,99.53337575456484,99.46878132627704,0.3155733647523097,0.00735149862485085,0.0024819121460434067,1
2025-10-09 23:10:00,99.86478424205072,100.3252036732022,99.81389235232102,100.25471360926596,1953.8826710686935,0.0039045732704947,99.67764332550506,99.54022971563968,0.3149060332076701,0.001262422242938488,0.002557623327549398,1
2025-10-09 23:15:00,100.25471360926596,100.37971803549397,100.20140906667086,100.34229186143592,3491.339379093204,0.0008735574519846,99.81057303269124,99.6131444561666,0.2867379239221636,0.0008863883175311837,0.0024394443189088406,1
2025-10-09 23:20:00,100.34229186143592,100.3907553761111,100.20793692815582,100.24459211576806,1999.3579035492364,-0.0009736646817154,99.8973768493066,99.67054878885764,0.262186848340157,0.0026085982247276984,0.0024449559179342095,1
2025-10-09 23:25:00,100.24459211576806,100.34308552591216,100.17382566181712,100.29084835353936,2586.75638571768,0.0004614337471477,99.97607115015316,99.72693965837416,0.2547701404370122,0.0032054176688331992,0.0024327160203606872,1
2025-10-09 23:30:00,100.29084835353936,100.34320709028871,100.02787880351094,100.10654828251876,2518.791363146966,-0.0018376559182238,100.0021665766263,99.7614495332964,0.2521695687174211,0.0070679247291034475,0.0024603148938492332,1
2025-10-09 23:35:00,100.10654828251876,100.38319331434217,100.05513828373282,100.37099418962964,4611.240257614803,0.0026416444443229,100.07593209922696,99.81686268387216,0.2578659146791752,0.003888017772696317,0.002469243710578228,1
2025-10-09 23:40:00,100.37099418962964,100.90722949682127,100.35115294158028,100.84637557934926,2613.753193344913,0.0047362427119281,100.23002079525143,99.91045476527916,0.2874459892841606,-0.002559282201446522,0.002572443907967844,-1
2025-10-09 23:45:00,100.84637557934926,100.92768070919892,100.7052865489702,100.73560235650356,2507.5044394273964,-0.0010984353399843,100.33113710750186,99.98546818266318,0.2841113845353342,-0.00665016677001995,0.0025237936477113215,-1
2025-10-09 23:50:00,100.73560235650356,100.815745048992,100.67637168268944,100.70696359793992,4673.289841869753,-0.000284296295388,100.40630240558949,100.05105867496108,0.2875307845894466,-0.004594837280145203,0.002524729764410472,-1
2025-10-09 23:55:00,100.70696359793992,100.74960826408598,100.635058363798,100.7131142168518,4026.125880714894,6.107441523561796e-05,100.46766476784194,100.11124554240568,0.2787367008581093,-0.002775127452975923,0.0025164864907561784,-1
2025-10-10 00:00:00,100.7131142168518,100.87227132356485,100.67278010586465,100.85263817667682,2619.6064768542583,0.0013853603963094,100.54465944960891,100.17864487279395,0.2730225279766988,-0.006454949595527837,0.0025233090131032802,-1
2025-10-10 00:05:00,100.85263817667682,100.9917387747138,100.84299919271228,100.8984904584972,3297.3463058317197,0.0004546463300252,100.61542565138656,100.24408538058516,0.2368906033549689,-0.008633186348255939,0.00252144871939634,-1
2025-10-10 00:10:00,100.8984904584972,100.99271820195575,100.68055373121466,100.74979164621332,4491.711203638081,-0.001473746649808,100.64229885035192,100.29005867746044,0.2485004724632255,-0.007123579156459003,0.0024343908075136456,-1
2025-10-10 00:15:00,100.74979164621332,100.81453891826288,100.50188650158726,100.51409517735092,3938.609474850976,-0.0023394238837739,100.61665811575172,100.31042563199594,0.2636088277371706,-0.006452689211537632,0.0024757436193085275,-1
2025-10-10 00:20:00,100.51409517735092,101.01138679701032,100.44901269877336,100.96179148744469,2320.4144357680516,0.0044540649677424,100.68568479009032,100.369640709764,0.2672561689768692,-0.010772269099383447,0.0025770663177029363,-1
2025-10-10 00:25:00,100.96179148744469,100.9904521499561,100.91742974929429,100.97309452387856,3352.3587131703225,0.0001119536041047,100.74316673684798,100.42450014741078,0.2597356998224914,-0.011661533909578803,0.002549828045786398,-1
2025-10-10 00:30:00,100.97309452387856,101.2305774829668,100.96097766010368,101.1595888062614,1274.9284819315144,0.0018469700593233,100.82645115073068,100.49132638912448,0.265934369458766,-0.01204476212814709,0.0024583000451297334,-1
2025-10-10 00:35:00,101.1595888062614,101.20828230344506,100.912989513786,100.94852773161432,3038.726358744703,-0.0020864168897652,100.8508664669074,100.53289014753264,0.2749367212847683,-0.009945766299801151,0.0024856009895078265,-1
2025-10-10 00:40:00,100.94852773161432,101.01316847866084,100.86333607502162,100.94587980687692,10730.366920035513,-2.6230444335251235e-05,100.86986913490132,100.57043466201849,0.2631155867748721,-0.01016800816733987,0.002386812976512146,-1
2025-10-10 00:45:00,100.94587980687692,100.9940537997184,100.52958839321688,100.59894006607718,2360.32216429072,-0.0034368885730006,100.8156833211365,100.57302606238744,0.2728591850528862,-0.006203269358808661,0.002278043105970049,-1
2025-10-10 00:50:00,100.59894006607718,100.65468900493885,100.36677598162474,100.38127738968574,6014.229647146881,-0.002163667691215,100.72880213484636,100.55559436486912,0.2537046470581074,-0.004621048270197381,0.0021954685814912925,-1
2025-10-10 00:55:00,100.38127738968574,100.50479520518098,100.29229343209629,100.43123409669622,3540.2038596047673,0.0004976695685645,100.66928852721634,100.5442888859443,0.2529980479763917,-0.007127889929675502,0.0021545540635804243,-1
2025-10-10 01:00:00,100.43123409669622,100.55275836792988,100.33423785032274,100.5060899807998,1559.9162630882413,0.000745344660721,100.63664881793304,100.54081625820388,0.258651415926718,-0.007445403727596167,0.0020917479809500006,-1
2025-10-10 01:05:00,100.5060899807998,100.69471160224148,100.50336525030262,100.61232241087406,3288.8353667256943,0.001056975055885,100.63178353652124,100.54731681753752,0.2641368767589225,-0.008614308272137605,0.002090884705440087,-1
2025-10-10 01:10:00,100.61232241087406,100.87630253156117,100.58966377511062,100.81409383066996,3672.7024019967535,0.0020054344732438,100.66824559535098,100.57156927327684,0.2703617009553746,-0.008174833512737956,0.002098957620944545,-1
2025-10-10 01:15:00,100.81409383066996,100.82043774437123,100.66935293698064,100.76123839890212,2895.052107396353,-0.0005242861365852,100.6868441560612,100.58881192106097,0.2705292170545945,-0.00671147367214342,0.0020914799191813238,-1
2025-10-10 01:20:00,100.76123839890212,100.83661039005558,100.51575079079308,100.58828124524864,2897.801981365653,-0.0017165048425542,100.6671315738987,100.58876367780528,0.2711502976632666,-0.003696432631615676,0.002128961513427496,-1
2025-10-10 01:25:00,100.58828124524864,100.62621110320411,99.97440221128868,100.0656938011544,5230.779413784531,-0.0051953113983536,100.54684401934983,100.54121187083702,0.2953757601803955,-0.000556856305772846,0.0023484154767546665,0
2025-10-10 01:30:00,100.0656938011544,100.25174942647205,100.05912579316738,100.24423148722988,1625.4260912560974,0.0017842047488347,100.48632151292584,100.51421365414544,0.2689650126852316,-0.003187649262761161,0.002336014299852189,-1
2025-10-10 01:35:00,100.24423148722988,100.48917060279604,100.20017834936196,100.43362248871392,8277.456027412743,0.0018892957597085,100.47578170808347,100.50688718456075,0.2843914307403951,-0.006743787308951754,0.002185521407975074,-1
2025-10-10 01:40:00,100.43362248871392,100.4791423242991,100.13611355951772,100.20163948067037,1485.2902431903087,-0.0023098142065883,100.42095326260086,100.479137393298,0.2896363551631284,-0.007215534469262486,0.0022215862352032087,-1
2025-10-10 01:45:00,100.20163948067037,100.26003186928796,99.9680795022644,100.02741498811127,2483.74295750584,-0.001738738941419,100.34224560770296,100.4380717200992,0.2893977535463077,-0.00777051818628538,0.002245454072960324,-1
2025-10-10 01:50:00,100.02741498811127,100.08208235849952,100.0212533273098,100.03209253042478,4090.2490975402206,4.676260317282299e-05,100.28021499224732,100.40116452103788,0.2830403697999141,-0.00378338177330928,0.002132744553989869,-1
2025-10-10 01:55:00,100.03209253042478,100.12378818495262,99.79765042485266,99.86550895979256,5045.2662339059425,-0.0016653012690056,100.19727378575638,100.35246856092468,0.2731598236283728,-0.003091208522790989,0.00214381124463373,-1
2025-10-10 02:00:00,99.86550895979256,99.90922662424374,99.80550560300206,99.87420390078609,1962.286802837424,8.706650658552029e-05,100.13265980876233,100.30898995545752,0.2600032520517712,-0.0037716137597808563,0.002138805336748615,-1
2025-10-10 02:05:00,99.87420390078609,99.95991669275072,99.69921740234986,99.79559335813325,3296.578305056838,-0.0007870955620427,100.06524651863651,100.26231753751895,0.263445931860069,-0.00534294832157145,0.002139367681968578,-1
2025-10-10 02:10:00,99.79559335813325,100.03404177150564,99.73837396849792,99.9411456221088,5228.519514617486,0.0014585039186372,100.04042633933098,100.23312009066348,0.2689564522458251,-0.003765272747615178,0.002134959348626196,-1
2025-10-10 02:15:00,99.9411456221088,99.99348050979962,99.93121631649804,99.94451726648668,5945.797535055473,3.3736299067888e-05,100.02124452476212,100.20688347028376,0.2597362980574483,-0.0035919283224515874,0.0020779324323869494,-1
2025-10-10 02:20:00,99.94451726648668,100.02179086344866,99.82596940188016,99.91946127654128,1472.8163818728776,-0.0002506989941087,100.00088787511795,100.18075417994356,0.2532493484230177,-0.00449082747644991,0.0018785663581415196,-1
2025-10-10 02:25:00,99.91946127654128,100.04636277298144,99.88416254128688,99.97489774363665,2698.768938730931,0.0005548115090605,99.99568984882173,100.1620399584611,0.2540433073018744,-0.002668272468363986,0.001878258657866502,-1
2025-10-10 02:30:00,99.97489774363665,100.02400560547642,99.88403614398284,99.91741066144392,422.1584854422469,-0.0005750151637077,99.98003401134616,100.13980093145952,0.2411225831755215,-0.0017029038198292934,0.0018792069325928578,-1
2025-10-10 02:35:00,99.91741066144392,100.0083557389511,99.6713628274248,99.7153713145535,2036.2169289639148,-0.0020220634777555,99.92710147198764,100.1012164208317,0.218635727433442,0.002956346125132292,0.0019042047250663087,1
2025-10-10 02:40:00,99.7153713145535,99.82238152619809,99.71313813312328,99.75778156381064,3825.0176711956096,0.0004253130555305,99.89323749035223,100.06999507019344,0.2126799959884532,0.0016220711139889321,0.0018840998201739957,1
2025-10-10 02:45:00,99.75778156381064,99.80063681602978,99.7455985651029,99.74561684965109,2571.236173711216,-0.0001219425088335,99.86371336221202,100.0405061410532,0.1959689958093662,0.0033427485095611775,0.001879012006444888,1
2025-10-10 02:50:00,99.74561684965109,100.08927900543117,99.73534094943928,99.9899553978667,3083.856243676274,0.0024496168947847,99.88896176934296,100.03591061894537,0.1967482308958301,-0.001402606381098681,0.0019310946895964422,-1
2025-10-10 02:55:00,99.9899553978667,100.12080975825803,99.9012205418045,100.08498200021532,1460.378415608768,0.000950361483516,99.92816581551745,100.04037165360626,0.1915794344265415,-3.553369328712641e-05,0.0019027949665594412,0
2025-10-10 03:00:00,100.08498200021532,100.2303464224438,100.01999045485788,100.21646344009557,2199.267532163862,0.0013136979919721,99.98582534043308,100.05637999783256,0.2022599298834119,-0.0021257646062802227,0.0017319555370635966,-1
2025-10-10 03:05:00,100.21646344009557,100.29159794643056,99.91698265209422,100.00997158856968,4458.300646490175,-0.0020604583761759,99.9906545900604,100.05216105153592,0.2057226109002974,-5.837746380277231e-05,0.0017604584085227752,0
2025-10-10 03:10:00,100.00997158856968,100.02379567659447,99.85901973547408,99.92468803663355,2709.8687612925964,-0.0008527504865912,99.97746127937504,100.0405725956357,0.2100836766059199,0.0029812389624461755,0.001718541567425756,1
2025-10-10 03:15:00,99.92468803663355,99.93880404761526,99.71059551409913,99.75631949998248,906.8266943594645,-0.001684954338705,99.93323292349652,100.01473140512176,0.2077629082570108,0.006961309952647099,0.0017071275236555273,1
2025-10-10 03:20:00,99.75631949998248,99.78983838161447,99.42485240206294,99.47863109712098,2089.477798857677,-0.0027836672829689,99.84231255822142,99.96599501348533,0.2127142065815702,0.010345360519076419,0.0017580601372853384,1
2025-10-10 03:25:00,99.47863109712098,99.56630933419385,99.23252306416592,99.25015014081904,1508.6777872008463,-0.002296784282032,99.72388007474096,99.9009182068793,0.2321086406334507,0.013851902008530148,0.001706497001203268,1
2025-10-10 03:30:00,99.25015014081904,99.65970297067214,99.15594831599208,99.65363293479918,1759.3555273940644,0.0040653116736615,99.7098306467526,99.87843772759928,0.2541038687128473,0.009585843695675278,0.0018504160387774126,1
2025-10-10 03:35:00,99.65363293479918,99.73696043559605,99.46921517537498,99.5568038473632,9169.610056273785,-0.0009716563720192,99.67922528687473,99.84919828394143,0.2616427993218804,0.010402248946584702,0.0018501181212055523,1
2025-10-10 03:40:00,99.5568038473632,99.63598000701302,99.49434475835662,99.49751697910672,2507.281320793034,-0.0005955079508919,99.64288362532112,99.8172272562292,0.2617617841192258,0.012289108369772705,0.0018415075750544986,1
2025-10-10 03:45:00,99.49751697910672,99.5923082774081,99.21091748665032,99.26239066010018,9067.849645298844,-0.0023631375550398,99.56678503227695,99.76678756567202,0.2649330612071868,0.014117639691427097,0.001858572516627533,1
2025-10-10 03:50:00,99.26239066010018,99.59499322563944,99.1841067852346,99.56483995013244,2923.1784781998704,0.0030469676180571,99.56639601584806,99.74842869153206,0.2864789931593309,0.01337321900915156,0.001910809923219624,1
2025-10-10 03:55:00,99.56483995013244,99.63953132380452,99.47186365247602,99.58552372424344,4556.73870219478,0.0002077417502137,99.57022155752712,99.73361914905126,0.2945239517594475,0.014640818011074419,0.0019135033506940465,1
2025-10-10 04:00:00,99.58552372424344,99.64525079837178,99.41600969232644,99.47074021440852,3721.416096061391,-0.0011526124033123,99.5503252889034,99.70972106408374,0.2856170267632651,0.012460055814230042,0.0019032239915658322,1
2025-10-10 04:05:00,99.47074021440852,99.77864573808912,99.4055216830616,99.7081374764598,4774.440704936632,0.0023866039554907,99.58188772641468,99.70957710157246,0.2965838009471225,0.009678605657110761,0.0017456392724312956,1
2025-10-10 04:10:00,99.7081374764598,99.82321941559978,99.70554667955106,99.7472609211611,4785.223366854469,0.0003923796561793,99.61496236536398,99.71300290335324,0.2899635701230382,0.010278647825135101,0.001713962828433987,1
2025-10-10 04:15:00,99.7472609211611,100.06315339978894,99.67985497509284,100.0101644661554,6101.842914255789,0.0026356968859735,99.69400278552229,99.74001759088073,0.2905837937201637,0.007921810317622846,0.0017474172825992498,1
2025-10-10 04:20:00,100.0101644661554,100.08568181681578,99.90401222353158,99.91959577968092,1526.0325308507977,-0.0009055948158661,99.739121384354,99.75634288077164,0.2917904831604352,0.008698855704975639,0.0017081150389867913,1
2025-10-10 04:25:00,99.91959577968092,100.08734867948696,99.91840323118512,100.07904136171052,1066.6204341558207,0.001595738861686,99.80710537982532,99.78567910631152,0.2875574056451292,0.0074952973012707425,0.001705787747278212,1
2025-10-10 04:30:00,100.07904136171052,100.10282725535409,99.84952962946284,99.84970884837988,3055.2183976670444,-0.0022915138895243,99.81562607353624,99.79149999195413,0.2795796660979651,0.008013701122580486,0.0017538993576570467,1
2025-10-10 04:35:00,99.84970884837988,100.09035722695414,99.84946176580566,100.08142561116227,3477.1586494564194,0.002320655367501,99.86878598106144,99.81785686642758,0.2729446083208638,0.006172111398925928,0.0017772714784466972,1
2025-10-10 04:40:00,100.08142561116227,100.1783509348124,99.91191822485884,100.00342682914804,3447.864803669244,-0.0007793532270142,99.89571415067876,99.83472686303853,0.2559930408403993,0.008673521535828899,0.001783576234507989,1
2025-10-10 04:45:00,100.00342682914804,100.03422809997708,99.9473990710302,100.00413326007336,2774.8507293288835,7.064067179651801e-06,99.9173979725577,99.85012744458714,0.2430704528922435,0.008462546512834734,0.001777182117241383,1
2025-10-10 04:50:00,100.00413326007336,100.268581141208,99.99781093475612,100.22258740991865,5229.8029374826565,0.0021844512094031,99.97843586002988,99.88398744143548,0.2522943784490629,0.0061602145191950175,0.0018000076442133029,1
2025-10-10 04:55:00,100.22258740991865,100.52450081737886,100.15470781956346,100.45075415975715,3224.2817481094485,0.0022766000732479,100.07289951997537,99.93551168855562,0.2514659646674663,3.725806767573836e-05,0.001840968960589449,0
2025-10-10 05:00:00,100.45075415975715,100.5418143416491,100.39864134249292,100.50777339976491,2669.4470107972006,0.0005676337672593,100.15987429593326,99.98753548048374,0.2323435760068487,0.002402811572079333,0.0018407702140482577,1
2025-10-10 05:05:00,100.50777339976491,100.6887382667168,100.41701735423906,100.62495349490158,8128.820015987646,0.0011658809181911,100.25289013572691,100.04548257270356,0.2397759503746499,0.0012580624248865746,0.0018478849594386823,1
2025-10-10 05:10:00,100.62495349490158,100.7146802262042,100.52784511836953,100.60889708381836,2027.093152735914,-0.0001595668919642,100.32409152534522,100.09670207371398,0.2367469505024603,0.00040775493563027787,0.0018436883795589073,0
2025-10-10 05:15:00,100.60889708381836,100.6301960700012,100.57797798582972,100.59241850530977,5800.377108565257,-0.0001637884817966,100.37775692133812,100.14176720385905,0.2138250954413121,-0.0009904856524063366,0.0017996214672232793,-1
2025-10-10 05:20:00,100.59241850530977,100.73855880592627,100.57540954998784,100.72025274778626,2046.342238994877,0.0012708138881238,100.44625608662776,100.19435679876152,0.2170734182905777,-0.0027216618747721855,0.0018080824493096454,-1
2025-10-10 05:25:00,100.72025274778626,100.77518911788736,100.6176884806311,100.66374132634915,3514.873013474798,-0.0005610730701659,100.48975313457206,100.2370281194513,0.2009450049020163,-0.0020282877497758145,0.0018130609632784212,-1
2025-10-10 05:30:00,100.66374132634915,100.97687094633416,100.56849740465276,100.89634236039667,4414.574068381801,0.0023106734458977,100.571070979737,100.29696577771904,0.217138144073244,-0.005323799630087667,0.00180787612231194,-1
2025-10-10 05:35:00,100.89634236039667,101.13538287569502,100.88170631731155,101.04353725362762,1970.1064437127663,0.0014588724406396,100.66556423451512,100.36483591189256,0.2231903662219301,-0.006026355799858107,0.0018161417028126267,-1
2025-10-10 05:40:00,101.04353725362762,101.09615612589874,100.63499791557636,100.71015118936282,2582.2281491047756,-0.0032994298628715,100.67448162548466,100.3962282098444,0.2380375508241548,-0.004070788748754883,0.0019135195166913267,-1
2025-10-10 05:45:00,100.71015118936282,100.7290913986462,100.5777760705399,100.67317321989944,5888.316894168317,-0.0003671722167692,100.67421994436762,100.42140502894031,0.2316389698925698,-0.0049942914564251595,0.0018732573275066684,-1
2025-10-10 05:50:00,100.67317321989944,100.8223624166692,100.62197922996934,100.77252788769158,4688.69353407982,0.0009869031104752,100.69388153303242,100.4533252888268,0.22692114680302,-0.007696665730172247,0.0018678661437733816,-1
2025-10-10 05:55:00,100.77252788769158,100.81422711861724,100.75639404006706,100.80242601889056,3912.844777176548,0.0002966893043738,100.71559043020406,100.48506171883258,0.2248500074889697,-0.006484585358738304,0.0018336427159011965,-1
2025-10-10 06:00:00,100.80242601889056,100.87280879629954,100.74596608037535,100.78878192546784,3081.633175520771,-0.000135354811998,100.73022872925682,100.51267264670852,0.2145694724512777,-0.003221854439357852,0.001746372735051885,-1
2025-10-10 06:05:00,100.78878192546784,100.83175920079778,100.78128185746677,100.82916353034273,4059.7769695306383,0.0004006557486202,100.750015689474,100.54144454522071,0.1917612114166788,-0.0034632099289656493,0.0016751311218398898,-1
2025-10-10 06:10:00,100.82916353034273,100.854330617824,100.64859014418452,100.64987457226748,1246.8704716831155,-0.0017781458438985,100.72998746603272,100.55130182040678,0.1962303167369126,-0.001982745205062031,0.0015896633725449019,-1
2025-10-10 06:15:00,100.64987457226748,100.74879605624292,100.59317624190346,100.6991393189977,1858.83287928743,0.0004894665486625,100.72381783662571,100.56474159300596,0.1879373811556064,0.00020237071741457946,0.0015724908196458032,0
2025-10-10 06:20:00,100.6991393189977,100.96064749598966,100.61044684770418,100.87080870540736,3541.728635722718,0.0017047751109953,100.75321601038203,100.59256587595154,0.1996063483306634,3.8728469039739366e-05,0.0015800652653293968,0
2025-10-10 06:25:00,100.87080870540736,100.94191198215012,100.75970252165924,100.85042288926245,2934.09835155746,-0.0002020982721023,100.77265738615812,100.61600742261616,0.2088914466391926,0.0013214255449209844,0.0015010555361719823,1
2025-10-10 06:30:00,100.85042288926245,100.90377705759636,100.82564471576958,100.83998004803252,1796.6766125460808,-0.0001035478179539,100.786121918533,100.63636857038128,0.202818809916931,0.005370993890737585,0.001430064676196792,1
2025-10-10 06:35:00,100.83998004803252,100.86677613360982,100.4313963890895,100.45449676075371,4586.929771911487,-0.0038227227642763,100.71979688697716,100.61983476950604,0.2226673175786503,0.008467830678735355,0.0016131950719887331,1
2025-10-10 06:40:00,100.45449676075371,100.805320970841,100.43362026455702,100.7492746407738,2008.4365049708715,0.0029344418570143,100.7256924377365,100.63160203053036,0.2200478293359781,0.006100987460357699,0.0016578735906931838,1
2025-10-10 06:45:00,100.7492746407738,100.8318501924799,100.67372711394287,100.75154596789947,2300.2792704553212,2.2544352143327728e-05,100.7308631437691,100.64250602483663,0.2132225807755188,0.009878239960005919,0.0016187268601448553,1
2025-10-10 06:50:00,100.75154596789947,100.75680607199286,100.60723692978335,100.6499208581726,10713.84519551397,-0.0010086704749846,100.7146746866498,100.64318010059446,0.1909662187674539,0.01128640001112613,0.0016357495550231738,1
2025-10-10 06:55:00,100.6499208581726,100.69102159760644,100.48037573094982,100.4927831580394,2905.9654975170206,-0.0015612302403557,100.67029638092772,100.62950765127128,0.1952041143781916,0.01233307122450844,0.0016090506089896262,1
2025-10-10 07:00:00,100.4927831580394,100.49448601845216,100.35100327157916,100.4461262758652,3803.7148645205807,-0.0004642809235447,100.62546235991522,100.61283661714344,0.1911397972477015,0.014561234760345432,0.0016015700791479686,1
2025-10-10 07:05:00,100.4461262758652,100.54241987007453,100.43520128883296,100.45956629297032,4952.299381749017,0.0001338032396411,100.59228314652624,100.59890295130953,0.1946673331542285,0.014395717934547525,0.0015801638584428278,1
2025-10-10 07:10:00,100.45956629297032,100.48987122944544,100.2730780261948,100.3591904502612,3142.8283608905267,-0.0009991665942135,100.54566460727324,100.57711090575968,0.2010923679632615,0.015576502270328252,0.0015323383046831139,1
2025-10-10 07:15:00,100.3591904502612,100.49151149586372,100.35865826689243,100.43461294686104,3684.030370056958,0.0007515255579628,100.5234542751908,100.5641565458598,0.2069763597947087,0.013381869942542757,0.0014853589691414667,1
2025-10-10 07:20:00,100.43461294686104,100.4462724703307,100.23840272975389,100.30018143901576,1773.2496053643772,-0.0013384977937477,100.4787997079558,100.54015880887398,0.2071284502902333,0.015317926314985852,0.0014993951002735967,1
2025-10-10 07:25:00,100.30018143901576,100.33174203181014,100.07881722125612,100.17038205099608,3149.066996908792,-0.0012941092045644,100.41711617656388,100.50654273997598,0.214078807162702,0.015041427441316868,0.0015193305807516156,1
2025-10-10 07:30:00,100.17038205099608,100.22714385101438,99.91307504512078,99.99691542575556,4767.964418654351,-0.0017317157196443,100.3330760264022,100.46021298413775,0.2114979612775676,0.019137434918989227,0.0014997032679357578,1
2025-10-10 07:35:00,99.99691542575556,100.20239689465532,99.97762990586357,100.14876408300316,1632.906612345804,0.0015185334127665,100.2962136377224,100.431899447671,0.2145377847276321,0.017336940878037277,0.001467083303589524,1
2025-10-10 07:40:00,100.14876408300316,100.46710174901146,100.13753083324346,100.4640551409838,7264.767547625861,0.0031482271485578,100.3297819383747,100.4348226925176,0.2324976828662914,0.015333394232607489,0.0015717625543353539,1
2025-10-10 07:45:00,100.4640551409838,100.4902041923135,100.44113100255774,100.47997097007514,2603.0085478397264,0.0001584231202791,100.35981974471478,100.43892708138648,0.2049043575259657,0.015292590895094715,0.0015574242830390308,1
2025-10-10 07:50:00,100.47997097007514,100.56873557341108,100.444135957399,100.45031151606922,1821.6415167455257,-0.0002951777724413,100.37791809898567,100.439962029994,0.1872542796494016,0.0136358267578085,0.0015579336418455746,1
2025-10-10 07:55:00,100.45031151606922,100.76926366407665,100.39396429363696,100.71951787606471,3515.6873579100165,0.0026799952726124,100.44623805440148,100.4653761978186,0.2027668719281611,0.0106345778429624,0.0016305390434847916,1
2025-10-10 08:00:00,100.71951787606471,100.8956921373471,100.6997306131443,100.87471527739932,3436.1531007206363,0.0015408870555315,100.53193349900108,100.50258884141684,0.2060806134991121,0.009316167693164346,0.0016377941522536497,1
2025-10-10 08:05:00,100.87471527739932,100.98369363121228,100.80179297981353,100.9836892142844,2061.2273389531147,0.0010802899079853,100.62228464205774,100.54632523895026,0.2040273838378366,0.011847731937458805,0.001643756734750578,1
2025-10-10 08:10:00,100.9836892142844,101.456046523118,100.93062754258251,101.3815909648126,4700.292521249272,0.0039402576160973,100.77414590660872,100.62225848675592,0.2313085433851571,0.010758989470704083,0.0017370346526385248,1
2025-10-10 08:15:00,101.3815909648126,101.3938231284466,101.2972287397788,101.30512843024135,2781.2082362847796,-0.0007542053132485,100.88034241133523,100.68433757252733,0.2305496724870346,0.009295548619395522,0.0017273285150394449,1
2025-10-10 08:20:00,101.30512843024135,101.4580624001772,101.26085072950325,101.3639447019973,1666.7077552426886,0.0005805853333125,100.97706286946766,100.74612003884278,0.2291509915887002,0.007987191706009034,0.001614807783434586,1
2025-10-10 08:25:00,101.3639447019973,101.84127038524385,101.3549949472388,101.74679391531195,3372.5147710521346,0.003776976265478,101.13100907863652,100.83709039124906,0.2543954350911101,0.0009810436909687414,0.0017296571796275501,1
2025-10-10 08:30:00,101.74679391531195,101.80177766226808,101.73068603534163,101.78589612606612,3354.636630160625,0.0003843090209476,101.26198648812245,100.9233454580506,0.2446255698303698,-0.0012208771048618505,0.0017255838722380833,-1
2025-10-10 08:35:00,101.78589612606612,101.88643765694854,101.66407067149956,101.7321678102766,851.1543713963266,-0.0005278561945653,101.35602275255329,100.9968747627984,0.242442868037154,3.570022043120069e-05,0.0017319976187278221,0
2025-10-10 08:40:00,101.7321678102766,101.9966514750618,101.73100788631032,101.90874590133538,3964.2530574813745,0.0017357154070292,101.46656738230972,101.07977213902905,0.2389839239555737,-0.0012350721641779527,0.0017487324915008836,-1
2025-10-10 08:45:00,101.90874590133538,101.9836772532938,101.86742066382992,101.9057538731509,3722.4621456075465,-2.9359876407286656e-05,101.55440468047796,101.15486138758558,0.2312331811464371,-0.0007078073575701449,0.0017499576635614553,0
2025-10-10 08:50:00,101.9057538731509,101.99223903288798,101.8499508309838,101.922435608158,3019.8023508925144,0.0001636976752841,101.62801086601398,101.22464086218308,0.2178558444418783,-0.0007663589391594394,0.001707526991969425,0
2025-10-10 08:55:00,101.922435608158,102.00865039401494,101.74529082728549,101.77861587504556,2845.4532976526043,-0.0014110704110854,101.6581318678203,101.27500222698876,0.2331620142257132,0.004315084591627327,0.0017369034690403384,1
2025-10-10 09:00:00,101.77861587504556,101.92113293489116,101.69770198146396,101.8365722276783,1027.5733345240928,0.0005694354568928,101.69381993979192,101.32605404523326,0.2402213954696504,0.0029367572021381516,0.0017195237485810567,1
2025-10-10 09:05:00,101.8365722276783,101.924669751531,101.58693026750286,101.67708758438512,1553.7788052792414,-0.0015660841660755,101.69047346871056,101.35796618515616,0.2375385464402555,0.004800939345293909,0.0017490052148252497,1
2025-10-10 09:10:00,101.67708758438512,101.97456380198624,101.6147045895242,101.91059988681562,4973.005243214249,0.0022966069148733,101.73449875233158,101.40820561257976,0.2492455241730594,0.0003844102006151928,0.001784172186877146,0
2025-10-10 09:15:00,101.91059988681562,101.92301283700108,101.85968976273178,101.88503728491868,5859.23781884464,-0.0002508335926325,101.764606458849,101.45155394642876,0.24077569723524,-0.0002678538674588671,0.0016200688072696688,0
2025-10-10 09:20:00,101.88503728491868,102.01243731852956,101.85986090780932,102.00451010466692,2657.37712474203,0.0011726238016105,101.8125871880126,101.50182268808676,0.2141440851055784,0.0012486521462029554,0.0015615569146684044,1
2025-10-10 09:25:00,102.00451010466692,102.11821930796684,101.91954725778488,102.01657005927149,1539.419908390479,0.0001182296213388,101.8533837622644,101.548617903649,0.221435346642304,0.00038248790718964365,0.0015609256465315036,0
2025-10-10 09:30:00,102.01657005927149,102.1012404992414,101.7970799988906,101.82003456167024,5815.181874533045,-0.0019265056400841,101.84671392214555,101.5732921452873,0.2290745487620772,-0.00035056713761771885,0.0015955272234072153,0
2025-10-10 09:35:00,101.82003456167024,101.88027631611024,101.7717952041548,101.79062742922336,5076.542220573374,-0.0002888147953739,101.83549662356111,101.5930498983724,0.2020892397585346,-0.00457242393704016,0.0015615314688450159,-1
2025-10-10 09:40:00,101.79062742922336,101.84516166770987,101.71929375140338,101.81448104092377,2996.352519707356,0.000234339961378,101.83129350703366,101.6131800022407,0.2060018318571102,-0.0032812498217679176,0.0015538904631042742,-1
2025-10-10 09:45:00,101.81448104092377,102.22239457583542,101.79503716484584,102.1801168941509,2128.216588647816,0.0035911969445698,101.90105818445711,101.66471971968708,0.2206440051100092,-0.005237637067009637,0.0016502644332643856,-1
2025-10-10 09:50:00,102.1801168941509,102.5091205673334,102.08477444936892,102.47235443452624,2047.626401416781,0.0028600235472238,102.01531743447094,101.73814105739972,0.2319799000537961,-0.007693199091551528,0.0016755671517182653,-1
2025-10-10 09:55:00,102.47235443452624,102.54030555962773,102.15633826078978,102.24681517695876,2215.749029037113,-0.0022009766323034,102.06161698296852,101.7843841591778,0.2511020935805155,-0.0032676889755272054,0.0017496064372673511,-1
2025-10-10 10:00:00,102.24681517695876,102.33798806194268,102.12063401284784,102.17355796040944,1764.6818242197855,-0.000716474311914,102.0840051784567,101.8197635956534,0.2564639398084206,-0.003263286511632213,0.0017311865795157741,-1
2025-10-10 10:05:00,102.17355796040944,102.22861358897644,101.78010043675884,101.84661196555888,1672.327682319202,-0.0031999080914577,102.03652653587714,101.8222043565539,0.2696891959147162,0.0013276655838072582,0.0018278208139122607,1
2025-10-10 10:10:00,101.84661196555888,101.90872202280832,101.64229514423808,101.66162805588796,3289.714828765194,-0.0018162991001947,101.96154683987932,101.8076065110388,0.2727603334249338,0.002268216624014663,0.0018312405728319594,1
2025-10-10 10:15:00,101.66162805588796,101.82001047540696,101.5651919761724,101.73579967109237,3471.154739402525,0.0007295930295709,101.91639740612192,101.80107861649822,0.2668374059396775,0.004246096664394017,0.001822622202716741,1
2025-10-10 10:20:00,101.73579967109237,101.87288858782752,101.6811393192961,101.78288124598636,6241.247122127388,0.0004627827671892,101.88969417409484,101.79942431008804,0.2548295528017762,0.006261420948813656,0.0017570698808737812,1
2025-10-10 10:25:00,101.78288124598636,101.93228217158104,101.77640184632254,101.83362423078076,1189.0218601777835,0.0004985414459997,101.87848018543202,101.80253339378736,0.2614407850152917,0.0059794947722831004,0.0017565329840434874,1
2025-10-10 10:30:00,101.83362423078076,101.92434669831178,101.73355837837978,101.84432643852878,2188.6801067988663,0.0001050950295529,101.87164943605138,101.80633276149112,0.2641702071018476,0.010207702571665145,0.0017526985462579226,1
2025-10-10 10:35:00,101.84432643852878,102.23787719689182,101.75304535309844,102.21779921216512,1418.1678820442646,0.0036670945421957,101.94087939127414,101.84373880246147,0.2846101923598039,0.009193856918295218,0.0018015394897805616,1
2025-10-10 10:40:00,102.21779921216512,102.30597342538536,102.07079920491194,102.135641514609,2545.4618920531298,-0.0008037513837055,101.97983181594113,101.87027541265672,0.2796826009399912,0.009220008999224705,0.001803969440963597,1
2025-10-10 10:45:00,102.135641514609,102.24103845776254,102.1096229197241,102.1652331146839,5562.054123168551,0.0002897284399066,102.01691207568967,101.89708974920464,0.2813207742316349,0.007877975106922452,0.0017996170468205796,1
2025-10-10 10:50:00,102.1652331146839,102.168470440487,101.9132392810504,101.94977536096292,1967.4574016003903,-0.0021089146195077,102.00348473274433,101.90187935027356,0.2905610058837849,0.014607033975516659,0.0017282595455669326,1
2025-10-10 10:55:00,101.94977536096292,101.9569610215592,101.78665282434592,101.85774698364573,2634.063003528924,-0.0009026834732236,101.9743371829246,101.89786731694376,0.2722003477569065,0.015478026695490588,0.0017310348631233562,1
2025-10-10 11:00:00,101.85774698364573,102.17202557796564,101.8430416318231,102.1318782551315,1839.490379061371,0.0026913148936016,102.005845397366,101.9191410385972,0.2653887640553388,0.011637821908127455,0.0017864539647437436,1
2025-10-10 11:05:00,102.1318782551315,102.17158469028792,102.02102501032522,102.05559016365213,3044.7411900033653,-0.0007469567071782,102.01579435062322,101.93154550451126,0.2487167912785364,0.011991878419054025,0.0016726936188214752,1
2025-10-10 11:10:00,102.05559016365213,102.05853657830548,101.6841976040372,101.78433980360182,2079.153572189915,-0.0026578687126822,101.96950344121896,101.91816316806496,0.2599300002194959,0.013110234566749979,0.0017408454457847474,1
2025-10-10 11:15:00,101.78433980360182,101.82434926544336,101.2711442656045,101.32519752779965,5125.752195778951,-0.0045109323957706,101.84064225853508,101.8642572007681,0.2674079893353008,0.01841644925745145,0.0019136926955101306,1
2025-10-10 11:20:00,101.32519752779965,101.54307479081284,101.2595865943178,101.48040229315484,5754.362987903931,0.0015317489542781,101.76859426545904,101.82936130007596,0.2686266549013579,0.017646601604035972,0.0019076305712016793,1
2025-10-10 11:25:00,101.48040229315484,101.7006543913618,101.4137705070599,101.64493452639472,2352.360581077253,0.0016213202699431,101.7438623176462,101.8125952297413,0.2709170395490261,0.014629421784907448,0.001932590236702146,1
2025-10-10 11:30:00,101.64493452639472,101.69700462109972,101.62673228053964,101.6840142104814,1154.906655159133,0.0003844725196466,101.73189269621324,101.80090604617222,0.2622401161225016,0.014301732375618714,0.0019338755644469103,1
2025-10-10 11:35:00,101.6840142104814,101.92879911665108,101.62075965202676,101.91270438622225,4289.445585224913,0.0022490278094986,101.76805503421504,101.8110695316313,0.2731086260772031,0.011940734318449664,0.0019601427626164056,1
2025-10-10 11:40:00,101.91270438622225,101.91351650319096,101.83437487586212,101.84013636687176,10337.769479178389,-0.000712060579567,101.7824713007464,101.8137119711986,0.2651338623198356,0.01313693584410025,0.001962130387490576,1
2025-10-10 11:45:00,101.84013636687176,102.06460897140978,101.7388439011843,101.98183020709293,3336.016128338056,0.0013913359238908,101.8223430820157,101.828995447189,0.2537719499221294,0.010410271892204559,0.0019554802945073646,1
2025-10-10 11:50:00,101.98183020709293,102.0709303926213,101.82735233560884,101.89221865066872,3305.752333290211,-0.0008787011984607,101.83631819574632,101.8347430111417,0.2543722239606337,0.010976185632722402,0.0019204278723317998,1
2025-10-10 11:55:00,101.89221865066872,102.17556296942428,101.820469948581,102.16777971072524,2819.7442472372823,0.0027044367440978,101.9026104987421,101.8650190747402,0.2703491870181216,0.009113750027656575,0.0019783524609050898,1
2025-10-10 12:00:00,102.16777971072524,102.5127975584409,102.13133444737468,102.4201867108506,3814.129806095716,0.0024705146851582,102.0061257411638,101.91548885984116,0.2793657549916649,0.004601733342097569,0.0020142737085576336,1
2025-10-10 12:05:00,102.4201867108506,102.51791723021714,102.39509086167628,102.44253785451136,4313.045881804827,0.0002182298663822,102.09340816383332,101.96340240481116,0.275974195800779,0.0018522164345835535,0.0020143339333365284,1
2025-10-10 12:10:00,102.44253785451136,102.92387960685352,102.39090457667292,102.88392303142486,3107.500763597754,0.0043086122831157,102.25151113735164,102.04708609813969,0.2905449875177827,-4.558877055627075e-05,0.0021081501325520605,0
2025-10-10 12:15:00,102.88392303142486,103.23550206920628,102.80654261589576,103.1575750326248,1809.5545552186215,0.0026598130508335,102.43272391640627,102.14803963763832,0.3104306856140572,-0.005273087452692837,0.0021444910542930224,-1
2025-10-10 12:20:00,103.1575750326248,103.16326723141522,103.06679854163474,103.0773330485153,2525.0948511239108,-0.0007778583791264,102.56164574282808,102.23252085680896,0.2905828081506426,-0.0024788604859105057,0.0021547457918689914,-1
2025-10-10 12:25:00,103.0773330485153,103.14002587438196,102.87318909980192,102.97008827795432,7149.393776149269,-0.0010404302031222,102.64333424985334,102.29957244054944,0.2701279349178683,-0.003427356316043073,0.0020871046632566404,-1
2025-10-10 12:30:00,102.97008827795432,103.4789235525469,102.91660276281904,103.4389591934568,3402.4117428260547,0.0045534671606459,102.80245923857404,102.4031530544501,0.2900445487202115,-0.005006780407847744,0.0021752161821015667,-1
2025-10-10 12:35:00,103.4389591934568,103.4781735068446,103.3977086130995,103.43430391060112,2230.6240230038925,-4.5005120817065425e-05,102.92882817297946,102.49689404137293,0.2753003351090117,-0.0019014271931983018,0.002128272316187743,-1
2025-10-10 12:40:00,103.43430391060112,103.48014726893656,103.30613736573537,103.32047086540727,1621.2690932247117,-0.0011005347441814,103.00715671146504,102.57176466173966,0.2827101610119474,-0.0016227996333622041,0.002135626924423345,-1
2025-10-10 12:45:00,103.32047086540727,103.33548125854864,103.222150995725,103.27942839287944,459.32332283661515,-0.0003972346639929,103.06161104774792,102.63609772820692,0.2688023608833266,-0.002768569618309069,0.0020406580775438076,-1
2025-10-10 12:50:00,103.27942839287944,103.29768575036194,103.07699119628433,103.11875637364882,1330.3588661648732,-0.0015557020573296,103.0730401129281,102.67997578688346,0.2789132842225247,-0.001616008541825198,0.0020318698813603098,-1
2025-10-10 12:55:00,103.11875637364882,103.2172804719238,103.0943000493614,103.1912478865716,3764.6985143758343,0.0007029905661399,103.0966816676568,102.72645506867327,0.2644286665323047,-0.005209475036022315,0.0020317558967218393,-1
2025-10-10 13:00:00,103.1912478865716,103.27592013638808,103.16969812528114,103.27118652303945,3921.4466990201017,0.0007746648878179,103.13158263873332,102.7759761099793,0.2546175203961951,-0.005751866767355507,0.00203258689515082,-1
2025-10-10 13:05:00,103.27118652303945,103.37005003703622,103.09754338724252,103.13194114588065,1728.8234926987077,-0.001348346831744,103.1316543401628,102.8083365677885,0.2487184938926552,-0.0035313913742129888,0.0020574021257733473,-1
2025-10-10 13:10:00,103.13194114588065,103.1856709334675,103.10372769098568,103.13827176859832,1790.873214605817,6.138372503561307e-05,103.1329778258499,102.83833067695303,0.2273242175651983,-0.0030401455533023425,0.0020576173868401782,-1
2025-10-10 13:15:00,103.13827176859832,103.15235638827856,103.12904549163348,103.12961691297284,2403.315223295036,-8.391507320282265e-05,103.1323056432745,102.86481124386393,0.2202159695726422,-0.002886356100487264,0.001970287371403645,-1
2025-10-10 13:20:00,103.12961691297284,103.18779370403033,103.0372002272709,103.17800370467778,4340.671539648954,0.0004691842474868,103.14144525555515,102.89328328575608,0.1929030014711291,-0.0011173810901027315,0.001960538587833237,-1
2025-10-10 13:25:00,103.17800370467778,103.18000140468156,102.95050848740571,103.0434887876134,2767.229394642853,-0.0013037169962059,103.12185396196682,102.90693833137948,0.1786553917543644,-0.0012897389269662662,0.0019814362104852742,-1
2025-10-10 13:30:00,103.0434887876134,103.08926633040852,102.95546338563022,103.0106065571084,2539.9271949148983,-0.0003191102212461,103.09960448099514,102.91636271553664,0.1813221242542095,0.0013684917268546037,0.0019368958788867536,1
2025-10-10 13:35:00,103.0106065571084,103.18435755229196,103.00855966286976,103.09891131588948,8781.20896556264,0.0008572394798211,103.09946584797402,102.93295804284143,0.174819346742937,0.002211519547500318,0.0019258559477286267,1
2025-10-10 13:40:00,103.09891131588948,103.10549051695284,102.82652852151088,102.89149709894178,6080.175643887253,-0.0020117983235747,103.05787209816758,102.9291888661233,0.1545794328653735,0.005704505466988863,0.0019232633261333353,1
2025-10-10 13:45:00,102.89149709894178,102.944393872377,102.55072710057158,102.63228360672592,9969.38648138022,-0.0025192897326258,102.97275439987924,102.90219747890536,0.1769509955839672,0.006933550755808371,0.0019771695137041187,1
2025-10-10 13:50:00,102.63228360672592,102.96469590816592,102.58079556419148,102.87923267986385,1237.709396330668,0.0024061539357753,102.95405005587618,102.90010976990158,0.1919431699249116,0.00646434518178074,0.0019452699560544647,1
2025-10-10 13:55:00,102.87923267986385,102.90396763036054,102.54551125831809,102.61361611807006,2310.9797259892052,-0.0025818287605267,102.88596326831497,102.87406489246234,0.2094521777262556,0.006636748687232963,0.0018157913726686366,1
2025-10-10 14:00:00,102.61361611807006,102.89378832673631,102.5149558084156,102.8218187206283,6029.504474343184,0.0020289958626804,102.87313435877763,102.86931524047743,0.2207477466007635,0.006509148994472191,0.0018279067914820145,1
2025-10-10 14:05:00,102.8218187206283,102.8337786827282,102.5437406945126,102.61717309553136,3461.908770935255,-0.0019902937688057,102.8219421061284,102.84639322730052,0.2326804298617071,0.009831945559929167,0.0018620142086339974,1
2025-10-10 14:10:00,102.61717309553136,102.92315471897494,102.56394626216276,102.92106303915884,2330.8759996308786,0.0029613946132054,102.84176629273448,102.8531813920149,0.2507508902692237,0.0071662815623549925,0.0019206219497694644,1
2025-10-10 14:15:00,102.92106303915884,103.27208386289723,102.83903663454257,103.23763111243596,3757.320264189695,0.0030758336916583,102.9209392566748,102.88813136659864,0.262218074452149,0.00539597763779609,0.001951887206027984,1
2025-10-10 14:20:00,103.23763111243596,103.3125699210032,103.05329414557733,103.15280244316808,3953.149717980291,-0.0008216836085235,102.96731189397345,102.91219237355948,0.2748846839481536,0.008250724314989188,0.0019540070710684664,1
2025-10-10 14:25:00,103.15280244316808,103.19991509550458,102.91586898934732,102.99349210523458,2953.10248419289,-0.0015444111469609,102.97254793622568,102.9195832582572,0.2935086274847376,0.00878428114268015,0.0019748722519367214,1
2025-10-10 14:30:00,102.99349210523458,103.03380982135744,102.8746249149843,102.95211558252662,3212.8145834703214,-0.0004017391959647,102.96846146548587,102.9225407422817,0.2941223010285755,0.007320560906978191,0.001967393859992749,1
2025-10-10 14:35:00,102.95211558252662,103.02913689865449,102.58523551570772,102.65367565677052,5374.809520792324,-0.0028988226620447,102.90550430374282,102.89809846178068,0.3094371914336418,0.007160124247155286,0.001997930190698264,1
2025-10-10 14:40:00,102.65367565677052,102.68037866324175,102.6203856047589,102.6771844172522,2435.824139905367,0.0002290104112809,102.8598403264447,102.87801536682352,0.3041650566982535,0.00806956725857777,0.0019527389084387733,1
2025-10-10 14:45:00,102.6771844172522,102.78951113233784,102.66085585736366,102.76774189851224,1121.235773661056,0.0008819630356442,102.84142064085822,102.86799050606795,0.3007977270948245,0.00666913948865866,0.0019577712722161442,1
2025-10-10 14:50:00,102.76774189851224,102.90682673189887,102.73262696205576,102.82471641030573,3096.243095466809,0.0005544007364661,102.83807979474771,102.8640564973623,0.2933147109806212,0.007621143073766712,0.0018039324606482483,1
2025-10-10 14:55:00,102.82471641030573,102.91732145315788,102.74140767477108,102.83194811405517,2020.505328624886,7.033040305781668e-05,102.83685345860924,102.86113755342528,0.2777609257364334,0.008638548017938508,0.0017368411679528364,1
2025-10-10 15:00:00,102.83194811405517,103.08999008235236,102.76297672871652,103.06271455442362,4940.4457790153965,0.0022441123075145,102.88202567777212,102.87946273533422,0.2736975692836785,0.006920509201344682,0.0017802592347604957,1
2025-10-10 15:05:00,103.06271455442362,103.11682294617847,102.8275931173464,102.9105895889536,3705.513150760968,-0.0014760426806892,102.88773846000842,102.8822924492996,0.2687528161972231,0.01465367699307163,0.0017900870713076775,1
2025-10-10 15:10:00,102.9105895889536,103.1796303479308,102.88655880328714,103.15157571996008,1272.9770884461202,0.0023417039195776,102.94050591199876,102.90677274663238,0.2626270323631467,0.014325209410128048,0.0016447410724847187,1
2025-10-10 15:15:00,103.15157571996008,103.4289859884939,103.12746092580863,103.32691657359057,7028.471715772238,0.0016998368896128,103.01778804431711,102.9449676399922,0.2634475376824068,0.01300970764299314,0.0016747793870204649,1
2025-10-10 15:20:00,103.32691657359057,103.56186941726246,103.2377176889496,103.47844220664936,1886.6764262726815,0.0014664681583804,103.10991887678358,102.99346532787014,0.2609434856467416,0.010576358783135564,0.0016833585388800467,1
2025-10-10 15:25:00,103.47844220664936,103.51456136868478,103.27455750706604,103.34388975429766,2071.4542237828514,-0.0013002945297823,103.1567130522864,103.025322093909,0.2471546737370319,0.010031781458646583,0.0016985835761138494,1
2025-10-10 15:30:00,103.34388975429766,103.61527875065909,103.242475207607,103.54427955194323,5323.614385629631,0.0019390580141893,103.23422635221776,103.07250004463938,0.2552637999960469,0.009678152705274057,0.0017062767259193024,1
2025-10-10 15:35:00,103.54427955194323,103.59614146637,103.20524831744127,103.2946369001339,1990.4374463678337,-0.0024109748301847,103.246308461801,103.0926943042298,0.2628957316225789,0.009525981608905054,0.0017604862465773088,1
2025-10-10 15:40:00,103.2946369001339,103.49727880522144,103.2023922697569,103.49110125856348,990.2649833369104,0.0019019802414286,103.2952670211535,103.12891311826012,0.2725887051291065,0.006657893508045243,0.0017868916381066754,1
2025-10-10 15:45:00,103.49110125856348,103.6323347668316,103.48481656960772,103.62609955492044,1854.417822769312,0.0013044435194449,103.3614335279069,103.17411188522924,0.2514184775774706,0.0044581499783302725,0.0017805865532704176,1
2025-10-10 15:50:00,103.62609955492044,103.70788074663938,103.52865555066452,103.65862435559433,3796.162844028283,0.0003138668811581,103.42087169344438,103.21815847344423,0.2599350588268986,0.003601258784382333,0.001780736377504468,1
2025-10-10 15:55:00,103.65862435559433,103.84158519377792,103.65341746978496,103.79469906129772,4782.930789156874,0.0013127195788031,103.49563716701506,103.2705712541582,0.2641859480425249,0.002619367042719478,0.0017916770629226367,1
2025-10-10 16:00:00,103.79469906129772,104.08363374941509,103.75147525328978,104.0038877784452,4850.0357660742075,0.0020154084846273,103.5972872893011,103.33723639272974,0.2754687142055384,-0.0011393329397434426,0.0018197326830671858,-1
2025-10-10 16:05:00,104.0038877784452,104.07879074132936,103.8821207109444,103.89821589575337,3075.5262550533903,-0.0010160378130954,103.65747301059156,103.38823452936823,0.2769513036339808,-0.0031671112508749877,0.001812501561616258,-1
2025-10-10 16:10:00,103.89821589575337,103.99632891550088,103.6383173948153,103.70578281515076,2311.3481249697597,-0.0018521307506923,103.6671349715034,103.41710255534848,0.2791654584232463,-0.0017180794320044157,0.0018482039664088254,-1
2025-10-10 16:15:00,103.70578281515076,103.71736795058762,103.38282557915409,103.38868872890016,2438.923174561756,-0.0030576316734026,103.61144572298277,103.4145194802168,0.2824020686090642,0.0021811714990085385,0.0019317861084386567,1
2025-10-10 16:20:00,103.38868872890016,103.57061906219302,103.29759259533184,103.50574486282862,3087.1733478304513,0.0011321947823075,103.59030555095192,103.42281269681789,0.2809702773388868,0.0011539741704866824,0.001901174916555562,1
2025-10-10 16:25:00,103.50574486282862,103.51656493273384,103.35374946957066,103.4531143041679,8260.894729064023,-0.0005084795895191,103.56286730159512,103.42556738839517,0.2710624488015948,0.0012653848578916271,0.0018410960735459824,1
2025-10-10 16:30:00,103.4531143041679,103.65407581303484,103.35623631880225,103.60835828558815,8176.014998061252,0.0015006216339106,103.57196549839374,103.44218474268544,0.2691830035101483,-0.0012083976066101787,0.0018136508467422484,-1
2025-10-10 16:35:00,103.60835828558815,103.78385606839888,103.53934806466528,103.7202668356166,6740.484393844202,0.0010801112176679,103.60162576583832,103.4674649329519,0.2695047279469236,-0.002157116027401429,0.0017452495119420586,-1
2025-10-10 16:40:00,103.7202668356166,103.7977224732874,103.7127117970017,103.77596101881306,4307.902344404295,0.000536965290349,103.63649281643328,103.49551003166654,0.2489480946064668,-0.001880716535396898,0.001718303610044163,-1
2025-10-10 16:45:00,103.77596101881306,104.45909493864568,103.72348875907132,104.41860812795667,3356.1602184830467,0.0061926394401408,103.79291587873796,103.57942804042018,0.2735704539382989,-0.005747739905577087,0.0019598922068932716,-1
2025-10-10 16:50:00,104.41860812795667,104.69238720960628,104.32994341805404,104.62924364313318,3135.384061294412,0.0020172220158152,103.960181431617,103.674865822485,0.2783959722302772,-0.0025487895931353144,0.0019292209714359845,-1
2025-10-10 16:55:00,104.62924364313318,104.69580924440557,104.58137785713194,104.67116954986491,2619.839924046814,0.0004007092593991,104.1023790552666,103.76543888861045,0.2760326286624023,-0.0033841764128552665,0.0018718404684321807,-1
2025-10-10 17:00:00,104.67116954986491,104.73196254706184,104.48964580305186,104.57286733774684,4377.033103207484,-0.0009391527059535,104.19647671176264,103.83884147489556,0.2805391678077689,-0.002209504205237023,0.0018744932004489889,-1
2025-10-10 17:05:00,104.57286733774684,104.64934899664686,104.3643018373567,104.38061307139924,2444.1342766724274,-0.0018384717875874,104.23330398368996,103.88809343821409,0.2874591274718544,0.0003288758481225784,0.001885170307007917,0
2025-10-10 17:10:00,104.38061307139924,104.59593866889507,104.29070822009407,104.54639690120452,1773.7497760741012,0.0015882626565133,104.29592256719287,103.94793920757684,0.2855356955201183,0.0014901915931355703,0.0018900094524845039,1
2025-10-10 17:15:00,104.54639690120452,104.62566282070908,104.25529736856878,104.27861971154309,5210.632579637111,-0.0025613239441861,104.29246199606294,103.9780010715738,0.2979425113597845,0.002557211226439149,0.0018713843839337602,1
2025-10-10 17:20:00,104.27861971154309,104.28385509055818,104.1630819054906,104.18013398977332,1819.4590230782744,-0.0009444478843525,104.26999639480502,103.9963767914101,0.2809969159585007,0.0003508907477856038,0.0018881385423950502,0
2025-10-10 17:25:00,104.18013398977332,104.18769209409372,104.08698238052838,104.08808024840567,1855.8212160543596,-0.0008836016795358,104.23361316552516,104.0047134693188,0.2642945832536298,-0.0004601071678288493,0.0019010399490524445,0
2025-10-10 17:30:00,104.08808024840567,104.13276806215906,103.9839300765755,104.0319258871319,4324.648984503615,-0.0005394888746123,104.19327570984652,104.0071873254836,0.255423977448085,-0.0006737699075934911,0.0019080104345526694,0
2025-10-10 17:35:00,104.0319258871319,104.0925052546871,103.93082246204386,104.06657547522786,3897.5258687805126,0.0003330668715444,104.1679356629228,104.01258624818765,0.2553430724109467,-0.0016200307133752423,0.0019072596471560704,-1
2025-10-10 17:40:00,104.06657547522786,104.12772109963154,103.8377948522789,103.88539272323784,3144.533199438914,-0.0017410273295016,104.1114270749858,104.00102320046491,0.2547778404909491,-0.0017968221270231455,0.0019113654430090055,-1
2025-10-10 17:45:00,103.88539272323784,103.97054708749604,103.5129197005049,103.56915868724408,3647.8361672966953,-0.0030440664245862,104.00297339743746,103.9617627901721,0.2700006535807741,0.0007813350699561461,0.0019760539894874514,0
2025-10-10 17:50:00,103.56915868724408,103.62159655973642,103.52629123460105,103.52760804271612,3396.5942264215364,-0.0004011874292947,103.9079003264932,103.922294176767,0.2707359856414655,0.00018138108542142817,0.001939361184894657,0
2025-10-10 17:55:00,103.52760804271612,103.69004422906303,103.43793903186544,103.6141971900755,3399.223553977062,0.0008363870178826,103.84915969920966,103.89428535979503,0.2362002011859821,-0.0003343076989080762,0.0019225411632151136,0
2025-10-10 18:00:00,103.6141971900755,103.71016103819984,103.5731191461217,103.62518781889732,2909.655199020033,0.0001060726147563,103.8043653231472,103.86982194698616,0.2201000655092611,0.001428169726184425,0.0019060593776613517,1
2025-10-10 18:05:00,103.62518781889732,103.6475246352412,103.50986984429836,103.58402230851011,1472.0209385358294,-0.0003972539037435,103.7602967202198,103.84384016167016,0.2217588800570636,0.00600782192725946,0.0018921172167164794,1
2025-10-10 18:10:00,103.58402230851011,103.58502659394576,103.39603809045848,103.48315819341104,1452.4779294003645,-0.0009737420197747,103.70486901485803,103.81105089182842,0.2179497200197267,0.003545814981216866,0.0018694406407125071,1
2025-10-10 18:15:00,103.48315819341104,103.56718144233352,103.45309431621747,103.49653018565914,2485.026823092289,0.000129219019612,103.66320124901829,103.78245810035848,0.2057382890787177,0.005840299278849548,0.0018177127051975184,1
2025-10-10 18:20:00,103.49653018565914,103.58850611609412,103.44278179600748,103.58078785294828,3113.641860184331,0.0008141110348145,103.64671856980428,103.764124441503,0.1943449941705505,0.008414989093168401,0.001792196110609568,1
2025-10-10 18:25:00,103.58078785294828,103.86338298394476,103.5546280164549,103.8184371271348,11838.845754249429,0.0022943373873915,103.6810622812704,103.76906195837864,0.1899442452669463,0.005719684313861162,0.0018232025476836381,1
2025-10-10 18:30:00,103.8184371271348,104.43224142709003,103.79114047960628,104.36256571579794,1567.6531408923274,0.0052411556532758,103.8173629681759,103.82301684541676,0.2271105140109587,0.0018536979981322865,0.002040490745579583,1
2025-10-10 18:35:00,104.36256571579794,104.39981113084347,104.26053688562246,104.31694384676828,2717.1026270544908,-0.0004371478289821,103.91727914389438,103.86791930008506,0.2298651234149358,0.004829839159437688,0.002033518912084874,1
2025-10-10 18:40:00,104.31694384676828,104.44433867466756,104.3066749176828,104.3418131476104,2179.46733201151,0.000238401355763,104.0021859446376,103.911000558951,0.229066964229307,0.0019205676764024737,0.00200525136087066,1
2025-10-10 18:45:00,104.3418131476104,104.46240778619348,104.27165739271032,104.41494133405064,2660.670603541558,0.0007008521726261,104.0847370225202,103.95681335668732,0.2311432214321596,0.0002208767431008951,0.001997288367745598,0
2025-10-10 18:50:00,104.41494133405064,104.77861916645249,104.3837545978029,104.7021910629593,2488.99160066816,0.0027510404664181,104.20822783060802,104.02457496634842,0.2386388158105126,0.002814420929093453,0.0020136189556063696,1
2025-10-10 18:55:00,104.7021910629593,104.78456360312036,104.4995764035524,104.54528216854702,3106.230722096436,-0.0014986209249234,104.27563869819583,104.07191198473012,0.2263073738517127,0.005291439137488307,0.0019475155907527368,1
2025-10-10 19:00:00,104.54528216854702,104.63329508094309,104.20775835094388,104.2166898348934,4132.731686993783,-0.003143062286865,104.26384892553536,104.08507360747222,0.2498953313419858,0.008682867572389341,0.0020366947230763275,1
2025-10-10 19:05:00,104.2166898348934,104.24866923665328,103.94989692742922,104.04018857659784,3208.8375626781735,-0.0016935987755435,104.21911685574786,104.08099315012,0.2532286964867337,0.014833971794285805,0.0020609233171782213,1
2025-10-10 19:10:00,104.04018857659784,104.11016864038686,103.92624457627794,103.96183230604017,4401.431607332912,-0.0007531346456565,104.16765994580632,104.07016034611274,0.2565774230603616,0.015293125994413792,0.002052791857740969,1
2025-10-10 19:15:00,103.96183230604017,104.01959116981132,103.8104608334518,103.89798442672222,1015.7471811192172,-0.0006141473067728,104.11372484198952,104.0545079898045,0.2616828191615527,0.013649052647913384,0.0020487682527531898,1
2025-10-10 19:20:00,103.89798442672222,103.9387016525202,103.66433985052664,103.69872915091824,2896.897568450457,-0.0019177973172762,104.03072570377526,104.02216445899666,0.2677809119120015,0.02039619480250998,0.002075936831737495,1
2025-10-10 19:25:00,103.69872915091824,103.7509842148347,103.62122522023164,103.65008090309227,5657.697863445752,-0.000469130607716,103.95459674363867,103.98833868118716,0.2689003310896467,0.023300082278188805,0.0017394582852539471,1
2025-10-10 19:30:00,103.65008090309227,103.7296857920667,103.4466507796563,103.546385992634,1805.2176791629413,-0.0010004325086369,103.87295459343774,103.94816116404596,0.2787082376842004,0.023367272618647128,0.0016949641950965402,1
2025-10-10 19:35:00,103.546385992634,103.62275897217197,103.44302289612412,103.57955816623868,2088.632375707912,0.0003203605155959,103.81427530799792,103.91465180060892,0.2694926025811983,0.024422408053497158,0.001693915693239469,1
2025-10-10 19:40:00,103.57955816623868,103.86018006653536,103.49632360187208,103.77318217501043,1694.2014807991425,0.0018693264597731,103.80605668140043,103.90179092555452,0.2496894252368784,0.02261325524491764,0.0017334271030866265,1
2025-10-10 19:45:00,103.77318217501043,104.30853947443984,103.74234116706984,104.20633666904892,6110.921143388833,0.0041740504141809,103.88611267893012,103.92947690223582,0.2801840011046629,0.017993567214423356,0.0018745128610351137,1
2025-10-10 19:50:00,104.20633666904892,104.29096122343198,103.83776768033464,103.85009032603688,2316.3539982229345,-0.0034186629565862,103.87890820835148,103.92225994076318,0.3027218429698481,0.021477074652284545,0.0019410932868382128,1
2025-10-10 19:55:00,103.85009032603688,104.189545048512,103.79286201206604,104.10098089626588,3730.620036451749,0.002415891690044,103.92332274593436,103.93850730035432,0.3174313174671884,0.02042538290520879,0.0019457609305200533,1
2025-10-10 20:00:00,104.10098089626588,104.53456519169444,104.05215446708183,104.45241905299262,4708.331359005561,0.0033759351132047,104.02914200734602,103.98522655059418,0.3236846143216892,0.017508109172194697,0.0020298716049105387,1
2025-10-10 20:05:00,104.45241905299262,104.4694319797277,104.38113260955568,104.41224581346044,1427.7483230129474,-0.0003846080339393,104.10576276856892,104.024046483582,0.3096354836505516,0.022496251315452742,0.002024110584820628,1
2025-10-10 20:10:00,104.41224581346044,104.6258103699528,104.34101649682005,104.55602239494526,3755.566940235596,0.0013770088016464,104.19581469384418,104.07240793006956,0.2995824224458059,0.022573529887254917,0.002032938292061641,1
2025-10-10 20:15:00,104.55602239494526,104.87567409949152,104.4679812153912,104.82077790715228,3364.127966093673,0.0025321880666706,104.3208073365058,104.1404415643498,0.3073624635083963,0.01904632739621115,0.0020757303791349496,1
2025-10-10 20:20:00,104.82077790715228,104.84601555408088,104.4848517538662,104.54220866123892,4485.483019366531,-0.0026575765938325,104.36508760145244,104.17696584588518,0.3200224446588068,0.0226734050347015,0.002109817063912469,1
2025-10-10 20:25:00,104.54220866123892,104.574223999043,104.39560665089697,104.43800416622356,3064.9953638513584,-0.0009967695952649,104.37967091440666,104.20069660227958,0.3178429455007026,0.0273032422430739,0.0020381208855741978,1
2025-10-10 20:30:00,104.43800416622356,105.0417574313044,104.371451692432,104.99686710080884,3987.278880843851,0.0053511452947321,104.5031101516871,104.2730757385095,0.3461246552777623,0.02055874757032039,0.0022229363702735367,1
2025-10-10 20:35:00,104.99686710080884,105.1854730495885,104.97815880868188,105.09847716625342,3058.4970070417253,0.0009677437836981,104.62218355460035,104.34811223194076,0.3516643157280167,0.021048560797933158,0.0022238075984359847,1
2025-10-10 20:40:00,105.09847716625342,105.18983852167204,105.02119769722798,105.12158955156256,2616.952533614075,0.0002199117050247,104.7220647539928,104.41842835190636,0.3434933023018485,0.019291752589944533,0.0022233356655180165,1
2025-10-10 20:45:00,105.12158955156256,105.67403478851634,105.05159601642828,105.58351779941528,2611.148369921293,0.0043942281487872,104.89435536307732,104.52434557440718,0.3751149234475802,0.01766994301897995,0.002323487551879416,1
2025-10-10 20:50:00,105.58351779941528,105.68668214123493,105.52923795516908,105.55173370610656,3071.821479520424,-0.0003010327177117,105.02583103168315,104.61774449547076,0.3603711892620487,0.018757016023917217,0.002311800892536499,1
2025-10-10 20:55:00,105.55173370610656,105.6533510363274,105.2895643198437,105.31609348617464,4948.857317687151,-0.002232461861669,105.08388352258147,104.68123076735291,0.3459132184844549,0.021884577284759343,0.002365099589826752,1
2025-10-10 21:00:00,105.31609348617464,105.87821073410268,105.27215697530788,105.81378863145308,7057.652487185003,0.0047257273679996,105.2298645443558,104.7841905731802,0.3568318053199876,0.017097471594548663,0.0024777269349899513,1
2025-10-10 21:05:00,105.81378863145308,106.09141937331955,105.77374188438422,106.06513631627524,2101.1834972662323,0.0023753774255035,105.3969188987397,104.90064018618884,0.351188551926373,0.01482179157489405,0.0024794818244556036,1
2025-10-10 21:10:00,106.06513631627524,106.09625067305636,105.91186684456984,105.96598262279954,4380.884207104369,-0.0009348377508328,105.51073164355168,104.997489498608,0.3299009164887972,0.013225376026950286,0.0023493215376898862,1
2025-10-10 21:15:00,105.96598262279954,106.16137331311786,105.86654312693388,106.10922040177552,3301.723986446378,0.0013517335981856,105.63042939519646,105.09855594435052,0.3446531176325089,0.009735260734542006,0.0023480952009621095,1
2025-10-10 21:20:00,106.10922040177552,106.17432601558043,106.0455634671732,106.11983163111128,3329.152512346452,0.0001000028960307,105.72830984237945,105.19139918860148,0.3335080230092576,0.009958971538164718,0.002348786784176936,1
2025-10-10 21:25:00,106.11983163111128,106.16653272207682,106.05670735267476,106.08138039207228,2288.032353287018,-0.0003623379197644,105.798923952318,105.27230657073518,0.3122317719593823,0.008375627598841362,0.002353818471487698,1
2025-10-10 21:30:00,106.08138039207228,106.08138441025116,106.0756227736013,106.08048646861567,1642.0073442969758,-8.426770591762889e-06,105.85523645557755,105.3457774705425,0.2868459031333249,0.009146539622008731,0.00231888779778081,1
2025-10-10 21:35:00,106.08048646861567,106.31730159868492,106.00482628142096,106.22728329187994,5350.481543484578,0.0013838249441635,105.92964582283804,105.42591436339136,0.2964071866417462,0.007817517257824758,0.002298192799898485,1
2025-10-10 21:40:00,106.22728329187994,106.38209818961482,106.12618626372974,106.28118340907224,3843.1280871982735,0.0005074037057335,105.99995334008489,105.5036660948169,0.2668076285712238,0.005673856839562008,0.002199952469504232,1
2025-10-10 21:45:00,106.28118340907224,106.85206427141902,106.23832381531454,106.76112993569087,2262.8732836560853,0.0045158184282851,106.15218865920608,105.6179809894418,0.2958380725139276,0.0026551600190587443,0.0022626619393580115,1
2025-10-10 21:50:00,106.76112993569087,106.9306459521947,106.7446862898729,106.91622089137005,2528.5082619415084,0.0014526912161063,106.3049951056389,105.736002798708,0.2970751323623375,0.002273821896694228,0.0022470647973289737,1
2025-10-10 21:55:00,106.91622089137005,106.9169239689528,106.7610136184566,106.81722876109744,6138.026938828036,-0.0009258850476318,106.4074418367306,105.83429606801612,0.2637516736772056,0.0004834163361062682,0.0022544084533549784,0
2025-10-10 22:00:00,106.81722876109744,107.00461063313934,106.74881145233162,106.91253650143746,4338.599402709794,0.0008922506363948,106.50846076967198,105.93231792559988,0.2707770304444819,0.001662356811055199,0.0021963456049216585,1
2025-10-10 22:05:00,106.91253650143746,107.36298137448844,106.85802494084449,107.28950029335714,5689.257046195618,0.003525908226063,106.664668674409,106.05569814085057,0.2808605816702152,-0.0020419188611874306,0.0022260337673085323,-1
2025-10-10 22:10:00,107.28950029335714,107.38077523218548,107.09650354591857,107.15547118720885,1628.3100611075615,-0.0012492285431643,106.762829176969,106.1556775087013,0.2578761479182227,0.00045729126591798064,0.002233959999181352,0
2025-10-10 22:15:00,107.15547118720885,107.32554945728783,107.1458370292844,107.3106488526575,4994.953933216991,0.0014481543847402,106.87239311210668,106.2606749036064,0.248021500708802,0.0003634375407042256,0.002230586235955835,0
2025-10-10 22:20:00,107.3106488526575,107.34249821719494,107.06321068517092,107.149569249053,8200.369762511802,-0.0015010588914216,106.92782833949596,106.3414834804652,0.254800336675765,0.0023585185415209153,0.0022726959407143635,1
2025-10-10 22:25:00,107.149569249053,107.4882114895222,107.1091339327544,107.4491725426744,1351.7669051343792,0.002796122240352,107.03209718013166,106.44218248612056,0.2608180060031831,-0.003109279531597675,0.0022232024582256814,-1
2025-10-10 22:30:00,107.4491725426744,107.60412165465,107.3921966277752,107.53156926658424,4117.0437682421325,0.0007668437267591,107.13199159742216,106.5412176479809,0.266758183036579,-0.0049005144227390884,0.002075466829842697,-1
2025-10-10 22:35:00,107.53156926658424,107.64094581140058,107.50327147163192,107.62089167340176,1860.219800892167,0.0008306621713674,107.2297716126181,106.63936983211006,0.2687473952056213,-0.004745695934152416,0.0020617038620956173,-1
2025-10-10 22:40:00,107.62089167340176,107.7095826518359,107.62041342365691,107.62293687689092,5369.315278703499,1.9003777588011417e-05,107.30840466547266,106.72878501799924,0.2747050803148444,-0.0071342794715894,0.0020241671900154906,-1
2025-10-10 22:45:00,107.62293687689092,107.70106780705052,107.57285456183727,107.6372116601178,3316.3217612188546,0.0001326369976617,107.3741660644017,106.81136925819182,0.2615435037397923,-0.007537106441345975,0.002015320139130802,-1
2025-10-10 22:50:00,107.6372116601178,107.66417814317472,107.29059040734336,107.36742258905134,12835.373877528176,-0.0025064665546927,107.37281736933164,106.86191956099722,0.269948918735953,-0.005048230548164501,0.0021039440131782857,-1
2025-10-10 22:55:00,107.36742258905134,107.46080663769716,107.12728041782006,107.1422213287258,2699.993721310612,-0.0020974822240774,107.32669816121047,106.88740153988164,0.249933616148284,-0.0008224241834237089,0.002142069503875904,-1
2025-10-10 23:00:00,107.1422213287258,107.22962897777806,107.13130221347504,107.17667601396036,3544.3416835890216,0.0003215789705239,107.29669373176046,106.91369921934331,0.2436741234326577,-0.001118938986250928,0.0020549889634174727,-1
2025-10-10 23:05:00,107.17667601396036,107.21747962802202,106.94283499247852,106.9698785294073,4310.326938242498,-0.0019295008227919,107.23133069128984,106.91880642934916,0.2521551437931789,-0.003007594258793933,0.002087364663577454,-1
2025-10-10 23:10:00,106.9698785294073,107.0837065498634,106.88495329482356,107.05075584122284,3841.6759692139135,0.0007560755693791,107.19521572127644,106.93080183042856,0.2480804348097578,-0.00456813442458337,0.0019113255344323276,-1
2025-10-10 23:15:00,107.05075584122284,107.06400553778154,107.03120610969174,107.05771691226605,1903.3494840302983,6.502589345114274e-05,107.16771595947436,106.94233956514104,0.2143549344130327,-0.005345857502685014,0.0019124960723930077,-1
2025-10-10 23:20:00,107.05771691226605,107.074175657968,106.82286976474768,106.88420762847456,1876.4760526041975,-0.0016207078648395,107.1110142932744,106.93705484362592,0.2120002349097061,-0.003951031469003774,0.0019509407776971911,-1
2025-10-10 23:25:00,106.88420762847456,107.0908126016943,106.79107467903872,107.04459781948565,3238.802004289032,0.0015005976520738,107.09773099851668,106.94683147779496,0.2205734845277151,-0.0038755883676483416,0.0018288977464046142,-1
2025-10-10 23:30:00,107.04459781948565,107.19355575740477,107.00001083805404,107.15932933554464,2522.539044580746,0.0010718104266456,107.11005066592227,106.96614946486312,0.2144490121939069,-0.0066843301571885005,0.0018272686238300123,-1
2025-10-10 23:35:00,107.15932933554464,107.2661368857319,106.81913075774644,106.86886595445816,4084.282016308496,-0.0027105748317717,107.06181372362946,106.95730550937176,0.2193010529951655,-0.005220120493659497,0.0018519018317361426,-1
2025-10-10 23:40:00,106.86886595445816,107.10206374264432,106.86624569740758,107.0902632846778,5647.944935436401,0.0020716728697576,107.06750363583912,106.96939257985412,0.221007697163877,-0.007426275959898421,0.0017085380015020011,-1
2025-10-10 23:45:00,107.0902632846778,107.15122832572568,107.05454415399764,107.07042383910076,1797.1790807387354,-0.0001852590979656,107.06808767649149,106.97857723978564,0.2180798280181183,-0.007684946363552991,0.0016714474646594125,-1
2025-10-10 23:50:00,107.07042383910076,107.26319490491528,107.00972313122416,107.20447244827808,2733.914870666462,0.0012519667371333,107.0953646308488,106.9991131678304,0.2298157241261285,-0.005396758307973704,0.0016641812678044239,-1
2025-10-10 23:55:00,107.20447244827808,107.39805927461428,107.13238168762716,107.34964957096788,2535.1578778011476,0.0013542077058383,107.14622161887264,107.03098011357017,0.2396346056814065,-0.006935155620956146,0.001664228668544092,-1
2025-10-11 00:00:00,107.34964957096788,107.44352333835891,107.348046267731,107.40228349484288,1789.4329633200011,0.0004903036394192,107.19743399406669,107.06473496641314,0.219769558166878,-0.008795825134400581,0.001663657019460484,-1
2025-10-11 00:05:00,107.40228349484288,107.4955389962332,107.03047042250353,107.11508302980036,2259.2108188058605,-0.0026740629314118,107.18096380121342,107.06931206308472,0.2291654405849194,-0.006258468267086648,0.001744991330557318,-1
2025-10-11 00:10:00,107.11508302980036,107.12781067650016,106.9065612385057,107.00460926049358,2520.9316476816225,-0.0010313558668113,107.14569289306948,107.06342999012188,0.237945631562879,-0.007323423654886363,0.0017602130293415653,-1
2025-10-11 00:15:00,107.00460926049358,107.1879593989494,106.92242411588528,107.11015564535744,2797.2176207674015,0.0009863723216532,107.13858544352706,107.06767777696147,0.2372949635286362,-0.005077202847112217,0.0017535085121475717,-1
2025-10-11 00:20:00,107.11015564535744,107.11277347785676,106.84249803703464,106.85512476765795,2226.911313301117,-0.0023810149108912,107.08189330835324,107.0483547761157,0.2424036910845148,-0.004494911782312649,0.0018136808598775585,-1
2025-10-11 00:25:00,106.85512476765795,106.91347575865966,106.81471095256856,106.8259385387858,1719.98555780852,-0.0002731383163476,107.03070235443975,107.02813511817662,0.247115503798894,-0.0027492933209521953,0.0016319912913468706,-1
2025-10-11 00:30:00,106.8259385387858,106.86861454202015,106.79029716177844,106.8254070864596,2051.9528420825245,-4.974937112267597e-06,106.98964330084372,107.00970529711144,0.2347591814432783,-0.001729742041931659,0.0016109266535561894,-1
2025-10-11 00:35:00,106.8254070864596,107.09994696631357,106.79571787519076,107.05410497483932,5973.120925681686,0.0021408566989558,107.00253563564286,107.01374163145032,0.2350799791909383,-0.006176206064574252,0.0016464515841287687,-1
2025-10-11 00:40:00,107.05410497483932,107.08152195408574,107.04898493476178,107.05675185275156,2269.0281558281954,2.4724674619891474e-05,107.0133788790646,107.01765165156864,0.2235794149033146,-0.005450111698577564,0.001639613017666949,-1
2025-10-11 00:45:00,107.05675185275156,107.15164624590324,106.58409242357172,106.64815653687836,1599.7408622758296,-0.0038166235085779,106.94033441062736,106.98406118659678,0.2321899644994626,-0.001282198815696578,0.0016502767372594874,-1
2025-10-11 00:50:00,106.64815653687836,106.75460532365692,106.54950398973922,106.56173359828688,2497.4197318994356,-0.0008103556723138,106.86461424815928,106.9456677694777,0.2299959136909594,-0.001628094451299189,0.001642963308910158,-1
2025-10-11 00:55:00,106.56173359828688,106.66153860045604,106.46226442084814,106.48540161309027,2441.6128302942366,-0.0007163170363234,106.78877172114548,106.9038253916243,0.2373237713966623,-0.003417834300156075,0.0016184701121972557,-1
2025-10-11 01:00:00,106.48540161309027,106.5384597653116,106.4034974060965,106.46190476059492,1770.8023015236909,-0.0002206579694437,106.72339832903538,106.86365078880344,0.2288588132198025,-0.006936907534192738,0.001602030542239456,-1
2025-10-11 01:05:00,106.46190476059492,106.73451491183096,106.4211436238094,106.62973702135685,3020.1481634117317,0.0015764536726947,106.70466606749967,106.84238590085374,0.2322655061508324,-0.009241894835533615,0.0015418281951316433,-1
2025-10-11 01:10:00,106.62973702135685,106.7103067618894,106.4376139442041,106.44304099884296,3456.8765320809275,-0.0017508813932129,106.65234105376834,106.80608181885276,0.2449237737977867,-0.007084910801147037,0.0015530926446805805,-1
2025-10-11 01:15:00,106.44304099884296,106.50279917592448,106.30499175704372,106.31099759715514,4649.975737528076,-0.0012405076033975,106.58407236244572,106.7610741623348,0.2258336913085758,-0.005801889596347087,0.0015468781579796769,-1
2025-10-11 01:20:00,106.31099759715514,106.41402801908777,106.2121376330419,106.2949814369076,3357.2454760055757,-0.0001506538421193,106.52625417733807,106.71870209638686,0.2244509018836749,-0.008327875738814217,0.0015457516722054375,-1
2025-10-11 01:25:00,106.2949814369076,106.31855684029514,106.15592548470048,106.24759337477438,7988.82309261407,-0.0004458165521327,106.47052201682536,106.67587403078572,0.2171006213501424,-0.0037599468717568474,0.0015428613508850443,-1
2025-10-11 01:30:00,106.24759337477438,106.72128835020924,106.19161484704378,106.6259158209409,2278.066019509656,0.0035607624996458,106.50160077764848,106.67133237534529,0.2356290543746664,-0.0053662860925045575,0.0016456374991927383,-1
2025-10-11 01:35:00,106.6259158209409,106.69049493625305,106.5443440184488,106.60516304533812,3329.0924693848256,-0.0001946316281833,106.52231323118642,106.66531698170829,0.2390137766398896,-0.004032045878065715,0.0016094100255292215,-1
2025-10-11 01:40:00,106.60516304533812,106.63315433938756,106.43841356067104,106.45759179018692,3529.6046173149102,-0.0013842786872193,106.50936894298653,106.64643287338816,0.2473297336738044,-0.002036934038138427,0.0016212963420975796,-1
2025-10-11 01:45:00,106.45759179018692,106.47350604747731,106.4127033788843,106.444706681732,1042.9409622335045,-0.0001210351299353,106.49643649073565,106.62809412869213,0.2299421320645334,-0.0030655857984603907,0.0015906211757474214,-1
2025-10-11 01:50:00,106.444706681732,106.5392884307741,106.1752444164296,106.2209691738534,1247.5092153391429,-0.0021019129541836,106.4413430273592,106.59108276916132,0.2536212031374286,-0.0019166312447542744,0.0016179580453558522,-1
2025-10-11 01:55:00,106.2209691738534,106.64404077622704,106.12759355777668,106.5663356581602,1583.432156298088,0.003251396470894,106.4663415535194,106.5888330317976,0.249970731431631,-0.004183499152447201,0.0017315191354220787,-1
2025-10-11 02:00:00,106.5663356581602,106.61118797918972,106.34521671485912,106.37482040833932,1290.024366306821,-0.0017971458682338,106.4480373244834,106.56937733875591,0.2543185836039794,-0.0017073316704167008,0.0017366520054133655,-1
2025-10-11 02:05:00,106.37482040833932,106.6250321343866,106.300846147074,106.53224269945667,4330.958603365262,0.0014798830260118,106.46487839947804,106.566001462456,0.263240855582888,-0.0012240424232677904,0.001736021489914589,-1
2025-10-11 02:10:00,106.53224269945667,106.74165625194482,106.51192028295736,106.6406266886757,1721.5541270482368,0.001017382028883,106.5000280573176,106.5727855739305,0.2700103991380566,-0.004713244025461472,0.0017348135897915537,-1
2025-10-11 02:15:00,106.6406266886757,106.66462405263208,106.32783217066418,106.39291676245615,1180.4226995192498,-0.0023228476230049,106.47860579834531,106.55643386379649,0.2716832987056534,-0.0009068940236047762,0.001717622848836647,-1
2025-10-11 02:20:00,106.39291676245615,106.54151905344848,106.3373538168396,106.47328059706716,2967.6119364598417,0.0007553494824326,106.47754075808967,106.548874475912,0.2667884714859089,0.0014000217672476278,0.0016783077620159618,1
2025-10-11 02:25:00,106.47328059706716,106.57736365467454,106.3872293567004,106.51141239687055,1634.227456385836,0.0003581349197616,106.48431508584586,106.54546883236276,0.2662403914211516,0.0012169014197047634,0.0016809911631691194,1
2025-10-11 02:30:00,106.51141239687055,106.5702740911937,106.31571424746032,106.38824103109468,8200.212525516357,-0.001156414725935,106.46510027489563,106.53117539588384,0.2700024955416893,0.005220385998189192,0.0016695083607369656,1
2025-10-11 02:35:00,106.38824103109468,106.40194984976536,106.09411390808503,106.12145215499116,2244.985636127866,-0.0025076913906824,106.39637065091476,106.49392782852996,0.2803742516906646,0.011072755066281692,0.0016901942774572543,1
2025-10-11 02:40:00,106.12145215499116,106.22479690658868,105.67648898491323,105.72338837135663,2615.127336618689,-0.0037510208873994,106.26177419500311,106.42387878696871,0.2817052815842343,0.01668550097746002,0.0017851450879089914,1
2025-10-11 02:45:00,105.72338837135663,105.80876453114703,105.5973319209022,105.64427620546486,2932.6978790601615,-0.000748293893248,106.13827459709547,106.35300582501382,0.2863682596157062,0.01652817562295228,0.0017410821146762406,1
2025-10-11 02:50:00,105.64427620546486,105.77285091405923,105.55009088307423,105.68890154796333,2822.256957975582,0.0004224113610438,106.04839998726904,106.29263270891832,0.2883696347777404,0.017830463766300042,0.001743862814671165,1
2025-10-11 02:55:00,105.68890154796333,105.75647151266864,105.66201888122052,105.69419292621892,2519.399568580314,5.0065599870086075e-05,105.97755857505904,106.23822909230928,0.2907732035531042,0.01862824113823902,0.0017278913266173734,1
2025-10-11 03:00:00,105.69419292621892,105.7086286205134,105.30978171494944,105.40977003984148,6841.360965727109,-0.0026909982327599,105.86400086801554,106.16291463299405,0.293259124354494,0.02272180191124762,0.0017400984668162005,1
2025-10-11 03:05:00,105.40977003984148,105.89947113208206,105.334857163875,105.8481080684332,4113.837466871711,0.0041584193611847,105.86082230809907,106.1342958543976,0.2966996064799718,0.018694857105248985,0.0019195810757279682,1
2025-10-11 03:10:00,105.8481080684332,106.11564391487616,105.83774420717262,106.05373065177042,2586.524820960122,0.0019426193541813,105.89940397683336,106.12697174506783,0.2975516381494704,0.014950219297835465,0.0019592293712389613,1
2025-10-11 03:15:00,106.05373065177042,106.26454392751356,106.02120200991315,106.17532613710064,5284.366374954685,0.0011465460439998,105.95458840888682,106.131367598889,0.2917770617414561,0.013147121871164291,0.001928141186828847,1
2025-10-11 03:20:00,106.17532613710064,106.28940739308852,106.15523324567904,106.24074469785124,2379.337329923564,0.0006161371302604,106.01181966667971,106.14131097152192,0.2849512173430304,0.014079652070121629,0.0019337425689999915,1
2025-10-11 03:25:00,106.24074469785124,106.32728851320536,106.04716380887106,106.1183913006072,4179.963755483702,-0.0011516617056102,106.0331339934652,106.13922736507512,0.2809035617977733,0.016985263316232846,0.001829177085566125,1
2025-10-11 03:30:00,106.1183913006072,106.17024074204048,105.94865907711588,106.01738274548671,2945.550710315291,-0.0009518477794705,106.02998374386952,106.12815058147618,0.2821475923917538,0.0164620342028714,0.001830985013248888,1
2025-10-11 03:35:00,106.01738274548671,106.16177944165604,105.91979411142025,106.12051548325488,5307.2759896897405,0.0009727908301202,106.0480900917466,106.12745648163788,0.2858512375533024,0.01326468633398692,0.0018387134250825894,1
2025-10-11 03:40:00,106.12051548325488,106.26301605056288,106.01573180025088,106.19320330852128,7960.072499390707,0.0006849554483918,106.07711273510157,106.1334334659,0.2853315523089179,0.01227456854932174,0.0018438479348921644,1
2025-10-11 03:45:00,106.19320330852128,106.47581162512712,106.12031642191675,106.40184271494668,3191.2189222595766,0.0019647152541319,106.14205873107058,106.15783430672242,0.2887357852753486,0.014321255425593593,0.0018563167089264015,1
2025-10-11 03:50:00,106.40184271494668,106.40682426877862,106.12949446814442,106.13800339206382,2020.140370499628,-0.0024796499398012,106.14124766326924,106.15603149629892,0.2693802052009754,0.020693727954709917,0.0018819578702344868,1
2025-10-11 03:55:00,106.13800339206382,106.3975551728138,106.04735971238756,106.2964296620904,5975.913195021034,0.0014926441516085,106.17228406303347,106.16879496591632,0.2792918373567902,0.017032382110191646,0.0018899671521611157,1
2025-10-11 04:00:00,106.2964296620904,106.67253183139108,106.21639111509351,106.62234550753332,2472.638810977095,0.0030661034098602,106.26229635193344,106.21002683333604,0.2959618863076869,0.011281924785085051,0.0019658586514955264,1
2025-10-11 04:05:00,106.62234550753332,106.67023634303791,106.58427587515088,106.64102628583106,7675.497881802751,0.0001752050961627,106.33804233871297,106.24920860174468,0.2953553031961827,0.007296810899575457,0.0019633810169690487,1
2025-10-11 04:10:00,106.64102628583106,106.95162506644668,106.54344563501402,106.94362871494538,6710.799420756089,0.0028375798663382,106.45915961395946,106.31233770294476,0.2960219121868042,0.00248063213537586,0.0019262789900508887,1
2025-10-11 04:15:00,106.94362871494538,107.32925020037403,106.90402987837498,107.29650900198152,1829.8847393499896,0.0032996849955104,106.62662949156388,106.401807821039,0.2860652231719486,0.0031890789647208706,0.0020067078729907465,1
2025-10-11 04:20:00,107.29650900198152,107.58363878956968,107.23596989629696,107.4874360713673,1905.692590612929,0.0017794341228962,106.79879080752455,106.50050129834158,0.2910487364268895,0.002276396359008892,0.002003866457219754,1
2025-10-11 04:25:00,107.4874360713673,107.50533889050968,107.2843228193984,107.39038335614846,2932.675265010168,-0.000902921483348,106.91710931724936,106.58139966723311,0.2894540331062377,0.003360160927474709,0.0020139432754065025,1
2025-10-11 04:30:00,107.39038335614846,107.6577351972204,107.29857197546512,107.57338367751434,2174.301975261355,0.0017040661896046,107.04836418930236,106.67158003180413,0.3055246812737938,0.005474865517286265,0.0019809487491996556,1
2025-10-11 04:35:00,107.57338367751434,107.7243682450484,107.5528876610317,107.66308983896008,4538.875107246726,0.0008339066633309,107.17130931923391,106.76171728700012,0.2977643869653933,0.0022412388662766958,0.0019135445761684225,1
2025-10-11 04:40:00,107.66308983896008,107.84642588065654,107.63443334515418,107.80486995419692,4049.178244779498,0.0013168869242832,107.29802144622651,106.85654934765438,0.2970794491495191,-0.001724482288871565,0.0018812185361408973,-1
2025-10-11 04:45:00,107.80486995419692,107.84249480029506,107.76558888116432,107.82692332363352,5081.626392817815,0.0002045674694097,107.40380182170792,106.94476516365248,0.2852880626420123,-0.00011401061704530147,0.0018715048803204274,0
2025-10-11 04:50:00,107.82692332363352,107.88961285733146,107.54156485411784,107.63925718236796,5172.055520658511,-0.0017404386166365,107.45089289383996,107.00790080171753,0.2924854735635561,0.003960583266898521,0.0019043810580452924,1
2025-10-11 04:55:00,107.63925718236796,107.67793876568744,107.54829823045678,107.57122608953571,2689.2914445068013,-0.0006320286353981,107.47495953297911,107.05911219151918,0.2763529972792936,0.007014936869487398,0.0018522010063420173,1
2025-10-11 05:00:00,107.57122608953571,107.7559177577364,107.49917762470896,107.7365774188676,1578.983871691103,0.001537133444907,107.52728311015682,107.12069993945994,0.2748823067359528,0.0060559642110544765,0.0018629007209456261,1
2025-10-11 05:05:00,107.7365774188676,107.98667547624554,107.660053983404,107.92084011954306,2860.2576941997577,0.0017103077254725,107.60599451203409,107.19343995583112,0.2731984519084735,0.005032169034895562,0.0018778899136924548,1
2025-10-11 05:10:00,107.92084011954306,107.98127210383127,107.7102714485019,107.76264452634182,2164.6645749119325,-0.0014658484221028,107.63732451489562,107.24518582587754,0.2599741618393188,0.0039428111078512185,0.0018870044166500288,1
2025-10-11 05:15:00,107.76264452634182,107.86713956735538,107.43953730647203,107.52817083474126,1483.225263544347,-0.0021758346097681,107.61549377886476,107.27091173577423,0.2843771470533391,0.006209054614485732,0.0018713392118710197,1
2025-10-11 05:20:00,107.52817083474126,107.62415451518967,107.47905330216592,107.49667906200378,2664.93008246413,-0.0002928699753098,107.59173083549256,107.29143603815874,0.2655858457384192,0.005252743583447517,0.0017165476495609444,1
2025-10-11 05:25:00,107.49667906200378,108.0255096366831,107.42726736612023,107.92565068222127,2753.316509700427,0.0039905569545091,107.65851480483832,107.34909191489167,0.2779445563501182,-0.0007845737363951777,0.001805583330828067,0
2025-10-11 05:30:00,107.92565068222127,108.33690166924283,107.81924181765018,108.33439435991528,3522.7367368902906,0.0037872709139137,107.79369071585371,107.43866486443927,0.2900867676586856,-0.0050397805816493335,0.0018868814856528428,-1
2025-10-11 05:35:00,108.33439435991528,108.33450504939168,108.07896691275351,108.10691106904424,6136.18071536638,-0.0020998251960062,107.85633478649184,107.49941451940336,0.2925526294820336,-0.003406341220501763,0.0019507066181134079,-1
2025-10-11 05:40:00,108.10691106904424,108.19974173243052,107.77621708720103,107.82525078995866,1962.113978215835,-0.0026053864299729,107.8501179871852,107.52903599854476,0.2971498740159047,-0.0006972764528059283,0.0019459482772591576,0
2025-10-11 05:45:00,107.82525078995866,107.83186850386136,107.40080165525684,107.41916568877544,3830.4243060342105,-0.0037661410310491,107.76392752750326,107.51904778856571,0.3156917500578942,0.0030603767000978443,0.001996541640008266,1
2025-10-11 05:50:00,107.41916568877544,107.41996661796186,107.12006980635596,107.20891651700938,5377.232812767694,-0.0019572780184795,107.65292532540448,107.49085403660604,0.321970626922432,0.004562672914910637,0.002022139492462387,1
2025-10-11 05:55:00,107.20891651700938,107.6698374509998,107.10811724569594,107.63868604182773,3787.428435321236,0.0040087106444186,107.65007746868912,107.50429330980802,0.3566002187919425,0.0010866109706348936,0.0021198756628881,1
2025-10-11 06:00:00,107.63868604182773,107.83682376926704,107.53214158292532,107.73212007947936,1850.7816122376444,0.0008680339856186,107.66648599084718,107.5250048343236,0.3535026604439498,0.002320608587702777,0.002121056393113467,1
2025-10-11 06:05:00,107.73212007947936,107.75348895179178,107.62761296277588,107.75123232628832,1862.2727417001863,0.000177405278898,107.6834352579354,107.54557096995676,0.3532337642857531,0.0020654126296550945,0.0021018519909390826,1
2025-10-11 06:10:00,107.75123232628832,108.1638010874804,107.74104442036504,108.16233348638816,12529.38787601619,0.0038152803566546,107.77921490362596,107.60164028963231,0.3650920881491777,-0.0015755906345951143,0.002165122110493728,-1
2025-10-11 06:15:00,108.16233348638816,108.24986544369216,107.81428923914156,107.9043885403706,3856.4905413500505,-0.0023847945740743,107.8042496309749,107.62916285788124,0.3728745675569688,0.0025836755879953266,0.002228328285223996,1
2025-10-11 06:20:00,107.9043885403706,107.94322052439692,107.53497802681878,107.6189623653068,5461.276187876689,-0.0026451767062003,107.76719217784128,107.62823554037448,0.3826775562890238,0.007379658297016478,0.0022972397581403417,1
2025-10-11 06:25:00,107.6189623653068,107.85344783836236,107.59105563395894,107.8146299095713,2252.6369368852106,0.0018181511878947,107.77667972418728,107.64518048302874,0.3708768379690293,0.004882336522771702,0.0022942035278636264,1
2025-10-11 06:30:00,107.8146299095713,108.15667392148326,107.75869377340936,108.06557142322583,5745.4708535477,0.0023275274780891,107.834458063995,107.68339784122848,0.3889396190440389,0.005414721150059254,0.00225562132580986,1
2025-10-11 06:35:00,108.06557142322583,108.377838007529,108.0267129284404,108.32583144952716,2084.772061599946,0.002408352844238,107.93273274110145,107.74180089652836,0.3712883910815928,0.0003736405725245362,0.00227350636715483,0
2025-10-11 06:40:00,108.32583144952716,108.47997320666896,108.30131921440898,108.38902627593777,3099.936277094304,0.0005833772569752,108.02399144806871,107.80063956738374,0.3470736868435438,-0.0016512790568601332,0.002228324639383731,-1
2025-10-11 06:45:00,108.38902627593777,108.46877825225928,108.38212198490524,108.46391602941254,5460.352115145386,0.0006909348302854,108.11197636433748,107.86093742756816,0.3350106961803923,-0.0017797553888831974,0.002227644550595583,-1
2025-10-11 06:50:00,108.46391602941254,108.47212612153044,108.17742851520345,108.1875322781917,3444.450061473305,-0.0025481631250148,108.12708754710832,107.89062786853394,0.3258087648302147,-0.00013190323945355686,0.00225117818245105,0
2025-10-11 06:55:00,108.1875322781917,108.21929330018976,108.08079195329852,108.19581912004992,1667.7727704865615,7.659701338713631e-05,108.14083386169663,107.91837252776266,0.3049112289935495,0.0036674453176916977,0.0021867710125632153,1
2025-10-11 07:00:00,108.19581912004992,108.23002627021306,108.02433427228289,108.06133155318864,1934.0818015531136,-0.0012430015129517,108.12493339999506,107.93136880280136,0.2981823137309994,0.004632738594999575,0.0021844397051309903,1
2025-10-11 07:05:00,108.06133155318864,108.12690324869446,107.8057272800544,107.84097505121264,1542.3069288038566,-0.0020391799620527,108.06814173023858,107.92315118902056,0.2810005825407273,0.006677292717422123,0.0022114888040764974,1
2025-10-11 07:10:00,107.84097505121264,107.88145864293428,107.71698416968546,107.78841278289543,2220.3768495793724,-0.0004874053511871,108.01219594076996,107.9109022430092,0.2709857458912351,0.00567076247226872,0.0021951464891825177,1
2025-10-11 07:15:00,107.78841278289543,107.8309534110891,107.70062388531969,107.73866204164864,2253.4230529767683,-0.0004615592711898,107.9574891609457,107.89524404288552,0.2713038556593434,0.011678989913923132,0.0021924477118887135,1
2025-10-11 07:20:00,107.73866204164864,107.81727018149375,107.665254174288,107.75006678156493,2728.550452278615,0.0001058555925992,107.91600468506957,107.88204611003816,0.2519652370943705,0.01185766756036677,0.002179831056490344,1
2025-10-11 07:25:00,107.75006678156493,107.77362775633328,107.6880497073916,107.74790880059332,2044.7330660324417,-2.002765321684752e-05,107.88238550817432,107.86985180917956,0.2269653688365888,0.009574923974937866,0.002179467521986081,1
2025-10-11 07:30:00,107.74790880059332,107.82817829470736,107.62385798369824,107.69807573663846,3421.2274975081455,-0.0004624968086117,107.84552355386715,107.85423580258492,0.2123994983673713,0.00939775222910022,0.0021585453028567635,1
2025-10-11 07:35:00,107.69807573663846,107.75572418209605,107.6252306703965,107.7556474189455,4039.539702666529,0.0005345655612996,107.82754832688283,107.84527322225404,0.2029781631742366,0.010624142119852742,0.002157040450777535,1
2025-10-11 07:40:00,107.7556474189455,108.0157617462325,107.68070461044844,107.98212416250723,2278.3862150448367,0.0021017621719743,107.85846349400772,107.85771421682252,0.1984836622963907,0.010308489307300661,0.0021718076094917296,1
2025-10-11 07:45:00,107.98212416250723,107.98327391424137,107.9584434455086,107.97378308239594,8539.250733114643,-7.724500861583383e-05,107.88152741168535,107.86826593187465,0.1751769044138313,0.009020308545867328,0.0021512387297440106,1
2025-10-11 07:50:00,107.97378308239594,108.05463872075126,107.94767511672184,107.99191392673106,2634.270629862099,0.0001679189504852,107.90360471469452,107.87950665867976,0.1700561623973615,0.00785937305277118,0.0021342169510371388,1
2025-10-11 07:55:00,107.99191392673106,108.19763580862036,107.89382078560428,108.18317847487992,2052.1725470686533,0.0017711006425777,107.9595194667316,107.90711318742524,0.1855675020875072,0.005901093144689451,0.0021142783803302524,1
2025-10-11 08:00:00,108.18317847487992,108.48943299784746,108.12670319881188,108.41315353384223,3429.338408252529,0.0021257931427456,108.05024628015371,107.95311685528132,0.1904269444238348,0.00383487956343731,0.002139469225051525,1
2025-10-11 08:05:00,108.41315353384223,108.48482076373466,108.2481526124397,108.34101721486792,5035.746528209557,-0.0006653834578458,108.10840046709656,107.98838052433464,0.1974388590241013,0.005221129157214843,0.002033821398626486,1
2025-10-11 08:10:00,108.34101721486792,108.68366698930612,108.3342954897956,108.65071635840442,1771.3665968897724,0.0028585585727174,108.21686364535816,108.04859287288645,0.207701680565554,0.0023599780960448236,0.0019858937525752073,1
2025-10-11 08:15:00,108.65071635840442,108.71318705142126,108.25963412845748,108.36630637520916,3021.554513149232,-0.0026176540084381,108.24675219132835,108.07747591855214,0.2171571773029624,0.004135253334288436,0.002006343207062403,1
2025-10-11 08:20:00,108.36630637520916,108.41275021360585,108.12009841817908,108.21004574685485,3169.406233458602,-0.0014419669137127,108.23941090243366,108.08952772112512,0.2263127003156729,0.0074283809170287984,0.0019663125095690363,1
2025-10-11 08:25:00,108.21004574685485,108.31934564950517,108.19099775944542,108.27087679035982,2763.9138425043957,0.0005621570814902,108.2457040800189,108.10601400014644,0.2261711549078374,0.004563393155755602,0.0018353583664417006,1
2025-10-11 08:30:00,108.27087679035982,108.31671436829416,108.09105767647378,108.17326199221571,3612.0274411482296,-0.0009015794555087,108.23121566245828,108.11212745397091,0.2314312038088815,0.00921868146402316,0.001803645330026857,1
2025-10-11 08:35:00,108.17326199221571,108.59324357668,108.13394458542452,108.59262137027557,4286.418851004407,0.00387673784017,108.30349680402172,108.15580871908952,0.2581255568312964,0.005730117382012567,0.0017949778473008444,1
2025-10-11 08:40:00,108.59262137027557,108.69243028706892,108.48735484349916,108.56195145450214,6328.273235825859,-0.0002824309367102,108.35518773411782,108.19273078594522,0.2581794948713443,0.005260485474709808,0.001794286120596312,1
2025-10-11 08:45:00,108.56195145450214,108.5726732368488,108.46587525532112,108.5610608085618,4282.569791776794,-8.204033995262705e-06,108.39636234900662,108.2262153334558,0.2564869570019255,0.006253729766917848,0.0017947995149852568,1
2025-10-11 08:50:00,108.5610608085618,108.61463896312104,108.3040467262646,108.39965526905009,4063.111804158965,-0.0014867719448353,108.39702093301533,108.241982600328,0.2547394642213813,0.006656491931708031,0.0016956696360013715,1
2025-10-11 08:55:00,108.39965526905009,109.03030087053403,108.30957638354502,108.99694078897264,2199.651907509619,0.0055100315442895,108.5170049042068,108.31061516293208,0.3044461798111127,0.0029456388793902555,0.001890179461524256,1
2025-10-11 09:00:00,108.99694078897264,109.04819825585878,108.98773292386684,109.02773125306804,2512.6629435366704,0.0002824892503636,108.61915017397904,108.3758075347626,0.3011248746655803,0.0035113009740541656,0.0018114094154688457,1
2025-10-11 09:05:00,109.02773125306804,109.0460446261434,108.72733587521232,108.77958683581754,4971.070486881732,-0.0022759752440828,108.65123750634676,108.41251474394942,0.3021887123737942,0.005282720722092238,0.0018527176337405182,1
2025-10-11 09:10:00,108.77958683581754,108.86249656984316,108.67761288661396,108.71019556796226,1898.866472337386,-0.000637907073135,108.66302911866984,108.43957663704148,0.2894854183876236,0.00743893063298362,0.0018208974545572269,1
2025-10-11 09:15:00,108.71019556796226,108.99509853027844,108.64982088633136,108.90045873134112,1431.9697718376583,0.0017501869294305,108.71051504120412,108.48147500925054,0.2972432392913455,0.0027719017811698166,0.0017985830469447472,1
2025-10-11 09:20:00,108.90045873134112,109.14986410627986,108.8572912761492,109.09525673481606,3938.278080912507,0.0017887711929249,108.7874633799265,108.53727334793832,0.2931861914784984,-0.00022069704980842708,0.0018200807672914263,0
2025-10-11 09:25:00,109.09525673481606,109.15491243492131,108.92472041650068,108.9477399206637,1645.9745275036985,-0.0013521835739471,108.81951868807396,108.57458849091334,0.2772318411539883,-0.0001426418578094335,0.001838214695927193,0
2025-10-11 09:30:00,108.9477399206637,108.98251819349952,108.81984308139496,108.840662664964,1972.8121199215857,-0.0009828313627953,108.82374748345195,108.59877705219068,0.2679477923452588,0.0019992549721170594,0.001784392021979505,1
2025-10-11 09:35:00,108.840662664964,108.94655104501304,108.79599517387746,108.82157748774875,1334.1951447732138,-0.00017534969696,108.82331348431131,108.6190316372414,0.2695340767078207,-0.000982614715547503,0.0017854624452184528,-1
2025-10-11 09:40:00,108.82157748774875,108.88174857824946,108.81690888882636,108.82890492073696,3720.5437548502023,6.733437574935053e-05,108.82443177159648,108.6381110266501,0.2580471479651578,0.0005425762933515266,0.0017666590976610787,0
2025-10-11 09:45:00,108.82890492073696,109.0031587136824,108.7900129158227,108.90667965877078,3976.624392879358,0.0007146514806011,108.84088134903132,108.66252635684287,0.2404647770083171,0.002664922019409044,0.0017193624210470198,1
2025-10-11 09:50:00,108.90667965877078,108.9898364166729,108.86013004372924,108.90712966912984,7412.250000299224,4.132073078144671e-06,108.85413101305105,108.68476302159624,0.2350812719635939,0.0023879294401518703,0.001714207902117775,1
2025-10-11 09:55:00,108.90712966912984,108.93189902081804,108.74463809610356,108.81442850497176,1754.5804001664492,-0.0008511946319741,108.8461905114352,108.69655079281218,0.2408286250483675,0.004640000860718585,0.001721337763639441,1
2025-10-11 10:00:00,108.81442850497176,109.04130733730018,108.75299747299952,109.0138711857116,2278.803128467705,0.0018328698085356,108.87972664629048,108.72539810125755,0.239237027008669,0.0016140784451046386,0.0017416212617133316,1
2025-10-11 10:05:00,109.0138711857116,109.03849094362955,108.76091924789804,108.76495936847262,2679.530086589326,-0.0022833040835229,108.85677319072693,108.7289945800953,0.2075832562045627,0.0066291779828637765,0.0018026861629291489,1
2025-10-11 10:10:00,108.76495936847262,109.27319775780244,108.7178303912458,109.17047683744627,2692.1966456892847,0.0037283833996557,108.91951392007078,108.76912933076358,0.2429334015306129,-0.002680404144610793,0.0018956974785777464,-1
2025-10-11 10:15:00,109.17047683744627,109.27444089183436,109.073549328237,109.21486983754768,1503.762620609549,0.0004066392433872,108.97858510356618,108.80965119501668,0.2345178881496344,-0.005768609471606734,0.0018955964033953781,-1
2025-10-11 10:20:00,109.21486983754768,109.23925013236445,109.11815703544151,109.13304002323468,4949.750244278892,-0.0007492552473368,109.00947608749988,108.83905017940012,0.2299614176991856,-0.005675219520767549,0.0018810521461898907,-1
2025-10-11 10:25:00,109.13304002323468,109.2662916068294,109.0399688961638,109.23997234606848,2572.3962073177427,0.0009798345469991,109.0555753392136,108.87549764909724,0.221464636750508,-0.007389715791577212,0.0018828948263493839,-1
2025-10-11 10:30:00,109.23997234606848,109.33148346814696,109.06295355992393,109.12121669974844,6889.526402760225,-0.0010871079859288,109.06870361132056,108.897835744611,0.2197472851856769,-0.0043092106939731645,0.0019001479404947587,-1
2025-10-11 10:35:00,109.12121669974844,109.3696141104805,109.09302926174234,109.31800641549523,917.3386364563236,0.0018034047062385,109.11856417215552,108.93603307832774,0.2230610587797851,-0.005811936550163543,0.0019009483759654898,-1
2025-10-11 10:40:00,109.31800641549523,109.48029166916244,109.29058064211912,109.41056043201584,3604.69787611995,0.0008466493266334,109.1769634241276,108.97917192866302,0.2249921955611264,-0.00959552774046013,0.0018751972127905908,-1
2025-10-11 10:45:00,109.41056043201584,109.4184848044152,109.29880768447242,109.35423901333576,1248.9460517746545,-0.0005147713205898,109.21241854196924,109.01326893636056,0.2227865704759243,-0.011081272873653236,0.0018729148960605342,-1
2025-10-11 10:50:00,109.35423901333576,109.5357052155145,109.33576599389748,109.51888317189042,5631.194842209203,0.0015056038068592,109.27371146795348,109.05923386686328,0.2324365370612042,-0.011271401285560367,0.0018278512442220223,-1
2025-10-11 10:55:00,109.51888317189042,109.57420107961224,109.17272508267368,109.20232010686874,2353.2600699976833,-0.0028904884331666,109.25943319573652,109.07224170686376,0.2458886941382648,-0.008136516413546069,0.0018422404083722468,-1
2025-10-11 11:00:00,109.20232010686874,109.29557709231284,109.0409110361707,109.0711797335066,1163.3342721030774,-0.0012008936553161,109.22178250329056,109.0721451638313,0.2548143857952993,-0.007339057521855485,0.0018356136781158697,-1
2025-10-11 11:05:00,109.0711797335066,109.07543610412048,108.92005938178808,108.93219941263727,1932.4489857566723,-0.0012742167198419,109.16386588515992,109.05942282281366,0.2525369427680073,-0.007107243815020703,0.0018541312010328874,-1
2025-10-11 11:10:00,108.93219941263727,109.0935227157971,108.86570580584132,109.05826290096545,911.313693357218,0.0011572656111589,109.14274528832102,109.05931737537291,0.2482160174576577,-0.007742819540280554,0.0018506784426262223,-1
2025-10-11 11:15:00,109.05826290096545,109.06464642172412,108.68497304738148,108.7146478043402,1885.2791795668436,-0.0031507479349572,109.05712579152488,109.0279837780063,0.2555089945013092,-0.002185092691841306,0.0018239681814361116,-1
2025-10-11 11:20:00,108.7146478043402,108.91769569565264,108.65740993147436,108.88795290457836,2499.7409144756207,0.0015941283326426,109.02329121413555,109.01525369860376,0.2344317371885682,-0.002280519404821102,0.001843439326591061,-1
2025-10-11 11:25:00,108.88795290457836,109.2332568015616,108.77941089031832,109.19690746745418,4320.132793193898,0.0028373622116542,109.0580144647993,109.03176767759015,0.2524999048775618,-0.0044337158016161116,0.0019058585271200788,-1
2025-10-11 11:30:00,109.19690746745418,109.20851416948062,109.10956099271216,109.1671922103092,3333.790470258203,-0.0002721254459868,109.0798500139013,109.04407899874644,0.2509184820093872,-0.003920156770742977,0.0018834679870661597,-1
2025-10-11 11:35:00,109.1671922103092,109.38766970631946,109.15949755675288,109.31932754689343,6503.370671176621,0.0013935994276663,109.12774552049972,109.06910159403252,0.2510505847880304,-0.005159022804833935,0.0016348299452509441,-1
2025-10-11 11:40:00,109.31932754689343,109.4118309320889,109.10207516177236,109.18982812540987,2683.707180287377,-0.0011845976771857,109.14016204148176,109.08007673324865,0.2539952892232812,-0.0020985013318495227,0.001649863769826897,-1
2025-10-11 11:45:00,109.18982812540987,109.52223309437846,109.15492668070866,109.48598164242516,3277.2140664939607,0.0027122811904707,109.20932596167046,109.1169771795374,0.2604754010041138,-0.0039362026127695016,0.0016588574468128553,-1
2025-10-11 11:50:00,109.48598164242516,109.57327822599513,108.84221945608978,108.87785583886205,7165.102159504136,-0.0055543713856375,109.1430319371088,109.09523887583964,0.2991430969228292,0.003238812873401109,0.0019427040484411167,1
2025-10-11 11:55:00,108.87785583886205,108.9410072018285,108.52146045732488,108.5848519049625,4729.70214847985,-0.0026911251295504,109.03139593067954,109.04884006030537,0.3205623558200322,3.920884936947644e-06,0.0019756884635367166,0
2025-10-11 12:00:00,108.5848519049625,108.6845074275693,108.46598257763549,108.51368606413412,5412.496851399861,-0.0006553938194865,108.92785395737046,109.00018969701703,0.3218899006998045,5.00340362061813e-05,0.001947808968728328,0
2025-10-11 12:05:00,108.51368606413412,108.51987389044822,108.39281821848824,108.43271999735128,4508.332470205818,-0.000746136913412,108.82882716536665,108.94860154250198,0.3022884489156214,-0.0004633667160686139,0.0019388208165140514,0
2025-10-11 12:10:00,108.43271999735128,108.71584899046688,108.38144451407022,108.65099038580652,3975.978265496453,0.0020129568681905,108.7932598094546,108.9215459828024,0.3079840503623714,-0.0035713538592094807,0.0019692115114540148,-1
2025-10-11 12:15:00,108.65099038580652,108.72479409370646,108.58255574701305,108.682657098418,3549.505433809916,0.000291453510907,108.77113926724728,108.89982881149471,0.3070455949595865,-0.00031110475188933506,0.0019700018989476297,0
2025-10-11 12:20:00,108.682657098418,108.75219975242398,108.30463063423385,108.36070836429114,3674.124600829983,-0.0029622825087476,108.68905308665607,108.85081786174894,0.3227421812620414,0.0022481654529873385,0.0020364533583179397,1
2025-10-11 12:25:00,108.36070836429114,108.38249659133642,108.07670204263609,108.1424548509383,10101.013440254475,-0.0020141388575932,108.57973343951252,108.78642122440252,0.3174651222875906,0.002069341946112635,0.0020568567767527443,1
2025-10-11 12:30:00,108.1424548509383,108.29355184208512,108.11953707766372,108.28445189131364,2794.8038835700327,0.0013130554560747,108.52067712987277,108.74078764866717,0.3113029080192423,-0.00019039536341480812,0.0020743570182209193,0
2025-10-11 12:35:00,108.28445189131364,108.38698865736072,108.2489968675706,108.31379363692189,809.4848236687378,0.0002709691474238,108.47930043128258,108.70197001123576,0.2887418993440168,0.001912540615325975,0.002072077354206188,1
2025-10-11 12:40:00,108.31379363692189,108.3315338176326,108.1835385820103,108.27070007146575,2538.064666379475,-0.0003978585183764,108.43758035931924,108.66276365307486,0.2922449035478627,0.002053750675219179,0.0020407811581682742,1
2025-10-11 12:45:00,108.27070007146575,108.2764202267746,108.14562767906456,108.1579917121052,4439.446660004069,-0.0010409867054168,108.38166262987644,108.61687529480488,0.2852892177009676,0.004935833291811242,0.0020117110944524656,1
2025-10-11 12:50:00,108.1579917121052,108.29571029733005,108.14721486876938,108.2138444519468,4115.617038491557,0.0005163995647243,108.34809899429052,108.58023612727231,0.2737706218612621,0.0024929611448860634,0.0018870451850793067,1
2025-10-11 12:55:00,108.2138444519468,108.57638726198888,108.15912792957008,108.47709622192684,4289.600033754945,0.0024326995433281,108.37389843981778,108.57085977224092,0.2773386874861897,0.000718294856075552,0.0019437316422144621,0
2025-10-11 13:00:00,108.47709622192684,108.6771261876334,108.4753008786834,108.63963181502822,1303.6316532810006,0.0014983401912682,108.42704511485988,108.57711177613068,0.2395362974179511,0.0010222315255803416,0.0019641174228778326,1
2025-10-11 13:05:00,108.63963181502822,108.80848516195682,108.6320704190304,108.71275941332811,1789.282820958239,0.0006731208222834,108.48418797455354,108.58944337951226,0.2221697258767229,-0.0031576083401827493,0.0019592200470737154,-1
2025-10-11 13:10:00,108.71275941332811,108.75920352845938,108.6685326151168,108.73923970262295,4351.753225587064,0.0002435803252327,108.53519832016742,108.60306122706776,0.2130373018344918,0.0009310358386105388,0.0019527846464444864,1
2025-10-11 13:15:00,108.73923970262295,108.77970422052049,108.73310327744694,108.7553466430699,2099.40041572425,0.0001481244534262,108.57922798474792,108.61690535579524,0.2072905354854585,0.0016047989043990185,0.0019222115629986658,1
2025-10-11 13:20:00,108.7553466430699,109.00059229255754,108.69471026897438,108.96069312566428,2693.2504444619494,0.0018881506880605,108.6555210129312,108.6481587894197,0.2052532174273531,-0.0004620283312318785,0.001948434943481591,0
2025-10-11 13:25:00,108.96069312566428,109.0970313262307,108.93817958077126,109.05502263542262,4867.511246348999,0.0008657205369422,108.73542133742949,108.6851464117836,0.2064398887677835,0.001475788172651038,0.001954842441293519,1
2025-10-11 13:30:00,109.05502263542262,109.32089904358402,109.01698770523586,109.23049083998126,6709.829958060262,0.0016089878330982,108.83443523793984,108.73472317798335,0.1961786187790701,-0.0006388000812225236,0.0019576373472666203,0
2025-10-11 13:35:00,109.23049083998126,109.32702261688245,108.55085315702658,108.58527765367272,2937.862500597925,-0.0059068963377062,108.78460372108644,108.72113722122783,0.2297768267187509,0.004318160350747835,0.0021595173272254257,1
2025-10-11 13:40:00,108.58527765367272,108.62284119607558,108.45156193224702,108.51911544183152,2925.972902974582,-0.0006093110711767,108.73150606523544,108.70277160491908,0.2295814338192627,0.0073493959697386035,0.0021529721535541,1
2025-10-11 13:45:00,108.51911544183152,108.5993930610286,108.34932584379864,108.38247588397172,3498.5227563480003,-0.0012591289313729,108.66170002898272,108.6736538121057,0.2375868214935355,0.007327431599540191,0.002152721076502987,1
2025-10-11 13:50:00,108.38247588397172,108.4743283867635,108.23730553729555,108.26295925198524,3096.461563700788,-0.0011027302247128,108.58195187358322,108.63631794300385,0.2439459367682234,0.006153518636296207,0.002145311378742505,1
2025-10-11 13:55:00,108.26295925198524,108.74192740262588,108.24917455602537,108.64884540734673,2492.1907386545467,0.0035643414703203,108.59533058033593,108.63745680339863,0.2698002438318281,0.004414906172470756,0.0021782120659841146,1
2025-10-11 14:00:00,108.64884540734673,108.68134781612568,108.53214793659797,108.60432116529697,3919.4797829512177,-0.0004097994956396,108.59712869732812,108.63444447266212,0.2698505617580449,0.006034182250581388,0.002159132396792092,1
2025-10-11 14:05:00,108.60432116529697,108.64314052097492,108.36277986883928,108.36623856891693,2693.6409227741356,-0.0021922018739721,108.5509506716459,108.61006211777618,0.2600720845949626,0.008419999068565387,0.0021227260201149745,1
2025-10-11 14:10:00,108.36623856891693,108.42367524854126,108.18756479475338,108.26383503374362,1271.811369768494,-0.0009449763738746,108.49352754406544,108.57858692831869,0.2625210235119531,0.013662295710286543,0.002126420388063981,1
2025-10-11 14:15:00,108.26383503374362,108.54152201678087,108.16894670134432,108.52094816645253,1991.2184448165483,0.0023748755309542,108.49901166854286,108.57334704087629,0.2765324929769629,0.011557917619801072,0.0021578412256436307,1
2025-10-11 14:20:00,108.52094816645253,108.58339879065274,108.39688509910764,108.49306109484398,2846.8609260760145,-0.0002569740873049,108.49782155380308,108.56604831850971,0.2833784057057126,0.012874987063458798,0.002150778130016244,1
2025-10-11 14:25:00,108.49306109484398,108.76090797892668,108.4272352351399,108.69184152837326,3283.733734822998,0.0018321949028197,108.53662554871714,108.57748406486094,0.3038835343280875,0.007762915365223444,0.002117738938012626,1
2025-10-11 14:30:00,108.69184152837326,108.74058385594608,108.4703286705254,108.48361736150424,6121.374416499026,-0.0019157294967226,108.52602391127456,108.56895072819216,0.3013387601736233,0.009371212885601166,0.001909856561473927,1
2025-10-11 14:35:00,108.48361736150424,108.61304215051098,108.47000477249348,108.55501476214506,1398.2848168164255,0.0006581399328056,108.53182208144868,108.56768382218786,0.3002091624991995,0.006539973286176837,0.0018549150948678184,1
2025-10-11 14:40:00,108.55501476214506,108.7762594043813,108.47082312100687,108.75068667159698,2727.450162115259,0.0018025137749799,108.57559499947834,108.58432044486142,0.3003180871439334,0.003991647141858845,0.0018779428586565394,1
2025-10-11 14:45:00,108.75068667159698,108.7682043520259,108.3439526627127,108.3694870975203,2776.72483088274,-0.0035052613067889,108.53437341908672,108.56479014055768,0.2751811035337437,0.010789798822541607,0.0019773284157269784,1
2025-10-11 14:50:00,108.3694870975203,108.89232842885733,108.34140316924298,108.84047983184936,2860.6115625296175,0.0043461748038469,108.59559470163926,108.589852839766,0.3022986746612994,0.0059923263489511935,0.002094139224099372,1
2025-10-11 14:55:00,108.84047983184936,108.9918616549592,108.75418280119509,108.92987710421023,3533.30574772124,0.0008213605131015,108.66245118215346,108.62076413653368,0.3014137915565992,0.004185340167608631,0.002098147725262606,1
2025-10-11 15:00:00,108.92987710421023,109.01369418315268,108.8966322162093,108.91035019844956,3939.695970942273,-0.0001792612484268,108.71203098541268,108.64709014216238,0.2928451570905587,0.00568943370665731,0.0020246610240993636,1
2025-10-11 15:05:00,108.91035019844956,109.2323395689253,108.82022240751976,109.21596474799615,4220.819510774986,0.0028061111638124,108.81281773792938,108.69880601542,0.2870854652909175,0.0026195479707777913,0.002036954588976907,1
2025-10-11 15:10:00,109.21596474799615,109.22639777945383,109.0688695343818,109.1607143935607,2053.113149798654,-0.0005058816681513,108.88239706905564,108.74079768616004,0.287680348544086,0.0034056912184221577,0.0020334584741899383,1
2025-10-11 15:15:00,109.1607143935607,109.23881845199688,109.02240721219503,109.05416629431176,1843.5774932750028,-0.0009760663425559,108.91675091410688,108.76928574144657,0.283112533377385,0.0043273711844222795,0.0020450371399510178,1
2025-10-11 15:20:00,109.05416629431176,109.3718023711745,109.01598294880668,109.31666539149931,772.7119672954633,0.0024070524410697,108.99673380958536,108.819047527815,0.2916631739902381,0.0017217040095887093,0.0020777741867559095,1
2025-10-11 15:25:00,109.31666539149931,109.36402802570689,109.09037122497108,109.17664106260034,1494.5671929871962,-0.0012809056002349,109.03271526018835,108.8515560309773,0.284597565797327,0.0031445456752259293,0.002083204502106825,1
2025-10-11 15:30:00,109.17664106260034,109.21172710074468,108.864344054938,108.92915738936291,1637.8758272192931,-0.002266818898518,109.01200368602328,108.85861069992144,0.2960882339588693,0.008565083568024434,0.0021312140873658092,1
2025-10-11 15:35:00,108.92915738936291,109.17699856023934,108.91530246966812,109.12851986556744,7051.881021121225,0.0018302030510701,109.03530692193212,108.88314789679836,0.2909470444434713,0.007743284960412433,0.0021135150545991597,1
2025-10-11 15:40:00,109.12851986556744,109.31321141703724,109.06560583769304,109.25965943240904,2787.2810018201853,0.00120169839198,109.08017742402753,108.9173762182175,0.2893292154380101,0.0053091930645834395,0.0021082321492981535,1
2025-10-11 15:45:00,109.25965943240904,109.28682864138578,109.2167758661105,109.27868219673115,3644.599035309089,0.0001741060188262,109.11987837856825,108.9502222162642,0.2841160295278513,0.0032628350703258757,0.0021063117453066836,1
2025-10-11 15:50:00,109.27868219673115,109.77009556964266,109.24729333325078,109.7429675627043,3316.998071586279,0.0042486362082707,109.24449621539546,109.02228997503148,0.2996421690290977,0.0004502351991020337,0.002226717002792327,0
2025-10-11 15:55:00,109.7429675627043,109.80722793063173,109.64520130643454,109.77522434538308,3388.8269470161695,0.0002939302936231,109.350641841393,109.09073855415434,0.2809118072350947,0.0006990884064934644,0.0022265673916687305,0
2025-10-11 16:00:00,109.77522434538308,109.99058304019036,109.68823777010188,109.88990785291514,2581.1200035342094,0.0010447121216645,109.45849504369744,109.16339030858714,0.2631560936975339,0.002231606660979768,0.0022120339385108202,1
2025-10-11 16:05:00,109.88990785291514,109.9280190612112,109.44684073325624,109.5356070950483,2316.9402077390673,-0.0032241428242988,109.4739174539676,109.19722819826542,0.280548913282593,0.010690805924777225,0.002293041054639227,1
2025-10-11 16:10:00,109.5356070950483,109.55923178899062,109.47370187303848,109.500240434399,5659.4279495941755,-0.0003228782090796,109.4791820500539,109.22477476518664,0.2782966239260765,0.014396540230172006,0.002278502138342365,1
2025-10-11 16:15:00,109.500240434399,109.51264309180496,109.22471730582096,109.26496165877003,1675.6169469484792,-0.0021486598997004,109.43633797179712,109.22842811914876,0.269425811395966,0.0149958112444184,0.002044854885428253,1
2025-10-11 16:20:00,109.26496165877003,109.30008285763458,109.18121060145272,109.18478103922486,4321.597875730952,-0.000733818218832,109.38602658528268,109.22446020279205,0.2666646693323805,0.018724582771342035,0.00204655641100765,1
2025-10-11 16:25:00,109.18478103922486,109.63678820397152,109.09356150284096,109.53877206180456,2633.2634520185375,0.0032421278790908,109.41657568058706,109.25303400815682,0.2900086308558605,0.01613436536738866,0.0020975728596938077,1
2025-10-11 16:30:00,109.53877206180456,109.6037894690144,109.46785632936582,109.49268750697824,1292.161715222354,-0.0004207145466292,109.4317980458653,109.27482068986784,0.2743024678044859,0.017199130426027054,0.002085938221057826,1
2025-10-11 16:35:00,109.49268750697824,109.5491658936952,109.31111434752168,109.38578569430716,3872.946523898805,-0.0009763374623924,109.42259557555369,109.28490841754414,0.2717592353357513,0.014807708412778453,0.0020137809727088364,1
2025-10-11 16:40:00,109.38578569430716,109.5554748295609,109.36226240613156,109.52998841587248,4899.869475586227,0.0013182948831058,109.44407414361744,109.30718841739215,0.2607470480230844,0.012658212200973962,0.0020196965844791015,1
2025-10-11 16:45:00,109.52998841587248,109.55894168324488,109.49490690093286,109.50206120682832,2064.267046255659,-0.0002549731762784,109.45567155625965,109.32490412552272,0.2466283831474283,0.014980323948485808,0.001972071123265394,1
2025-10-11 16:50:00,109.50206120682832,109.60466773068248,109.42020493173246,109.53248207996754,1398.245229754819,0.0002778109635921,109.4710336610012,109.34377484865406,0.2421181845478435,0.015300333680644318,0.0019584134476861455,1
2025-10-11 16:55:00,109.53248207996754,109.5555979339462,109.52603189921102,109.52608415107495,6060.250437481328,-5.8411247249035014e-05,109.48204375901598,109.36034842160142,0.2392262745092647,0.016621932631109226,0.0019248487460039306,1
2025-10-11 17:00:00,109.52608415107495,109.63319321262456,109.42639618763808,109.50487633261872,1652.7177279786076,-0.0001936325818696,109.48661027373652,109.37348732260298,0.2166544736945925,0.017957584581409503,0.001924300668798681,1
2025-10-11 17:05:00,109.50487633261872,109.52494102302256,109.45209984597372,109.51995199708944,6493.809461541886,0.000137671170231,109.49327861840712,109.38680229301085,0.2102840846125683,0.02018414644751454,0.0019037531147577758,1
2025-10-11 17:10:00,109.51995199708944,109.9128011860982,109.45868096310504,109.86214472539729,3955.9582873016775,0.0031244784358281,109.56705183980516,109.4300152414096,0.2211251526771868,0.016503143113886898,0.0019280787166370144,1
2025-10-11 17:15:00,109.86214472539729,110.05904714752516,109.83273910693156,109.97353309219456,3673.306041868311,0.0010138921561715,109.64834809028304,109.47942595511732,0.2029201321513747,0.015182586935651665,0.0019306600306718718,1
2025-10-11 17:20:00,109.97353309219456,110.04064666376772,109.75831975211214,109.83974005850632,1068.2842901907609,-0.0012165930285796,109.68662648392772,109.51218178269814,0.2169770604159069,0.015917442964779926,0.001934060009573834,1
2025-10-11 17:25:00,109.83974005850632,109.92487979814,109.56801427119396,109.63524051344164,2990.35462229934,-0.0018617992445698,109.67634928983053,109.52336894003844,0.221901327627481,0.019874489648909144,0.0018493560078462696,1
2025-10-11 17:30:00,109.63524051344164,109.86403375973936,109.57364551703608,109.79237770955493,3564.911593573777,0.0014332726902168,109.6995549737754,109.54782428272176,0.2341524695218676,0.015776698918852583,0.0017137738438344262,1
2025-10-11 17:35:00,109.79237770955493,109.85862035936204,109.77796946031692,109.85196693204315,4504.50620867872,0.0005427446215424,109.73003736542896,109.57547361447826,0.2011113408014801,0.015209768095195253,0.0017116074600724222,1
2025-10-11 17:40:00,109.85196693204315,110.13762600538318,109.78013878380509,110.13513890325416,5056.924745542457,0.002577759680773,109.811057672994,109.62635227709424,0.2169366323678748,0.011185470326602331,0.0017573098145310395,1
2025-10-11 17:45:00,110.13513890325416,110.73037321942132,110.04346191996622,110.70663101235412,4841.402214148321,0.0051890079296306,109.99017234086604,109.72455943484512,0.2489980433165592,0.007402153065967143,0.0019086682411826549,1
2025-10-11 17:50:00,110.70663101235412,111.1549821316148,110.69827947433896,111.07666505102634,5295.240572130877,0.0033424740260672,110.20747088289812,109.84747812722524,0.2678187743055937,0.005331286000441082,0.001968395142074331,1
2025-10-11 17:55:00,111.07666505102634,111.16598744416711,110.85188311374895,110.90347839943357,2683.599440532823,-0.001559163227607,110.3466723862052,109.94347815197143,0.2856808848846037,0.003881836821098883,0.0019855614025615777,1
2025-10-11 18:00:00,110.90347839943357,111.3278773131893,110.84198104052015,111.22922050916468,2120.14703152278,0.0029371676563465,110.5231820107971,110.0603638208072,0.3072118472931129,-0.0005921744694654674,0.0020038756120306163,0
2025-10-11 18:05:00,111.22922050916468,111.3282963981992,111.21897456003327,111.30611063214484,4816.64749982638,0.000691276290782,110.67976773506663,110.1736135309288,0.3129086903953078,8.394037392633891e-05,0.001976070697262632,0
2025-10-11 18:10:00,111.30611063214484,111.38486752759516,111.27136755930692,111.375866520107,2127.4033865118927,0.0006267031303672,110.81898749207473,110.28290925721772,0.3062446149168615,-0.0024656337320522193,0.0019053218111579953,-1
2025-10-11 18:15:00,111.375866520107,111.46322545120046,110.99156333559854,111.00553851337114,2630.4707081414485,-0.0033250291854654,110.856297696334,110.34860282595892,0.3347318248135106,-0.0016665947651954838,0.002020787886058381,-1
2025-10-11 18:20:00,111.00553851337114,111.06250788334285,110.81473387771948,110.91644225161082,3811.144070937091,-0.0008026289764774,110.86832660738938,110.40022459192728,0.3199928092870974,-0.0005039403795193964,0.002030497468189868,0
2025-10-11 18:25:00,110.91644225161082,111.20394806254583,110.85989797482236,111.14243755673353,2467.662658722147,0.0020375275345565,110.9231487972582,110.46769849781876,0.3284029555106613,-0.006210214215641607,0.002048308483057113,-1
2025-10-11 18:30:00,111.14243755673353,111.3087778968981,111.08895229773728,111.20836560466024,8732.375901726233,0.0005931851898879,110.98019215873862,110.535031871168,0.3239385760467499,-0.007673356334918835,0.001932952713913207,-1
2025-10-11 18:35:00,111.20836560466024,111.38373043888262,111.13704980047338,111.34661934318332,2585.7455098834803,0.0012431954895784,111.05347759562756,110.60881255044212,0.3160682268655504,-0.008948682375785166,0.0019382890482901502,-1
2025-10-11 18:40:00,111.34661934318332,111.49367067250644,111.25607177706596,111.47131941143851,4078.000232479383,0.0011199268463719,111.13704595878976,110.68722226507816,0.3122975592039227,-0.011892299398161499,0.0019390838377986688,-1
2025-10-11 18:45:00,111.47131941143851,111.7767869970679,111.4255682481694,111.73051874712344,2059.893860647981,0.0023252558331008,111.25574051645653,110.78206739980952,0.3316238341934487,-0.013501884645409579,0.001845952444972899,-1
2025-10-11 18:50:00,111.73051874712344,111.74844430036744,111.57802284159632,111.67521542259908,5896.600533596319,-0.0004949706234652,111.33963549768502,110.86326267460858,0.3182619939929521,-0.014786726586742294,0.001849041635010588,-1
2025-10-11 18:55:00,111.67521542259908,111.67810875655348,111.53491909004826,111.64321581898756,3362.6892178494436,-0.0002865416779399,111.40035156194554,110.93416750591577,0.279424734496533,-0.01450366342312659,0.0017874899660252114,-1
2025-10-11 19:00:00,111.64321581898756,111.70880067865644,111.49090146099618,111.58810785615384,2948.0428450313584,-0.0004936078061661,111.4379028207872,110.99361662866468,0.262367345952564,-0.01533364466954823,0.0017818798225797993,-1
2025-10-11 19:05:00,111.58810785615384,111.86037449367232,111.57211715456106,111.81418496618171,1428.9175981318022,0.0020259964468554,111.5131592498661,111.06821375025712,0.2605211322877849,-0.0203156317092289,0.001737946773411194,-1
2025-10-11 19:10:00,111.81418496618171,111.92285692363266,111.49903077233034,111.52453899626352,3845.9206083959502,-0.0025904224048657,111.5154351991456,111.10969786353044,0.2560875521901543,-0.02068468514203936,0.0018211631931515882,-1
2025-10-11 19:15:00,111.52453899626352,111.58419901909475,111.42279009204692,111.52278987388058,1972.077363270878,-1.5683744570282876e-05,111.5169061340926,111.14725168265316,0.2598080585388627,-0.017393108595471718,0.0018025654047261956,-1
2025-10-11 19:20:00,111.52278987388058,111.53224007920268,111.26339701444752,111.36705223137272,1611.2270324673866,-0.0013964647287247,111.48693535354865,111.16723355071858,0.2709039940007857,-0.01698978416879149,0.0018316285850681218,-1
2025-10-11 19:25:00,111.36705223137272,111.5799689472897,111.30923455263904,111.5260984405251,3125.825393113196,0.0014281262363122,111.49476797094393,111.19985763161009,0.2565520139328399,-0.01709547606011208,0.001832776374804055,-1
2025-10-11 19:30:00,111.5260984405251,111.68006142941,111.45625475725332,111.66884652038856,2328.789422289094,0.0012799522431028,111.52958368083286,111.2424929851354,0.2548400615423603,-0.01911069562029355,0.0018361084350766144,-1
2025-10-11 19:35:00,111.66884652038856,111.675399245878,111.26728641302893,111.33398760547244,1829.5251954837895,-0.0029986780140598,111.49046446576078,111.2508106778933,0.2594159719084753,-0.01865224535099086,0.0019409760924367356,-1
2025-10-11 19:40:00,111.33398760547244,111.36232311532042,111.14029990933489,111.1633534045206,2560.956803803794,-0.0015326335166986,111.42504225351276,111.2428600166776,0.2595729438245259,-0.016379585945758834,0.001970916207996529,-1
2025-10-11 19:45:00,111.1633534045206,111.4167763673944,111.06728726217656,111.31545370869158,3895.147796729807,0.0013682594084536,111.40312454454852,111.24945944322432,0.2669164057394257,-0.016065498466244055,0.0019761862514286158,-1
2025-10-11 19:50:00,111.31545370869158,111.35290774585488,111.05599604540843,111.10125442667848,2518.1804171754343,-0.0019242546733327,111.34275052097452,111.23598625990198,0.2711530346684228,-0.01638088409000449,0.001962224781384117,-1
2025-10-11 19:55:00,111.10125442667848,111.1320858992607,110.75875469873532,110.82053726397704,3037.535464591821,-0.002526678606376,111.23830786957502,111.19821816936334,0.2727324954989143,-0.018071021600979842,0.002022614022266572,-1
2025-10-11 20:00:00,110.82053726397704,110.91613708390004,110.750178363642,110.8605469776076,1596.0649057334565,0.0003610315796904,111.16275569118154,111.16752078829464,0.2724137284622624,-0.019650892770733952,0.0020050710738666704,-1
2025-10-11 20:05:00,110.8605469776076,110.91319547355415,110.37821381017402,110.45221921105764,2849.823030235739,-0.0036832559254144,111.02064839515675,111.10249337218218,0.3003988710961859,-0.01568868713933602,0.002092123170846947,-1
2025-10-11 20:10:00,110.45221921105764,110.5166893361936,110.34999700458695,110.35502418795176,2034.2680166645616,-0.0008799734745046,110.88752355371577,111.03454162816124,0.2967412363780702,-0.0122786077095548,0.0020893163041432474,-1
2025-10-11 20:15:00,110.35502418795176,110.41721747217736,110.33343096566526,110.35021381306372,3890.440926466141,-4.358999441500533e-05,110.78006160558536,110.97233000860692,0.2821361769067018,-0.015081850024197596,0.0020884391259367104,-1
2025-10-11 20:20:00,110.35021381306372,110.43162882294426,110.0574665081634,110.1456691066896,1900.940708363936,-0.0018535959225292,110.65318310580622,110.89717901752353,0.2785887600123118,-0.017149445917781225,0.0020686475816266868,-1
2025-10-11 20:25:00,110.1456691066896,110.30487820718452,110.07143024045654,110.221946171628,1191.088609425699,0.0006925107955402,110.56693571897058,110.8357942133512,0.283734405703751,-0.0173687951657987,0.0018458832155658755,-1
2025-10-11 20:30:00,110.221946171628,110.2542650529414,109.91696874122104,110.02390454562956,1551.7229037628338,-0.0017967531229221,110.45832948430238,110.76198606174016,0.2886239233441249,-0.016427713338743155,0.0017548493131719423,-1
2025-10-11 20:35:00,110.02390454562956,110.0581141362195,110.00167339218063,110.02398019327347,1997.6546876013315,6.87556438228043e-07,110.3714596260966,110.69489461915228,0.273317234014709,-0.01653334838120568,0.0017402350854797508,-1
2025-10-11 20:40:00,110.02398019327347,110.1093390578866,109.77932699191314,109.87705546094035,4173.737696680514,-0.0013353882678579,110.27257879306536,110.62054560476936,0.2809033335730524,-0.015374945285222319,0.0016495699140578633,-1
2025-10-11 20:45:00,109.87705546094035,109.8955684963069,109.44872231415194,109.54260916454116,3079.0680370930895,-0.0030438228891026,110.12658486736052,110.52255138293044,0.2836700013806137,-0.01220211401908644,0.0017025566139880106,-1
2025-10-11 20:50:00,109.54260916454116,109.63111152314072,109.13767303892962,109.21768902151472,2902.6407033817113,-0.0029661530385712,109.94480569819136,110.40392753189263,0.3030568069681538,-0.010204140738972134,0.0017439880875888547,-1
2025-10-11 20:55:00,109.21768902151472,109.60135405833284,109.1870075131995,109.5830618787342,5362.461332322649,0.0033453633792555,109.87245693429992,110.3293033816055,0.3076894812478313,-0.01260283946732077,0.0018065034600488656,-1
2025-10-11 21:00:00,109.5830618787342,109.68920978070464,109.41253173426534,109.47495005044718,2509.8379932163057,-0.0009865742609626,109.79295555752938,110.25163489695474,0.3062442202473211,-0.008105846560511498,0.0018081133673959104,-1
2025-10-11 21:05:00,109.47495005044718,109.64498515666432,109.42334505978604,109.6195066945574,4009.8140969680694,0.0013204540768789,109.758265784935,110.1941686967368,0.2954091414153867,-0.009615373667520966,0.001781080011483268,-1
2025-10-11 21:10:00,109.6195066945574,109.71373010581308,109.46007070218349,109.53477718426814,1893.1431243535455,-0.0007729419046316,109.71356806480162,110.1342240137851,0.3016734759419271,-0.009911283888365818,0.0017721253676364968,-1
2025-10-11 21:15:00,109.53477718426814,109.60402821061544,109.23643544157606,109.257358752751,2232.9765472432373,-0.0025326972734005,109.6223262023915,110.05450899005471,0.2897171263461575,-0.010323633119485698,0.0017799112689724616,-1
2025-10-11 21:20:00,109.257358752751,109.4113063515283,109.18634129711351,109.3425437034125,5669.1447647990635,0.0007796724324471,109.56636970259572,109.98978487308725,0.2938794636895961,-0.008649410357339016,0.0017703561822452528,-1
2025-10-11 21:25:00,109.3425437034125,109.56979465720876,109.32083065176232,109.52711545786534,2000.983832411142,0.0016880140904118,109.55851885364964,109.94772401715798,0.3056778564706204,-0.011503344036371543,0.0017396986956142442,-1
2025-10-11 21:30:00,109.52711545786534,109.5793204556588,109.27996020546294,109.28131765566096,1812.502450342137,-0.0022441730632351,109.50307861405192,109.88714162065826,0.3003348518574061,-0.009817253656725256,0.0017629438090643948,-1
2025-10-11 21:35:00,109.28131765566096,109.32129661659148,108.77367433291744,108.81789694124753,1850.6026568674447,-0.0042406215843191,109.36604227949104,109.78993755889364,0.3227758744964087,-0.008375170566957357,0.0018701203538116406,-1
2025-10-11 21:40:00,108.81789694124753,108.89114778925156,108.6523874436194,108.68203825644572,1895.4274856987176,-0.0012484957770795,109.22924147488196,109.68921944048928,0.315737591204394,-0.004090558633507935,0.0018709048461551592,-1
2025-10-11 21:45:00,108.68203825644572,108.79272114327937,108.67547574893553,108.71936890001,3719.707054158957,0.0003434849416072,109.1272669599076,109.60105120953662,0.3200807805118921,-0.0037861782247951004,0.0018109493630778404,-1
2025-10-11 21:50:00,108.71936890001,109.02192815629222,108.66515871989044,109.00001813716946,3427.10053583719,0.002581409734061,109.10181719535996,109.54641183932142,0.3219920212567727,-0.006309671635101433,0.0018823081330936742,-1
2025-10-11 21:55:00,109.00001813716946,109.07435616413603,108.58347698861706,108.68592843819695,3015.2586530550975,-0.0028815563918278,109.01863944392736,109.46818607558284,0.3251372350684879,-0.004231563138646588,0.001915911277494055,-1
2025-10-11 22:00:00,108.68592843819695,108.77376430160224,108.15026043684186,108.2567319112666,2040.632669779758,-0.003948961315396,108.86625793739522,109.3580538788268,0.3344276193934356,-0.0010592591562560427,0.001992995278081118,-1
2025-10-11 22:05:00,108.2567319112666,108.39573475610864,108.15746018403686,108.30752376579731,2197.830795413324,0.0004691796402309,108.75451110307564,109.26255114127866,0.3218510498890389,0.0018149727978220564,0.001964126119184805,1
2025-10-11 22:10:00,108.30752376579731,108.32195150879932,108.141256294468,108.21646338134472,2140.013257223872,-0.0008407576988788,108.64690155872948,109.16745225401192,0.3149951333098976,0.0010628436432109645,0.0019231011673543057,1
2025-10-11 22:15:00,108.21646338134472,108.28480934003906,108.1728699598586,108.2049153984512,1976.931402728825,-0.0001067118859062,108.5585043266738,109.0799489035064,0.3071593678314812,0.0006936315346068866,0.0018928466413348508,0
2025-10-11 22:20:00,108.2049153984512,108.30948678789224,108.099776979038,108.18770174512706,1898.1352132668997,-0.0001590838388509,108.48434381036446,108.99883552547192,0.304020111061814,-0.00139722914025886,0.0018933478536851426,-1
2025-10-11 22:25:00,108.18770174512706,108.22693778784117,108.09703978129362,108.2059577575672,2618.3854659907493,0.0001687438788851,108.42866659980504,108.92675572838968,0.2870419137409681,-0.0005247563519527043,0.001859673900553215,0
2025-10-11 22:30:00,108.2059577575672,108.22060141004654,108.06974445718316,108.10321635155388,1622.7810623455312,-0.0009494986056453,108.3635765501548,108.85188851231368,0.281748477915868,0.0017882653450413954,0.0018500313352972043,1
2025-10-11 22:35:00,108.10321635155388,108.20734931951289,108.08529192611748,108.20200414153904,3223.02676330331,0.0009138284069543,108.33126206843166,108.79280811497053,0.2726837199122209,0.002375855718087072,0.0018495904959740085,1
2025-10-11 22:40:00,108.20200414153904,108.62681683579272,108.20133697834812,108.5875629031186,3575.691505607747,0.0035633236615024,108.38252223536904,108.77414945934764,0.2816922632871309,-0.0014743247814793525,0.0019924896893946894,-1
2025-10-11 22:45:00,108.5875629031186,108.66578793123088,108.53888694711712,108.56547417643992,3409.866396325819,-0.0002034185692,108.41911262358325,108.75517897908328,0.2516407418899677,-0.0031432467534436848,0.0019147793268365421,-1
2025-10-11 22:50:00,108.56547417643992,108.57360095322844,108.41630577198649,108.44914691194596,1771.083038508285,-0.0010714940949357,108.42511948125578,108.7273578820708,0.2458218015763802,-0.0010091016011219978,0.0019161863438213011,-1
2025-10-11 22:55:00,108.44914691194596,108.5264823797048,108.06107011240128,108.12942586538357,2559.224879343448,-0.0029481195165323,108.36598075808134,108.67300042600831,0.2706908639306442,0.003055064639939209,0.0019600806659143253,1
2025-10-11 23:00:00,108.12942586538357,108.42675841073942,108.04096162069128,108.39679517340642,2875.7833153762735,0.002472678513578,108.37214364114637,108.64789085758996,0.2727642463339543,0.0038223112125841396,0.002021434293964584,1
2025-10-11 23:05:00,108.39679517340642,108.49454505594252,108.25578301155008,108.26718736744212,1758.1642222573644,-0.0011956793165052,108.35115238640552,108.61328144939468,0.2547558798249168,0.005101632710979853,0.002013101441862484,1
2025-10-11 23:10:00,108.26718736744212,108.33613052991716,108.15433278887394,108.20847524029416,8587.956260175393,-0.0005422892066893,108.32261695718324,108.576480884931,0.2232054424165497,0.005801551413455064,0.002000355715622486,1
2025-10-11 23:15:00,108.20847524029416,108.22247534490216,107.79991647221787,107.906528493627,6788.336557823555,-0.0027904167949563,108.239399264472,108.51557612208518,0.2363686067460142,0.00895209330733171,0.0020375212336440052,1
2025-10-11 23:20:00,107.906528493627,108.3401008522708,107.87715382652176,108.23746800654858,2256.1144797927827,0.0030669090882775,108.23901301288733,108.4902935661273,0.2565294504187087,0.006336710684818003,0.0021330036151014768,1
2025-10-11 23:25:00,108.23746800654858,108.4126995790735,108.1559738114366,108.30773799286732,6534.593245081974,0.0006492205297567,108.25275800888332,108.47369760492184,0.2668713352370265,0.0068693337419230005,0.002088558311334304,1
2025-10-11 23:30:00,108.30773799286732,108.33135119958057,108.23897966894089,108.31226381450382,2459.594942954184,4.1786687824618696e-05,108.26465917000743,108.45902180579294,0.2584900296502722,0.00908850366406666,0.0020340925978210235,1
2025-10-11 23:35:00,108.31226381450382,108.38491237394638,108.1707300964029,108.2260170697283,4564.331520525935,-0.0007962786644661,108.2569307499516,108.4378395570598,0.2645103347214105,0.008718137448026075,0.0019263211352803704,1
2025-10-11 23:40:00,108.2260170697283,108.28066306038924,108.13600188864334,108.14205997676324,4965.553531997264,-0.0007757570244034,108.23395659531394,108.41095050430556,0.2640677789273046,0.012569030030544548,0.0019245660197714544,1
2025-10-11 23:45:00,108.14205997676324,108.60733618290644,108.09429555923631,108.5040989752317,6404.393196111286,0.0033478093402903,108.2879850712975,108.41941854711702,0.2919951525183565,0.009504981988708971,0.0020136869850318614,1
2025-10-11 23:50:00,108.5040989752317,108.57073648505302,108.27098514094108,108.33148056154036,2953.528671159563,-0.0015908930199102,108.29668416934608,108.41142418479188,0.2830145444231665,0.009049562143115253,0.0020248141331654303,1
2025-10-11 23:55:00,108.33148056154036,108.4362321438206,108.19306363890232,108.27996973997104,2252.959626296511,-0.0004754926389106,108.29334128347108,108.39947378071724,0.2913193673377776,0.00874567035995466,0.0019853267420225744,1
2025-10-12 00:00:00,108.27996973997104,108.38156908510544,107.94857308851005,108.03653873563113,2098.220548386161,-0.0022481628405005,108.2419807739031,108.3664796857094,0.3110122827201676,0.007193001043980463,0.0020053021455961827,1
2025-10-12 00:05:00,108.03653873563113,108.25401344584768,108.03327934463576,108.1491759939148,5397.282637806103,0.0010425848476995,108.22341981790544,108.34672480463716,0.2935352708564827,0.007138556756656644,0.0019870613466388865,1
2025-10-12 00:10:00,108.1491759939148,108.40109821796314,108.0655377404944,108.29653358704287,3859.393641191943,0.001362540137489,108.23804257173292,108.34216196667404,0.2899469628150969,0.008763506411947342,0.0019809909225371233,1
2025-10-12 00:15:00,108.29653358704287,108.49834895295244,108.2508970866658,108.4590764917872,4574.176261091076,0.001500905886463,108.2822493557438,108.35279055986616,0.2905676643789689,0.007464976647342025,0.001867548430089451,1
2025-10-12 00:20:00,108.4590764917872,108.46833038047902,108.38130012156522,108.42746956817008,2487.305804507855,-0.0002914179673982,108.31129339822908,108.35957956062106,0.2837985585125813,0.009900951295923832,0.0018562165429187206,1
2025-10-12 00:25:00,108.42746956817008,108.5270182330902,108.13235728320264,108.22422610219876,4301.7205688765525,-0.0018744647161902,108.293879939023,108.34727470076449,0.2818058497413856,0.010647048974566253,0.001881454308515365,1
2025-10-12 00:30:00,108.22422610219876,108.3493716203456,108.14174472808014,108.3397107041568,3223.792029613903,0.001067086419717,108.30304609204978,108.34658706470924,0.2635686973497014,0.00963007836818508,0.0018290885223452129,1
2025-10-12 00:35:00,108.3397107041568,108.5172288916062,108.2433273246974,108.45976825088184,1141.9092963586927,0.0011081582731273,108.3343905238162,108.3568762634522,0.2647955401548368,0.00853391754212618,0.0017747495686767684,1
2025-10-12 00:40:00,108.45976825088184,108.90452990078202,108.37300923726497,108.8111214590059,3008.152674657112,0.0032394796134114,108.42973671085414,108.3981712812298,0.2961633353603647,0.004787362179930366,0.0017212227612641072,1
2025-10-12 00:45:00,108.8111214590059,108.89985029875704,108.7872143194164,108.81952679204166,3073.929968128062,7.724700309164056e-05,108.50769472709165,108.43647632766724,0.2889100283458766,0.0067235298886880734,0.0017203538405634392,1
2025-10-12 00:50:00,108.81952679204166,108.90631425963106,108.74057684980166,108.83625227277231,1635.7157372013658,0.0001536992599004,108.57340623622778,108.47281959540408,0.2904154739232701,0.0035946142675304937,0.0017108570280149535,1
2025-10-12 00:55:00,108.83625227277231,108.90669911935662,108.75138687601788,108.8725178051722,3416.0427542888765,0.0003332118815428,108.63322855001668,108.50915579629208,0.2648634467567429,0.0021510908676170004,0.0017102470535310733,1
2025-10-12 01:00:00,108.8725178051722,108.99967180941596,108.7638403251746,108.92333752656332,1908.9435024262827,0.0004667819061747,108.691250345326,108.54680868086218,0.2602977424802729,0.002039338955339698,0.0017096616869634196,1
2025-10-12 01:05:00,108.92333752656332,109.14774376829654,108.82894697763165,109.05173999197308,2334.534637750891,0.0011788333733202,108.76334827465544,108.5927115273268,0.2656997628907455,0.004590472307074878,0.0017181179677474019,1
2025-10-12 01:10:00,109.05173999197308,109.34043995487404,108.99493695085349,109.2966602210453,2460.6599135396464,0.0022459084934385,108.8700106639334,108.6567068631194,0.2594502634211132,0.0003197319385048747,0.0017391970080715357,0
2025-10-12 01:15:00,109.2966602210453,109.38971872744123,109.15052995655826,109.1695463619946,2591.83604911933,-0.0011630168643179,108.92991780354564,108.7033286357444,0.2607684541119032,0.004286973909883862,0.0017559411467663207,1
2025-10-12 01:20:00,109.1695463619946,109.50459177603182,109.15419646555624,109.50130077617612,2576.226840796999,0.0030388915703785,109.04419439807177,108.77587155760185,0.2618280850409625,-0.001304942365478401,0.001726506785221255,-1
2025-10-12 01:25:00,109.50130077617612,109.54096648595598,109.47092706850698,109.53542848169236,6565.181791105597,0.0003116648411876,109.14244121479588,108.8449221870646,0.2491557672668441,-0.002609423439960512,0.0017244146120557414,-1
2025-10-12 01:30:00,109.53542848169236,109.55501428226847,109.28876303561832,109.3118330269377,4459.0810663196835,-0.0020413071629332,109.17631957722423,108.88736862705306,0.2619572663908706,-0.0001911273834582783,0.0017571349577607997,0
2025-10-12 01:35:00,109.3118330269377,109.41255012062952,109.15449775738806,109.22695066190268,3243.127962226305,-0.0007765157959989,109.18644579415994,108.9182397211303,0.2521995102018662,-0.0011630092774117529,0.0016694156119917316,-1
2025-10-12 01:40:00,109.22695066190268,109.24143010278608,108.7459675702152,108.81364567154456,871.1072914371692,-0.0037839103614406,109.11188576963688,108.90873117116796,0.2727591987951113,0.0036717517889497397,0.001772027503152479,1
2025-10-12 01:45:00,108.81364567154456,108.968948003605,108.7598238656888,108.921205024933,3464.302732404672,0.000988473023991,109.0737496206961,108.90986515787388,0.2681322395813532,0.00022291904534066376,0.0017616913452632383,0
2025-10-12 01:50:00,108.921205024933,109.31729701716483,108.81874510351378,109.2455909535246,6995.7829005602425,0.0029781705822786,109.1081178872618,108.9403856847512,0.2657773288766388,-0.0027014395773721223,0.0018233478237132366,-1
2025-10-12 01:55:00,109.2455909535246,109.37173524061832,109.13878650354242,109.26872096499068,8806.936362830718,0.0002117248967596,109.1402385028076,108.97023434659116,0.2743710972863005,-0.002355464102328564,0.0017342799251962083,-1
2025-10-12 02:00:00,109.26872096499068,109.54118643298844,109.24175695600228,109.5010046635048,2703.751147842709,0.0021258023015435,109.21239173494703,109.0184861935833,0.2839205306546394,-0.0070699591000806805,0.0016950185097749453,-1
2025-10-12 02:05:00,109.5010046635048,109.54088462011572,109.32939865805062,109.3764947377434,3228.157518158838,-0.0011370665149971,109.24521233550632,109.05103242487058,0.2879329391350944,-0.006199184212044573,0.0017146276640101507,-1
2025-10-12 02:10:00,109.3764947377434,109.4257001495365,109.3270333110139,109.38303060862434,2078.422125461928,5.975571713667805e-05,109.27277599012992,109.08121407793912,0.2781354644408966,-0.001890541541680002,0.0017145404975694673,-1
2025-10-12 02:15:00,109.38303060862434,109.49155197960089,109.30041082677752,109.38535496977298,779.2189470884524,2.1249741716911075e-05,109.29529178605851,109.108863249924,0.2690172045950721,-0.00028241044106347424,0.001703597498266777,0
2025-10-12 02:20:00,109.38535496977298,109.42640372853032,109.28605771760668,109.33203970663456,3867.3212535188745,-0.0004874076895682,109.30264137017376,109.12915201871589,0.2543631336595778,0.0011609874027243006,0.001698290196389972,1
2025-10-12 02:25:00,109.33203970663456,109.58186596048918,109.31332428264555,109.55117813290084,3841.118295423232,0.0020043385896237,109.35234872271916,109.16751802909631,0.256459769871051,0.0014010793300425206,0.001637128122907836,1
2025-10-12 02:30:00,109.55117813290084,109.6045931970268,109.16880078571498,109.22747661801657,3679.4235902637456,-0.0029547972043858,109.32737430177866,109.17296880990725,0.2625595627879268,0.0026600923119086683,0.0017043581066971474,1
2025-10-12 02:35:00,109.22747661801657,109.26033454418646,109.08662241481602,109.10671248395737,1057.62424803166,-0.0011056204702186,109.2832419382144,109.16694550754816,0.2699647564966016,0.0024834915267069047,0.0017167113696283528,1
2025-10-12 02:40:00,109.10671248395737,109.21636019852885,109.0577266151972,109.14546913192684,1605.3965207500794,0.0003552178146251,109.2556873769569,109.1649931097644,0.2622777805452766,0.0034163644721894038,0.0016556353346595214,1
2025-10-12 02:45:00,109.14546913192684,109.64009603198362,109.1347280027774,109.55233898444456,2622.4893139277488,0.0037277759283429,109.31501769845444,109.20020637109896,0.2799431852570443,-0.003514643831224018,0.0017582776375746063,-1
2025-10-12 02:50:00,109.55233898444456,109.60378814155862,109.27735577608156,109.33160585408989,1060.7547168801705,-0.0020148646062775,109.31833532958152,109.2121517786436,0.2678696018931989,-0.0002854782151356927,0.0017997868789183904,0
2025-10-12 02:55:00,109.33160585408989,109.73683093493558,109.2917526075864,109.63755335900234,3978.49186068572,0.0027983445639752,109.3821789354657,109.25082464958528,0.2847234725669847,-0.004419003700035784,0.001841861640098094,-1
2025-10-12 03:00:00,109.63755335900234,109.71405326608831,109.35001163387592,109.3584078897183,1465.6177686891688,-0.0025460753248478,109.37742472631624,109.26060494414284,0.2751155953213658,-0.0019868176612908295,0.0019086843079806676,-1
2025-10-12 03:05:00,109.3584078897183,109.39834692556406,109.2171325379848,109.24960416710611,6547.467885484846,-0.0009949278223024,109.35186061447422,109.25960487350312,0.2714202846430333,-0.0014630771574671853,0.001882982492618995,-1
2025-10-12 03:10:00,109.24960416710611,109.31535997741626,109.23925456371867,109.29094054231024,5065.442379089914,0.0003783663613179,109.33967660004144,109.2624535706674,0.2554685658367077,0.0016550570982176716,0.001877818894920766,1
2025-10-12 03:15:00,109.29094054231024,109.35913833641108,109.04331442886983,109.09991870493948,2703.835700681557,-0.0017478286527952,109.29172502102104,109.24767767378304,0.262921276227862,0.001478767520759039,0.0019046181086912228,1
2025-10-12 03:20:00,109.09991870493948,109.28185678372118,109.05495063208924,109.2131823697012,3723.056019733932,0.0010381645202508,109.27601649075709,109.24454173704832,0.272081227164245,-0.000343814948920107,0.0018290157681645131,0
2025-10-12 03:25:00,109.2131823697012,109.3017019589782,108.8703827214118,108.9454856359745,4114.4147922499,-0.0024511393946977,109.20991031980056,109.21735481876888,0.2892368046458904,0.0034351251159852048,0.001884552299421362,1
2025-10-12 03:30:00,108.9454856359745,108.96030978347557,108.85227205091702,108.95047059046934,1661.2374023751563,4.575641171111755e-05,109.15802237393432,109.1930926161962,0.2869290704769542,0.0018925117851189555,0.0018844348900377214,1
2025-10-12 03:35:00,108.95047059046934,109.03912428247168,108.8478072084592,109.01134241525028,5436.828448112895,0.0005587109853775,109.12868638219751,109.17656987065564,0.2814130273461584,-0.00039447146172655323,0.0018860089320842975,0
2025-10-12 03:40:00,109.01134241525028,109.05267826660608,108.6817395167913,108.72683703911608,2645.274766820127,-0.0026098694854197,109.04831651358124,109.13568506778842,0.2767806229535127,0.0030714328281953307,0.0019412441113749717,1
2025-10-12 03:45:00,108.72683703911608,108.7297110022357,108.60869434038568,108.6984496983964,3421.1540717201156,-0.0002610886280953,108.97834315054428,109.09593639784369,0.2730166609877683,0.00490748617304404,0.001928377026097341,1
2025-10-12 03:50:00,108.6984496983964,109.20845778188996,108.59993269775607,109.17623744530388,7198.416779515632,0.0043955341426964,109.0179220094962,109.10323649306734,0.3051517681879291,-0.0014738036505426155,0.002046540620428741,-1
2025-10-12 03:55:00,109.17623744530388,109.40941169636594,109.09455514846508,109.35446340343007,2965.124250784039,0.0016324610766651,109.085230288283,109.12607530310032,0.2915438052375459,-0.0007886665660373771,0.0020563635592827168,0
2025-10-12 04:00:00,109.35446340343007,109.5140618744624,109.34125863191328,109.45897282744812,1888.6705128276535,0.0009556941780461,109.15997879611602,109.15633871440468,0.2805702964569789,-0.001807907469813741,0.0019907797658186284,-1
2025-10-12 04:05:00,109.45897282744812,109.78154558313928,109.3886194785885,109.70466802416465,1789.1973909680175,0.0022446327639473,109.26891664172577,109.20618683347377,0.2768451376856648,-0.006994656080933415,0.002029802909691149,-1
2025-10-12 04:10:00,109.70466802416465,109.81080866271044,109.49281491742926,109.51803178881732,1411.1477706048045,-0.0017012606547081,109.31873967114409,109.2345363748686,0.2735560029048623,-0.006448236015338615,0.0020193632448578416,-1
2025-10-12 04:15:00,109.51803178881732,109.56212050677247,109.30274570606868,109.37767807991813,4027.4550677116094,-0.001281557991928,109.33052735289888,109.24754925714583,0.279138889556615,-0.004426578535801418,0.0020280738613752685,-1
2025-10-12 04:20:00,109.37767807991813,109.56832013282788,109.3317944370162,109.5183498349696,2479.7572489253134,0.0012861102696721,109.36809184931305,109.27216749149343,0.2905974811361937,-0.00826939501802948,0.00191413445855509,-1
2025-10-12 04:25:00,109.5183498349696,109.58773920628244,109.09196049354168,109.16730153203672,1201.437750237547,-0.0032053834216991,109.32793378585778,109.26263422245192,0.3034513957933009,-0.00464454312553253,0.0020002911225787475,-1
2025-10-12 04:30:00,109.16730153203672,109.32739463787794,109.11553249472546,109.30039406239274,2780.943725215944,0.0012191611268961,109.32242584116476,109.2660669351738,0.3023768237590535,-0.0015221542432553026,0.0019411602994953113,-1
2025-10-12 04:35:00,109.30039406239274,109.3795002728822,109.0751450123864,109.15306460504604,1570.3564586373136,-0.0013479316210205,109.28855359394105,109.25579399607128,0.2933079682540125,0.0017508752645980508,0.001955652335817992,1
2025-10-12 04:40:00,109.15306460504604,109.23576336288814,109.09230163084275,109.14113267351236,4647.82924828301,-0.0001093137565751,109.2590694098553,109.245370239475,0.2958382539316438,-0.001076596778711414,0.0019156317583728592,-1
2025-10-12 04:45:00,109.14113267351236,109.15749194038436,108.98724488297464,109.08976356678689,2860.532636446542,-0.0004706667914026,109.22520824124162,109.23122417832154,0.2943332527457331,-0.0011512406973761546,0.0019076117230905547,-1
2025-10-12 04:50:00,109.08976356678689,109.5589191068091,109.04456050156756,109.47182328922568,3533.339819136368,0.0035022508982236,109.27453125083844,109.25309682476735,0.3045775281333596,-0.0018036373301861808,0.0020100788808223944,-1
2025-10-12 04:55:00,109.47182328922568,109.48538178625236,109.23639911895889,109.2612521212378,2360.907858720734,-0.0019235193281795,109.2718754249183,109.2538382153556,0.3137179570936063,-0.0037414858551007013,0.0020394532101147334,-1
2025-10-12 05:00:00,109.2612521212378,109.32731569365872,109.0996106172722,109.17563324498336,4807.504697184676,-0.0007836160998726,109.25262698893133,109.24672867259449,0.2865165279687969,-0.003047950472308991,0.002042250299431913,-1
2025-10-12 05:05:00,109.17563324498336,109.38236598943534,109.16147217388873,109.31972700995584,2573.905907095224,0.0013198344785336,109.26604699313624,109.25336488508188,0.2798049042292092,-0.003917307533449654,0.0020236173522573215,-1
2025-10-12 05:10:00,109.31972700995584,109.32412826836683,109.10966414666936,109.15666064005605,4215.291762375983,-0.0014916463328247,109.2441697225202,109.24457359007953,0.2827806813112364,0.0009783280987019083,0.001972068859528109,1
2025-10-12 05:15:00,109.15666064005605,109.22627159447912,108.90816950563683,108.96834055166296,3268.5974265758196,-0.0017252276433598,109.18900388834876,109.219461495678,0.2774361087606282,-0.0028821223947222974,0.001986080251444409,-1
2025-10-12 05:20:00,108.96834055166296,109.09477406256808,108.9599516096753,109.06078421570386,1579.2429941792134,0.0008483534168997,109.16335995381978,109.20503628840764,0.2643524450186011,-0.003036113840039767,0.0019911344699748913,-1
2025-10-12 05:25:00,109.06078421570386,109.26613441708476,108.99234577899156,109.2318858373226,7517.096128973002,0.0015688647651783,109.17706513052036,109.2074771564908,0.2653820048321305,-0.004984052163260699,0.0018941849571745828,-1
2025-10-12 05:30:00,109.2318858373226,109.24040053678203,108.92661835598624,109.01533310800448,1099.837196763534,-0.0019825047206512,109.14471872601716,109.19000951571932,0.270900325188137,-0.0033820062805713924,0.001893132419289677,-1
2025-10-12 05:35:00,109.01533310800448,109.28575007023788,108.94174695675464,109.26821919429683,6362.2996665375085,0.0023197295195329,109.16941881967313,109.19711948649908,0.2600592109554581,-0.009146767170695846,0.0018713521221045911,-1
2025-10-12 05:40:00,109.26821919429683,109.30343702446748,109.21526055643712,109.26108113283524,1789.3967899042664,-6.532605284714776e-05,109.18775128230554,109.20293418162056,0.2512245198753047,-0.009201716635148016,0.0018175215181636623,-1
2025-10-12 05:45:00,109.26108113283524,109.3177455464958,108.88728175978105,108.93732160086265,5169.298194343861,-0.0029631734247528,109.13766534601696,109.17878758336984,0.2602322717480864,-0.005496874307135746,0.0018834691674874638,-1
2025-10-12 05:50:00,108.93732160086265,109.01609175074958,108.70826512297435,108.81183367190768,2070.579356213574,-0.0011519277976627,109.07249901119512,109.14542813687326,0.2719726214430764,-0.0031410053830071005,0.0018906665706400164,-1
2025-10-12 05:55:00,108.81183367190768,108.99815400376302,108.75338671017214,108.89350919783377,3008.0612225481555,0.0007506125314673,109.03670104852286,109.1225264151424,0.2772954954560163,-0.002957168945850519,0.0018734478679640584,-1
2025-10-12 06:00:00,108.89350919783377,108.9684308057577,108.55473761809392,108.6126993384615,8399.109249130523,-0.0025787566351829,108.9519007065106,109.0761784990805,0.2701051084861764,0.0018747052146437237,0.0019138848745238158,1
2025-10-12 06:05:00,108.6126993384615,108.73402998990002,108.60541938662364,108.66026929217315,2003.6327634799247,0.0004379778239689,108.8935744236431,109.03836857117984,0.2615071039135271,0.000444170813350242,0.0018704815397954742,0
2025-10-12 06:10:00,108.66026929217315,109.13553412452528,108.59484361855186,109.1340220037812,1444.3685823827557,0.0043599442067843,108.94166393967072,109.04706433777996,0.2838632060268752,-0.003370397634551603,0.00202864411799158,-1
2025-10-12 06:15:00,109.1340220037812,109.4342916888506,109.05141732695176,109.34417800591808,2339.1602650953473,0.0019256689919262,109.0221667529202,109.07407467124706,0.2954332450520332,-0.007994795387590292,0.0020538374186896097,-1
2025-10-12 06:20:00,109.34417800591808,109.41456229441236,108.96972021675904,109.02363168165114,12869.772770149137,-0.0029315353602967,109.0224597386664,109.06948894492017,0.3118888133345915,-0.007472118431557595,0.0020682511333712287,-1
2025-10-12 06:25:00,109.02363168165114,109.0626826990216,108.95960599490404,108.96417499130166,2347.216084135968,-0.0005453559878016,109.01080278919346,109.05991494913664,0.2965298572828254,-0.00783090432126754,0.002070404959284865,-1
2025-10-12 06:30:00,108.96417499130166,109.34740070888095,108.85862541338804,109.27437582213769,1946.0130172833256,0.0028468148440603,109.06351739578233,109.07941139213676,0.3218122031828351,-0.009931825294362762,0.0019824661393860583,-1
2025-10-12 06:35:00,109.27437582213769,109.36151789198694,108.78072871080316,108.8524526919156,5666.871644500031,-0.0038611351201753,109.02130445500896,109.05877878302572,0.3437408134035899,-0.005687125605047694,0.002074927646168627,-1
2025-10-12 06:40:00,108.8524526919156,108.91862135437836,108.73881081995248,108.84287132206968,4441.182899667608,-8.802162568644079e-05,108.98561782842113,109.03915083202972,0.3341714100914532,-0.005236118157340042,0.0020653020246042325,-1
2025-10-12 06:45:00,108.84287132206968,108.92527525299582,108.79175969281224,108.89148801978509,1550.9804047154953,0.0004466686437509,108.96679186669392,109.02572694000747,0.3191365848557613,-0.006107770169232585,0.0020213613828431987,-1
2025-10-12 06:50:00,108.89148801978509,109.26943768174412,108.83633414146044,109.26345166832068,2693.747846672199,0.0034159111543043,109.02612382701928,109.04733827894503,0.3437742328738581,-0.008959540931921417,0.002102055808400937,-1
2025-10-12 06:55:00,109.26345166832068,109.27713982466643,108.59412520005267,108.65428045704328,1691.953257693304,-0.0055752513944605,108.95175515302408,109.01160574968124,0.361813578438073,7.18104864316782e-05,0.0023087252530356174,0
2025-10-12 07:00:00,108.65428045704328,108.77625323326298,108.61920668799618,108.72966325934097,1394.7211204815578,0.0006937858497666,108.90733677428746,108.98597461419575,0.3510435725446135,-0.0029811028180996013,0.0022987395212455434,-1
2025-10-12 07:05:00,108.72966325934097,108.75962745620764,108.59427460824,108.68746842041804,1514.3333000244606,-0.0003880710898763,108.86336310351358,108.95883768748868,0.3453711121429543,-0.0004450220711449404,0.0022338772750519795,0
2025-10-12 07:10:00,108.68746842041804,108.69027245461916,108.539346031403,108.64664256675464,2223.482642487216,-0.0003756261347946,108.8200189961618,108.93045631287649,0.3266020575395509,0.001617958833660893,0.002220435653578943,1
2025-10-12 07:15:00,108.64664256675464,108.7114237624919,108.20512409350624,108.26876823417004,3079.0561285759254,-0.0034780120550198,108.70976884376344,108.8703028511759,0.3535798479473574,0.004865077777858939,0.002287341091405347,1
2025-10-12 07:20:00,108.26876823417004,108.31164673296288,108.1919057606829,108.25569162500098,5116.448928291974,-0.0001207791441829,108.61895340001097,108.8144291033418,0.3235120241121113,0.0015859312916575163,0.0022873189769214847,1
2025-10-12 07:25:00,108.25569162500098,108.382347112443,108.1572640065192,108.33850683666668,4891.485417463321,0.0007649963749949,108.5628640873421,108.77116344273496,0.312241220113893,-0.001612884941078585,0.0022939288928391995,-1
2025-10-12 07:30:00,108.33850683666668,108.57137679479098,108.24419198584272,108.47005511660934,1516.1265335178066,0.0012142338286145,108.54430229319556,108.74378995854173,0.303837129492102,-0.002365501769205136,0.0022084441252020748,-1
2025-10-12 07:35:00,108.47005511660934,108.64156579731466,108.419290037173,108.57149269402925,1850.6894629950148,0.0009351666440182,108.5497403733623,108.72812657085876,0.3123513477795378,-0.0006703232988193308,0.0021978139709622666,0
2025-10-12 07:40:00,108.57149269402925,108.8573616198607,108.53701791240752,108.81631613228784,4207.109638473166,0.0022549513890222,108.6030555251474,108.73614380371596,0.3003205200624116,-0.0011270659040325537,0.002236879623159474,-1
2025-10-12 07:45:00,108.81631613228784,108.8585928765128,108.64930592315616,108.70853301236352,1192.7774000025577,-0.000990505135216,108.62415102259064,108.73363373177482,0.2737846466461897,-0.004234112204608009,0.002226816701882415,-1
2025-10-12 07:50:00,108.70853301236352,108.87400234484966,108.63541406900964,108.76619695417055,4905.162094210797,0.0005304454048742,108.65256020890662,108.73659402471988,0.2779830567472002,-0.0027994986385385667,0.002216852312521142,-1
2025-10-12 07:55:00,108.76619695417055,108.77769879914118,108.38135377534654,108.46999367593652,1461.5746674637085,-0.0027233027036778,108.6160469023126,108.71235762937592,0.2967565898622766,-0.0011079334152934717,0.002247130973800609,-1
2025-10-12 08:00:00,108.46999367593652,108.5035103250558,108.15828056337368,108.20899419388732,2065.5893273307215,-0.0024061906265888,108.53463636062756,108.6665973170588,0.2904798913907354,0.002827413446882865,0.0022744030351152453,1
2025-10-12 08:05:00,108.20899419388732,108.31453889508556,108.00733261755236,108.11088696249892,6210.661903859622,-0.0009066458118317,108.44988648100184,108.61607819391698,0.263636438027838,0.0053346628822283915,0.00225280307598328,1
2025-10-12 08:10:00,108.11088696249892,108.19425157955888,108.0192117201847,108.18908181232167,6912.761594213861,0.0007232837692829,108.3977255472658,108.57726034104468,0.2649216747497941,0.006346552346671919,0.0022391220338880496,1
2025-10-12 08:15:00,108.18908181232167,108.34069501415726,108.13425479120042,108.23339512103917,2450.8831867197573,0.0004095913189683,108.36485946202048,108.54599986649872,0.2678564872490219,0.0089214850350674,0.002193813899417565,1
2025-10-12 08:20:00,108.23339512103917,108.3004636535554,108.22298284893029,108.27295718724316,2111.0944355483284,0.0003655255031016,108.346479007065,108.5211778047482,0.2626103716353774,0.005924794110720777,0.002196589241776432,1
2025-10-12 08:25:00,108.27295718724316,108.29894405941091,108.19401886421429,108.2264038375745,1602.340501944893,-0.0004299628538653,108.32246397316692,108.49438017136876,0.2339407663647311,0.007723286206106961,0.002141791371456612,1
2025-10-12 08:30:00,108.2264038375745,108.39190940222429,108.14310277055333,108.28450130073534,5025.4638957098805,0.0005368141331576,108.3148714386806,108.47530027403846,0.243159742035516,0.0047727866565627775,0.0021384419695079844,1
2025-10-12 08:35:00,108.28450130073534,108.67241019692582,108.26673862269728,108.6620829737758,4469.189478248519,0.0034869410534736,108.38431374569966,108.49228051946912,0.256058918342998,0.0025241110420359814,0.002228415786493088,1
2025-10-12 08:40:00,108.6620829737758,108.7395898345128,108.36194071533204,108.40552895378752,3947.566609809008,-0.0023610261552797,108.38855678731724,108.48439401349806,0.2596635119310367,0.0013937930845857593,0.002220809386665672,1
2025-10-12 08:45:00,108.40552895378752,108.6958631754857,108.32350758600836,108.63910009811408,1705.6403938340056,0.0021546054576804,108.43866544947662,108.4984582030086,0.2703834997407282,-0.004173038255610995,0.002253648408061069,-1
2025-10-12 08:50:00,108.63910009811408,108.92117290008429,108.5350744232518,108.82242836184312,3031.8365648645863,0.0016874979962413,108.51541803194992,108.52791003562992,0.2750802689821086,-0.0024674881809988447,0.0021330186671980915,-1
2025-10-12 08:55:00,108.82242836184312,108.8699717326222,108.74792785840825,108.79550421254226,2803.3169805699436,-0.0002474136049541,108.5714352680684,108.5522367789856,0.2688486204719161,-0.0027084060815858457,0.0021012249767390382,-1
2025-10-12 09:00:00,108.79550421254226,108.8176657742127,108.38854476211594,108.4273777138491,2511.0639195937797,-0.0033836554309633,108.54262375722456,108.54088595488228,0.2824581016331119,0.002124934191845229,0.002121914630164128,1
2025-10-12 09:05:00,108.4273777138491,108.52821618629184,108.14161657787326,108.16376929045089,3565.192680861832,-0.0024311979958964,108.46685286386982,108.50660262175214,0.281762000534822,0.005440546736674934,0.002158570739073077,1
2025-10-12 09:10:00,108.16376929045089,108.31061227418178,108.060834063953,108.21346900932522,2620.786008549841,0.0004594858259874,108.41617609296092,108.47995411153153,0.2749440325738683,0.007944488791216564,0.0020890016990930678,1
