timestamp,open,high,low,close,volume,ret_1,ema9,ema21,atr
2025-04-24 22:50:00,99.7414497132674,99.80286380781251,99.71385870175372,99.7414497132674,2489.790543819214,0.0,99.7414497132674,99.7414497132674,0.0
2025-04-25 02:50:00,99.7414497132674,99.80117213585183,99.52485619528416,99.61396426734368,5055.690167735978,-0.0012781591433673745,99.71595262408266,99.72986012727434,0.0
2025-04-25 06:50:00,99.61396426734368,99.83303897353149,99.58758744009171,99.7738854698856,1612.5189322558901,0.0016054094796662532,99.72753919324326,99.73386243114808,0.0
2025-04-25 10:50:00,99.7738854698856,99.77653428481528,99.49860986632486,99.59219118687962,1154.0517101045987,-0.0018210605124807655,99.70046959197053,99.72098322712367,0.0
2025-04-25 14:50:00,99.59219118687962,99.8191182893849,99.54392442813958,99.7786551231637,2836.9668539788104,0.0018722746639261434,99.71610669820917,99.72622612676366,0.0
2025-04-25 18:50:00,99.7786551231637,99.91900652059407,99.69815542209687,99.8710190853211,4483.230561249043,0.0009256885858341946,99.74708917563157,99.73938912299616,0.0
2025-04-25 22:50:00,99.8710190853211,99.93693761140301,99.56206734223834,99.63615266877565,3730.868342760854,-0.002351697406279496,99.7249018742604,99.73000399079429,0.0
2025-04-26 02:50:00,99.63615266877565,99.69550408045056,99.58909132475135,99.6848577538892,3847.6505303796066,0.0004888294440219543,99.71689305018616,99.72589978743927,0.0
2025-04-26 06:50:00,99.6848577538892,100.03629435096848,99.60873944531228,100.00687550839483,1506.5496778190548,0.003230357767080916,99.7748895418279,99.75144303479887,0.0
2025-04-26 10:50:00,100.00687550839483,100.03762742304617,99.75574683372258,99.84779242351462,3308.0149176898653,-0.0015907214786132773,99.78947011816526,99.76020207013666,0.0
2025-04-26 14:50:00,99.84779242351462,100.01921046683537,99.77177180469167,99.94653420298322,1666.5739704872376,0.0009889230104334068,99.82088293512885,99.77714135494088,0.0
2025-04-26 18:50:00,99.94653420298322,99.9762432003351,99.80823744497187,99.8388621320582,2833.314811575088,-0.0010772966945141738,99.82447877451473,99.78275233467882,0.0
2025-04-26 22:50:00,99.8388621320582,99.93696781819956,99.74650750559509,99.77137127591388,1242.4612465662988,-0.0006759978499659702,99.81385727479457,99.7817176929729,0.0
2025-04-27 02:50:00,99.77137127591388,99.83990787561837,99.52667403929334,99.61444803178063,4109.038149422215,-0.0015728283787870279,99.77397542619178,99.76651136013724,0.24961421746995022
2025-04-27 06:50:00,99.61444803178063,99.65575330096478,99.54419903464547,99.5835140622779,2966.4897133416216,-0.00031053697645200273,99.73588315340902,99.74987524215003,0.2512248717742724
2025-04-27 10:50:00,99.5835140622779,99.5896427420799,99.16060450218343,99.25582222079291,7235.519482853739,-0.0032906233985683375,99.63987096688581,99.70496133111756,0.26213360744061526
2025-04-27 14:50:00,99.25582222079291,99.4145673749493,99.21473416606173,99.40666472294282,3659.663371039,0.0015197345483106695,99.59322971809722,99.67784345764713,0.2588751556868861
2025-04-27 18:50:00,99.40666472294282,99.4805607484118,99.14211178672667,99.22520308175953,2304.228878120909,-0.0018254474354314487,99.51962439082969,99.63669433256644,0.26319833734365056
2025-04-27 22:50:00,99.22520308175953,99.33373295894276,99.21146377891391,99.27358560351736,2180.960206376043,0.0004876031517715429,99.47041663336724,99.60368444810743,0.25227514582818805
2025-04-28 02:50:00,99.27358560351736,99.41441612910421,99.2585997167559,99.37832053147368,2893.4270379515037,0.0010550130462156915,99.45199741298853,99.58319681932254,0.24762981110326823
2025-04-28 06:50:00,99.37832053147368,99.42874935718403,99.31001337491485,99.3717525749132,4372.829664939136,-6.609043627769928e-05,99.43594844537347,99.56397461528532,0.22933450489644766
2025-04-28 10:50:00,99.3717525749132,99.38193971767048,99.23827517966293,99.32139957084185,3216.57334177039,-0.0005067134549467944,99.41303867046715,99.54192233851772,0.2319953464898999
2025-04-28 14:50:00,99.32139957084185,99.36492453361353,99.1702950476035,99.17219766317848,2459.8402301260085,-0.0015022131011851458,99.36487046900942,99.50831100439596,0.21535781651517386
2025-04-28 18:50:00,99.17219766317848,99.47801829588283,99.16090777429802,99.47414967960839,2884.7335691403455,0.003044724464566606,99.38672631112922,99.50520542941527,0.2178742402481179
2025-04-28 22:50:00,99.47414967960839,99.94654763080791,99.46813786716513,99.86693399792128,5040.429364915762,0.003948606945402222,99.48276784848764,99.53808984473399,0.23437217606948074
2025-04-29 02:50:00,99.86693399792128,99.9014967487334,99.7000479660443,99.71128640069374,1492.749597677906,-0.0015585498722808788,99.52847155892887,99.55383498618487,0.23676096373561353
2025-04-29 06:50:00,99.71128640069374,99.78631742491113,99.52362704740686,99.58974187014093,5070.370540862284,-0.0012189646221629769,99.54072562117129,99.55709924836269,0.24192025408559914
2025-04-29 10:50:00,99.58974187014093,99.62809976576999,99.5141652988545,99.62673456111759,1645.8337171707203,0.0003714508169414543,99.55792740916056,99.5634297313404,0.22768458484206125
2025-04-29 14:50:00,99.62673456111759,99.6591875542791,99.35982995952403,99.42105519351398,6061.958865493635,-0.0020644997400515175,99.53055296603125,99.550486591538,0.2410991083017586
2025-04-29 18:50:00,99.42105519351398,99.66189740195497,99.34029511697116,99.60900890051056,2209.3623593742063,0.001890481916840825,99.54624415292712,99.55580680144459,0.2334251115222829
2025-04-29 22:50:00,99.60900890051056,99.6863682522544,99.36724488136555,99.40725897757527,1358.4412549365534,-0.0020254184351617965,99.51844711785675,99.5423024538201,0.241945837379517
2025-04-30 02:50:00,99.40725897757527,99.46247665883278,99.3241483421799,99.4419588889056,2201.5884118932827,0.0003490681836240128,99.50314947206653,99.53318031155514,0.22765150559149966
2025-04-30 06:50:00,99.4419588889056,99.69583548367264,99.44135934510315,99.62143847301884,7316.919989017333,0.0018048677451512063,99.52680727225699,99.54120378077911,0.23709485977297362
2025-04-30 10:50:00,99.62143847301884,99.71816826367944,99.5706308388146,99.58581424459453,5854.86746910749,-0.00035759600514062573,99.5386086667245,99.5452592774896,0.23650350352415472
2025-04-30 14:50:00,99.58581424459453,99.89234111356947,99.5321535508762,99.80173039543652,4117.68147006453,0.0021681416422592026,99.59123301246692,99.5685748336666,0.25375004498301784
2025-04-30 18:50:00,99.80173039543652,99.89013753941913,99.74815427543345,99.84490652192488,7892.750718731483,0.0004326190168977284,99.64196771435851,99.59369589623553,0.2536299539814562
2025-04-30 22:50:00,99.84490652192488,100.03813376024571,99.7548830211188,100.02467492818667,3655.7785195328947,0.0018004764842192156,99.71850915712415,99.63287580823109,0.25996004348980506
2025-05-01 02:50:00,100.02467492818667,100.36103300609678,100.00884959337743,100.32555143440511,2885.372518143027,0.0030080228347102445,99.83991761258035,99.69584631970146,0.26246524999941456
2025-05-01 06:50:00,100.32555143440511,100.37916538998856,100.2713394863757,100.3364867989724,3392.4828352527525,0.00010899879852077632,99.93923144985877,99.75408636327154,0.23599497428299138
2025-05-01 10:50:00,100.3364867989724,100.42468781229823,100.18805049287766,100.24817038655603,2528.1758315297,-0.0008802023594201014,100.00101923719822,99.79900309266104,0.23850844119238193
2025-05-01 14:50:00,100.24817038655603,100.5147074114082,100.15351622087171,100.49848419159552,1882.6490763579395,0.0024969413813169528,100.10051222807769,99.86259228347326,0.245544213551826
2025-05-01 18:50:00,100.49848419159552,100.62757585603613,100.47874036974534,100.52945370529241,2273.493349223447,0.00030815901300407234,100.18630052352064,99.92321604909318,0.2480371435072044
2025-05-01 22:50:00,100.52945370529241,100.61744451039344,100.37272233709369,100.44532716864913,3742.738411924671,-0.0008368347140321752,100.23810585254635,99.97068069632554,0.24413461340325324
2025-05-02 02:50:00,100.44532716864913,100.68561629956397,100.39902905898504,100.67279803806724,4441.1637196595775,0.002264623709534952,100.32504428965053,100.03450954557479,0.24163353880290522
2025-05-02 06:50:00,100.67279803806724,100.77581333683072,100.61411667939119,100.70482000000467,3016.548476525773,0.00031807958615903686,100.40099943172137,100.09544685961387,0.23038877355652584
2025-05-02 10:50:00,100.70482000000467,100.76715885225111,100.4995552660696,100.52383057883264,7064.865620960616,-0.0017972269964041665,100.42556566114364,100.13439083408831,0.23962272137999868
2025-05-02 14:50:00,100.52383057883264,100.58779264291475,100.28178040168686,100.35729961643906,1809.0280716085313,-0.0016566316806141401,100.41191245220273,100.15465526884746,0.24330387156988462
2025-05-02 18:50:00,100.35729961643906,100.64095707748324,100.25953853273437,100.57282515044086,6465.166378769746,0.0021475820376348764,100.44409499185036,100.19267071262868,0.26000966584731444
2025-05-02 22:50:00,100.57282515044086,100.59242176424736,100.40482547342187,100.47010109465744,3328.5115862492103,-0.0010213897802887617,100.44929621241178,100.21789165644948,0.24768171785675921
2025-05-03 02:50:00,100.47010109465744,100.54910097116877,100.37177650534639,100.37778468592269,2481.438184530666,-0.0009188445888769214,100.43499390711396,100.23242738640158,0.25020608941652356
2025-05-03 06:50:00,100.37778468592269,100.60006952258911,100.32341893419037,100.5103770232773,3723.6169030732194,0.0013209330906185368,100.45007053034664,100.25769553520847,0.24973465007879675
2025-05-03 10:50:00,100.5103770232773,100.73600306060165,100.45889146290727,100.66642430983967,3244.260985367254,0.001552549012190374,100.49334128624525,100.29485269653857,0.24437237757701322
2025-05-03 14:50:00,100.66642430983967,100.76201665360576,100.58983940032317,100.66230124036196,2650.6659032321722,-4.095774242485195e-05,100.5271332770686,100.32825710961342,0.24896890255342186
2025-05-03 18:50:00,100.66230124036196,100.73375559667443,100.43122801584623,100.4487020772256,2947.1994571091254,-0.002121938009606139,100.51144703710001,100.33920665212361,0.2536753497968241
2025-05-03 22:50:00,100.4487020772256,100.48335828989937,100.35857798936556,100.46222825102238,3547.8753943937854,0.0001346575268477146,100.50160327988449,100.35039043384168,0.23678885765377597
2025-05-04 02:50:00,100.46222825102238,100.50889881061977,100.11877689727605,100.18507990022063,4072.9180507872466,-0.002758731869944686,100.43829860395172,100.33536220351249,0.25402360244327077
2025-05-04 06:50:00,100.18507990022063,100.28994597468373,100.15470456944773,100.2018423060508,3508.5439767533053,0.0001673143929901144,100.39100734437154,100.32322403101597,0.2462035475815745
2025-05-04 10:50:00,100.2018423060508,100.23706706962585,99.95242931884667,99.98114793289754,3034.1612749388096,-0.0022024981584588543,100.30903546207675,100.2921262039143,0.24606429831016335
2025-05-04 14:50:00,99.98114793289754,99.99210425226742,99.5318250349451,99.55029993612587,2565.002203786272,-0.004309292358403827,100.15728835688658,100.22468745229716,0.26739162401607686
2025-05-04 18:50:00,99.55029993612587,99.62243555686567,99.47515676834468,99.55732055922701,3127.4718380631016,7.05233746722822e-05,100.03729479735468,100.16401773474533,0.2587969956117543
2025-05-04 22:50:00,99.55732055922701,99.7354778928317,99.51889171871784,99.70432865562317,1839.8668952262542,0.0014766176467024827,99.97070156900838,100.1222278184615,0.2524094193893234
2025-05-05 02:50:00,99.70432865562317,100.08013314188109,99.63150341227143,100.00292405324487,3390.8492203946194,0.00299480876756153,99.97714606585569,100.11138202162361,0.2572102183079516
2025-05-05 06:50:00,100.00292405324487,100.38757977815521,99.9190593158433,100.38003222680683,5952.511956492504,0.0037709714704059483,100.05772329804593,100.13580476754936,0.27727623055698153
2025-05-05 10:50:00,100.38003222680683,100.40500526939414,100.20834584037034,100.29243970748496,3063.504767126016,-0.0008726089978130513,100.10466657993373,100.1500443075435,0.27865729935708267
2025-05-05 14:50:00,100.29243970748496,100.37789223300535,99.93980733364211,99.94644584439494,2172.5685494977783,-0.003449849899944124,100.07302243282598,100.13153535634817,0.29018832156883334
2025-05-05 18:50:00,99.94644584439494,100.00993730294692,99.93865953044659,99.972880362159,1614.292332501403,0.0002644868213244056,100.05299401869259,100.11711217505824,0.2754859054835452
2025-05-05 22:50:00,99.972880362159,100.02976340909221,99.53414099441633,99.56038144190036,4544.88499084491,-0.00412610818818393,99.95447150333415,100.0665002902257,0.29858913129735193
2025-05-06 02:50:00,99.56038144190036,99.72402033824683,99.55526021997046,99.64019718908091,2791.333504911777,0.0008016818138361081,99.8916166404835,100.0277454628489,0.28903431254364975
2025-05-06 06:50:00,99.64019718908091,99.72182303232914,99.526839879476,99.60635323557719,1592.7567650232181,-0.0003396616471914582,99.83456395950225,99.98943707855146,0.2940488019950302
2025-05-06 10:50:00,99.60635323557719,99.69155123199788,99.42207338490202,99.4293010841201,2244.9556659723853,-0.0017775186592601244,99.75351138442582,99.93851562451225,0.28543136869161145
2025-05-06 14:50:00,99.4293010841201,99.46820312414826,99.28694478839414,99.34652169120172,1460.4040372446395,-0.000832545255933681,99.67211344578101,99.8846979942113,0.2887182923000487
2025-05-06 18:50:00,99.34652169120172,99.44052822114251,99.07028690358497,99.10031516634523,3180.751365495803,-0.0024782601410220373,99.55775378989385,99.81339046440529,0.29483283278421724
2025-05-06 22:50:00,99.10031516634523,99.11935008269121,98.7361898775181,98.79175534406627,1489.463590673821,-0.0031136109079069607,99.40455410072835,99.72051454437447,0.28932433191641643
2025-05-07 02:50:00,98.79175534406627,98.87669309795359,98.44109520208266,98.52755549345949,1692.4857237256933,-0.0026743107224549423,99.22915437927459,99.61206372156401,0.30991855386998324
2025-05-07 06:50:00,98.52755549345949,98.60351056374276,98.21629290712657,98.28603326448376,3396.0427532677404,-0.002451316565869277,99.04053015631644,99.49151549819308,0.32210651690586395
2025-05-07 10:50:00,98.28603326448376,98.37780233440118,98.15960726498861,98.19959983677356,3441.5888242219626,-0.0008794070209102722,98.87234409240787,99.37406861988221,0.30564689832035746
2025-05-07 14:50:00,98.19959983677356,98.25094143264283,97.91832618845085,97.91852692194497,4043.9413914841243,-0.002862261305502045,98.6815806583153,99.24174664734245,0.2959393827403624
2025-05-07 18:50:00,97.91852692194497,98.01655075553049,97.88988775161953,97.95715792106837,2384.0527783240937,0.00039452185748456436,98.53669611086592,99.1249658540448,0.29093963808944573
2025-05-07 22:50:00,97.95715792106837,98.21111438958486,97.9498807764025,98.17290220572148,3979.9240504140203,0.0022024351178804302,98.46393732983704,99.03841461328814,0.27830740336224025
2025-05-08 02:50:00,98.17290220572148,98.22606721618779,98.13248177754815,98.14189408823933,4607.946253823124,-0.00031585210160312016,98.3995286815175,98.9569127473746,0.2799008080864758
2025-05-08 06:50:00,98.14189408823933,98.17630652451096,97.9828715002696,98.0710749427031,4131.524703413243,-0.0007215995390565944,98.33383793375462,98.876382037859,0.2583159944840107
2025-05-08 10:50:00,98.0710749427031,98.56187489531582,98.02897684278805,98.49285596895194,3213.040355855802,0.004300768870895588,98.36564154079409,98.84151603159472,0.28432584693053947
2025-05-08 14:50:00,98.49285596895194,98.64532199417154,98.40569914871801,98.60163652191889,1568.152916619802,0.00110445120000624,98.41284053701905,98.81970880344237,0.2875143964019955
2025-05-08 18:50:00,98.60163652191889,98.68758378307669,98.60084997962863,98.68553514741124,3560.3802957793328,0.0008508847160331179,98.4673794590975,98.80751119834862,0.2744612504271525
2025-05-08 22:50:00,98.68553514741124,99.1281199984053,98.59405666002732,99.03786974352687,3635.118502978622,0.0035702759841078624,98.58147751598338,98.82845288427391,0.2996616077574278
2025-05-09 02:50:00,99.03786974352687,99.56165967130974,98.94987590561954,99.54043357816387,6063.14332916191,0.0050744612736366435,98.77326872841948,98.89317840190027,0.31691463976690365
2025-05-09 06:50:00,99.54043357816387,99.66145488823415,99.51518637525467,99.58811709341727,2220.1844853449697,0.0004790366440985405,98.93623840141905,98.95635464658363,0.29999380461021524
2025-05-09 10:50:00,99.58811709341727,99.66929073804027,99.50759408007313,99.55416967431502,1397.0838479990964,-0.0003408782101022023,99.05982465599826,99.01070146728648,0.2804294304742306
2025-05-09 14:50:00,99.55416967431502,99.62717318584966,99.4864552303788,99.5684495787982,4635.800410242548,0.0001434385373297875,99.16154964055825,99.06140584106026,0.2628223089638502
2025-05-09 18:50:00,99.5684495787982,99.7868870577071,99.50969134586664,99.69595819703753,1202.8798096648861,0.0012806126717723743,99.2684313518541,99.11909241887638,0.2670366405658423
2025-05-09 22:50:00,99.69595819703753,99.89213789268406,99.67089939693943,99.84192097058913,2480.7847085246967,0.0014640791481548288,99.38312927560112,99.18480410539571,0.25908115853388836
2025-05-10 02:50:00,99.84192097058913,100.18907039197225,99.8236845721761,100.12252696443129,4172.001717434527,0.0028105027538964933,99.53100881336717,99.27005163803531,0.27613278823997284
2025-05-10 06:50:00,100.12252696443129,100.21154530817095,99.98111216855476,100.04637675506558,1965.2925794690427,-0.0007605701900907924,99.63408240170685,99.34062664867443,0.27393275441381754
2025-05-10 10:50:00,100.04637675506558,100.10159507414942,99.9046622698694,99.95643571647861,3819.8865150098677,-0.0008989934618738316,99.69855306466121,99.39660929120208,0.2813147091024157
2025-05-10 14:50:00,99.95643571647861,100.00960702343292,99.86472942574417,99.90949605106675,2202.633497958899,-0.0004696012325309251,99.74074166194232,99.44323536028068,0.2778463214915143
2025-05-10 18:50:00,99.90949605106675,99.98784615309475,99.71734860636498,99.74430842993642,3507.210220069698,-0.0016533725787776232,99.74145501554115,99.47060563934029,0.2591034282202287
2025-05-10 22:50:00,99.74430842993642,99.84908926352699,99.64689342906638,99.82317432619358,1998.5409060761488,0.0007906806663815491,99.75779887767165,99.50265733814513,0.2564300702921634
2025-05-11 02:50:00,99.82317432619358,99.92174371337096,99.71913837455897,99.72658427997429,2716.7810375071776,-0.0009676114476550035,99.75155595813219,99.52301433285686,0.2647066085324446
2025-05-11 06:50:00,99.72658427997429,99.80419507378764,99.62016247682473,99.63268975349241,4412.273234676306,-0.0009415195272132193,99.72778271720424,99.5329848256419,0.23970441271708257
2025-05-11 10:50:00,99.63268975349241,99.72488281965714,99.3530738579552,99.36801789131702,5270.315279821621,-0.0026564761307782403,99.6558297520268,99.51798783161237,0.22256335528934962
2025-05-11 14:50:00,99.36801789131702,99.40704058387507,99.31938338394933,99.32738191470565,3252.9829238803823,-0.000408944220421259,99.59014018456259,99.50066002098448,0.21837683292836882
2025-05-11 18:50:00,99.32738191470565,99.37518695220196,98.88979828823253,98.97172787489042,4618.034334676186,-0.0035806243249282277,99.46645772262816,99.45257528043048,0.24149769049996092
2025-05-11 22:50:00,98.97172787489042,98.99472564736763,98.84709259349765,98.85532210393195,1372.8261349520096,-0.0011761517501807095,99.34423059888893,99.39827953711243,0.24199162609989802
2025-05-12 02:50:00,98.85532210393195,98.89846704297348,98.69872023294042,98.72007769220544,1744.6040133198164,-0.0013681045071536335,99.21940001755223,99.33662482393906,0.2364595616850837
2025-05-12 06:50:00,98.72007769220544,98.74346788746908,98.7128210483841,98.72151335969399,4934.67326346948,1.4542811574980163e-05,99.1198226859806,99.28070559991679,0.2228458719236802
2025-05-12 10:50:00,98.72151335969399,98.77702137647873,98.4402508312885,98.50347711021423,1874.4754596536038,-0.002208599139736922,98.99655357082733,99.21004846448928,0.22080192373754365
2025-05-12 14:50:00,98.50347711021423,98.64584997741413,98.47294785949109,98.61965723199766,8560.23349619162,0.0011794519867907027,98.9211743030614,99.15637653426276,0.2166925650451757
2025-05-12 18:50:00,98.61965723199766,98.67947243865153,98.60644551128121,98.6150532342125,2056.8783272142937,-4.668438234722849e-05,98.85995008929163,99.10716532516729,0.20784214526591224
2025-05-12 22:50:00,98.6150532342125,98.97370707747119,98.53672694968542,98.90568110862176,4580.692647192809,0.002947094433128905,98.86909629315767,99.0888485782086,0.22870661170141407
2025-05-13 02:50:00,98.90568110862176,98.91573688275778,98.65360587093548,98.74222300709229,3039.041834411221,-0.0016526664565400528,98.8437216359446,99.05733716265257,0.22810900206516646
2025-05-13 06:50:00,98.74222300709229,98.93676740549888,98.6863042632843,98.8416375903639,2020.7018091469927,0.00100680924779728,98.84330482682847,99.03772811062633,0.23155666690473606
2025-05-13 10:50:00,98.8416375903639,99.28697134195994,98.79404347857376,99.19750544613237,3204.7083363510383,0.0036003840531588782,98.91414495068926,99.05225332294506,0.25229399008860703
2025-05-13 14:50:00,99.19750544613237,99.21152530605139,98.94135822042483,99.01381422282762,2721.537635358899,-0.0018517726073716823,98.93407880511694,99.04875885929802,0.25844645356458174
2025-05-13 18:50:00,99.01381422282762,99.24872983066761,98.95552153702243,99.16422597173644,5603.343090283778,0.0015190986236559567,98.98010823844085,99.05925586951969,0.25283212013195566
2025-05-13 22:50:00,99.16422597173644,99.19425301809224,98.98582394839288,99.04991201704726,4268.757782271878,-0.0011527741337058472,98.99406899416213,99.05840642838582,0.26145868225864277
2025-05-14 02:50:00,99.04991201704726,99.19632197777342,98.97878673769907,99.1657675900189,2099.420515088498,0.0011696686106263954,99.02840871333349,99.06816653398883,0.24232629483756593
2025-05-14 06:50:00,99.1657675900189,99.37025699799113,99.07041722791146,99.3201766165758,2056.0766102734656,0.0015570799310027361,99.08676229398196,99.09107654149673,0.2531982031382581
2025-05-14 10:50:00,99.3201766165758,99.6583239418191,99.27119031113172,99.63537236774864,3850.57521825586,0.0031735319238270776,99.19648430873531,99.14055798024691,0.26658297604213843
2025-05-14 14:50:00,99.63537236774864,99.82475787101382,99.5837502187631,99.7507972681034,3052.6654436345625,0.0011584731166429663,99.30734690060893,99.19603427914295,0.28160874841111955
2025-05-14 18:50:00,99.7507972681034,99.81952052791547,99.52433050235855,99.6194714069063,1867.3373614425182,-0.0013165394642824513,99.36977180186841,99.23452856348507,0.2786387112944543
2025-05-14 22:50:00,99.6194714069063,99.70950839985984,99.5222319049738,99.58770632635401,1266.4146024586664,-0.00031886417488147245,99.41335870676554,99.2666356328368,0.2796654525060975
2025-05-15 02:50:00,99.58770632635401,99.5971666864593,99.36481280386424,99.4612507450645,1960.1163219621944,-0.001269791081191296,99.42293711442534,99.28432791576658,0.29104594930786476
2025-05-15 06:50:00,99.4612507450645,99.72700769294033,99.44607154875955,99.64533597927885,1902.8947979857826,0.0018508236407179801,99.46741688739604,99.31714683063133,0.27989995047893707
2025-05-15 10:50:00,99.64533597927885,99.91355303788772,99.60048794897239,99.84699169431097,3378.262332762556,0.0020237346088536334,99.54333184877903,99.3653145455113,0.2835380988427251
2025-05-15 14:50:00,99.84699169431097,99.9098274696576,99.71850962915252,99.79259822972357,2122.249607280045,-0.0005447681864461096,99.59318512496795,99.40415851680332,0.2793134344349032
2025-05-15 18:50:00,99.79259822972357,99.9299717676759,99.77647646938564,99.86927668623031,1668.3859399591813,0.0007683781950462709,99.64840343722042,99.44644198675122,0.2550682512137651
2025-05-15 22:50:00,99.86927668623031,99.95229724922143,99.78536137044094,99.82261792413965,5058.526826050718,-0.000467198358082177,99.68324633460428,99.48063979924108,0.24769459358190357
2025-05-16 02:50:00,99.82261792413965,100.20943266762932,99.80477437522711,100.16950622278287,3894.8754623876175,0.0034750470971101066,99.78049831224,99.54326401956305,0.2556553077788339
2025-05-16 06:50:00,100.16950622278287,100.43616754406858,100.12079798465167,100.35817364228537,1740.16232432308,0.0018834815765478297,99.89603337824907,99.61734671253781,0.2632939141872299
2025-05-16 10:50:00,100.35817364228537,100.40076892486627,100.28619663385298,100.35346905033111,4264.830626867384,-4.687801484926091e-05,99.98752051266548,99.68426692506448,0.2559394178257252
2025-05-16 14:50:00,100.35346905033111,100.52209446780162,100.26775887931544,100.51013076205135,4162.881123274179,0.00156109911498592,100.09204256254266,99.75934545569964,0.2526891191404762
2025-05-16 18:50:00,100.51013076205135,100.77539402370071,100.42960431007043,100.75930224856262,6704.897392595415,0.002479068374720894,100.22549449974666,99.85025061868718,0.2497359822078258
2025-05-16 22:50:00,100.75930224856262,101.11857624489146,100.66960949263724,101.04356153538052,3103.621727022429,0.002821171648416776,100.38910790687343,99.95873342929566,0.2645902036366477
2025-05-17 02:50:00,101.04356153538052,101.12568325982396,100.94465762238463,101.08782595795516,1783.4229569854047,0.0004380726678874236,100.52885151708979,100.06137820462834,0.25643560448539154
2025-05-17 06:50:00,101.08782595795516,101.13821996200541,101.00188829747431,101.1265278356323,1714.3918576919398,0.000382853991669041,100.6483867807983,100.15820998926506,0.2527966880314665
2025-05-17 10:50:00,101.1265278356323,101.14535402390636,100.66674198279593,100.73769008157427,5742.624162738705,-0.0038450618485590393,100.6662474409535,100.2108899976568,0.27038655649685034
2025-05-17 14:50:00,100.73769008157427,101.00911855185332,100.70803560788927,100.99312296368895,4582.590064695209,0.002535623776044771,100.7316225455006,100.28200208547791,0.27182561362422625
2025-05-17 18:50:00,100.99312296368895,101.13720750270409,100.9243089542506,101.10451667344566,4424.957139208171,0.0011029831189275363,100.80620137108961,100.35677613892952,0.2646708607340936
2025-05-17 22:50:00,101.10451667344566,101.15033383345572,100.95733890812734,101.01978374682955,2565.4131277530187,-0.0008380726143994988,100.84891784623761,100.41704955782951,0.2647906525071865
2025-05-18 02:50:00,101.01978374682955,101.10632771349185,100.75065930734412,100.76216742102709,3053.7917892072605,-0.0025501571696895375,100.83156776119552,100.44842390902929,0.2792315887827205
2025-05-18 06:50:00,100.76216742102709,100.86127893186308,100.47673734805088,100.48258718295384,2110.840532548988,-0.002774654865303261,100.76177164554719,100.45152966120425,0.294774853427843
2025-05-18 10:50:00,100.48258718295384,100.54429313005804,99.88748993515495,99.9024616492631,2927.304297909156,-0.005773393678991101,100.58990964629038,100.40161438739142,0.3127852036064778
2025-05-18 14:50:00,99.9024616492631,99.96777168101113,99.72330101323271,99.7454558021455,1999.412221689385,-0.001571591375484016,100.4210188774614,100.34196360691452,0.30772099706087125
2025-05-18 18:50:00,99.7454558021455,99.75613408020455,99.69861367837318,99.71954592505118,4953.099452408571,-0.0002597599748875856,100.28072428697936,100.28538018129058,0.3036458621193055
2025-05-18 22:50:00,99.71954592505118,99.8000259608909,99.58071020985264,99.58272451846074,2492.455306311022,-0.0013720620698902675,100.14112433327564,100.22150239376059,0.30114444515873984
2025-05-19 02:50:00,99.58272451846074,99.63097715757408,99.45766669501081,99.52018256768143,4424.262717232723,-0.0006280401654175094,100.0169359801568,100.15774604593521,0.2888244986539529
2025-05-19 06:50:00,99.52018256768143,99.58072440276914,99.17444049730766,99.22973074341687,2532.4372505277374,-0.0029185218190996842,99.85949493280881,100.07338101843354,0.2857757238830426
2025-05-19 10:50:00,99.22973074341687,99.51763815903072,99.20122192729619,99.50004262339513,3999.122854735697,0.002724101717833216,99.78760447092608,100.02125934615732,0.2954464806184142
2025-05-19 14:50:00,99.50004262339513,99.57269746230118,99.32811018991178,99.3865220222753,3753.007949033162,-0.001140910075280055,99.70738798119594,99.96355595307713,0.30317902403686403
2025-05-19 18:50:00,99.3865220222753,99.44488505203124,99.00319814836854,99.05620292726258,2108.7496321207573,-0.0033235803838541633,99.57715097040926,99.88106931436671,0.3005415142191684
2025-05-19 22:50:00,99.05620292726258,99.05628811292756,98.7093943079404,98.74095124856048,3340.7107462740237,-0.0031825536350670314,99.40991102603951,99.77742221747523,0.30381371857796224
2025-05-20 02:50:00,98.74095124856048,98.78884483884049,98.18404538597477,98.22425964721333,2309.082005832725,-0.005232799510372144,99.17278075027428,99.63622562017869,0.3318066403216936
2025-05-20 06:50:00,98.22425964721333,98.28861307998169,98.07462401840775,98.1694953136039,3590.0595253766614,-0.0005575438675345934,98.97212366294022,99.50288650139916,0.3333062214820909
2025-05-20 10:50:00,98.1694953136039,98.37030600172444,98.0766758051928,98.32186745080985,2919.392123690959,0.0015521332438268587,98.84207242051416,99.39552113316377,0.32887492079522723
2025-05-20 14:50:00,98.32186745080985,98.79854013879086,98.24118983192757,98.76576979233957,2026.2652532472844,0.004514787534439346,98.82681189487924,99.33827101127066,0.3412184010131613
2025-05-20 18:50:00,98.76576979233957,98.84691755066328,98.45637668474377,98.5214135998694,2682.6863550820285,-0.0024740979894546378,98.76573223587728,99.26401124659782,0.3221996632286194
2025-05-20 22:50:00,98.5214135998694,98.78225083342531,98.4852757412635,98.70446454701053,1093.0594624762489,0.0018579813306838222,98.75347869810393,99.21314336481716,0.32594997925600516
2025-05-21 02:50:00,98.70446454701053,98.78706440448391,98.28287790156999,98.3527800334113,6991.474017103937,-0.003563005130651664,98.67333896516541,99.13492851650753,0.357854700761902
2025-05-21 06:50:00,98.3527800334113,98.39341965982594,98.00971084111802,98.06296701201039,3319.3618262877585,-0.0029466683229742996,98.55126457453441,99.03747747064415,0.36959706273830556
2025-05-21 10:50:00,98.06296701201039,98.13399268450527,97.72501323724165,97.75879098893766,1957.5132071760158,-0.0031018439716949953,98.39276985741508,98.92123324503446,0.3864305616454737
2025-05-21 14:50:00,97.75879098893766,97.82570901185606,97.68890822644161,97.77523295967366,4147.364386175024,0.00016818917838157255,98.2692624778668,98.81705140091074,0.3671817673564003
2025-05-21 18:50:00,97.77523295967366,97.80649626132548,97.70119551065048,97.78326116277475,2109.2364072692935,8.210875963232667e-05,98.1720622148484,98.72307047017111,0.352102090137862
2025-05-21 22:50:00,97.78326116277475,97.97417804175035,97.77266393816721,97.9144783308174,3591.9223719608667,0.0013419185091834152,98.1205454380422,98.64956209386622,0.3490254352231292
2025-05-22 02:50:00,97.9144783308174,98.14200041482124,97.86524429650818,98.077114138411,2172.921493120932,0.0016609985608473377,98.11185917811596,98.59752137064302,0.33724466484101207
2025-05-22 06:50:00,98.077114138411,98.14836559032643,97.74508207952044,97.75152225983207,1549.2581759409288,-0.003319753863469499,98.03979179445919,98.5206123605693,0.3412725009709285
2025-05-22 10:50:00,97.75152225983207,97.8150845225765,97.68502506898473,97.78673146944489,3327.4100087973075,0.00036019090852845714,97.98917972945634,98.45389591592162,0.3073625010227892
2025-05-22 14:50:00,97.78673146944489,97.84917686832769,97.70574463480334,97.72327149103171,3143.1471543198145,-0.0006489630797508195,97.93599808177142,98.3874755136589,0.30232272759067563
2025-05-22 18:50:00,97.72327149103171,97.98841474224274,97.63829525076054,97.95413358132264,1077.082595309842,0.0023624064848475346,97.93962518168166,98.34808079253742,0.3063576772300018
2025-05-22 22:50:00,97.95413358132264,98.06840975282742,97.91130499131155,98.00523705738865,2481.03102437064,0.0005217082138100348,97.95274755682307,98.31691318025116,0.2777687097051863
2025-05-23 02:50:00,98.00523705738865,98.10490922530299,97.9838391617738,98.07278711361133,1743.1448225266797,0.0006892494549359807,97.97675546818073,98.29471990146573,0.25852079524873517
2025-05-23 06:50:00,98.07278711361133,98.23095200690642,98.01922366415224,98.20182431830285,3636.047024400939,0.0013157289446872333,98.02176923820515,98.28627484845092,0.2524317417196187
2025-05-23 10:50:00,98.20182431830285,98.29017200295101,98.1369003000122,98.18462220767434,5771.10191283512,-0.00017517098839991974,98.05433983209899,98.2770336992894,0.22736639886425333
2025-05-23 14:50:00,98.18462220767434,98.75475269236675,98.17977793627851,98.73859616928901,5360.225466375572,0.005642166249241631,98.191191099537,98.31899392383482,0.24102825153427634
2025-05-23 18:50:00,98.73859616928901,98.75814963670291,98.6215361268542,98.70931833969195,5980.357595031157,-0.00029651859285972915,98.29481654756799,98.35447796164001,0.2215735417189261
2025-05-23 22:50:00,98.70931833969195,98.80397922666552,98.49073963591124,98.50808014849932,2139.381421773299,-0.0020386949740661686,98.33746926775426,98.36844179680904,0.2341763135289138
2025-05-24 02:50:00,98.50808014849932,98.82637511202819,98.49545868862975,98.79994729096032,4920.885672575391,0.0029628751471049153,98.42996487239547,98.40766956900461,0.2502917187234449
2025-05-24 06:50:00,98.79994729096032,99.29326487305325,98.79089984810771,99.22987110030888,1519.5768716519226,0.004351457881677456,98.58994611797816,98.48241516275954,0.27178107024933035
2025-05-24 10:50:00,99.22987110030888,99.43379368868946,99.20193966088935,99.3897077399378,7891.688950573261,0.0016107714124444783,98.7498984423701,98.56489630613937,0.268573778069834
2025-05-24 14:50:00,99.3897077399378,99.67622905717698,99.29298291746925,99.62930800034573,2864.7317823343014,0.0024107150112047115,98.92578035396522,98.66166100561267,0.2671425372771016
2025-05-24 18:50:00,99.62930800034573,99.66879369582807,99.45255030650767,99.50205106932727,2556.1554884448005,-0.001277304174571059,99.04103449703764,98.738060102314,0.27329853268628923
2025-05-24 22:50:00,99.50205106932727,99.52898575184228,99.29839266757816,99.39305740928432,3157.364745487907,-0.0010953910886419838,99.11143907948698,98.79760531203857,0.2795243077391305
2025-05-25 02:50:00,99.39305740928432,99.62123349745599,99.31440395587862,99.60241212096604,3154.8113608388426,0.0021063313388138827,99.2096336877828,98.87076956739561,0.27643216846021396
2025-05-25 06:50:00,99.60241212096604,99.66483718122835,99.53988153984687,99.5976020279094,2891.496052483352,-4.829293743202623e-05,99.28722735580813,98.93684524562414,0.2741358027363288
2025-05-25 10:50:00,99.5976020279094,99.6490568399149,99.56860056663733,99.63816442997341,6658.595355446582,0.00040726283804137786,99.35741477064118,99.00060153511043,0.2712348177183565
2025-05-25 14:50:00,99.63816442997341,99.70605204157734,99.5639385487215,99.69644263705429,2787.091592556027,0.0005848984414182912,99.42522034392381,99.06385981710532,0.26626232843990344
2025-05-25 18:50:00,99.69644263705429,99.77139645286766,99.47673726291644,99.51488988103621,9624.871347630715,-0.0018210555082593949,99.4431542513463,99.10486255018995,0.2763614346550755
2025-05-25 22:50:00,99.51488988103621,99.67164935196315,99.44141318556154,99.57498231470034,2481.4495904623527,0.0006038536920049964,99.46951986401712,99.14760071059999,0.2517372496774592
2025-05-26 02:50:00,99.57498231470034,99.63104805093907,99.52596188693877,99.6215308020838,3841.215857857206,0.0004674717112813642,99.49992205163046,99.19068526437124,0.24948529640257228
2025-05-26 06:50:00,99.6215308020838,99.6219139416231,99.37998604204718,99.45273581798813,2605.4217661469006,-0.0016943624810484836,99.490484804902,99.21450804197278,0.24439160417554717
2025-05-26 10:50:00,99.45273581798813,99.58728032794886,99.42256564169487,99.5834689531564,3678.5398000305618,0.0013145252776909366,99.50908163455289,99.24804994298947,0.23252005152237235
2025-05-26 14:50:00,99.5834689531564,99.67669602547791,99.44924063079922,99.47916818111752,2621.879623708593,-0.0010473703430430303,99.50309894386582,99.2690606919102,0.21288364936045465
2025-05-26 18:50:00,99.47916818111752,99.6214611259045,99.44284045518468,99.59273236406648,1468.013090725345,0.0011415875808511444,99.52102562790596,99.29848538937895,0.20908126671186267
2025-05-26 22:50:00,99.59273236406648,99.81088934800138,99.54608137084968,99.74207231982926,2187.5798810876445,0.001499506562555819,99.56523496629062,99.33881147396534,0.20062139795786038
2025-05-27 02:50:00,99.74207231982926,100.27286843559628,99.73970977294084,100.19648145978633,4061.0327614041494,0.004555842177611513,99.69148426498977,99.41678147267633,0.22325820319607764
2025-05-27 06:50:00,100.19648145978633,100.65827622773323,100.17035956106977,100.58795047616633,2444.132073458866,0.003907013606432086,99.87077750722509,99.52325138208451,0.24163845908174356
2025-05-27 10:50:00,100.58795047616633,100.91789597402169,100.54473751868922,100.90863005617008,8542.660525157917,0.003188051635267586,100.0783480170141,99.64919489791046,0.2463762386356793
2025-05-27 14:50:00,100.90863005617008,101.12531838141038,100.8767277595802,101.07568065767634,4801.620474523824,0.00165546397184535,100.27781454514655,99.77887542152554,0.2552073086677292
2025-05-27 18:50:00,101.07568065767634,101.1299867098909,100.99709608114918,101.05524533641793,1215.694397958499,-0.00020217841844294426,100.43330070340083,99.89490905015212,0.25895261977231093
2025-05-27 22:50:00,101.05524533641793,101.13379541779744,100.9511387217027,101.04249923494541,2473.667394824661,-0.000126130033429539,100.55514040970975,99.99923543058787,0.26184856286080355
2025-05-28 02:50:00,101.04249923494541,101.06798751399961,101.0012204275211,101.02525700679574,3877.602348542768,-0.0001706433261273732,100.64916372912695,100.09251011933404,0.24557055546989556
2025-05-28 06:50:00,101.02525700679574,101.11009464946206,100.71415085309562,100.77236389011242,6179.823465468746,-0.0025032662541636386,100.67380376132405,100.15431500758662,0.25740681475309757
2025-05-28 10:50:00,100.77236389011242,100.99403991017559,100.7634852228542,100.92959046170064,4048.9606888684175,0.001560215177245139,100.72496110139937,100.22479459432425,0.2663688521331754
2025-05-28 14:50:00,100.92959046170064,100.9838614963304,100.67543447596067,100.70154559135396,2402.8081698675574,-0.0022594451171702445,100.72027799939029,100.26813559405423,0.27111878933273303
2025-05-28 18:50:00,100.70154559135396,100.8825071236637,100.64749969174794,100.8145822277446,3566.4951850231787,0.0011224915737573227,100.73913884506116,100.31781256075335,0.2761396997371455
2025-05-28 22:50:00,100.8145822277446,100.93953354629949,100.75076215521781,100.88275073813733,5768.276161772128,0.0006761770855603366,100.7678612236764,100.36917057687917,0.2733765566230732
2025-05-29 02:50:00,100.88275073813733,101.22509384495041,100.81336003416577,101.1725622674638,3246.5544050912144,0.0028727560183081646,100.84880143243389,100.44220618511413,0.29002749519913146
2025-05-29 06:50:00,101.1725622674638,101.22116893681631,100.99486538244072,101.03034738265886,1492.7967978947686,-0.001405666532680816,100.88511062247889,100.4956735667091,0.2872771792865519
2025-05-29 10:50:00,101.03034738265886,101.38473533783645,101.01666017386832,101.30336435258684,6479.972860156119,0.002702326350456863,100.96876136850048,100.5691000017889,0.27548550080888695
2025-05-29 14:50:00,101.30336435258684,101.33003387349946,100.92127036710478,100.94467875673865,8350.987823911964,-0.0035407076373078494,100.96394484614812,100.60324352496615,0.2698317036468317
2025-05-29 18:50:00,100.94467875673865,100.98207705006253,100.8610033759921,100.95901797354881,1500.808348496582,0.00014205024956992496,100.96295947162827,100.63558665665548,0.2518256478424001
2025-05-29 22:50:00,100.95901797354881,101.05645578076555,100.6596212649531,100.67370493606813,1658.1313564296586,-0.0028260282558951744,100.90510856451624,100.6390519547839,0.2624144974125621
2025-05-30 02:50:00,100.67370493606813,100.77216546686444,100.50470752319553,100.51750509912236,2056.428598542681,-0.0015515455306325254,100.82758787143747,100.62800224063284,0.27202644847878943
2025-05-30 06:50:00,100.51750509912236,100.52693529124336,100.35537754606034,100.42603273950976,3613.256122737295,-0.0009100142261031507,100.74727684505194,100.60964137689437,0.2712336662708097
2025-05-30 10:50:00,100.42603273950976,100.42875736404778,100.29213312480135,100.32749349031529,3025.728498906759,-0.0009812122067001106,100.66332017410461,100.58399156902354,0.27622346289708993
2025-05-30 14:50:00,100.32749349031529,100.42293203828804,100.24189750635998,100.34737487448207,1816.1326835556174,0.00019816486463608562,100.60013111418012,100.56248096042886,0.2608728011514917
2025-05-30 18:50:00,100.34737487448207,100.4256160866381,100.28254793973066,100.34765974272699,2623.593787717002,2.8388210979723993e-06,100.5496368398895,100.5429517588196,0.25462376255049535
2025-05-30 22:50:00,100.34765974272699,100.47164883339778,100.3169177096221,100.42360034796951,1322.8255419123718,0.0007567750502326387,100.52442954150551,100.53210163056049,0.24364548422234833
2025-05-31 02:50:00,100.42360034796951,100.53796912547566,100.37352575095542,100.46217446722565,4568.436047765098,0.0003841140839651036,100.51197852664954,100.52574461571187,0.23860519440838196
2025-05-31 06:50:00,100.46217446722565,100.65130067026932,100.45945959612428,100.58125714602464,3823.8716686284783,0.0011853484102899436,100.52583425052457,100.53079120937666,0.23882445748433717
2025-05-31 10:50:00,100.58125714602464,100.81085643634408,100.49262746828533,100.7341510489242,2986.372824004389,0.0015201033198222191,100.5674976102045,100.54927846751734,0.23214554014677344
2025-05-31 14:50:00,100.7341510489242,101.17531437387993,100.64066505272118,101.09143721870488,2339.859640289558,0.0035468226620301024,100.67228553190458,100.59856562671621,0.2541702377741422
2025-05-31 18:50:00,101.09143721870488,101.29535799568555,101.0583060970477,101.23549083669616,5622.89681668827,0.0014249833809329981,100.7849265928629,100.65646791853257,0.2448114331076933
2025-05-31 22:50:00,101.23549083669616,101.25930378251554,101.222543297987,101.23905804160617,1353.5609275067031,3.5236702865093505e-05,100.87575288261156,100.7094306569938,0.21823978868868363
2025-06-01 02:50:00,101.23905804160617,101.30831612189843,100.94767194698026,100.99253962274138,1406.2074458146024,-0.002435012964694727,100.89911023063753,100.73516783569812,0.2353519673206646
2025-06-01 06:50:00,100.99253962274138,101.01966776392172,100.78001116264886,100.85410687543046,3815.306367041632,-0.001370722509088651,100.89010955959613,100.74598047567379,0.22412497342497975
2025-06-01 10:50:00,100.85410687543046,100.90243539102116,100.54735064307681,100.5916109121797,1328.7656513459242,-0.0026027295405528506,100.83040983011284,100.7319468789925,0.23038403087322581
2025-06-01 14:50:00,100.5916109121797,100.65435468630163,100.5356177706363,100.5954199940418,2374.523501287477,3.786679453243735e-05,100.78341186289865,100.71953534399698,0.2266111144791044
2025-06-01 18:50:00,100.5954199940418,100.67751843015938,100.53763268260103,100.60969082545755,5611.68319217394,0.00014186362974166755,100.74866765541043,100.70954947867521,0.22684407935852743
2025-06-01 22:50:00,100.60969082545755,101.04596825186111,100.5961143773194,100.98944223939192,5371.669413304233,0.0037745013509005165,100.79682257220674,100.734994275104,0.2460454609737884
2025-06-02 02:50:00,100.98944223939192,101.05533473534658,100.88636295011469,100.92585016771783,2731.552804779192,-0.0006296902949850525,100.82262809130896,100.75234481079616,0.24789572085410633
2025-06-02 06:50:00,100.92585016771783,101.1188056747434,100.91903369898976,101.0650158198494,3470.0283380192973,0.0013788900653333158,100.87110563701705,100.78076944798282,0.25111292456681766
2025-06-02 10:50:00,101.0650158198494,101.36820314407335,101.0620284826421,101.3015190813948,4012.219483498423,0.0023401100729749658,100.95718832589262,100.82811032374754,0.2612365879176041
2025-06-02 14:50:00,101.3015190813948,101.32967273519242,101.08609624969367,101.10099230433565,3038.6319207489496,-0.001979504146409017,100.98594912158123,100.85291777652827,0.2649319744428687
2025-06-02 18:50:00,101.10099230433565,101.16943951656465,100.91185665657862,100.91582869214517,5722.91190642264,-0.0018314717587845086,100.97192503569403,100.85863695067526,0.26060010958053176
2025-06-02 22:50:00,100.91582869214517,100.97132752122134,100.61321383850213,100.61670853157156,1735.9116808311383,-0.002964055931068077,100.90088173486954,100.83664345802947,0.24799042112056416
2025-06-03 02:50:00,100.61670853157156,100.9716282628484,100.59336006564148,100.9350822503008,1798.5314023801657,0.003164223153149015,100.9077218379558,100.84559243914504,0.2580772995897839
2025-06-03 06:50:00,100.9350822503008,101.03179454398335,100.43394167376302,100.51157457916598,1969.0377990898457,-0.004195842136281103,100.82849238619785,100.81522717914694,0.2981553271391978
2025-06-03 10:50:00,100.51157457916598,100.56890032768835,100.45748498248305,100.46941338447452,1621.4517300374127,-0.0004194660651569704,100.7566765858532,100.78378956144945,0.28035326787399334
2025-06-03 14:50:00,100.46941338447452,100.6801856064484,100.44125318045658,100.58835006197238,2901.193644346816,0.0011838098132683772,100.72301128107704,100.76602233422426,0.28030154106820504
2025-06-03 18:50:00,100.58835006197238,100.81246260406108,100.49781067469019,100.71615421226115,2425.3807817936636,0.0012705661262961687,100.72163986731387,100.76148886859124,0.2774134825986729
2025-06-03 22:50:00,100.71615421226115,101.12023858593162,100.6968375963072,101.07363963470533,3049.9851464611197,0.00354943479762726,100.79203982079217,100.78986621096524,0.29917520216717924
2025-06-04 02:50:00,101.07363963470533,101.13587091695723,100.92966074714045,100.98467158150513,3509.724054243441,-0.0008802300334859181,100.83056617293477,100.80757579010523,0.3039126608999244
2025-06-04 06:50:00,100.98467158150513,101.07589563206832,100.90548027436681,101.07189178832705,2843.7525334003826,0.0008636974845388501,100.87883129601323,100.8316045172163,0.28395276683991
2025-06-04 10:50:00,101.07189178832705,101.36867074419534,100.9855569985762,101.31776304822951,2605.7467199724383,0.0024326373589342865,100.9666176464565,100.87580074730842,0.29924862115328515
2025-06-04 14:50:00,101.31776304822951,101.39066759479635,101.30288060676051,101.37355094496594,2208.8698280586623,0.000550623060142641,101.04800430615839,100.92105076527729,0.2912496934591573
2025-06-04 18:50:00,101.37355094496594,101.39111667957776,100.97724919342669,101.06717668699936,1661.4300747134885,-0.0030222307013089145,101.05183878232658,100.9343349399793,0.2989420380820026
2025-06-04 22:50:00,101.06717668699936,101.19530591596849,101.04715071628108,101.1479123298352,3820.7918109087514,0.0007988314849822764,101.07105349182831,100.95375106632983,0.2921262319526211
2025-06-05 02:50:00,101.1479123298352,101.69603689226946,101.10487069036928,101.64907783974412,1877.1843500612058,0.004954778584798314,101.18665836141147,101.01696259118567,0.31595361351791745
2025-06-05 06:50:00,101.64907783974412,101.74160954844682,101.41723805962954,101.44813670151093,2385.9776706522675,-0.001976812210239487,101.23895402943137,101.05616023757888,0.31354345681063683
2025-06-05 10:50:00,101.44813670151093,101.52913199296555,101.3621924808953,101.48882296868827,1012.2593116660839,0.000401054849307414,101.28892781728275,101.09549321313428,0.29844855072944554
2025-06-05 14:50:00,101.48882296868827,101.53251104272735,101.27344704274469,101.32018087773798,4401.421144088086,-0.001661681414930949,101.2951784293738,101.11591936446189,0.2742493457124685
2025-06-05 18:50:00,101.32018087773798,101.43678381506604,101.2380675433837,101.37860398618663,2824.4473884865047,0.0005766186750015834,101.31186354073638,101.13979978461869,0.2804851261751133
2025-06-05 22:50:00,101.37860398618663,101.43994418989479,101.24981802925112,101.35063543874156,2191.804787793091,-0.00027588215210461176,101.31961792033742,101.15896666226622,0.2769989643645313
2025-06-06 02:50:00,101.35063543874156,101.41914712336144,101.35021357097865,101.3780508427108,3973.115611280478,0.0002705005632235302,101.33130450481211,101.178883405943,0.2594476517225236
2025-06-06 06:50:00,101.3780508427108,101.44046732141545,101.1093225105114,101.18802772894443,5861.708099635997,-0.001874400939718135,101.30264914963858,101.17971470803404,0.25285792467106916
2025-06-06 10:50:00,101.18802772894443,101.35959331914853,101.1812933117248,101.2782331988264,1580.158263340395,0.0008914638609580638,101.29776595947615,101.18867093446971,0.25086434164299376
2025-06-06 14:50:00,101.2782331988264,101.28007292211957,100.96002445904593,101.01256877571852,1526.5267018807042,-0.002623114708037333,101.24072652272463,101.1726616473105,0.26155242059814604
2025-06-06 18:50:00,101.01256877571852,101.0125752524924,100.77319335333875,100.82691245403434,4686.375229691961,-0.001837952681872701,101.15796370898657,101.14122990246722,0.25128586013632465
2025-06-06 22:50:00,100.82691245403434,100.95562486825979,100.82526778220054,100.91981697712681,6574.069004325434,0.000921425845850754,101.11033436261462,101.12110145470899,0.2543265814237107
2025-06-07 02:50:00,100.91981697712681,101.01126233493146,100.82342307758279,100.90119034221794,4620.695313728236,-0.00018456865526317312,101.06850555853529,101.10110953539161,0.23818170793782453
2025-06-07 06:50:00,100.90119034221794,101.04965681617851,100.85967694128588,101.03842168663466,3857.4519216182925,0.0013600567441403033,101.06248878415518,101.09541064005008,0.24116918473819737
2025-06-07 10:50:00,101.03842168663466,101.14904715605917,101.03693503380262,101.10964610346895,3331.7991857492284,0.0007049240837824211,101.07192024801793,101.09670477308815,0.2069510361922237
2025-06-07 14:50:00,101.10964610346895,101.14248758218284,100.87675573620683,100.88683432678833,1630.7721247751128,-0.0022036648852732377,101.03490306377202,101.07762564160635,0.20276249027499002
2025-06-07 18:50:00,100.88683432678833,100.89882327304338,100.4180551386361,100.50596170470499,1392.0475784122202,-0.0037752460430033885,100.92911479195863,101.02565619279713,0.22517882044192053
2025-06-07 22:50:00,100.50596170470499,100.5944199455011,100.12485246831773,100.18457024617979,4781.901204794636,-0.0031977352693711714,100.78020588280286,100.94919383401373,0.24021478309911462
2025-06-08 02:50:00,100.18457024617979,100.22494234852142,100.16915102196288,100.20506139899426,2418.8614817512675,0.00020453401920206282,100.66517698604115,100.88154543083013,0.230005858447416
2025-06-08 06:50:00,100.20506139899426,100.2531534419946,100.13621424475366,100.20774204576195,3395.507938353121,2.675161045018193e-05,100.57368999798531,100.82029057764211,0.2247782182043636
2025-06-08 10:50:00,100.20774204576195,100.37273256289859,100.13142308261352,100.31453435290547,1604.4387446163687,0.001065709145454674,100.52185886896935,100.77431273902968,0.2370907844830979
2025-06-08 14:50:00,100.31453435290547,100.36960747807356,100.10454717711936,100.16188012425111,2820.533069111408,-0.0015217558416542598,100.44986312002571,100.71863704677708,0.2323704623438232
2025-06-08 18:50:00,100.16188012425111,100.30141843007378,100.14444860391018,100.29090521427287,1789.746104091082,0.0012881656161176647,100.41807153887515,100.67975233473123,0.2308468779680999
2025-06-08 22:50:00,100.29090521427287,100.33567166892358,100.10962464804678,100.17852391447232,5139.710202858575,-0.0011205532501720183,100.37016201399459,100.63418611470769,0.2241324892397541
2025-06-09 02:50:00,100.17852391447232,100.25404625873294,99.93671881052151,100.00018859381854,2045.9174097607747,-0.0017801751681432165,100.29616732995939,100.57654997644504,0.22970002845816748
2025-06-09 06:50:00,100.00018859381854,100.3709576707034,99.92516170048341,100.27928513205299,5616.476870913158,0.002790960118766339,100.29279089037811,100.54952589968212,0.25223137732679185
2025-06-09 10:50:00,100.27928513205299,100.4241733406806,100.21009212251234,100.39631869465566,3624.6892625260466,0.0011670761558437714,100.31349645123363,100.53559797195244,0.2541058030996197
2025-06-09 14:50:00,100.39631869465566,100.47903019533129,99.9291322275343,99.9446656941156,2767.9409841817815,-0.004498700813061807,100.23973029981003,100.48187685578546,0.2798142383070744
2025-06-09 18:50:00,99.9446656941156,100.02788522635859,99.81175393570166,99.83449226249037,4385.822127060409,-0.0011023442908140169,100.1586826923461,100.42302371094044,0.28724417890710185
2025-06-09 22:50:00,99.83449226249037,99.90985769776273,99.59027642957473,99.62651750772633,2207.2548451622424,-0.002083195397210247,100.05224965542216,100.3506140561028,0.29109056620795876
2025-06-10 02:50:00,99.62651750772633,100.00291097808929,99.60743783754612,99.933693195976,858.4299929018846,0.0030832723649689697,100.02853836353293,100.31271215972764,0.2849980666462376
2025-06-10 06:50:00,99.933693195976,99.94579069838264,99.75676567803909,99.81413079340109,3156.5143171208492,-0.0011964173318447235,99.98565684950657,100.26738658097068,0.26495931972910725
2025-06-10 10:50:00,99.81413079340109,99.82987488529666,99.75899865073433,99.78196850481962,1854.791348476478,-0.0003222217969121033,99.94491918056919,100.22325766495695,0.2660368131579491
2025-06-10 14:50:00,99.78196850481962,99.79078397189177,99.19065174282521,99.25792207655161,5037.9585498647475,-0.005251915111723737,99.80751975976568,100.13549988419282,0.3005506011454934
2025-06-10 18:50:00,99.25792207655161,99.53906795578196,99.18050479383739,99.5035705985087,8214.720051866974,0.002474850539059714,99.7467299275143,100.07805176731245,0.3089258641211724
2025-06-10 22:50:00,99.5035705985087,99.64105072031994,99.45578351208735,99.58622290839935,1733.2432943546007,0.0008306466732148632,99.71462852369132,100.0333400528658,0.30322635749819987
2025-06-11 02:50:00,99.58622290839935,99.60684027639253,99.44683237947336,99.5032388538555,2074.1337887126724,-0.0008332885023681902,99.67235058972416,99.98514903477395,0.3034433625521688
2025-06-11 06:50:00,99.5032388538555,99.57619353096771,99.06490318304208,99.14662009694315,3400.0813965886127,-0.0035839914461089917,99.56720449116797,99.90891913133478,0.32381788591279964
2025-06-11 10:50:00,99.14662009694315,99.2055167925323,99.01877576618574,99.06095888216814,1604.3345524632105,-0.0008639852240173163,99.465955369368,99.831831835956,0.3144902843510228
2025-06-11 14:50:00,99.06095888216814,99.099316436557,98.85398524178694,98.8707325778662,2906.2680557597996,-0.001920295406469874,99.34691081106764,99.74445917612965,0.30017137181888487
2025-06-11 18:50:00,98.8707325778662,99.09839612797971,98.82058857880561,99.04017625513079,3537.995705654744,0.0017137900453112476,99.28556389988027,99.68043345603884,0.3047232526050162
2025-06-11 22:50:00,99.04017625513079,99.14460660553573,99.03876036290775,99.13449636143352,2547.0285770957494,0.0009523418663932581,99.25535039219093,99.63080281107472,0.2730052722358006
2025-06-12 02:50:00,99.13449636143352,99.47338711005415,99.07285335177892,99.46670848020965,3035.2386428988707,0.003351125299158486,99.29762200979468,99.61588514463243,0.28617687706567907
2025-06-12 06:50:00,99.46670848020965,99.69163413386654,99.4282672562047,99.66337208536896,1579.754002718875,0.001977180185855243,99.37077202490954,99.62020213924484,0.2821615634566673
2025-06-12 10:50:00,99.66337208536896,99.87683495961608,99.64901286242907,99.86816135798951,3669.401575009965,0.0020548097895496387,99.47024989152554,99.64274388640344,0.2701864889312264
2025-06-12 14:50:00,99.86816135798951,99.88136442795056,99.62898558967645,99.65792051760559,8613.167421060585,-0.0021051838496383146,99.50778401674155,99.64412358014908,0.2747117616405522
2025-06-12 18:50:00,99.65792051760559,99.68649344911503,99.44603620020227,99.48863356827906,4197.542473594959,-0.0016986803301461961,99.50395392704907,99.62998812452453,0.2868246912370113
2025-06-12 22:50:00,99.48863356827906,99.48991916426557,98.87015342230885,98.95992753970233,2394.596991246155,-0.005314235502228204,99.39514864957972,99.56907352590433,0.28822708501488037
2025-06-13 02:50:00,98.95992753970233,99.04471541538305,98.86178450078322,98.92123446187567,2470.1000069406423,-0.00039099743490755845,99.30036581203892,99.51017906553808,0.2756819244902563
2025-06-13 06:50:00,98.92123446187567,98.95277274629157,98.86464922252314,98.87673599684958,3037.8876531411343,-0.00044983734046755153,99.21563984900106,99.45259333202094,0.26874308988567364
2025-06-13 10:50:00,98.87673599684958,98.91219104824901,98.83902647734084,98.88350490870474,1322.8031626627028,6.845808356148453e-05,99.1492128609418,99.40085802081038,0.2625399951706027
2025-06-13 14:50:00,98.88350490870474,98.91803288984177,98.61347877854872,98.69822018019346,2876.9929112305094,-0.0018737678107419997,99.05901432479214,99.33698185348156,0.24777312112541747
2025-06-13 18:50:00,98.69822018019346,98.78444005510897,98.61091547248428,98.76198485941924,1765.196083297078,0.0006460570323292281,98.99960843171758,99.28470939947589,0.24682908943099896
2025-06-13 22:50:00,98.76198485941924,98.81290542399041,98.57421355372396,98.63864993560657,1841.7010292554753,-0.0012488096911806856,98.92741673249537,99.22597672094231,0.2463548519664554
2025-06-14 02:50:00,98.63864993560657,98.6746056084909,98.25940632129705,98.32747137458922,2259.966832382211,-0.0031547325639643686,98.80742766091416,99.1442944167284,0.25616854753929424
2025-06-14 06:50:00,98.32747137458922,98.47279748935841,98.29217439999483,98.45080670269668,3451.602484180897,0.0012543323486637892,98.73610346927067,99.08125007908914,0.26150975087755157
2025-06-14 10:50:00,98.45080670269668,98.59497894962612,98.38240795317358,98.50710265986736,5028.40541036727,0.0005718181400045097,98.69030330739001,99.02905485915988,0.24808383931878808
2025-06-14 14:50:00,98.50710265986736,98.57571936808918,98.00262781594768,98.07417908958351,1755.126044980298,-0.004394846245541095,98.56707846382872,98.94224797101657,0.27020703035305005
2025-06-14 18:50:00,98.07417908958351,98.40796052012749,98.03608149839432,98.37393856541311,2240.0877853806414,0.003056456639374927,98.52845048414561,98.89058347959806,0.280496810677776
2025-06-14 22:50:00,98.37393856541311,98.40990469736612,98.14385749533605,98.14934402291898,2992.915073073245,-0.0022830695382272115,98.45262919190029,98.82319807444541,0.2814731223746299
2025-06-15 02:50:00,98.14934402291898,98.683444511927,98.10081915873741,98.6092634141215,2088.486487904015,0.004685914060669871,98.48395603634454,98.80374946896141,0.30591370125154577
2025-06-15 06:50:00,98.6092634141215,98.66557851091385,98.51730707622806,98.64085963525682,5818.858996240991,0.00032041838709040427,98.515336756127,98.788941302261,0.2722355364464783
2025-06-15 10:50:00,98.64085963525682,98.71458617762923,98.58092803239337,98.62375442094367,2992.2261929639594,-0.00017340901505114026,98.53702028909034,98.77392431305033,0.2687160529204797
2025-06-15 14:50:00,98.62375442094367,98.63304404698074,98.40450077910934,98.49047997745089,6994.018798716458,-0.0013513422225231997,98.52771222676245,98.74815664617765,0.2787460346421205
2025-06-15 18:50:00,98.49047997745089,98.83587153889039,98.3933973372965,98.82415836036526,3037.671665132942,0.0033879252389750203,98.58700145348301,98.75506589292198,0.30512529397681376
2025-06-15 22:50:00,98.82415836036526,98.89592022713255,98.70970880836656,98.7879702992286,5576.589914631845,-0.00036618638334051656,98.62719522263214,98.75805720258622,0.2966722445105958
2025-06-16 02:50:00,98.7879702992286,98.85687094869814,98.70649063772477,98.85219808024951,2802.342485871012,0.0006501579172681904,98.67219579415561,98.76661546419197,0.29501908224978735
2025-06-16 06:50:00,98.85219808024951,98.90583764787911,98.67644282500562,98.7663178798158,2441.0864136779546,-0.0008687738067694184,98.69102021128765,98.76658841106686,0.2943550074360043
2025-06-16 10:50:00,98.7663178798158,98.81695257184624,98.51796615146986,98.57041559188396,5862.364242638926,-0.0019834928762882953,98.66689928740692,98.74875451841388,0.2860540883776141
2025-06-16 14:50:00,98.57041559188396,98.66356327179727,98.37990907505566,98.42627270676523,2997.368879314195,-0.0014623341522219668,98.61877397127859,98.71943799008217,0.29341345319033046
2025-06-16 18:50:00,98.42627270676523,98.45363826034028,98.2288130852317,98.24694782078251,1030.3949512669592,-0.0018219209267120728,98.54440874117938,98.67648433832765,0.2942887516657616
2025-06-16 22:50:00,98.24694782078251,98.39332920437359,98.16387475470898,98.3491294646897,2068.062845195228,0.0010400490414581576,98.50535288588145,98.64672480436056,0.26974324434598274
2025-06-17 02:50:00,98.3491294646897,98.53143311745953,98.29607038823244,98.51043479323192,3244.004292622483,0.0016401297034371876,98.50636926735154,98.63433480334886,0.25999208059554896
2025-06-17 06:50:00,98.51043479323192,98.5711745842407,98.46584675010094,98.52937328735574,4780.352194565338,0.00019224860963773516,98.51097007135239,98.62479284734948,0.2485121257462412
2025-06-17 10:50:00,98.52937328735574,98.60660057170209,98.43055754958485,98.43490730438734,16889.827886439467,-0.000958759604538395,98.49575751795939,98.607530525262,0.21947053066964525
2025-06-17 14:50:00,98.43490730438734,98.85052094831167,98.41024368809373,98.83079836085781,3696.8885791143866,0.004021856344581742,98.56276568653908,98.62782760122526,0.24032808963622795
2025-06-17 18:50:00,98.83079836085781,98.86096901709696,98.75076654725437,98.83838686762735,3500.6518787601653,7.678281361078731e-05,98.61788992275675,98.64696935271635,0.23865268425099476
2025-06-17 22:50:00,98.83838686762735,98.92602030095442,98.5104520085818,98.6060495385256,1475.9893372886002,-0.002350679088003682,98.61552184591052,98.6432493696081,0.25201161457251076
2025-06-18 02:50:00,98.6060495385256,98.69585757865389,98.31225517312028,98.40927506881293,2651.5577868181267,-0.0019955618406128917,98.57427249049101,98.62197897862671,0.24780648628249122
2025-06-18 06:50:00,98.40927506881293,98.55037687229569,98.39025379952248,98.4946565187409,2070.7815803398144,0.0008676158814122648,98.558349296141,98.61040420954619,0.24594303299729198
2025-06-18 10:50:00,98.4946565187409,98.58017948649115,98.45852446939915,98.49210225677726,3911.1640014632885,-2.593300036690671e-05,98.54509988826825,98.59964948656719,0.24389122629147916
2025-06-18 14:50:00,98.49210225677726,98.4991371878041,98.29876680148698,98.30640196933315,7650.264134034094,-0.0018854332803250884,98.49736030448125,98.57299062136408,0.2418180522517385
2025-06-18 18:50:00,98.30640196933315,98.38470633610264,98.07439086584971,98.16988290602826,4564.75056814411,-0.0013887097947850036,98.43186482479065,98.53634446542446,0.24262727010006355
2025-06-18 22:50:00,98.16988290602826,98.52211496913029,98.13724885372349,98.4845652522463,2708.167450228317,0.003205487639414528,98.44240491028178,98.53163726422645,0.24985669286186254
2025-06-19 02:50:00,98.4845652522463,98.89246896031769,98.42329977551157,98.8207845658198,6158.949042023337,0.003413929002096472,98.51808084138939,98.55792338255311,0.267309836411687
2025-06-19 06:50:00,98.8207845658198,98.88530085574493,98.57149477048263,98.57321231725639,5502.39756477531,-0.002505264956670361,98.5291071365628,98.55931328570796,0.27333495324009405
2025-06-19 10:50:00,98.57321231725639,98.78379531050035,98.49751110556419,98.72351132678955,4328.085465442098,0.0015247449687387782,98.56798797460816,98.57424038035174,0.27697220150502794
2025-06-19 14:50:00,98.72351132678955,98.72513789578326,98.49137969486189,98.524983270338,5405.358478538398,-0.0020109501149568887,98.55938703375413,98.56976246125957,0.2861457991322861
2025-06-19 18:50:00,98.524983270338,98.60638788942455,98.27648095214428,98.30477413811909,2385.15560322794,-0.0022350588136076377,98.50846445462713,98.54567261370134,0.2971360787867882
2025-06-19 22:50:00,98.30477413811909,98.39979227133476,98.27183846162396,98.28821249735324,1809.9914547307058,-0.00016847239527328917,98.46441406317236,98.52226714857878,0.2748272608934213
2025-06-20 02:50:00,98.28821249735324,98.34009881987913,98.23442558303569,98.3104462167703,3300.284730696909,0.0002262094187301944,98.43362049389195,98.50301070023255,0.2745037442506251
2025-06-20 06:50:00,98.3104462167703,98.34003559855914,98.01044901980143,98.07091272542287,9498.627799193904,-0.0024365009067222054,98.36107894019814,98.46372906615893,0.2683621932781313
2025-06-20 10:50:00,98.07091272542287,98.16350385181741,97.95631351293643,98.01700824120107,2012.041678556768,-0.0005496480324673758,98.29226480039873,98.42311808207185,0.25576133137437196
2025-06-20 14:50:00,98.01700824120107,98.05698640606428,97.76769402502231,97.86106805687415,1296.5168506211385,-0.001590950255726864,98.20602545169382,98.3720226252357,0.26498771053642706
2025-06-20 18:50:00,97.86106805687415,97.8808890125324,97.58902995878118,97.657200993206,3408.527681389374,-0.002083229497859773,98.09626055999627,98.30703884050573,0.27714514172637195
2025-06-20 22:50:00,97.657200993206,97.96810885139139,97.59691519076651,97.95174224119404,2886.893923172847,0.003016073008364595,98.06735689623582,98.27473914965921,0.28934680417692654
2025-06-21 02:50:00,97.95174224119404,98.21634580198346,97.9444900892543,98.17815631620834,4976.976909681103,0.0023114859402579846,98.08951678023033,98.26595889207277,0.2865996786395146
2025-06-21 06:50:00,98.17815631620834,98.69750997759496,98.11322937570863,98.69643770165165,3289.964722140126,0.005278988778053995,98.2109009645146,98.30509332930721,0.3008435705309103
2025-06-21 10:50:00,98.69643770165165,98.77533195910085,98.41564997263765,98.47896048930149,5244.916383862988,-0.002203496067482935,98.26451286947197,98.32089943476123,0.29302305636355896
2025-06-21 14:50:00,98.47896048930149,98.48543843406591,97.98345962846517,98.06720310900724,4685.373919519322,-0.004181171066879652,98.22505091737904,98.29783613241996,0.306463964959162
2025-06-21 18:50:00,98.06720310900724,98.29228611679183,97.970475480546,98.22596049392732,2969.9304176120245,0.0016188631865396985,98.2252328326887,98.29130198346608,0.3090015671955665
2025-06-21 22:50:00,98.22596049392732,98.24492648811831,98.0314660282219,98.08519416173165,1622.0870782872682,-0.0014330868488109383,98.1972250984973,98.27256490876294,0.3075517285509264
2025-06-22 02:50:00,98.08519416173165,98.16321604177293,97.7100225159572,97.79419065863931,1487.9786772129592,-0.0029668443395494126,98.1166182105257,98.22907634056989,0.31635791344631564
2025-06-22 06:50:00,97.79419065863931,97.87108577399967,97.64096615221419,97.69059603041059,4147.812433642768,-0.0010593127007956227,98.03141377450268,98.18012358510086,0.32365547145164947
2025-06-22 10:50:00,97.69059603041059,97.70065752429204,97.57837828757646,97.62147926864529,1802.841410914292,-0.0007075068079611668,97.9494268733312,98.12933773815035,0.3248416142996596
2025-06-22 14:50:00,97.62147926864529,97.83395709780302,97.59022888971607,97.80725529500799,2733.7546455249326,0.0019030240860360426,97.92099255766657,98.1000575160465,0.3187088735374622
2025-06-22 18:50:00,97.80725529500799,98.18305299328229,97.7775938570209,98.09439529499018,2249.7332143214203,0.0029357740294020385,97.9556731051313,98.09954276867775,0.33287093049320554
2025-06-22 22:50:00,98.09439529499018,98.19031295057269,97.70726588772337,97.74806113391847,4670.236121786123,-0.003530621296254588,97.91415071088873,98.06758989279054,0.3467105506223019
2025-06-23 02:50:00,97.74806113391847,97.7572100210044,97.60643654519271,97.63230106948794,2415.150590880834,-0.0011842696733589397,97.85778078260859,98.0280181815812,0.33663300934090656
2025-06-23 06:50:00,97.63230106948794,97.81137066308814,97.62002252562138,97.75747821107527,2233.3286095228214,0.0012821283552277851,97.83772026830192,98.00342363880793,0.32378690054389786
2025-06-23 10:50:00,97.75747821107527,97.84997797137765,97.66355133634907,97.74087049690672,1780.2091403668892,-0.00016988689226093978,97.8183503140229,97.97955517136236,0.3176848235652849
2025-06-23 14:50:00,97.74087049690672,97.74274323273688,97.52957955767815,97.59867656684158,2902.816310810649,-0.0014548052349262486,97.77441556458663,97.94492984367865,0.291176471649028
2025-06-23 18:50:00,97.59867656684158,97.5989056185005,97.53465301142722,97.56899290418495,3535.4602050485178,-0.00030414001194256635,97.7333310325063,97.91075375827013,0.2700743731211759
2025-06-23 22:50:00,97.56899290418495,97.66340529481843,97.23314763804773,97.30825100197552,2989.663797103322,-0.0026723848883577483,97.64831502640016,97.85598078042517,0.2649514339190304
2025-06-24 02:50:00,97.30825100197552,97.35243377828523,97.02450651743479,97.05889261769688,2015.3734102351082,-0.0025625615681199587,97.53043054465951,97.78351822017714,0.26538833567650294
2025-06-24 06:50:00,97.05889261769688,97.12997319442276,97.02247481302642,97.06872788800767,1625.6613927401893,0.00010133301591985777,97.43809001332914,97.71853728088901,0.2578196157836408
2025-06-24 10:50:00,97.06872788800767,97.08671226617994,96.9710563390409,96.99739368096417,2015.045891932736,-0.0007348835056930625,97.34995074685615,97.65297877180492,0.2337097873067354
2025-06-24 14:50:00,96.99739368096417,97.05141848344904,96.85764910081814,96.91759363132529,2952.7928822183544,-0.0008227030295406834,97.26347932374999,97.58612557721587,0.2311133416528374
2025-06-24 18:50:00,96.91759363132529,97.35057758309426,96.91124161932768,97.31407220887601,6699.805491947923,0.004090883426789649,97.2735979007752,97.56139345282133,0.25376025072790853
2025-06-24 22:50:00,97.31407220887601,97.33809624334216,97.14962030787062,97.18997111734323,6457.817030022794,-0.001275263574073926,97.25687254408882,97.52762778595968,0.24981365982680817
2025-06-25 02:50:00,97.18997111734323,97.47241144595515,97.15492990101326,97.4462291032102,1720.7701534298417,0.0026366710774876623,97.2947438559131,97.52022790570973,0.24352954616112957
2025-06-25 06:50:00,97.4462291032102,97.53307763026663,97.06223516962649,97.1556961484587,2564.0836519939958,-0.0029814694465373215,97.26693431442223,97.48708865505054,0.2426577888604738
2025-06-25 10:50:00,97.1556961484587,97.24331636765312,97.103772955035,97.23280106697266,2192.9147262111014,0.0007936222122904013,97.26010766493232,97.46397160158891,0.24185564148950484
2025-06-25 14:50:00,97.23280106697266,97.29744715369426,97.19963332705059,97.22973835079517,1538.465997416283,-3.149879612507345e-05,97.2540338021049,97.44267766969857,0.23517461928785569
2025-06-25 18:50:00,97.22973835079517,97.256748742398,96.94345549681297,97.01866038717675,5475.397912734404,-0.002170919794691528,97.20695911911928,97.40413064401477,0.24423652004188767
2025-06-25 22:50:00,97.01866038717675,97.10555602504358,97.01723644046,97.07955241592803,5439.703132038996,0.0006276321329141687,97.18147777848104,97.37462353237052,0.23531908500794835
2025-06-26 02:50:00,97.07955241592803,97.14937612130007,97.07319751832006,97.11212580583276,5520.232313545655,0.0003355329633698556,97.16760738395139,97.35076010268527,0.23617094185842952
2025-06-26 06:50:00,97.11212580583276,97.11544306873685,96.99933955346076,97.09078782213774,1771.3706079786355,-0.0002197252250216719,97.15224347158866,97.32712625899913,0.2137313603231001
2025-06-26 10:50:00,97.09078782213774,97.13191352687258,96.90560832298722,96.92981986076947,4379.689161045829,-0.0016579117852369984,97.10775874942483,97.2910074955237,0.20647264196845125
2025-06-26 14:50:00,96.92981986076947,96.94371887811394,96.6090905031336,96.6869323882809,3224.2437322354494,-0.002505807529999182,97.02359347719606,97.23609157668345,0.222696212938737
2025-06-26 18:50:00,96.6869323882809,96.7782016303183,96.6612338056744,96.7584475431826,4773.550428019304,0.00073965688159916,96.97056429039337,97.19266939181973,0.22278991990337005
2025-06-26 22:50:00,96.7584475431826,96.78529769733005,96.64719571338034,96.66487376797325,1806.898628111625,-0.0009670863638814309,96.90942618590935,97.14468797147005,0.2188136771404276
2025-06-27 02:50:00,96.66487376797325,96.86168701991126,96.60038401010499,96.786863038197,3945.3517520808127,0.0012619813740879504,96.88491355636688,97.11215843208159,0.2060970375718339
2025-06-27 06:50:00,96.786863038197,96.88628315304952,96.74224873145636,96.79816796213622,2927.6658756949214,0.0001168022558470927,96.86756443752076,97.08361384390473,0.202922643723378
2025-06-27 10:50:00,96.79816796213622,96.93849621434485,96.71164235577312,96.84228072572574,6086.676984291715,0.00045571899260310467,96.86250769516175,97.06167446952482,0.19644923755408122
2025-06-27 14:50:00,96.84228072572574,96.8884035099225,96.57454900321109,96.66892376091101,3012.0704254511716,-0.0017900958498252573,96.82379090831161,97.02596985965083,0.18523581227345737
2025-06-27 18:50:00,96.66892376091101,96.74232852441735,96.29077861858565,96.31640283529923,1652.3412495290745,-0.0036466830486668877,96.72231329370913,96.96146376652796,0.20752199036014116
2025-06-27 22:50:00,96.31640283529923,96.35455271224758,96.14380552222141,96.22904816855514,1294.2964890181277,-0.0009069552451358431,96.62366026867834,96.8948805303486,0.21558865917317657
2025-06-28 02:50:00,96.22904816855514,96.2584735396359,96.1852219414117,96.19515286992434,2472.7964811598977,-0.000352235621944641,96.53795878892754,96.83126892485548,0.19844282721883186
2025-06-28 06:50:00,96.19515286992434,96.22087569469747,95.94241450945539,95.96860225563668,2174.0413819731366,-0.0023551146552467372,96.42408748226937,96.75284468219922,0.21202437012300987
2025-06-28 10:50:00,95.96860225563668,96.28985512228564,95.87908182594838,96.24630382941662,1984.802789920829,0.002893671130483,96.38853075169882,96.70679551376443,0.2359239910770999
2025-06-28 14:50:00,96.24630382941662,96.34045622643855,96.14550666246018,96.17437675727872,1716.9577707805302,-0.0007473229545040816,96.34569995281481,96.65839380862937,0.24155585169869095
2025-06-28 18:50:00,96.17437675727872,96.26399134689773,95.98163357824416,96.0493401258961,4103.88521545995,-0.0013001033705494214,96.28642798743107,96.60302529201725,0.24555960632499158
2025-06-28 22:50:00,96.0493401258961,96.14993822061737,95.97798310175513,96.10761689663926,1729.9446465816964,0.0006067378564680315,96.25066576927271,96.5579881651647,0.23394008803084176
2025-06-29 02:50:00,96.10761689663926,96.16330169792477,95.81243891119789,95.87746973444752,3398.7310226082773,-0.0023946818121528546,96.17602656230768,96.49612285328132,0.25064687103676825
2025-06-29 06:50:00,95.87746973444752,95.94940444687916,95.84095366326656,95.9363404269324,2002.5984338279773,0.000614020088848255,96.12808933523263,96.44523354179505,0.24852892815554586
2025-06-29 10:50:00,95.9363404269324,95.97046252860211,95.79917746501059,95.86899748937225,1823.679750180471,-0.0007019544133168854,96.07627096606056,96.39284844612024,0.24209907485449275
2025-06-29 14:50:00,95.86899748937225,95.91461766232149,95.60270264587392,95.64605943547866,1518.177402087276,-0.0023254447186463745,95.99022865994418,96.32495853606191,0.254090545915522
2025-06-29 18:50:00,95.64605943547866,95.66582951901323,95.51945172601074,95.58527703710102,1351.6190388517352,-0.0006354929699811107,95.90923833537555,96.2577147634291,0.2483422555177189
2025-06-29 22:50:00,95.58527703710102,95.62172133096716,95.41476078946786,95.47415771637077,2758.765184210238,-0.0011625150250610394,95.8222222115746,96.18648230460562,0.24070697228828258
2025-06-30 02:50:00,95.47415771637077,95.5221877798892,95.3716543216647,95.37516741156222,2505.309231576286,-0.0010368282598798295,95.73281125157213,96.11272640523804,0.2192057974591961
2025-06-30 06:50:00,95.37516741156222,95.49918993398929,95.3406851237709,95.4121191862892,3827.7648076148907,0.0003874360143194533,95.66867283851555,96.04903483987904,0.21547419890149758
2025-06-30 10:50:00,95.4121191862892,95.43731722998334,95.24872809817488,95.3167582044458,3849.686299894426,-0.0009994640372383845,95.5982899117016,95.98246423665783,0.2237125941575156
2025-06-30 14:50:00,95.3167582044458,95.38450512055101,95.2276661664118,95.3034467483887,1666.0382394418393,-0.0001396549390461077,95.53932127903903,95.92073537408791,0.21502529193588263
2025-06-30 18:50:00,95.3034467483887,95.68113365975016,95.28663621730725,95.67847554707029,4375.702669449087,0.003935102155032455,95.56715213264529,95.89871175344994,0.21386273094342861
2025-06-30 22:50:00,95.67847554707029,95.79547099557827,95.61182675903245,95.78950200247333,963.6123220923926,0.0011604120442785248,95.6116221066109,95.88878359427025,0.21305520755538915
2025-07-01 02:50:00,95.78950200247333,95.88166215173716,95.72506026618792,95.84228608553595,3815.463387609026,0.0005510424624741717,95.65775490239591,95.88455654802168,0.20407264447650825
2025-07-01 06:50:00,95.84228608553595,95.90746237607681,95.6262619614851,95.64956486878357,3706.1119912377494,-0.0020108161504033273,95.65611689567345,95.86319366809094,0.2118758798857558
2025-07-01 10:50:00,95.64956486878357,95.9998751874049,95.58790817682325,95.9115781335251,1617.1336572217622,0.002739304304216761,95.70720914324379,95.86759225585769,0.2162404673039536
2025-07-01 14:50:00,95.9115781335251,96.08552072053983,95.875212899473,95.99851398589767,2264.634310502897,0.0009064166606824742,95.76547011177458,95.87949423131586,0.22351596997925632
2025-07-01 18:50:00,95.99851398589767,96.0053184559438,95.76570875807545,95.84762256648975,2296.661286457578,-0.001571809949371672,95.78190060271761,95.87659680724076,0.22839630099902916
2025-07-01 22:50:00,95.84762256648975,95.86056430938707,95.61372482552171,95.65374464376193,3350.3128520043538,-0.0020227723707317846,95.75626941092648,95.85633751965177,0.22374804867172823
2025-07-02 02:50:00,95.65374464376193,95.91643313364303,95.62284455050208,95.83563563326851,8292.19969821567,0.001901556391587178,95.77214265539489,95.85445552998057,0.23426310511018958
2025-07-02 06:50:00,95.83563563326851,95.95467453509515,95.80855803326688,95.87573634542566,5522.707739823613,0.00041843216139980655,95.79286139340105,95.85639014956648,0.22991710227654494
2025-07-02 10:50:00,95.87573634542566,95.96182837312894,95.83072566440173,95.90272249822651,1787.4268498037914,0.00028147009691403824,95.81483361436615,95.86060218126285,0.22852919159816817
2025-07-02 14:50:00,95.90272249822651,96.03676314773503,95.8388836162099,95.94374113643231,6218.072079853902,0.0004277108838757204,95.84061511877938,95.86816026809643,0.23134167169150693
2025-07-02 18:50:00,95.94374113643231,96.15190024025262,95.86733621086331,96.13412746225096,5683.749780424603,0.0019843537844528303,95.8993175874737,95.89233910392866,0.23819702151871017
2025-07-02 22:50:00,96.13412746225096,96.17942423857018,96.02982889140785,96.05847339643773,3289.011662590596,-0.0007869636705543082,95.93114874926651,95.90744222142949,0.2376796210203612
2025-07-03 02:50:00,96.05847339643773,96.09689060483257,95.92858181495758,96.00390387175382,2030.8178439086062,-0.0005680865284908299,95.94569977376398,95.91621146236807,0.2215232886940807
2025-07-03 06:50:00,96.00390387175382,96.0360992900903,95.90408128669601,95.95307901475216,3723.89344061998,-0.000529404065375827,95.94717562196162,95.91956305803934,0.217835700611829
2025-07-03 10:50:00,95.95307901475216,96.2780293274962,95.86766835528576,96.20201085294224,3235.3339011275334,0.0025943079757950738,95.99814266815775,95.94524013030325,0.23596134965905793
2025-07-03 14:50:00,96.20201085294224,96.2835301028316,96.12690449486473,96.19723702566917,10541.397887235491,-4.962294686716717e-05,96.03796153966005,95.96814893897287,0.2270631491858554
2025-07-03 18:50:00,96.19723702566917,96.28494534490399,95.95550625474222,95.98713992807629,2759.879255551226,-0.002184024241120519,96.0277972173433,95.96987539252773,0.22116829772729268
2025-07-03 22:50:00,95.98713992807629,96.06582700235114,95.90041784955201,96.02869963393263,2060.3373920155836,0.00043297160314903493,96.02797770066118,95.97522305083726,0.21796124999388514
2025-07-04 02:50:00,96.02869963393263,96.25843728620846,95.93458277161672,96.1792251693819,2848.4442361754154,0.001567505714677786,96.05822719440533,95.99376869797767,0.2239787369026993
2025-07-04 06:50:00,96.1792251693819,96.33413380641916,96.12453204708318,96.2857476130821,3094.997185927817,0.0011075410881362657,96.10373127814069,96.02031223571443,0.22131889943631528
2025-07-04 10:50:00,96.2857476130821,96.29083616172947,96.27113872003484,96.28150683749888,4152.147696807685,-4.4043648082303655e-05,96.13928639001233,96.044057199513,0.20175524647586432
2025-07-04 14:50:00,96.28150683749888,96.37565300827372,96.191680579547,96.33007852341862,3598.778385461384,0.0005044757556786905,96.1774448166936,96.07005913804987,0.20445924125432466
2025-07-04 18:50:00,96.33007852341862,96.3941333094793,96.32588517386027,96.32894225493047,4373.706451207421,-1.1795573154005368e-05,96.20774430434098,96.0935939668572,0.19996962888945444
2025-07-04 22:50:00,96.32894225493047,96.38175470769609,96.25449651502485,96.35557292587497,2871.284124354045,0.0002764555524135126,96.23731002864778,96.11741023585881,0.1949252475427475
2025-07-05 02:50:00,96.35557292587497,96.58709096609611,96.35255649261607,96.57969524883373,3596.7104095667682,0.002325992323569892,96.30578707268498,96.15943614612925,0.1913517078349431
2025-07-05 06:50:00,96.57969524883373,96.76999492520115,96.56358842719068,96.67397474731636,3322.183152113993,0.0009761834331711849,96.37942460761126,96.20621238260081,0.19540964718123835
2025-07-05 10:50:00,96.67397474731636,96.76436980487236,96.47553232593636,96.48755069126254,1530.7605410956082,-0.0019283789307421584,96.40104982434151,96.23178859247915,0.20401883925702538
2025-07-05 14:50:00,96.48755069126254,96.5627017422168,96.35852732503247,96.36422593662856,2223.438760677661,-0.0012781416229394882,96.39368504679894,96.24382835103819,0.2091728688134568
2025-07-05 18:50:00,96.36422593662856,96.44214984720557,96.04698564858371,96.13297327534275,3907.4963794783375,-0.002399777085719368,96.3415426925077,96.23375061688405,0.20808738498570076
2025-07-05 22:50:00,96.13297327534275,96.22527156487232,95.77362816837038,95.7948286417726,2617.0847917172273,-0.003517467753771042,96.23219988236069,96.19384861914665,0.22916008416677666
2025-07-06 02:50:00,95.7948286417726,95.86913801969501,95.67182865516611,95.70307619308723,2537.669736728683,-0.0009578016891546026,96.126375144506,96.14923294405034,0.21972224662157203
2025-07-06 06:50:00,95.70307619308723,95.7782563971718,95.48618537771611,95.5418402932736,3303.38833374921,-0.0016847514858177037,96.00946817425952,96.09401543034336,0.22876952281132645
2025-07-06 10:50:00,95.5418402932736,95.62539980658612,95.4971674724397,95.55852646029052,4438.92148108159,0.0001746477455919493,95.91927983146573,96.04533461488401,0.21479650992237456
2025-07-06 14:50:00,95.55852646029052,95.56678674844295,95.33754032785198,95.41462346900195,4664.6493704112445,-0.001505914716551926,95.81834855897297,95.98799723798564,0.21619970001201644
2025-07-06 18:50:00,95.41462346900195,95.67765505578937,95.40421044181015,95.59527525660118,2310.925142772694,0.0018933343866092134,95.77373389849862,95.95229523967795,0.23432449803234437
2025-07-06 22:50:00,95.59527525660118,95.87590763418147,95.5833296140232,95.84683195678369,2650.1646382666913,0.0026314762890453647,95.78835351015564,95.94270766850575,0.24208204027745545
2025-07-07 02:50:00,95.84683195678369,96.01816953319957,95.76186797230957,95.99483215727507,2686.274065175569,0.001544132419088351,95.82964923957954,95.94744625839387,0.2555144277968101
2025-07-07 06:50:00,95.99483215727507,96.06050782085455,95.9785143276702,96.02673335093424,4526.033075201888,0.0003323219900723817,95.86906606185049,95.95465417589753,0.25228123497631877
2025-07-07 10:50:00,96.02673335093424,96.0646622772104,95.92478397215399,95.97491479003615,5237.922157688526,-0.0005396264049586375,95.89023580748763,95.95649604991013,0.24552008008891693
2025-07-07 14:50:00,95.97491479003615,96.05077400257835,95.78076078267269,95.83656142475024,4018.402899278219,-0.001441557573544916,95.87950093094015,95.94559290216831,0.2500634173671453
2025-07-07 18:50:00,95.83656142475024,95.85574768009604,95.556109255621,95.6489575402843,2330.215430015917,-0.001957539812331932,95.83339225280899,95.91862605108794,0.2508349134770772
2025-07-07 22:50:00,95.6489575402843,95.70282135660398,95.43168648856872,95.5238507622953,4690.358766276583,-0.0013079784788695425,95.77148395470626,95.88273738847043,0.25561780282357205
2025-07-08 02:50:00,95.5238507622953,95.98700446951213,95.47553811175145,95.93909306463566,1532.4363316528697,0.004347001288439012,95.80500577669214,95.88786063175817,0.26392509990491675
2025-07-08 06:50:00,95.93909306463566,96.03914499206971,95.91477207700362,95.97163311216076,4739.2366607256035,0.0003391740164062629,95.83833124378587,95.89547631179477,0.24054863694521345
2025-07-08 10:50:00,95.97163311216076,96.03638046466035,95.81266588025315,95.82796626085525,11104.45028417195,-0.0014969720389941266,95.83625824719975,95.88933903443663,0.24243472407937766
2025-07-08 14:50:00,95.82796626085525,96.33870847969783,95.82358333743062,96.24310843781235,2888.9874739647157,0.004332160987608136,95.91762828532228,95.92149988928897,0.25836716142305755
2025-07-08 18:50:00,96.24310843781235,96.56276224049937,96.22853955736949,96.50290236349568,1252.5376932089152,0.002699350944708856,96.03468310095697,95.97435465967139,0.2730807577790192
2025-07-08 22:50:00,96.50290236349568,96.7489051130889,96.45090447079411,96.71984002886472,3738.272680967651,0.002247991097220181,96.17171448653852,96.04212605687079,0.2779917736150058
2025-07-09 02:50:00,96.71984002886472,96.79153827750334,96.7156138340401,96.78959682974164,1479.664305623344,0.0007212253541373226,96.29529095517915,96.11007794531359,0.26388319000672106
2025-07-09 06:50:00,96.78959682974164,96.97390317969631,96.74308242761114,96.92056204700845,2870.731540558883,0.0013530918771897937,96.42034517354502,96.18375831819493,0.2594719565729276
2025-07-09 10:50:00,96.92056204700845,97.28655700647626,96.9072866829698,97.22483911271858,5368.240074716691,0.0031394480106559097,96.58124396137974,96.27840202678799,0.2682554396169609
2025-07-09 14:50:00,97.22483911271858,97.28621029587332,97.09760175494274,97.17887112883452,1750.1022149696407,-0.0004728008223369162,96.7007693948707,96.36026285424676,0.27587080017026216
2025-07-09 18:50:00,97.17887112883452,97.22678055406763,96.92639783100675,96.94205525837218,2623.1643754162506,-0.0024369069913189323,96.74902656757101,96.41315307280361,0.2873354014562953
2025-07-09 22:50:00,96.94205525837218,97.05909275726123,96.91082738460337,97.0460400529038,4389.329980908397,0.0010726489577148612,96.80842926463757,96.47068825281272,0.27863912665288076
2025-07-10 02:50:00,97.0460400529038,97.12372896702597,96.85974576778551,96.95493642026075,2230.6168928014404,-0.0009387671314913248,96.8377306957622,96.51471081348981,0.2760923248504099
2025-07-10 06:50:00,96.95493642026075,97.0731345439851,96.94833439409382,97.06358818794655,5743.784993909365,0.0011206419363201103,96.88290219419908,96.56460875662223,0.26563984498298304
2025-07-10 10:50:00,97.06358818794655,97.15130614713227,96.82820189224988,96.92349700771915,3959.175890570093,-0.0014432928232175346,96.8910211569031,96.5972349612674,0.25218540906310544
2025-07-10 14:50:00,96.92349700771915,97.4704363164103,96.85205531505494,97.45291262667283,2340.194310782851,0.005462200965690611,97.00339945085705,96.67502383994062,0.2874717009409104
2025-07-10 18:50:00,97.45291262667283,97.74448598466762,97.39436645744745,97.70564951606616,1217.2434968893574,0.0025934257128006344,97.14384946389887,96.76871708322476,0.296500625427551
2025-07-10 22:50:00,97.70564951606616,97.95175615189964,97.7000382410382,97.92107162724668,2353.9527387812573,0.0022048071145066572,97.29929389656844,96.87347658722675,0.2776858231842821
2025-07-11 02:50:00,97.92107162724668,98.1710606051761,97.85574020677926,98.12962125431413,5591.634042436598,0.002129772720026235,97.46535936811759,96.98767155696196,0.2763356599890646
2025-07-11 06:50:00,98.12962125431413,98.20480549863711,97.96905216932896,97.97839350396343,1835.2998354384167,-0.0015411019467687082,97.56796619528677,97.07773718850754,0.2718894233471626
2025-07-11 10:50:00,97.97839350396343,98.1872259879103,97.96169897850112,98.11198616223172,4610.1676299581795,0.0013634910054212135,97.67677018867577,97.17175982248246,0.2825753209147298
2025-07-11 14:50:00,98.11198616223172,98.19139029821687,97.4938724478786,97.54377949830752,2710.497368108308,-0.005791409247231538,97.65017205060212,97.205579793012,0.31591082793280884
2025-07-11 18:50:00,97.54377949830752,97.77776959827969,97.50488179051159,97.7142372377796,1896.4130539305704,0.0017474998441602274,97.66298508803763,97.25182137889996,0.30831207680864026
2025-07-11 22:50:00,97.7142372377796,97.79096871810498,97.56617449640649,97.66308634634383,2316.8252031125235,-0.0005234742948593274,97.66300533969888,97.28920910321304,0.31089676829206275
2025-07-12 02:50:00,97.66308634634383,97.91661459174028,97.64459380283611,97.8767626820786,718.9150741367745,0.002187892516288148,97.70575680817484,97.34262306492809,0.30887091585229803
2025-07-12 06:50:00,97.8767626820786,97.97016891503324,97.48908096459357,97.50080851320628,6453.411482885026,-0.0038410973000148063,97.66476714918113,97.3570035602261,0.33264395712242745
2025-07-12 10:50:00,97.50080851320628,97.62797681262555,97.47666344330528,97.56230222048208,4315.273956033281,0.0006306994599687421,97.64427416344132,97.37566707479482,0.3245961121281279
2025-07-12 14:50:00,97.56230222048208,97.87074369029479,97.46729699474879,97.86179084796834,3429.5437822239355,0.0030697166904634088,97.68777750034674,97.41986014508332,0.34449943681774997
2025-07-12 18:50:00,97.86179084796834,97.98860786494465,97.80759868965289,97.9074563440391,1882.6042060001575,0.00046663254039280844,97.73171326908522,97.46418707226111,0.334349788275562
2025-07-12 22:50:00,97.9074563440391,98.03502069728424,97.8295667338328,97.95272537556698,2581.948560325041,0.000462365515541574,97.77591569038158,97.50859964528891,0.3048549998538529
2025-07-13 02:50:00,97.95272537556698,98.10949035502526,97.89501650962467,98.01598458824574,3521.1324876617673,0.0006458137069307313,97.82392946995442,97.55472554919407,0.2951660225810256
2025-07-13 06:50:00,98.01598458824574,98.39190785979604,97.96279795188839,98.3557972849483,5007.964088642381,0.003466911015892693,97.9303030329532,97.62755025244445,0.30783687951289707
2025-07-13 10:50:00,98.3557972849483,98.38553045221859,97.87002407371253,97.95597020572123,3355.867715775298,-0.0040651094319200665,97.93543646750682,97.65740661183325,0.3221358780921274
2025-07-13 14:50:00,97.95597020572123,98.08985011052172,97.86193207077,98.0646460685634,2656.4899483422128,0.0011094358272798477,97.96127838771814,97.6944283806269,0.3215762145523828
2025-07-13 18:50:00,98.0646460685634,98.31129933545648,98.04647362993143,98.23306727051137,3857.472296236201,0.0017174507704866837,98.01563616427678,97.74339555243458,0.3243832642749455
2025-07-13 22:50:00,98.23306727051137,98.24801744277467,98.01468880587223,98.10586937626006,2573.08703994639,-0.001294858216134398,98.03368280667344,97.77634771823689,0.29122689188667195
2025-07-14 02:50:00,98.10586937626006,98.18670842646044,98.1015415644208,98.14615633336847,2808.0328823648647,0.00041064777637211947,98.05617751201245,97.80996668324885,0.2778182529060678
2025-07-14 06:50:00,98.14615633336847,98.36154513367472,98.06596361965632,98.35104836421618,3613.477009130779,0.0020876215483340843,98.1151516824532,97.85915592697314,0.2828744880717764
2025-07-14 10:50:00,98.35104836421618,99.0120644883717,98.3240248742361,98.98339659079737,2435.1782692223815,0.006429501638248514,98.28880066412205,97.96135962368443,0.31259011844545015
2025-07-14 14:50:00,98.98339659079737,99.05072568142091,98.90938455521992,99.0357299963507,10537.035267905903,0.0005287089285255231,98.43818653056779,98.05902965756317,0.28832248814268774
2025-07-14 18:50:00,99.0357299963507,99.09636636742314,98.90792346009255,98.98371937348517,3023.212041339031,-0.0005251702882125286,98.54729309915128,98.14309235901062,0.29097459800056874
2025-07-14 22:50:00,98.98371937348517,99.03440006108929,98.90724987044037,98.99583360441997,1435.7592962771434,0.00012238609552639446,98.63700120020502,98.22061429041148,0.27123913336506333
2025-07-15 02:50:00,98.99583360441997,99.19656182530042,98.97134825796967,99.13233894455152,1573.685150244122,0.0013788998502402006,98.73606874907433,98.30349834987875,0.274396589939277
2025-07-15 06:50:00,99.13233894455152,99.21785107127974,99.05208806797094,99.19473691470387,11304.276326908916,0.0006294411169622816,98.82780238220025,98.38452003759012,0.2715615213576602
2025-07-15 10:50:00,99.19473691470387,99.2236635130992,98.69012075923256,98.72016014052166,4957.114088618686,-0.004784293894446123,98.80627393386453,98.41503277422026,0.2943521576766638
2025-07-15 14:50:00,98.72016014052166,98.82217704747558,98.71890945155673,98.73523904344287,2443.573545059783,0.00015274390661201842,98.79206695578021,98.44414243505868,0.2710777068203214
2025-07-15 18:50:00,98.73523904344287,98.84826092990386,98.69742945940304,98.78308733058222,2374.8931333827004,0.0004846120554617972,98.79027103074063,98.474955607379,0.24502949910566127
2025-07-15 22:50:00,98.78308733058222,98.84262100856853,98.66808150092977,98.75711332168645,3651.3403041037345,-0.00026293983714897884,98.7836394889298,98.50060630867968,0.24121674681187752
2025-07-16 02:50:00,98.75711332168645,98.89513898598904,98.75487516526434,98.84363856071785,2240.98366650665,0.0008761418405331955,98.79563930328742,98.53179105886497,0.2323194693261377
2025-07-16 06:50:00,98.84363856071785,99.26840295418596,98.79891181221561,99.18051260376443,3548.900890499433,0.0034081509741230587,98.87261396338283,98.59076574476492,0.24918821968813124
2025-07-16 10:50:00,99.18051260376443,99.47691329761635,99.1432269395064,99.46565580765264,2729.700728974878,0.002874992237914542,98.9912223322368,98.67030120502744,0.26693961226458135
2025-07-16 14:50:00,99.46565580765264,99.85145258805957,99.45314636380769,99.79018147082115,2531.229151111996,0.003262690629578513,99.15101415995368,98.77210850191777,0.27427709156697233
2025-07-16 18:50:00,99.79018147082115,100.24099812539879,99.70594031274278,100.15901004364368,874.1039875844435,0.003696040706473447,99.35261333669168,98.89819046025649,0.26334982003271534
2025-07-16 22:50:00,100.15901004364368,100.29907836224807,100.14638533549154,100.21610133836374,3006.1268320223753,0.0005700065794898013,99.52531093702609,99.01800054008442,0.2641606700723957
2025-07-17 02:50:00,100.21610133836374,100.29871753607407,100.14409209706733,100.23758881887204,2184.3761549262704,0.00021441145905032322,99.66776651339529,99.12887220179238,0.2617451366206914
2025-07-17 06:50:00,100.23758881887204,100.33430033297483,100.02273675177099,100.10505778376233,6101.780438990876,-0.0013221690253263363,99.7552247674687,99.21761634560782,0.2749175216603287
2025-07-17 10:50:00,100.10505778376233,100.1106309868542,99.78616147986835,99.83349606237378,7384.175462220936,-0.002712767240743763,99.77087902644972,99.27360541076837,0.2820072316356926
2025-07-17 14:50:00,99.83349606237378,99.97104313235003,99.73557462354876,99.88402403779766,2828.34586080367,0.0005061224680773524,99.79350802871932,99.32909801322558,0.2869861963137268
2025-07-17 18:50:00,99.88402403779766,99.9413520059917,99.81473737517778,99.85493816965064,3476.661738683889,-0.0002911963992962008,99.80579405690558,99.37690166380968,0.2579199018099609
2025-07-17 22:50:00,99.85493816965064,99.91728687062577,99.69069333014647,99.75969681776381,2140.415907000372,-0.0009537971144202295,99.79657460907724,99.41170122326005,0.266728897849993
2025-07-18 02:50:00,99.75969681776381,99.80409079982324,99.6777299721502,99.72386727150156,3509.7687075212075,-0.000359158532004189,99.78203314156211,99.44007995491837,0.26498099479086584
2025-07-18 06:50:00,99.72386727150156,99.8076563996864,99.70240483635126,99.76410159061304,1689.5057610691451,0.00040345726867907494,99.7784468313723,99.46953646725424,0.26003185591203554
2025-07-18 10:50:00,99.76410159061304,100.04983638061455,99.72543181957487,99.99984891324877,2575.3078709362317,0.002363047618101577,99.82272724774761,99.51774668961738,0.2731847659345346
2025-07-18 14:50:00,99.99984891324877,100.11612889987086,99.9971418426822,100.08775455713656,3010.6503721718937,0.000879057767017688,99.87573270962541,99.56956558666458,0.2481487598786996
2025-07-18 18:50:00,100.08775455713656,100.11569252689846,99.65924297756925,99.71670579100696,4732.660969999468,-0.0037072343941714214,99.84392732590173,99.58294196887752,0.25691755925150417
2025-07-18 22:50:00,99.71670579100696,99.80063658677786,99.62517411581618,99.67320084964354,2005.9432966512788,-0.0004362853848642878,99.8097820306501,99.59114732167443,0.2410001483022037
2025-07-19 02:50:00,99.67320084964354,99.87805044929634,99.64829514618523,99.81124555261339,3226.806934814026,0.0013849731100548102,99.81007473504276,99.61115625175978,0.2191928261918536
2025-07-19 06:50:00,99.81124555261339,99.95855917657623,99.8093265414587,99.95256834241769,4229.476378977603,0.0014159004731566505,99.83857345651775,99.64219371454686,0.21894565536049676
2025-07-19 10:50:00,99.95256834241769,100.22346482772822,99.85701853607395,100.21425105683825,4546.77231091426,0.002618068937699336,99.91370897658186,99.69419892748245,0.23407571626389206
2025-07-19 14:50:00,100.21425105683825,100.26000751599013,100.02302475129758,100.04734604316414,3032.2288597116326,-0.0016654818243310165,99.94043638989832,99.72630321072623,0.22874851508451347
2025-07-19 18:50:00,100.04734604316414,100.09759623907387,99.93936557601694,99.9423847991332,2845.80396005381,-0.0010491157255252404,99.9408260717453,99.7459469914905,0.21687431194673326
2025-07-19 22:50:00,99.9423847991332,100.0421448210045,99.69341479762156,99.75703286249956,1952.817389876708,-0.0018545878908750035,99.90406742989616,99.74695479794586,0.22496442013113796
2025-07-20 02:50:00,99.75703286249956,99.76934662737669,99.55396543625471,99.58805744984048,4825.100415982952,-0.0016938696732489156,99.84086543388503,99.73250958448173,0.23130488872457075
2025-07-20 06:50:00,99.58805744984048,99.64533923081002,99.27429608413034,99.36145929063788,2156.764757509105,-0.0022753547463933987,99.74498420523561,99.69877773958683,0.24162271773888375
2025-07-20 10:50:00,99.36145929063788,99.49638792166509,99.28019664382175,99.39889430222394,2154.2609969656924,0.00037675585537200185,99.67576622463328,99.67151560891747,0.24803917846533352
2025-07-20 14:50:00,99.39889430222394,99.46059815137575,99.35458607339686,99.3864696199901,2806.135080344999,-0.00012499819360223263,99.61790690370465,99.6456023371968,0.2480935009398877
2025-07-20 18:50:00,99.3864696199901,99.42507942424648,99.1762195539903,99.25800726115692,2072.743574025574,-0.0012925537985639668,99.54592697519512,99.61036642119318,0.24269745159820896
2025-07-20 22:50:00,99.25800726115692,99.50224838520502,99.18487187881951,99.4826265001581,5892.577950136874,0.0022629835637359985,99.53326688018772,99.59875370109907,0.2568681265408413
2025-07-21 02:50:00,99.4826265001581,99.85820864882076,99.47274971679109,99.82112493411653,6390.960608935509,0.003402588430431841,99.5908384909735,99.61896926773701,0.2517973681623035
2025-07-21 06:50:00,99.82112493411653,100.06072822526369,99.78343036631439,100.02744883342376,1636.0854212938664,0.0020669362266094726,99.67816055946355,99.65610377370854,0.25907132444713354
2025-07-21 10:50:00,100.02744883342376,100.44433077479107,99.98052020660974,100.35443200696265,1762.2795893159582,0.003268934451016836,99.81341484896338,99.71958815854981,0.2757895576664353
2025-07-21 14:50:00,100.35443200696265,100.46053435718292,100.26397962031169,100.43916752234041,6133.107734552638,0.0008443624629541624,99.93856538363879,99.78500446434896,0.2791697077917001
2025-07-21 18:50:00,100.43916752234041,100.56746790290747,100.40964330651141,100.48631042738117,1897.3751109176578,0.00046936773973427215,100.04811439238728,99.84875955189734,0.26426815813039894
2025-07-21 22:50:00,100.48631042738117,100.64309976651485,100.40605081727485,100.58317730479965,2452.676705602571,0.0009639808348669288,100.15512697486976,99.91552480216119,0.26427288559807494
2025-07-22 02:50:00,100.58317730479965,100.67495051869058,100.55085866822091,100.65163978682187,1709.7217351788067,0.0006806553924496583,100.2544295372602,99.98244434622124,0.26183439898469935
2025-07-22 06:50:00,100.65163978682187,100.75022676152764,100.54061245142938,100.58636100256588,635.9434726494045,-0.0006485615574097769,100.32081583032134,100.03734586043439,0.2518975623215078
2025-07-22 10:50:00,100.58636100256588,100.59804995781481,100.35062480306048,100.42190869017415,2581.789950048365,-0.0016349364939003408,100.34103440229191,100.07230611768345,0.2541864168666755
2025-07-22 14:50:00,100.42190869017415,100.5180007690374,100.35714725065144,100.48020213537727,6552.583319367407,0.0005804853339619331,100.36886794890898,100.10938757383744,0.23917287198855267
2025-07-22 18:50:00,100.48020213537727,100.495188202658,100.20513584090385,100.2411832885373,2307.610629101584,-0.0023787655852636203,100.34333101683465,100.12136900244651,0.24444866369646792
2025-07-22 22:50:00,100.2411832885373,100.40225246684555,100.21131038675672,100.32653107334708,2236.613278522594,0.0008514243548394251,100.33997102813714,100.1400200998011,0.25051509241860664
2025-07-23 02:50:00,100.32653107334708,100.3593225558831,100.05426328355921,100.12947748898398,4047.3201929691545,-0.0019641223737620894,100.29787232030651,100.1390616806359,0.2545293354234427
2025-07-23 06:50:00,100.12947748898398,100.22036760293483,99.91518250756685,100.01125141820968,3982.781995722059,-0.0011807319256940119,100.24054813988715,100.12744256586988,0.2536585203507613
2025-07-23 10:50:00,100.01125141820968,100.10900057837783,99.95449100720579,99.95476469753098,2237.0624560687374,-0.0005648036583654203,100.18339145141593,100.11174457783908,0.23716213743235873
2025-07-23 14:50:00,99.95476469753098,100.4462723983248,99.9340303204345,100.42540046644326,5730.271540853522,0.004708487587724797,100.2317932544214,100.14025874953036,0.25394386735671554
2025-07-23 18:50:00,100.42540046644326,100.49925807672719,100.19941676789311,100.29284734847279,2041.562335510679,-0.0013199162498213068,100.2440040732317,100.15413044034331,0.24223177740334023
2025-07-23 22:50:00,100.29284734847279,100.37059631301837,99.94178531694955,100.03678953394845,2944.958048452275,-0.002553101455327611,100.20256116537506,100.1434630852165,0.2588215102031676
2025-07-24 02:50:00,100.03678953394845,100.04163732898611,99.7537930708078,99.82613447740384,3951.900392359147,-0.002105775860321124,100.12727582778082,100.1146150299608,0.26810862890190024
2025-07-24 06:50:00,99.82613447740384,100.19510244699823,99.76450730544194,100.13807248007458,5427.276239320535,0.003124812999158566,100.12943515823959,100.1167475254257,0.28193335692449245
2025-07-24 10:50:00,100.13807248007458,100.22031931310929,99.8302639833935,99.9123304024438,1463.0645192395084,-0.0022543081970716194,100.08601420708044,100.09816415060915,0.3009307482992156
2025-07-24 14:50:00,99.9123304024438,99.96245920986897,99.8492617568343,99.92467757474816,3917.155726153665,0.00012358006518931042,100.05374688061399,100.0823926437127,0.2940438299375308
2025-07-24 18:50:00,99.92467757474816,99.98319185457188,99.42733906528112,99.4324371877894,2089.8109630255767,-0.004926114338377863,99.92948494204907,100.0233057840833,0.3160743752615624
2025-07-24 22:50:00,99.4324371877894,99.71144419056259,99.41699163724232,99.61376005945827,2263.0161906316303,0.0018235786710771862,99.86633996553091,99.98607435457194,0.3256171634711557
2025-07-25 02:50:00,99.61376005945827,99.69617257822978,99.46899433241926,99.55420007029959,3266.802514685353,-0.0005979092559414978,99.80391198648465,99.94681305600173,0.32112615518946797
2025-07-25 06:50:00,99.55420007029959,99.59496634540415,99.47230708195315,99.52919632786302,2661.502619217884,-0.0002511570824627052,99.74896885476034,99.9088478988982,0.31624881114390846
2025-07-25 10:50:00,99.52919632786302,99.5373134480218,99.31961751538357,99.4106265762293,1684.562131674252,-0.0011913062298134491,99.68130039905414,99.86355505138285,0.31000857259493336
2025-07-25 14:50:00,99.4106265762293,99.4920842229778,99.11353383558338,99.19600614251047,2065.8765684835703,-0.0021589284879344195,99.5842415477454,99.8028687869399,0.31524895059682173
2025-07-25 18:50:00,99.19600614251047,99.26431175760172,99.18955869401465,99.20789458895861,2494.206939765399,0.0001198480353237219,99.50897215598805,99.74878022348705,0.30955205719789497
2025-07-25 22:50:00,99.20789458895861,99.4321984750275,99.15506071528895,99.38293561866104,1947.1990845814823,0.0017643860947524903,99.48376484852265,99.71552162304832,0.29275889161562774
2025-07-26 02:50:00,99.38293561866104,99.51171059354193,99.31541639641091,99.42874844410031,1927.8477605322096,0.0004609727530595631,99.47276156763819,99.68945133405305,0.2853626693511241
2025-07-26 06:50:00,99.42874844410031,99.46498872462203,99.34234162221415,99.40255447138557,2182.7076834460568,-0.00026344465886007917,99.45872014838767,99.66336980108328,0.26349381980391434
2025-07-26 10:50:00,99.40255447138557,99.58424748574741,99.31727181147768,99.493352014184,2660.270415737403,0.0009134326907520585,99.46564652154694,99.64791363863789,0.26200320666758714
2025-07-26 14:50:00,99.493352014184,99.59883254623293,99.49200697599585,99.57391006413842,4628.2676404046215,0.0008096827408421436,99.48729923006525,99.64118604095611,0.23887680871621444
2025-07-26 18:50:00,99.57391006413842,99.7481938092915,99.53448719446189,99.65299016991706,3800.98452493121,0.0007941850001442763,99.52043741803561,99.64225914358893,0.22628047193862955
2025-07-26 22:50:00,99.65299016991706,99.71036340080546,99.5765138289381,99.59844979519701,3438.356964715906,-0.0005473029422102815,99.5360398934679,99.6382764755533,0.2277556232838214
2025-07-27 02:50:00,99.59844979519701,99.96117861271009,99.56850762917638,99.92083282551464,3801.0076244298257,0.003236827791803343,99.61299847987725,99.66396341645887,0.2160997800154598
2025-07-27 06:50:00,99.92083282551464,100.00589084110969,99.82401400833972,99.87909457657665,1688.3095782746682,-0.00041771318110284117,99.66621769921713,99.6835207946514,0.20805865711901003
2025-07-27 10:50:00,99.87909457657665,99.95278632644087,99.40558781205503,99.48271772380046,3150.3063726422565,-0.003968566740182866,99.6295177041338,99.66526597002859,0.23091724773153288
2025-07-27 14:50:00,99.48271772380046,99.5930449644603,99.45744643399739,99.55980024421609,4356.87812849465,0.00077483327938066,99.61557421215026,99.6556781767729,0.23184148108952687
2025-07-27 18:50:00,99.55980024421609,99.64841910071296,99.46405730912149,99.53674095468715,4478.714661670195,-0.00023161245274072595,99.59980756065765,99.64486570203782,0.22946047101475792
2025-07-27 22:50:00,99.53674095468715,99.54158342981486,99.19386363511192,99.26945005937846,6300.182341469988,-0.0026853490755777143,99.53373606040182,99.6107370072506,0.22725828582250987
2025-07-28 02:50:00,99.26945005937846,99.30942092875131,99.14352845812006,99.23690163531158,3162.7833784329905,-0.0003278795646335375,99.47436917538379,99.57675197343796,0.23376824346852285
2025-07-28 06:50:00,99.23690163531158,99.24497108471796,98.99248030108929,99.02163472002927,3379.172390936158,-0.002169222453895281,99.38382228431288,99.52628676858262,0.23200774517496012
2025-07-28 10:50:00,99.02163472002927,99.02167542062935,98.93997174750594,98.95034274536914,996.2358413049592,-0.000719963620694597,99.29712637652415,99.47392822101776,0.2238227077458451
2025-07-28 14:50:00,98.95034274536914,99.19915526997086,98.887560324951,99.12628385869736,3656.9760460020984,0.0017780748246720712,99.2629578729588,99.44232418807954,0.23731898221812944
2025-07-28 18:50:00,99.12628385869736,99.14854724634463,98.98798626184356,99.03265686998219,1349.8358783778408,-0.0009445223312177786,99.21689767236347,99.40508170461614,0.22971793294893977
2025-07-28 22:50:00,99.03265686998219,99.06559693609246,98.75331767276138,98.77003479773869,3903.1947095350333,-0.002651873437953811,99.12752509743852,99.34735016762727,0.24439319674136836
2025-07-29 02:50:00,98.77003479773869,98.84189073089215,98.68898405859292,98.82368329023605,2671.323421928898,0.0005431656737513446,99.06675673599804,99.29974408786443,0.24005034370348405
2025-07-29 06:50:00,98.82368329023605,98.83020895057746,98.62488504774626,98.63759185842213,3702.5004284877423,-0.0018830651278943789,98.98092376048287,99.2395484306424,0.2451556530580439
2025-07-29 10:50:00,98.63759185842213,98.67931084336209,98.51415822394185,98.5724834393059,2401.9084535396573,-0.0006600771358011848,98.89923569624747,99.17890615870272,0.22890434133565357
2025-07-29 14:50:00,98.5724834393059,98.65117603440707,98.47548467075498,98.48718060576257,2543.0326696801717,-0.0008653818039985328,98.8168246781505,99.11602201752633,0.2284625221129478
2025-07-29 18:50:00,98.48718060576257,98.89922447737513,98.3915893325314,98.89634513380244,3099.4503830210397,0.0041544952908920685,98.83272876928089,99.09605139173325,0.22563656714565436
2025-07-29 22:50:00,98.89634513380244,98.98099017909358,98.59072409506926,98.65793614420762,3200.4058924080646,-0.002410695655863271,98.79777024426625,99.05622273286728,0.24382710668575466
2025-07-30 02:50:00,98.65793614420762,98.71196150020691,98.59271591624027,98.68958408578517,1384.7190927160225,0.00032078454926609545,98.77613301257004,99.02289194676891,0.23917594899826713
2025-07-30 06:50:00,98.68958408578517,99.06553459632963,98.64678921540265,98.9894308708453,3070.8634786443718,0.003038281981201596,98.8187925842251,99.01985003077584,0.24424920515712703
2025-07-30 10:50:00,98.9894308708453,99.00556513939028,98.79562232744293,98.8902851430057,8845.107484028247,-0.0010015789258245311,98.83309109598122,99.00807140461492,0.24739565810827763
2025-07-30 14:50:00,98.8902851430057,98.8973690554322,98.61082630070237,98.70280735100475,3056.118102491905,-0.0018958160726286755,98.80703434698593,98.980320127014,0.24982794175835973
2025-07-30 18:50:00,98.70280735100475,98.76303078847019,98.69666890095793,98.75185179040989,2162.9592967759004,0.0004968900147968025,98.79599783567073,98.9595502782318,0.24873209992899145
2025-07-30 22:50:00,98.75185179040989,98.81359283893426,98.70771843613073,98.73037935441172,1386.233553672868,-0.0002174383123846324,98.78287413941894,98.93871655788452,0.23403777548496713
2025-07-31 02:50:00,98.73037935441172,99.16491267421442,98.67003219925003,99.07368752915522,4062.1031332466882,0.003477229369403423,98.8410368173662,98.95098664618185,0.2579177390894896
2025-07-31 06:50:00,99.07368752915522,99.11198000615416,99.00703774660174,99.09621397479484,2497.9257503107756,0.00022737061879296583,98.89207224885193,98.9641891306012,0.2431079531052995
2025-07-31 10:50:00,99.09621397479484,99.18396191793249,99.03625254262046,99.05953067977872,10831.6829488971,-0.00037017857236654184,98.92556393503729,98.9728565441628,0.24273671760621443
2025-07-31 14:50:00,99.05953067977872,99.11584915109869,98.82140816441665,98.91266880053871,3074.6805651544614,-0.0014825618315793543,98.92298490813758,98.96738493110605,0.24910222359555995
2025-07-31 18:50:00,98.91266880053871,98.94400192493704,98.78209234883293,98.84794112213102,1717.92977528858,-0.000654392194575415,98.90797615093628,98.9565264030174,0.24887057764440762
2025-07-31 22:50:00,98.84794112213102,99.20365087900784,98.77034162830049,99.14889410942803,3048.6263518361566,0.003044605521172805,98.95615974263464,98.97401437632746,0.267271855291212
2025-08-01 02:50:00,99.14889410942803,99.23525303258371,98.92635590877615,98.96348649330426,3291.8434105882034,-0.001869991771356938,98.95762509276857,98.97305729605262,0.25307628236005747
2025-08-01 06:50:00,98.96348649330426,99.05356574562884,98.80199245831274,98.83472045274549,4688.710072880491,-0.0013011469696703193,98.93304416476396,98.96048121938833,0.2431696540237565
2025-08-01 10:50:00,98.83472045274549,99.05695412368573,98.83239059081943,99.04770061851661,4403.630075461333,0.0021549124113013907,98.95597545551449,98.96841025567271,0.25069236465944605
2025-08-01 14:50:00,99.04770061851661,99.10095917734554,98.88793740557726,98.94129266801758,1582.9639909042635,-0.001074310153941549,98.95303889801511,98.96594502043133,0.23599782114811063
2025-08-01 18:50:00,98.94129266801758,98.99318862016538,98.84826369951173,98.90639001654782,2363.5051267803474,-0.0003527612236366995,98.94370912172165,98.9605309291692,0.23135368605570303
2025-08-01 22:50:00,98.90639001654782,98.9744952537064,98.83270677324667,98.92415500655815,1940.6765718718696,0.00017961417869316598,98.93979829868896,98.95722402711364,0.22101409503641026
2025-08-02 02:50:00,98.92415500655815,99.00068418129229,98.82092845021218,98.85857805506377,6645.759782052773,-0.0006629013054498811,98.92355424996393,98.94825621147274,0.22911365529125657
2025-08-02 06:50:00,98.85857805506377,99.0942963949018,98.7602713732749,99.0441872695069,1849.6398427961237,0.0018775225994021039,98.94768085387253,98.95697721674857,0.245410128064355
2025-08-02 10:50:00,99.0441872695069,99.11461609665378,98.97402947625788,99.02248258758549,1661.949909623115,-0.00021914140061907172,98.96264120061512,98.96293225046101,0.22010342416660528
2025-08-02 14:50:00,99.02248258758549,99.08515075655794,98.95304830442817,99.04141804734665,3027.2853034132,0.0001912238439834013,98.97839656996143,98.97006732290515,0.22204343792213063
2025-08-02 18:50:00,99.04141804734665,99.13088529188866,98.98529817198299,99.03094139204069,915.3847352536,-0.00010578054628573863,98.9889055343773,98.9756013291902,0.2218918482502476
2025-08-02 22:50:00,99.03094139204069,99.0965272410679,98.88486334687217,98.90759668644658,3921.4060191976046,-0.0012455168441327658,98.97264376479116,98.96941908894078,0.21597919878694075
2025-08-03 02:50:00,98.90759668644658,98.98966424452318,98.58103481688947,98.67681510790088,3503.9878273525187,-0.002333304885339782,98.91347803341311,98.94281872702805,0.23360204532476964
2025-08-03 06:50:00,98.67681510790088,98.72231633185824,98.64598979861958,98.6527574188945,3115.2566137467315,-0.00024380285257563639,98.8613339105094,98.91644951719773,0.20810327979129134
2025-08-03 10:50:00,98.6527574188945,98.87818210046898,98.55417465744969,98.81871704914657,4420.059202849412,0.0016822604313773137,98.85281053823684,98.90756474737489,0.2091825883064138
2025-08-03 14:50:00,98.81871704914657,98.91691095808977,98.73952741799818,98.80268436280394,7824.868267351502,-0.0001622434172531273,98.84278530315027,98.89803016695934,0.20388332064752035
2025-08-03 18:50:00,98.80268436280394,99.06569751687437,98.74779550499017,99.04112782706198,5650.09648252159,0.002413329817866794,98.88245380793262,98.91103904515049,0.21055035486308477
2025-08-03 22:50:00,99.04112782706198,99.11499999002461,98.8973789353941,98.95075148251789,9680.865486605482,-0.0009125132813704306,98.89611334284967,98.91464926672934,0.2108788750675298
2025-08-04 02:50:00,98.95075148251789,99.09720798154261,98.93847305200767,99.09088031431409,5981.108884560576,0.0014161472216909221,98.93506673714256,98.93067027105522,0.21186530427333647
2025-08-04 06:50:00,99.09088031431409,99.62624130827768,98.993809769577,99.53809441319585,2221.860768952408,0.0045131711158807875,99.05567227235322,98.98589064761346,0.2469112370048338
2025-08-04 10:50:00,99.53809441319585,99.6765892125129,99.5043664065022,99.65116909823199,1740.2476822013405,0.0011359940704385174,99.17477163752898,99.0463705067606,0.24637317092844718
2025-08-04 14:50:00,99.65116909823199,99.67284452768702,99.62055255597649,99.66250934528007,4194.41618875171,0.0001137994380868701,99.2723191790792,99.10238312844417,0.22624938164870656
2025-08-04 18:50:00,99.66250934528007,99.68047554920588,99.20208164758976,99.26583948667552,2413.0980829926502,-0.003980131156745115,99.27102324059847,99.11724279737429,0.2503784731644367
2025-08-04 22:50:00,99.26583948667552,99.39824720916857,99.2567729614425,99.35391724449542,2709.9635211437067,0.00088729172367219,99.28760204137787,99.13875865620348,0.2510478871356016
2025-08-05 02:50:00,99.35391724449542,99.39988290027036,99.32990146197662,99.37269535433416,2220.748895006716,0.00018900220906759024,99.30462070396914,99.1600256287608,0.24564748130617783
2025-08-05 06:50:00,99.37269535433416,99.43079848045643,99.3661875783138,99.42804335724655,2944.6764532357492,0.0005569739526039008,99.32930523462463,99.18439087680495,0.2351436961595275
2025-08-05 10:50:00,99.42804335724655,99.46931882277907,99.15012500738005,99.24368973081859,1442.5616082336226,-0.0018541411477401848,99.31218213386343,99.18978168171529,0.22875543814276358
2025-08-05 14:50:00,99.24368973081859,99.28741220775836,99.18415387671718,99.20439437892584,2010.4267273135836,-0.00039594811518328665,99.29062458287592,99.19111010873443,0.2306791379858016
2025-08-05 18:50:00,99.20439437892584,99.22142951620278,98.81293419378794,98.87264785647766,5200.891455090246,-0.0033440708400580554,99.20702923759627,99.1621589948929,0.23671398651405542
2025-08-05 22:50:00,98.87264785647766,99.37188807892333,98.83196637275275,99.30781182455485,1839.4082722911946,0.0044012573498473095,99.227185754988,99.17540016122581,0.26260956980541195
2025-08-06 02:50:00,99.30781182455485,99.31221352880131,99.16027629142363,99.25795133199337,1467.5408240989645,-0.0005020802658461943,99.23333887038908,99.18290481311377,0.2507549430549462
2025-08-06 06:50:00,99.25795133199337,99.36044709846854,99.20307253263549,99.32511151440889,5076.745278413259,0.000676622693842388,99.25169339919304,99.19583269504969,0.2464516224265562
2025-08-06 10:50:00,99.32511151440889,99.32600244018353,99.23168752543852,99.30911748166385,2059.2347325068645,-0.0001610270806765568,99.2631782156872,99.2061313120146,0.24185019279870396
2025-08-06 14:50:00,99.30911748166385,99.52694461259946,99.22492650135106,99.49943001008023,2718.8189823272755,0.0019163651157358963,99.31042857456582,99.23279483002057,0.2182492336949693
2025-08-06 18:50:00,99.49943001008023,99.52372119966515,99.2446701443903,99.31210495315347,4604.985193674866,-0.0018826746736919642,99.31076385028335,99.24000484121446,0.22587982292812317
2025-08-06 22:50:00,99.31210495315347,99.54782854661346,99.25131257363053,99.53606855193023,7369.5424718378845,0.002255149046356486,99.35582479061273,99.2669197240068,0.2433243944475803
2025-08-07 02:50:00,99.53606855193023,99.80374790107005,99.45833482236156,99.7657234309291,2967.1495042467905,0.002307252861600162,99.43780451867602,99.31226551554518,0.2338257642398927
2025-08-07 06:50:00,99.7657234309291,99.98501621733845,99.72842624545063,99.95085589632656,3607.552649972948,0.0018556720588072118,99.54041479420613,99.37031918652531,0.24204831596573126
2025-08-07 10:50:00,99.95085589632656,100.0953227349932,99.88939400435574,100.04209411161366,6185.283920672089,0.0009128307553638582,99.64075065768765,99.43138963426061,0.2517588368474262
2025-08-07 14:50:00,100.04209411161366,100.09906247364972,100.01056396922502,100.01458804010161,3226.808393291231,-0.0002749449794740011,99.71551813417045,99.48440767115524,0.2534650941532886
2025-08-07 18:50:00,100.01458804010161,100.0573832377938,99.64137171208459,99.69993267748345,4237.770749989382,-0.0031460946726291628,99.71240104283305,99.5040008535487,0.26038064488973084
2025-08-07 22:50:00,99.69993267748345,99.76879994632162,99.57956367942627,99.63512774532151,3299.631980141213,-0.0006499997584910044,99.69694638333075,99.5159214800735,0.26652192602217084
2025-08-08 02:50:00,99.63512774532151,99.66039992446976,99.3493740346591,99.42031110290121,2223.4931605817274,-0.002156033191119122,99.64161932724485,99.5072296276033,0.25955982369330044
2025-08-08 06:50:00,99.42031110290121,99.5947320793048,99.3412739184335,99.50962627469674,4233.802178111671,0.0008983594076978907,99.61522071673524,99.50744750461179,0.23909814188620868
2025-08-08 10:50:00,99.50962627469674,99.52380141845747,99.36225559064273,99.41357402559301,6046.408202627349,-0.000965255852118041,99.57489137850679,99.49891355197371,0.2397844697745697
2025-08-08 14:50:00,99.41357402559301,99.5914395404854,99.32429879350595,99.58558649865907,4916.854531609914,0.0017302714921181295,99.57703040253725,99.5067929107633,0.24762491128502667
2025-08-08 18:50:00,99.58558649865907,99.65721578863905,99.46831063540323,99.51474926702198,1687.712270384139,-0.000711320122998349,99.5645741754342,99.50751621587771,0.2543813568915131
2025-08-08 22:50:00,99.51474926702198,99.69467233146122,99.49454893666238,99.59813378463402,2829.0472462547177,0.0008379111460985467,99.57128609727417,99.51575417667374,0.24710316285940134
2025-08-09 02:50:00,99.59813378463402,99.89975061652116,99.57423761904333,99.85159994325547,3582.8556115369724,0.0025448886338526044,99.62734886647043,99.54628560999934,0.25042187301675717
2025-08-09 06:50:00,99.85159994325547,100.14469352501264,99.78093646879569,100.07411658802417,4384.564626591442,0.002228473503630868,99.71670241078118,99.59427024436523,0.2552248075334731
2025-08-09 10:50:00,100.07411658802417,100.23482714600067,100.03932964484794,100.16621701623177,2860.808332842685,0.0009203221706841624,99.80660533187131,99.64626540544401,0.24451655199377598
2025-08-09 14:50:00,100.16621701623177,100.22128527806564,100.03247128128743,100.10408510224815,1786.2707101162016,-0.000620288115438683,99.86610128594668,99.68788537788075,0.239675410914518
2025-08-09 18:50:00,100.10408510224815,100.523295123812,100.03632230017072,100.47809518539042,1917.2683703605455,0.0037362119913513236,99.98850006583544,99.7597226331089,0.259749988986219
2025-08-09 22:50:00,100.47809518539042,100.54308620252351,100.39854722773094,100.49854577136293,1594.9127021249437,0.0002035327793066255,100.09050920694095,99.82688837295017,0.2637528797267805
2025-08-10 02:50:00,100.49854577136293,100.50268258595969,100.18477536687291,100.24623903039458,2345.740193991549,-0.0025105511630223454,100.12165517163169,99.86501115999056,0.2567454292537497
2025-08-10 06:50:00,100.24623903039458,100.60066117723319,100.14966855787611,100.56883453523417,930.9338049515701,0.0032180310000635703,100.21109104435219,99.92899510319452,0.27544231157244475
2025-08-10 10:50:00,100.56883453523417,100.64411790052907,100.5293730802498,100.60077122451858,3204.255185473494,0.0003175604990552916,100.28902708038547,99.99006565967852,0.26142223517734614
2025-08-10 14:50:00,100.60077122451858,100.90208196153083,100.59985302930026,100.86932959316455,3636.6503801948134,0.0026695458233279012,100.40508758294129,100.06999874454088,0.26490586170300745
2025-08-10 18:50:00,100.86932959316455,100.92571462321331,100.77859905586982,100.88145658112175,1121.044693526588,0.0001202247304121773,100.5003613825774,100.1437676387755,0.2638751288122044
2025-08-10 22:50:00,100.88145658112175,100.98146230972989,100.65838216256353,100.67732888800664,1436.6234765760387,-0.00202344117574238,100.53575488366324,100.19227320688742,0.26787080025412685
2025-08-11 02:50:00,100.67732888800664,100.90180776798842,100.58726509298346,100.87544907293788,3322.1717189528567,0.0019678728778316223,100.60369372151818,100.2543801038011,0.27684490895192226
2025-08-11 06:50:00,100.87544907293788,100.96401199816991,100.71660786275424,100.78470548228083,1862.60031939698,-0.0008995607106685455,100.63989607367071,100.3025915018447,0.28022210471026704
2025-08-11 10:50:00,100.78470548228083,101.05979570673749,100.73926756151589,100.97439234326953,2651.43648497415,0.0018820996705899429,100.70679532759048,100.3636643056106,0.27986604383482216
2025-08-11 14:50:00,100.97439234326953,101.05460377042702,100.89749317156308,101.0185895547913,2525.707309905593,0.0004377071304526581,100.76915417303066,100.42320296462702,0.26510558259532097
2025-08-11 18:50:00,101.0185895547913,101.02354269143576,100.71002322981582,100.76497850243587,4750.107791146406,-0.0025105384412230647,100.7683190389117,100.45427346806419,0.27353572262869363
2025-08-11 22:50:00,100.76497850243587,100.90364666165604,100.67880330312333,100.8560856037213,3878.7978347458957,0.0009041544258676648,100.78587235187362,100.49080184403302,0.27610924846830087
2025-08-12 02:50:00,100.8560856037213,101.06447782224107,100.85338388979967,100.99624748813076,1608.5590121481796,0.0013897216372265042,100.82794737912506,100.5367514480419,0.2564036133825951
2025-08-12 06:50:00,100.99624748813076,101.03475696507901,100.79364406873985,100.8111812179811,1102.8581511214352,-0.001832407388912216,100.82459414689627,100.56169960894546,0.26330175063592315
2025-08-12 10:50:00,100.8111812179811,100.88929555013509,100.60474503055278,100.64730500652657,2229.254637026857,-0.0016255757493822687,100.78913631882234,100.56948191781647,0.260919129242747
2025-08-12 14:50:00,100.64730500652657,100.70889096891331,100.1672434708102,100.25686671592278,2962.462150866895,-0.0038792721829805643,100.68268239824243,100.54106235400795,0.26739447772460573
2025-08-12 18:50:00,100.25686671592278,100.64521397132147,100.23437065883657,100.5513704448828,3287.890556545743,0.0029374918507527603,100.65642000757052,100.54199945317839,0.2885443700250079
2025-08-12 22:50:00,100.5513704448828,100.59874777108097,100.42055490768139,100.43724051212284,1953.9646343099296,-0.0011350410467306782,100.61258410848099,100.53247591308244,0.27968465082279437
2025-08-13 02:50:00,100.43724051212284,100.58363235223919,100.43599321386338,100.50903762721839,2959.5659746779725,0.0007148455565830769,100.59187481222847,100.53034515982206,0.2797220487536742
2025-08-13 06:50:00,100.50903762721839,100.55666751989557,100.44925887868129,100.5278225654215,2704.3461747327665,0.0001868980008821186,100.57906436286709,100.53011583305837,0.26431694118566795
2025-08-13 10:50:00,100.5278225654215,100.54085391015332,100.34532391613058,100.37635842535688,2988.3651835794517,-0.0015066887573940146,100.53852317536506,100.51613788690369,0.25581603540122344
2025-08-13 14:50:00,100.37635842535688,100.47240706212555,99.95420835682057,100.0512015225373,4288.690549998985,-0.003239377358577711,100.44105884479951,100.47387094468857,0.27515850467903186
2025-08-13 18:50:00,100.0512015225373,100.06386505632244,99.95504830953774,100.0371977068698,3643.896545839196,-0.00013996649170011644,100.36028661721357,100.43417337761413,0.26003626193353874
2025-08-13 22:50:00,100.0371977068698,100.07977283841998,99.94011937022165,99.99061436332883,1697.698824059578,-0.0004656602204858862,100.28635216643663,100.39384983086092,0.2587893240288527
2025-08-14 02:50:00,99.99061436332883,100.00200321164189,99.80335366618516,99.88397255801897,1426.5849986031933,-0.0010665181526174905,100.2058762447531,100.34749735151165,0.25058433001719443
2025-08-14 06:50:00,99.88397255801897,100.16503400720536,99.80126148068514,100.06802876183013,2101.467552338493,0.0018427000758731715,100.17830674816851,100.32209111608606,0.2605078420163025
2025-08-14 10:50:00,100.06802876183013,100.09546757889498,99.64867411106765,99.74720068206031,3876.6848045944694,-0.0032060997277504333,100.09208553494688,100.26982834935644,0.27734352311529775
2025-08-14 14:50:00,99.74720068206031,99.84599049761361,99.70361262056194,99.75671891072822,2663.556776749753,9.542351667857218e-05,100.02501221010316,100.22318203675388,0.27029102173762
2025-08-14 18:50:00,99.75671891072822,99.91262309172699,99.67706412183254,99.90616651657783,3450.866803411091,0.0014981207028605947,100.0012430713981,100.19436244401061,0.2667916253313436
2025-08-14 22:50:00,99.90616651657783,99.95243154933834,99.69619911969862,99.79438629992131,8096.0735114300305,-0.0011188520243939903,99.95987171710274,100.15800097636613,0.24640483472681649
2025-08-15 02:50:00,99.79438629992131,99.88219493599713,99.72457813966952,99.85245193623639,3368.1366435085715,0.000581852732082222,99.93838776092949,100.13022379089978,0.22831722642986765
2025-08-15 06:50:00,99.85245193623639,100.14129908936368,99.81259089957327,100.04719024316917,1824.2092072310961,0.0019502606411421208,99.96014825737743,100.12267528656062,0.2390683211720709
2025-08-15 10:50:00,100.04719024316917,100.35692309107095,99.9991559049433,100.29392440796438,3387.8889999025873,0.0024661778526264833,100.02690348749482,100.13824338850641,0.25407746744006027
2025-08-15 14:50:00,100.29392440796438,100.54982370014663,100.21602742844843,100.53116790353813,2211.0730824410834,0.0023654822261089947,100.1277563707035,100.17396379896384,0.27024801247462654
2025-08-15 18:50:00,100.53116790353813,100.54800565457492,100.38640670061102,100.47722396396568,3873.7016988697264,-0.0005365892060879007,100.19764988935594,100.20153290487309,0.2678243667561385
2025-08-15 22:50:00,100.47722396396568,100.72213401810475,100.4089113088649,100.70352634185731,4990.937822108401,0.002252275381063429,100.29882517985622,100.24716867187165,0.25318322418005784
2025-08-16 02:50:00,100.70352634185731,100.76498912922756,100.49476580998451,100.58112211286645,2187.2476555141834,-0.0012154909906068045,100.35528456645828,100.27752807559844,0.2647122650699397
2025-08-16 06:50:00,100.58112211286645,100.62812350454031,100.51301694350504,100.53012031938633,1428.8419029153029,-0.0005070712317456483,100.3902517170439,100.30049100685189,0.26295891455829284
2025-08-16 10:50:00,100.53012031938633,100.55752700113669,100.40696801253168,100.44998366603146,2164.272032995217,-0.0007971407285723986,100.40219810684141,100.31408124859549,0.25952387478317007
2025-08-16 14:50:00,100.44998366603146,100.81483585280338,100.37006197204228,100.74822538343466,2928.6190407693757,0.0029690569029336977,100.47140356216006,100.35354889721722,0.26530968580037595
2025-08-16 18:50:00,100.74822538343466,100.87071531204926,100.66045498786127,100.7935455347217,1041.186660825988,0.00044983572777157477,100.5358319566724,100.3935485915358,0.24841446125470817
2025-08-16 22:50:00,100.7935455347217,100.8074256752761,100.72845152361818,100.78985182778868,2462.224819512752,-3.664626453436792e-05,100.58663593089565,100.42957615846788,0.24388562372658282
2025-08-17 02:50:00,100.78985182778868,100.82863544347354,100.75015460848894,100.81259420505499,2062.0656414052455,0.00022564153884441218,100.63182758572752,100.46439598088489,0.23266575694730868
2025-08-17 06:50:00,100.81259420505499,100.87087782047672,100.44701096923681,100.47715855863244,1161.2329728491327,-0.0033273188639533213,100.60089378030851,100.46555621522558,0.24463964420446466
2025-08-17 10:50:00,100.47715855863244,100.60856961273518,100.43956320811309,100.57374893232374,3224.377648427836,0.0009613167318514027,100.59546481071156,100.47539191677996,0.2454531876540703
2025-08-17 14:50:00,100.57374893232374,100.63018329429971,100.49589176372656,100.54403858291619,1107.8788207186617,-0.0002954085904418591,100.58517956515249,100.48163252279234,0.23156628342426547
2025-08-17 18:50:00,100.54403858291619,100.56935344971633,100.51739899948983,100.53147882830802,6775.999841411683,-0.00012491794426783276,100.5744394177836,100.48616400511195,0.20972251657418287
2025-08-17 22:50:00,100.53147882830802,100.54498697645487,100.4656760592689,100.51357987483038,3562.205310664171,-0.0001780432724779457,100.56226750919296,100.48865635690453,0.19154499125187993
2025-08-18 02:50:00,100.51357987483038,100.85932632902,100.48335167672563,100.76195481757262,2798.439040063225,0.0024710585679221797,100.6022049708689,100.51350167151071,0.2068575411326279
2025-08-18 06:50:00,100.76195481757262,101.19821494230057,100.67286707468276,101.1286594455479,6705.109411531055,0.0036393163336221335,100.7074958658047,100.56942510551409,0.2220093381596249
2025-08-18 10:50:00,101.1286594455479,101.44382538347666,101.08120773698812,101.36924721620923,3903.847417106158,0.002379026598200662,100.83984613588561,100.64213620648637,0.22860893296287493
2025-08-18 14:50:00,101.36924721620923,101.52202613578912,101.31139158698981,101.49879483699155,5034.836319525027,0.0012779775359879064,100.9716358761068,100.72001426380501,0.23543236066030562
2025-08-18 18:50:00,101.49879483699155,101.51204543413138,101.16094793385233,101.19251350697374,1177.3541588021988,-0.0030175858788245025,101.01581140228019,100.76296874045671,0.24975654006559417
2025-08-18 22:50:00,101.19251350697374,101.3122082147737,101.09616870737278,101.28884249980632,3659.5273545926875,0.000951937939815517,101.07041762178542,100.81077544585213,0.23341837053986683
2025-08-19 02:50:00,101.28884249980632,101.52323430087156,101.26918338462691,101.43573424603929,9192.9258959067,0.0014502263290574469,101.1434809466362,100.86758988223278,0.23654626997248585
2025-08-19 06:50:00,101.43573424603929,101.52325894642132,101.27245516834653,101.31700393018208,2906.88600305873,-0.001170497919098401,101.17818554334538,100.90844570477363,0.2488198147165487
2025-08-19 10:50:00,101.31700393018208,101.34385902116298,101.26216205743124,101.27078827266989,10104.846115993752,-0.00045614907389124326,101.19670608921028,100.94138593821874,0.24904953819848735
2025-08-19 14:50:00,101.27078827266989,101.49080564236529,101.26168759269761,101.42096480346096,2943.06397023687,0.0014829205277511193,101.24155783206042,100.98498401687712,0.23513890951475652
2025-08-19 18:50:00,101.42096480346096,101.63426628790052,101.33191510465369,101.58379161994897,2034.5670885820034,0.0016054552113908827,101.31000458963814,101.03942107170182,0.24466353655938025
2025-08-19 22:50:00,101.58379161994897,101.78982675418405,101.50825709212315,101.75432264933677,4161.6806775548075,0.0016787228224932615,101.39886820157787,101.1044121242141,0.25518340309421966
2025-08-20 02:50:00,101.75432264933677,102.43924479688586,101.68393995715059,102.35655577784036,1993.075968475946,0.005918501669742282,101.59040571683038,101.21824336545284,0.3054227166305604
2025-08-20 06:50:00,102.35655577784036,102.40681769311416,102.30135189946071,102.39276954337433,5463.483711943765,0.0003538001572911398,101.75087848213917,101.32501847253661,0.3072909220925238
2025-08-20 10:50:00,102.39276954337433,102.41156250413097,102.1586450114128,102.2361812646905,7108.527523387896,-0.0015292903921062528,101.84793903864944,101.40785145364151,0.2985011249799377
2025-08-20 14:50:00,102.2361812646905,102.31698112088428,101.9359453744917,102.00200404207793,13229.939759938305,-0.002290551346066816,101.87875203933514,101.46186532531755,0.2881931163209929
2025-08-20 18:50:00,102.00200404207793,102.06506173322903,101.89247075730088,101.92108214194697,1308.1692573686814,-0.0007933363750145528,101.88721805985752,101.50361230864749,0.2746197827095358
2025-08-20 22:50:00,101.92108214194697,101.98391850283593,101.90599247791738,101.94911547095711,1333.16725212261,0.00027504936585254214,101.89959754207744,101.54411259613018,0.2651406024323393
2025-08-21 02:50:00,101.94911547095711,102.29751211108302,101.93916456098287,102.28000985380415,4710.95715268561,0.0032456817434702856,101.97568000442278,101.6110123468278,0.2656584631338461
2025-08-21 06:50:00,102.28000985380415,102.56087274262765,102.27094013455526,102.54047936277577,8357.746343002404,0.002546631637442509,102.08863987609338,101.69550934827762,0.2709365417532368
2025-08-21 10:50:00,102.54047936277577,102.61961182569863,102.31325939757468,102.34411272587967,2109.4831028782364,-0.0019150157880711838,102.13973444605064,101.75447329169599,0.27467236403032913
2025-08-21 14:50:00,102.34411272587967,102.4260711872585,102.14653955224104,102.15264632519253,4128.653898016939,-0.0018708101090285645,102.14231682187902,101.79067084019567,0.2767243538119481
2025-08-21 18:50:00,102.15264632519253,102.23356912975012,101.7061380804134,101.79262512370961,2425.108740915368,-0.003524345324709799,102.07237848224514,101.7908485023333,0.3085625027837326
2025-08-21 22:50:00,101.79262512370961,101.88481288293764,101.5287089282712,101.57530076152523,3801.523423411341,-0.0021349715848301143,101.97296293810116,101.77125325316894,0.31763292456935843
2025-08-22 02:50:00,101.57530076152523,101.73691757764261,101.56565364733609,101.68975849786915,3282.610926180706,0.0011268264576704823,101.91632205005476,101.76384463905077,0.3082695493593367
2025-08-22 06:50:00,101.68975849786915,101.81174017504264,101.61920817792463,101.75321591394297,3189.842167675728,0.0006240295680823849,101.88370082283241,101.76287839131369,0.30190971614913004
2025-08-22 10:50:00,101.75321591394297,101.7660503241963,101.38817044861713,101.41103949926607,7063.626315492326,-0.0033628068813696954,101.78916855811914,101.73089303749117,0.27495079013797963
2025-08-22 14:50:00,101.41103949926607,101.5025434265732,101.34974731309481,101.42238174675849,2804.2420432060417,0.00011184430756672192,101.71581119584702,101.70284655651547,0.27833152726833227
2025-08-22 18:50:00,101.42238174675849,101.5625247768488,101.35283380989877,101.55177690095232,2792.3716754195502,0.0012758047283578655,101.6830043368681,101.68911295146427,0.27524391828489414
2025-08-22 22:50:00,101.55177690095232,101.64091414667817,101.35994355348814,101.43781289876006,1369.775736673773,-0.0011222255845253493,101.6339660492465,101.66626749212752,0.26809640734185486
2025-08-23 02:50:00,101.43781289876006,101.44655918310573,101.32758997537631,101.3839707065455,8926.704117477057,-0.0005307901528623926,101.58396698070631,101.6406041479837,0.264266281041946
2025-08-23 06:50:00,101.3839707065455,101.39336284961048,101.2578307265678,101.26454730145701,2565.178619019767,-0.0011779318195590527,101.52008304485646,101.60641716193581,0.2683810023365264
2025-08-23 10:50:00,101.26454730145701,101.3562611560734,101.12443178773732,101.14619267407781,3142.670633431714,-0.0011687666664511598,101.44530497070075,101.56457857213053,0.2593439893533786
2025-08-23 14:50:00,101.14619267407781,101.22279164079342,101.10025773886811,101.10612207103394,3081.7954756481113,-0.0003961652137811633,101.37746839076739,101.52290070839447,0.24738693891430127
2025-08-23 18:50:00,101.10612207103394,101.2251010491523,101.00553586542402,101.1757986240398,1296.1453698781609,0.0006891427697810482,101.33713443742188,101.49134597345314,0.2411878500288966
2025-08-23 22:50:00,101.1757986240398,101.52850826532602,101.17199734820892,101.49367755340302,6598.709069937948,0.003141847494027905,101.36844306061812,101.49155793526675,0.24668637017887107
2025-08-24 02:50:00,101.49367755340302,101.50933219077169,101.26958214386164,101.27468295479393,1423.9334072561867,-0.002157716656723374,101.34969103945329,101.47184202795104,0.22613772714839392
2025-08-24 06:50:00,101.27468295479393,101.34595388444289,101.22433208079447,101.28554118147422,2146.0056483899075,0.00010721560772619654,101.33686106785748,101.45490558736223,0.20938900207567862
2025-08-24 10:50:00,101.28554118147422,101.30427443520992,101.1523622469748,101.16966805214575,1961.3441788045004,-0.0011440243886424728,101.30342246471514,101.42897490234255,0.2080067347848638
2025-08-24 14:50:00,101.16966805214575,101.66514410937909,101.14561735442985,101.57679673396733,3801.843758034065,0.004024216839495054,101.35809731856558,101.44241325067208,0.23136350320138024
2025-08-24 18:50:00,101.57679673396733,101.60482295296607,101.51384140583177,101.53928762747661,2189.1045017288598,-0.0003692684520162359,101.3943353803478,101.45122001219976,0.21087076545531858
2025-08-24 22:50:00,101.53928762747661,101.55520386497211,101.40961110778288,101.43483444500023,2276.3686483377037,-0.0010286972157967922,101.4024351932783,101.44973041518162,0.21035624000609335
2025-08-25 02:50:00,101.43483444500023,101.63498665807295,101.344764505986,101.60297000312373,1417.5754575714748,0.0016575721648628416,101.44254215524738,101.46366128681272,0.2161084675158723
2025-08-25 06:50:00,101.60297000312373,101.68999962226835,101.41284117244344,101.50171697386436,6273.374234559644,-0.000996555802022847,101.45437711897078,101.4671208947265,0.21583617156122056
2025-08-25 10:50:00,101.50171697386436,101.57004023638854,101.35181397543238,101.40177372930161,4700.088418145234,-0.0009846458517395185,101.44385644103696,101.46118024332424,0.22292596107741605
2025-08-25 14:50:00,101.40177372930161,101.60104607402958,101.36120544364077,101.55445899844726,5265.678406664337,0.0015057455459630553,101.46597695251903,101.4696601301536,0.23037656874499696
2025-08-25 18:50:00,101.55445899844726,101.62255123821355,101.38797620068553,101.41533118913848,2602.1671952438346,-0.0013699822802551997,101.45584779984293,101.46472113551586,0.23057268797299255
2025-08-25 22:50:00,101.41533118913848,101.68575290118594,101.3900061731063,101.65258614470456,2652.6442116429766,0.0023394387493897995,101.49519546881525,101.48179977271482,0.2429450326983016
2025-08-26 02:50:00,101.65258614470456,101.69918093291938,101.42496479508623,101.4872509262915,5641.71558027937,-0.001626473311536869,101.49360656031051,101.48229533213087,0.24684867227722102
2025-08-26 06:50:00,101.4872509262915,102.05975452022675,101.48562553997861,101.97128558783241,2206.4045654657434,0.004769413469406736,101.5891423658149,101.5267489917401,0.26239281964372296
2025-08-26 10:50:00,101.97128558783241,102.04357971919745,101.8530683877815,101.8629517502113,5144.4702841578655,-0.0010623955263151519,101.64390424269418,101.55731287887384,0.25887576853700167
2025-08-26 14:50:00,101.8629517502113,101.91579953378731,101.73717878992282,101.77080817751813,3383.072268304541,-0.0009045837677973401,101.66928502965898,101.57672154238696,0.2629471214095775
2025-08-26 18:50:00,101.77080817751813,101.99529073252904,101.69404511064693,101.90967780384774,6590.900834448939,0.0013645330013236645,101.71736358449674,101.60699029342885,0.27361379524150614
2025-08-26 22:50:00,101.90967780384774,102.19287237531866,101.85094829803131,102.11683723568672,3219.8992522526964,0.002032774867934517,101.79725831473473,101.65334001545229,0.2609278896942279
2025-08-27 02:50:00,102.11683723568672,102.1717523636398,101.85325837556893,101.89118439437046,3263.139761774024,-0.0022097515691310576,101.81604353066189,101.67496223171757,0.277178778332554
2025-08-27 06:50:00,101.89118439437046,101.91142447121915,101.49400873516248,101.49943150186547,1560.5627286983909,-0.003844816358093306,101.7527211249026,101.65900489264011,0.29659470539451355
2025-08-27 10:50:00,101.49943150186547,101.89335652106622,101.4120447705551,101.81675454205659,3103.9309431309953,0.0031263528819398534,101.76552780833342,101.6733457698598,0.31024396242481245
2025-08-27 14:50:00,101.81675454205659,102.2991933158513,101.80113969434248,102.20386842874352,3241.9223751936397,0.0038020646840302152,101.85319593241545,101.72157510248559,0.3260221889736629
2025-08-27 18:50:00,102.20386842874352,102.59242015417563,102.11670433572795,102.54758763055433,1197.4127264668618,0.0033630742856907148,101.99207427204323,101.79666715049183,0.3444143002230575
2025-08-27 22:50:00,102.54758763055433,102.82102556548746,102.50993570323241,102.78189049705779,1404.0303328786422,0.0022848208516379476,102.15003751704614,101.88623290927055,0.3495035310706456
2025-08-28 02:50:00,102.78189049705779,103.0132232191619,102.77366571184676,102.9148774633432,1035.2632306726239,0.0012938754642699557,102.30300550630557,101.97974605054988,0.3498594217697258
2025-08-28 06:50:00,102.9148774633432,103.22526642130876,102.87383502634775,103.18610775669003,1961.8532070798294,0.0026354818664915403,102.47962595638246,102.08941529656262,0.35383689797553836
2025-08-28 10:50:00,103.18610775669003,103.22825020147208,103.04416160679799,103.10799161309222,978.284215949313,-0.0007570412848791896,102.60529908772442,102.18201314351985,0.3473992163213201
2025-08-28 14:50:00,103.10799161309222,103.12955886953984,103.07846962758168,103.09255637123,2145.8565902161617,-0.00014969976255707618,102.70275054442554,102.26478980058441,0.3100392350148929
2025-08-28 18:50:00,103.09255637123,103.14158283159443,102.70431109238123,102.73180128082173,1587.0428539270822,-0.0034993320866855138,102.70856069170479,102.30724538969689,0.3276649784289824
2025-08-28 22:50:00,102.73180128082173,102.75991527997799,102.70957611115057,102.7134675984884,3061.8322083045514,-0.00017846160687096102,102.70954207306151,102.3441746814052,0.31850200878347784
2025-08-29 02:50:00,102.7134675984884,102.72639149702862,102.5515124820027,102.6511329825369,5027.065250247376,-0.0006068787025590439,102.6978602549566,102.37207998150808,0.3094758225794629
2025-08-29 06:50:00,102.6511329825369,102.7284628967915,102.28525784702357,102.38433683932678,2844.770327110601,-0.002599056975391645,102.63515557183064,102.37319424130978,0.3167101777566472
2025-08-29 10:50:00,102.38433683932678,102.46201374333845,102.38062596884022,102.42879395538569,2581.6412806862227,0.00043421794222964216,102.59388324854166,102.37824876077121,0.29977401964431544
2025-08-29 14:50:00,102.42879395538569,102.63945368020055,102.35082845820189,102.62682604614983,4973.738231448679,0.001933363492011786,102.6004718080633,102.40084669580563,0.2905746972116004
2025-08-29 18:50:00,102.62682604614983,102.67596442505354,102.43884520099236,102.49230927855797,2326.7720109644224,-0.0013107368976934541,102.57883930216225,102.40916147605584,0.27313237389374684
2025-08-29 22:50:00,102.49230927855797,102.59654326084569,102.45137772385233,102.5962009367839,2447.994162921982,0.0010136532092721584,102.58231162908659,102.42616506339475,0.2479260821426428
2025-08-30 02:50:00,102.5962009367839,102.62043312252108,102.46536906659806,102.54519443937346,3015.7644472290053,-0.0004971577596900589,102.57488819114397,102.43698591575645,0.22502238481945266
2025-08-30 06:50:00,102.54519443937346,102.88326198939963,102.45715838993276,102.85161287605345,3283.161899031339,0.0029881306321102308,102.63023312812587,102.47467927578344,0.23323765176315447
2025-08-30 10:50:00,102.85161287605345,103.03317179964321,102.80012567115503,103.00612451947022,3773.5162478456787,0.0015022773012123292,102.70541140639475,102.52299247975496,0.2327725532755147
2025-08-30 14:50:00,103.00612451947022,103.0108576487228,102.68989938693069,102.70596724257895,7883.619596854512,-0.0029139750504304507,102.7055225736316,102.53962654910259,0.23059590090630774
2025-08-30 18:50:00,102.70596724257895,102.81213545829544,102.63672345565831,102.77612481177741,3251.4097314220467,0.0006830914608180194,102.71964302126077,102.56112639116394,0.22997614433223898
2025-08-30 22:50:00,102.77612481177741,102.80943614248366,102.6992809622311,102.74092756422235,1571.9564603865938,-0.00034246521377923056,102.72389992985309,102.57747195235106,0.23419513992469682
2025-08-31 02:50:00,102.74092756422235,103.04166893651762,102.69219122707399,102.96810089079227,2472.125603732873,0.0022111278528988976,102.77274012204093,102.61298367402753,0.22792413779829904
2025-08-31 06:50:00,102.96810089079227,102.98008722577212,102.73955831395874,102.79578705865855,1411.1635162276352,-0.0016734680997610996,102.77734950936446,102.62960216353945,0.24150911944015366
2025-08-31 10:50:00,102.79578705865855,102.87738375681762,102.6737774889873,102.70509431824999,6640.6735163795665,-0.0008822612580104972,102.76289847114157,102.63646508669494,0.24356106606904046
2025-08-31 14:50:00,102.70509431824999,102.79689082428344,102.64155760857764,102.7140743783795,2087.7996649464717,8.743539148770019e-05,102.75313365258916,102.64352047684808,0.22299879220745972
2025-08-31 18:50:00,102.7140743783795,102.99586227299406,102.64802436678303,102.92454333998748,6392.3575035976955,0.002049076164895025,102.78741559006883,102.66906800986075,0.24203094447265983
2025-08-31 22:50:00,102.92454333998748,102.94284556245309,102.58720486379997,102.6858559993167,2296.192937452026,-0.0023190517336796335,102.7671036719184,102.67059419072038,0.24681776423369278
2025-09-01 02:50:00,102.6858559993167,102.70881196776791,102.49849104091463,102.51086632061394,1833.359497693376,-0.0017041264057234828,102.71585620165752,102.65607347525615,0.24490360014741494
2025-09-01 06:50:00,102.51086632061394,102.73180391434467,102.44065579675029,102.71072510969248,4343.944740674872,0.0019496351582226623,102.71482998326451,102.66104180565945,0.2553309273332017
2025-09-01 10:50:00,102.71072510969248,102.7531159572736,102.64231107400481,102.64321197795554,4636.057605931503,-0.0006573133590949132,102.70050638220272,102.65942091223182,0.25216955785789913
2025-09-01 14:50:00,102.64321197795554,102.67213840928075,102.44221478945761,102.48742605213337,4389.2359567076555,-0.001517742116796117,102.65789031618885,102.64378501585924,0.2381567021690612
2025-09-01 18:50:00,102.48742605213337,102.73166622625854,102.41863976867349,102.70008599025458,1932.3737321606911,0.002074985647634753,102.66632945100201,102.64890328625881,0.2438695828188376
2025-09-01 22:50:00,102.70008599025458,102.79866296879091,102.67072007464691,102.77070988988082,10711.1032023869,0.0006876712803622897,102.68720553877777,102.6599766138608,0.23008277084397225
2025-09-02 02:50:00,102.77070988988082,103.28238754154108,102.72215458344999,103.19435353102688,3204.663623195667,0.004122221609639487,102.7886351372276,102.70855633360317,0.2575699819478266
2025-09-02 06:50:00,103.19435353102688,103.3139347806222,103.17153710340729,103.29045125668284,6488.142357060598,0.0009312304633710689,102.88899836111865,102.76145587206496,0.2598730174451376
2025-09-02 10:50:00,103.29045125668284,103.38598549858436,102.91705126630367,102.95968489779821,3349.2448177113856,-0.0032022936763308474,102.90313566845457,102.77947669258616,0.26840562621921293
2025-09-02 14:50:00,102.95968489779821,103.16199560201913,102.86000973479257,103.08232955509953,3024.35068538672,0.0011911910707871343,102.93897444578357,102.80700877099646,0.2727954087487256
2025-09-02 18:50:00,103.08232955509953,103.16911623147824,102.86491301364725,102.95787995119908,3299.6498470643282,-0.0012072835803922377,102.94275554686668,102.82072433283307,0.2799809051773445
2025-09-02 22:50:00,102.95787995119908,102.96942771527961,102.78750237672502,102.86094096333231,3923.5258506802747,-0.0009415402484269642,102.92639263015981,102.82438039015118,0.28188034252368716
2025-09-03 02:50:00,102.86094096333231,102.9040880680067,102.42308465976242,102.43203179073024,3612.6269517137616,-0.004169796315153018,102.8275204622739,102.78871233565836,0.29139216409749075
2025-09-03 06:50:00,102.43203179073024,102.73909632319473,102.36857757058002,102.72433216777858,6330.506067299342,0.002853603232683355,102.80688280337483,102.78285959312383,0.2924548822376047
2025-09-03 10:50:00,102.72433216777858,103.40291576882088,102.68574925710519,103.32652720802442,3882.612108570416,0.005862243419234581,102.91081168430476,102.83228392175116,0.328658138299205
2025-09-03 14:50:00,103.32652720802442,103.44809352356184,103.24325338445509,103.38169336888039,3963.1354665294266,0.0005339012385938702,103.00498802121989,102.88223023512654,0.3224932826929461
2025-09-03 18:50:00,103.38169336888039,103.61832579756307,103.30064514394354,103.59780508041369,3196.504578711269,0.0020904253402214135,103.12355143305865,102.947282493789,0.3372701234322853
2025-09-03 22:50:00,103.59780508041369,103.6246161517488,103.44449736766438,103.45723491076949,5096.09359387802,-0.0013568836669376472,103.19028812860083,102.99364180442359,0.3337126351652334
2025-09-04 02:50:00,103.45723491076949,103.55490393422961,103.34572511569793,103.35289962101835,1487.8106162724735,-0.001008487128436375,103.22281042708434,103.0263016059322,0.3262949466614212
2025-09-04 06:50:00,103.35289962101835,103.44526668025779,103.25411274232205,103.370904697975,2208.8318607975602,0.0001742096934163051,103.25242928126248,103.05762915975427,0.33081002121797404
2025-09-04 10:50:00,103.370904697975,103.44652891515413,103.15194682650032,103.17570376741716,4646.985560983601,-0.001888354669316028,103.23708417849342,103.06836321499635,0.31183495911531117
2025-09-04 14:50:00,103.17570376741716,103.32014363318426,103.15932723689954,103.29180783262551,3456.2116078373165,0.0011253043203860447,103.24802890931984,103.08867636205355,0.31315058190601114
2025-09-04 18:50:00,103.29180783262551,103.40126431216319,103.22172263946416,103.38147603930041,3620.2412233734353,0.0008681056954700228,103.27471833531597,103.11529451453053,0.29247968479303565
2025-09-04 22:50:00,103.38147603930041,103.44710286907215,103.13909959375275,103.24047881462025,4724.3002547411,-0.0013638538554678892,103.26787043117683,103.12667490544777,0.2929094996568103
2025-09-05 02:50:00,103.24047881462025,103.27190895921903,103.14683911864822,103.21728558112927,3038.4486027781727,-0.00022465251766812244,103.25775346116733,103.13491223960064,0.28011425842394083
2025-09-05 06:50:00,103.21728558112927,103.51980219554203,103.18072102200799,103.42729526251605,1705.0259140314572,0.0020346367394219467,103.29166182143707,103.16149251441112,0.2913396752081872
2025-09-05 10:50:00,103.42729526251605,103.46900798460305,103.1070527633027,103.16961535048557,1641.143832287191,-0.0024914111055156507,103.26725252724678,103.16223095405425,0.2828362332836209
2025-09-05 14:50:00,103.16961535048557,103.18289799237756,102.87778542938665,102.94772131391659,2676.1852972862057,-0.0021507692532841682,103.20334628458075,103.1427300776781,0.2781643625962066
2025-09-05 18:50:00,102.94772131391659,103.36409559014471,102.87733050778976,103.34792970495114,2374.638066212391,0.0038874914949715844,103.23226296865484,103.16138458924837,0.26170711764186805
2025-09-05 22:50:00,103.34792970495114,103.46486087151021,103.31331655957705,103.37395863632534,2273.9044132289246,0.0002518573081096154,103.26060210218894,103.180709502619,0.25790027284375483
2025-09-06 02:50:00,103.37395863632534,103.39133145313066,103.22024944030996,103.27206683375645,1549.095855430223,-0.000985662191068326,103.26289504850244,103.18901471454058,0.24742894135812424
2025-09-06 06:50:00,103.27206683375645,103.2857929286776,102.9130727916852,102.92659220731633,3415.599298888638,-0.0033452862621240476,103.19563448026523,103.16515812297473,0.26118618085155176
2025-09-06 10:50:00,102.92659220731633,102.93077057763594,102.85151539536616,102.92470748889906,2818.6962982091054,-1.831128746088151e-05,103.141449081992,103.1432989744224,0.2519059211185584
2025-09-06 14:50:00,102.92470748889906,103.00544732927138,102.86742193281378,102.99518409614382,3454.5463696251995,0.0006847394465741008,103.11219608482236,103.12983398548798,0.2481110252986909
2025-09-06 18:50:00,102.99518409614382,103.09310208786329,102.85463156224961,102.92604721092175,3405.410402306578,-0.0006712632811795016,103.07496631004224,103.11130791507286,0.24410305651010994
2025-09-06 22:50:00,102.92604721092175,102.99213393221541,102.88510884519164,102.96134953535889,6128.926076370075,0.0003429872747837681,103.05224295510558,103.09767533509886,0.2402608201343282
2025-09-07 02:50:00,102.96134953535889,103.05760314728909,102.85852503213992,102.91657093703253,2008.7109868317,-0.0004349068706698267,103.02510855149097,103.081211298911,0.24165628030933764
2025-09-07 06:50:00,102.91657093703253,103.0053775605052,102.8309968138704,102.94468494271275,3044.2967942939663,0.00027317277892424663,103.00902382973534,103.06879981198388,0.23211181397472253
2025-09-07 10:50:00,102.94468494271275,103.00998480473869,102.57077559039561,102.6634120857391,3675.5127303560535,-0.0027322717742075397,102.9399014809361,103.03194638232526,0.25455034067274135
2025-09-07 14:50:00,102.6634120857391,102.68783601182648,102.34289212815708,102.39820630723541,4181.285546031542,-0.0025832550576265767,102.83156244619597,102.97433364822618,0.25496910568241
2025-09-07 18:50:00,102.39820630723541,102.46865372075213,102.26125796339056,102.26296597645998,2408.000627453192,-0.0013207294898277544,102.71784315224878,102.90966385988379,0.24392914397249704
2025-09-07 22:50:00,102.26296597645998,102.31617630863089,102.05471163120154,102.13063017428536,4394.825739584405,-0.0012940735769886302,102.6004005566561,102.83884261573847,0.2408114378609564
2025-09-08 02:50:00,102.13063017428536,102.13377122673977,102.09017647277071,102.13140784578358,4888.228414637497,7.614478603423791e-06,102.5066020144816,102.77453036392438,0.20915641440482144
2025-09-08 06:50:00,102.13140784578358,102.15286621671096,101.87158163698224,101.97352501173837,3504.370145306074,-0.0015458793467687526,102.39998661393297,102.70171169554384,0.2184235763902182
2025-09-08 10:50:00,101.97352501173837,102.1645573800683,101.9394670534428,102.06351395717623,3880.812694452268,0.0008824736168284719,102.33269208258163,102.6436937193286,0.22228131309056107
2025-09-08 14:50:00,102.06351395717623,102.11805310946494,101.66872313331481,101.72995538199179,1277.6286845023703,-0.003268147080693229,102.21214474246366,102.56062659775252,0.22775344445897008
2025-09-08 18:50:00,101.72995538199179,101.732363298104,101.53938079108627,101.60147310306229,1474.7186011074796,-0.0012629739042649968,102.09001041458339,102.47343082550795,0.23587682479810976
2025-09-08 22:50:00,101.60147310306229,101.68010280316301,101.19902364808546,101.23203097765763,2011.9855436660212,-0.003636188670511742,101.91841452719824,102.36057629388519,0.2603806646995354
2025-09-09 02:50:00,101.23203097765763,101.26486586949191,100.88830015439969,100.97810686441453,1020.2395610520819,-0.0025083376357345477,101.7303529946415,102.2348972548424,0.270244606805146
2025-09-09 06:50:00,100.97810686441453,101.0742841694962,100.95454228890635,101.05629882890359,2163.451272617601,0.0007743457162854295,101.59554216149392,102.1277519433934,0.2711529492027225
2025-09-09 10:50:00,101.05629882890359,101.31374226502797,101.01723249261431,101.21729067728955,4353.4873020815185,0.0015930906856043148,101.51989186465306,102.04498273738396,0.27811235329304346
2025-09-09 14:50:00,101.21729067728955,101.24243624755569,100.4692915270158,100.5479080501911,5246.177047037962,-0.006613322907769281,101.32549510176068,101.90888503854825,0.3208812085719787
2025-09-09 18:50:00,100.5479080501911,100.68468133363328,100.48859379810705,100.58470424950521,1880.5974841004233,0.0003659568859029072,101.1773369313096,101.78850496681706,0.30351537437077525
2025-09-09 22:50:00,100.58470424950521,100.59048101349435,100.24833007720514,100.26589856874133,1813.1240034304724,-0.00316952446341201,100.99504925879594,101.65008620335563,0.30331587812933336
2025-09-10 02:50:00,100.26589856874133,100.42475574534501,100.22281352751801,100.32930072793533,4527.621491523587,0.0006323402083763252,100.86189955262383,101.53001479649923,0.30292633959114973
2025-09-10 06:50:00,100.32930072793533,100.36816690964321,100.13842405237374,100.22956602101554,1821.8229944832954,-0.0009940735776704512,100.73543284630217,101.41179218054617,0.3006604952940159
2025-09-10 10:50:00,100.22956602101554,100.26633082058103,99.71697322242622,99.72249493022804,2502.8058390222304,-0.005059096940329799,100.53284526308735,101.25821970324452,0.3367864127358554
2025-09-10 14:50:00,99.72249493022804,99.73540400781786,99.44839713659127,99.53577576307467,1951.2933647016648,-0.001872387642166462,100.33343136308483,101.1016338905018,0.3371951478428465
2025-09-10 18:50:00,99.53577576307467,99.57797376215163,99.42785847471363,99.47710568520164,3626.7158874663533,-0.0005894370885568545,100.1621662275082,100.95394950820179,0.33183978790088176
2025-09-10 22:50:00,99.47710568520164,99.50453527203896,99.2346563854839,99.31038565463243,2511.676580902959,-0.001675963825252369,99.99181011293305,100.80453461242276,0.31902185292980584
2025-09-11 02:50:00,99.31038565463243,99.37024798058555,99.23416669460678,99.29621076030146,3012.307708270045,-0.00014273325229308131,99.85269024240674,100.66741426222991,0.31495747999845086
2025-09-11 06:50:00,99.29621076030146,99.5476850090965,99.23478430935923,99.45882611806893,2515.3230630598705,0.0016376793889951724,99.77391741753918,100.55754261276073,0.3029447331884307
2025-09-11 10:50:00,99.45882611806893,99.46927010201202,99.34319465523501,99.35560415504445,1919.515386525752,-0.0010378361283084336,99.69025476504024,100.44827548024107,0.28505257116591515
2025-09-11 14:50:00,99.35560415504445,99.40836170724445,99.03234398590185,99.05924714060853,6304.129436302205,-0.0029827911264416196,99.5640532401539,100.32200017663811,0.30335798836254113
2025-09-11 18:50:00,99.05924714060853,99.27997219177558,99.04494291753333,99.21319947236283,2130.066916531587,0.0015541439713928629,99.4938824865957,100.22120011261309,0.2989665242074407
2025-09-11 22:50:00,99.21319947236283,99.2561713161846,98.9612088560034,98.97718470228018,3697.943289527515,-0.002378864620210086,99.3905429297326,100.10810780258282,0.26481064846753505
2025-09-12 02:50:00,98.97718470228018,98.99263736459072,98.64114728126175,98.71864321231469,3670.8555166612387,-0.002612132187262972,99.25616298624902,99.98179283983117,0.27591083045344483
2025-09-12 06:50:00,98.71864321231469,98.95928659236839,98.65100105485821,98.92981027775039,4455.306774408295,0.00213907989984774,99.1908924445493,99.8861580614602,0.27349187339779896
2025-09-12 10:50:00,98.92981027775039,99.13948617497647,98.89325196627514,99.09300240715942,3796.0787093115077,0.0016495748748619476,99.17131443707133,99.81405300197831,0.27665558703167953
2025-09-12 14:50:00,99.09300240715942,99.12788331528786,98.74412471432015,98.77716922266613,4562.937711766689,-0.003187240035331329,99.0924853941903,99.71979084022266,0.2876567115815537
2025-09-12 18:50:00,98.77716922266613,98.87596825981625,98.68131939734236,98.8230278229996,1693.2160385310563,0.00046426315609537916,99.03859387995217,99.63826692956602,0.2623203733186301
2025-09-12 22:50:00,98.8230278229996,98.95056215302452,98.75273312798198,98.92550622453872,4526.4345637842725,0.0010369890884407429,99.01597634886949,99.57347050183625,0.255950527162626
2025-09-13 02:50:00,98.92550622453872,99.01605800690214,98.60820329611285,98.69085995761763,6374.263845550705,-0.0023719491148066485,98.95095307061912,99.49323317963456,0.2743604859734329
2025-09-13 06:50:00,98.69085995761763,98.77152118627158,98.52373996449056,98.59490730704175,2517.9494540606797,-0.0009722546811030686,98.87974391790365,99.41156719121703,0.27278208134671594
2025-09-13 10:50:00,98.59490730704175,98.8513777707255,98.51830852026498,98.78337496559529,975.6921171199263,0.0019115354301881826,98.86047012744199,99.35445880706959,0.2868526502382705
2025-09-13 14:50:00,98.78337496559529,98.86995644756496,98.66138898227561,98.6737788398332,1467.8942956327776,-0.001109459216191544,98.82313186992023,99.2925788100481,0.2794002763491333
2025-09-13 18:50:00,98.6737788398332,98.96188920520358,98.6230212708176,98.95711796809783,2290.4887483412876,0.0028714733700889727,98.84992908955576,99.2620823698708,0.29459973974977366
2025-09-13 22:50:00,98.95711796809783,99.16070812362811,98.9274192489112,99.09758648603903,2001.4272858783647,0.001419488772768096,98.89946056885242,99.24712819861337,0.28440482213365215
2025-09-14 02:50:00,99.09758648603903,99.42647082332259,99.09050400187458,99.37843385745435,1388.9543041003456,0.002834048551272117,98.99525522657281,99.25906507668982,0.2916146469340636
2025-09-14 06:50:00,99.37843385745435,99.46808905991509,99.28372003495375,99.30752445198966,5534.905260797625,-0.00071352911001199,99.05770907165619,99.26347047444435,0.2837151158469301
2025-09-14 10:50:00,99.30752445198966,99.31504982541047,99.17003013050031,99.20261148034672,4408.9797849554025,-0.0010564453421015862,99.08668955339431,99.25793783861728,0.2689672309598724
2025-09-14 14:50:00,99.20261148034672,99.38172584516705,99.18549228222382,99.28714201712398,813.3624448121818,0.0008520999146681696,99.12678004614025,99.26059276393607,0.26096351849080535
2025-09-14 18:50:00,99.28714201712398,99.36041086926039,99.21587263759503,99.24123193492498,4526.014155052557,-0.0004623970563185642,99.1496704238972,99.25883268857143,0.253699520131094
2025-09-14 22:50:00,99.24123193492498,99.40599608522965,99.20674393383561,99.39351866120452,1881.6578103654,0.0015345106394830665,99.19844007135868,99.27107686790171,0.24052048801868864
2025-09-15 02:50:00,99.39351866120452,99.60657351913528,99.33893620121297,99.53661199169946,5041.669144397471,0.0014396646021024306,99.26607445542683,99.2952164246106,0.24573394912214752
2025-09-15 06:50:00,99.53661199169946,99.63073669452496,99.34659067881935,99.43763404119392,3159.4492660034134,-0.0009943873769161504,99.30038637258025,99.30816348066362,0.25189944845522355
2025-09-15 10:50:00,99.43763404119392,99.66932561228218,99.42144951716074,99.57899743031373,2301.2449451506454,0.0014216286467683137,99.35610858412696,99.33278474881362,0.24047240447894833
2025-09-15 14:50:00,99.57899743031373,99.6124335927749,99.38814872805936,99.43381591648344,2536.9597452105113,-0.0014579531585653394,99.37165005059826,99.34196940041997,0.23879409325998527
2025-09-15 18:50:00,99.43381591648344,99.93630505234343,99.33827728256183,99.85429030847193,1976.9723054011313,0.0042286860673401705,99.468178102173,99.38854402842469,0.2577197017829188
2025-09-15 22:50:00,99.85429030847193,99.90356153370571,99.38022652495104,99.43137008233873,1471.888214037392,-0.00423537361115589,99.46081649820616,99.39243730605324,0.28020309774472757
2025-09-16 02:50:00,99.43137008233873,99.52980230157688,99.36718958992252,99.49858523870911,2671.6776682433187,0.0006759954762236564,99.46837024630675,99.40208711811286,0.26761343897818385
2025-09-16 06:50:00,99.49858523870911,99.55290823082228,99.27632169059963,99.3041205947709,6652.203020749882,-0.0019544463217409103,99.43552031599958,99.39318107053631,0.2707061293714515
2025-09-16 10:50:00,99.3041205947709,99.40013218570758,99.05494109645431,99.08224593539158,3770.9846855152796,-0.0022342945896949296,99.36486543987799,99.36491424006861,0.27136500564325516
2025-09-16 14:50:00,99.08224593539158,99.16701919617626,98.8759567409262,98.94619480174872,3647.6978531940113,-0.0013731131380648742,99.28113131225214,99.32684883658499,0.27898596494959194
2025-09-16 18:50:00,98.94619480174872,99.31300036688802,98.90995528881078,99.24496115750958,2902.7378504407916,0.003019483026704295,99.27389728130363,99.31940450212358,0.29741634946152623
2025-09-16 22:50:00,99.24496115750958,99.63163986759605,99.14825738101683,99.5579580504571,2969.5030517557707,0.003153781202561712,99.33070943513434,99.34109118833571,0.31792698686409643
2025-09-17 02:50:00,99.5579580504571,99.73497284227192,99.45934219875566,99.6710365861434,6040.853584983116,0.0011358060962740613,99.39877486533616,99.37108622450005,0.32729073056773117
2025-09-17 06:50:00,99.6710365861434,99.90103501015683,99.584140299875,99.84714201086692,5488.181278973009,0.0017668665918941784,99.48844829444232,99.41436402326067,0.3356937704882879
2025-09-17 10:50:00,99.84714201086692,99.94086470552726,99.65413277170651,99.67031847186807,7683.9961095290955,-0.0017709424169557453,99.52482232992747,99.43763260949771,0.3370576716238907
2025-09-17 14:50:00,99.67031847186807,99.73224390090247,99.42778468476783,99.49857853262192,3952.993235705161,-0.00172308006916444,99.51957357046636,99.44317314796355,0.3385086145116795
2025-09-17 18:50:00,99.49857853262192,99.74904235237821,99.42502725931114,99.6512359059093,3378.473847278798,0.0015342668763587142,99.54590603755496,99.46208794414044,0.34394711436493913
2025-09-17 22:50:00,99.6512359059093,99.68589887678617,99.36730217315414,99.42906713431766,1682.755937645919,-0.0022294632833396166,99.52253825690751,99.45908605233836,0.350683674287545
2025-09-18 02:50:00,99.42906713431766,99.71820994666948,99.34455118142904,99.63582331005347,3091.8920745560386,0.0020794339290792774,99.54519526753671,99.47515307576701,0.3346573168203193
2025-09-18 06:50:00,99.63582331005347,99.66308828701355,99.6060928642513,99.65265163682643,1312.2272207307728,0.0001688983561725088,99.56668654139466,99.4912893085906,0.30134734639228966
2025-09-18 10:50:00,99.65265163682643,99.83858167023543,99.62795372664563,99.79959961306822,2668.8656228337154,0.001474601767520678,99.61326915572938,99.51931751808856,0.30477700581624945
2025-09-18 14:50:00,99.79959961306822,100.24186831609086,99.77472130999121,100.17938585401893,3346.1672257771074,0.0038054886234331065,99.7264924953873,99.57932373044586,0.31838846766460654
2025-09-18 18:50:00,100.17938585401893,100.26506072169455,100.10116377811076,100.15239863693783,1063.7567997768795,-0.0002693889251869086,99.81167372369741,99.63142144921785,0.30543888583107304
2025-09-18 22:50:00,100.15239863693783,100.23704412476494,100.07657755435456,100.0979877445795,5040.302563745947,-0.0005432809707891506,99.86893652787383,99.673836566978,0.29611060834252456
2025-09-19 02:50:00,100.0979877445795,100.34432166888996,100.04205695131071,100.24691568434308,3188.357064610029,0.0014878215148899088,99.94453235916768,99.72593466855663,0.28891201116409654
2025-09-19 06:50:00,100.24691568434308,100.70013486510072,100.17395958270671,100.66704543049741,4534.193951596635,0.004190949350274531,100.08903497343363,99.81149019236943,0.2919686394365816
2025-09-19 10:50:00,100.66704543049741,100.74462673428363,100.58258792773329,100.67359765315169,2470.6680532424916,6.508805961535913e-05,100.20594750937724,99.88986359789509,0.2838549367961595
2025-09-19 14:50:00,100.67359765315169,101.20203427760688,100.67083631039404,101.12856124238063,3001.342535597974,0.0045191947028297985,100.39047025597793,100.0024724746665,0.2991623122912322
2025-09-19 18:50:00,101.12856124238063,101.17764263258991,101.06658618291463,101.1523020038461,2862.0555866543614,0.00023475822432184046,100.54283660555157,100.10700243186464,0.28661406342369844
2025-09-19 22:50:00,101.1523020038461,101.38915425560813,101.15105883477597,101.29936761221173,2873.102416514306,0.00145390273332624,100.6941428068836,100.21539926644165,0.28187379233066423
2025-09-20 02:50:00,101.29936761221173,101.39119402433408,101.20354948224808,101.27285076160078,4677.224800341446,-0.00026176718804860055,100.80988439782705,100.31153122054702,0.2721330386891592
2025-09-20 06:50:00,101.27285076160078,101.40154819563625,101.2589195940457,101.32150029333187,3152.5675240212004,0.000480380786807455,100.91220757692801,100.40334659080018,0.2595638885433402
2025-09-20 10:50:00,101.32150029333187,101.3460254788048,101.11654666430495,101.2004874036971,3874.078009172324,-0.0011943456155349974,100.96986354228184,100.47581393742718,0.24926532063329887
2025-09-20 14:50:00,101.2004874036971,101.20584326193323,101.02372510360313,101.11567509740678,7915.443856633894,-0.0008380622313802766,100.99902585330683,100.53398313378895,0.25820265888814475
2025-09-20 18:50:00,101.11567509740678,101.18509085988771,100.66686323326736,100.72934949279897,2278.617344187326,-0.0038206302260817004,100.94509058120526,100.55174371188077,0.280174064818898
2025-09-20 22:50:00,100.72934949279897,100.74266227510724,100.4481096599941,100.51890684588099,4478.661532018691,-0.002089188979950918,100.85985383414041,100.54875854224443,0.2678458940341467
2025-09-21 02:50:00,100.51890684588099,100.52810868596998,100.46475151796402,100.48203265419214,2384.1338178211986,-0.0003668383674862996,100.78428959815076,100.54269255242149,0.26066448149287325
2025-09-21 06:50:00,100.48203265419214,100.7176729920644,100.4158928511816,100.68041204793703,2994.598728294736,0.001974277276292735,100.76351408810802,100.55521250655926,0.2707583079551889
2025-09-21 10:50:00,100.68041204793703,100.99818456020988,100.61743453929856,100.95524677285287,1559.4652260219966,0.0027297735411033752,100.801860625057,100.5915792580405,0.276364401050337
2025-09-21 14:50:00,100.95524677285287,101.01836539240566,100.86386524861207,100.965686316139,2562.860297121272,0.00010340763476723858,100.83462576327341,100.6255889905949,0.24981617686459248
2025-09-21 18:50:00,100.965686316139,101.00432136603001,100.7685457585957,100.84336235933434,2434.85060902536,-0.0012115398930845345,100.83637308248561,100.64538656957122,0.255083091213447
2025-09-21 22:50:00,100.84336235933434,100.85395568256072,100.81334060680692,100.82528724202196,7594.209726647973,-0.00017923953435794449,100.83415591439288,100.66174117615765,0.2200414561092298
2025-09-22 02:50:00,100.82528724202196,101.06124628221686,100.77418638642007,100.9611410495172,2047.135426132472,0.0013474180060517593,100.85955294141775,100.68895934646307,0.23261313083219498
2025-09-22 06:50:00,100.9611410495172,101.00979353944129,100.78845330601135,100.87381444666646,4078.5992470079495,-0.0008649526138765351,100.8624052424675,100.70576435557246,0.23141633173203605
2025-09-22 10:50:00,100.87381444666646,100.95468455281761,100.6569514311827,100.6724860063502,2349.3856531024717,-0.0019958444262332398,100.82442139524404,100.70273905109771,0.23927980169981464
2025-09-22 14:50:00,100.6724860063502,100.85356273266726,100.60142631879584,100.77446953011808,3827.4453772771285,0.0010130228011002718,100.81443102221886,100.70926000373592,0.24710178829130416
2025-09-22 18:50:00,100.77446953011808,101.22396050188128,100.69659424385307,101.18329148213331,1691.536550046738,0.004056800833796892,100.88820311420176,100.75235377449931,0.2683794628290436
2025-09-22 22:50:00,101.18329148213331,101.24172732819956,101.09891786081269,101.24035236261442,2711.770636819941,0.0005639358005187223,100.9586329638843,100.79671728250977,0.26557169919024154
2025-09-23 02:50:00,101.24035236261442,101.52088473876726,101.16498031192711,101.49160980124898,2964.0490123251716,0.002481791427736635,101.06522833135725,100.85988932966788,0.25397718492022797
2025-09-23 06:50:00,101.49160980124898,101.609744245588,101.40445849161586,101.60212850427821,2236.4297845086003,0.0010889442314065967,101.17260836594144,100.92736561826881,0.2476009805530148
2025-09-23 10:50:00,101.60212850427821,101.60450642444836,101.35492665408111,101.4321360890099,3612.8145597967778,-0.0016731186420091415,101.22451391055515,100.97325384288163,0.26090259500739216
2025-09-23 14:50:00,101.4321360890099,101.56745066206884,101.41235014707658,101.55998106911721,7963.2292003958155,0.001260399169698223,101.29160734226757,101.02659268163032,0.2504254788723535
2025-09-23 18:50:00,101.55998106911721,101.61694568916482,101.47723625159392,101.50609035711582,1096.7281410258738,-0.0005306294017987101,101.33450394523723,101.07018337940173,0.23320829434803766
2025-09-23 22:50:00,101.50609035711582,101.89715077657432,101.4373957517615,101.87301969985324,1158.7494280758315,0.003614850512382972,101.44220709616044,101.14316849944277,0.2550122144208404
2025-09-24 02:50:00,101.87301969985324,101.9664516126274,101.77879509531274,101.80007748702478,2687.9714544679596,-0.0007160110993408297,101.51378117433332,101.20288749831386,0.2515751365551507
2025-09-24 06:50:00,101.80007748702478,101.82496996218262,101.76171853723763,101.81633160527849,2161.006211663567,0.00015966705188197317,101.57429126052236,101.25865514440154,0.25319201864023555
2025-09-24 10:50:00,101.81633160527849,102.35067816472854,101.79658436522863,102.2597279430593,1377.2314620955415,0.004354864595787822,101.71137859702975,101.34966176246134,0.2722658689047443
2025-09-24 14:50:00,102.2597279430593,102.45458814014421,102.23481437600675,102.41339257028426,2096.925229029669,0.00150268957600308,101.85178139168066,101.44636456317251,0.27215397824099546
2025-09-24 18:50:00,102.41339257028426,102.49489068791057,102.32105989723159,102.39030989184295,2401.363455488884,-0.0002253873039648191,101.95948709171313,101.53217777486982,0.2633038117441434
2025-09-24 22:50:00,102.39030989184295,102.44529030780566,101.93677992832336,101.97717712467195,2992.260211625183,-0.004034881500089127,101.9630250983049,101.57263226121547,0.28161623785920703
2025-09-25 02:50:00,101.97717712467195,102.00709810839918,101.7381513071316,101.75259686812103,2760.514929817896,-0.0022022599848626756,101.92093945226813,101.58899268002507,0.2631577052334474
2025-09-25 06:50:00,101.75259686812103,101.9183046777519,101.72869469820387,101.85781289785696,3975.860430875738,0.0010340377835496017,101.9083141413859,101.61343088164615,0.2665005989592452
2025-09-25 10:50:00,101.85781289785696,102.09461263993339,101.82598273599446,102.06671227466093,4344.235599049523,0.0020508920313599965,101.9399937680409,101.65463828101113,0.26026670446630057
2025-09-25 14:50:00,102.06671227466093,102.12873214468027,101.96041500304054,102.03208813818483,4883.29836069519,-0.00033923044746386743,101.9584126420697,101.68895190439055,0.25762608929969943
2025-09-25 18:50:00,102.03208813818483,102.2147681640754,102.0077964319119,102.12841286883393,1932.3219055328864,0.0009440631119754794,101.99241268742256,101.72890290115812,0.2545826579994314
2025-09-25 22:50:00,102.12841286883393,102.42286964807228,102.08772542772117,102.39544802831213,2576.0896368653357,0.0026146999838443374,102.07301975560048,101.78949791271758,0.2674429226679211
2025-09-26 02:50:00,102.39544802831213,102.42405781558844,102.27825860062988,102.31082880412401,4607.206100439232,-0.000826396346883751,102.1205815653052,101.83689163011816,0.2678779067670395
2025-09-26 06:50:00,102.31082880412401,102.45200736372324,102.27656745939211,102.41137115049305,2510.670946049288,0.0009827146113881025,102.17873948234278,101.88911704106133,0.24756968387548994
2025-09-26 10:50:00,102.41137115049305,102.45636781219885,102.3396053033905,102.43524703244162,1756.475399243926,0.00023313702062921493,102.23004099236255,101.9387652220959,0.2425058261250399
2025-09-26 14:50:00,102.43524703244162,102.60537657500917,102.33346023831054,102.57881579373267,6305.376921652107,0.0014015562557834205,102.29979595263659,101.99695163769924,0.25741046267887163
2025-09-26 18:50:00,102.57881579373267,102.61457429931082,102.4915625492832,102.56312311039792,1952.0638633363071,-0.00015298171667632587,102.35246138418886,102.04842177158093,0.22661888771656485
2025-09-26 22:50:00,102.56312311039792,102.62466615587716,102.00103824337026,102.04735979600615,4310.134883291058,-0.005028740338148818,102.29144106655232,102.04832522834685,0.2554656126000968
2025-09-27 02:50:00,102.04735979600615,102.11313706379627,101.99955556290969,102.03896097967282,1648.4062469308788,-8.230312229651204e-05,102.24094504917643,102.04747393301285,0.25116209190064
2025-09-27 06:50:00,102.03896097967282,102.09734604907463,101.94222206704008,102.06051606522593,3112.3119208014073,0.00021124367933733623,102.20485925238634,102.04865958139585,0.22592020636865787
2025-09-27 10:50:00,102.06051606522593,102.2821864481743,102.05949912511032,102.18309742384015,4943.325486637061,0.0012010654398013632,102.2005068866771,102.06088120343624,0.22261595792554395
2025-09-27 14:50:00,102.18309742384015,102.37725952100836,102.13022144662519,102.29549558366993,4694.058003547319,0.0010999682204149153,102.21950462607568,102.08220978345749,0.2267179646994819
2025-09-27 18:50:00,102.29549558366993,102.3289475105995,102.25090789251135,102.2796734401033,1964.0594367495416,-0.00015467097037225042,102.2315383888812,102.10016102497075,0.21310437285299802
2025-09-27 22:50:00,102.2796734401033,102.29878677522463,102.20257905616378,102.27001297042658,2949.892682772125,-9.445151076259428e-05,102.23923330519028,102.11560211092127,0.2079536998116487
2025-09-28 02:50:00,102.27001297042658,102.27727302184582,102.25135098198899,102.27435026532368,2351.745335979377,4.2410231221534644e-05,102.24625669721696,102.13003376132149,0.1950215789326007
2025-09-28 06:50:00,102.27435026532368,102.33212314319091,102.06472215775736,102.0807193032484,3042.8664702415813,-0.0018932504735835742,102.21314921842325,102.12555062876939,0.19018277643848944
2025-09-28 10:50:00,102.0807193032484,102.23233414105884,102.02949330408391,102.15189039356089,2961.5291809270516,0.0006972040439983118,102.20089745345079,102.12794515284133,0.19425717801108736
2025-09-28 14:50:00,102.15189039356089,102.16027817522827,101.9105013801046,101.99063921245035,2358.2991408666135,-0.0015785432896963103,102.1588458052507,102.11546279462397,0.19956695592484003
2025-09-28 18:50:00,101.99063921245035,102.0824373769959,101.6805423542379,101.78161047876493,3754.1597973585835,-0.0020494893972573536,102.08339873995355,102.08511258409132,0.2199335640641006
2025-09-28 22:50:00,101.78161047876493,101.84290924455796,101.60318546469038,101.68222855466642,1419.0620044447428,-0.0009764231832354309,102.00316470289613,102.04848676323451,0.21763409571902465
2025-09-29 02:50:00,101.68222855466642,101.69200896587434,101.37859526541389,101.39344125805987,2829.4792187541843,-0.002840096059178121,101.88122001392888,101.98893717185499,0.2312342350356553
2025-09-29 06:50:00,101.39344125805987,101.49375065519884,101.14070961316622,101.17810514362702,3789.5318457926874,-0.002123767689122813,101.74059703986852,101.9152251692888,0.21190660143034887
2025-09-29 10:50:00,101.17810514362702,101.26339234768918,101.14420995308274,101.19224112053134,3447.148604983039,0.00013971379365385062,101.63092585600108,101.84949934667449,0.21230666526748163
2025-09-29 14:50:00,101.19224112053134,101.24786681994078,101.0732702794654,101.16494098807516,4709.97879107401,-0.00026978483877693193,101.5377288824159,101.78726676862,0.2136975622989691
2025-09-29 18:50:00,101.16494098807516,101.39117781196366,101.09292765372398,101.30631504990313,5114.526643043403,0.001397461022041524,101.49144611591336,101.74354388510028,0.21909490766866213
2025-09-29 22:50:00,101.30631504990313,101.37032288775526,101.17867485191142,101.26205334918296,3026.6397333288633,-0.00043690959145403774,101.44556756256729,101.6997720181987,0.21513847634442435
2025-09-30 02:50:00,101.26205334918296,101.33930823327329,101.08780931814425,101.10878046874052,3779.9987734916886,-0.0015136260363387555,101.37821014380194,101.6460455137025,0.22752842613305851
2025-09-30 06:50:00,101.10878046874052,101.19347246023068,101.09615479759046,101.16362216272938,5704.310258664937,0.0005424028826637173,101.33529254758743,101.60218884543222,0.22760770781729991
2025-09-30 10:50:00,101.16362216272938,101.60383677179861,101.09627502692358,101.53976089203272,3514.6045526176013,0.003718122396787038,101.3761862164765,101.59651357694136,0.2620105438900292
2025-09-30 14:50:00,101.53976089203272,101.57994310102839,101.39771808134121,101.46932679746558,3851.292539771792,-0.0006936602366242051,101.39481433267431,101.58495114244356,0.25592654633671685
2025-09-30 18:50:00,101.46932679746558,101.83458474479687,101.37157469240456,101.77092750439864,3810.084988297806,0.0029723337726981214,101.47003696701918,101.60185808443947,0.27451006172367237
2025-09-30 22:50:00,101.77092750439864,101.93425080231377,101.75480826361623,101.85947324011771,4924.770056463818,0.0008700494128368597,101.5479242216389,101.62527764404658,0.2694861862646637
2025-10-01 02:50:00,101.85947324011771,101.95948981645451,101.77314380100078,101.87957507419713,8635.718969087658,0.00019734869462784133,101.61425439215054,101.64839559224208,0.25408982860007256
2025-10-01 06:50:00,101.87957507419713,102.02000009560909,101.83348471142848,101.93798781189567,1804.9428946652272,0.0005733508179239788,101.67900107609957,101.67472215766513,0.2502892289081465
2025-10-01 10:50:00,101.93798781189567,101.96073287451138,101.74572336389825,101.82162096269045,2922.2554737353985,-0.001141545479786732,101.70752505341775,101.68807659448561,0.2432603582047668
2025-10-01 14:50:00,101.82162096269045,102.03049102433266,101.72401024272608,102.00865913137925,3030.518242763066,0.0018369199676886439,101.76775186901006,101.71722046147593,0.23993462531719295
2025-10-01 18:50:00,102.00865913137925,102.34293936853213,101.93507909870742,102.30811411386121,2159.0816273866276,0.002935583949753573,101.87582431798029,101.77093806623823,0.26055447354706934
2025-10-01 22:50:00,102.30811411386121,102.39527094149867,102.20519195578058,102.22258846564057,4609.847617981188,-0.0008359615360074013,101.94517714751235,101.81199719345662,0.26166036249297725
2025-10-02 02:50:00,102.22258846564057,102.31553666433494,102.13121962309633,102.16878455958155,2036.1638081804533,-0.0005263406734912213,101.9898986299262,101.84443240855889,0.2535222827071867
2025-10-02 06:50:00,102.16878455958155,102.28358845027671,102.16069706644126,102.20339865499328,2008.1237835744507,0.00033879325824348605,102.03259863493962,101.87706570368928,0.24861109327801603
2025-10-02 10:50:00,102.20339865499328,102.29110453006442,102.06530570965826,102.13042672333141,4576.052981860328,-0.0007139873294057519,102.05216425261798,101.90009852365675,0.24677537222638182
2025-10-02 14:50:00,102.13042672333141,102.17358250812792,102.08020669527389,102.1022463793046,5739.024919534062,-0.0002759250590732565,102.06218067795531,101.91847560144292,0.24649381152736843
2025-10-02 18:50:00,102.1022463793046,102.31999153449524,102.06452673424948,102.22566439672653,3040.7776257227238,0.0012087688743245284,102.09487742170957,101.94640185555961,0.2284868869109918
2025-10-02 22:50:00,102.22566439672653,102.39877138179638,102.14272933509018,102.32480022695023,2973.544229508771,0.0009697743791516888,102.14086198275771,101.98080170750421,0.23375953169806454
2025-10-03 02:50:00,102.32480022695023,102.3931931671851,102.1682550756647,102.20952688783709,4135.9285815867315,-0.0011265435051666106,102.15459496377359,102.00159490571629,0.21675439163578553
2025-10-03 06:50:00,102.20952688783709,102.25098865442503,102.19545803501526,102.20466983160668,2159.5152846527776,-4.752058226176192e-05,102.16460993734022,102.02005626261541,0.2079035402580871
2025-10-03 10:50:00,102.20466983160668,102.48281095713443,102.173360474446,102.45421620497852,3134.9649418904382,0.002441633770580154,102.22253119086788,102.05952534828478,0.21669671648913788
2025-10-03 14:50:00,102.45421620497852,102.5045702976631,102.31424962354019,102.4033407092479,2493.6234769577177,-0.0004965681024666768,102.25869309454389,102.09078129019052,0.21696852291358734
2025-10-03 18:50:00,102.4033407092479,102.44519150324032,102.23302683387223,102.306439696057,3017.055186347737,-0.000946268085784685,102.26824241484651,102.11038659981475,0.21676531996751333
2025-10-03 22:50:00,102.306439696057,102.35365876442117,102.28977935819889,102.29296306414714,1447.2371181029052,-0.00013172809013672904,102.27318654470665,102.12698446020859,0.19943665029720645
2025-10-04 02:50:00,102.29296306414714,102.31242340753359,101.85047401200794,101.95088509676941,5417.103269606463,-0.0033441006803490714,102.2087262551192,102.11097542716867,0.20330015927584505
2025-10-04 06:50:00,101.95088509676941,101.97708225538311,101.69426341259172,101.78931275577601,1748.1289449264075,-0.001584805672261158,102.12484355525056,102.08173336613297,0.2099244347810806
2025-10-04 10:50:00,101.78931275577601,101.7922754645901,101.59783353022266,101.67342310446294,5040.382673126634,-0.0011385247446470403,102.03455946509304,102.04461425143569,0.21064764143314005
2025-10-04 14:50:00,101.67342310446294,101.76246495095936,101.37858894789625,101.45220563172903,1159.738065307145,-0.002175764973572525,101.91808869842025,101.99075892237144,0.22928939994940123
2025-10-04 18:50:00,101.45220563172903,101.48676851227235,101.03429554895283,101.12993485023789,3136.3619448677673,-0.0031765773793127616,101.76045792878378,101.91250218854111,0.2454804101574989
2025-10-04 22:50:00,101.12993485023789,101.20338199561644,101.01568514573484,101.08458301114949,5974.2338093394155,-0.0004484511846621908,101.62528294525693,101.83723680877823,0.2522176270880396
2025-10-05 02:50:00,101.08458301114949,101.08844586670068,100.97851822272199,101.0392906768647,2339.981575886996,-0.0004480637198631676,101.50808449157849,101.76469625133154,0.24182211592610617
2025-10-05 06:50:00,101.0392906768647,101.17655092233281,100.97024217998273,101.16233619028097,3101.870684041329,0.0012177986661623397,101.43893483131899,101.70993624578149,0.23826973704352586
2025-10-05 10:50:00,101.16233619028097,101.28290381851038,101.11527750049206,101.2121390213177,2340.3236522784387,0.000492306058877956,101.39357566931874,101.66468195264842,0.23417603893623454
2025-10-05 14:50:00,101.2121390213177,101.28172813996119,100.90298038347328,100.93805878603553,5794.109993112496,-0.002707977896054925,101.3024722926621,101.59862530113816,0.25726297729895925
2025-10-05 18:50:00,100.93805878603553,101.00845605070482,100.84278929373973,100.98589906370078,4017.953104598947,0.0004739567834037839,101.23915764686984,101.54292291591658,0.24699271117586363
2025-10-05 22:50:00,100.98589906370078,101.37889394158212,100.95761148222131,101.30436678566423,2504.3721037959385,0.0031535860443501207,101.25219947462872,101.52123599498454,0.26348998155
2025-10-06 02:50:00,101.30436678566423,101.41064141288452,101.25382328232341,101.35624828812055,5534.446442337864,0.0005121349069392434,101.2730092373271,101.50623711254235,0.25953665734950093
2025-10-06 06:50:00,101.35624828812055,101.3910514805229,101.3527722008993,101.35462859579584,1522.2403381451938,-1.5980192164422036e-05,101.28933310902086,101.49245452011084,0.257708076878167
2025-10-06 10:50:00,101.35462859579584,101.41925699384706,101.22302820003907,101.26211403216514,4607.451697466597,-0.0009127808459508113,101.28388929364972,101.47151447575213,0.2387280338983341
2025-10-06 14:50:00,101.26211403216514,101.31679285970866,101.23143920839259,101.2619148842298,3535.87686197313,-1.9666578883192898e-06,101.27949441176574,101.45245996743192,0.2246233773643829
2025-10-06 18:50:00,101.2619148842298,101.38968349426347,101.25967656590865,101.2946228947276,3485.416283662912,0.0003230040685602287,101.28252010835811,101.43811114264062,0.22002087693490932
2025-10-06 22:50:00,101.2946228947276,101.3649801565679,100.92937256003066,100.99052965086048,1689.6591886337071,-0.003002066992076613,101.22412201685859,101.39742191611515,0.22371599075449008
2025-10-07 02:50:00,100.99052965086048,101.05325213150553,100.90848658459602,100.98497531387392,1487.2895883586004,-5.499859249935568e-05,101.17629267626165,101.35992677045685,0.20173688958234642
2025-10-07 06:50:00,100.98497531387392,101.02222519515148,100.90478083819735,100.95519954506895,2425.977957855965,-0.00029485345431257137,101.13207405002312,101.32313338633068,0.19671885437324071
2025-10-07 10:50:00,100.95519954506895,101.10001739447016,100.87248586026215,101.0797066664176,7218.667985129676,0.001233290825135347,101.12160057330202,101.3010036845204,0.20511913224676345
2025-10-07 14:50:00,101.0797066664176,101.09413591952335,100.89152494760978,100.89816048647262,3612.222465584362,-0.0017960695171397312,101.07691255593615,101.26438157560696,0.20485500578701327
2025-10-07 18:50:00,100.89816048647262,101.295229466038,100.8712873419848,101.2902064599393,1300.6830723695298,0.003885561159653106,101.11957133673678,101.26672929236445,0.2231632776466473
2025-10-07 22:50:00,101.2902064599393,101.62379815751594,101.22595835709612,101.61606887411578,2846.6240754772416,0.0032171166943506524,101.21887084421259,101.29848743616002,0.22452699507035487
2025-10-08 02:50:00,101.61606887411578,101.98124080154943,101.52204392123785,101.92345454338519,1928.6797245146895,0.0030249710766729887,101.35978758404711,101.35530262772593,0.2454934324522467
2025-10-08 06:50:00,101.92345454338519,102.24271407631662,101.8230174821451,102.23664896053212,9675.868188179735,0.003072839500486202,101.53515985934412,101.4354250216174,0.24538015636729682
2025-10-08 10:50:00,102.23664896053212,102.57725308523284,102.16768156333933,102.53067729827585,5899.666919894551,0.002875958286320923,101.73426334713047,101.53499341040454,0.2634339700338972
2025-10-08 14:50:00,102.53067729827585,102.62795965891291,102.495520003587,102.5087601124151,2624.697737053507,-0.0002137622264698491,101.8891627001874,101.62351765604186,0.27015971115549015
2025-10-08 18:50:00,102.5087601124151,102.54295133153357,102.28612544108461,102.32288815865832,6010.449396704562,-0.0018132299478889058,101.97590779188158,101.68709679264335,0.2744880752012741
2025-10-08 22:50:00,102.32288815865832,102.33771880869678,102.06117067175343,102.09547724168566,8718.295800163578,-0.002222483366771666,101.9998216818424,101.72422228801082,0.28814482417465115
2025-10-09 02:50:00,102.09547724168566,102.18742651242778,101.768902188602,101.86179394752924,4552.134737893669,-0.002288870187689418,101.97221613497977,101.73672880251249,0.3087532095654341
2025-10-09 06:50:00,101.86179394752924,102.11217040384983,101.78319744752639,102.01522157856651,4703.091120985626,0.001506233349044539,101.98081722369713,101.7620463276083,0.30113644955016283
2025-10-09 10:50:00,102.01522157856651,102.30218957017591,101.98195919853976,102.23612785862461,1888.9614969707698,0.0021654246948625833,102.03187935068263,101.80514464860978,0.3136696513163518
2025-10-09 14:50:00,102.23612785862461,102.44779046086528,102.19837720940097,102.40796383162068,1432.1149806872202,0.001680775442059801,102.10709624687024,101.85994639251986,0.3230960009242218
2025-10-09 18:50:00,102.40796383162068,102.48708663435026,102.30747163155459,102.34738958231418,3153.0405148420223,-0.0005914994014146746,102.15515491395904,101.90425940977389,0.3196733915376261
2025-10-09 22:50:00,102.34738958231418,102.54211449942255,102.3145943224223,102.44662760002856,3828.4529123301563,0.0009696194316179962,102.21344945117295,101.95356560888794,0.32145262047238937
2025-10-10 02:50:00,102.44662760002856,102.60445986357571,102.35241693346748,102.5514522975839,2247.4270636627853,0.0010232127695271043,102.28105002045514,102.00791894422393,0.3091741066191775
2025-10-10 06:50:00,102.5514522975839,102.73974232089151,102.4899145532858,102.6460577183921,2007.5452056088398,0.000922516636172821,102.35405156004254,102.0659315600574,0.2986018185610269
2025-10-10 10:50:00,102.6460577183921,102.87802187439905,102.57830576542761,102.85960453091238,5310.984324443544,0.002080419036707193,102.45516215421651,102.13808364831694,0.2872103348938739
2025-10-10 14:50:00,102.85960453091238,103.01106389706412,102.80546709427122,102.92380729559918,4527.4528671305925,0.0006241786071372601,102.54889118249305,102.20951307079713,0.2719174926525442
2025-10-10 18:50:00,102.92380729559918,103.21888559956045,102.84732380526451,103.13216393618781,3081.574441141087,0.0020243775085995175,102.66554573323201,102.29339042219628,0.26920251210986074
2025-10-10 22:50:00,103.13216393618781,103.39299348207429,103.03201350625606,103.33930075683082,1626.273405277256,0.0020084599482579346,102.80029673795178,102.38847317989033,0.28552682071645463
2025-10-11 02:50:00,103.33930075683082,103.40144448873025,103.32726967624146,103.39727058303897,1507.0003558133285,0.0005609659227767683,102.91969150696923,102.48018203472202,0.2724803151478708
2025-10-11 06:50:00,103.39727058303897,103.89351882255822,103.37214831928087,103.83584275232525,922.37895400962,0.004241622306016879,103.10292175604044,102.60342391814049,0.28996762702887124
2025-10-11 10:50:00,103.83584275232525,103.99735598985134,103.80368217961671,103.97480372089218,2742.08371402766,0.0013382755403488211,103.2772981490108,102.72809480929973,0.2739068760580748
2025-10-11 14:50:00,103.97480372089218,104.22806656589141,103.89044539892872,104.20432375654536,2363.2032738181715,0.0022074582248723384,103.46270327051772,102.86229744086752,0.27452460538944984
2025-10-11 18:50:00,104.20432375654536,104.34902819630231,104.10612188745046,104.33389698542253,3456.927082032229,0.001243453478762424,103.63694201349868,102.99607921764525,0.2690014580477142
2025-10-11 22:50:00,104.33389698542253,104.37882605269772,104.09623432083309,104.11115060306501,1683.6234952436505,-0.0021349378178467937,103.73178373141195,103.0974493435925,0.2713713495048801
2025-10-12 02:50:00,104.11115060306501,104.1812756277442,103.90193582676628,103.92165911880306,3874.844752300251,-0.0018200882726232548,103.76975880889017,103.17237750497527,0.2784945493750409
2025-10-12 06:50:00,103.92165911880306,103.98675187731384,103.57858016789116,103.6050381784952,3327.732501650534,-0.003046727149976447,103.73681468281119,103.21171029347708,0.2913982302623564
2025-10-12 10:50:00,103.6050381784952,103.6867960446672,103.41616242788521,103.50199645651932,5278.839520149246,-0.0009945628493313041,103.68985103755283,103.23809994466274,0.29272613645333934
