timestamp,open,high,low,close,volume,ret_1,ema9,ema21,atr
2025-08-30 19:50:00,99.92607897748769,99.93676859790664,99.87112979519621,99.92607897748769,2648.709179284826,0.0,99.92607897748769,99.92607897748769,0.0
2025-08-30 20:50:00,99.92607897748769,100.13176136688867,99.82979769432767,100.03240744243023,2798.226456090753,0.0010640712217526715,99.9473446704762,99.93574520157337,0.0
2025-08-30 21:50:00,100.03240744243023,100.0507904771446,99.97785841410055,99.98462020621719,3057.328472944057,-0.000477717546091716,99.9547997776244,99.94018838381372,0.0
2025-08-30 22:50:00,99.98462020621719,99.9928512715065,99.82249149801139,99.8382977178177,1844.0507323010809,-0.0014634499595808093,99.93149936566307,99.9309255959959,0.0
2025-08-30 23:50:00,99.8382977178177,99.91695477870648,99.69245179051198,99.69447923125576,1685.840764841695,-0.0014405142099720436,99.88409533878162,99.90943047192862,0.0
2025-08-31 00:50:00,99.69447923125576,99.83793235336631,99.65864096196356,99.77399591583269,2364.7574127305847,0.0007976036906967021,99.86207545419184,99.89711823955625,0.0
2025-08-31 01:50:00,99.77399591583269,99.89868752142266,99.74801758688322,99.82306129898714,2770.793922550747,0.0004917652410738604,99.8542726231509,99.8903857904136,0.0
2025-08-31 02:50:00,99.82306129898714,100.0301301252135,99.76285903864434,99.9505786164355,868.2076024453274,0.0012774334486338468,99.87353382180783,99.8958578655065,0.0
2025-08-31 03:50:00,99.9505786164355,100.0304419523743,99.83939607498989,99.85429243030417,7245.182888250939,-0.0009633379562595801,99.8696855435071,99.89207918957901,0.0
2025-08-31 04:50:00,99.85429243030417,99.93275968334538,99.76727519572292,99.81353292025919,2901.9718744516586,-0.00040818986398027945,99.85845501885753,99.88493861964083,0.0
2025-08-31 05:50:00,99.81353292025919,100.01733904852918,99.72795655883317,99.93515413400274,5239.120827478327,0.001218484209357884,99.87379484188658,99.88950366640101,0.0
2025-08-31 06:50:00,99.93515413400274,100.02606454656762,99.83836840569317,99.91512377929031,5062.857684405497,-0.00020043351997611758,99.88206062936733,99.89183276757277,0.0
2025-08-31 07:50:00,99.91512377929031,99.91945494132844,99.71671765675774,99.72229611372522,5629.144782300034,-0.0019299146943063672,99.85010772623892,99.87642034449571,0.0
2025-08-31 08:50:00,99.72229611372522,99.73101124585699,99.39426247782934,99.45149252468151,3455.0196365515826,-0.002715577153727833,99.77038468592744,99.83779054269442,0.20040891147800924
2025-08-31 09:50:00,99.45149252468151,99.50181009699656,99.30571669206047,99.31402634382498,2694.983612575376,-0.0013822435175864234,99.67911301750695,99.79017561552448,0.2097270973512713
2025-08-31 10:50:00,99.31402634382498,99.52491993688434,99.27896874780677,99.42858741837227,9139.413008100995,0.0011535236135797877,99.62900789768003,99.75730396123791,0.20572620567388356
2025-08-31 11:50:00,99.42858741837227,99.44527842934079,99.38108270448046,99.41051098183094,2500.4439900428906,-0.0001818032118395818,99.58530851451022,99.72577732674637,0.2051021815179033
2025-08-31 12:50:00,99.41051098183094,99.63425710614983,99.38508116032907,99.60072803230301,2714.1427471356224,0.0019134500828270617,99.58839241806878,99.7144092090697,0.21073190811259326
2025-08-31 13:50:00,99.60072803230301,99.76734375618618,99.52544178653166,99.7161032166319,4647.651215987799,0.0011583769176011227,99.61393457778141,99.71456320975717,0.21197469250259462
2025-08-31 14:50:00,99.7161032166319,99.72693596087146,99.60799110673365,99.63397210515468,2952.644040763376,-0.000823649429007256,99.61794208325607,99.7072367457024,0.2076642255550983
2025-08-31 15:50:00,99.63397210515468,99.70074952650864,99.42078576161073,99.47104697175632,3561.776400003452,-0.0016352367566597747,99.58856306095612,99.68576494807094,0.21689949915213244
2025-08-31 16:50:00,99.47104697175632,99.69197411088031,99.45859960702671,99.64953860857463,5481.455482722876,0.0017944079433385163,99.60075817047982,99.68247164448036,0.21447831467244885
2025-08-31 17:50:00,99.64953860857463,99.6920541500426,99.55924042640113,99.60070175678229,3354.492588692373,-0.0004900860804201157,99.60074688774031,99.67503801832599,0.21031887511938102
2025-08-31 18:50:00,99.60070175678229,99.67900590782278,99.16458466459602,99.25005165824656,4865.875104779205,-0.0035205585136537376,99.53060784184157,99.6364028946824,0.2352429290911167
2025-08-31 19:50:00,99.25005165824656,99.30818912556461,98.90425226585192,98.93942819510852,1648.7225804791851,-0.003129705808190719,99.41237191249496,99.5730415583575,0.2434253840923079
2025-08-31 20:50:00,98.93942819510852,99.04897042229369,98.92782745363567,99.03790474225775,2441.1947481853476,0.0009953215714471053,99.33747847844752,99.52439275689389,0.2386715860768486
2025-08-31 21:50:00,99.03790474225775,99.32712042825828,98.94600804244398,99.28170132567826,1509.8831637472265,0.0024616492448519267,99.32632304789368,99.50232989951064,0.25141266473710594
2025-08-31 22:50:00,99.28170132567826,99.37075186858807,99.20665768671182,99.26083373911403,3297.9920391267233,-0.00021018562620889192,99.31322518613776,99.48037570311095,0.23908019429772054
2025-08-31 23:50:00,99.26083373911403,99.26813404794629,98.99701270502656,99.02101311930348,3301.325193236915,-0.0024160649349458385,99.25478277277091,99.43861546821935,0.244439332725123
2025-09-01 00:50:00,99.02101311930348,99.07250468738239,98.87158109530161,98.9283699971693,2078.6824623057064,-0.0009355905298864542,99.18950021765059,99.3922295163057,0.2412230757967809
2025-09-01 01:50:00,98.9283699971693,98.97103656271027,98.86676034202983,98.88615241038343,8229.43655121333,-0.0004267490385930772,99.12883065619717,99.3462225066764,0.24408596835535995
2025-09-01 02:50:00,98.88615241038343,99.25261928244295,98.8846840285517,99.16586072744255,8137.561915809519,0.002828589344828769,99.13623667044625,99.32982598129149,0.2525687760746799
2025-09-01 03:50:00,99.16586072744255,99.19803133926084,99.05601659895859,99.12080265733731,1488.0843312927307,-0.0004543707862233459,99.13314986782447,99.31082386093202,0.24543397397808878
2025-09-01 04:50:00,99.12080265733731,99.15032999072791,98.98747681872605,99.05306653520826,2882.087226489458,-0.0006833693867795976,99.11713320130123,99.2873913767753,0.2485702823969496
2025-09-01 05:50:00,99.05306653520826,99.47606674074241,99.00747745992517,99.4020070608086,2229.864162875636,0.0035227634823027376,99.17410797320271,99.2978109844147,0.26204353353404436
2025-09-01 06:50:00,99.4020070608086,99.43262059938856,99.16063765070562,99.2525558407835,1215.0674554173002,-0.0015035030422844153,99.18979754671888,99.29369688044822,0.26480127959328265
2025-09-01 07:50:00,99.2525558407835,99.78658388835481,99.18531646860205,99.69779471352294,5494.820883198394,0.004485918462932892,99.2913969800797,99.33043304709138,0.2982622578869467
2025-09-01 08:50:00,99.69779471352294,99.72995352453393,99.64410940019872,99.6773453900343,1451.8726519795448,-0.00020511309751025664,99.36858666207063,99.36197053281346,0.26764960653755004
2025-09-01 09:50:00,99.6773453900343,99.82883848078254,99.65368294458428,99.79208644698836,3255.3064463016767,0.0011511247265372226,99.45328661905418,99.40107197955663,0.25130808342937677
2025-09-01 10:50:00,99.79208644698836,99.91910638288628,99.79196038129665,99.81986648051185,4222.841128922103,0.0002783791231606436,99.52660259134572,99.4391442069162,0.25173687149592083
2025-09-01 11:50:00,99.81986648051185,100.01666385461985,99.73196594203,99.98733529553088,4233.894039061576,0.0016777102687441925,99.61874913218276,99.48897976042662,0.24485012340845966
2025-09-01 12:50:00,99.98733529553088,100.07233661829493,99.8909206707421,100.01903624264314,2406.9173765201535,0.0003170496245206156,99.69880655427484,99.53716671335539,0.2460873923853575
2025-09-01 13:50:00,100.01903624264314,100.10427480079268,99.9509311003023,99.99799561706362,1674.3496397835581,-0.0002103662099729453,99.7586443668326,99.57906025005613,0.23767470364040427
2025-09-01 14:50:00,99.99799561706362,100.12873715674121,99.98121918268441,100.03981704617824,2323.329299565457,0.00041822267393021306,99.81487890270174,99.62094723152177,0.23386001663869088
2025-09-01 15:50:00,100.03981704617824,100.06194839557527,99.69903222176596,99.76509518011694,4152.055026125497,-0.002746125234660224,99.80492215818478,99.63405159048496,0.2523342990050393
2025-09-01 16:50:00,99.76509518011694,99.81278202548333,99.66569385991126,99.79295883090721,842.3650341043143,0.00027929257963377196,99.80252949272928,99.64849770325061,0.23655950698224107
2025-09-01 17:50:00,99.79295883090721,99.88669362015227,99.78235694999469,99.82596640153301,4491.5666555425205,0.00033076051669866935,99.80721687449002,99.66463122127628,0.23386821625762216
2025-09-01 18:50:00,99.82596640153301,100.13056985497052,99.76641225855487,100.122139347787,1581.9079791176816,0.0029668928529344996,99.87020136914943,99.70622286914089,0.24824710371575012
2025-09-01 19:50:00,100.122139347787,100.21655456494089,100.07280393635395,100.11555780526787,4157.605897363758,-6.57351367240322e-05,99.91927265637312,99.74343513606152,0.2250443428421574
2025-09-01 20:50:00,100.11555780526787,100.3131216854746,100.02159501424715,100.23794398339032,2751.9411353368628,0.0012224491458210363,99.98300692177656,99.78839048581868,0.22644032302390826
2025-09-01 21:50:00,100.23794398339032,100.58273487460718,100.23089966497754,100.50541815418137,3569.2427760169794,0.0026683924286732275,100.08748916825753,99.85357481930619,0.2086237365865427
2025-09-01 22:50:00,100.50541815418137,100.5463501653463,100.33005020450867,100.35207958135122,1978.252225083929,-0.0015256746914372732,100.14040725087628,99.89889343403755,0.2179420106224299
2025-09-01 23:50:00,100.35207958135122,100.38301863518966,100.25525519720227,100.33803801658212,875.9098197227074,-0.00013992300735254926,100.17993340401745,99.93881566881433,0.21455686075022434
2025-09-02 00:50:00,100.33803801658212,100.6793357915438,100.32647441677162,100.64332701598543,1701.7362949028666,0.0030426048330032263,100.27261212641105,100.00286215492079,0.23067938740612096
2025-09-02 01:50:00,100.64332701598543,100.81850940918257,100.58918750884911,100.81605498548652,2323.0221904499654,0.0017162386680007469,100.38130069822614,100.07678877588131,0.22672395795923603
2025-09-02 02:50:00,100.81605498548652,100.93701542910219,100.7923608119357,100.90306073293824,5474.778759642607,0.0008630147992227943,100.48565270516856,100.15190440834103,0.224098148645927
2025-09-02 03:50:00,100.90306073293824,101.05466698380367,100.83648057326637,100.97431002982526,1643.965151083078,0.0007061163097479284,100.5833841700999,100.22666855574867,0.2287297707921354
2025-09-02 04:50:00,100.97431002982526,100.97510155308223,100.8908769036263,100.94477949718193,1647.0432254990565,-0.0002924558992739579,100.65566323551631,100.29195136860623,0.22420881903492987
2025-09-02 05:50:00,100.94477949718193,101.20742134968737,100.91723307401222,101.13563829518333,5359.069733977559,0.0018907247997577148,100.75165824744973,100.36865018011324,0.21901396916820406
2025-09-02 06:50:00,101.13563829518333,101.18037323251,101.07351552180114,101.15104949534583,5737.190069924162,0.00015238149896790176,100.83153649702895,100.43977739058893,0.21614036524940264
2025-09-02 07:50:00,101.15104949534583,101.1954781556267,101.12380719451572,101.16683047568561,4439.319701588428,0.00015601400498077567,100.89859529276029,100.50587312559772,0.21380710031750283
2025-09-02 08:50:00,101.16683047568561,101.2265711189789,101.08117941745053,101.19688715717943,1916.5934624235756,0.0002971001597311673,100.95825366564412,100.56869258301423,0.19818096496841114
2025-09-02 09:50:00,101.19688715717943,101.22439373262384,101.11067326706137,101.14559540373757,1954.1518342449342,-0.0005068510987120689,100.99572201326282,100.62113829398908,0.1960359533238056
2025-09-02 10:50:00,101.14559540373757,101.34952465349052,101.11643644194334,101.27742503317707,3940.5466793059227,0.0013033650048059897,101.05206261724568,100.68080072482435,0.1918617776323584
2025-09-02 11:50:00,101.27742503317707,101.48273744186329,101.2606401466253,101.40320653480602,4368.234755412566,0.0012419500356346536,101.12229140075776,100.74647398027723,0.18259478374724022
2025-09-02 12:50:00,101.40320653480602,101.49731072847766,101.09660646368137,101.12598166541189,1856.6358282014157,-0.0027338866182596844,101.12302945368859,100.78097467892583,0.19576651974428724
2025-09-02 13:50:00,101.12598166541189,101.42313357967626,101.093041691329,101.38439915554281,3774.2383073698966,0.0025554015483966186,101.17530339405944,100.83583144952738,0.2102185519128495
2025-09-02 14:50:00,101.38439915554281,101.50085086426213,101.37722269739572,101.45663866150694,2923.3880180810174,0.0007125307894098043,101.23157044754895,100.89226846879825,0.19384475134815102
2025-09-02 15:50:00,101.45663866150694,101.50643173943568,101.31302916424275,101.39365376673078,1810.6848264893943,-0.0006208060468699816,101.26398711138532,100.93784895042847,0.19127908526668488
2025-09-02 16:50:00,101.39365376673078,101.50489098589414,101.38298828336265,101.47479255375946,2263.598670700686,0.0008002353600486956,101.30614819986015,100.98666200527674,0.1896539485070414
2025-09-02 17:50:00,101.47479255375946,101.51425604938927,101.34958511768654,101.38915540824947,3491.1940917473044,-0.0008439253075055442,101.32274964153801,101.0232523146379,0.18583141430457215
2025-09-02 18:50:00,101.38915540824947,101.46367691009823,101.30894891507018,101.3109075775217,2929.952990388497,-0.000771757397649564,101.32038122873476,101.04940279308188,0.19086736755972464
2025-09-02 19:50:00,101.3109075775217,101.58311209715485,101.30942690265785,101.52286277354219,6401.754320791785,0.0020921261203616925,101.36087753769625,101.09244460948736,0.18968857604700012
2025-09-02 20:50:00,101.52286277354219,101.82995430058041,101.44773589057722,101.74268934755347,1800.0299727824574,0.002165291324591756,101.4372398996677,101.15155776749337,0.20935719742516717
2025-09-02 21:50:00,101.74268934755347,101.7544476136948,101.54680189513739,101.60923493393443,4572.363299146306,-0.0013116855321482213,101.47163890652105,101.19316478262438,0.21906968009991143
2025-09-02 22:50:00,101.60923493393443,101.81319123544621,101.60248899368366,101.74796427091786,7276.50307539332,0.0013653221291709539,101.52690397940042,101.24360109974197,0.2237347186880671
2025-09-02 23:50:00,101.74796427091786,101.83845721242726,101.66458992503102,101.67566080047563,1637.030413371231,-0.0007106134354660787,101.55665534361546,101.28287925435411,0.228030920247622
2025-09-03 00:50:00,101.67566080047563,101.71525857743492,101.46895059629286,101.47465880869726,3492.797934610352,-0.001976893881937114,101.54025603663183,101.3003137592944,0.22897518950439938
2025-09-03 01:50:00,101.47465880869726,101.50236958162648,101.33005219779227,101.41383803640647,2168.4839880279965,-0.0005993690740605517,101.51497243658676,101.31063414812276,0.2254194815469869
2025-09-03 02:50:00,101.41383803640647,101.65669221228215,101.34631161890974,101.59526459103272,2338.64093473733,0.0017889723743726993,101.53103086747596,101.33650964293275,0.21896779073099587
2025-09-03 03:50:00,101.59526459103272,101.76584612587624,101.57105398453729,101.68244955800836,3536.7154594114004,0.000858159751112364,101.56131460558245,101.36795872612144,0.20930352308754557
2025-09-03 04:50:00,101.68244955800836,101.77885078919122,101.42517223841662,101.4702279940114,3108.8825730233866,-0.002087101214805931,101.54309728326825,101.37725593229325,0.2257356933667022
2025-09-03 05:50:00,101.4702279940114,101.76734791900091,101.41258213055913,101.66601021524919,4658.017808407908,0.0019294548273740553,101.56767986966445,101.40350632165288,0.2372616371701913
2025-09-03 06:50:00,101.66601021524919,101.73916359081682,101.30764006019731,101.3852269041712,2362.8749476841213,-0.0027618208925824783,101.5311892765658,101.40184455642728,0.25937741060504954
2025-09-03 07:50:00,101.3852269041712,101.54772325880124,101.34535565971413,101.49674950768643,2376.6172810972357,0.0010999886957951954,101.52430132278992,101.41047227926902,0.2620700297039339
2025-09-03 08:50:00,101.49674950768643,101.620827035717,101.42111492313272,101.61234542356938,1455.2082994321063,0.0011389124917167148,101.54191014294582,101.42882438329632,0.26528318095795
2025-09-03 09:50:00,101.61234542356938,101.62458140276682,101.54815842236826,101.55305006865807,5150.1321391097645,-0.0005835447913749015,101.54413812808828,101.44011762742011,0.2511930228080611
2025-09-03 10:50:00,101.55305006865807,102.10820742713392,101.48663344236473,102.10330596362256,3954.4042018808254,0.005418408354967985,101.65597169519513,101.50040747616578,0.26828984957706076
2025-09-03 11:50:00,102.10330596362256,102.38494417759938,102.02702677473876,102.37725925926857,4478.19474066865,0.002683099171574499,101.80022920800982,101.58012127462966,0.27902354131300505
2025-09-03 12:50:00,102.37725925926857,102.4223526519138,102.1806820725723,102.22375935930465,3261.4916732375605,-0.001499355433760785,101.8849352382688,101.63863382778193,0.28123556542578754
2025-09-03 13:50:00,102.22375935930465,102.58515039433702,102.17070802520016,102.57912497284694,5058.763164297751,0.003476350466560474,102.02377318518442,101.72413302278784,0.29841949983583255
2025-09-03 14:50:00,102.57912497284694,102.66520645570054,102.44686527720982,102.54929171540425,2850.0366761422415,-0.00029083166239318725,102.1288768912284,101.79914744938932,0.2964218710750219
2025-09-03 15:50:00,102.54929171540425,102.59244845831051,102.27038714517525,102.27236304899768,3372.7534553276028,-0.0027004444572382713,102.15757412278226,101.84216704935372,0.3071178660250971
2025-09-03 16:50:00,102.27236304899768,102.70415778584791,102.19131753256997,102.69459064466413,2668.3147591198317,0.004128462304759495,102.26497742715864,101.91966010347285,0.3215792703040634
2025-09-03 17:50:00,102.69459064466413,102.753615900293,102.53155066471109,102.56410015042931,2185.6629836684824,-0.0012706657031852364,102.32480197181278,101.97824556228707,0.32352734846427467
2025-09-03 18:50:00,102.56410015042931,102.5663127821136,102.42101352202661,102.4452982091212,2695.0392905711738,-0.0011583189550131712,102.34890121927447,102.02070489381744,0.30864311341515915
2025-09-03 19:50:00,102.4452982091212,102.52188826222446,102.3689158235615,102.39043517114115,4881.662422353375,-0.0005355349531811493,102.3572080096478,102.0543167372105,0.2942293027166727
2025-09-03 20:50:00,102.39043517114115,102.45948700677852,102.23992889990816,102.31206460348021,8247.016381451811,-0.0007654090690204507,102.34817932841429,102.07774836141684,0.2790889153060192
2025-09-03 21:50:00,102.31206460348021,102.52042857382143,102.28808576698327,102.50274672679522,4519.603026484625,0.0018637305781485924,102.37909280809049,102.11638457645124,0.2812300015739514
2025-09-03 22:50:00,102.50274672679522,102.57081319850624,102.17686978687262,102.18203683333972,3077.7574556323534,-0.003128793166004673,102.33968161314034,102.1223529634411,0.295103665791762
2025-09-03 23:50:00,102.18203683333972,102.24615371943617,102.13513816668882,102.23470854036853,3137.245174326294,0.0005154693394369136,102.31868699858599,102.13256710679813,0.29757456381667524
2025-09-04 00:50:00,102.23470854036853,102.3422124589256,102.2329522439424,102.24556131355789,3074.5043934336127,0.00010615546661507658,102.30406186158038,102.14283930741266,0.26098072311767595
2025-09-04 01:50:00,102.24556131355789,102.38221636121204,102.21980736784224,102.35788160640882,3757.4487227118525,0.001098534659186745,102.31482581054607,102.16238860732139,0.24701583672547503
2025-09-04 02:50:00,102.35788160640882,102.45838036666669,102.12536625015419,102.19708021444896,2649.309549622632,-0.0015709722537848858,102.29127669132666,102.16554238978753,0.2535403750948321
2025-09-04 03:50:00,102.19708021444896,102.25676934966307,101.90624612895752,102.0014489103932,5356.82159814592,-0.0019142553157610598,102.23331113513997,102.15062480075169,0.2489747216354528
2025-09-04 04:50:00,102.0014489103932,102.08182653702278,101.84404704512404,101.90435305496102,5208.937354857462,-0.0009519066294584322,102.16751951910419,102.12823646022525,0.2503631725931683
2025-09-04 05:50:00,101.90435305496102,101.93120252413367,101.86545748614904,101.88034508779545,2271.805359542892,-0.0002355931463754457,102.11008463284244,102.10570088091345,0.23205486722526558
2025-09-04 06:50:00,101.88034508779545,101.94091911660958,101.83541680806802,101.85732397718137,2794.063786502635,-0.00022596223632975754,102.05953250171024,102.08312116239235,0.20295929974409535
2025-09-04 07:50:00,101.85732397718137,101.93523016755175,101.60272850844383,101.65402393926766,3197.005457495266,-0.0019959295019300605,101.97843078922173,102.04411232392646,0.21084761571023897
2025-09-04 08:50:00,101.65402393926766,101.7839464534245,101.5534642616191,101.7153698804151,4183.723860760495,0.0006034777451022766,101.92581860746041,102.0142266472436,0.21693211083298333
2025-09-04 09:50:00,101.7153698804151,101.77698701948012,101.5830074009096,101.66160154934916,2932.480748193388,-0.0005286155979096208,101.87297519583817,101.98216982016228,0.2198611951120942
2025-09-04 10:50:00,101.66160154934916,102.00047385293138,101.6269058729169,101.917877735935,1910.3141585209075,0.0025208749683274245,101.88195570385754,101.97632508523253,0.23086190033667517
2025-09-04 11:50:00,101.917877735935,102.18638623026294,101.85539900614627,102.14847481429999,5438.37919811129,0.0022625773170283914,101.93525952594604,101.9919750606023,0.23790793014228281
2025-09-04 12:50:00,102.14847481429999,102.264232120547,102.1274895404835,102.1954968193096,2909.1280355568897,0.00046032997648848273,101.98730698461875,102.0104770386666,0.21953644217298876
2025-09-04 13:50:00,102.1954968193096,102.23740692144663,102.0279030416052,102.123708282189,3355.5993089263725,-0.0007024628222858098,102.01458724413281,102.02077078807771,0.22657132267970934
2025-09-04 14:50:00,102.123708282189,102.17177886988519,101.96763775362722,102.0236103635984,2468.528554891437,-0.0009801633751294059,102.01639186802593,102.02102893130686,0.233348529913622
2025-09-04 15:50:00,102.0236103635984,102.09409328876127,101.7970556431868,101.88231226473145,2586.727629816157,-0.001384954897825863,101.98957594736704,102.00841832525454,0.24296486221395547
2025-09-04 16:50:00,101.88231226473145,101.97093425359796,101.79932102134184,101.96552756020813,3156.4435734590447,0.0008167786304305036,101.98476626993526,102.00451916479577,0.23143622762421398
2025-09-04 17:50:00,101.96552756020813,102.29132883453958,101.94461923044621,102.23501279730627,11211.631818466996,0.0026429053381693546,102.03481557540947,102.02547313138763,0.2311638264376299
2025-09-04 18:50:00,102.23501279730627,102.32715067181638,101.9111567369176,101.9466183853373,1866.849709691338,-0.002820896717064425,102.01717613739504,102.01830451811033,0.24389342950906162
2025-09-04 19:50:00,101.9466183853373,102.09721564754155,101.86886699991328,102.03148784108258,2666.1326216230286,0.000832489170209616,102.02003847813255,102.01950300201689,0.25550797305503586
2025-09-04 20:50:00,102.03148784108258,102.11093135446913,101.8605869011259,101.87114566517603,2064.3756698803595,-0.0015714969888147579,101.99025991554124,102.00601597139499,0.2658538405408696
2025-09-04 21:50:00,101.87114566517603,102.09853152218686,101.80646449378919,102.06807632143739,2444.127584515163,0.0019331347947004751,102.00582319672048,102.01165782139884,0.2629656526329945
2025-09-04 22:50:00,102.06807632143739,102.09014676551061,101.91481281258021,101.99958072527583,3061.7247413144205,-0.0006710775653873124,102.00457470243155,102.01055990356947,0.25902649271335115
2025-09-04 23:50:00,101.99958072527583,102.08833989175726,101.95484038048158,101.95978278876896,1893.1675575175443,-0.00039017745194525055,101.99561631969904,102.00594380222397,0.2547064850494333
2025-09-05 00:50:00,101.95978278876896,102.02871409603551,101.72635059144173,101.8170899828849,1344.2735560583196,-0.0013995008814375876,101.95991105233621,101.98877527319314,0.24962045109081185
2025-09-05 01:50:00,101.8170899828849,101.86364069688565,101.69575813846468,101.75793725248694,4251.019749191825,-0.0005809705463778458,101.91951629236637,101.96778999858348,0.23797011782683342
2025-09-05 02:50:00,101.75793725248694,101.92640746491668,101.70621389136979,101.91390320392364,3849.277447112188,0.0015327153404232075,101.91839367467783,101.96289119906895,0.2439309030756464
2025-09-05 03:50:00,101.91390320392364,101.98560710842432,101.35886127874703,101.44848562344637,4408.721068319853,-0.004566772205221059,101.82441206443154,101.91612705583053,0.2737338994924932
2025-09-05 04:50:00,101.44848562344637,101.53384230982647,101.36250554557623,101.52016644514887,6041.401780170049,0.0007065736000098077,101.76356294057501,101.88013063667765,0.27139073149194104
2025-09-05 05:50:00,101.52016644514887,101.77563365824966,101.45990079410014,101.7279262353619,1468.524033140927,0.0020464878800734443,101.7564355995324,101.86629387292167,0.27272610424730154
2025-09-05 06:50:00,101.7279262353619,101.79453010681881,101.13720779815553,101.21765055043876,4092.362979579563,-0.00501608264128528,101.64867858971367,101.8073262981505,0.3074196097049559
2025-09-05 07:50:00,101.21765055043876,101.28814423319396,101.1691091944041,101.27864395986796,4489.128852113913,0.0006025965737943562,101.57467166374454,101.75926426739754,0.2911571407547048
2025-09-05 08:50:00,101.27864395986796,101.68160983663388,101.19231071783307,101.62100075220212,2386.789629006129,0.0033803453418059792,101.58393748143607,101.74669485692523,0.2963932253191359
2025-09-05 09:50:00,101.62100075220212,101.71676537792212,101.47732477453921,101.49951424596102,1637.178214166931,-0.0011954862217636864,101.56705283434107,101.72422389229212,0.29718550787303855
2025-09-05 10:50:00,101.49951424596102,101.59526820735607,101.43615699456699,101.51319552395384,3212.271038491862,0.00013479156126461334,101.55628137226363,101.70503949517045,0.29066884783345665
2025-09-05 11:50:00,101.51319552395384,101.56534752312889,101.48605879341632,101.5553313602566,1974.602279176455,0.00041507742993696084,101.55609136986223,101.69142966472374,0.2754703979273785
2025-09-05 12:50:00,101.5553313602566,101.59992370852106,101.44258875607578,101.50603714252347,2326.9615662883757,-0.0004853927122572266,101.54608052439448,101.67457579906917,0.27418475503558426
2025-09-05 13:50:00,101.50603714252347,101.74584394945583,101.4619453810634,101.66042225764977,4197.251728083273,0.0015209451523512385,101.56894887104555,101.6732891134856,0.2849275448296384
2025-09-05 14:50:00,101.66042225764977,101.7381626929892,101.648957626302,101.67347805940284,6891.4103960479815,0.0001284256101157233,101.58985470871701,101.67330629038716,0.26970194212202514
2025-09-05 15:50:00,101.67347805940284,101.67353485532506,101.4650616889552,101.55760792051704,4677.438197846351,-0.0011396299319877956,101.58340535107702,101.6627882567626,0.27260127126123124
2025-09-05 16:50:00,101.55760792051704,101.95775174962384,101.5119954656039,101.89265878131266,902.7461734877193,0.003299121234303204,101.64525603712416,101.68368557717623,0.28871289343787715
2025-09-05 17:50:00,101.89265878131266,101.96626385812021,101.79199140356057,101.85479455888695,3173.6056182993193,-0.0003716089351145646,101.68716374147672,101.69924093914993,0.2563933666437594
2025-09-05 18:50:00,101.85479455888695,101.88202359725318,101.72320034411808,101.73621314993657,2016.7816470974055,-0.0011642201966429733,101.6969736231687,101.70260204922144,0.255499544421249
2025-09-05 19:50:00,101.73621314993657,101.77158392321459,101.56782183607578,101.65272365253645,5096.278051524404,-0.000820646796407476,101.68812362904225,101.6980676495228,0.2475016317776268
2025-09-05 20:50:00,101.65272365253645,101.74617799511327,101.59215325205513,101.67071000861871,9094.21293546916,0.00017693924408490602,101.68464090495755,101.69558059125879,0.2115518056629741
2025-09-05 21:50:00,101.67071000861871,101.76391247702027,101.66996650411832,101.7603289907103,2933.126653877824,0.00088146312821058,101.6997785221081,101.70146680939074,0.20975972952812327
2025-09-05 22:50:00,101.7603289907103,101.95147234605457,101.7569609249146,101.85103403824618,1933.4518180367786,0.0008913596136679303,101.73002962533573,101.71506383019577,0.18870346540949207
2025-09-05 23:50:00,101.85103403824618,101.94900809449535,101.82834297043536,101.89972519451689,3298.947658419556,0.0004780624637783504,101.76396873917197,101.73185122695223,0.18021950260071304
2025-09-06 00:50:00,101.89972519451689,102.10806138825274,101.85018405124256,102.03974077571554,2441.2643938219726,0.001374052588771768,101.81912314648069,101.75984118593071,0.18727422575936206
2025-09-06 01:50:00,102.03974077571554,102.32743140625665,101.98210876347386,102.2680495635051,3521.0505336073834,0.0022374497039481245,101.90890842988559,101.80604194752839,0.2062766481215204
2025-09-06 02:50:00,102.2680495635051,102.35182359396353,102.19611758562941,102.3385386106976,1744.7279784136576,0.0006892577642123587,101.99483446604799,101.85445073508922,0.20616029497072322
2025-09-06 03:50:00,102.3385386106976,102.70254332882209,102.26962560461881,102.63621999608661,4678.964156618226,0.002908790661174221,102.12311157205572,101.92552066790716,0.21680452038578377
2025-09-06 04:50:00,102.63621999608661,102.83546652972642,102.61895116949704,102.81877908306542,3704.8972823942245,0.001778700413808787,102.26224507425766,102.0067259783761,0.22589811278165378
2025-09-06 05:50:00,102.81877908306542,102.9854543150315,102.77206447441986,102.97672756503327,2908.2740642376716,0.0015361832087137373,102.40514157241279,102.09490794079947,0.22624930379892408
2025-09-06 06:50:00,102.97672756503327,103.0922254180322,102.92378208890653,102.99626956212447,2214.22684557219,0.0001897710050928758,102.52336717035513,102.17684990637447,0.20644123559219046
2025-09-06 07:50:00,102.99626956212447,103.32043230803635,102.96301662560332,103.2783909468501,4425.796089415418,0.002739141775959686,102.67437192565413,102.27699000096317,0.2195228947260038
2025-09-06 08:50:00,103.2783909468501,103.9362680345945,103.24855078718805,103.86453707977736,5226.49927924745,0.005675399544411208,102.91240495647878,102.42131246267354,0.25730103717395786
2025-09-06 09:50:00,103.86453707977736,103.88623077624646,103.6298973647181,103.66739679528003,1032.5142213033714,-0.0018980519245554994,103.06340332423903,102.53459285654685,0.26105613177321124
2025-09-06 10:50:00,103.66739679528003,104.00080505395803,103.6506834458457,103.96112593630835,2183.90366213008,0.002833380118615114,103.2429478466529,102.66427768197971,0.2750630507056532
2025-09-06 11:50:00,103.96112593630835,104.19310511173221,103.94203103963982,104.10577631304116,3498.511682970943,0.0013913890930870032,103.41551353993056,102.79532301207621,0.28628648636211346
2025-09-06 12:50:00,104.10577631304116,104.19296768435643,103.92137989558579,103.99170097151627,2123.8743483715143,-0.0010957638045162588,103.5307510262477,102.90408464475257,0.29179194119287544
2025-09-06 13:50:00,103.99170097151627,104.14541883613099,103.94272964139472,104.12456588725547,4426.622662865899,0.0012776492210238022,103.64951399844927,103.01503748498011,0.2976508033840375
2025-09-06 14:50:00,104.12456588725547,104.1285501058798,104.04592152404042,104.09005778211579,4376.0272726034955,-0.00033141175519568744,103.73762275518257,103.11276660290153,0.2851330351575519
2025-09-06 15:50:00,104.09005778211579,104.09734846938083,104.00153243412248,104.09263839662815,7398.545252727451,2.479213257577939e-05,103.80862588347169,103.20184585687667,0.267311134620092
2025-09-06 16:50:00,104.09263839662815,104.25180764787953,104.02181598770406,104.17005179501919,1537.920451173043,0.0007436971488423705,103.8809110657812,103.289864578526,0.2726172526087599
2025-09-06 17:50:00,104.17005179501919,104.20336561349443,103.7366577799108,103.80661928513753,3800.2403464522718,-0.0034888387172621327,103.86605270965248,103.33684227912704,0.2750308318502133
2025-09-06 18:50:00,103.80661928513753,104.14720334161555,103.74909721202717,104.04510958893289,1402.2126310276162,0.002297447941544739,103.90186408550856,103.40123021638212,0.2880016010901422
2025-09-06 19:50:00,104.04510958893289,104.10014617798196,103.86297356871792,103.95253666280499,1432.2321999889034,-0.0008897383691904848,103.91199860096785,103.45134898423873,0.2897003702795991
2025-09-06 20:50:00,103.95253666280499,103.95704384835975,103.5699728367295,103.57256733896658,996.0491653741985,-0.0036552193533374577,103.8441123485676,103.46236883466854,0.3053166333156402
2025-09-06 21:50:00,103.57256733896658,103.7691991502229,103.48274042155946,103.731132297359,1334.8931492844738,0.0015309551792173082,103.82151633832589,103.4868018767313,0.3002482794749558
2025-09-06 22:50:00,103.731132297359,103.8726475244481,103.62835917193871,103.85617231311114,2453.4738529757688,0.0012054241863832527,103.82844753328295,103.52038100731129,0.26857478698230813
2025-09-06 23:50:00,103.85617231311114,104.1050147371362,103.82860636567644,104.0944533444184,3238.0244702068444,0.002294336735123137,103.88164869551005,103.57256940159375,0.2700087126916943
2025-09-07 00:50:00,104.0944533444184,104.18426729636866,103.85217929927762,103.92204420690302,1500.6903327291352,-0.0016562759299472152,103.88972779778865,103.60433983844005,0.26872059761874467
2025-09-07 01:50:00,103.92204420690302,104.13864631732162,103.87396563209997,104.05706591627784,4647.722143304054,0.0012992595594636391,103.9231954214865,103.64549675460712,0.2696924985565486
2025-09-07 02:50:00,104.05706591627784,104.1001105966493,103.84669706274487,103.85235616051031,3771.976728236393,-0.0019672835666174615,103.90902756929127,103.66430215514377,0.26839433749467645
2025-09-07 03:50:00,103.85235616051031,103.93040097759727,103.83747057950484,103.88598404111488,2840.093394045078,0.00032380469589532446,103.90441886365599,103.68445505386842,0.2605544234486885
2025-09-07 04:50:00,103.88598404111488,104.19681114013267,103.81894151552025,104.11794866888333,1424.7338839585173,0.0022328770325421576,103.94712482470146,103.72386356432432,0.2816430693610487
2025-09-07 05:50:00,104.11794866888333,104.33246905171333,104.04103740910246,104.2903698056759,1624.814171196868,0.001656017420597733,104.01577382089636,103.77536413171991,0.2956156127433717
2025-09-07 06:50:00,104.2903698056759,104.45840137167268,104.26393087608757,104.40960413392375,913.5821492437349,0.001143291834807325,104.09453988350184,103.83302231373844,0.2930783867012029
2025-09-07 07:50:00,104.40960413392375,104.51096657085127,103.87120760447627,103.90227346885688,3205.578979704221,-0.004859042128118163,104.05608660057285,103.83931787329466,0.30543918190058655
2025-09-07 08:50:00,103.90227346885688,103.95141904753831,103.77572681709273,103.79154388448173,4455.804083065491,-0.0010657089655342622,104.00317805735463,103.83497478340257,0.28955247481895746
2025-09-07 09:50:00,103.79154388448173,104.16721808214177,103.75771628855252,104.154413916495,3948.6952777105357,0.0034961425414110625,104.03342522918271,103.86401470459279,0.301861702270759
2025-09-07 10:50:00,104.154413916495,104.2616492342165,104.15312333850224,104.16462026865922,4095.680029140073,9.799250728259601e-05,104.05966423707802,103.89134248314429,0.28196562256247504
2025-09-07 11:50:00,104.16462026865922,104.19267409261093,104.1229320675669,104.12947244298098,3623.1567680868075,-0.0003374257553820925,104.07362587825862,103.91299066131126,0.2664858580182314
2025-09-07 12:50:00,104.12947244298098,104.42654281460565,104.08405984483827,104.32684707378046,7871.426627805865,0.001895473261977365,104.124270117363,103.95061397153573,0.27349975925094583
2025-09-07 13:50:00,104.32684707378046,104.54213969561522,104.29558752116671,104.50693549450176,2120.5440849811093,0.0017261944146931274,104.20080319279076,104.00118865544172,0.27136717375014185
2025-09-07 14:50:00,104.50693549450176,104.56721505465957,104.39789887546029,104.46461686087456,2223.331232571172,-0.0004049361262672413,104.25356592640752,104.04331849229925,0.2597406153293024
2025-09-07 15:50:00,104.46461686087456,104.80013949905084,104.38194077824151,104.76246596629085,1770.945010720495,0.002851196073527573,104.35534593438419,104.10869553538939,0.270706189299851
2025-09-07 16:50:00,104.76246596629085,104.88233835132937,104.71078559844925,104.81060523947173,3074.148761607349,0.0004595087824332822,104.44639779540171,104.17250550848777,0.26485899065525687
2025-09-07 17:50:00,104.81060523947173,104.83565931959059,104.65386065261075,104.74652244735961,965.2639554827523,-0.0006114151517940813,104.5064227257933,104.22468886656704,0.27120672414721475
2025-09-07 18:50:00,104.74652244735961,104.8837627167928,104.66340363269887,104.8736235127852,3611.777526780971,0.0012134156099499194,104.57986288319168,104.28368292531414,0.2599559712530371
2025-09-07 19:50:00,104.8736235127852,104.95069447772612,104.81298894119007,104.86170342842098,4045.402722385215,-0.00011366141423319043,104.63623099223754,104.33623024377839,0.24897553510483508
2025-09-07 20:50:00,104.86170342842098,105.01964093984601,104.79176526018239,104.9431918955347,7527.685855659678,0.0007771041710127324,104.69762317289698,104.39140857575623,0.2513616196818721
2025-09-07 21:50:00,104.9431918955347,105.00623211186614,104.30798987216892,104.31861164376998,5375.4575504681225,-0.0059516033435160764,104.62182086707159,104.38479067284838,0.25553899634774524
2025-09-07 22:50:00,104.31861164376998,104.40751956116668,103.96895561380255,104.01772001825991,2471.568504705312,-0.002884352281619429,104.50100069730927,104.35142061334034,0.27431554755621335
2025-09-07 23:50:00,104.01772001825991,104.02980520477922,103.91050175047923,103.98255035659119,3464.216765153766,-0.00033811221455870566,104.39731062916566,104.31788695363586,0.2535870947498375
2025-09-08 00:50:00,103.98255035659119,104.07819222600033,103.37703313906455,103.41041480273228,3211.62585499158,-0.005502226593758985,104.19993146387898,104.2353894853719,0.2959180369799453
2025-09-08 01:50:00,103.41041480273228,103.87671495493596,103.33820472985629,103.77816166047104,2190.0747674476233,0.003556187821510015,104.1155775031974,104.19382331947182,0.3294014798396339
2025-09-08 02:50:00,103.77816166047104,103.83085162764735,103.77178682489462,103.81064541524945,3063.0307991619675,0.000313011468488833,104.05459108560781,104.15898896454252,0.3091573250528725
2025-09-08 03:50:00,103.81064541524945,103.95800579116019,103.75731879805551,103.91879164528943,2331.0703702623277,0.0010417643547768751,104.02743119754415,104.13715284461041,0.3058812406711705
2025-09-08 04:50:00,103.91879164528943,104.08767901704304,103.88979043012651,104.02090821063408,3173.9876086747995,0.000982657358961525,104.02612660016214,104.12658515061256,0.3079221269366883
2025-09-08 05:50:00,104.02090821063408,104.02867571535336,103.92440374877859,103.9819007168147,1141.1788285881414,-0.0003749966664430282,104.01728142349266,104.1134320202673,0.2854987873485056
2025-09-08 06:50:00,103.9819007168147,104.13023259639705,103.878300478994,104.04286135872698,7169.200234111091,0.0005862620464911483,104.02239741053953,104.10701650558181,0.2912401705287146
2025-09-08 07:50:00,104.04286135872698,104.07552605628953,103.77523992506991,103.78703669160177,2304.6299373513025,-0.0024588392109206048,103.97532526675198,104.07792743158362,0.29970356083155586
2025-09-08 08:50:00,103.78703669160177,104.13773573496758,103.71378805288039,104.07920819832192,3978.6638707081966,0.0028151059711660764,103.99610185306598,104.07804386492346,0.31424560354536013
2025-09-08 09:50:00,104.07920819832192,104.16333943068321,104.06445841824141,104.15669568868515,3455.6928021869217,0.000744504994845574,104.02822062018983,104.08519403071998,0.3114724232529135
2025-09-08 10:50:00,104.15669568868515,104.29210887255222,104.12012255876967,104.2019837511828,3693.2221349864053,0.0004348070203092913,104.06297324638842,104.09581127803477,0.30748032568997985
2025-09-08 11:50:00,104.2019837511828,104.2575322045734,104.1120279152237,104.18616462933146,1332.0445174227618,-0.0001518120987898941,104.08761152297704,104.10402521906174,0.2679990435222988
2025-09-08 12:50:00,104.18616462933146,104.23805799078943,103.74692549857994,103.83697984239002,2599.132064863783,-0.0033515466106631697,104.03748518685964,104.07974836663703,0.27175393958268146
2025-09-08 13:50:00,103.83697984239002,104.06001647522615,103.75638207113639,104.0518741197545,2561.231120160697,0.0020695351279540475,104.04036297343862,104.07721434419317,0.28492043599623634
2025-09-08 14:50:00,104.0518741197545,104.15415445263953,103.70419787406229,103.77900581252335,3788.9306649907408,-0.00262242568468396,103.98809154125557,104.05010447767772,0.26697739968491263
2025-09-08 15:50:00,103.77900581252335,103.87257118922217,103.68958594790023,103.76930192404129,2548.7813612772356,-9.350531358520708e-05,103.94433361781272,104.02457697280168,0.24158275798793177
2025-09-08 16:50:00,103.76930192404129,103.97085341209603,103.75893588312681,103.90774801599811,983.574575825608,0.0013341719505655103,103.9370164974498,104.0139561585468,0.2525008098605385
2025-09-08 17:50:00,103.90774801599811,103.99111755146757,103.8503804476429,103.90052416698717,4001.2189823965778,-6.95217551036631e-05,103.92971803135728,104.0036441593141,0.24821867491196567
2025-09-08 18:50:00,103.90052416698717,103.99506998470092,103.80229433962919,103.87606217482536,2669.1064847634802,-0.0002354366578795064,103.91898686005091,103.99204579708785,0.24785346478019424
2025-09-08 19:50:00,103.87606217482536,104.07171713250553,103.86156199865658,104.00666107760055,2431.6288188124136,0.0012572569660505017,103.93652170356084,103.99337445895264,0.2554165481569208
2025-09-08 20:50:00,104.00666107760055,104.08064791762068,103.73328190792007,103.77539113509766,8436.885654733878,-0.002223607027730057,103.90429558986821,103.97355779314765,0.2622332547496039
2025-09-08 21:50:00,103.77539113509766,104.04132756307635,103.674751950158,104.0190589690597,4413.619881789642,0.0023480309859282844,103.92724826570651,103.97769426368511,0.26696821772808477
2025-09-08 22:50:00,104.0190589690597,104.34660010879846,104.00921098351897,104.34512249050161,2032.7052536680462,0.0031346517135757423,104.01082311066554,104.01109682975934,0.26078546367039174
2025-09-08 23:50:00,104.34512249050161,104.38693628302296,104.05469958200753,104.06773473030712,3019.637438300646,-0.0026583682454321966,104.02220543459386,104.01624572980913,0.2774537271399374
2025-09-09 00:50:00,104.06773473030712,104.34113988239366,104.06113404443457,104.27308393553416,2937.8151598655736,0.0019732264352558815,104.07238113478192,104.03959465760231,0.2851694074382617
2025-09-09 01:50:00,104.27308393553416,104.30885640188606,104.22883111147598,104.2547274668468,2144.980374290392,-0.00017604225361467218,104.1088504011949,104.05915218571543,0.2804923360854324
2025-09-09 02:50:00,104.2547274668468,104.26394613254925,103.99511678184633,104.02356150437022,5235.650818078267,-0.0022173187546827844,104.09179262182997,104.0559166692295,0.2646135402635344
2025-09-09 03:50:00,104.02356150437022,104.42441470662192,103.92320304610281,104.40870631581079,3784.013126756958,0.003702476687691414,104.15517536062613,104.08798845528234,0.27872620143705873
2025-09-09 04:50:00,104.40870631581079,104.89292658450799,104.36772757706436,104.87242859496946,2429.645452766776,0.004441413896615343,104.2986260074948,104.1593011952539,0.2841006606418008
2025-09-09 05:50:00,104.87242859496946,104.92798660783741,104.84354079660636,104.88526779429162,3308.265444783942,0.00012242683319318992,104.41595436485417,104.22529815880279,0.2770621299210226
2025-09-09 06:50:00,104.88526779429162,104.92493375460468,104.77599555310697,104.7891355631352,2901.3639619410465,-0.0009165465577583021,104.49059060451039,104.27655610465119,0.27256360653020045
2025-09-09 07:50:00,104.7891355631352,104.79453430027091,104.66066486047553,104.72760605234879,4611.318712467146,-0.0005871745239213189,104.53799369407807,104.31756064535097,0.2720730590995371
2025-09-09 08:50:00,104.72760605234879,105.10872226745413,104.65532302248046,105.06735231837881,19043.218805388926,0.0032440946454959096,104.64386541893822,104.38572352471714,0.2906890305211038
2025-09-09 09:50:00,105.06735231837881,105.23921395645122,105.03029680956436,105.16318062046699,687.855075303594,0.0009120654511003412,104.74772845924399,104.45640144251257,0.2906006028809551
2025-09-09 10:50:00,105.16318062046699,105.1871541958494,104.91866088821817,104.93103676591153,1722.239296865721,-0.0022074632317680143,104.7843901205775,104.49955010827611,0.28496683844742826
2025-09-09 11:50:00,104.93103676591153,104.94249294936219,104.85906163249878,104.93724526483908,3028.606857024272,5.916742194589375e-05,104.81496114942982,104.53934057705456,0.26474224587207523
2025-09-09 12:50:00,104.93724526483908,105.00603058090903,104.81766185765119,104.88034287963156,1543.7388601832831,-0.0005422515624829982,104.82803749547017,104.57034078637975,0.2540979314419575
2025-09-09 13:50:00,104.88034287963156,104.94048379167641,104.75232228393796,104.8492201778512,5955.698081742459,-0.000296744851569386,104.83227403194638,104.5956934583317,0.2438068462078878
2025-09-09 14:50:00,104.8492201778512,104.9162809427824,104.79410450738472,104.8775647001848,2902.418929878677,0.0002703360338354166,104.84133216559408,104.62131811668198,0.23253331745350078
2025-09-09 15:50:00,104.8775647001848,104.97619927387274,104.67008265356296,104.67909587961908,1905.3247927647265,-0.0018923858609140032,104.8088849083991,104.62657064058534,0.2486826981606224
2025-09-09 16:50:00,104.67909587961908,104.87087354922824,104.65254386913912,104.77596527491816,3678.7644199722145,0.0009253938858095889,104.80230098170291,104.64015197097923,0.24507557883106504
2025-09-09 17:50:00,104.77596527491816,104.82438092653003,104.55482883692876,104.61945329006738,2711.479966472839,-0.0014937775513698126,104.76573144337581,104.63827027271452,0.22852846662264778
2025-09-09 18:50:00,104.61945329006738,104.7224755798073,104.59767555515185,104.6729992398627,3417.6319405070867,0.000511816379376917,104.74718500267319,104.64142745154618,0.19992853928063425
2025-09-09 19:50:00,104.6729992398627,104.75191487946199,104.27441480105179,104.29497164918813,1511.7340237678266,-0.0036115100686884283,104.65674233197619,104.60993146951363,0.22800384407914517
2025-09-09 20:50:00,104.29497164918813,104.49602298184418,104.27056434841607,104.43348376335615,4913.830719563758,0.0013280804623441167,104.61209061825218,104.59389076895386,0.2334695892170302
2025-09-09 21:50:00,104.43348376335615,104.77154656952055,104.40827067747986,104.70604974998218,3180.8519881509583,0.0026099482350283587,104.63088244459819,104.60408703995643,0.24985576437740978
2025-09-09 22:50:00,104.70604974998218,104.80007108281485,104.38789682465325,104.46829350686278,2329.775880659828,-0.0022707020624608276,104.5983646570511,104.59174217331154,0.24691112246226204
2025-09-09 23:50:00,104.46829350686278,104.69664727315177,104.40267632657688,104.60631288295035,2557.534409510874,0.0013211604349456785,104.59995430223096,104.5930667832787,0.25298639386854965
2025-09-10 00:50:00,104.60631288295035,104.73816474821214,104.54977737871359,104.71722729165921,5221.79533796494,0.001060303204004187,104.62340890011662,104.60435410222239,0.24726454114478713
2025-09-10 01:50:00,104.71722729165921,104.85815232861508,104.69511916984881,104.80012627971331,3977.113314605506,0.0007916461330972346,104.65875237603596,104.62215157290338,0.2529503869949912
2025-09-10 02:50:00,104.80012627971331,104.88344627670551,104.66338296640775,104.74099563934871,4468.151066006354,-0.0005642229877355076,104.67520102869852,104.63295557894386,0.2552142860692714
2025-09-10 03:50:00,104.74099563934871,104.74969857818421,104.52112747690947,104.5302435848647,7107.149064018342,-0.00201212575073928,104.64620953993176,104.62361812493667,0.2581006856075772
2025-09-10 04:50:00,104.5302435848647,104.65211195927508,104.51762021391498,104.62915333213871,6948.959250859544,0.0009462309077439279,104.64279829837315,104.6241213255914,0.2589803506048928
2025-09-10 05:50:00,104.62915333213871,104.68704241586465,104.54693385586967,104.6334595116971,3444.0859434662916,4.115659375281133e-05,104.64093054103795,104.62497025160101,0.24712263201097887
2025-09-10 06:50:00,104.6334595116971,104.67483503426202,104.62329869760386,104.63588324160283,1475.2350135545923,2.316400429691612e-05,104.63992108115093,104.62596234160118,0.23520882176591076
2025-09-10 07:50:00,104.63588324160283,104.7284204892784,104.25718087710302,104.29934071548463,2273.3906092863012,-0.0032163204026397496,104.57180500801768,104.59626946649968,0.24961507337834782
2025-09-10 08:50:00,104.29934071548463,104.34056631956742,104.21890165022901,104.27303385314104,500.2333910264548,-0.0002522246273382045,104.51205077704236,104.5668844107398,0.24939111942713055
2025-09-10 09:50:00,104.27303385314104,104.34623031057849,104.0931060357106,104.17210167289241,2936.630364278938,-0.0009679605217086662,104.44406095621238,104.53099507093549,0.23336427631696516
2025-09-10 10:50:00,104.17210167289241,104.20557053946617,104.00537271038708,104.00702555501952,1864.3116022755432,-0.0015846480508883154,104.35665387597382,104.48336147857948,0.23155993314917822
2025-09-10 11:50:00,104.00702555501952,104.27984241458476,103.92317359117402,104.20435726985002,2265.1975103484187,0.001897292166346043,104.32619455474907,104.45799745960407,0.23108799967561058
2025-09-10 12:50:00,104.20435726985002,104.30468289353738,104.00914616641296,104.03762070179144,2428.478938870197,-0.001600092092375771,104.26847978415755,104.41978139071202,0.22275674745866883
2025-09-10 13:50:00,104.03762070179144,104.12818908396945,103.83582116775366,103.91257839382303,2628.2203781368853,-0.0012018951137572342,104.19729950609064,104.37367202735847,0.22264224529016122
2025-09-10 14:50:00,103.91257839382303,104.08420416690038,103.90244350544867,104.01728559122677,6226.389054755266,0.0010076469954090062,104.16129672311787,104.3412732604374,0.22216890900110034
2025-09-10 15:50:00,104.01728559122677,104.03142992506694,103.98436170480599,104.02171862340465,4480.233493369068,4.261822592943609e-05,104.13338110317524,104.31222283888897,0.21388569910786362
2025-09-10 16:50:00,104.02171862340465,104.09062749358421,103.59748198745483,103.65456941585276,2588.8523329524533,-0.0035295437569253796,104.03761876571075,104.25243616406749,0.23339157023869359
2025-09-10 17:50:00,103.65456941585276,103.71850640076143,103.61856562412858,103.69617351636644,2683.3187163936736,0.0004013725660927392,103.9693297158419,104.20186683245831,0.22420368990713005
2025-09-10 18:50:00,103.69617351636644,103.69857159975841,103.5576333568267,103.62673924712232,6164.445440342863,-0.0006695933600014969,103.90081162209799,104.14958250651867,0.22466415401938836
2025-09-10 19:50:00,103.62673924712232,103.71692202922877,103.4877159042452,103.57391016712643,3076.8812052740877,-0.0005098016243655357,103.83543133110368,104.09724865748301,0.23102826580428676
2025-09-10 20:50:00,103.57391016712643,103.58609738534622,103.42085345694137,103.5041497724833,5579.887893591546,-0.0006735324999370684,103.7691750193796,104.04333057702848,0.23915023664333596
2025-09-10 21:50:00,103.5041497724833,103.7949434680893,103.43451826959493,103.69301994099548,884.5586049364198,0.001824759383342034,103.75394400370278,104.01148415557094,0.2312349213804065
2025-09-10 22:50:00,103.69301994099548,103.71115174682646,103.35359203827964,103.38447472975305,3424.5792837858176,-0.0029755639426646274,103.68005014891284,103.9544832986784,0.24808456703815043
2025-09-10 23:50:00,103.38447472975305,103.41190836126249,102.97510638366991,103.00520863017819,3643.654281712201,-0.0036685014898636403,103.54508184516591,103.86818560154201,0.26120440294705716
2025-09-11 00:50:00,103.00520863017819,103.04107716348963,102.91959702539555,103.02748679141331,7398.222440817097,0.00021628189031797085,103.4415628344154,103.79175843698485,0.2555817107338427
2025-09-11 01:50:00,103.02748679141331,103.07877790805918,102.57398762256774,102.63578272549054,3910.3151394755832,-0.0038019375034916703,103.28040681263043,103.68666973593992,0.2661618151681781
2025-09-11 02:50:00,102.63578272549054,102.7235366637998,102.58669425867404,102.71607635630058,2640.951138511067,0.0007823161540529977,103.16754072136446,103.59843397415452,0.25482650645398863
2025-09-11 03:50:00,102.71607635630058,102.74130199027437,102.59680462493567,102.64592353704292,5377.7322031440235,-0.0006829779889012677,103.06321728450015,103.51184211623527,0.2442643242484824
2025-09-11 04:50:00,102.64592353704292,102.68126850650073,102.44068751158136,102.46404505766355,1985.0309960193601,-0.0017719016314732272,102.94338283913284,103.41658783818329,0.2484657766390299
2025-09-11 05:50:00,102.46404505766355,102.74601523097016,102.43975887174933,102.66806950057557,2506.9584660230653,0.00199118083613814,102.88832017142138,103.34854071658259,0.2669792151361636
2025-09-11 06:50:00,102.66806950057557,102.69652048712348,102.59714936014711,102.6795266041831,2298.054718103634,0.00011159364019652784,102.84656145797373,103.287721251819,0.23885247376809104
2025-09-11 07:50:00,102.6795266041831,102.6884109414309,102.4175291330516,102.46007289978797,3347.091483299593,-0.0021372683693906547,102.76926374633659,103.21248049254345,0.25106254746426615
2025-09-11 08:50:00,102.46007289978797,102.69954188668476,102.3637134220157,102.60816496694001,4170.798006562741,0.0014453636715334728,102.73704399045728,103.15754271748858,0.26498327758836177
2025-09-11 09:50:00,102.60816496694001,102.68143059386104,102.33466464256453,102.41423496896947,1766.1342803295745,-0.0018900055179139619,102.67248218615973,103.08996928580503,0.2733804080392862
2025-09-11 10:50:00,102.41423496896947,102.49476742211365,102.32450140491942,102.33717432180318,3441.1774322671527,-0.0007524407831551727,102.60542061328842,103.02153337998668,0.27373912866709965
2025-09-11 11:50:00,102.33717432180318,102.41781981984398,102.09317425215444,102.17136399882915,2985.8840891757645,-0.0016202355016431413,102.51860929039657,102.9442452544269,0.2711834407524693
2025-09-11 12:50:00,102.17136399882915,102.54185969291416,102.1556062126239,102.48569589875736,3400.143738892973,0.003076516624871628,102.51202661206874,102.90255894936602,0.27323299587700134
2025-09-11 13:50:00,102.48569589875736,102.53659430103758,102.4324265593832,102.46657748839148,1355.6196184039698,-0.00018654710980114952,102.5029367873333,102.86292427109561,0.24947340759570125
2025-09-11 14:50:00,102.46657748839148,102.79990029711163,102.43805810390543,102.70727256236962,1535.554592744252,0.002349010573768906,102.54380394234057,102.84877411575688,0.2666421258179952
2025-09-11 15:50:00,102.70727256236962,102.92933910957721,102.67937085486301,102.83951605972503,3946.8558720295064,0.0012875767611790767,102.60294636581747,102.84793247429944,0.2484405521910499
2025-09-11 16:50:00,102.83951605972503,102.90913406512136,102.72335402612151,102.80376644636272,4097.215387363385,-0.00034762525857812143,102.64311038192653,102.84391738085064,0.25193609746777057
2025-09-11 17:50:00,102.80376644636272,102.9277252178034,102.7566956807092,102.9058391528144,1769.179094408933,0.0009928887819974364,102.6956561361041,102.84954663284735,0.2538312525931638
2025-09-11 18:50:00,102.9058391528144,103.45380288344968,102.80641401435346,103.41671806040789,945.2272548094529,0.004964527881015979,102.83986852096487,102.90110767171649,0.2828889578915102
2025-09-11 19:50:00,103.41671806040789,103.66740922592746,103.33774738793322,103.57466509578137,1795.7000733508528,0.001527287254283305,102.98682783592818,102.9623401648133,0.28456077780389677
2025-09-11 20:50:00,103.57466509578137,103.58251263238073,103.41843554663355,103.51958108235786,3836.148307742923,-0.0005318290276157267,103.09337848521412,103.01299843004462,0.28918263200181216
2025-09-11 21:50:00,103.51958108235786,103.92588534075426,103.44938163855879,103.8492127937273,10270.071836020577,0.003184245028070576,103.24454534691677,103.08901791765213,0.30386991013153875
2025-09-11 22:50:00,103.8492127937273,103.89194951266911,103.61838117660615,103.69872968394083,3458.696167678445,-0.0014490539286550197,103.33538221432158,103.144446260042,0.29942275808824703
2025-09-11 23:50:00,103.69872968394083,104.13150103966628,103.68053634116986,104.12012917167554,1889.9940841755733,0.004063689970157602,103.49233160579239,103.23314470655414,0.3068655257453839
2025-09-12 00:50:00,104.12012917167554,104.23702250663634,104.06369894779532,104.21268002735118,3312.9820715923083,0.0008888853328548052,103.63640129010415,103.32219337208114,0.30708392157729697
2025-09-12 01:50:00,104.21268002735118,104.23350043360108,103.65337267767798,103.68488781929553,2053.343002776901,-0.005064568034495731,103.64609859594243,103.35516559455517,0.32533264930826533
2025-09-12 02:50:00,103.68488781929553,104.21042889145147,103.59643110424008,104.15281416041884,5505.654920930409,0.004512965688296067,103.74744170883773,103.42767910054278,0.34160009980263134
2025-09-12 03:50:00,104.15281416041884,104.51892217779525,104.11230492363194,104.47244965337994,4301.768432575479,0.0030689088483848437,103.89244329774617,103.52265824170979,0.363203636410412
2025-09-12 04:50:00,104.47244965337994,104.69379858639314,104.46092715387312,104.61118749461487,2894.621887217497,0.0013279849538825328,104.03619213711991,103.62161544651934,0.35399143921854254
2025-09-12 05:50:00,104.61118749461487,105.09131653306741,104.59227548502736,105.00909790199695,2007.5622443355487,0.0038037079676833674,104.23077329009533,103.74775021519912,0.3717823530275319
2025-09-12 06:50:00,105.00909790199695,105.03467927752853,104.38035655513276,104.4213218419719,3875.977227446652,-0.0055973822437138665,104.26888300047065,103.80898399945119,0.4052496875558112
2025-09-12 07:50:00,104.4213218419719,104.46668613680237,104.21355068409332,104.22119597458739,1858.047370985599,-0.0019165230228302965,104.25934559529401,103.84645781537266,0.4111143958140145
2025-09-12 08:50:00,104.22119597458739,104.47704793190192,104.14625537409202,104.47612436876561,4064.0229210471316,0.0024460321318935385,104.30270134998834,103.90370022931747,0.38850037357927747
2025-09-12 09:50:00,104.47612436876561,104.50234550132582,104.32284004539915,104.36076707125825,1628.8265364581039,-0.0011041498543742367,104.31431449424232,103.94525176040298,0.3777749177173086
2025-09-12 10:50:00,104.36076707125825,104.37397547831388,104.29597571951466,104.30989194022631,3483.678000834614,-0.0004874928812779178,104.31342998343912,103.97840086765964,0.3716265372210259
2025-09-12 11:50:00,104.30989194022631,104.40704884355308,103.84359266938402,103.92441500117616,2940.253796971662,-0.0036954974440107646,104.23562698698653,103.97349306161568,0.3778374280762823
2025-09-12 12:50:00,103.92441500117616,104.09106832968203,103.8703740603797,104.03168640096379,4622.084600703675,0.0010322059526284288,104.19483886978199,103.97878336519278,0.37406070902195104
2025-09-12 13:50:00,104.03168640096379,104.35159925134259,103.98222878993603,104.33145954779096,1605.2021199570213,0.0028815561604160767,104.22216300538379,104.01084483633807,0.36823254922981824
2025-09-12 14:50:00,104.33145954779096,104.6726837874583,104.26540552511432,104.60082612582364,5613.261606252398,0.002581834656586013,104.29789562947177,104.06447949901857,0.3849435994800296
2025-09-12 15:50:00,104.60082612582364,105.03134686410813,104.49629566942191,104.95473342644321,1097.605601835423,0.0033834082743653404,104.42926318886606,104.145411674239,0.3817238451059666
2025-09-12 16:50:00,104.95473342644321,104.99255409121076,104.84018901136827,104.85169378840918,5427.607777971764,-0.0009817531298504933,104.51374930877469,104.20961913916356,0.34875008029390286
2025-09-12 17:50:00,104.85169378840918,104.89222747156037,104.5579119240738,104.6483866901055,5177.632070157317,-0.001938996795931125,104.54067678504086,104.2495070983401,0.3435856726741357
2025-09-12 18:50:00,104.6483866901055,104.82850330942182,104.62774207820927,104.76010439669527,5735.547370706198,0.0010675530710340109,104.58456230737174,104.2959250345542,0.34129208686645895
2025-09-12 19:50:00,104.76010439669527,104.94812662187577,104.75676632247242,104.94582694572084,2679.2565606676453,0.0017728366165261633,104.65681523504156,104.35500702647843,0.3193148905352662
2025-09-12 20:50:00,104.94582694572084,104.9722699996629,104.83329756350565,104.88674094867135,3699.2257202620017,-0.0005630142595384191,104.70280037776753,104.4033464739505,0.28250415580394367
2025-09-12 21:50:00,104.88674094867135,104.93755236706097,104.45521523390052,104.54176886585307,1135.0174889572422,-0.0032889961085461605,104.67059407538464,104.41593032775982,0.29887570440761585
2025-09-12 22:50:00,104.54176886585307,104.71775572781078,104.47450479489514,104.66183132272985,2895.1171337632873,0.0011484639888850179,104.66884152485369,104.43828496366619,0.29262273120088317
2025-09-12 23:50:00,104.66183132272985,104.72092475646254,104.46877507839129,104.53340951542135,3448.6227374658743,-0.0012270166276042715,104.64175512296723,104.44693265018938,0.29781160421120995
2025-09-13 00:50:00,104.53340951542135,104.73899910167297,104.494312639248,104.71600154399967,3490.9293996917204,0.0017467336942775802,104.65660440717372,104.47139345871759,0.30971779732733545
2025-09-13 01:50:00,104.71600154399967,104.93591467778705,104.70873156667146,104.89262034059492,2530.6267813179593,0.0016866457274062885,104.70380759385796,104.50968681161552,0.2856982928235163
2025-09-13 02:50:00,104.89262034059492,105.03593337201526,104.83822368699043,105.02388332593196,3988.30221915403,0.0012514034343962255,104.76782274027276,104.55643194928065,0.28405653680369525
2025-09-13 03:50:00,105.02388332593196,105.03873510517715,104.82218164914612,104.84589968357166,1434.155293245392,-0.0016946968320333822,104.78343812893254,104.58274719785256,0.2731410364197292
2025-09-13 04:50:00,104.84589968357166,105.2909161322547,104.82866048830775,105.19391892886564,562.7311525217532,0.00331934054020544,104.86553428891916,104.6383082643083,0.27706799224851253
2025-09-13 05:50:00,105.19391892886564,105.25898603287028,104.886805742001,104.972925374231,6461.163437124729,-0.0021008206261816653,104.88701250598153,104.668728001574,0.26543435626158846
2025-09-13 06:50:00,104.972925374231,105.05763688419897,104.55208056432963,104.56441549557178,2489.897664758905,-0.0038915737291579378,104.82249310389959,104.65924504648288,0.2906623019777917
2025-09-13 07:50:00,104.56441549557178,104.70655130110303,104.51564652278223,104.67437741321119,9658.81499008813,0.0010516189194791359,104.79286996576192,104.66062071618545,0.2804186756088082
2025-09-13 08:50:00,104.67437741321119,104.76719680872623,104.18924302477278,104.29211612288482,2134.988852512664,-0.003651908898558376,104.6927191971865,104.62712029861267,0.30736100080458634
2025-09-13 09:50:00,104.29211612288482,104.30454146137195,103.81564058875486,103.87803987764347,1262.6274771453789,-0.003970350402646483,104.5297833332779,104.55902207852455,0.32861389889128184
2025-09-13 10:50:00,103.87803987764347,103.90915183721451,103.715192194151,103.80982200575737,2377.5420368093146,-0.0006567111967693551,104.38579106777381,104.49091298100026,0.3325415565274434
2025-09-13 11:50:00,103.80982200575737,103.94730544840016,103.7778098729973,103.89048776235677,8560.025069567306,0.0007770532213697834,104.28673040669041,104.4363288702145,0.3101957309733296
2025-09-13 12:50:00,103.89048776235677,104.00242699831205,103.85116641927429,103.9441846052056,1530.9743112346166,0.0005168600514386945,104.21822124639345,104.39158848248641,0.30362499141062316
2025-09-13 13:50:00,103.9441846052056,103.97611666765417,103.74127803858684,103.81151611479487,2023.2487466439527,-0.0012763435579837834,104.13688022007375,104.33885463087809,0.302388487910343
2025-09-13 14:50:00,103.81151611479487,103.88442746364706,103.7936963520058,103.81041728892386,4695.1387213678845,-1.0584816715342171e-05,104.07158763384378,104.29081487251861,0.2913916771400774
2025-09-13 15:50:00,103.81041728892386,104.19564010936608,103.725760883492,104.10366417295882,3752.287947312862,0.0028248309918530445,104.0780029416668,104.27380117255862,0.30872711390854085
2025-09-13 16:50:00,104.10366417295882,104.36584978709568,104.07193804089549,104.26987245940798,2714.7424279890934,0.0015965651907603462,104.11637684521504,104.27344401681765,0.31559868970678095
2025-09-13 17:50:00,104.26987245940798,104.40919740521527,104.16867207039114,104.36631944696153,3716.7201962261774,0.0009249746382022916,104.16636536556435,104.28188723773982,0.3173109667634303
2025-09-13 18:50:00,104.36631944696153,104.54016119272458,104.31128435345173,104.49526574510766,5365.363987215729,0.0012355163890940268,104.23214544147301,104.30128528386417,0.3006410521438525
2025-09-13 19:50:00,104.49526574510766,104.5781000712656,104.33864210335017,104.38449486573677,4625.091071461585,-0.0010600564396964218,104.26261532632577,104.30884979130714,0.2911608862185773
2025-09-13 20:50:00,104.38449486573677,104.45597140426223,104.15438419535789,104.2265805922665,5317.161079896229,-0.0015128135042793422,104.25540837951392,104.30137077321254,0.2765916640067912
2025-09-13 21:50:00,104.2265805922665,104.23012119969687,104.01983333057244,104.02603533113694,3371.38726049711,-0.0019241277991657313,104.20953376983853,104.27634027847839,0.2779761704927647
2025-09-13 22:50:00,104.02603533113694,104.12934971535033,103.54540851769808,103.58451234428516,2262.974692182994,-0.004244350805510555,104.08452948472787,104.21344682991537,0.2784038428998222
2025-09-13 23:50:00,103.58451234428516,103.84131031550534,103.5483063044335,103.81233965676586,3299.4612108418464,0.0021994341366735615,104.03009151913547,104.17698254144723,0.26441120993230427
2025-09-14 00:50:00,103.81233965676586,103.87939763719523,103.68183416883203,103.72208985584743,4533.093821617482,-0.0008693552348094657,103.96849118647786,104.13562866093815,0.26466862602513935
2025-09-14 01:50:00,103.72208985584743,103.82037554767382,103.27879045789017,103.34607070146143,2578.3000636826346,-0.0036252562487758544,103.84400708947459,104.06385066462208,0.29124644848091
2025-09-14 02:50:00,103.34607070146143,103.79563648164176,103.26521485895113,103.74619974144623,2648.658210682993,0.003871739266610996,103.82444561986892,104.03497330796972,0.31832938017040185
2025-09-14 03:50:00,103.74619974144623,104.2734109260166,103.72225434401975,104.18372833166852,6120.49621708797,0.004217297513669838,103.89630216222885,104.04849649194233,0.3409235196653678
2025-09-14 04:50:00,104.18372833166852,105.01236538852253,104.08564612420584,104.916220938099,2907.3814917080567,0.007030777436747071,104.10028591740289,104.12738053250203,0.400636959142184
2025-09-14 05:50:00,104.916220938099,105.02273292818994,104.91250387923148,104.95994538101677,2237.378873836026,0.0004167557935923494,104.27221781012567,104.20306824600337,0.37494766079106817
2025-09-14 06:50:00,104.95994538101677,105.10768028623305,104.89305771871227,105.03886349165464,3122.998202539641,0.0007518878782890592,104.42554694643147,104.27904963197166,0.36928414802825266
2025-09-14 07:50:00,105.03886349165464,105.06782371853197,104.94306058725684,105.03297139515433,6215.043417902687,-5.60944426133414e-05,104.54703183617605,104.34758797407918,0.3610154192033243
2025-09-14 08:50:00,105.03297139515433,105.11832330875171,104.9022024272351,104.99222744545355,2344.2593677057944,-0.0003879158054806986,104.63607095803155,104.40619156238593,0.36010427936359285
2025-09-14 09:50:00,104.99222744545355,105.3546366510414,104.89083164193173,105.30418338926917,2219.7074003098305,0.002971228931948122,104.76969344427908,104.48782718301167,0.376129068020325
2025-09-14 10:50:00,105.30418338926917,105.7552988774515,105.23096012713557,105.66088763828833,3119.1281631127167,0.0033873701645883436,104.94793228308095,104.59446904258228,0.3920398924068666
2025-09-14 11:50:00,105.66088763828833,105.68937410371886,105.59695868562429,105.64172061119139,2953.7204061695234,-0.00018140134467314883,105.08668994870304,104.68967373063765,0.3836204316190199
2025-09-14 12:50:00,105.64172061119139,105.90865318797685,105.54794466509381,105.84572504463645,7229.633011907763,0.00193109722432383,105.23849696788973,104.79476930463754,0.3676752405640765
2025-09-14 13:50:00,105.84572504463645,105.8878074245193,105.25773097655079,105.34390321335411,2378.9915946950855,-0.004741068485011768,105.25957821698262,104.84469056906632,0.3917518431995524
2025-09-14 14:50:00,105.34390321335411,105.36523804086428,105.30934324570899,105.3472989410778,4015.390301320856,3.2234686774490484e-05,105.27712236180166,104.89038223924918,0.38163265225613074
2025-09-14 15:50:00,105.3472989410778,105.39138295504662,105.24063764634371,105.30125721405727,2711.820026019707,-0.0004370470575261187,105.2819493322528,104.92773450968627,0.35371552503607767
2025-09-14 16:50:00,105.30125721405727,105.54228318496422,105.20786637469367,105.48081489009012,2494.1942274751655,0.0017051807431684995,105.32172244382026,104.97801454426843,0.3397151812917859
2025-09-14 17:50:00,105.48081489009012,105.5633986069015,104.96236273236964,105.0433959428962,2282.0779488563144,-0.004146905270401069,105.26605714363545,104.98395830778004,0.3432779879014295
2025-09-14 18:50:00,105.0433959428962,105.14515823962836,105.01010699191232,105.08559753271543,6982.210388456364,0.0004017538603013904,105.22996522145145,104.99319823731962,0.28673027242995425
2025-09-14 19:50:00,105.08559753271543,105.47954379865976,105.0759131124156,105.41333746430728,3734.308725826202,0.0031187901985314515,105.26663967002263,105.0313927125003,0.30768753223607553
2025-09-14 20:50:00,105.41333746430728,105.56763007387069,105.33014732067019,105.47388815084796,3134.8218555764147,0.0005744120051334178,105.3080893661877,105.07161957053191,0.3093204026417697
2025-09-14 21:50:00,105.47388815084796,105.71695517496275,105.43186221796441,105.7149435559801,2462.6966549674607,0.0022854510188095034,105.38946020414619,105.13010356920901,0.32077253305057035
2025-09-14 22:50:00,105.7149435559801,105.77600955400625,105.64733288782368,105.72074242418775,2623.446501622079,5.485381737524442e-05,105.4557166481545,105.18379801057071,0.31452651766956713
2025-09-14 23:50:00,105.72074242418775,105.80130582312572,105.4093467333516,105.47947909371325,6280.56714123726,-0.0022820813110303595,105.46046913726626,105.21067810903821,0.3093946662884558
2025-09-15 00:50:00,105.47947909371325,105.93634579115731,105.46609018048404,105.86945660538791,5053.788010574976,0.003697188448647637,105.5422666308906,105.27056706325182,0.3055315848854089
2025-09-15 01:50:00,105.86945660538791,106.25670840682794,105.82287865901122,106.20318990607241,2056.228432269305,0.0031523095648675614,105.67445128592696,105.35535095805369,0.3299183227227047
2025-09-15 02:50:00,106.20318990607241,106.2054334212757,105.6828527965775,105.72781562388212,3802.392998283668,-0.004476082899305678,105.685124153518,105.38921138221991,0.34148061570950106
2025-09-15 03:50:00,105.72781562388212,105.82437290872953,105.53299540201868,105.58403900103261,4226.863725602264,-0.0013598750905909895,105.66490712302092,105.40692298393016,0.3172878341910967
2025-09-15 04:50:00,105.58403900103261,105.66647782012234,105.15257875818388,105.19570800171738,2562.262194921626,-0.003677932791635641,105.57106729876023,105.38772162191081,0.3500024246756084
2025-09-15 05:50:00,105.19570800171738,105.25484562863689,104.99536335026674,105.08467771520588,2772.6295634965177,-0.0010554640357539613,105.47378938204936,105.36017217584673,0.3577693510804108
2025-09-15 06:50:00,105.08467771520588,105.14619664512064,104.87610370768715,104.88278401841902,3650.6074823817276,-0.0019212477135251982,105.3555883093233,105.31677325244421,0.3531747887349062
2025-09-15 07:50:00,104.88278401841902,104.9832186483107,104.84279073310917,104.86125490136979,3208.176143327263,-0.0002052683598239291,105.2567216277326,105.27536249325563,0.320274220211311
2025-09-15 08:50:00,104.86125490136979,105.32878764821129,104.82769251695063,105.28279720651955,2394.7384045551507,0.0040200005764403635,105.26193674349,105.27603837627962,0.3464202118930696
2025-09-15 09:50:00,105.28279720651955,105.47096133008336,105.19744123573285,105.4182233086935,2791.010768623906,0.0012863079797196253,105.29319405653071,105.28896427922633,0.33712659818638
2025-09-15 10:50:00,105.4182233086935,105.44091776542842,104.92489381313379,104.95090603708937,9424.705240087163,-0.004432983756856745,105.22473645264245,105.25823171175934,0.3570223981216754
2025-09-15 11:50:00,104.95090603708937,105.02847587094197,104.49491653357242,104.58246398225445,3475.9520584562174,-0.0035106133786468874,105.09628195856486,105.19679828180435,0.37476999671961914
2025-09-15 12:50:00,104.58246398225445,104.61213300390322,104.42138432722125,104.4318835645976,1594.828314580975,-0.001439824727044181,104.96340227977142,105.12726058024009,0.37920371175529105
2025-09-15 13:50:00,104.4318835645976,104.46533372752079,104.24507198895468,104.33032921617406,3140.2134884617676,-0.0009724458178590467,104.83678766705195,105.05481227441591,0.36693961524043317
2025-09-15 14:50:00,104.33032921617406,104.69186688021318,104.2630114647954,104.6091877953996,874.7908603740447,0.0026728428954512218,104.79126769272149,105.0143009581417,0.36398245843647054
2025-09-15 15:50:00,104.6091877953996,105.40795891765514,104.51754884957393,105.31854582158205,3115.294866188157,0.006781029861065768,104.89672331849361,105.04195958209083,0.3965953384553629
2025-09-15 16:50:00,105.31854582158205,105.63151511182525,105.27339218504558,105.53869621207383,6964.815506750953,0.002090328809369657,105.02511789720967,105.08711745754383,0.3848483600326113
2025-09-15 17:50:00,105.53869621207383,105.7135153709272,105.45560083834155,105.61303203690457,2790.735054264665,0.0007043466282865563,105.14270072514866,105.13492787384935,0.38245814759509705
2025-09-15 18:50:00,105.61303203690457,105.80123096125779,105.57108507196907,105.72895280521868,1191.8926654800061,0.0010975990943391523,105.25995114116267,105.18893014033746,0.3621900638344014
2025-09-15 19:50:00,105.72895280521868,105.76884596396327,105.5905317316101,105.68396676511172,5706.433029331808,-0.00042548458973046266,105.34475426595249,105.2339334698624,0.3563923462617607
2025-09-15 20:50:00,105.68396676511172,105.76147909981533,105.5984590221366,105.75727921605922,3901.8009253339997,0.0006936951099729693,105.42725925597384,105.28151035588029,0.348744284850707
2025-09-15 21:50:00,105.75727921605922,105.80246400908277,105.64400027035407,105.74593489337312,2291.5178406410782,-0.00010726753534306965,105.4909943834537,105.32373076837963,0.35003255795979066
2025-09-15 22:50:00,105.74593489337312,105.80599593269795,105.4770627626382,105.55908288012358,2194.751907203489,-0.001766990035484084,105.50461208278767,105.34512641490181,0.3377352750168693
2025-09-15 23:50:00,105.55908288012358,105.73395066177238,105.46250075756214,105.66082888413375,2937.8174981843736,0.0009638773020197444,105.5358554430569,105.37382663937744,0.3375874042925651
2025-09-16 00:50:00,105.66082888413375,105.75034573543061,105.49702566071576,105.57560321572326,4725.948193339271,-0.0008065966291438409,105.54380499759019,105.39216996449979,0.318822841608295
2025-09-16 01:50:00,105.57560321572326,105.90466665163837,105.54257556300007,105.85914955396814,2385.9049378656,0.002685718381977953,105.60687390886578,105.43462265445145,0.3065751095560622
2025-09-16 02:50:00,105.85914955396814,106.05103889157108,105.78769480915354,106.04920554434601,4028.4263642501105,0.0017953666846810545,105.69534023596184,105.49049382626004,0.31176049568003145
2025-09-16 03:50:00,106.04920554434601,106.09777316310648,106.01229268517861,106.04672603801146,1342.7230505529167,-2.338071578966705e-05,105.76561739637177,105.5410603909647,0.3021332627773004
2025-09-16 04:50:00,106.04672603801146,106.29408512220573,106.02154725401765,106.24242172058698,4019.37429967986,0.0018453722230460379,105.86097826121481,105.60482051183945,0.2909677236894644
2025-09-16 05:50:00,106.24242172058698,106.3176239218318,105.71470752553346,105.73212277528046,2115.4053306226187,-0.004803156187916935,105.83520716402795,105.61639344487953,0.2704324614192594
2025-09-16 06:50:00,105.73212277528046,105.87088997844928,105.72357606264416,105.7804073570202,2929.1003354909603,0.00045666899020235796,105.82424720262641,105.63130380052868,0.2553746749210778
2025-09-16 07:50:00,105.7804073570202,105.93628968648731,105.69618463178722,105.92384648643693,3165.859609662317,0.0013560084802151096,105.84416705938852,105.6578985901567,0.2541025693578242
2025-09-16 08:50:00,105.92384648643693,106.24699192149784,105.89050623358959,106.14415066830301,3126.5737389723627,0.0020798355533122592,105.90416378117143,105.70210332453364,0.26312684068779035
2025-09-16 09:50:00,106.14415066830301,106.29963100495262,106.12194750532798,106.21667398228662,3939.917748591203,0.0006832530434035533,105.96666582139447,105.74888247523845,0.26308178835003765
2025-09-16 10:50:00,106.21667398228662,106.37759111268903,106.18479105712716,106.37182578155773,4018.7847743209854,0.0014607103899428875,106.04769781342713,105.80551368490383,0.2652089296274046
2025-09-16 11:50:00,106.37182578155773,106.52256524149925,106.33405591300016,106.44404018599612,4102.939913453022,0.0006788865745961381,106.12696628794093,105.8635615486395,0.26735504318243286
2025-09-16 12:50:00,106.44404018599612,106.60979933630213,106.36447350978833,106.55539839174767,4134.132750657344,0.0010461666576819795,106.21265270870228,105.92645580710388,0.2613830900720079
2025-09-16 13:50:00,106.55539839174767,106.60730668620985,106.41154427580084,106.45205225126256,4389.59474288689,-0.0009698817896129919,106.26053261721434,105.97423730202739,0.2559768405147774
2025-09-16 14:50:00,106.45205225126256,106.45631080155238,106.03294155962519,106.12715351961681,5048.380681791364,-0.003052066397732478,106.23385679769484,105.9881387763537,0.2681232096013732
2025-09-16 15:50:00,106.12715351961681,106.21928386472705,106.04499057687974,106.05586542662368,2838.581973505682,-0.0006717234056404786,106.19825852348062,105.99429574456005,0.2547090809734454
2025-09-16 16:50:00,106.05586542662368,106.31127371045176,105.9608868239033,106.22826353455498,2994.6329346306356,0.0016255405322260774,106.20425952569549,106.0155655436505,0.26092642412565376
2025-09-16 17:50:00,106.22826353455498,106.24711714692612,106.14764019937746,106.14874003880068,1525.8850887861145,-0.0007486095800524062,106.19315562831653,106.02767231593687,0.2619261719557094
2025-09-16 18:50:00,106.14874003880068,106.54190391113289,106.07198435593332,106.44853114085547,2760.514278063968,0.002824254927050518,106.24423073082433,106.06593220911128,0.2760248638851012
2025-09-16 19:50:00,106.44853114085547,106.51847141351924,106.19662859748084,106.25760908631877,2472.268915591817,-0.0017935621327086482,106.24690640192323,106.0833573797665,0.2559481795808196
2025-09-16 20:50:00,106.25760908631877,106.26004268245815,106.2341393855829,106.24383094407949,2179.7719575335013,-0.000129667346722262,106.24629131035448,106.09794588561313,0.2472759925143992
2025-09-16 21:50:00,106.24383094407949,106.33384566846557,106.227643905178,106.27676986596524,4013.423897768051,0.00031003138340413017,106.25238702147664,106.11420261109969,0.237711471699219
2025-09-16 22:50:00,106.27676986596524,106.3003124902963,105.9128074502805,105.99455402534892,2492.3868050319015,-0.0026554800354983144,106.2008204222511,106.10332546694052,0.23992713970690208
2025-09-16 23:50:00,105.99455402534892,106.27097678401026,105.95891307825735,106.17473163011373,8758.382957023612,0.0016998760589315154,106.19560266382364,106.1098169363199,0.24952572585892138
2025-09-17 00:50:00,106.17473163011373,106.37969715113073,106.14640758343234,106.31998190635845,2456.1868048272972,0.0013680305475198828,106.2204785123306,106.12892284268703,0.2524178338686726
2025-09-17 01:50:00,106.31998190635845,106.36744992292572,106.08078954106445,106.08591292108365,4211.124444662792,-0.0022015521548993666,106.19356539408122,106.125012849814,0.2594286233945421
2025-09-17 02:50:00,106.08591292108365,106.34176514523953,106.04983067707454,106.23819600209798,2708.856966973628,0.001435469392883526,106.20249151568459,106.13530222729436,0.2627578120839128
2025-09-17 03:50:00,106.23819600209798,106.28431663436426,106.20418715859496,106.24646668400261,5661.468501618031,7.785036094243303e-05,106.2112865493482,106.1454080869951,0.25449831675250423
2025-09-17 04:50:00,106.24646668400261,106.26263261452829,105.75433790892704,105.81431654180358,1980.4854469981278,-0.004067430717336951,106.13189254783929,106.11530885561405,0.26056442130065094
2025-09-17 05:50:00,105.81431654180358,105.95626052803523,105.70906944419103,105.92264139379186,3353.9844750633747,0.0010237258579797182,106.09004231702981,106.09779363181202,0.26577140672900057
2025-09-17 06:50:00,105.92264139379186,106.13461818699918,105.81970172889116,106.10772220437113,2441.386039883355,0.0017473205741838083,106.09357829449809,106.0986962293174,0.26323780469754
2025-09-17 07:50:00,106.10772220437113,106.18059035851006,105.80346582041986,105.86235235336726,2376.208756734299,-0.002312459884222906,106.04733310627192,106.07721042241283,0.2830697754505077
2025-09-17 08:50:00,105.86235235336726,105.98589409649267,105.80410801827054,105.91533125004644,2127.6922120038753,0.0005004507787842449,106.02093273502683,106.06249413401588,0.26248881280926234
2025-09-17 09:50:00,105.91533125004644,105.91789517466366,105.62405068543892,105.70984421470617,3666.0132579200667,-0.0019401066202130446,105.95871503096271,106.03043505044226,0.2604889323225724
2025-09-17 10:50:00,105.70984421470617,105.79438880166825,105.56176693909033,105.58207943403237,7437.154529961092,-0.0012086365430100665,105.88338791157665,105.98967544895045,0.2752545441584776
2025-09-17 11:50:00,105.58207943403237,105.89417787712732,105.52511241957662,105.80179094885199,3659.4050528395273,0.0020809546089390896,105.86706851903172,105.97259503985059,0.2940305223201299
2025-09-17 12:50:00,105.80179094885199,106.04230413113905,105.74036031428894,105.98499826189796,2085.0314221286058,0.0017316088074021962,105.89065446760497,105.97372260549126,0.2879190063797229
2025-09-17 13:50:00,105.98499826189796,106.15889935056168,105.88583958394665,106.11971186010089,4955.621980873187,0.001271062890146446,105.93646594610416,105.98699435591031,0.28513301072701785
2025-09-17 14:50:00,106.11971186010089,106.15338852962331,105.95710480164824,106.00455923513476,1772.3272586671453,-0.0010851200304607955,105.95008460391028,105.98859116311253,0.28248973646106634
2025-09-17 15:50:00,106.00455923513476,106.48956398375275,105.93482427671,106.43027306731223,3079.544758904361,0.004015995493487745,106.04612229659068,106.02874406349432,0.30163825968831454
2025-09-17 16:50:00,106.43027306731223,106.62622904261671,106.39318510030442,106.59795202233926,5207.622965590587,0.0015754817703133028,106.1564882417404,106.08049024157113,0.2974317935559786
2025-09-17 17:50:00,106.59795202233926,106.79291154635544,106.55709032728315,106.79251208687137,3376.0734874862883,0.0018251763832324297,106.2836930107666,106.14521950023479,0.30855263236333536
2025-09-17 18:50:00,106.79251208687137,106.7982479605646,106.73957570904226,106.76714528460887,2435.6308890137648,-0.0002375335289599434,106.38038346553506,106.20175820790516,0.2764367427862707
2025-09-17 19:50:00,106.76714528460887,106.89094023997299,106.6681284953404,106.81451217284103,1752.8336847088267,0.00044364666776375294,106.46720920699626,106.25746311380841,0.27469536141401313
2025-09-17 20:50:00,106.81451217284103,107.31878939478355,106.80571560113057,107.22765118291404,1498.4861442808324,0.0038678172251023213,106.61929760217983,106.34566202918165,0.28884945681008184
2025-09-17 21:50:00,107.22765118291404,107.50566649605281,107.174249795344,107.44421909910162,908.2016248450595,0.0020197021365144785,106.78428190156419,106.44553085371983,0.28558461128284
2025-09-17 22:50:00,107.44421909910162,107.47831338168884,107.15180518861122,107.2210209402277,2289.367655244064,-0.002077339858257532,106.8716297092969,106.51602995249327,0.2959219052010888
2025-09-17 23:50:00,107.2210209402277,107.3170480141918,106.82053835292464,106.82830255696902,3040.9788286542394,-0.003662699532376301,106.86296427883133,106.54441837108197,0.3103979889184042
2025-09-18 00:50:00,106.82830255696902,107.09286558578286,106.80323812087359,107.03101940888915,4960.219003115555,0.0018975949918518253,106.8965753048429,106.58865482906444,0.3144698176563584
2025-09-18 01:50:00,107.03101940888915,107.17910032773021,106.93764408945364,107.14170375570792,3515.1781121280283,0.0010341333515280215,106.94560099501591,106.63893200421384,0.3053548734224916
2025-09-18 02:50:00,107.14170375570792,107.24375729501685,106.81316665909937,106.90704832702036,2265.7445820748417,-0.0021901409111674264,106.9378904614168,106.66330621537807,0.3145439319273038
2025-09-18 03:50:00,106.90704832702036,106.96170358740939,106.59184759230497,106.6103408211844,2049.252581156141,-0.002775378335471035,106.87238053337033,106.65849117954228,0.3214579482479739
2025-09-18 04:50:00,106.6103408211844,106.6816849674736,106.35207535702479,106.39439755415137,3757.2155586286904,-0.0020255377233548977,106.77678393752655,106.63448266814311,0.33098122556752685
2025-09-18 05:50:00,106.39439755415137,106.49479118549924,106.24904506322311,106.28981955072625,2088.5420994625283,-0.0009829277276737214,106.6793910601665,106.60314965746885,0.3089102552270546
2025-09-18 06:50:00,106.28981955072625,106.393313045717,106.22702070794003,106.34605709479428,2681.9858940520994,0.0005290962418200706,106.61272426709206,106.57977760631661,0.30414228347453126
2025-09-18 07:50:00,106.34605709479428,106.41006299932442,106.05283744250526,106.1086857438307,4322.323804582254,-0.0022320653670495627,106.5119165624398,106.53695107336334,0.3128140218850218
2025-09-18 08:50:00,106.1086857438307,106.19016595573966,105.9622579173486,106.06515329996147,3090.4387056069695,-0.00041026277504119246,106.42256390994413,106.49406036669043,0.324902292375645
2025-09-18 09:50:00,106.06515329996147,106.14516264067016,105.95953998431207,106.02778434099366,3141.5806482604803,-0.0003523207934478245,106.34360799615405,106.45167163708163,0.3222459289274663
2025-09-18 10:50:00,106.02778434099366,106.32791499390113,105.96845117632527,106.24701543714816,3228.5513585251756,0.002067675916431755,106.32428948435287,106.43306652799677,0.31127378777910053
2025-09-18 11:50:00,106.24701543714816,106.30944270547684,106.15802486518373,106.19656993140283,3103.317168352316,-0.00047479456752530513,106.29874557376287,106.41156683739732,0.29841672632083566
2025-09-18 12:50:00,106.19656993140283,106.29564437169532,105.94755429200367,106.03719090215544,2196.1093256924287,-0.00150079262776881,106.24643463944139,106.37753266146623,0.2999582896504092
2025-09-18 13:50:00,106.03719090215544,106.03720709678916,105.896336989069,105.98898019606273,7110.877406234689,-0.00045465846164483015,106.19494375076566,106.34220971006592,0.2745554643970526
2025-09-18 14:50:00,105.98898019606273,106.11102448691092,105.88512687697022,106.02164643270058,2258.338115893507,0.000308204084777719,106.16028428715265,106.3130675939418,0.2700033318992975
2025-09-18 15:50:00,106.02164643270058,106.02559991213111,105.8197742884922,105.85496777649877,4553.3533188605725,-0.0015721191078428287,106.09922098502187,106.27142215599243,0.2674582879966079
2025-09-18 16:50:00,105.85496777649877,106.08228429931897,105.78207926935596,106.02795235404632,2296.894444685394,0.0016341658892455868,106.08496725882677,106.24928853763369,0.2581450304284313
2025-09-18 17:50:00,106.02795235404632,106.05853488416653,105.700234555369,105.73866903828424,3937.5527012521716,-0.0027283684098331484,106.01570761471827,106.20286858314738,0.2573196256922259
2025-09-18 18:50:00,105.73866903828424,106.2960986724596,105.72793807202096,106.23005434218575,2858.4164274334566,0.0046471674778088,106.05857696021177,106.20534001578723,0.27435898212007104
2025-09-18 19:50:00,106.23005434218575,106.31940269498037,106.14542388512062,106.29797400660968,1600.0621257128983,0.0006393639243102989,106.10645636949135,106.21376128768017,0.2692327455189008
2025-09-18 20:50:00,106.29797400660968,106.71461543899328,106.26248788703334,106.69745229446303,2052.399896272166,0.003758098793383624,106.2246555544857,106.25773319738771,0.28964954653196984
2025-09-18 21:50:00,106.69745229446303,106.78431307203479,106.62868913616427,106.64205404416609,3065.350154245649,-0.0005192087449666927,106.30813525242178,106.29267145618574,0.27524943074992436
2025-09-18 22:50:00,106.64205404416609,106.72680745293361,106.54225879361621,106.5748191956722,3583.203335928877,-0.0006304721818846115,106.36147204107186,106.3183212506845,0.2721523322446627
2025-09-18 23:50:00,106.5748191956722,106.63632372997039,106.28341073281642,106.30633264470335,3495.7647920563527,-0.0025192306493705408,106.35044416179817,106.31723137741349,0.28410164230151075
2025-09-19 00:50:00,106.30633264470335,106.47906390095112,106.21392480084423,106.45942955353827,2702.5504875435586,0.0014401485313824125,106.3722412401462,106.33015848433392,0.277364162482299
2025-09-19 01:50:00,106.45942955353827,106.98149763365302,106.36990703632468,106.93487286849496,2723.0323621584143,0.0044659577545227425,106.48476756581596,106.38513251925765,0.31023364512767315
2025-09-19 02:50:00,106.93487286849496,107.02926698552358,106.82133965303773,106.87010451120962,1363.2997085008333,-0.0006056804066620902,106.56183495489469,106.42922088216237,0.30022202032725936
2025-09-19 03:50:00,106.87010451120962,107.16411482352149,106.77706784127267,107.15792439470371,5469.82066787573,0.0026931749043428432,106.6810528428565,106.49546665602976,0.31780608279359207
2025-09-19 04:50:00,107.15792439470371,107.30110884832399,107.120681952938,107.28156234943003,1606.9640604689544,0.0011537919890172166,106.80115474417121,106.56692990088433,0.31455817461111274
2025-09-19 05:50:00,107.28156234943003,107.36319603761288,107.27579593229397,107.32894524986867,6039.132611132298,0.0004416686278700954,106.90671284531071,106.63620402351927,0.30609920901682636
2025-09-19 06:50:00,107.32894524986867,107.42520715265724,107.3010803889085,107.3641029573309,1625.2803375937326,0.0003275696726581234,106.99819086771475,106.70237665386578,0.29352219000152097
2025-09-19 07:50:00,107.3641029573309,107.41413327460732,107.3070171991894,107.35191159370278,2845.6602158585556,-0.0001135515809502774,107.06893501291236,106.76142528476005,0.2755804576172624
2025-09-19 08:50:00,107.35191159370278,107.4541670948398,107.1875288660415,107.28972243174084,2636.132720938915,-0.0005793018590791732,107.11309249667806,106.80945229812194,0.2540431453572377
2025-09-19 09:50:00,107.28972243174084,107.33878846910679,106.96974047611586,107.04326524893386,2473.906710774612,-0.0022971182814250923,107.09912704712923,106.83070802092303,0.2679766584380364
2025-09-19 10:50:00,107.04326524893386,107.053008981521,106.52934545459638,106.59836424967202,2709.666238057499,-0.004156272683080164,106.9989744876378,106.80958585990021,0.2730863709355142
2025-09-19 11:50:00,106.59836424967202,106.61702304123287,106.51715188880459,106.6022090056083,1330.7065801029257,3.606768230768331e-05,106.9196213912319,106.79073341860094,0.2691040292610682
2025-09-19 12:50:00,106.6022090056083,106.61126137856422,106.51410172645535,106.51641778961765,9346.376672801738,-0.0008047789702569919,106.83898067090905,106.7657956341479,0.2628619573176018
2025-09-19 13:50:00,106.51641778961765,106.72583367828939,106.4659902993004,106.69235436611746,2416.0545403664805,0.0016517320066780083,106.80965540995074,106.75911915523605,0.25621412744867506
2025-09-19 14:50:00,106.69235436611746,106.70789698553816,106.59274860991277,106.59614066006353,3312.6317510930426,-0.0009017863241049806,106.7669524599733,106.74430292840218,0.2455005042714242
2025-09-19 15:50:00,106.59614066006353,106.60267114454126,106.29339585007378,106.3195456588054,4406.058497865434,-0.0025947937659412945,106.67747109973972,106.7056886311661,0.2239065540670769
2025-09-19 16:50:00,106.3195456588054,106.33749305418667,105.84726394168345,105.90624593984424,1605.7176422228886,-0.0038873352627699642,106.52322606776063,106.63301202286411,0.24407096692546
2025-09-19 17:50:00,105.90624593984424,105.975595379342,105.87243727979465,105.87580256734131,1697.6904783826988,-0.000287455874134368,106.39374136767677,106.56417479963476,0.2237931895896403
2025-09-19 18:50:00,105.87580256734131,106.03802797468111,105.8574282330445,106.02519990377783,2430.774563012653,0.00141106213897646,106.32003307489698,106.51517708182958,0.22380553575039894
2025-09-19 19:50:00,106.02519990377783,106.02736508054893,105.9077867607222,105.91247410566073,5256.161745982117,-0.001063198166279311,106.23852128104974,106.46038590217786,0.22610397964381487
2025-09-19 20:50:00,105.91247410566073,105.96792256948999,105.82781146762228,105.87795117104835,6982.366796912898,-0.0003259572104598041,106.16640725904946,106.407437290257,0.22724571808088406
2025-09-19 21:50:00,105.87795117104835,105.92698681739967,105.80259419106966,105.83032679292579,2996.763802781576,-0.0004498044927750966,106.09919116582473,106.35497269959052,0.2284797574317474
2025-09-19 22:50:00,105.83032679292579,105.94732304841156,105.75677128979633,105.91051055686566,5659.395178600251,0.0007576633878940697,106.06145504403293,106.3145670502519,0.223045009561528
2025-09-19 23:50:00,105.91051055686566,105.95941363835975,105.44649085656795,105.53356778614304,2360.3413704154223,-0.003559068582907332,105.95587759245495,106.24356711715109,0.23332178019016173
2025-09-20 00:50:00,105.53356778614304,105.78884877095682,105.43272473850571,105.73903340527093,1339.0042804824634,0.001946921945671809,105.91250875501815,106.19770041607107,0.22135467344205345
2025-09-20 01:50:00,105.73903340527093,105.83798956369597,105.37782858028001,105.46226559829688,2229.624041314003,-0.0026174611026873462,105.8224601236739,106.13084270536433,0.24708966136974503
2025-09-20 02:50:00,105.46226559829688,105.8184912464085,105.42511568531734,105.80989949130799,5009.6035873424835,0.0032962869803616623,105.81994799720073,106.10166604954102,0.26824794058276574
2025-09-20 03:50:00,105.80989949130799,106.12313643757079,105.73778597723286,106.04884205722378,4379.5767669875695,0.002258225053274998,105.86572680920534,106.09686386842127,0.2772127321076902
2025-09-20 04:50:00,106.04884205722378,106.1878865399306,105.98313239893076,106.17513518065348,2945.9157347826826,0.001190895826675309,105.92760848349498,106.10397944226055,0.2836131439201515
2025-09-20 05:50:00,106.17513518065348,106.47438569042582,106.09962789128336,106.43632925764976,1170.5248793247417,0.0024600305575488424,106.02935263832595,106.13419306184139,0.2882904656826497
2025-09-20 06:50:00,106.43632925764976,106.48021259953806,106.25715758539245,106.34424694996211,2628.286771007459,-0.0008651398289464263,106.09233150065319,106.15328886985236,0.2692066015142497
2025-09-20 07:50:00,106.34424694996211,106.43518942058637,106.2424618084689,106.42115316374543,3313.359539603049,0.0007231817045965094,106.15809583327164,106.17764016929718,0.275604423840687
2025-09-20 08:50:00,106.42115316374543,106.46657741387679,106.30890147524019,106.38597668354754,1965.760433846742,-0.00033054030286405744,106.20367200332683,106.19657985241085,0.2739670093406862
2025-09-20 09:50:00,106.38597668354754,106.47502311650398,106.3760316805495,106.4146758440863,2736.850616718149,0.0002697645068778787,106.24587277147873,106.21640676074497,0.27249651763552507
2025-09-20 10:50:00,106.4146758440863,106.59073903503949,106.34859784046178,106.56014868898498,2493.9342673757824,0.0013670374292340526,106.30872795497999,106.2476560269486,0.27978438140052575
2025-09-20 11:50:00,106.56014868898498,106.8465279208677,106.47540816578535,106.79721688440547,4931.991722470966,0.0022247359668428057,106.40642574086509,106.29761610489922,0.29740774773997863
2025-09-20 12:50:00,106.79721688440547,106.86715621549426,106.67964900892778,106.77658147599287,2354.9056667966374,-0.00019322046973313522,106.48045688789065,106.34115841136227,0.2971902797364966
2025-09-20 13:50:00,106.77658147599287,107.09297871980404,106.72663622161507,107.02789709250429,3484.9324698124474,0.0023536585741690264,106.58994492881338,106.403589200557,0.28672025947915153
2025-09-20 14:50:00,107.02789709250429,107.16049287158921,106.99884238528503,107.07597618867266,1506.4847528699215,0.00044922022645010884,106.68715118078524,106.46471529038568,0.27282929189722843
2025-09-20 15:50:00,107.07597618867266,107.27369160115278,107.07542760952545,107.22128619104471,1354.6845231055865,0.0013570738044546005,106.79397818283714,106.53349446317287,0.2541223639123262
2025-09-20 16:50:00,107.22128619104471,107.26112562097552,106.96206693186917,107.05900072826687,1228.2303525277025,-0.0015135563892479942,106.84698269192309,106.58126775999959,0.24738544448483932
2025-09-20 17:50:00,107.05900072826687,107.28042838810038,107.00401840543968,107.23120812719529,4119.337078091583,0.0016085279869697544,106.92382777897754,106.64035324792647,0.23960398179360812
2025-09-20 18:50:00,107.23120812719529,107.48184546336392,107.15514895504833,107.4229499564602,1259.9393559717855,0.0017881159096657662,107.02365221447408,106.71149840324772,0.2483141508875905
2025-09-20 19:50:00,107.4229499564602,107.55168598484201,107.34123182973326,107.4691047708269,4537.415396747215,0.00042965506333048076,107.11274272574465,106.78037170939128,0.2365781763137542
2025-09-20 20:50:00,107.4691047708269,107.64599815121403,107.42241028283972,107.61494397931466,1763.3192368582418,0.0013570338079837985,107.21318297645865,106.85624191574794,0.23661623733008952
2025-09-20 21:50:00,107.61494397931466,107.64733238661735,107.23597924388442,107.28661264799418,3623.6495784048316,-0.0030509826905043003,107.22786891076576,106.89536652777032,0.2522323466597659
2025-09-20 22:50:00,107.28661264799418,107.32409369742629,106.86970104963765,106.91314640335088,2263.9503253093985,-0.0034810144101448115,107.16492440928279,106.89698288009582,0.2734263973134828
2025-09-20 23:50:00,106.91314640335088,106.93420873493268,106.68388379308769,106.75953391833278,2121.088511210904,-0.0014367969719885076,107.0838463110928,106.88448751993553,0.28423593344851994
2025-09-21 00:50:00,106.75953391833278,107.4105990391582,106.71522913930288,107.40340693754986,2826.8640085154707,0.0060310587315755,107.14775843638422,106.93166201244593,0.31660941239692064
2025-09-21 01:50:00,107.40340693754986,107.45195332263135,107.32391623365476,107.42583432971966,2796.0225231233007,0.00020881453213905665,107.20337361505132,106.97658676856172,0.29924636481793854
2025-09-21 02:50:00,107.42583432971966,107.51024322568615,107.31265114510163,107.39440121798513,3425.752879867941,-0.00029260291000443583,107.24157913563809,107.01456990032747,0.2999667129620848
2025-09-21 03:50:00,107.39440121798513,107.44494072210901,107.309698554274,107.36019099408128,5027.001449342207,-0.00031854755476889984,107.26530150732674,107.04598999975963,0.28345954650823096
2025-09-21 04:50:00,107.36019099408128,107.39237784342225,106.96263455637525,106.98704468930538,2084.4437166347266,-0.003475648667544462,107.20965014372247,107.04063133517288,0.30260903227557534
2025-09-21 05:50:00,106.98704468930538,107.11771587774346,106.91133087585567,107.02662451678624,1249.9516691348847,0.00036994972237813784,107.17304501833523,107.03935798804682,0.3031891044370373
2025-09-21 06:50:00,107.02662451678624,107.07165925440009,106.8049677442418,106.90977691061303,3274.7211377520725,-0.0010917620423961383,107.1203913967908,107.02757789009829,0.3008771630836051
2025-09-21 07:50:00,106.90977691061303,107.0158307441836,106.56744314581043,106.60632959728594,3815.9286830261844,-0.0028383495139159276,107.01757903688983,106.9892825907517,0.31316127849163927
2025-09-21 08:50:00,106.60632959728594,106.70028257595115,106.52590734476722,106.61570826860087,2234.085735865137,8.797480740940777e-05,106.93720488323204,106.95532128873798,0.3022811872679491
2025-09-21 09:50:00,106.61570826860087,106.64517886527159,106.17293088263204,106.26039172870385,2193.0808215811185,-0.003332684701599975,106.80184225232641,106.89214587418941,0.3209807463772916
2025-09-21 10:50:00,106.26039172870385,106.28010439724822,105.88019371392352,105.91129382164183,9421.078602886755,-0.003285306042850933,106.6237325661895,106.80297750577598,0.33357523315946275
2025-09-21 11:50:00,105.91129382164183,105.91725162528793,105.71224953309246,105.79653074410491,1555.6853368419884,-0.0010835773352951827,106.4582922017726,106.71148234562406,0.3188358724067868
2025-09-21 12:50:00,105.79653074410491,105.86584641688916,105.27321014833828,105.35043625314574,2690.7778035772503,-0.004216532317474209,106.23672101204723,106.58775088267149,0.32871041674694673
2025-09-21 13:50:00,105.35043625314574,105.43973889305495,105.05236922052356,105.10382134061118,2201.425784035213,-0.0023409007243404556,106.01014107776003,106.45284819702964,0.3384993260816894
2025-09-21 14:50:00,105.10382134061118,105.23712866465884,105.05309871925641,105.1882201993517,1316.4615200186954,0.0008030046639979638,105.84575690207836,106.33788201542255,0.3019750436207685
2025-09-21 15:50:00,105.1882201993517,105.55067511048448,105.18481144294496,105.46494286684147,3304.8114087082463,0.002630738184991932,105.769594095031,106.25852391100608,0.31896265637526255
2025-09-21 16:50:00,105.46494286684147,105.72690021801223,105.42372739917093,105.70572454660456,4577.667123820021,0.002283049449589125,105.75682018534572,106.2082694233332,0.326504137679318
2025-09-21 17:50:00,105.70572454660456,105.77826093332989,105.55169509352233,105.65728160668728,2448.422569505265,-0.0004582811396929287,105.73691246961404,106.15817962181994,0.33302725710592845
2025-09-21 18:50:00,105.65728160668728,105.81914451609856,105.59214202899912,105.7752572617658,4693.700128224724,0.0011165880219945468,105.7445814280444,106.12336849817865,0.31854577139538826
2025-09-21 19:50:00,105.7752572617658,106.04242497683381,105.77229607690987,105.98005648911185,2306.073206687253,0.001936173285206122,105.79167644025789,106.11034013371803,0.323098906969399
2025-09-21 20:50:00,105.98005648911185,106.01289574463034,105.60703402098403,105.665106945553,3579.0436346803067,-0.0029717812387767273,105.76636254131692,106.06986438933939,0.3330396365042572
2025-09-21 21:50:00,105.665106945553,105.88182561923362,105.63234947356806,105.85043068358448,2360.831502412489,0.0017538782989825474,105.78317616977044,106.0499158706344,0.3188316755965711
2025-09-21 22:50:00,105.85043068358448,106.28274186767109,105.78264376610053,106.17705101349941,2490.208214460837,0.0030856778551169306,105.86195113851625,106.06147361089485,0.34209759490990166
2025-09-21 23:50:00,106.17705101349941,106.29139077190263,106.15792720779882,106.22965518089545,1797.5815843097444,0.000495438203396148,105.93549194699209,106.07676284453126,0.31789870787163466
2025-09-22 00:50:00,106.22965518089545,106.33339016488533,106.14299227707366,106.22921045995346,1883.5005500025777,-4.186410482387437e-06,105.99423564958437,106.09062171866054,0.30293350819213216
2025-09-22 01:50:00,106.22921045995346,106.43095375616005,106.19232179153224,106.35424726984778,4054.3043494743565,0.0011770473427499262,106.06623797363706,106.11458767785938,0.3053356419372995
2025-09-22 02:50:00,106.35424726984778,106.65822826681831,106.25222263172058,106.56029488088552,2754.2168563608366,0.001937370780453751,106.16504935508675,106.15510651449812,0.2920048824049317
2025-09-22 03:50:00,106.56029488088552,106.6863208392727,106.50774563564762,106.61029500573065,2924.5497685686,0.0004692190923554218,106.25409848521554,106.19648728642834,0.27709099176876606
2025-09-22 04:50:00,106.61029500573065,106.61038585496397,106.4053044529398,106.50312872075848,3550.9662515235573,-0.0010052151620667527,106.30390453232413,106.22436378045835,0.2785946672417471
2025-09-22 05:50:00,106.50312872075848,106.78710750621882,106.44569649962538,106.7827001724934,1656.624396992513,0.002625006937288621,106.39966366035799,106.27512163427971,0.2768480486027412
2025-09-22 06:50:00,106.7827001724934,107.20285182119753,106.73183692240984,107.11941424801967,10675.006864064615,0.003153264292646174,106.54361377789033,106.35187550825607,0.2888367685989114
2025-09-22 07:50:00,107.11941424801967,107.40363612376524,107.05325280796836,107.32206528016779,5927.766362144867,0.0018918235650440263,106.69930407834583,106.44007457842986,0.29768087402671944
2025-09-22 08:50:00,107.32206528016779,107.83370062515628,107.24581231318157,107.83211873080172,2740.831175623453,0.004752549713820997,106.92586700883702,106.5666240468273,0.32345843294638144
2025-09-22 09:50:00,107.83211873080172,107.88491481053572,107.72455968554618,107.87095818632078,2190.6285189712617,0.00036018447913477303,107.11488524433378,106.68519987769034,0.31561744902249494
2025-09-22 10:50:00,107.87095818632078,107.96330499858968,107.80080684144635,107.8963007463464,1683.1338177256932,0.00023493404018770647,107.27116834473631,106.79529995665906,0.2982343371294251
2025-09-22 11:50:00,107.8963007463464,108.32267455367906,107.88930317176306,108.27417022128529,721.6939683042626,0.003502154126926227,107.47176872004611,106.92974270798872,0.3113697111473134
2025-09-22 12:50:00,108.27417022128529,108.70449543877554,108.1841034910959,108.61525494815241,3265.5815878090366,0.003150194789486971,107.70046596566738,107.08297109345814,0.3128192715836765
2025-09-22 13:50:00,108.61525494815241,109.12237306423442,108.61176180077437,109.04196072589787,3021.366312515901,0.003928598961068008,107.96876491771349,107.26106106004357,0.33975839296626525
2025-09-22 14:50:00,109.04196072589787,109.15563136714368,109.02351445022893,109.10765932422908,2567.659827887834,0.0006025074924722595,108.19654379901661,107.42893362951497,0.33559546647362837
2025-09-22 15:50:00,109.10765932422908,109.13915434958037,108.8281951358551,108.83329958228434,3908.4367783538733,-0.0025145782032537367,108.32389495567016,107.55660326158491,0.34076169855201804
2025-09-22 16:50:00,108.83329958228434,108.84670081172158,108.45450507466428,108.53642615961483,1838.0406997033153,-0.002727781146110053,108.3664011964591,107.64567807049671,0.33977527726341555
2025-09-22 17:50:00,108.53642615961483,108.74073124125024,108.44776570655408,108.64384096368214,1813.9195004621545,0.000989665938597728,108.4218891499037,107.73642015169538,0.347946015197065
2025-09-22 18:50:00,108.64384096368214,108.7009410720826,108.40023730796116,108.5032699933522,1599.2573267268683,-0.0012938696670059535,108.4381653185934,107.80613377366419,0.35477618391829885
2025-09-22 19:50:00,108.5032699933522,109.05184830176934,108.48001059295301,108.95420041919974,5318.262476184707,0.004155915539459487,108.54137233871468,107.91050346871288,0.37123523407707737
2025-09-22 20:50:00,108.95420041919974,109.26097629208601,108.87592292732757,109.24097936925679,2532.501982889814,0.002632105498949766,108.68129374482311,108.03145582330777,0.3650951245035604
2025-09-22 21:50:00,109.24097936925679,109.49718425412334,109.2161242184859,109.44614237797022,2428.930210519525,0.0018780773469626588,108.83426347145253,108.16006369191344,0.36014346163502914
2025-09-22 22:50:00,109.44614237797022,109.53117727338909,109.4409933057303,109.44431934663719,1711.1780630927126,-1.6656880666765517e-05,108.95627464648946,108.27681420597924,0.3245931513267491
2025-09-22 23:50:00,109.44431934663719,109.54662929911619,108.99798566951593,109.07277719280644,1341.019573049932,-0.00339480528590963,108.97957515575287,108.34917447750898,0.35232804451322963
2025-09-23 00:50:00,109.07277719280644,109.11835678240804,108.90340023296916,108.93418986921277,1447.5915468733035,-0.0012705949840141617,108.97049809844485,108.4023576949366,0.3560750725343403
2025-09-23 01:50:00,108.93418986921277,109.21276655212323,108.92838218186547,109.19174542858252,4400.425631886299,0.002364322529767593,109.01474756447239,108.47412021617713,0.3454331431301796
2025-09-23 02:50:00,109.19174542858252,109.35245027482804,109.13542293335006,109.34493318425895,6104.41091299764,0.0014029243243174339,109.0807846884297,108.55328503145729,0.3237642426872043
2025-09-23 03:50:00,109.34493318425895,109.45277683976789,109.16044105800324,109.22995904661047,3218.4999656634723,-0.0010514811642413635,109.11061956006586,108.61480085101667,0.3081731368518185
2025-09-23 04:50:00,109.22995904661047,109.28492359923231,109.10363400054683,109.16268512789064,1541.3172347167558,-0.0006158925564654361,109.12103267363082,108.66460851255066,0.31168547126401336
2025-09-23 05:50:00,109.16268512789064,109.24545263818935,109.05572009762662,109.20595142737126,6987.473767815586,0.00039634696993684493,109.13801642437892,108.71382150480707,0.30302642318097484
2025-09-23 06:50:00,109.20595142737126,109.32602889299584,109.17346283562466,109.24615799770348,997.2119856970743,0.00036817197054461737,109.15964473904384,108.76221573143401,0.28591001748910927
2025-09-23 07:50:00,109.24615799770348,109.26182827757623,108.97125753866972,108.99317484109767,3683.142357164768,-0.0023157167377101384,109.12635075945461,108.78321201413071,0.28573896064699106
2025-09-23 08:50:00,108.99317484109767,109.14185356598131,108.89852470472412,109.03802687376114,1940.045102483433,0.000411512305507733,109.10868598231592,108.80637700136984,0.28164075329954436
2025-09-23 09:50:00,109.03802687376114,109.03979609499171,108.92419524776403,108.92720542694947,1943.1724082996836,-0.001016355944701508,109.07238987124263,108.81736140369526,0.24905240604321222
2025-09-23 10:50:00,108.92720542694947,109.1079260887931,108.89342811521607,109.07370480679366,2226.273957788671,0.0013449292054263928,109.07265285835284,108.84066534943148,0.23686987810168297
2025-09-23 11:50:00,109.07370480679366,109.1337494675689,108.64230356566263,108.74253447290498,7647.750158411511,-0.003036206888500703,109.00662918126328,108.83174436065633,0.25189743997802844
2025-09-23 12:50:00,108.74253447290498,109.02293421669967,108.65730706273455,108.9922507961315,2926.7732562963397,0.002296399697109708,109.00375350423693,108.84633585479044,0.27157195328562367
2025-09-23 13:50:00,108.9922507961315,109.03202266286635,108.7485618145245,108.82248051629271,1657.6328328998366,-0.001557636241096949,108.96749890664809,108.84416718765428,0.2526303260528796
2025-09-23 14:50:00,108.82248051629271,108.84571570065327,108.72653956719209,108.77263808711146,2172.2354016206723,-0.00045801592598126994,108.92852674274077,108.83766454215038,0.24578886776875816
2025-09-23 15:50:00,108.77263808711146,109.0381498930703,108.7645812897781,108.93213420637018,1659.7015386442615,0.0014663257420581832,108.92924823546666,108.84625269344308,0.2450163129855036
2025-09-23 16:50:00,108.93213420637018,109.2143923921313,108.8241996064783,109.1390282415327,4678.841055138171,0.0018992929558376836,108.97120423667987,108.87286865236031,0.2573852732837188
2025-09-23 17:50:00,109.1390282415327,109.38494629253304,109.05571989927348,109.30455643460238,3853.180392326275,0.0015166727772519817,109.03787467626438,108.91211299620049,0.26002031696192673
2025-09-23 18:50:00,109.30455643460238,109.36167407748464,109.01961608883589,109.12012960840475,3538.5344613241105,-0.0016872748237898305,109.05432566269246,108.93102359730996,0.2715037733878743
2025-09-23 19:50:00,109.12012960840475,109.36019477653593,109.01103751462277,109.29315309559723,2219.0858364628443,0.0015856239157101548,109.10209114927342,108.96394446079061,0.2828912534843338
2025-09-23 20:50:00,109.29315309559723,109.41751116454994,109.21334342460644,109.39154163694982,1948.298020971992,0.0009002260303216936,109.15998124680871,109.00281693135054,0.2865770879537856
2025-09-23 21:50:00,109.39154163694982,109.43087336610303,109.17541700015603,109.18901841865025,2747.7681714538585,-0.001851360857238027,109.16578868117702,109.01974433928687,0.28406891845667764
2025-09-23 22:50:00,109.18901841865025,109.29258928649841,109.12603069875094,109.15803183810347,1662.5812286879832,-0.0002837884339977892,109.16423731256232,109.03231593008837,0.2785853274916984
2025-09-23 23:50:00,109.15803183810347,109.33084626526394,109.07614720815408,109.22640700618533,1942.7998483446192,0.0006263869632907593,109.17667125128693,109.04996057336992,0.28852091391185397
2025-09-24 00:50:00,109.22640700618533,109.2339351702924,108.89265255204637,108.98616551150482,1403.4796321857464,-0.0021994818035797614,109.13857010333052,109.04416102229126,0.2975769599596388
2025-09-24 01:50:00,108.98616551150482,109.24964474252405,108.95329214344703,109.16271353252489,1743.745823831874,0.001619912217220243,109.14339878916941,109.0549385232216,0.2836417240432638
2025-09-24 02:50:00,109.16271353252489,109.2512761542104,109.1059028705408,109.15006303719869,2526.2579911438047,-0.000115886596410264,109.14473163877527,109.06358620631042,0.2679093047364408
2025-09-24 03:50:00,109.15006303719869,109.2359521680056,109.07084449251282,109.17051036800855,2937.635730963322,0.00018733228585388062,109.14988738462193,109.0733065846466,0.259455506675793
2025-09-24 04:50:00,109.17051036800855,109.3367345512934,109.08294932868873,109.32552734286278,1804.268453753201,0.0014199528272944573,109.18501537627012,109.09623574448443,0.2690704416146141
2025-09-24 05:50:00,109.32552734286278,109.55215747857208,109.30454032482137,109.47393666498004,4275.9568860404,0.0013574992568003985,109.2427996340121,109.13057219180222,0.2672167666473655
2025-09-24 06:50:00,109.47393666498004,109.75156799723469,109.44281429324103,109.64427764892513,4429.513626455341,0.0015559957843334082,109.32309523699472,109.17727268790429,0.26139968938598407
2025-09-24 07:50:00,109.64427764892513,109.87746440561602,109.64024792152227,109.87662445950355,5732.466464650174,0.0021190965507782433,109.4338010814965,109.24085012168604,0.2548275530169976
2025-09-24 08:50:00,109.87662445950355,109.961261998423,109.74952868089913,109.8132107635218,4646.028224089283,-0.0005771354580075272,109.50968301790157,109.29288290730747,0.2455186479366489
2025-09-24 09:50:00,109.8132107635218,109.91286722394177,109.73671722704759,109.7966777158709,3059.089616437353,-0.00015055609007275095,109.56708195749543,109.33868243535869,0.23316098614957884
2025-09-24 10:50:00,109.7966777158709,109.8134014063837,109.5465109647776,109.65215740122424,2091.1839481431816,-0.0013162539855772204,109.5840970462412,109.36718015952829,0.23764117912547938
2025-09-24 11:50:00,109.65215740122424,109.674586255246,109.56228759103016,109.56438666492774,2122.208811543923,-0.0008004469622548971,109.58015496997851,109.3851080236555,0.22741562900182544
2025-09-24 12:50:00,109.56438666492774,109.66510054671136,109.49523284172777,109.5084051978981,1499.0810381299232,-0.0005109458349896734,109.56580501556243,109.39631685767756,0.22765199451869073
2025-09-24 13:50:00,109.5084051978981,109.71919008082727,109.42808646497582,109.64184034291651,4628.242146522301,0.001218492268034277,109.58101208103325,109.41863717451746,0.23025232014309033
2025-09-24 14:50:00,109.64184034291651,109.65776664585215,109.51378061993282,109.52316073174862,1344.4189195667304,-0.001082429944596952,109.56944181117633,109.42813931608393,0.2161597064054693
2025-09-24 15:50:00,109.52316073174862,109.73403366654279,109.45659638562043,109.64965741467614,5584.464623859427,0.0011549765554825786,109.58548493187631,109.44827732504686,0.21480861225156442
2025-09-24 16:50:00,109.64965741467614,109.70640978374813,109.59591831369535,109.67738448166537,2491.7927993402755,0.0002528696180450485,109.60386484183412,109.46910524837581,0.21231705413607724
2025-09-24 17:50:00,109.67738448166537,109.77169837122068,109.41466670555161,109.49220734201653,2866.1199434999353,-0.0016883803395202346,109.58153334187061,109.47120543870679,0.22602591057724095
2025-09-24 18:50:00,109.49220734201653,109.50933874560997,109.29189801101272,109.35073366441553,3247.889118681801,-0.0012920890082988024,109.5353734063796,109.46025345922577,0.2234298757195674
2025-09-24 19:50:00,109.35073366441553,109.48257166331408,109.2796642764879,109.39344198423623,2287.940097650168,0.00039056271859849723,109.50698712195094,109.45417968877217,0.22023632093924306
2025-09-24 20:50:00,109.39344198423623,109.46491363638911,109.24817292923012,109.24821975066494,9949.954834077244,-0.001327522298751882,109.45523364769375,109.43545605803514,0.21366396402248103
2025-09-24 21:50:00,109.24821975066494,109.44260344887135,109.16920962646016,109.4057667646622,4005.7496975727254,0.0014421014306396085,109.44534027108745,109.43275703136487,0.21624805961658414
2025-09-24 22:50:00,109.4057667646622,109.48419721578186,109.32616209656402,109.38180826417836,1763.2816867637412,-0.0002189875469305047,109.43263386970564,109.428125325257,0.2124124740232968
2025-09-24 23:50:00,109.38180826417836,109.88499565638118,109.37621466746855,109.80268080656255,2889.7971773263594,0.0038477380202721623,109.50664325707703,109.4621758235575,0.23617183059604333
2025-09-25 00:50:00,109.80268080656255,109.87955050209608,109.7289688248802,109.86113271261155,5282.569850539376,0.0005323358739479644,109.57754114818394,109.49844463165331,0.2278640617110272
2025-09-25 01:50:00,109.86113271261155,110.00942407784264,109.7766597858057,109.97457844354825,6042.58532161571,0.0010326284477102377,109.65694860725681,109.54172952364377,0.23646874941253365
2025-09-25 02:50:00,109.97457844354825,110.09882400624859,109.89183970756959,110.04850314800616,3582.045157979456,0.0006721981161841306,109.73525951540668,109.58779985313126,0.2391199346764919
2025-09-25 03:50:00,110.04850314800616,110.15262061121209,109.81148315927014,109.92137586310824,3318.7090213156625,-0.0011551932217283012,109.772482784947,109.61812494494734,0.24269378011152704
2025-09-25 04:50:00,109.92137586310824,109.9266548014762,109.86611852991658,109.8973528577483,1393.5373604495512,-0.00021854716765790094,109.79745679950727,109.64350930065652,0.2367330833715481
2025-09-25 05:50:00,109.8973528577483,110.43011625465047,109.79857497375112,110.31986057691401,6991.1323415347715,0.0038445668451414505,109.90193755498862,109.70499578031628,0.262026226227048
2025-09-25 06:50:00,110.31986057691401,110.325158698041,110.10773477759814,110.1915276323673,4343.61316599245,-0.0011632805179012662,109.95985557046436,109.74922594868455,0.26966425839776775
2025-09-25 07:50:00,110.1915276323673,110.2145851011361,110.05924861388708,110.06813007870457,4736.063392028909,-0.0011198461108046232,109.9815104721124,109.77821723323183,0.2552574599391925
2025-09-25 08:50:00,110.06813007870457,110.45814453854086,110.00548048064795,110.41164023727188,2631.4897250828453,0.0031208866573975147,110.06753642514431,109.83580114269002,0.2720591258888833
2025-09-25 09:50:00,110.41164023727188,110.47240915404258,110.29783927048962,110.34132566219776,3324.520025048538,-0.000636840236437175,110.12229427255501,109.88175791719071,0.27003501851222567
2025-09-25 10:50:00,110.34132566219776,110.39497518539827,110.26620651134489,110.35771936294141,2376.949596164007,0.000148572628117849,110.16937929063229,109.92502713953168,0.2637513018618246
2025-09-25 11:50:00,110.35771936294141,110.51969211715901,110.28471783710802,110.4611308158936,8853.784452540931,0.0009370568144135838,110.22772959568456,109.97376383738276,0.2610070488360959
2025-09-25 12:50:00,110.4611308158936,110.59497128029595,110.40773785402169,110.58189635573656,3405.617267651308,0.0010932853841976176,110.29856294769498,110.02904861177856,0.26309264219726863
2025-09-25 13:50:00,110.58189635573656,110.59704813810603,110.37564037501932,110.48542431206299,1534.6021995479555,-0.0008724035927474283,110.33593522056859,110.07053731180442,0.24256598320970316
2025-09-25 14:50:00,110.48542431206299,110.55600906494648,110.43911319609484,110.50803963193793,3883.0403849375734,0.00020469052832772228,110.37035610284246,110.11031024999836,0.2401598540408289
2025-09-25 15:50:00,110.50803963193793,110.8104569410019,110.50675529647778,110.77962784972382,7336.310007731118,0.002457633116019986,110.45221045221874,110.17115730451886,0.24522680778991404
2025-09-25 16:50:00,110.77962784972382,110.94833483211613,110.71435789497416,110.92175251274887,5125.892025479056,0.001282949453647264,110.54611886432477,110.23939323253977,0.24715485339441198
2025-09-25 17:50:00,110.92175251274887,110.96385977815173,110.81241848869541,110.83600752662932,3328.948598437991,-0.0007730222808163267,110.60409659678568,110.29363089563881,0.23360512750258117
2025-09-25 18:50:00,110.83600752662932,110.92207306856604,110.79823056619522,110.8935659305622,2235.3061243017232,0.0005193114152821643,110.66199046354099,110.3481704442682,0.2381270011319521
2025-09-25 19:50:00,110.8935659305622,111.10036014934262,110.82744791645123,111.066611271488,3418.0809691191316,0.0015604633097843212,110.7429146251304,110.41348324674273,0.21251064055995425
2025-09-25 20:50:00,111.066611271488,111.12093553691746,110.97436986498407,111.12059238307215,2737.1645040066987,0.0004860246564306614,110.81845017671876,110.47776589549994,0.20744933709499236
2025-09-25 21:50:00,111.12059238307215,111.22258688343635,110.77111283898397,110.85607578145964,2712.6801942483667,-0.0023804462875848253,110.82597529766694,110.51215770331446,0.22860201975237565
2025-09-25 22:50:00,110.85607578145964,110.86173456740183,110.62759830185382,110.66668217103293,2735.197192768116,-0.0017084639618677455,110.79411667234015,110.52620538219796,0.21299289172773886
2025-09-25 23:50:00,110.66668217103293,110.74820806804888,110.54888727073615,110.6340831248656,3329.1423397826406,-0.0002945696530139985,110.76210996284524,110.5360124497132,0.21476081413915132
2025-09-26 00:50:00,110.6340831248656,110.80218844676631,110.56769226149042,110.70591958505804,4419.747933419254,0.000649315818086249,110.75087188728781,110.55145855292636,0.22231277922647358
2025-09-26 01:50:00,110.70591958505804,110.76119135534434,110.56305178655259,110.61095090775555,3799.2868389328555,-0.0008578464246397077,110.72288769138137,110.55686694881992,0.2196817284222417
2025-09-26 02:50:00,110.61095090775555,111.0868383126509,110.60334053603336,111.00531561698912,1930.439043801278,0.003565331515524628,110.77937327650292,110.59763500956257,0.24084346773247592
2025-09-26 03:50:00,111.00531561698912,111.2739846327167,110.96799130453653,111.17829148279115,3119.66821057571,0.0015582665103972548,110.85915691776057,110.65042196167425,0.24688529381058036
2025-09-26 04:50:00,111.17829148279115,111.27661681454462,111.0883417813921,111.14687006738954,1754.771996668109,-0.0002826218588407592,110.91669954768638,110.69555360764836,0.2519838055463574
2025-09-26 05:50:00,111.14687006738954,111.1812927071458,110.90052987621989,110.93532913022759,2764.732415495583,-0.0019032559084543044,110.92042546419462,110.71735138242829,0.25034531886077055
2025-09-26 06:50:00,110.93532913022759,110.94304553436899,110.79693380462925,110.8768342719155,3632.5125536743913,-0.000527287914235286,110.91170722573881,110.73184982692712,0.24406923261775404
2025-09-26 07:50:00,110.8768342719155,110.95251151365714,110.78989318341311,110.93747755124366,4580.698199153816,0.0005469427380966341,110.91686129083979,110.75054325641044,0.24486759267401936
2025-09-26 08:50:00,110.93747755124366,111.40210991569234,110.88067229312355,111.30280070266076,3511.744678485537,0.003293054425618669,110.99404917320399,110.80074847879683,0.273267244116731
2025-09-26 09:50:00,111.30280070266076,111.33539360491531,111.19850002506544,111.21064098497979,1212.6313203672275,-0.0008280089728125439,111.03736753555916,110.83801143390437,0.26355162604233684
2025-09-26 10:50:00,111.21064098497979,111.27416088457237,111.1334979702199,111.26799617310606,6780.9012548844485,0.0005157347140369861,111.08349326306855,110.87710095564998,0.26313000050084207
2025-09-26 11:50:00,111.26799617310606,111.55678842107204,111.21182282100656,111.51877802197707,1351.2845070576234,0.0022538542752299495,111.17055021485025,110.93543523440698,0.2555222544732061
2025-09-26 12:50:00,111.51877802197707,111.57231778244065,111.3199644238362,111.33980683495915,4340.984890878807,-0.0016048524759000315,111.20440153887203,110.97219628900262,0.25682347540580963
2025-09-26 13:50:00,111.33980683495915,111.68908431264107,111.30772760014847,111.66561411779554,2707.5331211690764,0.0029262425730569586,111.29664405465674,111.03523427343833,0.26982604077580014
2025-09-26 14:50:00,111.66561411779554,111.70008193276922,111.38474676660297,111.4841528557476,1865.1738540801657,-0.0016250415446291688,111.33414581487492,111.07604505364826,0.27560025369654034
2025-09-26 15:50:00,111.4841528557476,111.77607603077384,111.4484573065379,111.72991866937181,3402.791809568019,0.002204491018039212,111.4133003857743,111.13548810962313,0.28484876479969656
2025-09-26 16:50:00,111.72991866937181,111.81604609700992,111.62963884142015,111.64383422279623,4361.286784221499,-0.0007704690704225525,111.4594071531787,111.18170139263886,0.263628013297713
2025-09-26 17:50:00,111.64383422279623,111.83318766411746,111.61028376093721,111.8070460001215,4922.341825706414,0.0014618969194444276,111.52893492256727,111.23855090241,0.25769305436914686
2025-09-26 18:50:00,111.8070460001215,112.393662309046,111.77260377968551,112.32750820393882,5419.675124342177,0.004655003619510323,111.68864957884159,111.3375470207308,0.2886061612411441
2025-09-26 19:50:00,112.32750820393882,112.41613745454883,112.28645810833851,112.34527449364613,4721.318204128441,0.00015816508343657887,111.81997456180251,111.42915860917765,0.27781448376145945
2025-09-26 20:50:00,112.34527449364613,112.44765530386317,112.29853701124215,112.36170699148677,2137.886325972088,0.00014626781513249476,111.92832104773937,111.51393573484211,0.2780292382529796
2025-09-26 21:50:00,112.36170699148677,112.40210744118545,112.12918726397879,112.16476701418614,8112.924753979651,-0.0017527321591469525,111.97561024102873,111.57310221478247,0.285907941607453
2025-09-26 22:50:00,112.16476701418614,112.48438277388124,112.1523900897231,112.38097780083491,2365.8998108875935,0.0019276176682239132,112.05668375298998,111.64654544987815,0.2723761602924069
2025-09-26 23:50:00,112.38097780083491,112.5119405563197,112.3028535297671,112.51131048142142,3165.499255527258,0.001159739692045525,112.14760909867627,111.72516045274571,0.2775328350568874
2025-09-27 00:50:00,112.51131048142142,112.57278039246722,112.46432315320473,112.5641367315359,3320.0020063434017,0.000469519463318413,112.2309146252482,111.80143102354482,0.2752324296933182
2025-09-27 01:50:00,112.5641367315359,112.64640014572323,112.55139904122031,112.56128695741722,2760.930930968845,-2.531689223073119e-05,112.29698909168201,111.87050883571504,0.25737782286742167
2025-09-27 02:50:00,112.56128695741722,113.11939960961607,112.45099752104099,113.02584862739997,2364.6295640956796,0.004127188685737915,112.4427609988256,111.97553972586822,0.28709558929389495
2025-09-27 03:50:00,113.02584862739997,113.12787290139363,113.0136875281798,113.1254066822696,2080.2925186480566,0.0008808432414237899,112.57929013551441,112.08007308554106,0.2680119222025539
2025-09-27 04:50:00,113.1254066822696,113.25827142001464,113.11652113352142,113.24423049854246,1333.1260646211254,0.0010503725003756514,112.71227820812003,112.1859055776321,0.25561300222590894
2025-09-27 05:50:00,113.24423049854246,113.56164958134613,113.14282824655646,113.50214744058367,10945.500053237032,0.0022775283200366925,112.87025205461276,112.3055639288095,0.2621274744083187
2025-09-27 06:50:00,113.50214744058367,113.73533545906447,113.39663759166659,113.69440507827795,3368.572101783377,0.001693867843292729,113.0350826593458,112.43182221512481,0.2730053752517553
2025-09-27 07:50:00,113.69440507827795,113.75851110719492,113.5509635784008,113.63408964656352,1979.577974840188,-0.000530504835949519,113.15488405678936,112.54111925434651,0.2719084913670317
2025-09-27 08:50:00,113.63408964656352,113.74033669791856,112.99391303391185,113.09001746622155,1887.8384256050094,-0.004787930998824352,113.1419107386758,112.59101909178969,0.2808631438417625
2025-09-27 09:50:00,113.09001746622155,113.09815734208726,112.95871398740857,113.01965291701958,1384.403023470046,-0.0006221994724069368,113.11745917434457,112.62998580317422,0.2815605730180743
2025-09-27 10:50:00,113.01965291701958,113.30319027434561,113.00911508153443,113.24035960350061,2055.9263334529574,0.0019528168843614413,113.14203926017579,112.68547433047662,0.29191463731737094
2025-09-27 11:50:00,113.24035960350061,113.42845003386716,113.13797232373834,113.38211862735616,3997.247812142078,0.0012518418729143832,113.19005513361188,112.74880563019295,0.29316874681181154
2025-09-27 12:50:00,113.38211862735616,113.44325678748251,113.32372370868468,113.32409594835751,1044.2980673778263,-0.0005117445299231971,113.21686329656102,112.80110475002608,0.27799306071464663
2025-09-27 13:50:00,113.32409594835751,113.7140985193159,113.31082995783868,113.63671449887585,2674.9626124155775,0.002758623820487305,113.30083353702399,112.87706927264878,0.2918631703521198
2025-09-27 14:50:00,113.63671449887585,113.64765475820074,113.59381008001188,113.59924525402589,1665.4359513572842,-0.0003297283366137105,113.36051588042437,112.94272163459215,0.2879622731325751
2025-09-27 15:50:00,113.59924525402589,113.73824796441369,113.5567319033994,113.63324720860236,3294.2525053857535,0.0002993149690426744,113.41506214605998,113.00549668677489,0.2941419128833869
2025-09-27 16:50:00,113.63324720860236,113.68823135285702,113.59084159507049,113.60492633673994,2335.6640634899336,-0.0002492305074274226,113.45303498419598,113.05999029131716,0.25335531782706205
2025-09-27 17:50:00,113.60492633673994,113.67717620269879,113.5035038478688,113.63486774972147,5378.299500894851,0.0002635573469127461,113.48940153730108,113.11225187844482,0.2576043879425021
2025-09-27 18:50:00,113.63486774972147,113.70609943594226,113.59489167190505,113.66055050217074,552.8991160215412,0.00022601119672027714,113.52363133027501,113.16209720787445,0.25542277919564477
2025-09-27 19:50:00,113.66055050217074,113.85880552956922,113.65164625877608,113.7762694028152,3209.7684126247605,0.0010181096267192213,113.57415894478305,113.21793104377815,0.24030406033874993
2025-09-27 20:50:00,113.7762694028152,113.80975158971914,113.57579743454333,113.6099136187169,3248.6113729807607,-0.0014621307674391737,113.58130987956983,113.25356582331803,0.23282236660860178
2025-09-27 21:50:00,113.6099136187169,113.67547338945514,113.4435945809126,113.55314350081215,2775.395070116718,-0.0004996933462626529,113.5756766038183,113.28080015763567,0.2345603151620596
2025-09-27 22:50:00,113.55314350081215,113.60729634594946,113.44979449396374,113.47610406443603,1794.8278984145272,-0.0006784438898036482,113.55576209594184,113.29855505825388,0.192494471446275
2025-09-27 23:50:00,113.47610406443603,113.58829260908195,113.37014082427412,113.41330354237482,8510.902129549791,-0.0005534250808042485,113.52727038522845,113.3089867386285,0.198116502169785
2025-09-28 00:50:00,113.41330354237482,113.42047278318884,113.2334327775187,113.25941295331955,1379.8182957971026,-0.0013569006831528618,113.47369889884668,113.30448003087314,0.19047113165971094
2025-09-28 01:50:00,113.25941295331955,113.36115869947795,113.06426542101538,113.09154532067562,1964.534040930182,-0.0014821517105436666,113.39726818321247,113.28512232994609,0.1909293865406931
2025-09-28 02:50:00,113.09154532067562,113.11698139888092,112.79162326938525,112.81303389130024,5308.474045113775,-0.0024627077876215875,113.28042132483003,113.2422051991601,0.20563117587625307
2025-09-28 03:50:00,112.81303389130024,113.12958382278832,112.72105558037661,113.01704676559179,2903.8263704344386,0.001808415812025066,113.22774641298238,113.22173625065388,0.20600686737157353
2025-09-28 04:50:00,113.01704676559179,113.08778436353514,112.85109089979915,112.93293165386974,1776.0903552957732,-0.0007442692419357133,113.16878346115986,113.19548128730986,0.2190674949106537
2025-09-28 05:50:00,112.93293165386974,112.97046866333486,112.88322908790876,112.92475491603065,2541.308727885227,-7.24034851424804e-05,113.11997775213402,113.17086979901175,0.21233346022578253
2025-09-28 06:50:00,112.92475491603065,112.9542156695925,112.85612028976938,112.8608859552386,1577.6228330788533,-0.0005655886598074922,113.06815939275494,113.14268944957783,0.21238386179982477
2025-09-28 07:50:00,112.8608859552386,112.95917100309921,112.76808801351964,112.9284014922852,5003.006287689192,0.0005982190949074262,113.040207812661,113.12320872618758,0.21362747856765196
2025-09-28 08:50:00,112.9284014922852,113.03822458617697,112.75413856209033,112.84071816541088,5769.977621459506,-0.0007764506157498241,113.00030988321097,113.09752776611697,0.2259759257140388
2025-09-28 09:50:00,112.84071816541088,112.89638622137859,112.63734277713908,112.64074472688917,2675.640621343309,-0.0017721744577039455,112.92839685194662,113.05600203527807,0.22968193810306506
2025-09-28 10:50:00,112.64074472688917,112.90097050955444,112.56387750988212,112.81141359803175,3769.078971577276,0.00151516106854932,112.90500020116365,113.03376672280113,0.23704899842424457
2025-09-28 11:50:00,112.81141359803175,112.81570886492784,112.59778746062119,112.6536582929382,2045.9132963082698,-0.0013983984426935159,112.85473181951856,112.99921141099541,0.23605204097882446
2025-09-28 12:50:00,112.6536582929382,112.71928794926626,112.38607594078016,112.45250887436728,6024.189194456478,-0.0017855560273760673,112.77428723048831,112.94951118039285,0.24860276644313675
2025-09-28 13:50:00,112.45250887436728,112.66901833932279,112.38512664378872,112.58479390072654,1918.118793837374,0.0011763634949848445,112.73638856453596,112.91635506405954,0.25329847435215364
2025-09-28 14:50:00,112.58479390072654,112.67458258285826,112.52656838933592,112.55661986924639,3684.6946324371133,-0.0002502472181544757,112.70043482547806,112.88365186453107,0.2505109163415966
2025-09-28 15:50:00,112.55661986924639,112.69441248750658,112.45266596199157,112.58246233044365,7002.916082290124,0.000229595213744771,112.67684032647118,112.85627099779585,0.24657186255962774
2025-09-28 16:50:00,112.58246233044365,112.77194231314583,112.56620982778803,112.70024880752743,2437.8380214570866,0.0010462240267765655,112.68152202268243,112.8420871623169,0.23802717369263707
2025-09-28 17:50:00,112.70024880752743,112.74179298443798,112.53392602881623,112.6075040906372,3234.145433842236,-0.0008229326720353702,112.66671843627338,112.82076142852783,0.2236942246362119
2025-09-28 18:50:00,112.6075040906372,112.63431340632413,112.21516101644276,112.24366277466098,1936.0704850921256,-0.003231057458509823,112.5821073039509,112.76829791453993,0.23672700507516709
2025-09-28 19:50:00,112.24366277466098,112.35936633420324,112.18731447435282,112.26639873824602,3831.497068962343,0.000202558995519464,112.51896559080994,112.72267071669502,0.2427850253911907
2025-09-28 20:50:00,112.26639873824602,112.52504870984345,112.18677015164273,112.42479898301596,2467.9386242598225,0.0014109319132900033,112.50013226925115,112.69559146817873,0.25994096670387584
2025-09-28 21:50:00,112.42479898301596,112.53133118733888,112.10899285887507,112.11379603110659,3115.4712669947207,-0.0027663198397744893,112.42286502162224,112.64270097389944,0.2764592051956072
2025-09-28 22:50:00,112.11379603110659,112.41752830999151,112.06568617152622,112.34610030460826,15090.899091021663,0.0020720400318727794,112.40751207821945,112.61573727669115,0.2812989276512253
2025-09-28 23:50:00,112.34610030460826,112.42760471014748,112.07571311117901,112.12535466126849,5124.972197682347,-0.0019648714351566676,112.35108059482927,112.57115703892545,0.2879309387032935
2025-09-29 00:50:00,112.12535466126849,112.41773888760248,112.11364693058844,112.35287648495553,1209.5481568087491,0.0020291737259103826,112.35143977285453,112.5513133522009,0.28557372137055886
2025-09-29 01:50:00,112.35287648495553,112.35369513506456,112.16181456807956,112.22454902837524,2783.841825369738,-0.001142182208369924,112.32606162395868,112.52160750458039,0.28371366156186895
2025-09-29 02:50:00,112.22454902837524,112.98633915541512,112.14974748990585,112.89288340063166,3741.055307134198,0.005955331324944302,112.43942597929328,112.55535985876686,0.3196693513492385
2025-09-29 03:50:00,112.89288340063166,113.02440977064323,112.84234194354754,112.92250490764548,4488.150340417158,0.0002623859549117924,112.53604176496373,112.58873668139219,0.31239621788935473
2025-09-29 04:50:00,112.92250490764548,113.10891056968042,112.90092236258488,113.0421654409338,1399.0611913929195,0.0010596694909148496,112.63726650015775,112.62995747771416,0.31668007600172593
2025-09-29 05:50:00,113.0421654409338,113.11033987934866,112.76261243204051,112.7863603601088,4234.659496920276,-0.0022629173797865665,112.66708527214797,112.64417592156822,0.32425014184409257
2025-09-29 06:50:00,112.7863603601088,112.85352320835719,112.67911312407696,112.75818934935013,4363.99797217904,-0.0002497732054542734,112.68530608758842,112.6545407786393,0.3220128274814087
2025-09-29 07:50:00,112.75818934935013,112.85015856142597,112.63967875620835,112.68123812762032,3298.0153102696277,-0.0006824446381574756,112.68449249559481,112.65696781036485,0.3221994595953989
2025-09-29 08:50:00,112.68123812762032,112.68162354226956,112.29886978847618,112.36407468372758,3240.757715839162,-0.002814696121225868,112.62040893322137,112.63034116248873,0.319599557017686
2025-09-29 09:50:00,112.36407468372758,112.3987109397406,111.91974451297263,111.97568892334455,1586.2615769466556,-0.0034564940927624965,112.49146493124601,112.57082732256653,0.3415220260832247
2025-09-29 10:50:00,111.97568892334455,112.04701775597194,111.57700780817156,111.61511756164404,2695.4420737296464,-0.0032200861201876485,112.31619545732562,112.48394461702811,0.35093141105462927
2025-09-29 11:50:00,111.61511756164404,111.69721356412738,111.53329615575251,111.6456305356656,2628.1038851688163,0.0002733767135505438,112.18208247299363,112.40773424599516,0.33247277390541946
2025-09-29 12:50:00,111.6456305356656,111.66651978273701,111.51601893282067,111.61941022500572,4364.576984525335,-0.0002348529945513933,112.06954802339605,112.33606842590521,0.3180912532947805
2025-09-29 13:50:00,111.61941022500572,111.68284374949172,111.55752086095083,111.60368241788234,1884.400029704194,-0.00014090566409263872,111.97637490229332,112.26948787972131,0.30190777397852536
2025-09-29 14:50:00,111.60368241788234,111.69102569902957,111.5218812285497,111.61962495770669,4173.2965629692035,0.000142849585954119,111.905024913376,112.21040943226544,0.292268667797513
2025-09-29 15:50:00,111.61962495770669,111.63057693897146,111.42093783230301,111.48964838727919,2004.1923563887717,-0.0011644598382833937,111.82194960815664,112.14488570090305,0.29353713491775985
2025-09-29 16:50:00,111.48964838727919,111.4993478012004,111.32575960458195,111.3535620277921,2975.4541499006937,-0.0012206187879826302,111.72827209208374,112.07294718516569,0.2461797442827012
2025-09-29 17:50:00,111.3535620277921,111.42748048582351,111.30573832265206,111.38013931126764,2068.468899082578,0.00023867474907457442,111.65864553592053,112.00996465117495,0.24187076828811221
2025-09-29 18:50:00,111.38013931126764,111.470373358033,111.27479718333308,111.45848596750231,3534.4047263189686,0.00070341675561858,111.6186136222369,111.95983022538653,0.2409841945455682
2025-09-29 19:50:00,111.45848596750231,111.62349373030425,111.35617182295871,111.56350174959455,1256.2351165730108,0.000942196380837812,111.60759124770843,111.92380036395089,0.23524094169109588
2025-09-29 20:50:00,111.56350174959455,111.64705381583552,111.30138212396638,111.35630804114614,4066.9883700258642,-0.0018571818309670585,111.55733460639597,111.87221015278682,0.24747391366173283
2025-09-29 21:50:00,111.35630804114614,111.415944286707,111.20813636577377,111.21449651577852,2131.2397953965938,-0.0012734934182194735,111.48876698827249,111.81241800396788,0.24728306478427697
2025-09-29 22:50:00,111.21449651577852,111.29187258753643,111.08163521526174,111.15417226019086,1666.9931134578246,-0.0005424136014418046,111.42184804265617,111.75257748180633,0.23496046610437052
2025-09-29 23:50:00,111.15417226019086,111.30435331656909,111.11961678052846,111.20855601390154,7241.29796975075,0.0004892641689002719,111.37918963690525,111.70312098472407,0.2139440453381322
2025-09-30 00:50:00,111.20855601390154,111.58182055386537,111.10808593157954,111.48772298270464,3588.234232495722,0.0025103011747422688,111.40089630606514,111.68353934817684,0.2142100935156646
2025-09-30 01:50:00,111.48772298270464,111.86429655193373,111.45970207331843,111.82685682507076,4992.553685444599,0.0030418940605569933,111.48608840986627,111.69656820971265,0.231401312818553
2025-09-30 02:50:00,111.82685682507076,112.00236432825807,111.7462150490712,111.94374484963723,3559.9492556566656,0.0010452589644838195,111.57761969782047,111.71903881334215,0.23894762919501947
2025-09-30 03:50:00,111.94374484963723,111.9472687071575,111.31701963304279,111.38863279764347,2256.0261033102406,-0.004958848328143639,111.53982231778507,111.68900190282409,0.27501378530743537
2025-09-30 04:50:00,111.38863279764347,111.87147686911642,111.3151477347042,111.77346528160881,3946.250862678941,0.003454863160628374,111.58655091054982,111.69668039180452,0.3026698327311753
2025-09-30 05:50:00,111.77346528160881,111.7933174031333,111.4416527767297,111.50218957326665,2453.620736625311,-0.0024270134925019615,111.56967864309318,111.67899940830108,0.3128145127122579
2025-09-30 06:50:00,111.50218957326665,111.59100777284584,111.11681348580727,111.22268981654602,2432.592095436386,-0.0025066750508694335,111.50028087778375,111.63751671814153,0.3342863763136949
2025-09-30 07:50:00,111.22268981654602,111.25082581471244,111.14306494566273,111.2353285785514,1451.257220129635,0.00011363474508874205,111.44729041793728,111.60095415999697,0.3332877124478567
2025-09-30 08:50:00,111.2353285785514,111.60044561014782,111.15935466036333,111.56186368800005,1125.4092503222912,0.0029355341834411686,111.47020507194983,111.59740048072452,0.35082448209675376
2025-09-30 09:50:00,111.56186368800005,111.58856556306442,111.44023047989367,111.54633109074481,2873.0998899218985,-0.00013922855662096278,111.48543027570884,111.59275780890817,0.3423254232271264
2025-09-30 10:50:00,111.54633109074481,111.61687695049118,111.29435712607396,111.33075182478451,4524.6628452607665,-0.0019326432689652506,111.45449458552397,111.56893908307875,0.3406717184091314
2025-09-30 11:50:00,111.33075182478451,111.39250188589736,110.93847302794747,111.00121266334737,1875.972037921521,-0.0029600012219065386,111.36383820108867,111.51732759037588,0.35825892819603566
2025-09-30 12:50:00,111.00121266334737,111.51725124787903,110.9955546690683,111.50376029340399,3224.646078202709,0.0045274066651936895,111.39182261955175,111.51609419974207,0.38050601437718157
2025-09-30 13:50:00,111.50376029340399,111.5732297236735,111.50077883409273,111.53353416721184,1920.7621733240092,0.000267021253180344,111.42016492908377,111.51767965133023,0.37248561105862066
2025-09-30 14:50:00,111.53353416721184,111.57480866631236,111.24056923992246,111.33340173833687,1450.9502684629388,-0.0017943700105021998,111.40281229093439,111.50092711378538,0.36252166849462547
2025-09-30 15:50:00,111.33340173833687,111.74806938767998,111.28414393535611,111.7385131426199,4128.321700446428,0.0036387229524805775,111.4699524612715,111.52252584367942,0.36675959518809365
2025-09-30 16:50:00,111.7385131426199,112.12802724213054,111.6473874959812,112.05422359547785,1288.0202772680213,0.0028254398951506055,111.58680668811277,111.57086200293382,0.3827946285425554
2025-09-30 17:50:00,112.05422359547785,112.10320836748231,111.3581148205515,111.37988733191666,2069.01287398821,-0.006017945972260574,111.54542281687355,111.553500669205,0.390997805172276
2025-09-30 18:50:00,111.37988733191666,111.48912620126349,111.19178828897493,111.19382906982094,1408.3658398992177,-0.001670483482724916,111.47510406746304,111.52080325107917,0.3724984321634425
2025-09-30 19:50:00,111.19382906982094,111.42544641368087,111.08605938788823,111.37730673201543,3104.2204147608527,0.0016500705455451126,111.45554460037351,111.50775811298247,0.37162146069123125
2025-09-30 20:50:00,111.37730673201543,111.39702687417432,111.30935231462526,111.32911341749731,3444.694988058365,-0.0004327031774441492,111.43025836379829,111.49151768612018,0.3440129087276946
2025-09-30 21:50:00,111.32911341749731,111.34089181126151,111.16992591794953,111.17660985532342,1443.2399377213308,-0.0013698443964247353,111.37952866210333,111.46288970150229,0.348527553317857
2025-09-30 22:50:00,111.17660985532342,111.21143415470485,110.91682914659447,110.97452902294278,3140.3075589345103,-0.0018176560037549416,111.29852873427123,111.4184932761787,0.33806427176970694
2025-09-30 23:50:00,110.97452902294278,111.08090046402592,110.95704264378415,111.04021689486304,3099.231851828518,0.0005919184564115998,111.2468663663896,111.3841045142409,0.3363158958462082
2025-10-01 00:50:00,111.04021689486304,111.12402995197593,111.02954164988036,111.05699282620898,3606.8253426249116,0.00015107977825579155,111.20889165835348,111.35436708805618,0.3200279299660908
2025-10-01 01:50:00,111.05699282620898,111.2966423149361,111.04401759029045,111.20768787132671,3241.094646050376,0.0013569163119115935,111.20865090094813,111.34103261380804,0.30564192044435856
2025-10-01 02:50:00,111.20768787132671,111.2328213643111,111.05398541032295,111.06691881980078,4611.444275927476,-0.0012658212235183708,111.18030448471866,111.3161131779892,0.28115187581417445
2025-10-01 03:50:00,111.06691881980078,111.37713017698927,110.95892546090471,111.28432980099548,2463.9043150176126,0.001957477379447514,111.20110954797403,111.31322378008068,0.30584857770730167
2025-10-01 04:50:00,111.28432980099548,111.30066893181512,111.15531695107113,111.20427615742379,3208.0561223082605,-0.0007193613306998303,111.20174286986399,111.30331945074823,0.29235661730402285
2025-10-01 05:50:00,111.20427615742379,111.41359884306057,111.12671045666877,111.32128480586367,1815.5638016913063,0.0010521955853048937,111.22565125706393,111.30495266484964,0.27971111259458936
2025-10-01 06:50:00,111.32128480586367,111.52141209631927,111.26448316725359,111.50028160120695,4343.154575844004,0.001607929657436502,111.28057732589254,111.32270984088211,0.2637317685171853
2025-10-01 07:50:00,111.50028160120695,111.50967196926284,111.33254284529136,111.33774882272934,1960.0374681871258,-0.001457689399018136,111.2920116252599,111.32407702105004,0.2231628811629481
2025-10-01 08:50:00,111.33774882272934,111.47101917428878,111.25251401840485,111.43539457568976,562.0275279915238,0.000877022878519762,111.32068821534588,111.33419679874456,0.21753196999118934
2025-10-01 09:50:00,111.43539457568976,111.43624290033769,110.96881086721062,111.05890517467365,5063.552192537033,-0.003378544155110297,111.26833160721144,111.30917028746538,0.22667804194364802
2025-10-01 10:50:00,111.05890517467365,111.32055264595064,111.04100545024689,111.21344354951455,1689.8701191014177,0.001391499174224986,111.25735399567206,111.30046785674257,0.24038323024041222
2025-10-01 11:50:00,111.21344354951455,111.2461307071836,111.08821917731089,111.16013840206575,2457.094026995581,-0.0004793048910949338,111.2379108769508,111.28771063359012,0.239450775709035
2025-10-01 12:50:00,111.16013840206575,111.20755938455939,110.79815606065655,110.8911941813562,4857.402950585903,-0.0024194304233122743,111.16856753783189,111.25166368338704,0.24765065540849612
2025-10-01 13:50:00,110.8911941813562,111.36571337455011,110.88347402800977,111.2693906619867,2240.725711904926,0.003410518602694257,111.18873216266286,111.2532752268961,0.27324933585839417
2025-10-01 14:50:00,111.2693906619867,111.30323060941532,110.95272926977265,110.97305362395313,3037.82065146642,-0.0026632395151131583,111.14559645492092,111.22780053571945,0.29153598139747317
2025-10-01 15:50:00,110.97305362395313,111.25266802135494,110.92954289747226,111.14446482207154,6224.703752021969,0.0015446200002682264,111.14537012835105,111.22022456175145,0.2965717242001184
2025-10-01 16:50:00,111.14446482207154,111.69097033195857,111.04701533596925,111.68612425434878,2600.570925746866,0.004873471955120445,111.2535209535506,111.26257907926029,0.3297945129144872
2025-10-01 17:50:00,111.68612425434878,111.68924757713803,111.46064833855029,111.55008946657385,3417.810650416249,-0.0012180097454642658,111.31283465615526,111.28871638719788,0.31625126452185776
2025-10-01 18:50:00,111.55008946657385,111.90982845278909,111.47355943350804,111.82103837486478,5369.490269946645,0.0024289438904674387,111.41447539989717,111.3371092951676,0.3370310529887896
2025-10-01 19:50:00,111.82103837486478,111.82835644713572,111.58345278352633,111.6627905333358,2254.5899463116198,-0.001415188446010407,111.4641384265849,111.36671668045561,0.33403214421861804
2025-10-01 20:50:00,111.6627905333358,111.72677887766403,111.50779007463656,111.52714398726305,3225.90123672295,-0.0012147873559746891,111.47673953872054,111.38130098107446,0.3313221352158889
2025-10-01 21:50:00,111.52714398726305,111.60485095451074,111.45203591201707,111.52694306054238,4454.556637717536,-1.8015947820249067e-06,111.48678024308491,111.394541170117,0.3295854151103309
2025-10-01 22:50:00,111.52694306054238,111.54133865422082,111.35531694333987,111.41095969360846,5583.455409038022,-0.0010399582715269196,111.47161613318963,111.39603376316167,0.3272651690386894
2025-10-01 23:50:00,111.41095969360846,111.87526904980052,111.32974025059131,111.86011941996144,4942.022545743866,0.004031557825084686,111.549316790544,111.43822336832528,0.332843509473128
2025-10-02 00:50:00,111.86011941996144,111.8889901338297,111.48052651705007,111.56290050885855,6053.021880904798,-0.0026570587680764257,111.55203353420691,111.44955765382831,0.34205182526426164
2025-10-02 01:50:00,111.56290050885855,111.97792652102514,111.46189542027801,111.87113733913749,3636.757354995362,0.0027628972433759724,111.61585429519303,111.48788307976551,0.36763179461243467
2025-10-02 02:50:00,111.87113733913749,112.0178540409643,111.86601437018925,111.96010271128279,2809.340279277666,0.0007952486607478715,111.684703978411,111.53081213717617,0.34923439081759255
2025-10-02 03:50:00,111.96010271128279,111.99450492879213,111.4943530013841,111.56276044611278,3241.9556075904284,-0.003548963028326746,111.66031527195136,111.53371652889767,0.3505138608795702
2025-10-02 04:50:00,111.56276044611278,111.87362669120361,111.45978241651343,111.79496077763469,2523.146096857977,0.0020813426504810995,111.68724437308803,111.55746600605558,0.355038356240106
2025-10-02 05:50:00,111.79496077763469,111.91077228305458,111.72863961101379,111.90895026292111,2712.661106155755,0.0010196299054405777,111.73158555105465,111.58941912031608,0.34496746682282875
2025-10-02 06:50:00,111.90895026292111,112.24135639060933,111.83548304658548,112.16183862977962,4622.118648390237,0.002259768912713067,111.81763616679966,111.64145725754004,0.32796163453958066
2025-10-02 07:50:00,112.16183862977962,112.28632027908084,112.14682919394329,112.2336207538827,2154.0061593678856,0.0006399870488928983,111.90083308421627,111.6952903026621,0.3215967664359951
2025-10-02 08:50:00,112.2336207538827,112.34541904608791,111.92281917800399,111.99968461020846,5080.079516141532,-0.00208436778661214,111.92060338941472,111.72296251243904,0.3206203984933436
2025-10-02 09:50:00,111.99968461020846,112.03520588396565,111.69009698014882,111.7860409453486,3277.947261875671,-0.0019075380935527075,111.89369090060151,111.72869691543082,0.32777791565101716
2025-10-02 10:50:00,111.7860409453486,111.81244233662959,111.6651104867765,111.71502757065443,3214.3040447226012,-0.0006352615594364952,111.8579582346121,111.72745424772387,0.322659561852847
2025-10-02 11:50:00,111.71502757065443,111.75186032703658,111.38144783495426,111.45451610569756,2877.664380331884,-0.0023319285741759677,111.7772698088292,111.70264168935783,0.338202236823465
2025-10-02 12:50:00,111.45451610569756,111.48398569767201,111.38048451089969,111.44346382850124,971.0762789511236,-9.916401400766883e-05,111.71050861276362,111.67908006564359,0.3323079136728485
2025-10-02 13:50:00,111.44346382850124,111.5072599959613,111.1582728414369,111.26906768892222,10111.237826949005,-0.001564884413924772,111.62222042799534,111.64180621321437,0.31826922476679137
2025-10-02 14:50:00,111.26906768892222,111.32313399527551,111.20018994447543,111.30444426964266,6776.71097178447,0.0003179372439727768,111.55866519632481,111.61113694561693,0.297874970053967
2025-10-02 15:50:00,111.30444426964266,111.61525740288052,111.28730017459843,111.60764205744735,1991.518346648577,0.0027240402644674866,111.56846056854933,111.6108192285106,0.28444112202074984
2025-10-02 16:50:00,111.60764205744735,111.70344088278344,111.54779975375227,111.60542384574288,1664.8000813609297,-1.9875087974075e-05,111.57585322398805,111.61032873916808,0.2847126547533299
2025-10-02 17:50:00,111.60542384574288,111.91272246079727,111.52666595094558,111.82591816590597,3225.1202018823546,0.0019756595384454734,111.62586621237163,111.62992777796244,0.276562982070734
2025-10-02 18:50:00,111.82591816590597,112.0924548734611,111.76254165269822,111.99796449141577,4476.9826809594215,0.0015385192299923744,111.70028586818047,111.66338566100364,0.2705679067902125
2025-10-02 19:50:00,111.99796449141577,112.00632623270884,111.8805870312069,111.91833026259503,4143.438367512557,-0.0007110328226263007,111.7438947470634,111.68656244296649,0.26653980175172315
2025-10-02 20:50:00,111.91833026259503,112.08317560748918,111.89753347427096,112.01453234029664,1875.1052659680915,0.0008595739185519591,111.79802226571005,111.71637788817831,0.250809000979893
2025-10-02 21:50:00,112.01453234029664,112.09882754782413,111.72974495756625,111.79280343594979,3130.8829950556005,-0.001979465518574308,111.796978499758,111.72332566524845,0.26720839420277337
2025-10-02 22:50:00,111.79280343594979,112.1153931156093,111.72321388574191,112.01980808208225,3021.3877529176507,0.0020305837151897155,111.84154441622286,111.75027861223334,0.2650354914730205
2025-10-02 23:50:00,112.01980808208225,112.10783059803084,111.98699276415923,112.02393976236804,2923.467616882184,3.688347941799286e-05,111.8780234854519,111.77515689860923,0.2490161293340774
2025-10-03 00:50:00,112.02393976236804,112.04302977805966,111.7412032166413,111.7870353255995,2993.948513471234,-0.0021147661586539135,111.85982585348142,111.77623675560834,0.2600514658744544
2025-10-03 01:50:00,111.7870353255995,111.84960063205476,111.51218670913052,111.60788870868237,3986.0024986765343,-0.0016025706057535283,111.80943842452162,111.76093238770598,0.25769442522030567
2025-10-03 02:50:00,111.60788870868237,111.64797851850766,111.24767681413427,111.29830419416915,3126.0771517198277,-0.002773858712812771,111.70721157845112,111.71887527920262,0.27889446219181074
2025-10-03 03:50:00,111.29830419416915,111.3238190602978,111.00840937724786,111.09203594981105,2652.00082042756,-0.0018532918884213156,111.58417645272311,111.66188988562156,0.2764960713722055
2025-10-03 04:50:00,111.09203594981105,111.14873418161167,110.75083203269885,110.75734991175995,1689.4570941414663,-0.003012691550655422,111.41881114453048,111.57965897890686,0.29613593552311507
2025-10-03 05:50:00,110.75734991175995,110.82487382449166,110.4768651299764,110.54971435821732,2639.3990867148223,-0.0018746887110250299,111.24499178726785,111.48602764975327,0.29756818311119865
2025-10-03 06:50:00,110.54971435821732,110.57404273539457,110.33586634601059,110.44211115286524,1529.296710726013,-0.0009733467515203875,111.08441566038734,111.39112615003617,0.30346355885068527
2025-10-03 07:50:00,110.44211115286524,110.45433880781296,110.25778878347613,110.30839067067679,2768.273029873229,-0.0012107744119755903,110.92921066244523,111.2926956519126,0.28992738131390994
2025-10-03 08:50:00,110.30839067067679,110.56845897162479,110.22517139835419,110.48694655255589,1768.6194297351938,0.0016186971887948154,110.84075784046736,111.21944573378926,0.2908826922073189
2025-10-03 09:50:00,110.48694655255589,110.49562591558117,110.36917202552523,110.41745941082159,4760.351464011205,-0.0006289172060813808,110.75609815453821,111.14653788624673,0.2909337413897473
2025-10-03 10:50:00,110.41745941082159,110.5167237496301,110.17405822049163,110.20309184866488,7511.198663916209,-0.0019414281337440942,110.64549689336354,111.06077006464838,0.30214969824119364
2025-10-03 11:50:00,110.20309184866488,110.27495729395628,110.13942478939657,110.21785581197075,1769.1822673733197,0.00013397049990349075,110.559968677085,110.98414149622313,0.2854675492627529
2025-10-03 12:50:00,110.21785581197075,110.4699645701292,110.19130258808181,110.36397934060818,5309.760823061482,0.0013257700175797194,110.52077080978964,110.92776311843996,0.2773591744184683
2025-10-03 13:50:00,110.36397934060818,110.53018868223003,110.29691006095358,110.45883308013057,3310.5196413079457,0.0008594628436662255,110.50838326385784,110.88513311495728,0.2853906592330994
2025-10-03 14:50:00,110.45883308013057,110.58672532231859,110.43628461503283,110.53812923898772,4549.431045700767,0.0007178797443896379,110.51433245888381,110.85358730805096,0.2745773839379128
2025-10-03 15:50:00,110.53812923898772,110.60613173791859,110.4390893327928,110.45394346752686,1801.2409578203344,-0.0007615993869305449,110.50225466061244,110.8172560498215,0.2624079898094515
2025-10-03 16:50:00,110.45394346752686,110.49153307562345,110.07997177166571,110.15983194190059,2753.035667503035,-0.002662752604326246,110.43377011687008,110.75749022182869,0.26321224692261935
2025-10-03 17:50:00,110.15983194190059,110.30369574421857,110.09359098781671,110.27660705508669,3872.2558368409213,0.0010600516642733648,110.40233750451341,110.71377357030669,0.2556904664477569
2025-10-03 18:50:00,110.27660705508669,110.4708373631143,110.21245285597689,110.45394666881936,3277.417101406127,0.0016081344762819416,110.4126593373746,110.69015294289875,0.245724920606656
2025-10-03 19:50:00,110.45394666881936,110.52364122922602,110.42065834764792,110.46404820315816,3270.2447961086596,9.145471613702938e-05,110.42293711053132,110.6695979665587,0.22822307682543044
2025-10-03 20:50:00,110.46404820315816,110.5219634409625,110.41415595537933,110.49016953799713,6852.261060527464,0.00023646910704311352,110.4363835960245,110.65328629123492,0.2189110122682294
2025-10-03 21:50:00,110.49016953799713,110.58048453041727,110.1976357193575,110.29307712655489,4209.872433529707,-0.001783800425561477,110.40772230213058,110.62054000353673,0.23221806846272436
2025-10-03 22:50:00,110.29307712655489,110.40562942180797,110.22889228606145,110.34608515652167,4918.530413189321,0.0004806106724717374,110.3953948730088,110.595589562899,0.22032160863957578
2025-10-03 23:50:00,110.34608515652167,110.35845242029443,110.03336927020402,110.12060348919648,2141.4155710110667,-0.0020434043220051157,110.34043659624633,110.55240901074421,0.23450941292775188
2025-10-04 00:50:00,110.12060348919648,110.2129869786612,110.07980665478354,110.08017798502085,1115.02972319653,-0.000367102094383287,110.28838487400124,110.50947891749664,0.21954618398055153
2025-10-04 01:50:00,110.08017798502085,110.12272207362959,110.00897582645769,110.0098676825457,3284.187954399821,-0.0006387190115618724,110.23268143571013,110.46405971431928,0.21799002273856566
2025-10-04 02:50:00,110.0098676825457,110.44254689914443,109.95766845624989,110.36746534748416,6582.898369584083,0.0032505962644220343,110.25963821806495,110.45527840824336,0.23271976994193316
2025-10-04 03:50:00,110.36746534748416,111.0227689549834,110.26693166291999,110.94664989083472,4853.278520213824,0.005247783316641774,110.3970405526189,110.49994854302439,0.2700453892838591
2025-10-04 04:50:00,110.94664989083472,111.02139282751648,110.94595916995696,110.98197344542781,1204.3021561732498,0.000318383246613152,110.5140271311807,110.54376898869742,0.2646877428748421
2025-10-04 05:50:00,110.98197344542781,111.0652355848147,110.94921216622724,110.9644727480799,1030.1647467138614,-0.00015768954907369181,110.60411625456054,110.58201478500492,0.2610435295506761
2025-10-04 06:50:00,110.9644727480799,111.18150523123535,110.87425816768878,111.11337184401438,2641.282605598914,0.0013418627804642203,110.70596737245131,110.63031997218759,0.25359251237844965
2025-10-04 07:50:00,111.11337184401438,111.12675130619249,111.10652456275766,111.111136701892,3476.017446355072,-2.011586981198743e-05,110.78700123833946,110.6740305839789,0.24002979716651904
2025-10-04 08:50:00,111.111136701892,111.16950396759425,110.94603437833784,110.95046401559523,5847.709195786812,-0.0014460538436200654,110.81969379379062,110.69916089594402,0.23753587446073357
2025-10-04 09:50:00,110.95046401559523,111.00025456619551,110.92030935027668,110.95428989387281,1794.1106492018428,3.4482760496112874e-05,110.84661301380706,110.72235444121027,0.23589032691364256
2025-10-04 10:50:00,110.95428989387281,111.04445900394937,110.77913400257818,110.88937253568515,1974.8621359801225,-0.000585082003136117,110.85516491818268,110.73753790434435,0.24714157804135897
2025-10-04 11:50:00,110.88937253568515,111.1420227050755,110.86583586804535,111.08295826250185,2466.8933398264858,0.0017457554532955832,110.90072358704651,110.76893975508594,0.2395228656106728
2025-10-04 12:50:00,111.08295826250185,111.13462205243559,110.7417376053593,110.77351477418492,3513.1255601221164,-0.002785697222661976,110.8752818244742,110.76935566591311,0.2549619592770845
2025-10-04 13:50:00,110.77351477418492,110.94912078800895,110.72283782640069,110.9068745123782,3108.1467700315934,0.0012038955201985058,110.88160036205501,110.78185737922811,0.2479048029569313
2025-10-04 14:50:00,110.9068745123782,110.93051582184502,110.745701123135,110.84696027941365,5873.659279898871,-0.0005402210929481566,110.87467234552675,110.78777582469952,0.25159297258781316
2025-10-04 15:50:00,110.84696027941365,110.94647911937872,110.66036437374176,110.6673644078422,1963.1342181507036,-0.0016202146736251644,110.83321075798985,110.77682933225795,0.26390500819246043
2025-10-04 16:50:00,110.6673644078422,110.70801836586928,110.31630141380376,110.3832276830635,3581.5318682217867,-0.0025674843374020595,110.74321414300458,110.74104736414935,0.2572506159903877
2025-10-04 17:50:00,110.3832276830635,110.39994258876585,110.13431769909823,110.1404869146682,1694.8481735710868,-0.002199072934270907,110.6226686973373,110.68645095965107,0.22223544439068782
2025-10-04 18:50:00,110.1404869146682,110.21467319085474,110.04969978461577,110.12756088807585,5575.468257691597,-0.0001173594465980754,110.52364713548502,110.63564277132605,0.2286311407249347
2025-10-04 19:50:00,110.12756088807585,110.74113542796971,110.08208583434437,110.66401583100654,1231.240599055393,0.0048712142410554105,110.55172087458934,110.63822214038791,0.2674187246562119
2025-10-04 20:50:00,110.66401583100654,110.94030407866444,110.62245213607966,110.85763726431588,4493.7765087193075,0.001749633174391807,110.61290415253465,110.6581689698359,0.26817621601608416
2025-10-04 21:50:00,110.85763726431588,111.03860789765939,110.75952975388827,111.01925216907745,3018.2497748566734,0.0014578599070826925,110.69417375584322,110.69099471522149,0.2866656017543901
2025-10-04 22:50:00,111.01925216907745,111.07724429500813,110.97116311536394,110.9818719104543,9390.0600598401,-0.00033670068832936106,110.75171338676545,110.71743809660629,0.2782807153535174
2025-10-04 23:50:00,110.9818719104543,111.18163700952216,110.88011003554955,111.10650012284592,2784.702748729348,0.0011229600856992317,110.82267073398154,110.75280737171897,0.2941079837859308
2025-10-05 00:50:00,111.10650012284592,111.17538177004002,110.87228534015756,110.93169242665317,3375.5688898465555,-0.0015733345573792912,110.84447507251588,110.76906964944025,0.2968059429653067
2025-10-05 01:50:00,110.93169242665317,110.99722754974131,110.57615211597019,110.6341054736151,2198.766857447597,-0.002682614377625625,110.80240115273573,110.7568001789107,0.30715512844680454
2025-10-05 02:50:00,110.6341054736151,110.67964740956958,110.50723210964543,110.50818972150469,1534.3569316487574,-0.0011381278094252378,110.74355886648952,110.73419922823742,0.2914073322216524
2025-10-05 03:50:00,110.50818972150469,110.54373700621441,110.387250261834,110.49106554747519,2880.935230036806,-0.00015495841595680737,110.69306020268667,110.71209616634994,0.28642188813394903
2025-10-05 04:50:00,110.49106554747519,110.53157124511024,110.36163633952468,110.36799894844007,1414.9615790093203,-0.0011138149354006366,110.62804795183736,110.6808146010854,0.2853590457679169
2025-10-05 05:50:00,110.36799894844007,110.56506703442821,110.3218803830765,110.46327455767093,2439.45146725471,0.0008632539335551304,110.59509327300408,110.66103823350227,0.28229275331896986
2025-10-05 06:50:00,110.46327455767093,110.50421085345634,110.03892954615552,110.07606393946372,5063.205240724301,-0.0035053335124973772,110.49128740629601,110.60785875222604,0.2875473501214917
2025-10-05 07:50:00,110.07606393946372,110.08820727192106,109.67602484759927,109.73886112757165,998.0624215358481,-0.0030633618229437554,110.34080215055114,110.52885896816655,0.298015745453933
2025-10-05 08:50:00,109.73886112757165,109.7832072383842,109.38408406519339,109.41565952014174,5616.410926427082,-0.0029451882779627514,110.15577362446926,110.4276590183461,0.31474072880763515
2025-10-05 09:50:00,109.41565952014174,109.51774216146228,109.34568796709348,109.35200882596916,1782.2115848263998,-0.000581732948023439,109.99502066476924,110.32987263722093,0.27995534314645354
2025-10-05 10:50:00,109.35200882596916,109.44856644984117,109.34719604087493,109.4257448145483,4075.509376043691,0.0006742993509747386,109.88116549472505,110.24767919879615,0.26449237645941437
2025-10-05 11:50:00,109.4257448145483,109.90441465926538,109.3772672542583,109.8218772811042,3713.5051812435945,0.0036201029952069863,109.86930785200089,110.20896993355143,0.2822116094048407
2025-10-05 12:50:00,109.8218772811042,109.84577975345466,109.58160869980105,109.64796156007893,8693.564044086823,-0.001583616355237738,109.8250385936165,110.15796917232666,0.29350374326265644
2025-10-05 13:50:00,109.64796156007893,109.66649009544777,109.56769506731933,109.56823449880484,2338.477762357277,-0.0007271184994205315,109.77367777465417,110.10435692927922,0.2790228899880723
2025-10-05 14:50:00,109.56823449880484,109.80547878712284,109.47652638929891,109.75800214085977,2596.3610450151646,0.0017319585637478596,109.7705426478953,110.07287013033199,0.2808697448410342
2025-10-05 15:50:00,109.75800214085977,109.85154080342167,109.63577392601448,109.7380507141164,3068.1933792645914,-0.00018177651154560603,109.76404426113952,110.04243200158511,0.2662048479578963
2025-10-05 16:50:00,109.7380507141164,109.77837632054008,109.7228153689327,109.74711070794999,3730.8941227356027,8.256018559316125e-05,109.76065755050162,110.01558461125464,0.2578581087924121
2025-10-05 17:50:00,109.74711070794999,109.79314880763063,109.17295488094192,109.18816740792599,3211.740677930577,-0.005093011528216063,109.6461595219865,109.94036486549749,0.29098005038586194
2025-10-05 18:50:00,109.18816740792599,109.37176498956754,109.14636780942504,109.37069046798025,3468.5891549436296,0.0016716377276702055,109.59106571118527,109.88857628390501,0.29494164142564266
2025-10-05 19:50:00,109.37069046798025,109.3754736394237,108.93980441432862,109.03330614195087,2575.4654745143425,-0.003084778239816899,109.4795137973384,109.81082445281827,0.3086903966930267
2025-10-05 20:50:00,109.03330614195087,109.25587538436442,108.94920220951524,109.23899825713484,5798.751941279634,0.0018865071826417168,109.43141068929769,109.75884025321068,0.2973612443750519
2025-10-05 21:50:00,109.23899825713484,109.32334450982036,109.1143922676729,109.12766097503797,7013.400916832242,-0.0010192081937148156,109.37066074644575,109.70146031883134,0.2828448027911707
2025-10-05 22:50:00,109.12766097503797,109.1358373166597,108.83663877043506,108.8918582012821,2183.500065558979,-0.002160797470128095,109.27490023741304,109.62786012632687,0.2757073294364452
2025-10-05 23:50:00,108.8918582012821,108.98584702958719,108.80668838180584,108.8296732318713,2589.7666553249283,-0.0005710708811292875,109.1858548363047,109.55529768137636,0.2762147903944846
2025-10-06 00:50:00,108.8296732318713,108.9145341358411,108.7465342900752,108.75459975926307,3933.904947783339,-0.0006898253976034274,109.09960382089638,109.48250696118424,0.2809740358801745
2025-10-06 01:50:00,108.75459975926307,108.82699262652699,108.49550389174999,108.58029138713002,4828.9755978019475,-0.0016027678141329327,108.9957413341431,109.40048736354295,0.26699841657802537
2025-10-06 02:50:00,108.58029138713002,108.86145358925656,108.49033198457295,108.79658492170046,5216.886234343823,0.001992014681552856,108.95591005165458,109.34558714155726,0.2746377416515965
2025-10-06 03:50:00,108.79658492170046,109.00296961669642,108.68905053574596,108.94528554239389,3505.316061160854,0.001366776547264248,108.95378514980246,109.30919608708786,0.29000374542459795
2025-10-06 04:50:00,108.94528554239389,109.0691817817001,108.88526738382582,109.02883543250033,1623.3774990536401,0.0007668977109975827,108.96879520634204,109.28370875485263,0.2796438882853372
2025-10-06 05:50:00,109.02883543250033,109.07482836762432,108.98361267625995,109.02224342702831,2099.482719112378,-6.0461119720023326e-05,108.9794848504793,109.25993917959586,0.27074737499656415
2025-10-06 06:50:00,109.02224342702831,109.11963801908611,108.71866022092514,108.79096271562547,5702.587703133434,-0.002121408477139375,108.94178042350853,109.21730495559855,0.29542000689324915
2025-10-06 07:50:00,108.79096271562547,108.9044005643575,108.73859928228228,108.88324048754492,3897.9111853506806,0.000848211741270033,108.93007243631581,109.18693545850276,0.2629633894208569
2025-10-06 08:50:00,108.88324048754492,108.9798839980376,108.81170958136903,108.94560518688345,1201.928468222232,0.0005727667459132224,108.93317898642934,109.164996342901,0.258876049172719
2025-10-06 09:50:00,108.94560518688345,109.11285762003763,108.88175792475852,109.02383688552516,2076.657932915836,0.0007180803531037228,108.95131056624851,109.15216366495774,0.2442639399001497
2025-10-06 10:50:00,109.02383688552516,109.03976265604423,108.83066059217059,108.85516784914063,6183.645493184296,-0.0015470840249516282,108.93208202282693,109.125164045338,0.2372945748304685
2025-10-06 11:50:00,108.85516784914063,109.05009348851358,108.79766543629937,108.94678101631293,3035.271104543821,0.0008416060439064843,108.93502182152413,109.10894740633572,0.24039998983523653
2025-10-06 12:50:00,108.94678101631293,109.12012821126595,108.9257276370836,109.07361915054605,1547.012165802025,0.0011642210357196703,108.96274128732853,109.10573574671847,0.23291442040364427
2025-10-06 13:50:00,109.07361915054605,109.60269483279006,109.0559244046276,109.58243571898049,1517.2817670880715,0.0046648912211499916,109.08668017365892,109.14907210783319,0.25917240471658076
2025-10-06 14:50:00,109.58243571898049,109.86784011085372,109.5056042346333,109.80997499791371,2527.430248439204,0.00207642107460293,109.23133913850988,109.2091541887496,0.27304640689190457
2025-10-06 15:50:00,109.80997499791371,109.85515695936859,109.757896504147,109.8463096130579,3903.6707233183115,0.00033088628919974994,109.3543332334195,109.26707740914125,0.2563158154950896
2025-10-06 16:50:00,109.8463096130579,109.89440971620056,109.6936062428658,109.74662191401816,1449.8966830137058,-0.0009075197827845827,109.43279096953924,109.31067236413006,0.24415023468445746
2025-10-06 17:50:00,109.74662191401816,110.02286486784017,109.72088728711887,109.93554994521213,1522.058929365089,0.0017214929070161755,109.53334276467382,109.3674794169557,0.24329727038237486
2025-10-06 18:50:00,109.93554994521213,110.00531075529327,109.65676237412293,109.7046641016959,2718.0372954838817,-0.0021001927368471396,109.56760703207824,109.3981325701139,0.2550568406178075
2025-10-06 19:50:00,109.7046641016959,109.78080204259969,109.44287109301366,109.52520392105856,4195.450037947362,-0.001635848230399528,109.55912640987431,109.40968451110886,0.27267935906221147
2025-10-06 20:50:00,109.52520392105856,109.76283758062124,109.45576281554492,109.72803713214357,860.0913516677635,0.0018519318277754326,109.59290855432816,109.43862565847566,0.26597199955616546
2025-10-06 21:50:00,109.72803713214357,109.74111575364743,109.46022442856538,109.48300550621337,9147.656364347216,-0.0022330812829095548,109.5709279447052,109.44266019008818,0.2741927169137962
2025-10-06 22:50:00,109.48300550621337,109.502186770899,109.26160381801702,109.26784434646564,6770.288257164253,-0.0019652471061869514,109.5103112250573,109.42676784066795,0.2793647552147545
2025-10-06 23:50:00,109.26784434646564,109.46170041359498,109.21780029706949,109.35357797255404,2616.1665132213193,0.0007846189938236492,109.47896457455664,109.42011421629395,0.28027907101806754
2025-10-07 00:50:00,109.35357797255404,109.4296783849566,109.11894948200765,109.13543223573836,3523.527274972882,-0.001994866019568442,109.410258106793,109.39423403624345,0.28753813095201813
2025-10-07 01:50:00,109.13543223573836,109.16946455259588,108.93527406270114,108.98682603359882,3518.4494544746035,-0.0013616677837363644,109.32557169215417,109.35719694509393,0.2862354479291988
2025-10-07 02:50:00,108.98682603359882,109.03832521319171,108.6341764871278,108.70689290384644,5089.230357061423,-0.002568504285702211,109.20183593449264,109.2980783958896,0.30121745877788136
2025-10-07 03:50:00,108.70689290384644,108.9638794182053,108.64960494849186,108.94837338871672,3842.045172053307,0.002221390736315776,109.15114342533745,109.26628703160115,0.28461060460295123
2025-10-07 04:50:00,108.94837338871672,108.96365682068053,108.60800563456569,108.68282622359781,5649.8598419738,-0.0024373669551858157,109.05747998498953,109.21324513996449,0.28414026959540956
2025-10-07 05:50:00,108.68282622359781,108.85207088765407,108.65619336378495,108.74963930468265,2057.4885622064053,0.0006147528860482865,108.99591184892816,109.17109915493886,0.29118434592737585
2025-10-07 06:50:00,108.74963930468265,108.78485306466993,108.15650170642985,108.21636901015286,1162.2764523894164,-0.004903651156356714,108.84000328117311,109.08430550541286,0.32172348056347033
2025-10-07 07:50:00,108.21636901015286,108.40039307550678,108.12899757923236,108.34138773938031,1889.5404673983055,0.001155266346219097,108.74028017281455,109.01676752668263,0.319539045960122
2025-10-07 08:50:00,108.34138773938031,108.37329443329256,107.81260872209627,107.8692880632233,2085.932160473454,-0.004357519190105519,108.5660817508963,108.91245121182268,0.33469171239054724
2025-10-07 09:50:00,107.8692880632233,107.89994424144601,107.43564317253875,107.4739885569301,4329.626047639299,-0.003664615882710831,108.34766311210306,108.78168187955971,0.3437181494849213
2025-10-07 10:50:00,107.4739885569301,107.4912682275554,107.35569145538322,107.37083132893204,1224.5083565369596,-0.0009598343690706557,108.15229675546887,108.65342273859356,0.33146829284891055
2025-10-07 11:50:00,107.37083132893204,107.38262193629689,107.26459472607726,107.37897574957908,3577.136008879967,7.585319538128132e-05,107.99763255429092,108.53756392141042,0.31983514178730843
2025-10-07 12:50:00,107.37897574957908,107.56233908402353,107.36098329961135,107.49158983830955,2846.977072517207,0.0010487536125609598,107.89642401109465,108.44247536840125,0.3170332011823232
2025-10-07 13:50:00,107.49158983830955,107.62987682326059,107.44977535858803,107.53645996064056,1798.0351507934306,0.0004174291439775768,107.82443120100383,108.3601103313321,0.3124761546213993
2025-10-07 14:50:00,107.53645996064056,107.62524864198211,107.25425015949342,107.27307991875288,3544.6296873264464,-0.002449216219169492,107.71416094455365,108.26128938473398,0.31678112458852326
2025-10-07 15:50:00,107.27307991875288,107.27649797726029,106.93601059138145,107.00562095478368,3809.8238894709884,-0.002493253332259804,107.57245294659967,108.14713770928395,0.3243737600159591
2025-10-07 16:50:00,107.00562095478368,107.02316959200787,106.9210011036802,107.01320789915276,6386.325696909286,7.09022974809681e-05,107.46060393711029,108.0440531810902,0.30280374303479973
2025-10-07 17:50:00,107.01320789915276,107.03324084417335,106.79142385170502,106.89643836612,1475.3577519521598,-0.0010911693549342516,107.34777082291224,107.93972456154745,0.29762820894586334
2025-10-07 18:50:00,106.89643836612,107.05089644476115,106.84552224877146,106.9859882835337,3215.0874103477736,0.0008377259222331901,107.27541431503654,107.8530212635462,0.2868941382226384
2025-10-07 19:50:00,106.9859882835337,107.28039598014176,106.8911745127645,107.2536577143741,3356.5934590624756,0.0025019110926098875,107.27106299490406,107.79853366816691,0.3007044199017922
2025-10-07 20:50:00,107.2536577143741,107.42174944592011,107.15441356490368,107.37000350487995,5950.636419909377,0.0010847722398026338,107.29085109689925,107.75957638059536,0.27491760010010324
2025-10-07 21:50:00,107.37000350487995,107.42453029717178,107.231372621354,107.29342596801065,2046.3947118671974,-0.0007132116454277027,107.29136607112153,107.71719907036038,0.2693291843532007
2025-10-07 22:50:00,107.29342596801065,107.30716205280136,106.98758392614386,107.05092499315403,2373.2050835930277,-0.0022601662000142353,107.24327785552804,107.65662869970525,0.25210721402900205
2025-10-07 23:50:00,107.05092499315403,107.08111720181229,106.8333507738653,106.91277481012106,845.1692050344365,-0.0012905090081360981,107.17717724644665,107.58900561883397,0.23664045396041086
2025-10-08 00:50:00,106.91277481012106,107.21331129618372,106.89083924429328,107.14759726430651,5945.986244566267,0.002196392850176254,107.17126125001863,107.54887758660419,0.24999011679743027
2025-10-08 01:50:00,107.14759726430651,107.28535799055497,107.07570945572411,107.26798611139216,4390.13967168347,0.0011235795310340357,107.19060622229334,107.52334199794855,0.2565344971268045
2025-10-08 02:50:00,107.26798611139216,107.3606251715263,107.2599088696367,107.32813914397596,2981.8523361364573,0.0005607733934831494,107.21811280662988,107.50559628395104,0.24934596266090484
2025-10-08 03:50:00,107.32813914397596,107.34432779080306,107.25014753147839,107.31992830084143,2193.6093135908677,-7.650224069866152e-05,107.23847590547219,107.48871737639561,0.24320873370748433
2025-10-08 04:50:00,107.31992830084143,107.40395591278545,107.1369056509141,107.21653959274688,2689.460657211787,-0.0009633691499002506,107.23408864292713,107.46397394151845,0.23578386080624572
2025-10-08 05:50:00,107.21653959274688,107.38071847179003,107.12117935501988,107.27688349762533,3270.195774002924,0.0005628227240652706,107.24264761386678,107.44696571934634,0.23000184158419654
2025-10-08 06:50:00,107.27688349762533,107.60721037759795,107.27306675816185,107.54173669763279,1793.420818987595,0.002468874853297942,107.30246543061999,107.45558126282693,0.2465714938062271
2025-10-08 07:50:00,107.54173669763279,107.5958003290333,107.42501268694589,107.43386876781311,1407.7164482666492,-0.0010030331769976808,107.32874609805862,107.45360739964384,0.24149796877901814
2025-10-08 08:50:00,107.43386876781311,107.54153954312554,107.32901209543263,107.478719294345,4068.519586974293,0.00041747101771805184,107.3587407373159,107.45589029916212,0.2420089153292478
2025-10-08 09:50:00,107.478719294345,107.49376595896497,107.138760449877,107.17916154223019,3753.593675861024,-0.002787135482089531,107.32282489829876,107.43073313944103,0.2395649183085839
2025-10-08 10:50:00,107.17916154223019,107.25750101806115,107.1066705481573,107.20040905065122,7692.901960976969,0.00019824290575987114,107.29834172876926,107.40979458591468,0.2312431032291136
2025-10-08 11:50:00,107.20040905065122,107.47019838284736,107.19070715121926,107.39381204677466,2122.222797018459,0.001804125542394619,107.31743579237035,107.40834162781104,0.2374097857869931
2025-10-08 12:50:00,107.39381204677466,107.46480104120097,106.8154646591259,106.90836976304298,2366.7330296105006,-0.004520207211941019,107.23562258650487,107.36288964010485,0.26096394688824837
2025-10-08 13:50:00,106.90836976304298,106.96868973604826,106.65516299299102,106.74139123160398,2160.133017582066,-0.0015618845541195414,107.1367763155247,107.30638978478659,0.26566111225326644
2025-10-08 14:50:00,106.74139123160398,106.96204613437978,106.66306570382713,106.96077921458154,4205.147109417838,0.0020553224990438324,107.10157689533608,107.27497064204067,0.26398313930056666
2025-10-08 15:50:00,106.96077921458154,107.08716776533788,106.89306382247588,107.08476408730765,5750.545621532804,0.0011591620184197016,107.0982143337304,107.25767913706494,0.26287281130279083
2025-10-08 16:50:00,107.08476408730765,107.10706575168648,106.60369317248609,106.68100006362933,13080.53132230056,-0.0037705085977415287,107.01477147971019,107.2052537667526,0.29163397396784774
2025-10-08 17:50:00,106.68100006362933,106.74486704809203,106.36803463856201,106.46468298551157,3232.819792575923,-0.0020277001339388256,106.90475378087048,107.13792915027615,0.31182341326822993
2025-10-08 18:50:00,106.46468298551157,106.60524501531114,106.39304883585163,106.54407983130952,1243.0507607703282,0.0007457575937059868,106.8326189909583,107.08394284855191,0.3079052645245274
2025-10-08 19:50:00,106.54407983130952,106.6247976247172,106.47606977064667,106.55101775651453,3829.8717246600945,6.511788562990617e-05,106.77629874406955,107.03549511291214,0.29999017433169683
2025-10-08 20:50:00,106.55101775651453,107.06295649652172,106.51479395194163,107.05025174063694,2854.45011988365,0.004685398550234865,106.83108934338303,107.03683662452349,0.3152772404134104
2025-10-08 21:50:00,107.05025174063694,107.11632160208792,106.92579572750054,106.98646877559419,2531.515715699096,-0.0005958226534327205,106.86216522982527,107.03225772916628,0.31668711416340856
2025-10-08 22:50:00,106.98646877559419,107.00844927496657,106.77221414046454,106.81027323086765,2343.2626138356436,-0.0016468956003783397,106.85178683003375,107.01207732023003,0.31838052036405984
2025-10-08 23:50:00,106.81027323086765,106.91696794824904,106.73694078920029,106.90900658140244,3780.7141544814517,0.0009243806569183555,106.86323078030749,107.00270725306389,0.3058820667898295
2025-10-09 00:50:00,106.90900658140244,106.94447827473883,106.73778126929629,106.77146720774951,3628.569883510157,-0.0012865087615251403,106.8448780657959,106.98168543076258,0.3098725336140212
2025-10-09 01:50:00,106.77146720774951,107.00443960235815,106.76227623464713,106.92817299656336,3886.811393720217,0.0014676747722210948,106.8615370519494,106.9768206640172,0.30720625761994363
2025-10-09 02:50:00,106.92817299656336,107.09064587868333,106.91931059149218,107.007652582181,2319.904890265335,0.0007432988275239971,106.89076015799573,106.97962356566845,0.2730633222710921
2025-10-09 03:50:00,107.007652582181,107.2447622736479,107.00407607492613,107.18685982758667,2107.7455048305646,0.0016747142945505722,106.94998009191393,106.99846322584283,0.2678604262471294
2025-10-09 04:50:00,107.18685982758667,107.22025740714916,107.00615455968243,107.07426070268886,2354.996523857545,-0.0010504937366290212,106.97483621406893,107.0053539055561,0.2617977417409928
2025-10-09 05:50:00,107.07426070268886,107.50198399423395,107.00525906653205,107.42881428614783,4431.438811314687,0.003311286775478539,107.06563182848471,107.04385030379171,0.28341352637241457
2025-10-09 06:50:00,107.42881428614783,107.50176579043816,107.42223853098241,107.47548896122088,1221.034922892646,0.0004344707272736503,107.14760325503195,107.08309018173982,0.25313886067636865
2025-10-09 07:50:00,107.47548896122088,107.47701547884398,107.41066353955719,107.44389921977049,2644.4851243747935,-0.00029392507776160315,107.20686244797966,107.11589100337896,0.23096168423042332
2025-10-09 08:50:00,107.44389921977049,107.53344326107431,107.36039851657333,107.42429473268682,2279.963765936993,-0.00018246254302045628,107.2503489049211,107.14392770604331,0.22816515316195712
2025-10-09 09:50:00,107.42429473268682,107.54755519986736,107.41266025128778,107.49079229196967,4231.186906565541,0.0006190178809022395,107.29843758233082,107.17546085021843,0.2271770884840326
2025-10-09 10:50:00,107.49079229196967,107.58999365631149,107.25789696437924,107.30589192970233,3990.2754692683584,-0.0017201507061657129,107.29992845180513,107.1873182210806,0.21174381329490086
2025-10-09 11:50:00,107.30589192970233,107.39368500994287,107.21677723525575,107.30122912432157,2641.5188761361337,-4.345339567946027e-05,107.30018858630842,107.19767375773887,0.210771091873454
2025-10-09 12:50:00,107.30122912432157,107.3265918775929,107.18094064265033,107.20932864968775,4290.093456684255,-0.0008564717793432264,107.2820165989843,107.19873329337058,0.20430081333349343
2025-10-09 13:50:00,107.20932864968775,107.2672787457082,106.97990271849623,106.98276631508156,3875.889934385323,-0.0021132707149625896,107.22216654220377,107.17909993170794,0.21196858963086587
2025-10-09 14:50:00,106.98276631508156,107.13416789950435,106.95725446364924,107.12795916476472,6245.701303871314,0.0013571611081315549,107.20332506671596,107.17445077107674,0.20984119180319283
2025-10-09 15:50:00,107.12795916476472,107.23482223940916,106.85195607215678,106.88423086458498,2422.3971284361232,-0.002275113817905239,107.13950622628977,107.14806714321385,0.21989139177043274
2025-10-09 16:50:00,106.88423086458498,106.92911242476735,106.79843602967328,106.8706596160071,1875.5563681847575,-0.00012697147622331428,107.08573690423324,107.12284827710414,0.21698718519206953
2025-10-09 17:50:00,106.8706596160071,106.89561704533455,106.52811773258355,106.61861816106679,2321.711008530732,-0.0023583783972692673,106.99231315559996,107.0770091756462,0.22604526476558615
2025-10-09 18:50:00,106.61861816106679,106.66527591295616,106.3867879902751,106.46748257528131,2081.2393176077567,-0.001417534651941943,106.88734703953624,107.02159766652211,0.230644198709467
2025-10-09 19:50:00,106.46748257528131,106.52652707130665,106.31516353566532,106.38693481962001,2581.111305131454,-0.0007565479497868566,106.787264595553,106.96390104407647,0.21026124213371133
2025-10-09 20:50:00,106.38693481962001,106.67141782784466,106.29017886043624,106.6619207297377,2766.6580532129365,0.002584771434424038,106.76219582238994,106.93644828822748,0.2318120784160454
2025-10-09 21:50:00,106.6619207297377,106.8123659085614,106.62290474473241,106.7745672900825,4266.767665540181,0.0010561084928353281,106.76467011592845,106.92173183385066,0.2406055944547743
2025-10-09 22:50:00,106.7745672900825,106.84894026666683,106.66733674805894,106.76312706417023,2627.5430198932495,-0.0001071437347170967,106.76436150557682,106.90731321842516,0.24121693546241016
2025-10-09 23:50:00,106.76312706417023,106.8661187375273,106.58037752725987,106.6258391296513,2083.0293010063297,-0.001285911515465643,106.73665703039171,106.88172466490026,0.25199166844011345
2025-10-10 00:50:00,106.6258391296513,106.77659566363667,106.60665033767725,106.71518458795224,4137.552898533618,0.0008379343977991116,106.73236254190383,106.86658465790498,0.24040942801348258
2025-10-10 01:50:00,106.71518458795224,106.72619668674257,106.63594052284337,106.68139992836039,5677.529694963378,-0.0003165871822486954,106.72217001919515,106.84974968249183,0.23422002724291652
2025-10-10 02:50:00,106.68139992836039,106.7065471602951,106.55594874278063,106.65676152225333,7009.008519398633,-0.0002309531570039436,106.7090883198068,106.83220530428832,0.23457339742662345
2025-10-10 03:50:00,106.65676152225333,106.83476074106893,106.5877811970914,106.77291640637168,3349.7136426842717,0.0010890531688805272,106.72185393711977,106.82681540447771,0.23168793433844975
2025-10-10 04:50:00,106.77291640637168,106.80951937803692,106.5729624906823,106.61772162471634,2976.9478405829827,-0.001453503256056754,106.70102747463909,106.80780687904486,0.2359481808741291
2025-10-10 05:50:00,106.61772162471634,106.94462045738342,106.54270694234403,106.89292823381722,4837.374506219135,0.0025812463904413274,106.73940762647472,106.81554518402416,0.2373087057160593
2025-10-10 06:50:00,106.89292823381722,107.4293382752403,106.8163728045493,107.34316402807463,4908.785666677459,0.004212026012352821,106.86015890679471,106.86351053348329,0.2717579254015539
2025-10-10 07:50:00,107.34316402807463,107.56145512398764,107.23975275834623,107.49172537661629,5857.20533097819,0.0013839851832837535,106.98647220075902,106.92062097376811,0.2684867148937268
2025-10-10 08:50:00,107.49172537661629,107.8282550953257,107.45393279851753,107.79324117751227,4090.839794770109,0.002805014058892219,107.14782599610967,106.9999500831994,0.27533202733137735
2025-10-10 09:50:00,107.79324117751227,107.91021490299042,107.75790099429071,107.83146559810115,2754.517194404873,0.0003546086950472205,107.28455391650797,107.07554240273592,0.2711141968355477
2025-10-10 10:50:00,107.83146559810115,108.07831272940165,107.75113553457257,108.04822809482017,2040.1763351751779,0.0020101970748216402,107.43728875217042,107.16396837474358,0.26725264165130874
2025-10-10 11:50:00,108.04822809482017,108.06353110285177,107.85542166647373,107.85718247650158,1183.1120962340956,-0.0017681513310050523,107.52126749703666,107.22698783853976,0.26858466111909757
2025-10-10 12:50:00,107.85718247650158,108.20366079032868,107.77831396607789,108.09742103186515,1118.903724235741,0.002227376516310553,107.63649820400236,107.30611812884206,0.2859948972364482
2025-10-10 13:50:00,108.09742103186515,108.30364577816415,108.04034784598667,108.25653424417835,1990.4751650012033,0.0014719427234650695,107.76050541203757,107.39251959387262,0.2843918059443088
2025-10-10 14:50:00,108.25653424417835,108.52710290790107,108.18628632298704,108.50147603830742,3112.670590433151,0.002262605170571863,107.90869953729155,107.49333381609397,0.2965968958696377
2025-10-10 15:50:00,108.50147603830742,108.55509071070709,108.40964113573853,108.50041556599098,3934.3707833223375,-9.773805437096605e-06,108.02704274303144,107.58488670244823,0.3005392823745926
2025-10-10 16:50:00,108.50041556599098,108.65415305986177,108.42477425250549,108.55615605860274,5605.542412979522,0.0005137352914363902,108.13286540614571,107.67318391664409,0.30616645307757906
2025-10-10 17:50:00,108.55615605860274,108.81362176722314,108.45449894372416,108.73212938041506,2709.5394295746796,0.001621034938979582,108.25271820099958,107.76945168607782,0.314176687329111
2025-10-10 18:50:00,108.73212938041506,108.97385186124615,108.68948794525447,108.92507067000116,4223.841170128537,0.0017744643711619101,108.3871886947999,107.87450795734357,0.31759147508890045
2025-10-10 19:50:00,108.92507067000116,108.93081126060046,108.76930498996764,108.80789090466048,2396.434291522634,-0.0010757832390643207,108.47132913677203,107.95936095255419,0.3004195290598598
2025-10-10 20:50:00,108.80789090466048,108.91046354238644,108.72833707670226,108.8749667209868,1667.4478482026107,0.0006164609548868771,108.55205665361498,108.04259784059352,0.26964531441651574
2025-10-10 21:50:00,108.8749667209868,109.18326713275684,108.79805282213525,109.10788273780912,3844.275181761004,0.002139298167770809,108.66322187045381,108.13944192215857,0.2741818819150999
2025-10-10 22:50:00,109.10788273780912,109.12836567751525,109.08737740833706,109.11488340263134,6239.290569080689,6.416277767051781e-05,108.75355417688932,108.22811842038337,0.2503723085129579
2025-10-10 23:50:00,109.11488340263134,109.20228480449394,108.70808499161127,108.74559129700094,3144.7527606902486,-0.003384433856449376,108.75196160091166,108.27516140916678,0.2747927302403121
2025-10-11 00:50:00,108.74559129700094,108.83494542182774,108.65201651594882,108.71068972028897,5173.184443329413,-0.00032094704985929923,108.74370722478713,108.31475489199607,0.26448928102958696
2025-10-11 01:50:00,108.71068972028897,108.75523965819441,108.58710119168244,108.69217336878603,2234.9007017727135,-0.000170326869883497,108.73340045358691,108.34906566261334,0.2616342117534397
2025-10-11 02:50:00,108.69217336878603,108.83687247599961,108.60604500368608,108.7729926234895,2643.0954062758738,0.0007435609409451871,108.74131888756743,108.38760447723844,0.24773997232934977
2025-10-11 03:50:00,108.7729926234895,108.96759042543854,108.71510248841687,108.9186850810946,2898.815369007862,0.0013394175713212775,108.77679212627287,108.43588453213445,0.24696782981822046
2025-10-11 04:50:00,108.9186850810946,108.9768537933485,108.8042238537769,108.86656199044116,2031.2679911501116,-0.0004785504949369468,108.79474609910653,108.47503702834415,0.23495449800804685
2025-10-11 05:50:00,108.86656199044116,109.02982944885098,108.85218317843886,108.93485307281261,2845.1680954627664,0.0006272916230922743,108.82276749384775,108.51683848693219,0.23725426196830007
2025-10-11 06:50:00,108.93485307281261,108.98696812408876,108.80486590039763,108.83505250702035,1995.9770943117464,-0.0009161490833935471,108.82522449648228,108.54576703421293,0.23387736313507496
2025-10-11 07:50:00,108.83505250702035,109.22521807690597,108.76429544191808,109.21265947926378,9088.713780718992,0.0034695345253688004,108.90271149303858,108.60639362012664,0.24114877824142614
2025-10-11 08:50:00,109.21265947926378,109.31364280709937,108.79327381304677,108.83401844135263,2932.8439259024904,-0.003467006844413034,108.8889728827014,108.62708678569264,0.25800628381720664
2025-10-11 09:50:00,108.83401844135263,109.4043714346739,108.73434692832058,109.31508975464523,2265.6114980966067,0.004420229264545883,108.97419625709017,108.68963251014287,0.2943290149400996
2025-10-11 10:50:00,109.31508975464523,109.66347636925491,109.2413309955356,109.58151878228628,2693.518410343364,0.0024372575482400904,109.0956607621294,108.77071308033773,0.31147322265689426
2025-10-11 11:50:00,109.58151878228628,109.62035589627223,109.39578871148511,109.40991598743011,7096.92774563841,-0.0015659829938761138,109.15851180718954,108.82882243552794,0.29999842795443193
2025-10-11 12:50:00,109.40991598743011,109.49274593183722,109.14214223179702,109.24074303845597,1896.0568198783178,-0.001546230498829515,109.17495805344284,108.86626976306685,0.32211381587314697
2025-10-11 13:50:00,109.24074303845597,109.48302534587907,109.18319814307938,109.4638872966418,2855.4035133985903,0.002042683452887939,109.23274390208263,108.92059862975549,0.308230058010077
2025-10-11 14:50:00,109.4638872966418,109.48069705244808,109.31410525291253,109.40197116005818,1668.8092431829223,-0.0005656307126735705,109.26658935367774,108.9643597688739,0.3070631218426933
2025-10-11 15:50:00,109.40197116005818,109.69959173682966,109.3526348356132,109.64803902368917,2503.735721557698,0.0022492086844667636,109.34287928768003,109.02651242840255,0.31983586717872775
2025-10-11 16:50:00,109.64803902368917,109.66101912745776,109.55483701289589,109.58104656967672,2744.6681215747976,-0.0006109772195559415,109.39051274407937,109.07692462306383,0.3109326273393234
2025-10-11 17:50:00,109.58104656967672,109.6695062375914,109.53088283278025,109.5965959919796,9458.461181167457,0.00014189883004078752,109.43172939365942,109.12416747478345,0.3027994464671439
2025-10-11 18:50:00,109.5965959919796,109.63924832357267,108.99708946573887,109.08272786830184,3269.2373445036283,-0.004688723395344874,109.36192908858791,109.12040023783057,0.33633722634301627
2025-10-11 19:50:00,109.08272786830184,109.13085294881922,108.8741205914355,108.93165454544724,2929.3863881463517,-0.001384942655971999,109.27587417995979,109.103241538523,0.34198623255527444
2025-10-11 20:50:00,108.93165454544724,109.0007514355686,108.67492472475652,108.68246581589618,4277.923563664613,-0.0022875694910803324,109.15719250714707,109.06498920010237,0.3522522673496279
2025-10-11 21:50:00,108.68246581589618,108.75911475981312,108.48769404492378,108.58490617747658,3676.359701548442,-0.0008976575723342872,109.04273524121298,109.02134528895458,0.3387164159140162
2025-10-11 22:50:00,108.58490617747658,108.58507246459104,108.21513931360907,108.26843288302592,1403.6393182922106,-0.002914523809905978,108.88787476957557,108.95289870659742,0.32797099855182765
2025-10-11 23:50:00,108.26843288302592,108.27745861661383,108.20713751550502,108.24500561795453,4194.882691483049,-0.00021638130752943407,108.75930093925137,108.88854478944806,0.28513504103436155
2025-10-12 00:50:00,108.24500561795453,108.38016738479483,108.20232364261277,108.33221697870854,2839.2621628982374,0.0008056848466693189,108.67388414714281,108.83796953392628,0.26768492449598724
2025-10-12 01:50:00,108.33221697870854,108.41869625057228,108.13291000305945,108.19689991970121,2074.3816364242357,-0.0012490934163558176,108.5784873016545,108.77969047808764,0.27205771469068096
2025-10-12 02:50:00,108.19689991970121,108.27907130577556,108.09835169811488,108.12460389436482,4452.581497445432,-0.0006681894341707961,108.48771062019658,108.72013715229465,0.2599231366635725
2025-10-12 03:50:00,108.12460389436482,108.21263995800079,108.01727258399585,108.19323807079175,1919.5009605108346,0.0006347692750299228,108.42881611031562,108.67223723579438,0.25246172032109065
2025-10-12 04:50:00,108.19323807079175,108.28354684461661,108.18892779566434,108.26601690433264,2199.185727537091,0.000672674511259963,108.39625626911904,108.6353081147524,0.24732080956514174
2025-10-12 05:50:00,108.26601690433264,108.27172911945277,107.88642896394576,107.89326308572129,4385.052918158197,-0.0034429438642851196,108.29565763243949,108.56784947574957,0.25005961344303834
2025-10-12 06:50:00,107.89326308572129,107.97739508077676,107.81870010816785,107.96842782989704,1963.1423189746235,0.0006966583642580293,108.230211671931,108.51335659885387,0.2538105318749696
2025-10-12 07:50:00,107.96842782989704,108.09926820360086,107.91207450565355,108.064655428957,5429.765186044466,0.0008912568330767812,108.19710042333621,108.4725655834087,0.2572798385275519
2025-10-12 08:50:00,108.064655428957,108.11649089201832,107.82347818930624,107.8355683541653,3773.990815595173,-0.0021199075116867805,108.12479400950204,108.41465674438656,0.23234082744742832
2025-10-12 09:50:00,107.8355683541653,108.18318102979705,107.7551983866166,108.14068723967587,2331.479831026759,0.0028294827965154035,108.12797265553681,108.3897504257765,0.24457299071862337
2025-10-12 10:50:00,108.14068723967587,108.33049341272829,108.07666664448806,108.24109988663886,1176.432731513124,0.0009285371632643535,108.15059810175723,108.37623674040034,0.23943013767777696
