timestamp,open,high,low,close,volume,ret_1,ema9,ema21,atr,ret_fut,vol_proxy,dir
2025-08-30 19:50:00,99.92607897748768,99.93676859790664,99.8711297951962,99.92607897748768,2648.709179284826,0.0,99.92607897748768,99.92607897748768,0.0,-0.0020393361357485817,0.0,-1
2025-08-30 20:50:00,99.92607897748768,100.13176136688868,99.82979769432768,100.03240744243024,2798.226456090753,0.0010640712217526,99.9473446704762,99.93574520157335,0.0,-0.005807267190715559,0.0,-1
2025-08-30 21:50:00,100.03240744243024,100.0507904771446,99.97785841410057,99.9846202062172,3057.328472944057,-0.0004777175460917,99.9547997776244,99.94018838381372,0.0,-0.0067069701420992,0.0,-1
2025-08-30 22:50:00,99.9846202062172,99.9928512715065,99.8224914980114,99.8382977178177,1844.0507323010809,-0.0014634499595808,99.93149936566309,99.9309255959959,0.0,-0.004103738833803328,0.0,-1
2025-08-30 23:50:00,99.8382977178177,99.91695477870648,99.69245179051198,99.69447923125576,1685.840764841695,-0.001440514209972,99.88409533878162,99.90943047192862,0.0,-0.002848384901696588,0.0,-1
2025-08-31 00:50:00,99.69447923125576,99.83793235336633,99.65864096196356,99.77399591583269,2364.7574127305847,0.0007976036906967,99.86207545419184,99.89711823955624,0.0,-0.0017366036304274912,0.0,-1
2025-08-31 01:50:00,99.77399591583269,99.89868752142266,99.74801758688322,99.82306129898714,2770.793922550747,0.0004917652410738,99.8542726231509,99.8903857904136,0.0,-0.0010714766804725828,0.0,0
2025-08-31 02:50:00,99.82306129898714,100.0301301252135,99.76285903864434,99.9505786164355,868.2076024453274,0.0012774334486338,99.87353382180784,99.8958578655065,0.0,-0.0031676305996766185,0.0,-1
2025-08-31 03:50:00,99.9505786164355,100.0304419523743,99.83939607498988,99.85429243030416,7245.182888250939,-0.0009633379562595,99.8696855435071,99.892079189579,0.0,-0.003838046910355164,0.0,-1
2025-08-31 04:50:00,99.85429243030416,99.93275968334538,99.76727519572292,99.8135329202592,2901.9718744516586,-0.0004081898639802,99.85845501885753,99.88493861964083,0.0,-0.0016430067836149531,0.0,-1
2025-08-31 05:50:00,99.8135329202592,100.01733904852918,99.72795655883316,99.93515413400274,5239.120827478327,0.0012184842093578,99.87379484188658,99.889503666401,0.0,-0.003346693964888403,0.0,-1
2025-08-31 06:50:00,99.93515413400274,100.02606454656762,99.83836840569316,99.91512377929033,5062.857684405497,-0.0002004335199761,99.88206062936732,99.89183276757277,0.0,-0.006656370886482521,0.0,-1
2025-08-31 07:50:00,99.91512377929033,99.91945494132844,99.71671765675774,99.72229611372522,5629.144782300034,-0.0019299146943063,99.85010772623892,99.87642034449571,0.0,-0.00785048027498192,0.0,-1
2025-08-31 08:50:00,99.72229611372522,99.731011245857,99.39426247782934,99.45149252468153,3455.0196365515826,-0.0027155771537278,99.77038468592744,99.83779054269442,0.2004089114780092,-0.004158688541764377,0.0,-1
2025-08-31 09:50:00,99.45149252468153,99.50181009699656,99.30571669206049,99.31402634382498,2694.983612575376,-0.0013822435175864,99.67911301750696,99.79017561552448,0.2097270973512713,-0.00032548290847467243,0.0,0
2025-08-31 10:50:00,99.31402634382498,99.52491993688434,99.27896874780676,99.42858741837227,9139.413008100995,0.0011535236135797,99.62900789768004,99.75730396123792,0.2057262056738835,-0.0016871775373049624,0.0,-1
2025-08-31 11:50:00,99.42858741837227,99.4452784293408,99.38108270448046,99.41051098183094,2500.4439900428906,-0.0001818032118395,99.58530851451022,99.72577732674635,0.2051021815179033,-0.0039180752485886705,0.0,-1
2025-08-31 12:50:00,99.41051098183094,99.63425710614985,99.38508116032908,99.600728032303,2714.1427471356224,0.001913450082827,99.58839241806878,99.7144092090697,0.2107319081125932,-0.006750533338628184,0.0,-1
2025-08-31 13:50:00,99.600728032303,99.76734375618618,99.52544178653166,99.7161032166319,4647.651215987799,0.0011583769176011,99.6139345777814,99.71456320975716,0.2119746925025946,-0.008323137181217244,0.0,-1
2025-08-31 14:50:00,99.7161032166319,99.72693596087146,99.60799110673364,99.63397210515468,2952.644040763376,-0.0008236494290072,99.61794208325608,99.7072367457024,0.2076642255550983,-0.004698310905622338,0.0,-1
2025-08-31 15:50:00,99.63397210515468,99.70074952650864,99.42078576161072,99.47104697175632,3561.776400003452,-0.0016352367566597,99.58856306095612,99.68576494807094,0.2168994991521324,-0.003521067939683431,0.0,-1
2025-08-31 16:50:00,99.47104697175632,99.69197411088032,99.45859960702673,99.64953860857464,5481.455482722876,0.0017944079433385,99.60075817047982,99.68247164448036,0.2144783146724488,-0.005985698295195685,0.0,-1
2025-08-31 17:50:00,99.64953860857464,99.6920541500426,99.55924042640112,99.60070175678229,3354.492588692373,-0.0004900860804201,99.60074688774031,99.675038018326,0.210318875119381,-0.0019949126107452475,0.0,-1
2025-08-31 18:50:00,99.60070175678229,99.67900590782278,99.16458466459602,99.25005165824656,4865.875104779205,-0.0035205585136537,99.53060784184156,99.6364028946824,0.2352429290911167,2.5231045174267663e-05,0.0,0
2025-08-31 19:50:00,99.25005165824656,99.3081891255646,98.90425226585192,98.93942819510852,1648.7225804791851,-0.0031297058081907,99.41237191249496,99.5730415583575,0.2434253840923079,0.007664957562913299,0.0,1
2025-08-31 20:50:00,98.93942819510852,99.04897042229368,98.92782745363569,99.03790474225777,2441.1947481853476,0.0009953215714471,99.33747847844752,99.52439275689387,0.2386715860768486,0.00645652439276323,0.0,1
2025-08-31 21:50:00,99.03790474225777,99.32712042825828,98.94600804244398,99.28170132567826,1509.8831637472265,0.0024616492448519,99.32632304789368,99.50232989951064,0.2514126647371059,0.005140777348646264,0.0,1
2025-08-31 22:50:00,99.28170132567826,99.37075186858809,99.20665768671182,99.26083373911403,3297.9920391267233,-0.0002101856262088,99.31322518613776,99.48037570311097,0.2390801942977205,0.005631956939502469,0.0,1
2025-08-31 23:50:00,99.26083373911403,99.26813404794628,98.99701270502656,99.02101311930348,3301.325193236915,-0.0024160649349458,99.25478277277092,99.43861546821935,0.244439332725123,0.009758758729959238,0.0,1
2025-09-01 00:50:00,99.02101311930348,99.0725046873824,98.8715810953016,98.9283699971693,2078.6824623057064,-0.0009355905298864,99.1895002176506,99.3922295163057,0.2412230757967809,0.011024807600742426,0.0,1
2025-09-01 01:50:00,98.9283699971693,98.97103656271028,98.86676034202983,98.88615241038345,8229.43655121333,-0.000426749038593,99.12883065619717,99.3462225066764,0.2440859683553599,0.01124366940748156,0.0,1
2025-09-01 02:50:00,98.88615241038345,99.25261928244296,98.8846840285517,99.16586072744256,8137.561915809519,0.0028285893448287,99.13623667044624,99.32982598129148,0.2525687760746799,0.008813076519728291,0.0,1
2025-09-01 03:50:00,99.16586072744256,99.19803133926084,99.0560165989586,99.12080265733732,1488.084331292731,-0.0004543707862233,99.13314986782449,99.31082386093202,0.2454339739780887,0.006500073703064713,0.0015989522379508837,1
2025-09-01 04:50:00,99.12080265733732,99.15032999072793,98.98747681872604,99.05306653520826,2882.087226489458,-0.0006833693867795,99.11713320130124,99.2873913767753,0.2485702823969496,0.007469655625814919,0.001582323332673626,1
2025-09-01 05:50:00,99.05306653520826,99.4760667407424,99.00747745992516,99.4020070608086,2229.864162875636,0.0035227634823027,99.17410797320272,99.2978109844147,0.2620435335340443,0.004265098394492517,0.0017203480481959381,1
2025-09-01 06:50:00,99.4020070608086,99.43262059938856,99.16063765070562,99.2525558407835,1215.0674554173002,-0.0015035030422844,99.18979754671888,99.29369688044822,0.2648012795932826,0.00876132105251215,0.0017213253680723615,1
2025-09-01 07:50:00,99.2525558407835,99.7865838883548,99.18531646860204,99.69779471352294,5494.820883198394,0.0044859184629328,99.2913969800797,99.33043304709138,0.2982622578869467,0.0041902942080651595,0.0018919600286276352,1
2025-09-01 08:50:00,99.69779471352294,99.72995352453393,99.64410940019872,99.6773453900343,1451.8726519795448,-0.0002051130975102,99.36858666207064,99.36197053281346,0.26764960653755,0.005624132456200748,0.0018866674395819386,1
2025-09-01 09:50:00,99.6773453900343,99.82883848078254,99.65368294458428,99.79208644698836,3255.3064463016767,0.0011511247265372,99.45328661905418,99.40107197955663,0.2513080834293767,0.007148179105082919,0.0018961103626884779,1
2025-09-01 10:50:00,99.79208644698836,99.91910638288628,99.79196038129663,99.81986648051183,4222.841128922103,0.0002783791231606,99.52660259134572,99.4391442069162,0.2517368714959208,0.005331735250750924,0.0018824386858560774,1
2025-09-01 11:50:00,99.81986648051183,100.01666385461984,99.73196594203,99.98733529553088,4233.894039061576,0.0016777102687441,99.61874913218276,99.48897976042662,0.2448501234084596,0.003507471421402286,0.0018984416190096194,1
2025-09-01 12:50:00,99.98733529553088,100.07233661829493,99.8909206707421,100.01903624264314,2406.9173765201535,0.0003170496245206,99.69880655427484,99.5371667133554,0.2460873923853575,0.006241719544545443,0.001897205734969539,1
2025-09-01 13:50:00,100.01903624264314,100.10427480079268,99.9509311003023,99.99799561706362,1674.349639783558,-0.0002103662099729,99.7586443668326,99.57906025005612,0.2376747036404042,0.008180757657939575,0.0018859881352197533,1
2025-09-01 14:50:00,99.99799561706362,100.1287371567412,99.9812191826844,100.03981704617824,2323.329299565457,0.0004182226739302,99.81487890270174,99.62094723152175,0.2338600166386908,0.008629001054265562,0.0018868118454086434,1
2025-09-01 15:50:00,100.03981704617824,100.06194839557529,99.69903222176596,99.76509518011694,4152.055026125497,-0.0027461252346602,99.80492215818478,99.63405159048496,0.2523342990050393,0.012120620418646366,0.0019195436367732592,1
2025-09-01 16:50:00,99.76509518011694,99.81278202548332,99.66569385991126,99.7929588309072,842.3650341043143,0.0002792925796337,99.80252949272928,99.6484977032506,0.236559506982241,0.011542103568914275,0.0018539968390408447,1
2025-09-01 17:50:00,99.7929588309072,99.88669362015229,99.78235694999468,99.825966401533,4491.5666555425205,0.0003307605166986,99.80721687449002,99.66463122127628,0.2338682162576221,0.013119551363844462,0.001834181252432785,1
2025-09-01 18:50:00,99.825966401533,100.13056985497052,99.76641225855488,100.122139347787,1581.9079791176816,0.0029668928529344,99.87020136914944,99.70622286914087,0.2482471037157501,0.010276549764730802,0.0018928665038825743,1
2025-09-01 19:50:00,100.122139347787,100.21655456494088,100.07280393635396,100.11555780526788,4157.605897363758,-6.57351367240322e-05,99.91927265637312,99.74343513606152,0.2250443428421574,0.0105005924500019,0.0018921848240497864,1
2025-09-01 20:50:00,100.11555780526788,100.3131216854746,100.02159501424715,100.23794398339032,2751.9411353368628,0.001222449145821,99.98300692177656,99.78839048581868,0.2264403230239082,0.009566668425960767,0.0018761412148275048,1
2025-09-01 21:50:00,100.23794398339032,100.58273487460718,100.23089966497754,100.50541815418136,3569.2427760169794,0.0026683924286732,100.08748916825752,99.8535748193062,0.2086237365865427,0.006369579484502452,0.0019194861103443367,1
2025-09-01 22:50:00,100.50541815418136,100.5463501653463,100.33005020450868,100.35207958135122,1978.252225083929,-0.0015256746914372,100.14040725087628,99.89889343403756,0.2179420106224299,0.009220989297742621,0.0019360719192315216,1
2025-09-01 23:50:00,100.35207958135122,100.38301863518966,100.25525519720227,100.33803801658212,875.9098197227074,-0.0001399230073525,100.17993340401743,99.93881566881431,0.2145568607502243,0.010615799743342258,0.0019075287080575231,1
2025-09-02 00:50:00,100.33803801658212,100.6793357915438,100.32647441677162,100.64332701598543,1701.7362949028666,0.0030426048330032,100.27261212641103,100.0028621549208,0.2306793874061209,0.004795694495967728,0.0019518890416244628,1
2025-09-02 01:50:00,100.64332701598543,100.81850940918255,100.58918750884912,100.81605498548652,2323.022190449966,0.0017162386680007,100.38130069822614,100.07678877588133,0.226723957959236,0.005637437113940713,0.001961586085061417,1
2025-09-02 02:50:00,100.81605498548652,100.9370154291022,100.7923608119357,100.90306073293824,5474.778759642607,0.0008630147992227,100.48565270516856,100.15190440834104,0.224098148645927,0.005486235249432703,0.0018289126544111644,1
2025-09-02 03:50:00,100.90306073293824,101.05466698380368,100.83648057326636,100.97431002982526,1643.965151083078,0.0007061163097479,100.5833841700999,100.22666855574867,0.2287297707921354,0.004152974521753672,0.0017035343016673298,1
2025-09-02 04:50:00,100.97431002982526,100.97510155308224,100.8908769036263,100.94477949718193,1647.0432254990565,-0.0002924558992739,100.65566323551631,100.29195136860623,0.2242088190349298,0.00525052468505649,0.0017100145495973047,1
2025-09-02 05:50:00,100.94477949718193,101.20742134968737,100.91723307401222,101.13563829518333,5359.069733977559,0.0018907247997577,100.75165824744973,100.36865018011324,0.219013969168204,0.002506704039640484,0.0016928302675614062,1
2025-09-02 06:50:00,101.13563829518333,101.18037323251,101.07351552180114,101.15104949534584,5737.190069924162,0.0001523814989679,100.83153649702896,100.43977739058892,0.2161403652494026,0.0015803897534767408,0.001688580847032651,1
2025-09-02 07:50:00,101.15104949534584,101.1954781556267,101.12380719451572,101.1668304756856,4439.319701588428,0.0001560140049807,100.89859529276028,100.50587312559772,0.2138071003175028,0.003519259189820767,0.0015997000209650436,1
2025-09-02 08:50:00,101.1668304756856,101.2265711189789,101.08117941745051,101.19688715717945,1916.5934624235756,0.0002971001597311,100.95825366564412,100.56869258301424,0.1981809649684111,0.0053934681758174285,0.001574395684441908,1
2025-09-02 09:50:00,101.19688715717945,101.22439373262384,101.11067326706136,101.14559540373756,1954.1518342449344,-0.000506851098712,100.99572201326282,100.62113829398908,0.1960359533238056,0.0045838825541162365,0.0015763237589026483,1
2025-09-02 10:50:00,101.14559540373756,101.34952465349052,101.11643644194334,101.27742503317708,3940.546679305922,0.0013033650048059,101.05206261724568,100.68080072482437,0.1918617776323584,0.004646042665348515,0.0015325696926374191,1
2025-09-02 11:50:00,101.27742503317708,101.48273744186328,101.2606401466253,101.40320653480602,4368.234755412566,0.0012419500356346,101.12229140075776,100.74647398027724,0.1825947837472402,0.0026868407319655674,0.001522090312093133,1
2025-09-02 12:50:00,101.40320653480602,101.49731072847766,101.09660646368135,101.12598166541189,1856.6358282014155,-0.0027338866182596,101.1230294536886,100.78097467892584,0.1957665197442872,0.003447948168641801,0.0016226070182407968,1
2025-09-02 13:50:00,101.12598166541189,101.42313357967626,101.093041691329,101.3843991555428,3774.2383073698966,0.0025554015483966,101.17530339405944,100.83583144952738,0.2102185519128495,0.0002903689434359258,0.0015756669064872155,0
2025-09-02 14:50:00,101.3843991555428,101.50085086426212,101.37722269739572,101.45663866150694,2923.3880180810174,0.0007125307894098,101.23157044754896,100.89226846879824,0.193844751348151,0.001366356419398862,0.0015273534753687424,1
2025-09-02 15:50:00,101.45663866150694,101.50643173943568,101.31302916424276,101.39365376673078,1810.6848264893945,-0.0006208060468699,101.26398711138532,100.93784895042847,0.1912790852666848,0.002848262988352168,0.0013770959082024157,1
2025-09-02 16:50:00,101.39365376673078,101.50489098589414,101.38298828336264,101.47479255375946,2263.598670700686,0.0008002353600486,101.30614819986016,100.98666200527674,0.1896539485070414,-4.498220329585134e-05,0.0013712833540496286,0
2025-09-02 17:50:00,101.47479255375946,101.51425604938927,101.34958511768654,101.38915540824948,3491.1940917473044,-0.0008439253075055,101.322749641538,101.0232523146379,0.1858314143045721,0.0027306155760440376,0.0013887616347702417,1
2025-09-02 18:50:00,101.38915540824948,101.46367691009824,101.30894891507018,101.3109075775217,2929.952990388497,-0.0007717573976495,101.32038122873476,101.04940279308188,0.1908673675597246,0.0007335767532496984,0.001406395276945135,0
2025-09-02 19:50:00,101.3109075775217,101.58311209715484,101.30942690265783,101.5228627735422,6401.754320791785,0.0020921261203616,101.36087753769624,101.09244460948736,0.1896885760470001,-0.0002572156176683382,0.0014197725611917132,0
2025-09-02 20:50:00,101.5228627735422,101.8299543005804,101.44773589057722,101.74268934755348,1800.0299727824574,0.0021652913245917,101.4372398996677,101.15155776749336,0.2093571974251671,-0.0012811134128649648,0.0014503065252148123,-1
2025-09-02 21:50:00,101.74268934755348,101.7544476136948,101.5468018951374,101.60923493393445,4572.363299146306,-0.0013116855321482,101.47163890652104,101.19316478262438,0.2190696800999114,-0.0005529503820483894,0.0014813037049367555,0
2025-09-02 22:50:00,101.60923493393445,101.8131912354462,101.60248899368366,101.74796427091786,7276.50307539332,0.0013653221291709,101.52690397940042,101.24360109974197,0.2237347186880671,0.0034923715206580663,0.0014890441352317931,1
2025-09-02 23:50:00,101.74796427091786,101.83845721242726,101.66458992503102,101.67566080047564,1637.030413371231,-0.000710613435466,101.55665534361546,101.28287925435411,0.228030920247622,0.0069003579939324045,0.0013843628919177745,1
2025-09-03 00:50:00,101.67566080047564,101.71525857743492,101.46895059629286,101.47465880869726,3492.797934610352,-0.0019768938819371,101.54025603663185,101.3003137592944,0.2289751895043993,0.007382144068299956,0.0014564785301178123,1
2025-09-03 01:50:00,101.47465880869726,101.50236958162648,101.33005219779228,101.41383803640647,2168.4839880279965,-0.0005993690740605,101.51497243658676,101.31063414812276,0.2254194815469869,0.011490413527413645,0.001469668386668696,1
2025-09-03 02:50:00,101.41383803640647,101.65669221228217,101.34631161890974,101.59526459103272,2338.64093473733,0.0017889723743726,101.53103086747596,101.33650964293275,0.2189677907309958,0.009390468425983345,0.0014196416380668287,1
2025-09-03 03:50:00,101.59526459103272,101.76584612587624,101.57105398453729,101.68244955800836,3536.7154594114004,0.0008581597511123,101.56131460558244,101.36795872612144,0.2093035230875455,0.0058015271421325565,0.0014180506248992564,1
2025-09-03 04:50:00,101.68244955800836,101.77885078919122,101.42517223841662,101.4702279940114,3108.8825730233866,-0.0020871012148059,101.54309728326824,101.37725593229324,0.2257356933667022,0.01206622548167502,0.0014818873968428419,1
2025-09-03 05:50:00,101.4702279940114,101.76734791900093,101.41258213055912,101.6660102152492,4658.017808407908,0.001929454827374,101.56767986966445,101.40350632165288,0.2372616371701913,0.008833728532069651,0.0014505515336306822,1
2025-09-03 06:50:00,101.6660102152492,101.73916359081682,101.30764006019731,101.3852269041712,2362.8749476841213,-0.0027618208925824,101.5311892765658,101.40184455642728,0.2593774106050495,0.010455875449704166,0.0015173090870879559,1
2025-09-03 07:50:00,101.3852269041712,101.54772325880124,101.34535565971412,101.49674950768645,2376.6172810972357,0.0010999886957951,101.52430132278992,101.41047227926902,0.2620700297039339,0.0088050668399684,0.001520979625822975,1
2025-09-03 08:50:00,101.49674950768645,101.620827035717,101.42111492313272,101.61234542356938,1455.2082994321063,0.0011389124917167,101.54191014294582,101.42882438329632,0.26528318095795,0.006886163064084849,0.0014481558199920185,1
2025-09-03 09:50:00,101.61234542356938,101.62458140276682,101.54815842236826,101.55305006865808,5150.1321391097645,-0.0005835447913749,101.54413812808828,101.44011762742012,0.2511930228080611,0.009351729539339937,0.0014326128936492006,1
2025-09-03 10:50:00,101.55305006865808,102.10820742713392,101.48663344236472,102.10330596362256,3954.4042018808254,0.0054184083549679,101.65597169519512,101.50040747616578,0.2682898495770607,0.0007710903087232435,0.0016992083919299271,0
2025-09-03 11:50:00,102.10330596362256,102.38494417759938,102.02702677473876,102.37725925926856,4478.19474066865,0.0026830991715744,101.80022920800982,101.58012127462966,0.279023541313005,-0.001392406086385134,0.0017470525939178663,-1
2025-09-03 12:50:00,102.37725925926856,102.4223526519138,102.1806820725723,102.22375935930464,3261.4916732375605,-0.0014993554337607,101.8849352382688,101.63863382778192,0.2812355654257875,0.00021327678017213358,0.0017760014844789378,0
2025-09-03 13:50:00,102.22375935930464,102.58515039433702,102.17070802520016,102.57912497284694,5058.763164297751,0.0034763504665604,102.02377318518442,101.72413302278784,0.2984194998358325,-0.0021568069185292638,0.0018400420518233432,-1
2025-09-03 14:50:00,102.57912497284694,102.66520645570054,102.44686527720982,102.54929171540424,2850.0366761422415,-0.0002908316623931,102.1288768912284,101.79914744938932,0.2964218710750219,-0.0034345581043381257,0.0018439765387468533,-1
2025-09-03 15:50:00,102.54929171540424,102.59244845831051,102.27038714517523,102.27236304899768,3372.7534553276028,-0.0027004444572382,102.15757412278226,101.84216704935372,0.3071178660250971,-0.0026489476778266408,0.0019250613366484635,-1
2025-09-03 16:50:00,102.27236304899768,102.70415778584793,102.19131753256995,102.69459064466412,2668.3147591198317,0.0041284623047594,102.26497742715864,101.91966010347284,0.3215792703040634,-0.007695026434619279,0.0020380424732871828,-1
2025-09-03 17:50:00,102.69459064466412,102.753615900293,102.53155066471108,102.56410015042933,2185.6629836684824,-0.0012706657031852,102.32480197181278,101.97824556228709,0.3235273484642746,-0.006666612017567908,0.0020541552738306715,-1
2025-09-03 18:50:00,102.56410015042933,102.5663127821136,102.4210135220266,102.4452982091212,2695.0392905711738,-0.0011583189550131,102.34890121927448,102.02070489381744,0.3086431134151591,-0.0057393969485999285,0.002066733408069157,-1
2025-09-03 19:50:00,102.4452982091212,102.52188826222446,102.3689158235615,102.39043517114116,4881.662422353375,-0.0005355349531811,102.3572080096478,102.0543167372105,0.2942293027166727,-0.0071921877335771045,0.0020661630823169347,-1
2025-09-03 20:50:00,102.39043517114116,102.45948700677852,102.23992889990816,102.3120646034802,8247.016381451811,-0.0007654090690204,102.34817932841428,102.07774836141684,0.2790889153060192,-0.00583210519089461,0.00200105014128906,-1
2025-09-03 21:50:00,102.3120646034802,102.52042857382143,102.28808576698329,102.50274672679522,4519.603026484625,0.0018637305781485,102.37909280809048,102.11638457645124,0.2812300015739514,-0.008206074513183559,0.001980270146996636,-1
2025-09-03 22:50:00,102.50274672679522,102.57081319850624,102.17686978687262,102.18203683333972,3077.7574556323534,-0.0031287931660046,102.33968161314034,102.1223529634411,0.295103665791762,-0.0025851813644660604,0.0020715812821428823,-1
2025-09-03 23:50:00,102.18203683333972,102.24615371943617,102.13513816668882,102.23470854036852,3137.245174326294,0.0005154693394369,102.318686998586,102.13256710679812,0.2975745638166752,-0.0008434877675076446,0.0020663521681722687,0
2025-09-04 00:50:00,102.23470854036852,102.3422124589256,102.2329522439424,102.24556131355789,3074.5043934336127,0.000106155466615,102.30406186158038,102.14283930741266,0.2609807231176759,-0.0004896495613609941,0.002064142816501564,0
2025-09-04 01:50:00,102.24556131355789,102.38221636121204,102.21980736784224,102.35788160640882,3757.448722711853,0.0010985346591867,102.31482581054608,102.1623886073214,0.247015836725475,-0.0022877898657601703,0.002059839748589255,-1
2025-09-04 02:50:00,102.35788160640882,102.45838036666667,102.1253662501542,102.19708021444896,2649.309549622632,-0.0015709722537848,102.29127669132666,102.16554238978752,0.2535403750948321,-0.0016974051556714054,0.002078009764823279,-1
2025-09-04 03:50:00,102.19708021444896,102.25676934966307,101.90624612895752,102.0014489103932,5356.82159814592,-0.001914255315761,102.23331113513996,102.15062480075169,0.2489747216354528,-0.0011679897387184557,0.0020856299325914657,0
2025-09-04 04:50:00,102.0014489103932,102.08182653702278,101.84404704512404,101.90435305496102,5208.937354857462,-0.0009519066294584,102.1675195191042,102.12823646022524,0.2503631725931683,0.0006003129740110857,0.0020610743830539943,0
2025-09-04 05:50:00,101.90435305496102,101.93120252413368,101.86545748614904,101.88034508779543,2271.805359542892,-0.0002355931463754,102.11008463284244,102.10570088091345,0.2320548672252655,0.003481218180064305,0.0020468421528943284,1
2025-09-04 06:50:00,101.88034508779543,101.94091911660958,101.83541680806802,101.85732397718137,2794.063786502635,-0.0002259622363297,102.05953250171024,102.08312116239236,0.2029592997440953,0.0008766616348172551,0.002034030982274651,0
2025-09-04 07:50:00,101.85732397718137,101.93523016755177,101.60272850844385,101.65402393926766,3197.005457495266,-0.00199592950193,101.97843078922172,102.04411232392646,0.2108476157102389,0.0037132214465058766,0.002061743102811779,1
2025-09-04 08:50:00,101.65402393926766,101.7839464534245,101.5534642616191,101.7153698804151,4183.723860760495,0.0006034777451022,101.9258186074604,102.0142266472436,0.2169321108329833,0.0015314871778384642,0.002032367399215817,1
2025-09-04 09:50:00,101.7153698804151,101.77698701948012,101.5830074009096,101.66160154934916,2932.480748193388,-0.0005286155979096,101.87297519583817,101.98216982016228,0.2198611951120942,0.003998311711535862,0.002031647263919066,1
2025-09-04 10:50:00,101.66160154934916,102.00047385293138,101.6269058729169,101.917877735935,1910.3141585209075,0.0025208749683274,101.88195570385754,101.97632508523252,0.2308619003366751,0.0008016551281859741,0.002055507227709434,0
2025-09-04 11:50:00,101.917877735935,102.18638623026294,101.85539900614629,102.1484748143,5438.37919811129,0.0022625773170283,101.93525952594604,101.9919750606023,0.2379079301422828,-0.0018472329212362304,0.002086945167703596,-1
2025-09-04 12:50:00,102.1484748143,102.264232120547,102.1274895404835,102.1954968193096,2909.1280355568897,0.0004603299764884,101.98730698461875,102.0104770386666,0.2195364421729887,-0.0037027740771568007,0.002047262823148008,-1
2025-09-04 13:50:00,102.1954968193096,102.23740692144663,102.0279030416052,102.123708282189,3355.5993089263725,-0.0007024628222858,102.0145872441328,102.02077078807773,0.2265713226797093,-0.00358164657212956,0.0020293523101313385,-1
2025-09-04 14:50:00,102.123708282189,102.1717788698852,101.96763775362722,102.0236103635984,2468.528554891437,-0.0009801633751294,102.01639186802592,102.02102893130686,0.233348529913622,-0.0010753114821536736,0.00197069613875859,0
2025-09-04 15:50:00,102.0236103635984,102.09409328876129,101.7970556431868,101.88231226473144,2586.727629816157,-0.0013849548978258,101.98957594736704,102.00841832525454,0.2429648622139554,-0.004258115384717875,0.0019829302805379834,-1
2025-09-04 16:50:00,101.88231226473144,101.97093425359796,101.79932102134184,101.96552756020812,3156.4435734590447,0.0008167786304305,101.98476626993526,102.00451916479577,0.2314362276242139,-0.004367761592723229,0.001978405332611532,-1
2025-09-04 17:50:00,101.96552756020812,102.29132883453958,101.9446192304462,102.23501279730628,11211.631818466996,0.0026429053381693,102.03481557540948,102.02547313138764,0.2311638264376299,-0.004960008788278181,0.0020236017572567854,-1
2025-09-04 18:50:00,102.23501279730628,102.32715067181638,101.9111567369176,101.9466183853373,1866.849709691338,-0.0028208967170644,102.01717613739504,102.01830451811033,0.2438934295090616,-0.007150485680095797,0.0018569860002791423,-1
2025-09-04 19:50:00,101.9466183853373,102.09721564754156,101.86886699991328,102.03148784108258,2666.1326216230286,0.0008324891702096,102.02003847813256,102.01950300201688,0.2555079730550358,-0.007378544576231216,0.0017970930899515632,-1
2025-09-04 20:50:00,102.03148784108258,102.11093135446912,101.8605869011259,101.87114566517604,2064.3756698803595,-0.0015714969888147,101.99025991554124,102.006015971395,0.2658538405408696,-0.0024555030901103336,0.0017989441038512488,-1
2025-09-04 21:50:00,101.87114566517604,102.09853152218686,101.8064644937892,102.0680763214374,2444.127584515163,0.0019331347947004,102.00582319672048,102.01165782139884,0.2629656526329945,-0.005570420213327432,0.0017186955791595867,-1
2025-09-04 22:50:00,102.0680763214374,102.0901467655106,101.9148128125802,101.99958072527583,3061.7247413144205,-0.0006710775653873,102.00457470243155,102.01055990356949,0.2590264927133511,-0.004768501967003291,0.0017209805451409918,-1
2025-09-04 23:50:00,101.99958072527583,102.08833989175726,101.95484038048158,101.95978278876896,1893.1675575175443,-0.0003901774519452,101.99561631969904,102.00594380222395,0.2547064850494333,-0.0039667741284842295,0.0016585792357906347,-1
2025-09-05 00:50:00,101.95978278876896,102.02871409603551,101.72635059144172,101.8170899828849,1344.2735560583196,-0.0013995008814375,101.9599110523362,101.98877527319314,0.2496204510908118,-0.0030550160136544324,0.0014831753858330218,-1
2025-09-05 01:50:00,101.8170899828849,101.86364069688564,101.69575813846468,101.75793725248694,4251.019749191825,-0.0005809705463778,101.91951629236635,101.96778999858348,0.2379701178268334,-0.0009583035728724099,0.0014730980055404537,0
2025-09-05 02:50:00,101.75793725248694,101.92640746491668,101.7062138913698,101.91390320392364,3849.277447112188,0.0015327153404232,101.91839367467784,101.96289119906896,0.2439309030756464,-0.002359100544306769,0.0014959423492709844,-1
2025-09-05 03:50:00,101.91390320392364,101.98560710842432,101.35886127874704,101.44848562344636,4408.721068319853,-0.004566772205221,101.82441206443154,101.91612705583051,0.2737338994924932,0.0010756424445379498,0.0016861146410542286,0
2025-09-05 04:50:00,101.44848562344636,101.53384230982648,101.36250554557624,101.52016644514887,6041.401780170049,0.0007065736000098,101.763562940575,101.88013063667763,0.271390731491941,0.0036691462317985923,0.0016927190830339721,1
2025-09-05 05:50:00,101.52016644514887,101.77563365824966,101.45990079410014,101.7279262353619,1468.524033140927,0.0020464878800734,101.7564355995324,101.86629387292167,0.2727261042473015,0.0012471336851154202,0.0017003419640732353,1
2025-09-05 06:50:00,101.7279262353619,101.7945301068188,101.13720779815552,101.21765055043876,4092.362979579563,-0.0050160826412852,101.64867858971368,101.8073262981505,0.3074196097049559,0.0051232428008136655,0.0018315941947545183,1
2025-09-05 07:50:00,101.21765055043876,101.28814423319396,101.1691091944041,101.27864395986796,4489.128852113913,0.0006025965737943,101.57467166374454,101.75926426739754,0.2911571407547048,0.0036935693255994995,0.0018329016271400316,1
2025-09-05 08:50:00,101.27864395986796,101.68160983663388,101.19231071783308,101.62100075220212,2386.789629006129,0.0033803453418059,101.58393748143608,101.74669485692525,0.2963932253191359,0.000489163224615563,0.001943870312117091,0
2025-09-05 09:50:00,101.62100075220212,101.71676537792212,101.4773247745392,101.49951424596102,1637.178214166931,-0.0011954862217636,101.56705283434108,101.72422389229212,0.2971855078730385,0.00256961569409353,0.0019371207204466187,1
2025-09-05 10:50:00,101.49951424596102,101.59526820735609,101.436156994567,101.51319552395384,3212.271038491862,0.0001347915612646,101.55628137226364,101.70503949517044,0.2906688478334566,0.003328025608381413,0.0019233396696824337,1
2025-09-05 11:50:00,101.51319552395384,101.56534752312888,101.48605879341632,101.5553313602566,1974.602279176455,0.0004150774299369,101.55609136986224,101.69142966472374,0.2754703979273785,0.003391194038238954,0.001900625493990406,1
2025-09-05 12:50:00,101.5553313602566,101.59992370852106,101.44258875607578,101.50603714252348,2326.9615662883757,-0.0004853927122572,101.54608052439448,101.67457579906916,0.2741847550355842,0.005257851140840986,0.001895942474229425,1
2025-09-05 13:50:00,101.50603714252348,101.74584394945585,101.4619453810634,101.66042225764976,4197.251728083273,0.0015209451523512,101.56894887104556,101.6732891134856,0.2849275448296384,0.00597702913642606,0.001917808652339733,1
2025-09-05 14:50:00,101.66042225764976,101.7381626929892,101.648957626302,101.67347805940284,6891.4103960479815,0.0001284256101157,101.589854708717,101.67330629038716,0.2697019421220251,0.00654114095424374,0.0019178768403985316,1
2025-09-05 15:50:00,101.67347805940284,101.67353485532506,101.4650616889552,101.55760792051704,4677.438197846351,-0.0011396299319877,101.58340535107702,101.6627882567626,0.2726012712612312,0.010620692015646194,0.0018957638270496802,1
2025-09-05 16:50:00,101.55760792051704,101.95775174962384,101.5119954656039,101.89265878131266,902.7461734877191,0.0032991212343032,101.64525603712416,101.68368557717623,0.2887128934378771,0.009089175931118243,0.001982625737732189,1
2025-09-05 17:50:00,101.89265878131266,101.9662638581202,101.79199140356056,101.85479455888697,3173.6056182993193,-0.0003716089351145,101.68716374147672,101.69924093914992,0.2563933666437594,0.011015023995730289,0.001981325314185999,1
2025-09-05 18:50:00,101.85479455888697,101.88202359725318,101.72320034411808,101.73621314993656,2016.7816470974055,-0.0011642201966429,101.6969736231687,101.70260204922144,0.255499544421249,0.012385525008001608,0.0019404246580770044,1
2025-09-05 19:50:00,101.73621314993656,101.7715839232146,101.56782183607578,101.65272365253644,5096.278051524404,-0.0008206467964074,101.68812362904224,101.6980676495228,0.2475016317776268,0.01599236337110277,0.0018977685707448403,1
2025-09-05 20:50:00,101.65272365253644,101.74617799511329,101.59215325205513,101.67071000861873,9094.21293546916,0.0001769392440849,101.68464090495756,101.6955805912588,0.2115518056629741,0.021577768769124095,0.0018954871074227417,1
2025-09-05 21:50:00,101.67071000861873,101.76391247702028,101.66996650411832,101.7603289907103,2933.126653877824,0.0008814631282105,101.6997785221081,101.70146680939074,0.2097597295281232,0.01874077868541324,0.0019015124776660373,1
2025-09-05 22:50:00,101.7603289907103,101.95147234605456,101.7569609249146,101.85103403824618,1933.4518180367784,0.0008913596136679,101.73002962533572,101.71506383019576,0.188703465409492,0.020717432257681523,0.0019026547786916003,1
2025-09-05 23:50:00,101.85103403824618,101.94900809449535,101.82834297043536,101.89972519451688,3298.947658419556,0.0004780624637783,101.76396873917196,101.73185122695224,0.180219502600713,0.02164923520954698,0.001888979192808555,1
2025-09-06 00:50:00,101.89972519451688,102.10806138825274,101.85018405124256,102.03974077571554,2441.2643938219726,0.0013740525887717,101.81912314648068,101.75984118593072,0.187274225759362,0.01912941155045833,0.001899225837179083,1
2025-09-06 01:50:00,102.03974077571554,102.32743140625664,101.98210876347386,102.2680495635051,3521.0505336073834,0.0022374497039481,101.9089084298856,101.8060419475284,0.2062766481215204,0.018153434348990416,0.0018824724026632808,1
2025-09-06 02:50:00,102.2680495635051,102.35182359396352,102.1961175856294,102.3385386106976,1744.7279784136576,0.0006892577642123,101.994834466048,101.85445073508922,0.2061602949707232,0.017114951954523283,0.001813074476840321,1
2025-09-06 03:50:00,102.3385386106976,102.70254332882207,102.2696256046188,102.6362199960866,4678.964156618226,0.0029087906611742,102.12311157205572,101.92552066790716,0.2168045203857837,0.014190101706757163,0.0018754194852076194,1
2025-09-06 04:50:00,102.6362199960866,102.83546652972642,102.61895116949704,102.81877908306542,3704.897282394225,0.0017787004138087,102.26224507425766,102.0067259783761,0.2258981127816537,0.013142275409262716,0.001867616016878358,1
2025-09-06 05:50:00,102.81877908306542,102.9854543150315,102.77206447441986,102.97672756503329,2908.2740642376716,0.0015361832087137,102.4051415724128,102.09490794079947,0.226249303798924,0.008059022069623722,0.001857649357709332,1
2025-09-06 06:50:00,102.97672756503329,103.0922254180322,102.92378208890652,102.99626956212448,2214.22684557219,0.0001897710050928,102.52336717035512,102.17684990637449,0.2064412355921904,0.010183281698137314,0.0018496678149597418,1
2025-09-06 07:50:00,102.99626956212448,103.32043230803636,102.96301662560332,103.2783909468501,4425.796089415418,0.0027391417759596,102.67437192565411,102.27699000096317,0.2195228947260038,0.006527461454176153,0.0018938909801739818,1
2025-09-06 08:50:00,103.2783909468501,103.9362680345945,103.24855078718804,103.86453707977736,5226.49927924745,0.0056753995444112,102.91240495647878,102.42131246267354,0.2573010371739578,-0.002811062842233869,0.0020804096054561727,-1
2025-09-06 09:50:00,103.86453707977736,103.88623077624646,103.6298973647181,103.66739679528004,1032.5142213033714,-0.0018980519245554,103.06340332423903,102.53459285654684,0.2610561317732112,0.0006148075870451297,0.0021177211731240922,0
2025-09-06 10:50:00,103.66739679528004,104.00080505395805,103.6506834458457,103.96112593630836,2183.90366213008,0.0028333801186151,103.2429478466529,102.66427768197973,0.2750630507056532,-0.0010095468113872075,0.0021487852799323545,0
2025-09-06 11:50:00,103.96112593630836,104.1931051117322,103.94203103963982,104.10577631304116,3498.511682970943,0.001391389093087,103.41551353993056,102.7953230120762,0.2862864863621134,-0.00010876407653614972,0.0019316683008560422,0
2025-09-06 12:50:00,104.10577631304116,104.19296768435645,103.9213798955858,103.99170097151628,2123.8743483715143,-0.0010957638045162,103.5307510262477,102.90408464475256,0.2917919411928754,-0.0006698300341517749,0.0019608413040688244,0
2025-09-06 13:50:00,103.99170097151628,104.145418836131,103.94272964139472,104.12456588725549,4426.622662865899,0.0012776492210238,103.64951399844928,103.01503748498013,0.2976508033840375,-0.0006482617276958313,0.0019491668370711693,0
2025-09-06 14:50:00,104.12456588725549,104.1285501058798,104.04592152404042,104.0900577821158,4376.0272726034955,-0.0003314117551956,103.73762275518256,103.11276660290152,0.2851330351575519,-0.002283615041342779,0.0016578458049811725,-1
2025-09-06 15:50:00,104.0900577821158,104.09734846938083,104.00153243412248,104.09263839662816,7398.545252727451,2.479213257577939e-05,103.80862588347168,103.20184585687667,0.267311134620092,-0.0019852927036574375,0.0016640567028212456,-1
2025-09-06 16:50:00,104.09263839662816,104.25180764787952,104.02181598770406,104.1700517950192,1537.920451173043,0.0007436971488423,103.8809110657812,103.289864578526,0.2726172526087599,-0.0005001737566417974,0.001599152219267259,0
2025-09-06 17:50:00,104.1700517950192,104.20336561349444,103.7366577799108,103.80661928513751,3800.240346452272,-0.0034888387172621,103.86605270965248,103.33684227912704,0.2750308318502133,0.004660112465560751,0.0017358873851241123,1
2025-09-06 18:50:00,103.80661928513751,104.14720334161557,103.74909721202717,104.04510958893287,1402.2126310276162,0.0022974479415447,103.90186408550856,103.40123021638212,0.2880016010901422,0.003503235725647702,0.0017550026852659138,1
2025-09-06 19:50:00,104.04510958893287,104.10014617798196,103.86297356871792,103.952536662805,1432.2321999889034,-0.0008897383691904,103.91199860096783,103.45134898423872,0.2897003702795991,-0.0004835206100950451,0.0017785545119283434,0
2025-09-06 20:50:00,103.952536662805,103.95704384835976,103.5699728367295,103.57256733896658,996.0491653741984,-0.0036552193533374,103.8441123485676,103.46236883466854,0.3053166333156402,0.002114233055539705,0.0019302806612344,1
2025-09-06 21:50:00,103.57256733896658,103.7691991502229,103.48274042155946,103.731132297359,1334.8931492844738,0.0015309551792173,103.82151633832588,103.4868018767313,0.3002482794749558,0.004080564915869278,0.0019304302022393044,1
2025-09-06 22:50:00,103.731132297359,103.8726475244481,103.62835917193873,103.85617231311114,2453.4738529757688,0.0012054241863832,103.82844753328295,103.52038100731129,0.2685747869823081,0.0029699530483191516,0.0019307534448301084,1
2025-09-06 23:50:00,103.85617231311114,104.1050147371362,103.82860636567644,104.0944533444184,3238.0244702068444,0.0022943367351231,103.88164869551004,103.57256940159375,0.2700087126916943,0.00033641656627669825,0.0019225838661895355,0
2025-09-07 00:50:00,104.0944533444184,104.18426729636866,103.85217929927762,103.92204420690302,1500.6903327291352,-0.0016562759299472,103.88972779778864,103.60433983844004,0.2687205976187446,0.0038952550439779188,0.001912100016353677,1
2025-09-07 01:50:00,103.92204420690302,104.13864631732162,103.87396563209995,104.05706591627784,4647.722143304054,0.0012992595594636,103.9231954214865,103.64549675460712,0.2696924985565486,0.0043232967820356905,0.0019070044406750192,1
2025-09-07 02:50:00,104.05706591627784,104.1001105966493,103.84669706274488,103.85235616051033,3771.976728236393,-0.0019672835666174,103.90902756929128,103.66430215514376,0.2683943374946764,0.0058954916672082636,0.0019369757859755085,1
2025-09-07 03:50:00,103.85235616051033,103.93040097759727,103.83747057950484,103.88598404111488,2840.093394045078,0.0003238046958953,103.904418863656,103.68445505386842,0.2605544234486885,0.008436960320162834,0.0019195212085299843,1
2025-09-07 04:50:00,103.88598404111488,104.19681114013268,103.81894151552024,104.11794866888332,1424.7338839585173,0.0022328770325421,103.94712482470146,103.72386356432432,0.2816430693610487,0.006652614457390182,0.0019364336771174712,1
2025-09-07 05:50:00,104.11794866888332,104.33246905171332,104.04103740910246,104.2903698056759,1624.814171196868,0.0016560174205977,104.01577382089636,103.77536413171993,0.2956156127433717,0.0043738711688687815,0.0019430192308596218,1
2025-09-07 06:50:00,104.2903698056759,104.45840137167268,104.26393087608756,104.40960413392376,913.5821492437348,0.0011432918348073,104.09453988350184,103.83302231373844,0.2930783867012029,0.0044442212257240765,0.0019440387095104048,1
2025-09-07 07:50:00,104.40960413392376,104.51096657085128,103.87120760447628,103.90227346885688,3205.578979704221,-0.0048590421281181,104.05608660057284,103.83931787329466,0.3054391819005865,0.009233965028221158,0.002184610360117382,1
2025-09-07 08:50:00,103.90227346885688,103.95141904753832,103.77572681709272,103.79154388448173,4455.804083065491,-0.0010657089655342,104.00317805735465,103.83497478340256,0.2895524748189574,0.011095778788440924,0.0021996310213525327,1
2025-09-07 09:50:00,103.79154388448173,104.16721808214176,103.75771628855252,104.154413916495,3948.695277710536,0.003496142541411,104.03342522918273,103.8640147045928,0.301861702270759,0.0015764836179350539,0.002241914771562695,1
2025-09-07 10:50:00,104.154413916495,104.2616492342165,104.15312333850224,104.16462026865922,4095.680029140073,9.7992507282596e-05,104.05966423707802,103.89134248314429,0.281965622562475,-0.0014102701091831538,0.002243368214315897,-1
2025-09-07 11:50:00,104.16462026865922,104.19267409261091,104.1229320675669,104.12947244298098,3623.156768086807,-0.000337425755382,104.07362587825862,103.91299066131126,0.2664858580182314,-0.001410955831647298,0.0022066056308778764,-1
2025-09-07 12:50:00,104.12947244298098,104.42654281460564,104.08405984483828,104.32684707378046,7871.426627805865,0.0018954732619773,104.124270117363,103.95061397153572,0.2734997592509458,-0.008784241992859987,0.0022089625783272403,-1
2025-09-07 13:50:00,104.32684707378046,104.54213969561522,104.29558752116672,104.50693549450176,2120.5440849811093,0.0017261944146931,104.20080319279076,104.00118865544172,0.2713671737501418,-0.006973449470911497,0.0022122087168123775,-1
2025-09-07 14:50:00,104.50693549450176,104.56721505465956,104.39789887546029,104.46461686087456,2223.331232571172,-0.0004049361262672,104.25356592640752,104.04331849229924,0.2597406153293024,-0.00626021963490353,0.00221707453726753,-1
2025-09-07 15:50:00,104.46461686087456,104.80013949905084,104.38194077824151,104.76246596629085,1770.945010720495,0.0028511960735275,104.3553459343842,104.1086955353894,0.270706189299851,-0.008053211741625765,0.002220900286218626,-1
2025-09-07 16:50:00,104.76246596629085,104.88233835132937,104.71078559844923,104.81060523947173,3074.148761607349,0.0004595087824332,104.44639779540172,104.17250550848776,0.2648589906552568,-0.007534514537277492,0.002005896054432123,-1
2025-09-07 17:50:00,104.81060523947173,104.8356593195906,104.65386065261076,104.7465224473596,965.2639554827524,-0.000611415151794,104.5064227257933,104.22468886656704,0.2712067241472147,-0.007299733801942154,0.0019733499045596764,-1
2025-09-07 18:50:00,104.7465224473596,104.8837627167928,104.66340363269887,104.8736235127852,3611.777526780971,0.0012134156099499,104.57986288319168,104.28368292531414,0.2599559712530371,-0.007921554784048657,0.001927178340089267,-1
2025-09-07 19:50:00,104.8736235127852,104.95069447772612,104.81298894119008,104.86170342842098,4045.402722385215,-0.0001136614142331,104.63623099223754,104.3362302437784,0.248975535104835,-0.010248419601087244,0.0019173927769299793,-1
2025-09-07 20:50:00,104.86170342842098,105.019640939846,104.7917652601824,104.9431918955347,7527.685855659678,0.0007771041710127,104.69762317289698,104.39140857575624,0.2513616196818721,-0.00823287039022813,0.0019042243184836387,-1
2025-09-07 21:50:00,104.9431918955347,105.00623211186614,104.30798987216892,104.31861164376998,5375.4575504681225,-0.005951603343516,104.6218208670716,104.38479067284838,0.2555389963477452,-0.0015521291218649758,0.0021901942038036926,-1
2025-09-07 22:50:00,104.31861164376998,104.40751956116668,103.96895561380256,104.01772001825992,2471.568504705312,-0.0028843522816194,104.50100069730928,104.35142061334034,0.2743155475562133,0.0017714648320548143,0.00225059431145704,1
2025-09-07 23:50:00,104.01772001825992,104.02980520477922,103.91050175047924,103.9825503565912,3464.216765153766,-0.0003381122145587,104.39731062916566,104.31788695363586,0.2535870947498375,0.0019581580951995026,0.00225127936575619,1
2025-09-08 00:50:00,103.9825503565912,104.07819222600033,103.37703313906457,103.41041480273228,3211.62585499158,-0.0055022265937589,104.19993146387898,104.2353894853719,0.2959180369799453,0.004124971749426498,0.0024444536652363192,1
2025-09-08 01:50:00,103.41041480273228,103.87671495493596,103.33820472985629,103.77816166047104,2190.0747674476233,0.00355618782151,104.1155775031974,104.19382331947182,0.3294014798396339,0.0026374764681125207,0.0024583030742543932,1
2025-09-08 02:50:00,103.77816166047104,103.83085162764736,103.77178682489462,103.81064541524944,3063.0307991619675,0.0003130114684888,104.0545910856078,104.15898896454252,0.3091573250528725,-0.0003047818708717953,0.002423108841438225,0
2025-09-08 03:50:00,103.81064541524944,103.9580057911602,103.75731879805552,103.91879164528945,2331.0703702623277,0.0010417643547768,104.02743119754416,104.1371528446104,0.3058812406711705,-0.001438524437027855,0.0024260251414588594,-1
2025-09-08 04:50:00,103.91879164528945,104.08767901704304,103.88979043012652,104.02090821063408,3173.9876086747995,0.0009826573589615,104.02612660016214,104.12658515061256,0.3079221269366883,-0.0010878600906542024,0.002338002785069853,0
2025-09-08 05:50:00,104.02090821063408,104.02867571535336,103.9244037487786,103.9819007168147,1141.1788285881414,-0.000374996666443,104.01728142349266,104.1134320202673,0.2854987873485056,-0.0007826030228970104,0.002325607290729753,0
2025-09-08 06:50:00,103.9819007168147,104.13023259639704,103.878300478994,104.04286135872698,7169.200234111091,0.0005862620464911,104.02239741053953,104.1070165055818,0.2912401705287146,-0.0016031775916515167,0.0023184901491611894,-1
2025-09-08 07:50:00,104.04286135872698,104.07552605628952,103.77523992506993,103.78703669160176,2304.6299373513025,-0.0024588392109206,103.97532526675198,104.07792743158362,0.2997035608315558,0.0021161061438856876,0.002322898069385474,1
2025-09-08 08:50:00,103.78703669160176,104.13773573496758,103.7137880528804,104.07920819832192,3978.663870708197,0.002815105971166,103.99610185306598,104.07804386492346,0.3142456035453601,-0.002919094682631851,0.00235982089505271,-1
2025-09-08 09:50:00,104.07920819832192,104.1633394306832,104.0644584182414,104.15669568868516,3455.6928021869217,0.0007445049948455,104.02822062018984,104.08519403071998,0.3114724232529135,-0.001321438998380331,0.0023523727473634963,-1
2025-09-08 10:50:00,104.15669568868516,104.29210887255222,104.12012255876968,104.2019837511828,3693.2221349864058,0.0004348070203092,104.06297324638842,104.09581127803476,0.3074803256899798,0.0013736661641738923,0.0023246598779850876,1
2025-09-08 11:50:00,104.2019837511828,104.2575322045734,104.1120279152237,104.18616462933146,1332.0445174227618,-0.0001518120987898,104.08761152297704,104.10402521906174,0.2679990435222988,-0.0011367142599564284,0.0023247537819880326,0
2025-09-08 12:50:00,104.18616462933146,104.23805799078944,103.74692549857994,103.83697984239002,2599.132064863783,-0.0033515466106631,104.03748518685964,104.07974836663703,0.2717539395826814,0.004199891924881571,0.002368120574619637,1
2025-09-08 13:50:00,103.83697984239002,104.06001647522616,103.7563820711364,104.0518741197545,2561.231120160697,0.002069535127954,104.04036297343862,104.07721434419317,0.2849204359962363,0.0019495405422378376,0.002379012199369043,1
2025-09-08 14:50:00,104.0518741197545,104.15415445263952,103.70419787406227,103.77900581252337,3788.9306649907408,-0.0026224256846839,103.98809154125556,104.05010447767772,0.2669773996849126,0.0023565044772990706,0.0024100554226355072,1
2025-09-08 15:50:00,103.77900581252337,103.87257118922216,103.68958594790024,103.76930192404129,2548.7813612772356,-9.350531358520708e-05,103.94433361781272,104.02457697280168,0.2415827579879317,0.006161787541343999,0.002254210791793927,1
2025-09-08 16:50:00,103.76930192404129,103.97085341209603,103.7589358831268,103.90774801599812,983.574575825608,0.0013341719505655,103.9370164974498,104.0139561585468,0.2525008098605385,0.009284010070383042,0.002258817838172351,1
2025-09-08 17:50:00,103.90774801599812,103.99111755146755,103.8503804476429,103.90052416698715,4001.2189823965778,-6.95217551036631e-05,103.92971803135728,104.0036441593141,0.2482186749119656,0.009477754180737374,0.0021688522805869276,1
2025-09-08 18:50:00,103.90052416698715,103.99506998470092,103.8022943396292,103.87606217482536,2669.10648476348,-0.0002354366578795,103.91898686005092,103.99204579708784,0.2478534647801942,0.008790026972461895,0.0021688003485113125,1
2025-09-08 19:50:00,103.87606217482536,104.07171713250553,103.86156199865658,104.00666107760055,2431.6288188124136,0.0012572569660505,103.93652170356084,103.99337445895264,0.2554165481569208,0.0069317192502733604,0.0021810851644723053,1
2025-09-08 20:50:00,104.00666107760055,104.08064791762068,103.73328190792007,103.77539113509766,8436.885654733878,-0.00222360702773,103.9042955898682,103.97355779314763,0.2622332547496039,0.012449591075009536,0.002185049728998936,1
2025-09-08 21:50:00,103.77539113509766,104.04132756307636,103.674751950158,104.0190589690597,4413.619881789642,0.0023480309859282,103.92724826570652,103.97769426368512,0.2669682177280847,0.010999154027605762,0.0022050690220689825,1
2025-09-08 22:50:00,104.0190589690597,104.34660010879846,104.00921098351895,104.3451224905016,2032.7052536680465,0.0031346517135757,104.01082311066554,104.01109682975934,0.2607854636703917,0.0056151572917388926,0.002279085546233621,1
2025-09-08 23:50:00,104.3451224905016,104.38693628302296,104.05469958200752,104.06773473030712,3019.637438300646,-0.0026583682454321,104.02220543459386,104.01624572980911,0.2774537271399374,0.008355236488862827,0.002262198547445856,1
2025-09-09 00:50:00,104.06773473030712,104.34113988239366,104.06113404443455,104.27308393553416,2937.8151598655736,0.0019732264352558,104.07238113478192,104.03959465760232,0.2851694074382617,0.005823736300662574,0.0022921786876623144,1
2025-09-09 01:50:00,104.27308393553416,104.30885640188606,104.22883111147598,104.2547274668468,2144.980374290392,-0.0001760422536146,104.1088504011949,104.05915218571543,0.2804923360854324,0.005702309386338866,0.0022906929201534226,1
2025-09-09 02:50:00,104.2547274668468,104.26394613254924,103.99511678184632,104.02356150437022,5235.650818078267,-0.0022173187546827,104.09179262182997,104.0559166692295,0.2646135402635344,0.008209709256865816,0.002305325181646082,1
2025-09-09 03:50:00,104.02356150437022,104.42441470662192,103.9232030461028,104.4087063158108,3784.013126756958,0.0037024766876914,104.15517536062612,104.08798845528234,0.2787262014370587,0.002589722383786741,0.002409067441660882,1
2025-09-09 04:50:00,104.4087063158108,104.892926584508,104.36772757706436,104.87242859496946,2429.645452766776,0.0044414138966153,104.2986260074948,104.1593011952539,0.2841006606418008,-0.0009198158309450255,0.002537367542929051,0
2025-09-09 05:50:00,104.87242859496946,104.9279866078374,104.84354079660636,104.88526779429162,3308.265444783942,0.0001224268331931,104.41595436485416,104.2252981588028,0.2770621299210226,-0.0025343359445444413,0.002294761787006313,-1
2025-09-09 06:50:00,104.88526779429162,104.92493375460468,104.77599555310697,104.7891355631352,2901.3639619410465,-0.0009165465577583,104.4905906045104,104.2765561046512,0.2725636065302004,-0.001108285917699292,0.0022358305510085234,0
2025-09-09 07:50:00,104.7891355631352,104.79453430027093,104.66066486047552,104.7276060523488,4611.318712467146,-0.0005871745239213,104.53799369407808,104.31756064535097,0.2720730590995371,-0.0041310445208155855,0.0022383161769654538,-1
2025-09-09 08:50:00,104.7276060523488,105.10872226745413,104.65532302248046,105.0673523183788,19043.21880538893,0.0032440946454959,104.64386541893822,104.38572352471714,0.2906890305211038,-0.006032973526370555,0.0020417036894979754,-1
2025-09-09 09:50:00,105.0673523183788,105.23921395645122,105.03029680956436,105.163180620467,687.855075303594,0.0009120654511003,104.747728459244,104.45640144251256,0.2906006028809551,-0.004346871859406742,0.0019660860914696224,-1
2025-09-09 10:50:00,105.163180620467,105.1871541958494,104.91866088821816,104.93103676591151,1722.239296865721,-0.002207463231768,104.7843901205775,104.49955010827613,0.2849668384474282,-0.00440997509708263,0.002020101155705603,-1
2025-09-09 11:50:00,104.93103676591151,104.9424929493622,104.85906163249878,104.93724526483908,3028.606857024272,5.916742194589375e-05,104.81496114942982,104.53934057705456,0.2647422458720752,-0.0031536217770298247,0.0020165154285694555,-1
2025-09-09 12:50:00,104.93724526483908,105.00603058090904,104.8176618576512,104.88034287963156,1543.7388601832831,-0.0005422515624829,104.82803749547016,104.57034078637976,0.2540979314419575,-0.0015552541448072832,0.002018045794571907,-1
2025-09-09 13:50:00,104.88034287963156,104.9404837916764,104.75232228393796,104.8492201778512,5955.698081742459,-0.0002967448515693,104.83227403194638,104.5956934583317,0.2438068462078878,-0.0004682333168963826,0.0020172998695599585,0
2025-09-09 14:50:00,104.8492201778512,104.9162809427824,104.79410450738472,104.8775647001848,2902.418929878677,0.0002703360338354,104.84133216559408,104.62131811668198,0.2325333174535007,-0.0013021761253371178,0.002016432505616908,-1
2025-09-09 15:50:00,104.8775647001848,104.97619927387274,104.67008265356296,104.67909587961908,1905.3247927647265,-0.001892385860914,104.8088849083991,104.62657064058534,0.2486826981606224,-0.0014219868208028563,0.001994233996821858,-1
2025-09-09 16:50:00,104.67909587961908,104.87087354922824,104.65254386913912,104.77596527491816,3678.7644199722145,0.0009253938858095,104.80230098170291,104.64015197097925,0.245075578831065,-0.001401198666070358,0.0019437592373382126,-1
2025-09-09 17:50:00,104.77596527491816,104.82438092653004,104.55482883692876,104.61945329006738,2711.479966472839,-0.0014937775513698,104.7657314433758,104.63827027271452,0.2285284666226477,0.00013387779413154277,0.0019640839439466606,0
2025-09-09 18:50:00,104.61945329006738,104.7224755798073,104.59767555515184,104.6729992398627,3417.6319405070867,0.0005118163793769,104.7471850026732,104.64142745154618,0.1999285392806342,-0.000354589994835397,0.0019645034309806204,0
2025-09-09 19:50:00,104.6729992398627,104.751914879462,104.2744148010518,104.29497164918811,1511.7340237678266,-0.0036115100686884,104.6567423319762,104.60993146951364,0.2280038440791451,4.189143759703029e-05,0.0020734232417860487,0
2025-09-09 20:50:00,104.29497164918811,104.49602298184418,104.27056434841607,104.43348376335616,4913.830719563758,0.0013280804623441,104.61209061825218,104.59389076895386,0.2334695892170302,-0.001536383776861272,0.001990245705614856,-1
2025-09-09 21:50:00,104.43348376335616,104.77154656952057,104.40827067747986,104.70604974998218,3180.8519881509583,0.0026099482350283,104.6308824445982,104.60408703995644,0.2498557643774097,-0.0050994959542906,0.0020089925298801257,-1
2025-09-09 22:50:00,104.70604974998218,104.80007108281484,104.38789682465324,104.46829350686278,2329.775880659828,-0.0022707020624608,104.5983646570511,104.59174217331154,0.246911122462262,-0.004415387064908405,0.001993970951624853,-1
2025-09-09 23:50:00,104.46829350686278,104.69664727315175,104.40267632657688,104.60631288295036,2557.534409510874,0.0013211604349456,104.59995430223096,104.5930667832787,0.2529863938685496,-0.0038425559798681563,0.0020027150031021726,-1
2025-09-10 00:50:00,104.60631288295036,104.73816474821214,104.5497773787136,104.7172272916592,5221.79533796494,0.0010603032040041,104.62340890011662,104.6043541022224,0.2472645411447871,-0.006489921548198718,0.0019985265987227455,-1
2025-09-10 01:50:00,104.7172272916592,104.85815232861508,104.6951191698488,104.80012627971333,3977.113314605506,0.0007916461330972,104.65875237603596,104.62215157290338,0.2529503869949912,-0.008468958172067498,0.001999959703982264,-1
2025-09-10 02:50:00,104.80012627971333,104.88344627670551,104.66338296640777,104.74099563934872,4468.151066006354,-0.0005642229877355,104.67520102869852,104.63295557894386,0.2552142860692714,-0.006909520419434267,0.0020034888486690937,-1
2025-09-10 03:50:00,104.74099563934872,104.7496985781842,104.52112747690948,104.5302435848647,7107.149064018342,-0.0020121257507392,104.64620953993176,104.62361812493668,0.2581006856075772,-0.00486485962359029,0.0020341775784195114,-1
2025-09-10 04:50:00,104.5302435848647,104.65211195927508,104.51762021391498,104.62915333213871,6948.959250859544,0.0009462309077439,104.64279829837317,104.6241213255914,0.2589803506048928,-0.009314649743864312,0.0019911380113624266,-1
2025-09-10 05:50:00,104.62915333213871,104.68704241586464,104.54693385586968,104.6334595116971,3444.0859434662916,4.115659375281133e-05,104.64093054103796,104.624970251601,0.2471226320109788,-0.008957803743704695,0.001954449131524382,-1
2025-09-10 06:50:00,104.6334595116971,104.67483503426202,104.62329869760386,104.63588324160284,1475.2350135545923,2.316400429691612e-05,104.63992108115092,104.62596234160118,0.2352088217659107,-0.009644339620571873,0.0018789568909088298,-1
2025-09-10 07:50:00,104.63588324160284,104.7284204892784,104.25718087710302,104.29934071548465,2273.3906092863012,-0.0032163204026397,104.57180500801768,104.59626946649968,0.2496150733783478,-0.006955274533681721,0.0019076405294866088,-1
2025-09-10 08:50:00,104.29934071548465,104.34056631956742,104.218901650229,104.27303385314104,500.2333910264548,-0.0002522246273382,104.51205077704236,104.5668844107398,0.2493911194271305,-0.00737375764611059,0.0018763738983577135,-1
2025-09-10 09:50:00,104.27303385314104,104.34623031057848,104.0931060357106,104.1721016728924,2936.630364278938,-0.0009679605217086,104.44406095621238,104.53099507093548,0.2333642763169651,-0.0045989446713983195,0.0018840004121162158,-1
2025-09-10 10:50:00,104.1721016728924,104.20557053946617,104.00537271038708,104.00702555501952,1864.3116022755432,-0.0015846480508883,104.35665387597382,104.48336147857948,0.2315599331491782,-0.005985661275710208,0.0018634381901772845,-1
2025-09-10 11:50:00,104.00702555501952,104.27984241458476,103.92317359117402,104.20435726985002,2265.1975103484187,0.001897292166346,104.32619455474908,104.45799745960409,0.2310879996756105,-0.01150766312551088,0.001772752023588944,-1
2025-09-10 12:50:00,104.20435726985002,104.30468289353738,104.00914616641296,104.03762070179144,2428.478938870197,-0.0016000920923757,104.26847978415756,104.41978139071202,0.2227567474586688,-0.009709313838246247,0.0015902355185192373,-1
2025-09-10 13:50:00,104.03762070179144,104.12818908396945,103.83582116775366,103.91257839382304,2628.2203781368853,-0.0012018951137572,104.19729950609064,104.37367202735848,0.2226422452901612,-0.012287209961180157,0.0015974869220637383,-1
2025-09-10 14:50:00,103.91257839382304,104.08420416690038,103.90244350544867,104.01728559122677,6226.389054755266,0.001007646995409,104.16129672311789,104.3412732604374,0.2221689090011003,-0.012509548076843346,0.0016093082424452907,-1
2025-09-10 15:50:00,104.01728559122677,104.03142992506694,103.984361704806,104.02171862340464,4480.233493369068,4.261822592943609e-05,104.13338110317524,104.31222283888896,0.2138856991078636,-0.013226036875458536,0.001608647003562516,-1
2025-09-10 16:50:00,104.02171862340464,104.0906274935842,103.59748198745484,103.65456941585276,2588.8523329524533,-0.0035295437569253,104.03761876571076,104.25243616406748,0.2333915702386935,-0.011485498081738488,0.0015849488712611295,-1
2025-09-10 17:50:00,103.65456941585276,103.71850640076144,103.61856562412858,103.69617351636644,2683.3187163936736,0.0004013725660927,103.9693297158419,104.20186683245832,0.22420368990713,-0.009914580074920742,0.0015736158544615362,-1
2025-09-10 18:50:00,103.69617351636644,103.6985715997584,103.5576333568267,103.62673924712232,6164.445440342863,-0.0006695933600014,103.900811622098,104.14958250651868,0.2246641540193883,-0.009140619977247133,0.001540968385908583,-1
2025-09-10 19:50:00,103.62673924712232,103.71692202922875,103.4877159042452,103.57391016712644,3076.8812052740877,-0.0005098016243655,103.83543133110368,104.097248657483,0.2310282658042867,-0.010754033187906131,0.0015389038648551709,-1
2025-09-10 20:50:00,103.57391016712644,103.58609738534622,103.42085345694136,103.5041497724833,5579.887893591546,-0.000673532499937,103.7691750193796,104.04333057702848,0.2391502366433359,-0.008656510946786322,0.0015394497802138274,-1
2025-09-10 21:50:00,103.5041497724833,103.7949434680893,103.43451826959492,103.69301994099548,884.5586049364198,0.001824759383342,103.75394400370278,104.01148415557094,0.2312349213804065,-0.012332411311327118,0.0015894230401878604,-1
2025-09-10 22:50:00,103.69301994099548,103.71115174682646,103.35359203827964,103.38447472975304,3424.5792837858176,-0.0029755639426646,103.68005014891284,103.9544832986784,0.2480845670381504,-0.010130151656595476,0.0016512430567493916,-1
2025-09-10 23:50:00,103.38447472975304,103.41190836126248,102.97510638366992,103.0052086301782,3643.654281712201,-0.0036685014898636,103.54508184516592,103.868185601542,0.2612044029470571,-0.00809516957868417,0.0017294064796103765,-1
2025-09-11 00:50:00,103.0052086301782,103.04107716348965,102.91959702539556,103.02748679141332,7398.222440817097,0.0002162818903179,103.4415628344154,103.79175843698484,0.2555817107338427,-0.005258702405823601,0.0017150074885145263,-1
2025-09-11 01:50:00,103.02748679141332,103.07877790805918,102.57398762256774,102.63578272549054,3910.3151394755832,-0.0038019375034916,103.28040681263045,103.68666973593992,0.2661618151681781,-0.0016485988863320644,0.0018033585978089353,-1
2025-09-11 02:50:00,102.63578272549054,102.7235366637998,102.58669425867404,102.71607635630058,2640.951138511067,0.0007823161540529,103.16754072136446,103.59843397415452,0.2548265064539886,-8.570999052193162e-05,0.0018093451802233239,0
2025-09-11 03:50:00,102.71607635630058,102.74130199027437,102.59680462493569,102.64592353704292,5377.7322031440235,-0.0006829779889012,103.06321728450015,103.51184211623529,0.2442643242484824,0.0018860225132297792,0.0017235097728695366,1
2025-09-11 04:50:00,102.64592353704292,102.68126850650071,102.44068751158136,102.46404505766355,1985.03099601936,-0.0017719016314732,102.94338283913284,103.41658783818328,0.2484657766390299,0.0033155180288653163,0.0017046650897134187,1
2025-09-11 05:50:00,102.46404505766355,102.74601523097016,102.43975887174932,102.66806950057556,2506.9584660230653,0.0019911808361381,102.88832017142138,103.3485407165826,0.2669792151361636,0.0023159065266880052,0.0016703203579304358,1
2025-09-11 06:50:00,102.66806950057556,102.69652048712348,102.59714936014711,102.6795266041831,2298.054718103634,0.0001115936401965,102.84656145797372,103.287721251819,0.238852473768091,0.007179536959364352,0.0016469654568564065,1
2025-09-11 07:50:00,102.6795266041831,102.6884109414309,102.4175291330516,102.46007289978796,3347.091483299593,-0.0021372683693906,102.7692637463366,103.21248049254343,0.2510625474642661,0.010878307661205122,0.0016344379076117155,1
2025-09-11 08:50:00,102.46007289978796,102.69954188668476,102.3637134220157,102.60816496694,4170.798006562741,0.0014453636715334,102.73704399045728,103.15754271748858,0.2649832775883617,0.008882491132275128,0.0016487625590584152,1
2025-09-11 09:50:00,102.60816496694,102.68143059386104,102.33466464256452,102.41423496896948,1766.1342803295745,-0.0018900055179139,102.67248218615973,103.08996928580504,0.2733804080392862,0.014011507533035816,0.0016420848586892142,1
2025-09-11 10:50:00,102.41423496896948,102.49476742211364,102.32450140491942,102.33717432180318,3441.1774322671527,-0.0007524407831551,102.60542061328842,103.02153337998668,0.2737391286670996,0.01330460188255933,0.001641852985193305,1
2025-09-11 11:50:00,102.33717432180318,102.41781981984398,102.09317425215444,102.17136399882916,2985.8840891757645,-0.0016202355016431,102.51860929039655,102.9442452544269,0.2711834407524693,0.019073496688061242,0.0016333744317492548,1
2025-09-11 12:50:00,102.17136399882916,102.54185969291416,102.1556062126239,102.48569589875736,3400.143738892973,0.0030765166248716,102.51202661206874,102.90255894936602,0.2732329958770013,0.016850977235885356,0.001742869800292365,1
2025-09-11 13:50:00,102.48569589875736,102.53659430103758,102.4324265593832,102.46657748839148,1355.6196184039698,-0.0001865471098011,102.5029367873333,102.8629242710956,0.2494734075957012,0.0118898314042164,0.0017404404662822726,1
2025-09-11 14:50:00,102.46657748839148,102.79990029711163,102.43805810390543,102.70727256236962,1535.554592744252,0.0023490105737689,102.54380394234056,102.84877411575688,0.2666421258179952,0.01407438404297423,0.0018164622156286924,1
2025-09-11 15:50:00,102.70727256236962,102.9293391095772,102.679370854863,102.83951605972504,3946.8558720295064,0.001287576761179,102.60294636581747,102.84793247429944,0.2484405521910499,0.015878464390152836,0.0017796854076248165,1
2025-09-11 16:50:00,102.83951605972504,102.90913406512136,102.72335402612153,102.80376644636272,4097.215387363385,-0.0003476252585781,102.64311038192652,102.84391738085064,0.2519360974677705,0.017581272658868663,0.0017794425867711172,1
2025-09-11 17:50:00,102.80376644636272,102.9277252178034,102.7566956807092,102.9058391528144,1769.179094408933,0.0009928887819974,102.6956561361041,102.84954663284736,0.2538312525931638,0.020438672542762548,0.0017944389182776982,1
2025-09-11 18:50:00,102.9058391528144,103.45380288344968,102.80641401435346,103.41671806040787,945.2272548094528,0.0049645278810159,102.83986852096488,102.90110767171647,0.2828889578915102,0.009714133269798975,0.002012862027695017,1
2025-09-11 19:50:00,103.41671806040787,103.66740922592746,103.33774738793322,103.57466509578136,1795.7000733508528,0.0015272872542833,102.98682783592818,102.9623401648133,0.2845607778038967,0.0062421720428269545,0.002001599917968763,1
2025-09-11 20:50:00,103.57466509578136,103.58251263238073,103.41843554663356,103.51958108235786,3836.148307742923,-0.0005318290276157,103.09337848521412,103.01299843004462,0.2891826320018121,0.009240215970800048,0.0019861281389774088,1
2025-09-11 21:50:00,103.51958108235786,103.92588534075426,103.4493816385588,103.8492127937273,10270.071836020576,0.0031842450280705,103.24454534691677,103.08901791765211,0.3038699101315387,0.004925933127168047,0.0020614047434617034,1
2025-09-11 22:50:00,103.8492127937273,103.89194951266911,103.61838117660616,103.69872968394084,3458.696167678445,-0.001449053928655,103.33538221432158,103.144446260042,0.299422758088247,0.005893633009278032,0.002067750282099897,1
2025-09-11 23:50:00,103.69872968394084,104.13150103966628,103.68053634116986,104.12012917167554,1889.994084175573,0.0040636899701576,103.4923316057924,103.23314470655414,0.3068655257453839,-0.0018796958096035654,0.0021945972015529917,-1
2025-09-12 00:50:00,104.12012917167554,104.23702250663634,104.06369894779532,104.21268002735118,3312.9820715923083,0.0008888853328548,103.63640129010416,103.32219337208114,0.3070839215772969,-0.0017367716322032045,0.0021002655608632678,-1
2025-09-12 01:50:00,104.21268002735118,104.23350043360108,103.65337267767798,103.68488781929553,2053.343002776901,-0.0050645680344957,103.64609859594243,103.35516559455516,0.3253326493082653,0.006235930250725552,0.0022941556599793663,1
2025-09-12 02:50:00,103.68488781929553,104.21042889145149,103.59643110424008,104.15281416041884,5505.654920930409,0.004512965688296,103.74744170883773,103.42767910054278,0.3416000998026313,0.004301486897077655,0.0024246426308971876,1
2025-09-12 03:50:00,104.15281416041884,104.51892217779525,104.11230492363194,104.47244965337994,4301.768432575479,0.0030689088483848,103.89244329774615,103.5226582417098,0.363203636410412,0.004616372782139111,0.002474715008694268,1
2025-09-12 04:50:00,104.47244965337994,104.69379858639314,104.46092715387312,104.61118749461488,2894.621887217497,0.0013279849538825,104.03619213711993,103.62161544651934,0.3539914392185425,0.002299049456891744,0.002475315387529178,1
2025-09-12 05:50:00,104.61118749461488,105.0913165330674,104.59227548502736,105.00909790199697,2007.5622443355487,0.0038037079676833,104.23077329009531,103.74775021519912,0.3717823530275319,-0.003435047239698341,0.0025376584543175392,-1
2025-09-12 06:50:00,105.00909790199697,105.03467927752853,104.38035655513276,104.4213218419719,3875.977227446652,-0.0055973822437138,104.26888300047064,103.8089839994512,0.4052496875558112,0.0032443810205360357,0.002687944175076376,1
2025-09-12 07:50:00,104.4213218419719,104.46668613680237,104.21355068409332,104.2211959745874,1858.047370985599,-0.0019165230228302,104.259345595294,103.84645781537266,0.4111143958140145,0.006952817652468024,0.002621194419945346,1
2025-09-12 08:50:00,104.2211959745874,104.47704793190192,104.14625537409202,104.4761243687656,4064.022921047131,0.0024460321318935,104.30270134998834,103.90370022931748,0.3885003735792774,0.003930243224341101,0.002646487212714578,1
2025-09-12 09:50:00,104.4761243687656,104.50234550132582,104.32284004539916,104.36076707125824,1628.826536458104,-0.0011041498543742,104.31431449424232,103.94525176040298,0.3777749177173086,0.0017343854369262779,0.0025481467256934787,1
2025-09-12 10:50:00,104.36076707125824,104.37397547831388,104.29597571951466,104.30989194022632,3483.678000834614,-0.0004874928812779,104.31342998343912,103.97840086765964,0.3716265372210259,0.0033739789770388384,0.0025538771138901317,1
2025-09-12 11:50:00,104.30989194022632,104.40704884355308,103.84359266938402,103.92441500117616,2940.253796971662,-0.0036954974440107,104.23562698698652,103.97349306161568,0.3778374280762823,0.005859975389212568,0.00265194025925874,1
2025-09-12 12:50:00,103.92441500117616,104.09106832968205,103.8703740603797,104.0316864009638,4622.084600703675,0.0010322059526284,104.194838869782,103.97878336519278,0.374060709021951,0.006577949149054074,0.0026243743727846144,1
2025-09-12 13:50:00,104.0316864009638,104.3515992513426,103.98222878993604,104.33145954779096,1605.2021199570213,0.002881556160416,104.2221630053838,104.01084483633808,0.3682325492298182,0.005378634548354189,0.0026455700781334063,1
2025-09-12 14:50:00,104.33145954779096,104.6726837874583,104.26540552511432,104.60082612582364,5613.261606252398,0.002581834656586,104.29789562947175,104.06447949901856,0.3849435994800296,0.004044491958404173,0.0026696278551906743,1
2025-09-12 15:50:00,104.60082612582364,105.03134686410812,104.49629566942193,104.9547334264432,1097.605601835423,0.0033834082743653,104.42926318886606,104.145411674239,0.3817238451059666,-0.001036958880447414,0.0026665477630523904,0
2025-09-12 16:50:00,104.9547334264432,104.99255409121076,104.84018901136828,104.85169378840918,5427.607777971764,-0.0009817531298504,104.51374930877468,104.20961913916356,0.3487500802939028,0.0032638971111622617,0.0026807721432967396,1
2025-09-12 17:50:00,104.85169378840918,104.89222747156036,104.5579119240738,104.6483866901055,5177.632070157317,-0.0019389967959311,104.54067678504086,104.2495070983401,0.3435856726741357,0.0031012296929771033,0.002682300543135487,1
2025-09-12 18:50:00,104.6483866901055,104.82850330942182,104.62774207820928,104.76010439669528,5735.547370706198,0.001067553071034,104.58456230737174,104.2959250345542,0.3412920868664589,-0.0018679716123848333,0.0026702575950913105,-1
2025-09-12 19:50:00,104.76010439669528,104.94812662187576,104.75676632247242,104.94582694572084,2679.2565606676453,0.0017728366165261,104.65681523504156,104.35500702647845,0.3193148905352662,-0.0025865681410088825,0.0026409243234003623,-1
2025-09-12 20:50:00,104.94582694572084,104.9722699996629,104.83329756350564,104.88674094867136,3699.2257202620017,-0.0005630142595384,104.70280037776752,104.4033464739505,0.2825041558039436,-0.005669208714164653,0.002619829742533949,-1
2025-09-12 21:50:00,104.88674094867136,104.93755236706096,104.45521523390052,104.54176886585309,1135.0174889572422,-0.0032889961085461,104.67059407538464,104.41593032775982,0.2988757044076158,-0.006348935888594975,0.002710572461983627,-1
2025-09-12 22:50:00,104.54176886585309,104.71775572781078,104.47450479489514,104.66183132272984,2895.1171337632873,0.001148463988885,104.66884152485368,104.4382849636662,0.2926227312008831,-0.008140592479652597,0.002694276064814236,-1
2025-09-12 23:50:00,104.66183132272984,104.72092475646254,104.46877507839127,104.53340951542135,3448.6227374658743,-0.0012270166276042,104.64175512296724,104.44693265018938,0.2978116042112099,-0.006150394941147996,0.002709983094268352,-1
2025-09-13 00:50:00,104.53340951542135,104.73899910167296,104.494312639248,104.71600154399968,3490.9293996917204,0.0017467336942775,104.65660440717372,104.4713934587176,0.3097177973273354,-0.007370573049141571,0.002713784961919829,-1
2025-09-13 01:50:00,104.71600154399968,104.93591467778704,104.70873156667146,104.89262034059492,2530.6267813179593,0.0016866457274062,104.70380759385796,104.50968681161552,0.2856982928235163,-0.010306771079696575,0.0027199567014770548,-1
2025-09-13 02:50:00,104.89262034059492,105.03593337201526,104.83822368699045,105.02388332593196,3988.30221915403,0.0012514034343962,104.76782274027276,104.55643194928064,0.2840565368036952,-0.01155419128087487,0.0026045710035787623,-1
2025-09-13 03:50:00,105.02388332593196,105.03873510517715,104.82218164914612,104.84589968357166,1434.155293245392,-0.0016946968320333,104.78343812893254,104.58274719785256,0.2731410364197292,-0.007079299360804092,0.0026251870965845136,-1
2025-09-13 04:50:00,104.84589968357166,105.2909161322547,104.82866048830776,105.19391892886564,562.7311525217532,0.0033193405402054,104.86553428891916,104.6383082643083,0.2770679922485125,-0.008784219457424358,0.0026697165900026114,-1
2025-09-13 05:50:00,105.19391892886564,105.25898603287028,104.886805742001,104.972925374231,6461.163437124729,-0.0021008206261816,104.88701250598152,104.668728001574,0.2654343562615884,-0.005778689363061029,0.002662086359820105,-1
2025-09-13 06:50:00,104.972925374231,105.05763688419896,104.55208056432964,104.56441549557178,2489.897664758905,-0.0038915737291579,104.8224931038996,104.65924504648288,0.2906623019777917,-0.0006613124564067707,0.0027486418878444976,0
2025-09-13 07:50:00,104.56441549557178,104.70655130110303,104.51564652278223,104.6743774132112,9658.81499008813,0.0010516189194791,104.79286996576192,104.66062071618543,0.2804186756088082,-0.002769374460476759,0.00266459527701468,-1
2025-09-13 08:50:00,104.6743774132112,104.76719680872624,104.18924302477278,104.29211612288482,2134.988852512664,-0.0036519088985583,104.6927191971865,104.62712029861268,0.3073610008045863,-0.0006283843214102136,0.0027447437923245567,0
2025-09-13 09:50:00,104.29211612288482,104.30454146137195,103.81564058875486,103.87803987764347,1262.6274771453789,-0.0039703504026464,104.5297833332779,104.55902207852456,0.3286138988912818,0.00142470394770422,0.002685435565022756,1
2025-09-13 10:50:00,103.87803987764347,103.90915183721452,103.715192194151,103.80982200575735,2377.5420368093146,-0.0006567111967693,104.3857910677738,104.49091298100026,0.3325415565274434,-0.002170407935577656,0.0025616603783520163,-1
2025-09-13 11:50:00,103.80982200575735,103.94730544840016,103.7778098729973,103.89048776235676,8560.025069567306,0.0007770532213697,104.2867304066904,104.4363288702145,0.3101957309733296,-0.0007522161775740388,0.0025015401445789495,0
2025-09-13 12:50:00,103.89048776235676,104.00242699831205,103.85116641927428,103.9441846052056,1530.9743112346166,0.0005168600514386,104.21822124639344,104.3915884824864,0.3036249914106231,-0.00213667315975119,0.002489938428283038,-1
2025-09-13 13:50:00,103.9441846052056,103.97611666765415,103.74127803858684,103.81151611479488,2023.2487466439527,-0.0012763435579837,104.13688022007376,104.33885463087807,0.302388487910343,-0.0044835624288421805,0.002386439068055694,-1
2025-09-13 14:50:00,103.81151611479488,103.88442746364706,103.7936963520058,103.81041728892386,4695.1387213678845,-1.0584816715342171e-05,104.07158763384378,104.2908148725186,0.2913916771400774,-0.0006186040780367108,0.002186582043664233,0
2025-09-13 15:50:00,103.81041728892386,104.19564010936608,103.725760883492,104.10366417295882,3752.287947312862,0.002824830991853,104.0780029416668,104.27380117255862,0.3087271139085408,0.0007690810822631455,0.0022254836374136357,0
2025-09-13 16:50:00,104.10366417295882,104.36584978709568,104.07193804089547,104.26987245940798,2714.742427989094,0.0015965651907603,104.11637684521504,104.27344401681763,0.3155986897067809,0.006198803771843453,0.0021998802749780815,1
2025-09-13 17:50:00,104.26987245940798,104.40919740521528,104.16867207039114,104.36631944696153,3716.7201962261774,0.0009249746382022,104.16636536556436,104.28188723773982,0.3173109667634303,0.005687907144765303,0.00219803812079293,1
2025-09-13 18:50:00,104.36631944696153,104.54016119272458,104.31128435345173,104.49526574510766,5365.363987215729,0.001235516389094,104.232145441473,104.30128528386416,0.3006410521438525,0.005202127988008121,0.0022066965444207665,1
2025-09-13 19:50:00,104.49526574510766,104.5781000712656,104.33864210335015,104.38449486573676,4625.091071461585,-0.0010600564396964,104.26261532632576,104.30884979130714,0.2911608862185773,0.0062123836519174525,0.0021091188997579818,1
2025-09-13 20:50:00,104.38449486573676,104.45597140426224,104.15438419535788,104.2265805922665,5317.161079896229,-0.0015128135042793,104.25540837951392,104.30137077321254,0.2765916640067912,0.00734598457357305,0.0021223408847336183,1
2025-09-13 21:50:00,104.2265805922665,104.23012119969688,104.01983333057244,104.02603533113694,3371.38726049711,-0.0019241277991657,104.20953376983852,104.2763402784784,0.2779761704927647,0.012286809297918477,0.0020860103050175565,1
2025-09-13 22:50:00,104.02603533113694,104.12934971535032,103.54540851769808,103.58451234428516,2262.974692182994,-0.0042443508055105,104.08452948472788,104.21344682991536,0.2784038428998222,0.02004522922405516,0.0021520070259057437,1
2025-09-13 23:50:00,103.58451234428516,103.84131031550534,103.5483063044335,103.81233965676586,3299.4612108418464,0.0021994341366735,104.03009151913548,104.17698254144725,0.2644112099323042,0.017621999084829643,0.0020960357896466337,1
2025-09-14 00:50:00,103.81233965676586,103.87939763719524,103.68183416883204,103.72208985584744,4533.093821617482,-0.0008693552348094,103.96849118647786,104.13562866093817,0.2646686260251393,0.020474280760640395,0.002095019300264524,1
2025-09-14 01:50:00,103.72208985584744,103.82037554767382,103.27879045789015,103.34607070146144,2578.3000636826346,-0.0036252562487758,103.8440070894746,104.06385066462208,0.29124644848091,0.01933148012626318,0.0021569242542286535,1
2025-09-14 02:50:00,103.34607070146144,103.79563648164176,103.26521485895113,103.74619974144623,2648.658210682993,0.0038717392666109,103.82444561986892,104.03497330796972,0.3183293801704018,0.015432846731945782,0.0022719086347344217,1
2025-09-14 03:50:00,103.74619974144623,104.2734109260166,103.72225434401976,104.18372833166852,6120.49621708797,0.0042172975136698,103.89630216222884,104.04849649194232,0.3409235196653678,0.010726520352881908,0.0023823134910631,1
2025-09-14 04:50:00,104.18372833166852,105.01236538852253,104.08564612420584,104.916220938099,2907.3814917080567,0.007030777436747,104.10028591740289,104.12738053250204,0.400636959142184,0.005381379036938583,0.002704045400542061,1
2025-09-14 05:50:00,104.916220938099,105.02273292818994,104.91250387923148,104.95994538101677,2237.378873836026,0.0004167557935923,104.27221781012568,104.20306824600335,0.3749476607910681,0.0007950705535955116,0.0026366121459861108,0
2025-09-14 06:50:00,104.95994538101677,105.10768028623303,104.89305771871229,105.03886349165464,3122.998202539641,0.000751887878289,104.42554694643148,104.27904963197166,0.3692841480282526,0.0004449214272441715,0.0026325904491528657,0
2025-09-14 07:50:00,105.03886349165464,105.06782371853195,104.94306058725684,105.03297139515432,6215.043417902687,-5.60944426133414e-05,104.54703183617605,104.34758797407918,0.3610154192033243,0.0036213968252116757,0.002621438956593539,1
2025-09-14 08:50:00,105.03297139515432,105.11832330875173,104.9022024272351,104.99222744545357,2344.2593677057944,-0.0003879158054806,104.63607095803157,104.40619156238591,0.3601042793635928,0.004587584406137379,0.0026066758604204594,1
2025-09-14 09:50:00,104.99222744545357,105.3546366510414,104.89083164193173,105.30418338926916,2219.7074003098305,0.0029712289319481,104.76969344427908,104.48782718301167,0.376129068020325,0.0039007013158491866,0.002641782306854262,1
2025-09-14 10:50:00,105.30418338926916,105.7552988774515,105.23096012713556,105.66088763828832,3119.1281631127167,0.0033873701645883,104.94793228308096,104.59446904258228,0.3920398924068666,0.0005664800593419006,0.002697536989454318,0
2025-09-14 11:50:00,105.66088763828832,105.68937410371886,105.59695868562429,105.6417206111914,2953.7204061695234,-0.0001814013446731,105.08668994870304,104.68967373063764,0.3836204316190199,-0.0015357712515425836,0.0026765684485528115,-1
2025-09-14 12:50:00,105.6417206111914,105.90865318797684,105.5479446650938,105.84572504463644,7229.633011907763,0.0019310972243238,105.23849696788972,104.79476930463754,0.3676752405640765,0.00022420896773556187,0.002635987101697676,0
2025-09-14 13:50:00,105.84572504463644,105.8878074245193,105.2577309765508,105.34390321335412,2378.9915946950855,-0.0047410684850117,105.25957821698262,104.84469056906632,0.3917518431995524,0.008156966530639576,0.0027491047758843807,1
2025-09-14 14:50:00,105.34390321335412,105.36523804086428,105.309343245709,105.3472989410778,4015.390301320856,3.2234686774490484e-05,105.27712236180166,104.89038223924918,0.3816326522561307,0.0036120212537880114,0.00265042012915247,1
2025-09-14 15:50:00,105.3472989410778,105.39138295504662,105.24063764634371,105.30125721405727,2711.820026019707,-0.0004370470575261,105.2819493322528,104.92773450968627,0.3537155250360776,0.002685454993196057,0.0026487161198266167,1
2025-09-14 16:50:00,105.30125721405727,105.54228318496422,105.20786637469368,105.48081489009012,2494.1942274751655,0.0017051807431684,105.32172244382026,104.97801454426843,0.3397151812917859,-0.0027029264863929203,0.002566063971496057,-1
2025-09-14 17:50:00,105.48081489009012,105.5633986069015,104.96236273236964,105.0433959428962,2282.0779488563144,-0.004146905270401,105.26605714363544,104.98395830778004,0.3432779879014295,0.0003929973125786912,0.0025758405305583145,0
2025-09-14 18:50:00,105.0433959428962,105.14515823962836,105.01010699191232,105.08559753271544,6982.210388456364,0.0004017538603013,105.22996522145144,104.99319823731962,0.2867302724299542,-0.0019299839279429687,0.0025692585061751314,-1
2025-09-14 19:50:00,105.08559753271544,105.47954379865976,105.0759131124156,105.41333746430728,3734.308725826202,0.0031187901985314,105.26663967002264,105.0313927125003,0.3076875322360755,-0.005237312243570713,0.002613750336936101,-1
2025-09-14 20:50:00,105.41333746430728,105.56763007387067,105.3301473206702,105.47388815084796,3134.8218555764147,0.0005744120051334,105.3080893661877,105.07161957053192,0.3093204026417697,-0.0018117369870265243,0.0026138118338656195,-1
2025-09-14 21:50:00,105.47388815084796,105.71695517496276,105.4318622179644,105.7149435559801,2462.6966549674607,0.0022854510188095,105.3894602041462,105.130103569209,0.3207725330505703,-0.002806795683804819,0.0026133259153973353,-1
2025-09-14 22:50:00,105.7149435559801,105.77600955400624,105.64733288782368,105.72074242418776,2623.446501622079,5.485381737524442e-05,105.4557166481545,105.18379801057073,0.3145265176695671,-0.007281791344309396,0.002612881493521966,-1
2025-09-14 23:50:00,105.72074242418776,105.80130582312572,105.4093467333516,105.47947909371324,6280.56714123726,-0.0022820813110303,105.46046913726626,105.2106781090382,0.3093946662884558,-0.008504167058521861,0.0026268494861066,-1
2025-09-15 00:50:00,105.47947909371324,105.93634579115732,105.46609018048404,105.86945660538792,5053.788010574976,0.0036971884486476,105.5422666308906,105.27056706325182,0.3055315848854089,-0.013578732590917686,0.002683009012616902,-1
2025-09-15 01:50:00,105.86945660538792,106.25670840682794,105.82287865901122,106.2031899060724,2056.228432269305,0.0031523095648675,105.67445128592696,105.35535095805368,0.3299183227227047,-0.017634693379311117,0.0027235278366529174,-1
2025-09-15 02:50:00,106.2031899060724,106.2054334212757,105.6828527965775,105.72781562388212,3802.392998283668,-0.0044760828993056,105.685124153518,105.38921138221993,0.341480615709501,-0.01058026047243743,0.0028607803929761298,-1
2025-09-15 03:50:00,105.72781562388212,105.82437290872952,105.53299540201868,105.5840390010326,4226.863725602264,-0.0013598750905909,105.66490712302092,105.40692298393016,0.3172878341910967,-0.00251452001611685,0.002866102672510167,-1
2025-09-15 04:50:00,105.5840390010326,105.66647782012234,105.15257875818388,105.19570800171738,2562.262194921626,-0.0036779327916356,105.57106729876024,105.3877216219108,0.3500024246756084,0.003260477227368108,0.002936459619006962,1
2025-09-15 05:50:00,105.19570800171738,105.25484562863689,104.99536335026674,105.08467771520588,2772.6295634965177,-0.0010554640357539,105.47378938204936,105.36017217584671,0.3577693510804108,0.005027891155840791,0.002919263010917463,1
2025-09-15 06:50:00,105.08467771520588,105.14619664512064,104.87610370768716,104.88278401841902,3650.607482381728,-0.0019212477135251,105.3555883093233,105.3167732524442,0.3531747887349062,0.008067756731658271,0.0028295872623348224,1
2025-09-15 07:50:00,104.88278401841902,104.9832186483107,104.84279073310915,104.8612549013698,3208.176143327263,-0.0002052683598239,105.2567216277326,105.27536249325564,0.320274220211311,0.007845718273310265,0.002811946909185684,1
2025-09-15 08:50:00,104.8612549013698,105.32878764821128,104.82769251695063,105.28279720651956,2394.7384045551507,0.0040200005764403,105.26193674349,105.27603837627962,0.3464202118930696,0.004506738252868958,0.0028774201056637667,1
2025-09-15 09:50:00,105.28279720651956,105.47096133008336,105.19744123573284,105.4182233086935,2791.010768623906,0.0012863079797196,105.29319405653072,105.28896427922632,0.33712659818638,0.0031086805904514403,0.0027812687089691095,1
2025-09-15 10:50:00,105.4182233086935,105.44091776542842,104.9248938131338,104.95090603708935,9424.705240087163,-0.0044329837568567,105.22473645264245,105.25823171175934,0.3570223981216754,0.005794869868196217,0.0028549586585100623,1
2025-09-15 11:50:00,104.95090603708935,105.02847587094196,104.49491653357242,104.58246398225444,3475.9520584562174,-0.0035106133786468,105.09628195856486,105.19679828180436,0.3747699967196191,0.010311144534348449,0.002845399489701381,1
2025-09-15 12:50:00,104.58246398225444,104.61213300390322,104.42138432722123,104.4318835645976,1594.828314580975,-0.0014398247270441,104.96340227977142,105.12726058024008,0.379203711755291,0.01095182440540965,0.0025619621276064546,1
2025-09-15 13:50:00,104.4318835645976,104.4653337275208,104.24507198895468,104.33032921617406,3140.2134884617676,-0.000972445817859,104.83678766705196,105.05481227441592,0.3669396152404331,0.01465365200397617,0.0025639682121438153,1
2025-09-15 14:50:00,104.33032921617406,104.69186688021318,104.2630114647954,104.6091877953996,874.7908603740447,0.0026728428954512,104.79126769272148,105.0143009581417,0.3639824584364705,0.01376569094258584,0.0026087038998076615,1
2025-09-15 15:50:00,104.6091877953996,105.40795891765514,104.51754884957391,105.31854582158203,3115.294866188157,0.0067810298610657,104.8967233184936,105.04195958209084,0.3965953384553629,0.006914073971957535,0.002880357302130399,1
2025-09-15 16:50:00,105.31854582158203,105.63151511182524,105.27339218504558,105.53869621207384,6964.815506750953,0.0020903288093696,105.02511789720968,105.08711745754384,0.3848483600326113,0.006667938242282512,0.0029003713894069235,1
2025-09-15 17:50:00,105.53869621207384,105.7135153709272,105.45560083834155,105.61303203690456,2790.735054264665,0.0007043466282865,105.14270072514866,105.13492787384936,0.382458147595097,0.001127614046098957,0.002857012528206949,0
2025-09-15 18:50:00,105.61303203690456,105.8012309612578,105.57108507196908,105.72895280521868,1191.892665480006,0.0010975990943391,105.25995114116267,105.18893014033746,0.3621900638344014,0.00048666472556768703,0.0028000114044620526,0
2025-09-15 19:50:00,105.72895280521868,105.76884596396329,105.5905317316101,105.68396676511172,5706.433029331808,-0.0004254845897304,105.34475426595247,105.2339334698624,0.3563923462617607,0.002269783474898812,0.0028009210833616067,1
2025-09-15 20:50:00,105.68396676511172,105.76147909981532,105.5984590221366,105.75727921605922,3901.800925334,0.0006936951099729,105.42725925597384,105.28151035588029,0.348744284850707,0.0036581070836119167,0.0027821115090869318,1
2025-09-15 21:50:00,105.75727921605922,105.80246400908275,105.64400027035408,105.74593489337312,2291.5178406410782,-0.000107267535343,105.4909943834537,105.32373076837963,0.3500325579597906,0.004451604587809133,0.0026458403932044534,1
2025-09-15 22:50:00,105.74593489337312,105.80599593269795,105.4770627626382,105.55908288012358,2194.751907203489,-0.001766990035484,105.50461208278767,105.3451264149018,0.3377352750168693,0.007699412303127984,0.0026668528489587288,1
2025-09-15 23:50:00,105.55908288012358,105.73395066177238,105.46250075756214,105.66082888413376,2937.8174981843736,0.0009638773020197,105.5358554430569,105.37382663937744,0.3375874042925651,0.007412503859128394,0.002669822080916367,1
2025-09-16 00:50:00,105.66082888413376,105.7503457354306,105.49702566071576,105.57560321572326,4725.948193339271,-0.0008065966291438,105.5438049975902,105.3921699644998,0.318822841608295,0.009280507486397305,0.0026583087067120234,1
2025-09-16 01:50:00,105.57560321572326,105.90466665163837,105.54257556300009,105.85914955396814,2385.9049378656,0.0026857183819779,105.60687390886578,105.43462265445145,0.3065751095560622,0.005600863976260806,0.002585267098459971,1
2025-09-16 02:50:00,105.85914955396814,106.05103889157108,105.78769480915354,106.049205544346,4028.4263642501105,0.001795366684681,105.69534023596184,105.49049382626004,0.3117604956800314,0.0007350170599647043,0.002599690599180162,0
2025-09-16 03:50:00,106.049205544346,106.09777316310648,106.0122926851786,106.04672603801146,1342.723050552917,-2.338071578966705e-05,105.76561739637177,105.5410603909647,0.3021332627773004,8.61826569633628e-05,0.0025481726577015443,0
2025-09-16 04:50:00,106.04672603801146,106.29408512220571,106.02154725401763,106.24242172058698,4019.37429967986,0.001845372223046,105.8609782612148,105.60482051183943,0.2909677236894644,-0.0001332630205778118,0.0025642062815872746,0
2025-09-16 05:50:00,106.24242172058698,106.3176239218318,105.71470752553346,105.73212277528046,2115.4053306226187,-0.0048031561879169,105.83520716402796,105.61639344487952,0.2704324614192594,0.003940309270113573,0.002684294276946712,1
2025-09-16 06:50:00,105.73212277528046,105.87088997844928,105.72357606264416,105.7804073570202,2929.1003354909603,0.0004566689902023,105.8242472026264,105.63130380052868,0.2553746749210778,0.006316139259894271,0.002685457348084401,1
2025-09-16 07:50:00,105.7804073570202,105.93628968648731,105.69618463178722,105.92384648643691,3165.859609662317,0.0013560084802151,105.84416705938852,105.6578985901567,0.2541025693578242,0.0031509675200909193,0.0026617097649393544,1
2025-09-16 08:50:00,105.92384648643691,106.24699192149784,105.8905062335896,106.144150668303,3126.5737389723627,0.0020798355533122,105.90416378117143,105.70210332453364,0.2631268406877903,0.0009391028629357479,0.0026066695928940267,0
2025-09-16 09:50:00,106.144150668303,106.29963100495262,106.12194750532798,106.21667398228662,3939.917748591203,0.0006832530434035,105.96666582139449,105.74888247523845,0.2630817883500376,0.0005657857794401089,0.0025488259921530717,0
2025-09-16 10:50:00,106.21667398228662,106.37759111268905,106.18479105712716,106.37182578155772,4018.7847743209854,0.0014607103899428,106.04769781342712,105.80551368490384,0.2652089296274046,-0.0035467263388291315,0.0024250334333278385,-1
2025-09-16 11:50:00,106.37182578155772,106.52256524149924,106.33405591300016,106.44404018599612,4102.939913453022,0.0006788865745961,106.12696628794092,105.8635615486395,0.2673550431824328,-0.0025300482339059016,0.0024096623273667656,-1
2025-09-16 12:50:00,106.44404018599612,106.60979933630212,106.36447350978833,106.55539839174769,4134.132750657344,0.0010461666576819,106.21265270870228,105.92645580710388,0.2613830900720079,-0.0022093341955679024,0.0023032128343360918,-1
2025-09-16 13:50:00,106.55539839174769,106.60730668620984,106.41154427580084,106.45205225126256,4389.59474288689,-0.0009698817896129,106.26053261721434,105.9742373020274,0.2559768405147774,-0.003439476482000714,0.002301512552937857,-1
2025-09-16 14:50:00,106.45205225126256,106.45631080155238,106.0329415596252,106.1271535196168,5048.380681791364,-0.0030520663977324,106.23385679769484,105.9881387763537,0.2681232096013732,0.0010463154696847,0.002346647688491658,0
2025-09-16 15:50:00,106.1271535196168,106.21928386472705,106.04499057687974,106.05586542662368,2838.581973505682,-0.0006717234056404,106.19825852348062,105.99429574456003,0.2547090809734454,0.0017971778987631026,0.00235178790759406,1
2025-09-16 16:50:00,106.05586542662368,106.31127371045176,105.9608868239033,106.22826353455498,2994.6329346306356,0.001625540532226,106.20425952569548,106.0155655436505,0.2609264241256537,-0.003896768891611946,0.0022680764343478515,-1
2025-09-16 17:50:00,106.22826353455498,106.24711714692612,106.14764019937746,106.14874003880068,1525.8850887861145,-0.0007486095800524,106.19315562831652,106.02767231593688,0.2619261719557094,-0.0021300172279592466,0.002267534166991598,-1
2025-09-16 18:50:00,106.14874003880068,106.54190391113288,106.07198435593332,106.44853114085548,2760.514278063968,0.0028242549270505,106.24423073082431,106.06593220911128,0.2760248638851012,-0.003201631181114162,0.0021470419668499848,-1
2025-09-16 19:50:00,106.44853114085548,106.51847141351924,106.19662859748084,106.25760908631877,2472.268915591817,-0.0017935621327086,106.24690640192324,106.0833573797665,0.2559481795808196,-0.0037197969759551475,0.0020648771260231937,-1
2025-09-16 20:50:00,106.25760908631877,106.26004268245816,106.2341393855829,106.24383094407948,2179.7719575335013,-0.0001296673467222,106.24629131035448,106.09794588561311,0.2472759925143992,-0.003091941349573024,0.0020380129262710755,-1
2025-09-16 21:50:00,106.24383094407948,106.33384566846556,106.227643905178,106.27676986596524,4013.423897768051,0.0003100313834041,106.25238702147664,106.11420261109969,0.237711471699219,-0.0053344268175826715,0.002019846209479369,-1
2025-09-16 22:50:00,106.27676986596524,106.3003124902963,105.9128074502805,105.99455402534892,2492.3868050319015,-0.0026554800354983,106.2008204222511,106.10332546694052,0.239927139706902,-0.00389146966190268,0.0020609422994819675,-1
2025-09-16 23:50:00,105.99455402534892,106.27097678401026,105.95891307825735,106.17473163011373,8758.382957023612,0.0016998760589315,106.19560266382364,106.1098169363199,0.2495257258589213,-0.0035125182379641684,0.001722453329633428,-1
2025-09-17 00:50:00,106.17473163011373,106.37969715113071,106.14640758343234,106.31998190635844,2456.1868048272972,0.0013680305475198,106.2204785123306,106.12892284268705,0.2524178338686726,-0.00315071201531536,0.001702233580636414,-1
2025-09-17 01:50:00,106.31998190635844,106.36744992292572,106.08078954106443,106.08591292108363,4211.124444662792,-0.0022015521548993,106.19356539408122,106.125012849814,0.2594286233945421,0.0003185996904451205,0.0017529723955379203,0
2025-09-17 02:50:00,106.08591292108363,106.34176514523952,106.04983067707454,106.23819600209798,2708.856966973628,0.0014354693928835,106.2024915156846,106.13530222729436,0.2627578120839128,-0.0021991785982379275,0.001759923085323709,-1
2025-09-17 03:50:00,106.23819600209798,106.28431663436426,106.20418715859496,106.2464666840026,5661.468501618031,7.785036094243303e-05,106.2112865493482,106.1454080869951,0.2544983167525042,0.001729999961846529,0.0017568450014926323,1
2025-09-17 04:50:00,106.2464666840026,106.26263261452829,105.75433790892704,105.81431654180358,1980.485446998128,-0.0040674307173369,106.13189254783929,106.11530885561405,0.2605644213006509,0.007405760450440502,0.001906102413344807,1
2025-09-17 05:50:00,105.81431654180358,105.95626052803524,105.70906944419104,105.92264139379186,3353.9844750633747,0.0010237258579797,106.0900423170298,106.09779363181202,0.2657714067290005,0.008212320629784386,0.0019141616190130374,1
2025-09-17 06:50:00,105.92264139379186,106.13461818699918,105.81970172889116,106.10772220437111,2441.386039883355,0.0017473205741838,106.09357829449807,106.0986962293174,0.26323780469754,0.006214656827404852,0.0019071187154788961,1
2025-09-17 07:50:00,106.10772220437111,106.18059035851006,105.80346582041986,105.86235235336726,2376.208756734299,-0.0023124598842229,106.04733310627192,106.07721042241285,0.2830697754505077,0.008994319494200154,0.0019502381429792916,1
2025-09-17 08:50:00,105.86235235336726,105.98589409649269,105.80410801827054,105.91533125004644,2127.6922120038753,0.0005004507787842,106.02093273502685,106.06249413401588,0.2624888128092623,0.012390273602312263,0.001945153422354767,1
2025-09-17 09:50:00,105.91533125004644,105.91789517466366,105.62405068543892,105.70984421470617,3666.0132579200663,-0.001940106620213,105.95871503096272,106.03043505044226,0.2604889323225724,0.016406938230584922,0.0019186719862190774,1
2025-09-17 10:50:00,105.70984421470617,105.79438880166823,105.56176693909032,105.58207943403237,7437.154529961092,-0.00120863654301,105.88338791157663,105.98967544895044,0.2752545441584776,0.015522913689338225,0.0018992491331398405,1
2025-09-17 11:50:00,105.58207943403237,105.89417787712732,105.52511241957662,105.801790948852,3659.4050528395273,0.002080954608939,105.86706851903172,105.9725950398506,0.2940305223201299,0.009702213912553326,0.0019392899546547184,1
2025-09-17 12:50:00,105.801790948852,106.04230413113903,105.74036031428894,105.98499826189796,2085.0314221286058,0.0017316088074021,105.89065446760496,105.97372260549126,0.2879190063797229,0.009869520820356081,0.0019357656771361793,1
2025-09-17 13:50:00,105.98499826189796,106.15889935056168,105.88583958394663,106.11971186010088,4955.621980873187,0.0012710628901464,105.93646594610416,105.98699435591033,0.2851330107270178,0.009630556639226073,0.0017455381380407026,1
2025-09-17 14:50:00,106.11971186010088,106.15338852962331,105.95710480164824,106.00455923513476,1772.327258667145,-0.0010851200304607,105.95008460391028,105.98859116311252,0.2824897364610663,0.008513681849133814,0.0017570670869307262,1
2025-09-17 15:50:00,106.00455923513476,106.48956398375276,105.93482427671,106.43027306731224,3079.544758904361,0.0040159954934877,106.04612229659068,106.02874406349432,0.3016382596883145,0.0016918847305622542,0.0018786945643847507,1
2025-09-17 16:50:00,106.43027306731224,106.62622904261671,106.39318510030442,106.59795202233926,5207.622965590587,0.0015754817703133,106.1564882417404,106.08049024157113,0.2974317935559786,-0.0019095532730801779,0.001864047405189502,-1
2025-09-17 17:50:00,106.59795202233926,106.79291154635544,106.55709032728316,106.79251208687135,3376.0734874862883,0.0018251763832324,106.2836930107666,106.1452195002348,0.3085526323633353,-0.004707188980967114,0.0018856862621113688,-1
2025-09-17 18:50:00,106.79251208687135,106.7982479605646,106.73957570904226,106.76714528460889,2435.6308890137648,-0.0002375335289599,106.38038346553506,106.20175820790516,0.2764367427862707,-0.003943986595240645,0.0018720575531604902,-1
2025-09-17 19:50:00,106.76714528460889,106.890940239973,106.6681284953404,106.81451217284103,1752.8336847088267,0.0004436466677637,106.46720920699626,106.2574631138084,0.2746953614140131,-0.006607963793049065,0.0018702434808226494,-1
2025-09-17 20:50:00,106.81451217284103,107.31878939478356,106.80571560113056,107.22765118291404,1498.4861442808324,0.0038678172251023,106.61929760217984,106.34566202918164,0.2888494568100818,-0.01084140023704816,0.001979137605445081,-1
2025-09-17 21:50:00,107.22765118291404,107.5056664960528,107.174249795344,107.44421909910162,908.2016248450597,0.0020197021365144,106.7842819015642,106.44553085371984,0.28558461128284,-0.013182977827792652,0.0019927222693176773,-1
2025-09-17 22:50:00,107.44421909910162,107.47831338168884,107.15180518861122,107.2210209402277,2289.367655244064,-0.0020773398582575,106.8716297092969,106.51602995249328,0.2959219052010888,-0.009084090923015098,0.0019468812529012246,-1
2025-09-17 23:50:00,107.2210209402277,107.3170480141918,106.82053835292464,106.82830255696902,3040.9788286542394,-0.0036626995323763,106.86296427883131,106.54441837108196,0.3103979889184042,-0.005913532373401642,0.002064395113631877,-1
2025-09-18 00:50:00,106.82830255696902,107.09286558578286,106.8032381208736,107.03101940888916,4960.219003115555,0.0018975949918518,106.8965753048429,106.58865482906444,0.3144698176563584,-0.009285425031196004,0.002070882506632207,-1
2025-09-18 01:50:00,107.03101940888916,107.1791003277302,106.93764408945364,107.14170375570792,3515.1781121280283,0.001034133351528,106.94560099501592,106.63893200421384,0.3053548734224916,-0.01075886904200718,0.0020674789215910745,-1
2025-09-18 02:50:00,107.14170375570792,107.24375729501683,106.81316665909937,106.90704832702036,2265.7445820748417,-0.0021901409111674,106.9378904614168,106.66330621537809,0.3145439319273038,-0.008281978673767232,0.002059457628737898,-1
2025-09-18 03:50:00,106.90704832702036,106.9617035874094,106.59184759230496,106.6103408211844,2049.252581156141,-0.002775378335471,106.87238053337032,106.65849117954228,0.3214579482479739,-0.007085363754277929,0.0020961245041071644,-1
2025-09-18 04:50:00,106.6103408211844,106.6816849674736,106.3520753570248,106.39439755415135,3757.2155586286904,-0.0020255377233548,106.77678393752656,106.63448266814312,0.3309812255675268,-0.0034442151892304373,0.002129518557751142,-1
2025-09-18 05:50:00,106.39439755415135,106.49479118549924,106.24904506322312,106.28981955072624,2088.5420994625283,-0.0009829277276737,106.6793910601665,106.60314965746883,0.3089102552270546,-0.00518535561328104,0.0021366105089067667,-1
2025-09-18 06:50:00,106.28981955072624,106.393313045717,106.22702070794004,106.34605709479428,2681.9858940520994,0.00052909624182,106.61272426709206,106.5797776063166,0.3041422834745312,-0.0010908044527226934,0.0020821140010821664,0
2025-09-18 07:50:00,106.34605709479428,106.41006299932442,106.05283744250526,106.1086857438307,4322.323804582254,-0.0022320653670495,106.5119165624398,106.53695107336334,0.3128140218850218,0.0017839092196085815,0.002100927064349618,1
2025-09-18 08:50:00,106.1086857438307,106.19016595573966,105.9622579173486,106.06515329996148,3090.4387056069695,-0.0004102627750411,106.42256390994412,106.49406036669043,0.324902292375645,0.005961420644095661,0.002086571221079191,1
2025-09-18 09:50:00,106.06515329996148,106.14516264067016,105.95953998431207,106.02778434099366,3141.5806482604803,-0.0003523207934478,106.34360799615403,106.45167163708165,0.3222459289274663,0.0057934786338349475,0.002051019687958421,1
2025-09-18 10:50:00,106.02778434099366,106.32791499390112,105.96845117632527,106.24701543714816,3228.5513585251756,0.0020676759164317,106.32428948435287,106.43306652799676,0.3112737877791005,0.0030852985109774966,0.002068414036668025,1
2025-09-18 11:50:00,106.24701543714816,106.30944270547684,106.15802486518372,106.19656993140283,3103.317168352316,-0.0004747945675253,106.29874557376289,106.41156683739732,0.2984167263208356,0.0010335805890098193,0.0020700897472484213,0
2025-09-18 12:50:00,106.19656993140283,106.29564437169532,105.94755429200367,106.03719090215544,2196.1093256924287,-0.0015007926277688,106.2464346394414,106.37753266146623,0.2999582896504092,0.00398198639355174,0.0019544047681654226,1
2025-09-18 13:50:00,106.03719090215544,106.03720709678916,105.896336989069,105.98898019606273,7110.877406234689,-0.0004546584616448,106.19494375076566,106.34220971006592,0.2745554643970526,0.008924443566515006,0.0019485389585996327,1
2025-09-18 14:50:00,105.98898019606273,106.11102448691092,105.88512687697022,106.02164643270058,2258.338115893507,0.0003082040847777,106.16028428715263,106.3130675939418,0.2700033318992975,0.008002687253565899,0.0019238710416880967,1
2025-09-18 15:50:00,106.02164643270058,106.02559991213111,105.8197742884922,105.85496777649875,4553.3533188605725,-0.0015721191078428,106.09922098502189,106.27142215599244,0.2674582879966079,0.012308884935433806,0.0018997582991637893,1
2025-09-18 16:50:00,105.85496777649875,106.08228429931896,105.78207926935596,106.02795235404632,2296.894444685394,0.0016341658892455,106.08496725882677,106.24928853763367,0.2581450304284313,0.011823391544879547,0.001919865509967308,1
2025-09-18 17:50:00,106.02795235404632,106.05853488416652,105.700234555369,105.73866903828424,3937.552701252171,-0.0027283684098331,106.01570761471828,106.20286858314738,0.2573196256922259,0.015039684403523657,0.001950832133972821,1
2025-09-18 18:50:00,105.73866903828424,106.2960986724596,105.72793807202096,106.23005434218577,2858.4164274334566,0.0046471674778088,106.05857696021177,106.20534001578724,0.274358982120071,0.010675402758358432,0.002101616463492187,1
2025-09-18 19:50:00,106.23005434218577,106.31940269498035,106.14542388512062,106.29797400660968,1600.0621257128985,0.0006393639243102,106.10645636949135,106.21376128768016,0.2692327455189008,0.009914935791980106,0.0020751330992439905,1
2025-09-18 20:50:00,106.29797400660968,106.71461543899328,106.26248788703334,106.69745229446303,2052.399896272166,0.0037580987933836,106.2246555544857,106.25773319738772,0.2896495465319698,0.0055509304537399995,0.0021544171920973624,1
2025-09-18 21:50:00,106.69745229446303,106.7843130720348,106.62868913616428,106.64205404416607,3065.350154245649,-0.0005192087449666,106.30813525242178,106.29267145618574,0.2752494307499243,0.003762223152618871,0.0021492572127535287,1
2025-09-18 22:50:00,106.64205404416607,106.7268074529336,106.5422587936162,106.5748191956722,3583.203335928877,-0.0006304721818846,106.36147204107186,106.3183212506845,0.2721523322446627,0.00022092511324456332,0.0021422816167357738,0
2025-09-18 23:50:00,106.5748191956722,106.6363237299704,106.28341073281642,106.30633264470336,3495.7647920563527,-0.0025192306493705,106.35044416179817,106.31723137741348,0.2841016423015107,0.0027832430443615053,0.0020742255182969,1
2025-09-19 00:50:00,106.30633264470336,106.47906390095112,106.21392480084424,106.45942955353829,2702.5504875435586,0.0014401485313824,106.3722412401462,106.33015848433392,0.277364162482299,0.0005353047289313739,0.002070972792023895,0
2025-09-19 01:50:00,106.45942955353829,106.98149763365302,106.36990703632468,106.93487286849496,2723.0323621584143,0.0044659577545227,106.48476756581596,106.38513251925764,0.3102336451276731,-0.0022679084556049833,0.002196448786765097,-1
2025-09-19 02:50:00,106.93487286849496,107.02926698552358,106.82133965303773,106.87010451120962,1363.2997085008333,-0.000605680406662,106.56183495489468,106.42922088216235,0.3002220203272593,-0.0025635218791926206,0.002198933530161723,-1
2025-09-19 03:50:00,106.87010451120962,107.16411482352149,106.77706784127268,107.15792439470373,5469.82066787573,0.0026931749043428,106.6810528428565,106.49546665602976,0.317806082793592,-0.007823767963349715,0.002247914830230131,-1
2025-09-19 04:50:00,107.15792439470373,107.301108848324,107.120681952938,107.28156234943005,1606.9640604689544,0.0011537919890172,106.8011547441712,106.56692990088432,0.3145581746111127,-0.01281969035001762,0.0021503606423289284,-1
2025-09-19 05:50:00,107.28156234943005,107.36319603761288,107.27579593229396,107.32894524986868,6039.132611132298,0.00044166862787,106.90671284531072,106.63620402351928,0.3060992090168263,-0.013539149938950223,0.0021208661729650944,-1
2025-09-19 06:50:00,107.32894524986868,107.42520715265724,107.3010803889085,107.3641029573309,1625.2803375937326,0.0003275696726581,106.99819086771475,106.70237665386578,0.2935221900015209,-0.012470677038909028,0.002088388545350483,-1
2025-09-19 07:50:00,107.3641029573309,107.41413327460732,107.3070171991894,107.35191159370278,2845.6602158585556,-0.0001135515809502,107.06893501291236,106.76142528476004,0.2755804576172624,-0.013408587389574733,0.001976437401101657,-1
2025-09-19 08:50:00,107.35191159370278,107.4541670948398,107.1875288660415,107.28972243174084,2636.132720938915,-0.0005793018590791,107.11309249667806,106.80945229812194,0.2540431453572377,-0.01315849485574594,0.001954356507191136,-1
2025-09-19 09:50:00,107.28972243174084,107.3387884691068,106.96974047611586,107.04326524893386,2473.906710774612,-0.002297118281425,107.09912704712924,106.83070802092304,0.2679766584380364,-0.011331291634156693,0.0019901393442960805,-1
2025-09-19 10:50:00,107.04326524893386,107.053008981521,106.52934545459638,106.59836424967202,2709.666238057499,-0.0041562726830801,106.9989744876378,106.8095858599002,0.2730863709355142,-0.006452760299353932,0.0020870720423650188,-1
2025-09-19 11:50:00,106.59836424967202,106.61702304123288,106.5171518888046,106.6022090056083,1330.7065801029255,3.606768230768331e-05,106.9196213912319,106.79073341860094,0.2691040292610682,-0.010024569185138055,0.0020286635222066646,-1
2025-09-19 12:50:00,106.6022090056083,106.61126137856422,106.51410172645537,106.51641778961763,9346.376672801738,-0.0008047789702569,106.83898067090904,106.7657956341479,0.2628619573176018,-0.00729825880815993,0.0020006369809823753,-1
2025-09-19 13:50:00,106.51641778961763,106.7258336782894,106.4659902993004,106.69235436611746,2416.0545403664805,0.001651732006678,106.80965540995074,106.75911915523604,0.256214127448675,-0.011529305685761604,0.0020114606801670634,-1
2025-09-19 14:50:00,106.69235436611746,106.70789698553816,106.59274860991276,106.59614066006353,3312.6317510930426,-0.0009017863241049,106.7669524599733,106.74430292840218,0.2455005042714242,-0.007375887756226107,0.0020179689544112776,-1
2025-09-19 15:50:00,106.59614066006353,106.60267114454126,106.29339585007378,106.3195456588054,4406.058497865434,-0.0025947937659412,106.67747109973972,106.7056886311661,0.2239065540670769,-0.00254613203907339,0.0020323160820490977,-1
2025-09-19 16:50:00,106.3195456588054,106.33749305418668,105.84726394168344,105.90624593984424,1605.7176422228886,-0.0038873352627699,106.52322606776065,106.63301202286412,0.24407096692546,0.00253893657001103,0.002148143663095636,1
2025-09-19 17:50:00,105.90624593984424,105.975595379342,105.87243727979464,105.87580256734132,1697.6904783826988,-0.0002874558741343,106.39374136767675,106.56417479963476,0.2237931895896403,0.005294190709458135,0.0021478745303660676,1
2025-09-19 18:50:00,105.87580256734132,106.03802797468111,105.8574282330445,106.02519990377785,2430.774563012653,0.0014110621389764,106.32003307489698,106.51517708182958,0.2238055357503989,0.00300916241114213,0.0021301273770470306,1
2025-09-19 19:50:00,106.02519990377785,106.02736508054892,105.9077867607222,105.91247410566072,5256.161745982117,-0.0010631981662793,106.23852128104974,106.46038590217786,0.2261039796438148,0.00480282480774874,0.0021363263143969287,1
2025-09-19 20:50:00,105.91247410566072,105.96792256949,105.82781146762228,105.87795117104837,6982.366796912898,-0.0003259572104598,106.16640725904946,106.407437290257,0.227245718080884,0.004798218201997884,0.0021211897559864673,1
2025-09-19 21:50:00,105.87795117104837,105.92698681739968,105.80259419106966,105.8303267929258,2996.763802781576,-0.000449804492775,106.09919116582472,106.35497269959052,0.2284797574317474,0.005521565215459212,0.0021211596737281476,1
2025-09-19 22:50:00,105.8303267929258,105.94732304841156,105.75677128979632,105.91051055686566,5659.395178600251,0.000757663387894,106.06145504403293,106.3145670502519,0.223045009561528,0.006133840057078288,0.0021250559149366137,1
2025-09-19 23:50:00,105.91051055686566,105.95941363835976,105.44649085656796,105.53356778614304,2360.3413704154223,-0.0035590685829073,105.95587759245495,106.24356711715107,0.2333217801901617,0.011973906736699735,0.0021992830707913743,1
2025-09-20 00:50:00,105.53356778614304,105.78884877095682,105.43272473850573,105.73903340527092,1339.0042804824634,0.0019469219456718,105.91250875501817,106.19770041607109,0.2213546734420534,0.009812346844001452,0.0022078828657696157,1
2025-09-20 01:50:00,105.73903340527092,105.83798956369596,105.37782858028,105.46226559829688,2229.624041314003,-0.0026174611026873,105.8224601236739,106.13084270536432,0.247089661369745,0.014845418741247673,0.0022036792039683358,1
2025-09-20 02:50:00,105.46226559829688,105.8184912464085,105.42511568531734,105.809899491308,5009.6035873424835,0.0032962869803616,105.81994799720071,106.10166604954102,0.2682479405827657,0.011965578867870086,0.0021216240689847306,1
2025-09-20 03:50:00,105.809899491308,106.1231364375708,105.73778597723286,106.04884205722378,4379.5767669875695,0.0022582250532749,105.86572680920534,106.09686386842128,0.2772127321076902,0.011055699535015062,0.0021593213705233512,1
2025-09-20 04:50:00,106.04884205722378,106.1878865399306,105.98313239893076,106.17513518065348,2945.915734782682,0.0011908958266753,105.92760848349498,106.10397944226057,0.2836131439201515,0.00832460016283032,0.002057769099034888,1
2025-09-20 05:50:00,106.17513518065348,106.47438569042582,106.09962789128336,106.43632925764976,1170.5248793247415,0.0024600305575488,106.02935263832596,106.1341930618414,0.2882904656826497,0.007468116150655346,0.0021073840162101477,1
2025-09-20 06:50:00,106.43632925764976,106.48021259953806,106.25715758539243,106.34424694996213,2628.286771007459,-0.0008651398289464,106.0923315006532,106.15328886985236,0.2692066015142497,0.010143501293545576,0.002109846573800658,1
2025-09-20 07:50:00,106.34424694996213,106.43518942058635,106.2424618084689,106.42115316374544,3313.359539603049,0.0007231817045965,106.15809583327164,106.17764016929718,0.275604423840687,0.009847211535746192,0.002065600475961411,1
2025-09-20 08:50:00,106.42115316374544,106.4665774138768,106.3089014752402,106.38597668354754,1965.760433846742,-0.000330540302864,106.20367200332684,106.19657985241084,0.2739670093406862,0.011551967036245392,0.0020504279995647453,1
2025-09-20 09:50:00,106.38597668354754,106.47502311650398,106.3760316805495,106.4146758440863,2736.850616718149,0.0002697645068778,106.24587277147872,106.21640676074496,0.272496517635525,0.008193764600527453,0.0018815378908444728,1
2025-09-20 10:50:00,106.4146758440863,106.59073903503948,106.34859784046178,106.56014868898498,2493.9342673757824,0.001367037429234,106.30872795498,106.2476560269486,0.2797843814005257,0.003312661616081236,0.0018983905714620676,1
2025-09-20 11:50:00,106.56014868898498,106.8465279208677,106.47540816578535,106.79721688440549,4931.991722470966,0.0022247359668428,106.40642574086507,106.29761610489922,0.2974077477399786,-0.0003528459558407304,0.001877940660498742,0
2025-09-20 12:50:00,106.79721688440549,106.86715621549426,106.67964900892778,106.77658147599288,2354.9056667966374,-0.0001932204697331,106.48045688789064,106.34115841136229,0.2971902797364966,0.005870439499862767,0.0018638898381687567,1
2025-09-20 13:50:00,106.77658147599288,107.09297871980404,106.72663622161508,107.02789709250428,3484.9324698124474,0.002353658574169,106.58994492881338,106.403589200557,0.2867202594791515,0.003718070223050818,0.001913318177958309,1
2025-09-20 14:50:00,107.02789709250428,107.1604928715892,106.99884238528504,107.07597618867266,1506.4847528699215,0.0004492202264501,106.68715118078524,106.46471529038568,0.2728292918972284,0.002973823266867903,0.0019142870140380864,1
2025-09-20 15:50:00,107.07597618867266,107.27369160115278,107.07542760952543,107.22128619104473,1354.6845231055863,0.0013570738044546,106.79397818283714,106.53349446317289,0.2541223639123262,0.0012954965191245282,0.001931089191096469,1
2025-09-20 16:50:00,107.22128619104473,107.26112562097552,106.96206693186916,107.05900072826688,1228.2303525277025,-0.0015135563892479,106.84698269192307,106.5812677599996,0.2473854444848393,-0.0006721157349874884,0.0019465647259229982,0
2025-09-20 17:50:00,107.05900072826688,107.28042838810038,107.00401840543968,107.23120812719527,4119.337078091583,0.0016085279869697,106.92382777897754,106.64035324792648,0.2396039817936081,-0.001907873780237157,0.0019244403933798646,-1
2025-09-20 18:50:00,107.23120812719527,107.48184546336392,107.15514895504832,107.4229499564602,1259.9393559717855,0.0017881159096657,107.02365221447408,106.71149840324772,0.2483141508875905,-0.00477712673181252,0.0017866260557433127,-1
2025-09-20 19:50:00,107.4229499564602,107.551685984842,107.34123182973326,107.4691047708269,4537.415396747215,0.0004296550633304,107.11274272574464,106.78037170939128,0.2365781763137542,-0.008028122830098905,0.001786514719353969,-1
2025-09-20 20:50:00,107.4691047708269,107.64599815121404,107.42241028283972,107.61494397931466,1763.3192368582418,0.0013570338079837,107.21318297645864,106.85624191574794,0.2366162373300895,-0.009285287653969743,0.0017860334050326149,-1
2025-09-20 21:50:00,107.61494397931466,107.64733238661736,107.23597924388442,107.28661264799418,3623.649578404832,-0.0030509826905043,107.22786891076576,106.89536652777032,0.2522323466597659,-0.009565228074236543,0.0018648470990409202,-1
2025-09-20 22:50:00,107.28661264799418,107.32409369742628,106.86970104963764,106.91314640335088,2263.9503253093985,-0.0034810144101448,107.1649244092828,106.89698288009582,0.2734263973134828,-0.009370714597897623,0.001965901232611561,-1
2025-09-20 23:50:00,106.91314640335088,106.93420873493268,106.68388379308767,106.75953391833278,2121.088511210904,-0.0014367969719885,107.0838463110928,106.88448751993552,0.2842359334485199,-0.009020301409001341,0.0019250308697978205,-1
2025-09-21 00:50:00,106.75953391833278,107.4105990391582,106.71522913930288,107.40340693754986,2826.8640085154707,0.0060310587315755,107.14775843638422,106.93166201244593,0.3166094123969206,-0.019114576929555205,0.002051516218497038,-1
2025-09-21 01:50:00,107.40340693754986,107.45195332263135,107.32391623365476,107.42583432971966,2796.0225231233007,0.000208814532139,107.20337361505132,106.97658676856172,0.2992463648179385,-0.02161503332598358,0.002047705529006852,-1
2025-09-21 02:50:00,107.42583432971966,107.51024322568615,107.31265114510164,107.39440121798512,3425.752879867941,-0.0002926029100044,107.24157913563808,107.01456990032749,0.2999667129620848,-0.02054279360574296,0.0020442262107802276,-1
2025-09-21 03:50:00,107.39440121798512,107.444940722109,107.309698554274,107.36019099408128,5027.001449342207,-0.0003185475547688,107.26530150732674,107.04598999975964,0.2834595465082309,-0.017653173952943857,0.0020311932874277345,-1
2025-09-21 04:50:00,107.36019099408128,107.39237784342224,106.96263455637524,106.98704468930538,2084.4437166347266,-0.0034756486675444,107.20965014372248,107.04063133517288,0.3026090322755753,-0.011976404679854724,0.0021421103791012144,-1
2025-09-21 05:50:00,106.98704468930538,107.11771587774346,106.91133087585568,107.02662451678624,1249.9516691348847,0.0003699497223781,107.17304501833524,107.03935798804682,0.3031891044370373,-0.012794413691746387,0.0021374061035208942,-1
2025-09-21 06:50:00,107.02662451678624,107.07165925440007,106.8049677442418,106.90977691061303,3274.7211377520725,-0.0010917620423961,107.1203913967908,107.02757789009829,0.3008771630836051,-0.010611935424725494,0.002151086334924412,-1
2025-09-21 07:50:00,106.90977691061303,107.0158307441836,106.56744314581044,106.60632959728594,3815.928683026184,-0.0028383495139159,107.01757903688984,106.9892825907517,0.3131612784916392,-0.0058746334344300655,0.002112856750022649,-1
2025-09-21 08:50:00,106.60632959728594,106.70028257595116,106.52590734476722,106.61570826860088,2234.085735865137,8.797480740940777e-05,106.93720488323204,106.95532128873798,0.3022811872679491,-0.008916146958879545,0.002092086494751386,-1
2025-09-21 09:50:00,106.61570826860088,106.6451788652716,106.17293088263204,106.26039172870384,2193.0808215811185,-0.0033326847015999,106.8018422523264,106.8921458741894,0.3209807463772916,-0.003858079557677918,0.0021273447730632174,-1
2025-09-21 10:50:00,106.26039172870384,106.28010439724822,105.88019371392352,105.91129382164183,9421.078602886755,-0.0032853060428509,106.6237325661895,106.80297750577598,0.3335752331594627,0.002509243181422205,0.0021402295782276476,1
2025-09-21 11:50:00,105.91129382164183,105.91725162528792,105.71224953309246,105.79653074410491,1555.6853368419884,-0.0010835773352951,106.4582922017726,106.71148234562406,0.3188358724067868,0.004093937993469243,0.0021094144648886614,1
2025-09-21 12:50:00,105.79653074410491,105.86584641688916,105.27321014833828,105.35043625314574,2690.7778035772503,-0.0042165323174742,106.23672101204724,106.58775088267149,0.3287104167469467,0.008341438707440307,0.002218717680784423,1
2025-09-21 13:50:00,105.35043625314574,105.43973889305497,105.05236922052356,105.10382134061118,2201.425784035213,-0.0023409007243404,106.01014107776004,106.45284819702964,0.3384993260816894,0.01189705486715198,0.0021923265075691036,1
2025-09-21 14:50:00,105.10382134061118,105.23712866465884,105.0530987192564,105.1882201993517,1316.4615200186954,0.0008030046639979,105.84575690207836,106.33788201542257,0.3019750436207685,0.013043995600776181,0.002200513252890986,1
2025-09-21 15:50:00,105.1882201993517,105.55067511048448,105.18481144294496,105.46494286684148,3304.8114087082463,0.0026307381849919,105.769594095031,106.25852391100608,0.3189626563752625,0.010860027111902593,0.002255373804755603,1
2025-09-21 16:50:00,105.46494286684148,105.72690021801225,105.42372739917091,105.70572454660456,4577.667123820021,0.0022830494495891,105.75682018534572,106.2082694233332,0.326504137679318,0.007543623371148334,0.0023003429089027837,1
2025-09-21 17:50:00,105.70572454660456,105.77826093332988,105.55169509352233,105.65728160668728,2448.422569505265,-0.0004582811396929,105.73691246961404,106.15817962181994,0.3330272571059284,0.010651594936878395,0.002299168572516175,1
2025-09-21 18:50:00,105.65728160668728,105.81914451609856,105.59214202899912,105.7752572617658,4693.700128224724,0.0011165880219945,105.7445814280444,106.12336849817864,0.3185457713953882,0.01270766927020972,0.0022940101849866406,1
2025-09-21 19:50:00,105.7752572617658,106.0424249768338,105.77229607690988,105.98005648911185,2306.073206687253,0.0019361732852061,105.79167644025787,106.11034013371804,0.323098906969399,0.012662842760362558,0.002284603671909656,1
2025-09-21 20:50:00,105.98005648911185,106.01289574463034,105.60703402098405,105.665106945553,3579.0436346803067,-0.0029717812387767,105.76636254131692,106.0698643893394,0.3330396365042572,0.020508300685914582,0.0023351110657610285,1
2025-09-21 21:50:00,105.665106945553,105.88182561923362,105.63234947356806,105.85043068358448,2360.831502412489,0.0017538782989825,105.78317616977044,106.0499158706344,0.3188316755965711,0.019088514705964732,0.0023152452126382287,1
2025-09-21 22:50:00,105.85043068358448,106.28274186767108,105.78264376610052,106.1770510134994,2490.208214460837,0.0030856778551169,105.86195113851625,106.06147361089484,0.3420975949099016,0.016192291238418477,0.0023900493799754066,1
2025-09-21 23:50:00,106.1770510134994,106.29139077190264,106.15792720779882,106.22965518089543,1797.5815843097444,0.0004954382033961,105.93549194699207,106.07676284453126,0.3178987078716346,0.019246179768806604,0.0023760487968119515,1
2025-09-22 00:50:00,106.22965518089543,106.33339016488532,106.14299227707366,106.22921045995346,1883.5005500025777,-4.186410482387437e-06,105.99423564958435,106.09062171866054,0.3029335081921321,0.022461284216156674,0.0023658862671035643,1
2025-09-22 01:50:00,106.22921045995346,106.43095375616004,106.19232179153224,106.35424726984778,4054.304349474357,0.0011770473427499,106.06623797363706,106.11458767785938,0.3053356419372995,0.025271331658534457,0.0023562185679401166,1
2025-09-22 02:50:00,106.35424726984778,106.65822826681833,106.25222263172058,106.56029488088552,2754.2168563608366,0.0019373707804537,106.16504935508677,106.15510651449812,0.2920048824049317,0.023905380950672406,0.002360534973777216,1
2025-09-22 03:50:00,106.56029488088552,106.6863208392727,106.50774563564762,106.61029500573063,2924.5497685686,0.0004692190923554,106.25409848521554,106.19648728642834,0.277090991768766,0.020851687695210064,0.0023609123567179054,1
2025-09-22 04:50:00,106.61029500573063,106.61038585496397,106.4053044529398,106.50312872075848,3550.9662515235573,-0.0010052151620667,106.30390453232413,106.22436378045836,0.2785946672417471,0.019091433869398156,0.0023459917113725745,1
2025-09-22 05:50:00,106.50312872075848,106.78710750621882,106.44569649962538,106.7827001724934,1656.624396992513,0.0026250069372886,106.399663660358,106.27512163427971,0.2768480486027412,0.017429235149348132,0.0023475632853503657,1
2025-09-22 06:50:00,106.7827001724934,107.20285182119753,106.73183692240984,107.11941424801968,10675.006864064617,0.0031532642926461,106.54361377789031,106.35187550825609,0.2888367685989114,0.012918813597396994,0.002336315002190547,1
2025-09-22 07:50:00,107.11941424801968,107.40363612376524,107.05325280796836,107.3220652801678,5927.766362144867,0.001891823565044,106.69930407834585,106.44007457842986,0.2976808740267194,0.01520782454913805,0.0023414854691594118,1
2025-09-22 08:50:00,107.3220652801678,107.83370062515628,107.24581231318156,107.83211873080172,2740.831175623453,0.0047525497138209,106.92586700883702,106.5666240468273,0.3234584329463814,0.013065315372057684,0.0022472055572910015,1
2025-09-22 09:50:00,107.83211873080172,107.88491481053572,107.72455968554618,107.87095818632078,2190.6285189712617,0.0003601844791347,107.11488524433378,106.68519987769034,0.3156174490224949,0.014602486323785913,0.0022475427425732086,1
2025-09-22 10:50:00,107.87095818632078,107.96330499858968,107.80080684144636,107.8963007463464,1683.1338177256932,0.0002349340401877,107.27116834473632,106.79529995665906,0.2982343371294251,0.014347281506249532,0.0022462646768398047,1
2025-09-22 11:50:00,107.8963007463464,108.32267455367906,107.88930317176306,108.27417022128527,721.6939683042626,0.0035021541269262,107.47176872004611,106.92974270798872,0.3113697111473134,0.007375784731381563,0.002320957396824187,1
2025-09-22 12:50:00,108.27417022128527,108.70449543877554,108.1841034910959,108.6152549481524,3265.5815878090366,0.0031501947894869,107.70046596566738,107.08297109345814,0.3128192715836765,0.0029363731753204725,0.0022712667370963007,1
2025-09-22 13:50:00,108.6152549481524,109.12237306423442,108.61176180077436,109.04196072589788,3021.366312515901,0.003928598961068,107.96876491771349,107.26106106004356,0.3397583929662652,0.0013736427856534394,0.0023516743449922845,1
2025-09-22 14:50:00,109.04196072589788,109.15563136714368,109.02351445022892,109.10765932422908,2567.659827887834,0.0006025074924722,108.1965437990166,107.42893362951496,0.3355954664736283,0.0021746764755057324,0.0023316740872579614,1
2025-09-22 15:50:00,109.10765932422908,109.13915434958037,108.8281951358551,108.83329958228434,3908.4367783538737,-0.0025145782032537,108.32389495567016,107.55660326158493,0.340761698552018,0.003644651644749919,0.002316753818859038,1
2025-09-22 16:50:00,108.83329958228434,108.84670081172158,108.45450507466428,108.53642615961483,1838.040699703315,-0.00272778114611,108.3664011964591,107.64567807049671,0.3397752772634155,0.005770034913023858,0.0023910268249089004,1
2025-09-22 17:50:00,108.53642615961483,108.74073124125024,108.44776570655408,108.64384096368214,1813.9195004621545,0.0009896659385977,108.4218891499037,107.73642015169538,0.347946015197065,0.005173882464971191,0.0022836540527867983,1
2025-09-22 18:50:00,108.64384096368214,108.7009410720826,108.40023730796116,108.5032699933522,1599.2573267268683,-0.0012938696670059,108.4381653185934,107.8061337736642,0.3547761839182988,0.0068466877025621375,0.002197156047918199,1
2025-09-22 19:50:00,108.5032699933522,109.05184830176934,108.480010592953,108.95420041919974,5318.262476184707,0.0041559155394594,108.54137233871468,107.91050346871288,0.3712352340770773,0.0003577138077099917,0.0022500665936646146,0
2025-09-22 20:50:00,108.95420041919974,109.260976292086,108.87592292732757,109.2409793692568,2532.501982889814,0.0026321054989497,108.68129374482312,108.03145582330777,0.3650951245035604,-0.0018578421455710536,0.002063522730274293,-1
2025-09-22 21:50:00,109.2409793692568,109.49718425412334,109.2161242184859,109.44614237797022,2428.930210519525,0.0018780773469626,108.83426347145252,108.16006369191344,0.3601434616350291,-0.0047414823377565085,0.00196672235366624,-1
2025-09-22 22:50:00,109.44614237797022,109.53117727338908,109.4409933057303,109.4443193466372,1711.1780630927126,-1.6656880666765517e-05,108.95627464648946,108.27681420597924,0.3245931513267491,-0.0033863296154249545,0.0019782747005660504,-1
2025-09-22 23:50:00,109.4443193466372,109.5466292991162,108.99798566951593,109.07277719280644,1341.019573049932,-0.0033948052859096,108.97957515575288,108.34917447750898,0.3523280445132296,-0.0030277281683008805,0.00212329365374713,-1
2025-09-23 00:50:00,109.07277719280644,109.11835678240804,108.90340023296916,108.93418986921276,1447.5915468733035,-0.0012705949840141,108.97049809844484,108.4023576949366,0.3560750725343403,0.0005329908542803796,0.002149698912309655,0
2025-09-23 01:50:00,108.93418986921276,109.21276655212324,108.92838218186547,109.19174542858252,4400.425631886299,0.0023643225297675,109.0147475644724,108.47412021617713,0.3454331431301796,-0.0033818024507294986,0.0021482619625108586,-1
2025-09-23 02:50:00,109.19174542858252,109.35245027482804,109.13542293335006,109.34493318425896,6104.41091299764,0.0014029243243174,109.0807846884297,108.55328503145728,0.3237642426872043,-0.005233851084650798,0.002149225903430781,-1
2025-09-23 03:50:00,109.34493318425896,109.45277683976788,109.16044105800324,109.22995904661047,3218.4999656634723,-0.0010514811642413,109.11061956006586,108.61480085101668,0.3081731368518185,-0.002726585662393255,0.0021737916724582948,-1
2025-09-23 04:50:00,109.22995904661047,109.28492359923231,109.10363400054683,109.16268512789064,1541.3172347167558,-0.0006158925564654,109.12103267363082,108.66460851255066,0.3116854712640133,-0.00021671220646712896,0.00207442646523502,0
2025-09-23 05:50:00,109.16268512789064,109.24545263818936,109.05572009762662,109.20595142737126,6987.473767815586,0.0003963469699368,109.13801642437892,108.71382150480709,0.3030264231809748,0.0009029270469447237,0.0020728197804626733,0
2025-09-23 06:50:00,109.20595142737126,109.32602889299584,109.17346283562466,109.24615799770348,997.2119856970744,0.0003681719705446,109.15964473904384,108.762215731434,0.2859100174891092,-0.0011536185034659585,0.0020390689820082458,0
2025-09-23 07:50:00,109.24615799770348,109.26182827757624,108.97125753866972,108.99317484109768,3683.142357164768,-0.0023157167377101,109.1263507594546,108.78321201413073,0.285738960646991,0.0027522664142676234,0.0021158553109916203,1
2025-09-23 08:50:00,108.99317484109768,109.14185356598132,108.89852470472412,109.03802687376114,1940.045102483433,0.0004115123055077,109.10868598231592,108.80637700136984,0.2816407532995443,0.00324212362718157,0.0021119992255644524,1
2025-09-23 09:50:00,109.03802687376114,109.03979609499171,108.92419524776405,108.92720542694948,1943.1724082996836,-0.0010163559447015,109.07238987124263,108.81736140369526,0.2490524060432122,0.0024035592455948773,0.002135434866105764,1
2025-09-23 10:50:00,108.92720542694948,109.1079260887931,108.89342811521608,109.07370480679366,2226.273957788671,0.0013449292054263,109.07265285835284,108.84066534943148,0.2368698781016829,0.000773119712575987,0.002127356917587117,0
2025-09-23 11:50:00,109.07370480679366,109.1337494675689,108.64230356566264,108.74253447290498,7647.750158411511,-0.0030362068885007,109.00662918126328,108.83174436065632,0.2518974399780284,0.004449708070772607,0.002229091173396225,1
2025-09-23 12:50:00,108.74253447290498,109.02293421669968,108.65730706273456,108.9922507961315,2926.7732562963397,0.0022963996971097,109.00375350423693,108.84633585479044,0.2715719532856236,-5.583226864502855e-05,0.0022277800158163794,0
2025-09-23 13:50:00,108.9922507961315,109.03202266286635,108.7485618145245,108.82248051629271,1657.6328328998366,-0.0015576362410969,108.96749890664807,108.84416718765428,0.2526303260528796,0.003126495689291131,0.0022353724374366457,1
2025-09-23 14:50:00,108.82248051629271,108.84571570065329,108.72653956719208,108.77263808711146,2172.2354016206723,-0.0004580159259812,108.92852674274076,108.83766454215038,0.2457888677687581,0.0034698519473708167,0.002192746651470887,1
2025-09-23 15:50:00,108.77263808711146,109.0381498930703,108.7645812897781,108.93213420637018,1659.7015386442615,0.0014663257420581,108.92924823546666,108.84625269344308,0.2450163129855036,0.0021882997462143727,0.0021851928832794573,1
2025-09-23 16:50:00,108.93213420637018,109.2143923921313,108.8241996064783,109.1390282415327,4678.841055138171,0.0018992929558376,108.97120423667988,108.87286865236032,0.2573852732837188,0.0017088213477340908,0.002059302614314722,1
2025-09-23 17:50:00,109.1390282415327,109.38494629253304,109.05571989927348,109.30455643460238,3853.180392326275,0.0015166727772519,109.03787467626438,108.91211299620048,0.2600203169619267,0.001549617288635341,0.0020690938967770785,1
2025-09-23 18:50:00,109.30455643460238,109.36167407748464,109.01961608883587,109.12012960840477,3538.5344613241105,-0.0016872748237898,109.05432566269246,108.93102359730996,0.2715037733878743,0.0048034037569544275,0.0021021209007635704,1
2025-09-23 19:50:00,109.12012960840477,109.36019477653592,109.01103751462276,109.29315309559723,2219.0858364628443,0.0015856239157101,109.10209114927342,108.9639444607906,0.2828912534843338,0.005338590271944721,0.002035808988627795,1
2025-09-23 20:50:00,109.29315309559723,109.41751116454994,109.21334342460644,109.39154163694982,1948.298020971992,0.0009002260303216,109.15998124680873,109.00281693135054,0.2865770879537856,0.0038546776127481586,0.0019718585010273224,1
2025-09-23 21:50:00,109.39154163694982,109.43087336610304,109.17541700015605,109.18901841865024,2747.7681714538585,-0.001851360857238,109.16578868117702,109.01974433928687,0.2840689184566776,0.005565205237863635,0.0018843960701563143,1
2025-09-23 22:50:00,109.18901841865024,109.2925892864984,109.12603069875094,109.15803183810348,1662.5812286879832,-0.0002837884339977,109.16423731256232,109.03231593008836,0.2785853274916984,0.00452669908755432,0.0018824322265303122,1
2025-09-23 23:50:00,109.15803183810348,109.33084626526394,109.07614720815408,109.22640700618533,1942.7998483446192,0.0006263869632907,109.17667125128692,109.04996057336992,0.2885209139118539,0.0030943035480721637,0.0018272987746070356,1
2025-09-24 00:50:00,109.22640700618533,109.2339351702924,108.89265255204636,108.98616551150482,1403.4796321857464,-0.0021994818035797,109.13857010333052,109.04416102229126,0.2975769599596388,0.00479179796758844,0.0018030179791326182,1
2025-09-24 01:50:00,108.98616551150482,109.24964474252404,108.95329214344704,109.16271353252488,1743.745823831874,0.0016199122172202,109.1433987891694,109.0549385232216,0.2836417240432638,0.004389106819416844,0.0018160971458138484,1
2025-09-24 02:50:00,109.16271353252488,109.2512761542104,109.1059028705408,109.15006303719868,2526.2579911438047,-0.0001158865964102,109.14473163877528,109.06358620631042,0.2679093047364408,0.0034182086951501933,0.0017977213871951641,1
2025-09-24 03:50:00,109.15006303719868,109.2359521680056,109.07084449251282,109.17051036800856,2937.635730963322,0.0001873322858538,109.14988738462192,109.0733065846466,0.259455506675793,0.004388978718267378,0.001645559800402127,1
2025-09-24 04:50:00,109.17051036800856,109.3367345512934,109.08294932868873,109.32552734286278,1804.268453753201,0.0014199528272944,109.18501537627012,109.09623574448445,0.2690704416146141,0.0032184353220550133,0.0015977776230995078,1
2025-09-24 05:50:00,109.32552734286278,109.55215747857208,109.30454032482136,109.47393666498004,4275.9568860404,0.0013574992568003,109.2427996340121,109.13057219180222,0.2672167666473655,0.00016689522267188117,0.0015808665896338732,0
2025-09-24 06:50:00,109.47393666498004,109.75156799723467,109.44281429324104,109.64427764892513,4429.513626455341,0.0015559957843334,109.32309523699472,109.17727268790428,0.261399689385984,-0.002677239440160517,0.0016043097576490678,-1
2025-09-24 07:50:00,109.64427764892513,109.87746440561602,109.64024792152227,109.87662445950356,5732.466464650174,0.0021190965507782,109.4338010814965,109.24085012168604,0.2548275530169976,-0.004397500174802005,0.0015150965686217715,-1
2025-09-24 08:50:00,109.87662445950356,109.961261998423,109.74952868089912,109.8132107635218,4646.028224089283,-0.0005771354580075,109.50968301790157,109.29288290730749,0.2455186479366489,-0.005145018608676666,0.0014977926459696048,-1
2025-09-24 09:50:00,109.8132107635218,109.91286722394176,109.7367172270476,109.7966777158709,3059.089616437353,-0.0001505560900727,109.56708195749545,109.33868243535868,0.2331609861495788,-0.003560316754030457,0.0014485669657815633,-1
2025-09-24 10:50:00,109.7966777158709,109.8134014063837,109.5465109647776,109.65215740122424,2091.1839481431816,-0.0013162539855772,109.5840970462412,109.36718015952827,0.2376411791254793,-0.0024655158954753897,0.0014538773976001953,-1
2025-09-24 11:50:00,109.65215740122424,109.674586255246,109.56228759103016,109.56438666492774,2122.208811543923,-0.0008004469622548,109.58015496997852,109.3851080236555,0.2274156290018254,0.0021749233385806033,0.0014481928711065875,1
2025-09-24 12:50:00,109.56438666492774,109.66510054671136,109.49523284172776,109.5084051978981,1499.0810381299232,-0.0005109458349896,109.56580501556245,109.39631685767756,0.2276519945186907,0.0032210085981623227,0.0014466454245353822,1
2025-09-24 13:50:00,109.5084051978981,109.71919008082727,109.42808646497582,109.64184034291652,4628.242146522301,0.0012184922680342,109.58101208103324,109.41863717451746,0.2302523201430903,0.0030347730354673974,0.001459326292426694,1
2025-09-24 14:50:00,109.64184034291652,109.65776664585216,109.51378061993282,109.52316073174862,1344.4189195667304,-0.0010824299445969,109.56944181117632,109.42813931608391,0.2161597064054693,0.004796633084250157,0.0014740020829923878,1
2025-09-24 15:50:00,109.52316073174862,109.7340336665428,109.45659638562044,109.64965741467614,5584.464623859427,0.0011549765554825,109.58548493187632,109.44827732504686,0.2148086122515644,0.002478060167616425,0.0014186715495650656,1
2025-09-24 16:50:00,109.64965741467614,109.70640978374811,109.59591831369536,109.67738448166536,2491.7927993402755,0.000252869618045,109.60386484183412,109.4691052483758,0.2123170541360772,0.002005594654928222,0.0014181447274825949,1
2025-09-24 17:50:00,109.67738448166536,109.77169837122068,109.4146667055516,109.49220734201651,2866.1199434999353,-0.0016883803395202,109.5815333418706,109.4712054387068,0.2260259105772409,0.007559014974574119,0.0014412762935533132,1
2025-09-24 18:50:00,109.49220734201651,109.50933874560997,109.29189801101272,109.35073366441551,3247.889118681801,-0.0012920890082988,109.5353734063796,109.46025345922575,0.2234298757195674,0.0076889650373273,0.0014468764949794857,1
2025-09-24 19:50:00,109.35073366441551,109.48257166331408,109.2796642764879,109.39344198423623,2287.940097650168,0.0003905627185984,109.50698712195094,109.45417968877216,0.220236320939243,0.006167536940336449,0.00133094411159119,1
2025-09-24 20:50:00,109.39344198423623,109.46491363638911,109.24817292923012,109.24821975066494,9949.954834077244,-0.0013275222987518,109.45523364769376,109.43545605803514,0.213663964022481,0.010649331305006005,0.0012995072622808295,1
2025-09-24 21:50:00,109.24821975066494,109.44260344887137,109.16920962646016,109.4057667646622,4005.7496975727254,0.0014421014306396,109.44534027108745,109.43275703136489,0.2162480596165841,0.008551275908042388,0.0012861270220032991,1
2025-09-24 22:50:00,109.4057667646622,109.48419721578186,109.32616209656402,109.38180826417836,1763.2816867637412,-0.0002189875469305,109.43263386970564,109.428125325257,0.2124124740232968,0.008922060388744102,0.001283065201549415,1
2025-09-24 23:50:00,109.38180826417836,109.88499565638118,109.37621466746856,109.80268080656256,2889.7971773263594,0.0038477380202721,109.50664325707704,109.4621758235575,0.2361718305960433,0.005996666060376299,0.0014219092224702252,1
2025-09-25 00:50:00,109.80268080656256,109.87955050209608,109.7289688248802,109.86113271261156,5282.569850539376,0.0005323358739479,109.57754114818394,109.49844463165331,0.2278640617110272,0.006560679153112758,0.001390951024319263,1
2025-09-25 01:50:00,109.86113271261156,110.00942407784264,109.7766597858057,109.97457844354824,6042.58532161571,0.0010326284477102,109.6569486072568,109.54172952364377,0.2364687494125336,0.004645126862450111,0.0013788286565561898,1
2025-09-25 02:50:00,109.97457844354824,110.0988240062486,109.8918397075696,110.04850314800616,3582.045157979456,0.0006721981161841,109.73525951540668,109.58779985313126,0.2391199346764919,0.004175763147943323,0.0013375661666582101,1
2025-09-25 03:50:00,110.04850314800616,110.15262061121209,109.81148315927014,109.92137586310824,3318.7090213156625,-0.0011551932217283,109.772482784947,109.61812494494734,0.242693780111527,0.007807871579813774,0.0013380687729795686,1
2025-09-25 04:50:00,109.92137586310824,109.9266548014762,109.86611852991658,109.8973528577483,1393.5373604495512,-0.0002185471676579,109.79745679950727,109.64350930065652,0.2367330833715481,0.009321422476177066,0.0013332504385617915,1
2025-09-25 05:50:00,109.8973528577483,110.43011625465049,109.79857497375112,110.319860576914,6991.1323415347715,0.0038445668451414,109.90193755498862,109.70499578031628,0.262026226227048,0.004678640337434592,0.0014344983665948497,1
2025-09-25 06:50:00,110.319860576914,110.325158698041,110.10773477759814,110.1915276323673,4343.61316599245,-0.0011632805179012,109.95985557046436,109.74922594868455,0.2696642583977677,0.00637107328738673,0.0014547815821679166,1
2025-09-25 07:50:00,110.1915276323673,110.2145851011361,110.05924861388708,110.06813007870456,4736.063392028909,-0.0011198461108046,109.9815104721124,109.77821723323184,0.2552574599391925,0.009071483199264652,0.0014745875811422015,1
2025-09-25 08:50:00,110.06813007870456,110.45814453854086,110.00548048064796,110.41164023727188,2631.4897250828453,0.0031208866573975,110.06753642514433,109.83580114269002,0.2720591258888833,0.0064209909777335206,0.00149040077470799,1
2025-09-25 09:50:00,110.41164023727188,110.47240915404258,110.29783927048962,110.34132566219776,3324.520025048538,-0.0006368402364371,110.122294272555,109.88175791719073,0.2700350185122256,0.004665071007373456,0.0014845494488026278,1
2025-09-25 10:50:00,110.34132566219776,110.39497518539828,110.26620651134488,110.3577193629414,2376.949596164007,0.0001485726281178,110.16937929063228,109.92502713953168,0.2637513018618246,0.0027996483605774447,0.001482683515379039,1
2025-09-25 11:50:00,110.3577193629414,110.519692117159,110.28471783710802,110.4611308158936,8853.784452540931,0.0009370568144135,110.22772959568456,109.97376383738276,0.2610070488360959,0.001565730023715517,0.00148603173632148,1
2025-09-25 12:50:00,110.4611308158936,110.59497128029597,110.40773785402168,110.58189635573656,3405.617267651308,0.0010932853841976,110.29856294769498,110.02904861177856,0.2630926421972686,0.0011215509356297115,0.0014796835573236092,0
2025-09-25 13:50:00,110.58189635573656,110.59704813810605,110.37564037501932,110.485424312063,1534.6021995479557,-0.0008724035927474,110.3359352205686,110.07053731180442,0.2425659832097031,0.001136137155413497,0.0014836068091238087,0
2025-09-25 14:50:00,110.485424312063,110.55600906494648,110.43911319609484,110.50803963193792,3883.0403849375734,0.0002046905283277,110.37035610284246,110.11031024999836,0.2401598540408289,0.00449990775972009,0.0014654870590282837,1
2025-09-25 15:50:00,110.50803963193792,110.8104569410019,110.50675529647778,110.77962784972382,7336.310007731118,0.0024576331160199,110.45221045221874,110.17115730451886,0.245226807789914,0.0035987089034830166,0.001480587025543631,1
2025-09-25 16:50:00,110.77962784972382,110.94833483211612,110.71435789497416,110.92175251274888,5125.892025479056,0.0012829494536472,110.54611886432475,110.23939323253975,0.2471548533944119,0.0020295167497896838,0.001483298848849044,1
2025-09-25 17:50:00,110.92175251274888,110.96385977815171,110.8124184886954,110.83600752662932,3328.948598437991,-0.0007730222808163,110.60409659678568,110.2936308956388,0.2336051275025811,0.0008961131478362194,0.0014936464855826435,0
2025-09-25 18:50:00,110.83600752662932,110.92207306856604,110.79823056619522,110.8935659305622,2235.3061243017232,0.0005193114152821,110.661990463541,110.3481704442682,0.2381270011319521,-0.00015088033743260176,0.0014647169609461165,0
2025-09-25 19:50:00,110.8935659305622,111.10036014934262,110.82744791645123,111.066611271488,3418.0809691191316,0.0015604633097843,110.7429146251304,110.41348324674271,0.2125106405599542,-0.0011626691295072433,0.001464208107652202,0
2025-09-25 20:50:00,111.066611271488,111.12093553691746,110.97436986498408,111.12059238307216,2737.1645040066987,0.0004860246564306,110.81845017671876,110.47776589549994,0.2074493370949923,0.0016397349553398666,0.0014541861826369523,1
2025-09-25 21:50:00,111.12059238307216,111.22258688343636,110.77111283898395,110.85607578145964,2712.6801942483667,-0.0023804462875848,110.82597529766694,110.51215770331446,0.2286020197523756,0.003198428241489859,0.0015306216257479745,1
2025-09-25 22:50:00,110.85607578145964,110.86173456740184,110.62759830185382,110.66668217103292,2735.197192768116,-0.0017084639618677,110.79411667234017,110.52620538219796,0.2129928917277388,0.005433559498456919,0.0015532925913427054,1
2025-09-25 23:50:00,110.66668217103292,110.74820806804888,110.54888727073616,110.6340831248656,3329.1423397826406,-0.0002945696530139,110.76210996284524,110.5360124497132,0.2147608141391513,0.007996585429401515,0.0015494633575893844,1
2025-09-26 00:50:00,110.6340831248656,110.80218844676632,110.56769226149042,110.70591958505804,4419.747933419254,0.0006493158180862,110.7508718872878,110.55145855292636,0.2223127792264735,0.0057258659001886425,0.0015508195617305628,1
2025-09-26 01:50:00,110.70591958505804,110.76119135534434,110.5630517865526,110.61095090775557,3799.286838932855,-0.0008578464246397,110.72288769138136,110.55686694881992,0.2196817284222417,0.009534889641438005,0.001523297294906022,1
2025-09-26 02:50:00,110.61095090775557,111.0868383126509,110.60334053603336,111.00531561698912,1930.439043801278,0.0035653315155246,110.77937327650292,110.59763500956257,0.2408434677324759,0.004313642424211839,0.0015977872153894724,1
2025-09-26 03:50:00,111.00531561698912,111.2739846327167,110.96799130453653,111.17829148279117,3119.66821057571,0.0015582665103972,110.85915691776056,110.65042196167424,0.2468852938105803,0.0049616447529778895,0.0016091927186967319,1
2025-09-26 04:50:00,111.17829148279117,111.27661681454462,111.0883417813921,111.14687006738954,1754.771996668109,-0.0002826218588407,110.91669954768638,110.69555360764836,0.2519838055463574,0.004471238417288692,0.0015811200828184776,1
2025-09-26 05:50:00,111.14687006738954,111.1812927071458,110.90052987621988,110.9353291302276,2764.732415495583,-0.0019032559084543,110.92042546419462,110.71735138242828,0.2503453188607705,0.007857883297669677,0.0016293946972522153,1
2025-09-26 06:50:00,110.9353291302276,110.943045534369,110.79693380462923,110.8768342719155,3632.5125536743913,-0.0005272879142352,110.9117072257388,110.73184982692712,0.244069232617754,0.013083652158264902,0.0016342919972826483,1
2025-09-26 07:50:00,110.8768342719155,110.95251151365714,110.78989318341311,110.93747755124366,4580.698199153816,0.0005469427380966,110.9168612908398,110.75054325641044,0.2448675926740193,0.012690003175456877,0.0015108374935666486,1
2025-09-26 08:50:00,110.93747755124366,111.40210991569234,110.88067229312357,111.30280070266076,3511.744678485537,0.0032930544256186,110.994049173204,110.80074847879683,0.273267244116731,0.009513743429105714,0.0015994325354002767,1
2025-09-26 09:50:00,111.30280070266076,111.33539360491532,111.19850002506544,111.2106409849798,1212.6313203672275,-0.0008280089728125,111.03736753555916,110.83801143390436,0.2635516260423368,0.008579449059512134,0.0016098069145634396,1
2025-09-26 10:50:00,111.2106409849798,111.27416088457235,111.1334979702199,111.26799617310606,6780.9012548844485,0.0005157347140369,111.08349326306856,110.87710095564998,0.263130000500842,0.010002711165907341,0.0016090360136416905,1
2025-09-26 11:50:00,111.26799617310606,111.55678842107204,111.21182282100656,111.51877802197708,1351.2845070576234,0.0022538542752299,111.17055021485024,110.93543523440698,0.2555222544732061,0.008900137510910788,0.0016192799041139028,1
2025-09-26 12:50:00,111.51877802197708,111.57231778244063,111.3199644238362,111.33980683495916,4340.984890878807,-0.0016048524759,111.20440153887203,110.97219628900262,0.2568234754058096,0.01099633573454617,0.0016559344939485385,1
2025-09-26 13:50:00,111.33980683495916,111.68908431264109,111.30772760014848,111.66561411779554,2707.5331211690764,0.0029262425730569,111.29664405465674,111.03523427343832,0.2698260407758001,0.008021026407259546,0.0016015372289828478,1
2025-09-26 14:50:00,111.66561411779554,111.70008193276922,111.38474676660296,111.4841528557476,1865.1738540801657,-0.0016250415446291,111.33414581487492,111.07604505364826,0.2756002536965403,0.013828833355779446,0.0016178896874260696,1
2025-09-26 15:50:00,111.4841528557476,111.77607603077384,111.4484573065379,111.7299186693718,3402.791809568019,0.0022044910180392,111.4133003857743,111.13548810962313,0.2848487647996965,0.012489832889141184,0.0016261271025519248,1
2025-09-26 16:50:00,111.7299186693718,111.81604609700992,111.62963884142016,111.64383422279624,4361.286784221499,-0.0007704690704225,111.4594071531787,111.18170139263886,0.263628013297713,0.014334837986238247,0.0015658529458128874,1
2025-09-26 17:50:00,111.64383422279624,111.83318766411746,111.6102837609372,111.8070460001215,4922.341825706414,0.0014618969194444,111.52893492256727,111.23855090241,0.2576930543691468,0.015160953634892893,0.0015672216416795525,1
2025-09-26 18:50:00,111.8070460001215,112.393662309046,111.77260377968553,112.32750820393882,5419.675124342177,0.0046550036195103,111.6886495788416,111.3375470207308,0.2886061612411441,0.012168852458272594,0.0017360120972290014,1
2025-09-26 19:50:00,112.32750820393882,112.41613745454885,112.28645810833852,112.34527449364612,4721.318204128441,0.0001581650834365,111.81997456180252,111.42915860917763,0.2778144837614594,0.011471912447819976,0.0017359353257777356,1
2025-09-26 20:50:00,112.34527449364612,112.44765530386316,112.29853701124216,112.36170699148676,2137.886325972088,0.0001462678151324,111.92832104773936,111.51393573484212,0.2780292382529796,0.006481838824235586,0.0017340964668118948,1
2025-09-26 21:50:00,112.36170699148676,112.40210744118544,112.1291872639788,112.16476701418614,8112.924753979651,-0.0017527321591469,111.97561024102872,111.57310221478248,0.285907941607453,0.007621697308258346,0.001763316654173644,1
2025-09-26 22:50:00,112.16476701418614,112.48438277388124,112.1523900897231,112.38097780083493,2365.8998108875935,0.0019276176682239,112.05668375298998,111.64654544987816,0.2723761602924069,0.007647039734684391,0.0017810734532206851,1
2025-09-26 23:50:00,112.38097780083493,112.5119405563197,112.3028535297671,112.51131048142142,3165.499255527258,0.0011597396920455,112.14760909867628,111.72516045274573,0.2775328350568874,0.007739738717900124,0.0017501976584032087,1
2025-09-27 00:50:00,112.51131048142142,112.57278039246722,112.46432315320472,112.5641367315359,3320.0020063434017,0.0004695194633184,112.2309146252482,111.80143102354482,0.2752324296933182,0.006751344068263165,0.0017441508180893067,1
2025-09-27 01:50:00,112.5641367315359,112.64640014572323,112.55139904122032,112.56128695741722,2760.930930968845,-2.531689223073119e-05,112.296989091682,111.87050883571504,0.2573778228674216,0.009554151080961581,0.0017320536430663936,1
2025-09-27 02:50:00,112.56128695741722,113.11939960961608,112.450997521041,113.02584862739997,2364.6295640956796,0.0041271886857379,112.4427609988256,111.97553972586822,0.2870955892938949,0.005073145953685021,0.0018479564013492225,1
2025-09-27 03:50:00,113.02584862739997,113.12787290139364,113.0136875281798,113.1254066822696,2080.292518648057,0.0008808432414237,112.5792901355144,112.08007308554106,0.2680119222025539,0.004489181884305582,0.0018404164070150333,1
2025-09-27 04:50:00,113.1254066822696,113.25827142001464,113.11652113352142,113.24423049854246,1333.1260646211254,0.0010503725003756,112.71227820812004,112.1859055776321,0.2556130022259089,0.0031851144787646835,0.0018422317416428248,1
2025-09-27 05:50:00,113.24423049854246,113.56164958134612,113.14282824655646,113.50214744058368,10945.500053237032,0.0022775283200366,112.87025205461276,112.3055639288095,0.2621274744083187,0.0011693198069866462,0.0017827381609408746,0
2025-09-27 06:50:00,113.50214744058368,113.73533545906449,113.3966375916666,113.69440507827797,3368.572101783377,0.0016938678432927,113.0350826593458,112.4318222151248,0.2730053752517553,-0.00029776818027171803,0.0017328234909505013,0
2025-09-27 07:50:00,113.69440507827797,113.75851110719492,113.5509635784008,113.63408964656352,1979.577974840188,-0.0005305048359495,113.15488405678936,112.54111925434653,0.2719084913670317,0.0012512068930539133,0.0017383231265913658,1
2025-09-27 08:50:00,113.63408964656352,113.74033669791856,112.99391303391184,113.09001746622155,1887.8384256050097,-0.0047879309988243,113.1419107386758,112.59101909178968,0.2808631438417625,0.00459718871871817,0.0020029454474378454,1
2025-09-27 09:50:00,113.09001746622155,113.09815734208726,112.95871398740856,113.01965291701958,1384.403023470046,-0.0006221994724069,113.11745917434456,112.62998580317422,0.2815605730180743,0.004720334649976898,0.0019975805980837714,1
2025-09-27 10:50:00,113.01965291701958,113.3031902743456,113.00911508153445,113.2403596035006,2055.926333452958,0.0019528168843614,113.1420392601758,112.68547433047662,0.2919146373173709,0.0020818060076892575,0.0019418888276894208,1
2025-09-27 11:50:00,113.2403596035006,113.42845003386716,113.13797232373834,113.38211862735616,3997.247812142078,0.0012518418729143,113.19005513361188,112.74880563019296,0.2931687468118115,0.0002750426204429779,0.0019378895522476505,0
2025-09-27 12:50:00,113.38211862735616,113.44325678748253,113.32372370868468,113.32409594835752,1044.2980673778263,-0.0005117445299231,113.21686329656102,112.80110475002608,0.2779930607146466,-0.0005707788312508955,0.0019417340433145359,0
2025-09-27 13:50:00,113.32409594835752,113.7140985193159,113.31082995783868,113.63671449887585,2674.9626124155775,0.0027586238204873,113.300833537024,112.87706927264878,0.2918631703521198,-0.004797473955528875,0.0019220088034811297,-1
2025-09-27 14:50:00,113.63671449887585,113.64765475820074,113.59381008001188,113.59924525402587,1665.4359513572842,-0.0003297283366137,113.36051588042436,112.94272163459216,0.2879622731325751,-0.006920920653720408,0.001918073902311284,-1
2025-09-27 15:50:00,113.59924525402587,113.73824796441367,113.5567319033994,113.63324720860236,3294.2525053857535,0.0002993149690426,113.41506214605998,113.00549668677488,0.2941419128833869,-0.005422712614023606,0.0019194606192229223,-1
2025-09-27 16:50:00,113.63324720860236,113.68823135285702,113.59084159507049,113.60492633673994,2335.6640634899336,-0.0002492305074274,113.45303498419598,113.05999029131716,0.253355317827062,-0.005915189636040208,0.0018697086556147908,-1
2025-09-27 17:50:00,113.60492633673994,113.6771762026988,113.5035038478688,113.63486774972148,5378.299500894851,0.0002635573469127,113.48940153730108,113.11225187844482,0.2576043879425021,-0.00624907519807083,0.0018519032972287585,-1
2025-09-27 18:50:00,113.63486774972148,113.70609943594226,113.59489167190505,113.66055050217074,552.8991160215412,0.0002260111967202,113.523631330275,113.16209720787444,0.2554227791956447,-0.007035550535335999,0.0018534185575071883,-1
2025-09-27 19:50:00,113.66055050217074,113.85880552956922,113.65164625877608,113.7762694028152,3209.7684126247605,0.0010181096267192,113.57415894478304,113.21793104377817,0.2403040603387499,-0.007452062850893726,0.0018320333098946606,-1
2025-09-27 20:50:00,113.7762694028152,113.80975158971914,113.57579743454332,113.6099136187169,3248.6113729807607,-0.0014621307674391,113.58130987956984,113.25356582331804,0.2328223666086017,-0.006770495890767947,0.0018265874955162098,-1
2025-09-27 21:50:00,113.6099136187169,113.67547338945514,113.4435945809126,113.55314350081215,2775.395070116718,-0.0004996933462626,113.5756766038183,113.28080015763568,0.2345603151620596,-0.008034993535132484,0.001787802119242984,-1
2025-09-27 22:50:00,113.55314350081215,113.60729634594946,113.44979449396374,113.47610406443604,1794.8278984145272,-0.0006784438898036,113.55576209594184,113.29855505825388,0.192494471446275,-0.0058575368962865415,0.0017586649643830214,-1
2025-09-27 23:50:00,113.47610406443604,113.58829260908196,113.37014082427412,113.41330354237482,8510.902129549791,-0.0005534250808042,113.52727038522843,113.3089867386285,0.198116502169785,-0.006698025943250863,0.0017427317109138965,-1
2025-09-28 00:50:00,113.41330354237482,113.42047278318884,113.2334327775187,113.25941295331955,1379.8182957971026,-0.0013569006831528,113.47369889884668,113.30448003087314,0.1904711316597109,-0.0071243886747395235,0.0017591905349453566,-1
2025-09-28 01:50:00,113.25941295331955,113.36115869947795,113.06426542101538,113.09154532067562,1964.534040930182,-0.0014821517105436,113.39726818321247,113.28512232994608,0.1909293865406931,-0.004480895707209331,0.001781437237655044,-1
2025-09-28 02:50:00,113.09154532067562,113.11698139888092,112.79162326938524,112.81303389130024,5308.474045113775,-0.0024627077876215,113.28042132483004,113.2422051991601,0.205631175876253,-0.002272911322470872,0.0016684565947365775,-1
2025-09-28 03:50:00,112.81303389130024,113.12958382278832,112.7210555803766,113.0170467655918,2903.8263704344386,0.001808415812025,113.22774641298238,113.22173625065388,0.2060068673715735,-0.0038452998692271034,0.001694460426636067,-1
2025-09-28 04:50:00,113.0170467655918,113.08778436353514,112.85109089979916,112.93293165386974,1776.0903552957732,-0.0007442692419357,113.16878346115986,113.19548128730986,0.2190674949106537,-0.0020603631105181597,0.0017024571362339734,-1
2025-09-28 05:50:00,112.93293165386974,112.97046866333486,112.88322908790876,112.92475491603064,2541.308727885227,-7.24034851424804e-05,113.11997775213402,113.17086979901175,0.2123334602257825,-0.002809400167654408,0.0016671087081477152,-1
2025-09-28 06:50:00,112.92475491603064,112.9542156695925,112.85612028976938,112.8608859552386,1577.622833078853,-0.0005655886598074,113.06815939275494,113.14268944957784,0.2123838617998247,-0.0054688847722002,0.0016424392160461765,-1
2025-09-28 07:50:00,112.8608859552386,112.9591710030992,112.76808801351964,112.9284014922852,5003.006287689192,0.0005982190949074,113.040207812661,113.12320872618758,0.2136274785676519,-0.005862145795842211,0.0016341106675536112,-1
2025-09-28 08:50:00,112.9284014922852,113.03822458617697,112.75413856209032,112.84071816541088,5769.977621459506,-0.0007764506157498,113.00030988321096,113.09752776611695,0.2259759257140388,-0.003685896271815925,0.0016402709405495305,-1
2025-09-28 09:50:00,112.84071816541088,112.8963862213786,112.63734277713908,112.64074472688915,2675.640621343309,-0.0017721744577039,112.92839685194662,113.05600203527808,0.229681938103065,-0.004678135758603208,0.0016725704667711536,-1
2025-09-28 10:50:00,112.64074472688915,112.90097050955444,112.56387750988212,112.81141359803176,3769.078971577276,0.0015151610685493,112.90500020116365,113.03376672280112,0.2370489984242445,-0.004124700494238187,0.0015228723863885726,-1
2025-09-28 11:50:00,112.81141359803176,112.81570886492784,112.5977874606212,112.6536582929382,2045.9132963082695,-0.0013983984426935,112.85473181951856,112.9992114109954,0.2360520409788244,-0.004689626947541825,0.001530815220601765,-1
2025-09-28 12:50:00,112.6536582929382,112.71928794926626,112.38607594078016,112.45250887436728,6024.189194456478,-0.001785556027376,112.77428723048833,112.94951118039285,0.2486027664431367,-0.0008859952562114692,0.0015423553376931359,0
2025-09-28 13:50:00,112.45250887436728,112.6690183393228,112.38512664378872,112.58479390072654,1918.118793837374,0.0011763634949848,112.73638856453596,112.91635506405954,0.2532984743521536,-0.00319976490492091,0.0014964819599714272,-1
2025-09-28 14:50:00,112.58479390072654,112.67458258285826,112.52656838933592,112.5566198692464,3684.694632437114,-0.0002502472181544,112.70043482547806,112.88365186453107,0.2505109163415966,0.002987505592970674,0.0014537696571090327,1
2025-09-28 15:50:00,112.5566198692464,112.69441248750658,112.45266596199156,112.58246233044363,7002.916082290124,0.0002295952137447,112.67684032647118,112.85627099779585,0.2465718625596277,0.0030203867473050927,0.001456312542150517,1
2025-09-28 16:50:00,112.58246233044363,112.77194231314584,112.56620982778804,112.70024880752744,2437.8380214570866,0.0010462240267765,112.68152202268244,112.8420871623169,0.238027173692637,0.0030338587272358275,0.0012211919549813051,1
2025-09-28 17:50:00,112.70024880752744,112.74179298443798,112.53392602881624,112.6075040906372,3234.145433842236,-0.0008229326720353,112.66671843627338,112.82076142852785,0.2236942246362119,0.0015883157247462698,0.0012244341460740992,1
2025-09-28 18:50:00,112.6075040906372,112.63431340632413,112.21516101644276,112.24366277466098,1936.0704850921256,-0.0032310574585098,112.5821073039509,112.76829791453991,0.236727005075167,0.0045840144732456345,0.001283729609185354,1
2025-09-28 19:50:00,112.24366277466098,112.35936633420324,112.18731447435282,112.26639873824602,3831.497068962343,0.0002025589955194,112.51896559080994,112.72267071669502,0.2427850253911907,0.003695134020834656,0.0012565739207754515,1
2025-09-28 20:50:00,112.26639873824602,112.52504870984345,112.18677015164272,112.42479898301596,2467.9386242598225,0.00141093191329,112.50013226925115,112.69559146817872,0.2599409667038758,-0.0005401326027503206,0.0012919959936547967,0
2025-09-28 21:50:00,112.42479898301596,112.53133118733888,112.10899285887508,112.1137960311066,3115.4712669947207,-0.0027663198397744,112.42286502162224,112.64270097389944,0.2764592051956072,-0.0012318475749739655,0.0012455544702913454,-1
2025-09-28 22:50:00,112.1137960311066,112.41752830999152,112.06568617152622,112.34610030460826,15090.899091021663,0.0020720400318727,112.40751207821944,112.61573727669116,0.2812989276512253,-0.0065065252908848015,0.0013212803932900947,-1
2025-09-28 23:50:00,112.34610030460826,112.42760471014748,112.075713111179,112.12535466126847,5124.972197682347,-0.0019648714351566,112.35108059482928,112.57115703892543,0.2879309387032935,-0.004278462503437552,0.0013460160906005798,-1
2025-09-29 00:50:00,112.12535466126847,112.41773888760248,112.11364693058844,112.35287648495552,1209.5481568087491,0.0020291737259103,112.35143977285452,112.5513133522009,0.2855737213705588,-0.006528237486184918,0.0014137073614267884,-1
2025-09-29 01:50:00,112.35287648495552,112.35369513506456,112.16181456807956,112.22454902837524,2783.841825369738,-0.0011421822083699,112.32606162395868,112.5216075045804,0.2837136615618689,-0.00553236003947688,0.0014160167364518873,-1
2025-09-29 02:50:00,112.22454902837524,112.98633915541512,112.14974748990583,112.89288340063166,3741.055307134198,0.0059553313249443,112.43942597929328,112.55535985876686,0.3196693513492385,-0.01127846507743513,0.0018050758588779973,-1
2025-09-29 03:50:00,112.89288340063166,113.02440977064325,112.84234194354754,112.92250490764548,4488.150340417158,0.0002623859549117,112.53604176496373,112.5887366813922,0.3123962178893547,-0.012688848175464673,0.001793393245260489,-1
2025-09-29 04:50:00,112.92250490764548,113.10891056968042,112.90092236258488,113.0421654409338,1399.0611913929197,0.0010596694909148,112.63726650015776,112.62995747771416,0.3166800760017259,-0.014937819056766277,0.0017930831029070516,-1
2025-09-29 05:50:00,113.0421654409338,113.11033987934866,112.76261243204053,112.7863603601088,4234.659496920276,-0.0022629173797865,112.66708527214796,112.64417592156822,0.3242501418440925,-0.012468006276213917,0.001830714096947798,-1
2025-09-29 06:50:00,112.7863603601088,112.8535232083572,112.67911312407696,112.75818934935012,4363.99797217904,-0.0002497732054542,112.68530608758842,112.6545407786393,0.3220128274814087,-0.011526465521905616,0.0018287437559562716,-1
2025-09-29 07:50:00,112.75818934935012,112.85015856142596,112.63967875620835,112.68123812762032,3298.0153102696277,-0.0006824446381574,112.6844924955948,112.65696781036485,0.3221994595953989,-0.009919454175324471,0.001829697590949273,-1
2025-09-29 08:50:00,112.68123812762032,112.68162354226956,112.29886978847618,112.36407468372758,3240.757715839162,-0.0028146961212258,112.62040893322136,112.63034116248872,0.319599557017686,-0.00896876199459673,0.001876950820101138,-1
2025-09-29 09:50:00,112.36407468372758,112.3987109397406,111.91974451297264,111.97568892334456,1586.2615769466556,-0.0034564940927624,112.491464931246,112.57082732256652,0.3415220260832247,-0.006797836341843166,0.0019499176508917637,-1
2025-09-29 10:50:00,111.97568892334456,112.04701775597194,111.57700780817156,111.61511756164404,2695.4420737296464,-0.0032200861201876,112.31619545732562,112.48394461702811,0.3509314110546292,-0.004129774814765619,0.001981259994484373,-1
2025-09-29 11:50:00,111.61511756164404,111.69721356412738,111.53329615575252,111.6456305356656,2628.1038851688163,0.0002733767135505,112.18208247299364,112.40773424599516,0.3324727739054194,-0.003914837684798056,0.0019460436842823052,-1
2025-09-29 12:50:00,111.6456305356656,111.666519782737,111.51601893282069,111.61941022500572,4364.576984525335,-0.0002348529945513,112.06954802339604,112.3360684259052,0.3180912532947805,-0.001179788013891403,0.0019450478499526318,0
2025-09-29 13:50:00,111.61941022500572,111.68284374949172,111.55752086095085,111.60368241788234,1884.400029704194,-0.0001409056640926,111.97637490229332,112.26948787972132,0.3019077739785253,0.0019997046903235116,0.0019447545847539737,1
2025-09-29 14:50:00,111.60368241788234,111.69102569902957,111.5218812285497,111.61962495770668,4173.2965629692035,0.0001428495859541,111.905024913376,112.21040943226544,0.292268667797513,0.002903789472983531,0.0019464389784641918,1
2025-09-29 15:50:00,111.61962495770668,111.63057693897146,111.420937832303,111.4896483872792,2004.1923563887717,-0.0011644598382833,111.82194960815664,112.14488570090305,0.2935371349177598,-0.0009060535313989426,0.0019438629400338975,0
2025-09-29 16:50:00,111.4896483872792,111.4993478012004,111.32575960458196,111.3535620277921,2975.4541499006937,-0.0012206187879826,111.72827209208374,112.07294718516567,0.2461797442827012,0.0037709009588027254,0.0019482275669327682,1
2025-09-29 17:50:00,111.3535620277921,111.42748048582352,111.30573832265206,111.38013931126764,2068.468899082578,0.0002386747490745,111.65864553592051,112.00996465117495,0.2418707682881122,0.0010957991501330255,0.0019353497126495885,0
2025-09-29 18:50:00,111.38013931126764,111.470373358033,111.27479718333308,111.45848596750233,3534.4047263189686,0.0007034167556185,111.6186136222369,111.95983022538653,0.2409841945455682,-0.0021155513544751647,0.0019153327303119744,-1
2025-09-29 19:50:00,111.45848596750233,111.62349373030423,111.35617182295871,111.56350174959456,1256.2351165730108,0.0009421963808378,111.60759124770844,111.92380036395087,0.2352409416910958,-0.002941581842597185,0.0019196845856045033,-1
2025-09-29 20:50:00,111.56350174959456,111.64705381583552,111.30138212396638,111.35630804114614,4066.988370025864,-0.001857181830967,111.55733460639595,111.87221015278682,0.2474739136617328,0.001845927280365256,0.0019215110031326902,1
2025-09-29 21:50:00,111.35630804114614,111.415944286707,111.20813636577375,111.21449651577852,2131.2397953965938,-0.0012734934182194,111.48876698827247,111.81241800396788,0.2472830647842769,0.002983734902933355,0.0019093809922430007,1
2025-09-29 22:50:00,111.21449651577852,111.29187258753645,111.08163521526174,111.15417226019086,1666.9931134578246,-0.0005424136014418,111.42184804265617,111.75257748180633,0.2349604661043705,0.0015886004187077862,0.001909434883425919,1
2025-09-29 23:50:00,111.15417226019086,111.30435331656908,111.11961678052846,111.20855601390154,7241.29796975075,0.0004892641689002,111.37918963690524,111.70312098472408,0.2139440453381322,-0.0018644550202437937,0.0019127018314619394,-1
2025-09-30 00:50:00,111.20855601390154,111.58182055386536,111.10808593157954,111.48772298270464,3588.234232495722,0.0025103011747422,111.40089630606514,111.68353934817684,0.2142100935156646,0.00014384822176194412,0.0019647660321844033,0
2025-09-30 01:50:00,111.48772298270464,111.86429655193372,111.45970207331844,111.82685682507076,4992.553685444599,0.0030418940605569,111.48608840986628,111.69656820971264,0.231401312818553,-0.0026230072648627534,0.0020507796498366853,-1
2025-09-30 02:50:00,111.82685682507076,112.00236432825808,111.7462150490712,111.94374484963724,3559.9492556566656,0.0010452589644838,111.57761969782048,111.71903881334217,0.2389476291950194,-0.005452230601363017,0.001986240232409223,-1
2025-09-30 03:50:00,111.94374484963724,111.9472687071575,111.3170196330428,111.38863279764348,2256.0261033102406,-0.0049588483281436,111.53982231778508,111.68900190282407,0.2750137853074353,0.003141077650284485,0.0021640235146770897,1
2025-09-30 04:50:00,111.38863279764348,111.87147686911642,111.3151477347042,111.7734652816088,3946.250862678941,0.0034548631606283,111.58655091054982,111.69668039180452,0.3026698327311753,0.0025118512087076716,0.002243133279140964,1
2025-09-30 05:50:00,111.7734652816088,111.7933174031333,111.4416527767297,111.50218957326663,2453.620736625311,-0.0024270134925019,111.56967864309318,111.67899940830108,0.3128145127122579,-0.001096859548839646,0.0022312796777371785,0
2025-09-30 06:50:00,111.50218957326663,111.59100777284584,111.11681348580728,111.22268981654602,2432.592095436386,-0.0025066750508694,111.50028087778377,111.63751671814153,0.3342863763136949,-0.00025948614237514267,0.0022297737323860836,0
2025-09-30 07:50:00,111.22268981654602,111.25082581471244,111.14306494566272,111.2353285785514,1451.257220129635,0.0001136347450887,111.44729041793728,111.60095415999696,0.3332877124478567,0.0012763764469287953,0.0022102484129593674,1
2025-09-30 08:50:00,111.2353285785514,111.60044561014782,111.15935466036332,111.56186368800005,1125.4092503222912,0.0029355341834411,111.47020507194983,111.59740048072452,0.3508244820967537,-0.0020862888339122643,0.0022458735532027417,-1
2025-09-30 09:50:00,111.56186368800005,111.58856556306442,111.44023047989369,111.5463310907448,2873.0998899218985,-0.0001392285566209,111.48543027570884,111.59275780890816,0.3423254232271264,-0.003314508256848092,0.0022395542333833716,-1
2025-09-30 10:50:00,111.5463310907448,111.61687695049118,111.29435712607396,111.33075182478451,4524.6628452607665,-0.0019326432689652,111.45449458552396,111.56893908307876,0.3406717184091314,-0.003199680196199317,0.0019580983635527176,-1
2025-09-30 11:50:00,111.33075182478451,111.39250188589736,110.93847302794748,111.00121266334736,1875.972037921521,-0.0029600012219065,111.36383820108868,111.51732759037588,0.3582589281960356,0.0003513856342629573,0.00200349049321778,0
2025-09-30 12:50:00,111.00121266334736,111.51725124787905,110.9955546690683,111.503760293404,3224.646078202709,0.0045274066651936,111.39182261955176,111.51609419974208,0.3805060143771815,-0.004006747987865378,0.0021786110274318662,-1
2025-09-30 13:50:00,111.503760293404,111.5732297236735,111.50077883409271,111.53353416721184,1920.7621733240092,0.0002670212531803,111.42016492908375,111.51767965133024,0.3724856110586206,-0.0029215096456695067,0.0021555762958812524,-1
2025-09-30 14:50:00,111.53353416721184,111.57480866631236,111.24056923992246,111.33340173833687,1450.9502684629388,-0.0017943700105021,111.4028122909344,111.50092711378538,0.3625216684946254,-0.0023935576778871814,0.0021705760681116734,-1
2025-09-30 15:50:00,111.33340173833687,111.74806938767998,111.28414393535613,111.7385131426199,4128.321700446428,0.0036387229524805,111.4699524612715,111.52252584367942,0.3667595951880936,-0.00406469827502276,0.0022835907915349173,-1
2025-09-30 16:50:00,111.7385131426199,112.12802724213054,111.6473874959812,112.05422359547784,1288.0202772680211,0.0028254398951506,111.58680668811276,111.57086200293382,0.3827946285425554,-0.007585144145234479,0.002297667895164488,-1
2025-09-30 17:50:00,112.05422359547784,112.10320836748232,111.3581148205515,111.37988733191666,2069.01287398821,-0.0060179459722605,111.54542281687355,111.553500669205,0.390997805172276,-0.000526149985035862,0.002457982048797143,0
2025-09-30 18:50:00,111.37988733191666,111.48912620126347,111.19178828897492,111.19382906982094,1408.3658398992177,-0.0016704834827249,111.47510406746304,111.52080325107916,0.3724984321634425,0.002756021030569933,0.00241063536990528,1
2025-09-30 19:50:00,111.19382906982094,111.42544641368087,111.08605938788824,111.37730673201544,3104.2204147608527,0.0016500705455451,111.45554460037351,111.50775811298249,0.3716214606912312,-0.0003551702806146029,0.0024300035174475592,0
2025-09-30 20:50:00,111.37730673201544,111.39702687417432,111.30935231462526,111.32911341749733,3444.694988058365,-0.0004327031774441,111.43025836379827,111.49151768612018,0.3440129087276946,0.0009546573661631808,0.002430681979474623,0
2025-09-30 21:50:00,111.32911341749733,111.34089181126151,111.16992591794951,111.17660985532342,1443.2399377213308,-0.0013698443964247,111.37952866210333,111.46288970150228,0.348527553317857,-0.0010587180235388516,0.002441384504277898,0
2025-09-30 22:50:00,111.17660985532342,111.21143415470485,110.91682914659448,110.97452902294278,3140.3075589345103,-0.0018176560037549,111.29852873427124,111.4184932761787,0.3380642717697069,0.002152877139243392,0.002459189651112251,1
2025-09-30 23:50:00,110.97452902294278,111.08090046402592,110.95704264378416,111.04021689486304,3099.231851828518,0.0005919184564115,111.2468663663896,111.3841045142409,0.3363158958462082,0.0010799826455334394,0.002456065177854965,0
2025-10-01 00:50:00,111.04021689486304,111.12402995197591,111.02954164988036,111.05699282620898,3606.825342624912,0.0001510797782557,111.20889165835348,111.35436708805618,0.3200279299660908,-0.0014929149496443195,0.0024482535554151324,-1
2025-10-01 01:50:00,111.05699282620898,111.2966423149361,111.04401759029044,111.20768787132673,3241.094646050376,0.0013569163119115,111.20865090094811,111.34103261380804,0.3056419204443585,0.0005548428516144455,0.0024609031404235347,0
2025-10-01 02:50:00,111.20768787132673,111.2328213643111,111.05398541032297,111.06691881980078,4611.444275927476,-0.0012658212235183,111.18030448471866,111.3161131779892,0.2811518758141744,-0.0008451228938829436,0.0024661877946236936,0
2025-10-01 03:50:00,111.06691881980078,111.37713017698928,110.95892546090472,111.28432980099548,2463.9043150176126,0.0019574773794475,111.20110954797404,111.31322378008068,0.3058485777073016,-0.0012568254593801065,0.0024865680560575984,-1
2025-10-01 04:50:00,111.28432980099548,111.30066893181512,111.15531695107111,111.2042761574238,3208.0561223082605,-0.0007193613306998,111.201742869864,111.30331945074823,0.2923566173040228,0.004332999715252583,0.002468334234325845,1
2025-10-01 05:50:00,111.2042761574238,111.41359884306056,111.12671045666876,111.32128480586368,1815.5638016913065,0.0010521955853048,111.22565125706392,111.30495266484964,0.2797111125945893,0.0020553541140777565,0.0024650724212999,1
2025-10-01 06:50:00,111.32128480586368,111.52141209631928,111.2644831672536,111.50028160120696,4343.154575844004,0.0016079296574365,111.28057732589254,111.32270984088213,0.2637317685171853,0.002876735099244243,0.00247815694251557,1
2025-10-01 07:50:00,111.50028160120696,111.50967196926284,111.33254284529136,111.33774882272934,1960.0374681871256,-0.0014576893990181,111.2920116252599,111.32407702105004,0.2231628811629481,0.0029194205383475946,0.002492155801025165,1
2025-10-01 08:50:00,111.33774882272934,111.47101917428878,111.25251401840484,111.43539457568976,562.0275279915238,0.0008770228785197,111.32068821534588,111.33419679874456,0.2175319699911893,0.0008233417391543263,0.0024563847322642877,0
2025-10-01 09:50:00,111.43539457568976,111.43624290033767,110.96881086721062,111.05890517467364,5063.552192537033,-0.0033785441551102,111.26833160721144,111.30917028746538,0.226678041943648,0.004214321086027262,0.002461123647042651,1
2025-10-01 10:50:00,111.05890517467364,111.32055264595064,111.04100545024689,111.21344354951457,1689.8701191014177,0.0013914991742249,111.25735399567206,111.30046785674256,0.2403832302404122,0.001776009606302198,0.002467583694230996,1
2025-10-01 11:50:00,111.21344354951457,111.2461307071836,111.08821917731088,111.16013840206575,2457.094026995581,-0.0004793048910949,111.2379108769508,111.28771063359012,0.239450775709035,0.006297050615067246,0.0023110978758750485,1
2025-10-01 12:50:00,111.16013840206575,111.2075593845594,110.79815606065657,110.8911941813562,4857.402950585903,-0.0024194304233122,111.16856753783188,111.25166368338704,0.2476506554084961,0.00605734596386287,0.002255402903145842,1
2025-10-01 13:50:00,110.8911941813562,111.36571337455013,110.88347402800976,111.2693906619867,2240.725711904926,0.0034105186026942,111.18873216266286,111.2532752268961,0.2732493358583941,0.0054080162888530126,0.0023086835527497446,1
2025-10-01 14:50:00,111.2693906619867,111.30323060941532,110.95272926977265,110.97305362395312,3037.82065146642,-0.0026632395151131,111.14559645492092,111.22780053571944,0.2915359813974731,0.008894493348578392,0.002314189253330392,1
2025-10-01 15:50:00,110.97305362395312,111.25266802135494,110.92954289747226,111.14446482207154,6224.703752021969,0.0015446200002682,111.14537012835105,111.22022456175144,0.2965717242001184,0.0037635308668846346,0.0023315653451184792,1
2025-10-01 16:50:00,111.14446482207154,111.69097033195855,111.04701533596923,111.68612425434878,2600.570925746866,0.0048734719551204,111.2535209535506,111.26257907926028,0.3297945129144872,0.0009744856311608707,0.002433813415482371,0
2025-10-01 17:50:00,111.68612425434878,111.68924757713803,111.46064833855029,111.55008946657384,3417.810650416249,-0.0012180097454642,111.31283465615526,111.28871638719788,0.3162512645218577,0.003217037279515722,0.00244379348181363,1
2025-10-01 18:50:00,111.55008946657384,111.90982845278909,111.47355943350804,111.82103837486478,5369.490269946645,0.0024289438904674,111.41447539989716,111.3371092951676,0.3370310529887896,0.0030477292991355487,0.002453908539417564,1
2025-10-01 19:50:00,111.82103837486478,111.82835644713572,111.58345278352633,111.6627905333358,2254.58994631162,-0.0014151884460104,111.4641384265849,111.3667166804556,0.334032144218618,0.0051120898718404195,0.0024056717247217915,1
2025-10-01 20:50:00,111.6627905333358,111.72677887766405,111.50779007463656,111.52714398726305,3225.90123672295,-0.0012147873559746,111.47673953872054,111.38130098107446,0.3313221352158889,0.0042370010210195375,0.0022825982106788956,1
2025-10-01 21:50:00,111.52714398726305,111.60485095451074,111.45203591201708,111.52694306054238,4454.556637717536,-1.8015947820249067e-06,111.48678024308492,111.394541170117,0.3295854151103309,0.0023231864668393776,0.0022821128948911904,1
2025-10-01 22:50:00,111.52694306054238,111.54133865422082,111.35531694333989,111.41095969360846,5583.455409038022,-0.0010399582715269,111.47161613318964,111.39603376316168,0.3272651690386894,0.00272924564946031,0.0022668164441274493,1
2025-10-01 23:50:00,111.41095969360846,111.87526904980052,111.32974025059131,111.86011941996144,4942.022545743866,0.0040315578250846,111.549316790544,111.43822336832528,0.332843509473128,-0.0036259867803385415,0.002287987127197254,-1
2025-10-02 00:50:00,111.86011941996144,111.8889901338297,111.48052651705008,111.56290050885856,6053.021880904798,-0.0026570587680764,111.55203353420691,111.44955765382832,0.3420518252642616,-0.0010705770449903618,0.0022776580421791483,0
2025-10-02 01:50:00,111.56290050885856,111.97792652102514,111.461895420278,111.87113733913748,3636.757354995362,0.0027628972433759,111.61585429519305,111.48788307976552,0.3676317946124346,-0.0053818139739661985,0.0020650336384889514,-1
2025-10-02 02:50:00,111.87113733913748,112.0178540409643,111.86601437018923,111.9601027112828,2809.340279277666,0.0007952486607478,111.684703978411,111.53081213717616,0.3492343908175925,-0.005856179351057977,0.002041178930065434,-1
2025-10-02 03:50:00,111.9601027112828,111.99450492879213,111.4943530013841,111.56276044611278,3241.9556075904284,-0.0035489630283267,111.66031527195136,111.53371652889768,0.3505138608795702,0.00040229921844092686,0.00212844991479916,0
2025-10-02 04:50:00,111.56276044611278,111.8736266912036,111.45978241651343,111.79496077763469,2523.146096857977,0.002081342650481,111.68724437308803,111.55746600605558,0.355038356240106,-0.0016953978119712554,0.002156117048173029,-1
2025-10-02 05:50:00,111.79496077763469,111.91077228305458,111.7286396110138,111.90895026292112,2712.661106155755,0.0010196299054405,111.73158555105464,111.58941912031608,0.3449674668228287,-0.0007419611820153049,0.0021437411276199153,0
2025-10-02 06:50:00,111.90895026292112,112.24135639060933,111.83548304658548,112.16183862977962,4622.118648390237,0.002259768912713,111.81763616679966,111.64145725754004,0.3279616345395806,-0.001461050749219428,0.0021406666307183814,-1
2025-10-02 07:50:00,112.16183862977962,112.28632027908084,112.14682919394328,112.2336207538827,2154.0061593678856,0.0006399870488928,111.90083308421627,111.6952903026621,0.3215967664359951,-0.00280923389239196,0.0021408697020860977,-1
2025-10-02 08:50:00,112.2336207538827,112.34541904608793,111.922819178004,111.99968461020846,5080.079516141532,-0.0020843677866121,111.92060338941472,111.72296251243904,0.3206203984933436,0.00013256939195716022,0.002183164075050338,0
2025-10-02 09:50:00,111.99968461020846,112.03520588396565,111.69009698014882,111.7860409453486,3277.947261875671,-0.0019075380935527,111.89369090060153,111.72869691543082,0.3277779156510171,6.0494946811040506e-05,0.0022067102815847557,0
2025-10-02 10:50:00,111.7860409453486,111.8124423366296,111.6651104867765,111.71502757065444,3214.3040447226012,-0.0006352615594364,111.8579582346121,111.72745424772388,0.322659561852847,0.002728196179650366,0.002196317228354584,1
2025-10-02 11:50:00,111.71502757065444,111.75186032703658,111.38144783495426,111.45451610569756,2877.664380331884,-0.0023319285741759,111.7772698088292,111.70264168935785,0.338202236823465,0.005109022734713253,0.0022154101002611966,1
2025-10-02 12:50:00,111.45451610569756,111.483985697672,111.38048451089968,111.44346382850124,971.0762789511236,-9.916401400766885e-05,111.71050861276362,111.6790800656436,0.3323079136728485,0.003082921916595982,0.0022111699526063703,1
2025-10-02 13:50:00,111.44346382850124,111.5072599959613,111.1582728414369,111.26906768892222,10111.237826949004,-0.0015648844139247,111.62222042799534,111.64180621321437,0.3182692247667913,0.0030450602921145986,0.0022220232111793674,1
2025-10-02 14:50:00,111.26906768892222,111.32313399527553,111.20018994447544,111.30444426964266,6776.71097178447,0.0003179372439727,111.5586651963248,111.61113694561692,0.297874970053967,-5.516469278277203e-05,0.002203303866014957,0
2025-10-02 15:50:00,111.30444426964266,111.61525740288052,111.28730017459844,111.60764205744736,1991.518346648577,0.0027240402644674,111.56846056854933,111.6108192285106,0.2844411220207498,-0.0046198100607746095,0.0022409663721466317,-1
2025-10-02 16:50:00,111.60764205744736,111.70344088278344,111.54779975375229,111.60542384574288,1664.8000813609297,-1.9875087974075e-05,111.57585322398803,111.61032873916808,0.2847126547533299,-0.007598859488720633,0.0022362556093525835,-1
2025-10-02 17:50:00,111.60542384574288,111.91272246079728,111.52666595094558,111.82591816590596,3225.120201882354,0.0019756595384454,111.62586621237163,111.62992777796244,0.276562982070734,-0.011412415195154124,0.0021707935369065755,-1
2025-10-02 18:50:00,111.82591816590596,112.0924548734611,111.76254165269822,111.99796449141576,4476.9826809594215,0.0015385192299923,111.70028586818049,111.66338566100364,0.2705679067902125,-0.013891800137758481,0.002173512525771283,-1
2025-10-02 19:50:00,111.99796449141576,112.00632623270884,111.8805870312069,111.91833026259503,4143.438367512557,-0.0007110328226263,111.7438947470634,111.68656244296648,0.2665398017517231,-0.01438495006261098,0.002176308596858655,-1
2025-10-02 20:50:00,111.91833026259503,112.08317560748918,111.89753347427096,112.01453234029664,1875.1052659680915,0.0008595739185519,111.79802226571005,111.71637788817831,0.250809000979893,-0.013637389326413452,0.002124867045941154,-1
2025-10-02 21:50:00,112.01453234029664,112.09882754782411,111.72974495756624,111.7928034359498,3130.8829950556005,-0.0019794655185743,111.796978499758,111.72332566524844,0.2672083942027733,-0.012302616830932145,0.0020850088995852728,-1
2025-10-02 22:50:00,111.7928034359498,112.1153931156093,111.72321388574191,112.01980808208224,3021.3877529176507,0.0020305837151897,111.84154441622286,111.75027861223334,0.2650354914730205,-0.016217812407660626,0.002045533621105689,-1
2025-10-02 23:50:00,112.01980808208224,112.10783059803084,111.98699276415924,112.02393976236804,2923.467616882184,3.688347941799286e-05,111.8780234854519,111.77515689860924,0.2490161293340774,-0.01612230344896326,0.002033159325011677,-1
2025-10-03 00:50:00,112.02393976236804,112.04302977805966,111.7412032166413,111.7870353255995,2993.948513471234,-0.0021147661586539,111.85982585348142,111.77623675560834,0.2600514658744544,-0.012730062845359713,0.0018906570495351351,-1
2025-10-03 01:50:00,111.7870353255995,111.84960063205476,111.51218670913052,111.60788870868237,3986.0024986765343,-0.0016025706057535,111.80943842452162,111.76093238770598,0.2576944252203056,-0.010295469628953002,0.0019000442093183064,-1
2025-10-03 02:50:00,111.60788870868237,111.64797851850766,111.24767681413428,111.29830419416916,3126.0771517198277,-0.0027738587128127,111.70721157845112,111.71887527920262,0.2788944621918107,-0.006830067723720634,0.0019096567717521384,-1
2025-10-03 03:50:00,111.29830419416916,111.3238190602978,111.00840937724786,111.09203594981103,2652.00082042756,-0.0018532918884213,111.58417645272311,111.66188988562156,0.2764960713722055,-0.005743818418923019,0.001920598433607227,-1
2025-10-03 04:50:00,111.09203594981103,111.14873418161169,110.75083203269884,110.75734991175996,1689.4570941414663,-0.0030126915506554,111.41881114453048,111.57965897890686,0.296135935523115,-0.0053948380882659075,0.0019779418170192695,-1
2025-10-03 05:50:00,110.75734991175996,110.82487382449166,110.4768651299764,110.54971435821732,2639.3990867148223,-0.001874688711025,111.24499178726784,111.48602764975328,0.2975681831111986,-0.002470447840739576,0.0019990412181372457,-1
2025-10-03 06:50:00,110.54971435821732,110.57404273539456,110.3358663460106,110.44211115286524,1529.296710726013,-0.0009733467515203,111.08441566038734,111.39112615003616,0.3034635588506852,0.00010716488330930751,0.001998251402505832,0
2025-10-03 07:50:00,110.44211115286524,110.45433880781296,110.25778878347612,110.3083906706768,2768.273029873229,-0.0012107744119755,110.92921066244524,111.2926956519126,0.2899273813139099,0.0014111123508824264,0.0018429982033953097,1
2025-10-03 08:50:00,110.3083906706768,110.5684589716248,110.2251713983542,110.48694655255588,1768.6194297351938,0.0016186971887948,110.84075784046736,111.21944573378926,0.2908826922073189,2.9170735021732952e-05,0.00183164809261839,0
2025-10-03 09:50:00,110.48694655255588,110.49562591558116,110.36917202552524,110.4174594108216,4760.351464011205,-0.0006289172060813,110.7560981545382,111.14653788624672,0.2909337413897473,-0.001126472977465931,0.0017446907390489296,0
2025-10-03 10:50:00,110.4174594108216,110.5167237496301,110.17405822049164,110.20309184866488,7511.198663916209,-0.001941428133744,110.64549689336354,111.06077006464838,0.3021496982411936,0.0012975435213120612,0.001750911281716827,1
2025-10-03 11:50:00,110.20309184866488,110.27495729395628,110.13942478939656,110.21785581197076,1769.1822673733195,0.0001339704999034,110.559968677085,110.98414149622312,0.2854675492627529,-0.0008823644958235732,0.0016623385117106799,0
2025-10-03 12:50:00,110.21785581197076,110.4699645701292,110.1913025880818,110.36397934060818,5309.760823061482,0.0013257700175797,110.52077080978964,110.92776311843996,0.2773591744184683,-0.0025715034677343818,0.001631362744621845,-1
2025-10-03 13:50:00,110.36397934060818,110.53018868223003,110.29691006095358,110.45883308013056,3310.5196413079457,0.0008594628436662,110.50838326385784,110.88513311495728,0.2853906592330994,-0.004064549525515604,0.0016271029443766817,-1
2025-10-03 14:50:00,110.45883308013056,110.5867253223186,110.43628461503285,110.53812923898772,4549.431045700767,0.0007178797443896,110.5143324588838,110.85358730805096,0.2745773839379128,-0.001543936853993455,0.0015673400179310644,-1
2025-10-03 15:50:00,110.53812923898772,110.6061317379186,110.4390893327928,110.45394346752686,1801.2409578203344,-0.0007615993869305,110.50225466061244,110.8172560498215,0.2624079898094515,0.0044607409010499754,0.0015553081698595611,1
2025-10-03 16:50:00,110.45394346752686,110.49153307562344,110.07997177166573,110.1598319419006,2753.035667503035,-0.0026627526043262,110.43377011687008,110.75749022182868,0.2632122469226193,0.00746316955131876,0.0015775378082918457,1
2025-10-03 17:50:00,110.1598319419006,110.30369574421856,110.09359098781673,110.27660705508669,3872.255836840922,0.0010600516642733,110.4023375045134,110.71377357030669,0.2556904664477569,0.006237639254258243,0.0015803367274941275,1
2025-10-03 18:50:00,110.27660705508669,110.4708373631143,110.21245285597688,110.45394666881936,3277.417101406127,0.0016081344762819,110.4126593373746,110.69015294289876,0.245724920606656,0.005970136831526807,0.0016199062808243607,1
2025-10-03 19:50:00,110.45394666881936,110.52364122922602,110.42065834764792,110.46404820315816,3270.2447961086596,9.145471613702938e-05,110.42293711053132,110.6695979665587,0.2282230768254304,0.00585791041754824,0.0015805975331371256,1
2025-10-03 20:50:00,110.46404820315816,110.5219634409625,110.41415595537931,110.49016953799712,6852.261060527464,0.0002364691070431,110.4363835960245,110.65328629123492,0.2189110122682294,0.00416593149890887,0.0015829323723992505,1
2025-10-03 21:50:00,110.49016953799712,110.58048453041728,110.1976357193575,110.29307712655488,4209.872433529707,-0.0017838004255614,110.40772230213058,110.62054000353672,0.2322180684627243,0.005995052314654581,0.0015891822800972023,1
2025-10-03 22:50:00,110.29307712655488,110.40562942180796,110.22889228606144,110.34608515652168,4918.530413189321,0.0004806106724717,110.3953948730088,110.595589562899,0.2203216086395757,0.00492348576202617,0.0015913957003576018,1
2025-10-03 23:50:00,110.34608515652168,110.35845242029444,110.03336927020402,110.12060348919648,2141.4155710110667,-0.0020434043220051,110.34043659624632,110.5524090107442,0.2345094129277518,0.008739098250580835,0.0015238847979693446,1
2025-10-04 00:50:00,110.12060348919648,110.2129869786612,110.07980665478354,110.08017798502084,1115.02972319653,-0.0003671020943832,110.28838487400124,110.50947891749664,0.2195461839805515,0.00629847082240742,0.001522194110972967,1
2025-10-04 01:50:00,110.08017798502084,110.1227220736296,110.00897582645769,110.0098676825457,3284.187954399821,-0.0006387190115618,110.23268143571012,110.46405971431928,0.2179900227385656,0.00815387609065188,0.0014577749476945249,1
2025-10-04 02:50:00,110.0098676825457,110.44254689914445,109.95766845624988,110.36746534748416,6582.898369584083,0.003250596264422,110.25963821806496,110.45527840824336,0.2327197699419331,0.004344531519500094,0.0015630215026765845,1
2025-10-04 03:50:00,110.36746534748416,111.0227689549834,110.26693166292,110.94664989083472,4853.278520213824,0.0052477833166417,110.3970405526189,110.4999485430244,0.2700453892838591,-0.002517295324079849,0.0018587592161277283,-1
2025-10-04 04:50:00,110.94664989083472,111.02139282751648,110.94595916995696,110.9819734454278,1204.3021561732498,0.0003183832466131,110.5140271311807,110.54376898869742,0.2646877428748421,-0.005394982119855007,0.0018505867521360188,-1
2025-10-04 05:50:00,110.9819734454278,111.0652355848147,110.94921216622724,110.9644727480799,1030.1647467138614,-0.0001576895490736,110.60411625456054,110.58201478500492,0.2610435295506761,-0.007425672496839342,0.0018247044301021142,-1
2025-10-04 06:50:00,110.9644727480799,111.18150523123536,110.87425816768878,111.11337184401438,2641.282605598914,0.0013418627804642,110.70596737245133,110.6303199721876,0.2535925123784496,-0.008872118086043379,0.0018010799885414435,-1
2025-10-04 07:50:00,111.11337184401438,111.12675130619247,111.10652456275766,111.111136701892,3476.017446355072,-2.011586981198743e-05,110.78700123833946,110.6740305839789,0.240029797166519,-0.004024086911153413,0.0018008129389897422,-1
2025-10-04 08:50:00,111.111136701892,111.16950396759424,110.94603437833784,110.95046401559524,5847.709195786812,-0.00144605384362,110.81969379379062,110.69916089594402,0.2375358744607335,-0.0008366504106401829,0.0017823092289604911,0
2025-10-04 09:50:00,110.95046401559524,111.00025456619552,110.92030935027668,110.9542898938728,1794.1106492018428,3.4482760496112874e-05,110.84661301380706,110.72235444121029,0.2358903269136425,0.000585486827654691,0.0017651470555848732,0
2025-10-04 10:50:00,110.9542898938728,111.04445900394936,110.77913400257818,110.88937253568515,1974.8621359801225,-0.0005850820031361,110.85516491818268,110.73753790434436,0.2471415780413589,0.000834159060097317,0.0017027793813317578,0
2025-10-04 11:50:00,110.88937253568515,111.1420227050755,110.86583586804537,111.08295826250183,2466.8933398264858,0.0017457554532955,110.90072358704651,110.76893975508594,0.2395228656106728,0.00021193044110745518,0.0017030259718711191,0
2025-10-04 12:50:00,111.08295826250183,111.1346220524356,110.7417376053593,110.77351477418492,3513.1255601221164,-0.0027856972226619,110.8752818244742,110.76935566591312,0.2549619592770845,0.001427937470348306,0.0016905041415063878,1
2025-10-04 13:50:00,110.77351477418492,110.94912078800895,110.72283782640068,110.9068745123782,3108.1467700315934,0.0012038955201985,110.881600362055,110.78185737922811,0.2479048029569313,-0.0024594421217113416,0.001667469258762871,-1
2025-10-04 14:50:00,110.9068745123782,110.93051582184502,110.745701123135,110.84696027941364,5873.659279898871,-0.0005402210929481,110.87467234552676,110.78777582469952,0.2515929725878131,-0.0030562007027978844,0.0016601996686509376,-1
2025-10-04 15:50:00,110.84696027941364,110.94647911937872,110.66036437374176,110.6673644078422,1963.1342181507036,-0.0016202146736251,110.83321075798985,110.77682933225796,0.2639050081924604,-0.0015930519472505678,0.0016722861019943167,-1
2025-10-04 16:50:00,110.6673644078422,110.70801836586928,110.31630141380376,110.3832276830635,3581.5318682217867,-0.002567484337402,110.74321414300458,110.74104736414937,0.2572506159903877,-0.0001379623964896659,0.0017131216514587404,0
2025-10-04 17:50:00,110.3832276830635,110.39994258876584,110.13431769909825,110.1404869146682,1694.8481735710868,-0.0021990729342709,110.6226686973373,110.68645095965108,0.2222354443906878,0.002930690176200068,0.00175291458894134,1
2025-10-04 18:50:00,110.1404869146682,110.21467319085474,110.04969978461575,110.12756088807583,5575.468257691597,-0.000117359446598,110.52364713548502,110.63564277132603,0.2286311407249347,-0.0004676118148521091,0.0017196731001414358,0
2025-10-04 19:50:00,110.12756088807583,110.74113542796972,110.08208583434435,110.66401583100654,1231.240599055393,0.0048712142410554,110.55172087458934,110.63822214038792,0.2674187246562119,-0.00836003190818313,0.0019250007024327817,-1
2025-10-04 20:50:00,110.66401583100654,110.94030407866444,110.62245213607966,110.85763726431588,4493.7765087193075,0.0017496331743918,110.61290415253464,110.6581689698359,0.2681762160160841,-0.013007473185957075,0.0019349405884312022,-1
2025-10-04 21:50:00,110.85763726431588,111.0386078976594,110.75952975388827,111.01925216907745,3018.2497748566734,0.0014578599070826,110.69417375584322,110.69099471522148,0.2866656017543901,-0.01501760560023535,0.0019449706924458384,-1
2025-10-04 22:50:00,111.01925216907745,111.07724429500811,110.97116311536394,110.9818719104543,9390.0600598401,-0.0003367006883293,110.75171338676545,110.71743809660629,0.2782807153535174,-0.014021452955502167,0.0019441471165252938,-1
2025-10-04 23:50:00,110.9818719104543,111.18163700952216,110.88011003554956,111.10650012284592,2784.702748729348,0.0011229600856992,110.82267073398154,110.75280737171896,0.2941079837859308,-0.011562085389435928,0.0019449036621490823,-1
2025-10-05 00:50:00,111.10650012284592,111.17538177004002,110.87228534015756,110.93169242665316,3375.5688898465555,-0.0015733345573792,110.84447507251588,110.76906964944024,0.2968059429653067,-0.011572264323137627,0.0019025033953770465,-1
2025-10-05 01:50:00,110.93169242665316,110.99722754974132,110.5761521159702,110.6341054736151,2198.766857447597,-0.0026826143776256,110.80240115273573,110.7568001789107,0.3071551284468045,-0.009634198877889855,0.0019632644814526726,-1
2025-10-05 02:50:00,110.6341054736151,110.67964740956958,110.50723210964544,110.50818972150468,1534.3569316487574,-0.0011381278094252,110.74355886648952,110.73419922823742,0.2914073322216524,-0.00678852474676761,0.0019553564656021837,-1
2025-10-05 03:50:00,110.50818972150468,110.5437370062144,110.387250261834,110.4910655474752,2880.935230036806,-0.0001549584159568,110.69306020268668,110.71209616634994,0.286421888133949,-0.006815164915169092,0.0019555397722072747,-1
2025-10-05 04:50:00,110.4910655474752,110.53157124511024,110.36163633952468,110.36799894844007,1414.9615790093203,-0.0011138149354006,110.62804795183736,110.6808146010854,0.2853590457679169,-0.00562561835319797,0.0019650292078865336,-1
2025-10-05 05:50:00,110.36799894844007,110.5650670344282,110.3218803830765,110.46327455767091,2439.45146725471,0.0008632539335551,110.59509327300408,110.66103823350228,0.2822927533189698,-0.011543267704590798,0.0019445454746127573,-1
2025-10-05 06:50:00,110.46327455767091,110.50421085345634,110.03892954615552,110.07606393946372,5063.205240724301,-0.0035053335124973,110.491287406296,110.60785875222604,0.2875473501214917,-0.00640805499614705,0.0020413276782045376,-1
2025-10-05 07:50:00,110.07606393946372,110.08820727192106,109.67602484759928,109.73886112757164,998.062421535848,-0.0030633618229437,110.34080215055114,110.52885896816656,0.298015745453933,-0.0064293995615696264,0.002080645757687814,-1
2025-10-05 08:50:00,109.73886112757164,109.7832072383842,109.3840840651934,109.41565952014174,5616.410926427082,-0.0029451882779627,110.15577362446926,110.4276590183461,0.3147407288076351,-0.001614588476472889,0.002140128471248197,-1
2025-10-05 09:50:00,109.41565952014174,109.51774216146228,109.34568796709348,109.35200882596916,1782.2115848263998,-0.0005817329480234,109.99502066476924,110.32987263722092,0.2799553431464535,-0.002051611610430104,0.002139764131710477,-1
2025-10-05 10:50:00,109.35200882596916,109.44856644984117,109.34719604087492,109.4257448145483,4075.509376043691,0.0006742993509747,109.88116549472504,110.24767919879616,0.2644923764594143,-0.0048789854176547465,0.0020530301883081715,-1
2025-10-05 11:50:00,109.4257448145483,109.90441465926538,109.3772672542583,109.8218772811042,3713.5051812435945,0.0036201029952069,109.86930785200089,110.20896993355144,0.2822116094048407,-0.009034666623784049,0.0019284044728088102,-1
2025-10-05 12:50:00,109.8218772811042,109.84577975345466,109.58160869980104,109.64796156007893,8693.564044086823,-0.0015836163552377,109.8250385936165,110.15796917232666,0.2935037432626564,-0.00814754591061273,0.0019374927542329557,-1
2025-10-05 13:50:00,109.64796156007893,109.66649009544776,109.56769506731932,109.56823449880484,2338.477762357277,-0.0007271184994205,109.77367777465416,110.10435692927922,0.2790228899880723,-0.009016692805117743,0.0019380377433626092,-1
2025-10-05 14:50:00,109.56823449880484,109.80547878712284,109.47652638929893,109.75800214085976,2596.361045015165,0.0017319585637478,109.7705426478953,110.072870130332,0.2808697448410342,-0.008759427106967976,0.0019504943523051008,-1
2025-10-05 15:50:00,109.75800214085976,109.85154080342168,109.63577392601448,109.7380507141164,3068.1933792645914,-0.0001817765115456,109.76404426113952,110.04243200158513,0.2662048479578963,-0.007224159410192055,0.001949737044220563,-1
2025-10-05 16:50:00,109.7380507141164,109.77837632054008,109.7228153689327,109.74711070795,3730.894122735602,8.256018559316125e-05,109.76065755050162,110.01558461125464,0.2578581087924121,-0.006544821734406292,0.001941653550109587,-1
2025-10-05 17:50:00,109.74711070795,109.79314880763064,109.17295488094192,109.188167407926,3211.740677930577,-0.005093011528216,109.6461595219865,109.94036486549749,0.2909800503858619,-0.0015196150355542004,0.00211378825656391,-1
2025-10-05 18:50:00,109.188167407926,109.37176498956754,109.14636780942504,109.37069046798024,3468.5891549436296,0.0016716377276702,109.59106571118528,109.888576283905,0.2949416414256426,-0.005300576871867468,0.0021481938674401025,-1
2025-10-05 19:50:00,109.37069046798024,109.3754736394237,108.93980441432862,109.03330614195087,2575.4654745143425,-0.0030847782398168,109.4795137973384,109.81082445281828,0.3086903966930267,-0.001376328570744989,0.0021601597327017144,-1
2025-10-05 20:50:00,109.03330614195087,109.25587538436442,108.94920220951524,109.23899825713484,5798.751941279634,0.0018865071826417,109.43141068929768,109.75884025321068,0.2973612443750519,-0.002685790559528778,0.002164130842328618,-1
2025-10-05 21:50:00,109.23899825713484,109.32334450982036,109.1143922676729,109.12766097503795,7013.400916832242,-0.0010192081937148,109.37066074644576,109.70146031883134,0.2828448027911707,-0.0009514003011257266,0.0021454724169947914,0
2025-10-05 22:50:00,109.12766097503795,109.1358373166597,108.83663877043506,108.8918582012821,2183.500065558979,-0.002160797470128,109.27490023741304,109.62786012632688,0.2757073294364452,-0.0003369430253787886,0.0021654124192403883,0
2025-10-05 23:50:00,108.8918582012821,108.9858470295872,108.80668838180584,108.8296732318713,2589.7666553249283,-0.0005710708811292,109.1858548363047,109.55529768137636,0.2762147903944846,0.0010760648356640257,0.0021566681237949934,0
2025-10-06 00:50:00,108.8296732318713,108.9145341358411,108.7465342900752,108.75459975926309,3933.904947783339,-0.0006898253976034,109.09960382089638,109.48250696118424,0.2809740358801745,0.0029333875715520374,0.0021244927615806006,1
2025-10-06 01:50:00,108.75459975926309,108.826992626527,108.49550389175,108.58029138713002,4828.9755978019475,-0.0016027678141329,108.9957413341431,109.40048736354296,0.2669984165780253,0.009229523323688982,0.0021113413048925176,1
2025-10-06 02:50:00,108.58029138713002,108.86145358925656,108.49033198457296,108.79658492170046,5216.886234343823,0.0019920146815528,108.95591005165458,109.34558714155726,0.2746377416515965,0.009314539394251975,0.0021543450073648303,1
2025-10-06 03:50:00,108.79658492170046,109.00296961669642,108.68905053574596,108.94528554239388,3505.316061160854,0.0013667765472642,108.95378514980246,109.30919608708786,0.2900037454245979,0.008270427363407107,0.0019591461717579947,1
2025-10-06 04:50:00,108.94528554239388,109.0691817817001,108.88526738382582,109.02883543250032,1623.37749905364,0.0007668977109975,108.96879520634204,109.28370875485264,0.2796438882853372,0.006583455456260712,0.0019304443268344522,1
2025-10-06 05:50:00,109.02883543250032,109.07482836762432,108.98361267625997,109.02224342702831,2099.482719112378,-6.0461119720023326e-05,108.9794848504793,109.25993917959586,0.2707473749965641,0.00837724935274431,0.001898715213839492,1
2025-10-06 06:50:00,109.02224342702831,109.11963801908612,108.71866022092514,108.79096271562548,5702.587703133434,-0.0021214084771393,108.94178042350852,109.21730495559856,0.2954200068932491,0.008398688303354662,0.0019178976009551977,1
2025-10-06 07:50:00,108.79096271562548,108.9044005643575,108.73859928228228,108.88324048754492,3897.9111853506806,0.00084821174127,108.9300724363158,109.18693545850276,0.2629633894208569,0.005895888390528459,0.0019104385370570115,1
2025-10-06 08:50:00,108.88324048754492,108.9798839980376,108.81170958136904,108.94560518688344,1201.928468222232,0.0005727667459132,108.93317898642934,109.164996342901,0.258876049172719,0.007181858725902268,0.0019139095763324565,1
2025-10-06 09:50:00,108.94560518688344,109.11285762003764,108.88175792475852,109.02383688552516,2076.657932915836,0.0007180803531037,108.95131056624852,109.15216366495774,0.2442639399001497,0.004211635123155144,0.001886616670566359,1
2025-10-06 10:50:00,109.02383688552516,109.03976265604425,108.8306605921706,108.85516784914064,6183.645493184296,-0.0015470840249516,108.93208202282692,109.125164045338,0.2372945748304685,0.003791060226896237,0.0018927590999027284,1
2025-10-06 11:50:00,108.85516784914064,109.05009348851358,108.79766543629935,108.94678101631293,3035.271104543821,0.0008416060439064,108.93502182152412,109.10894740633572,0.2403999898352365,0.0037339052374589787,0.0019062456114276691,1
2025-10-06 12:50:00,108.94678101631293,109.12012821126596,108.9257276370836,109.07361915054604,1547.012165802025,0.0011642210357196,108.96274128732853,109.10573574671848,0.2329144204036442,0.0005667097660617681,0.001922658720296971,0
2025-10-06 13:50:00,109.07361915054604,109.60269483279006,109.0559244046276,109.58243571898048,1517.2817670880715,0.0046648912211499,109.08668017365892,109.1490721078332,0.2591724047165807,-0.0054352659846791385,0.0021094898413825734,-1
2025-10-06 14:50:00,109.58243571898048,109.86784011085372,109.5056042346333,109.80997499791371,2527.430248439204,0.0020764210746029,109.23133913850988,109.2091541887496,0.2730464068919045,-0.01004537241801784,0.002061689406421857,-1
2025-10-06 15:50:00,109.80997499791371,109.8551569593686,109.757896504147,109.8463096130579,3903.670723318311,0.0003308862891997,109.3543332334195,109.26707740914124,0.2563158154950896,-0.008174477845493633,0.0019889384711905536,-1
2025-10-06 16:50:00,109.8463096130579,109.89440971620056,109.6936062428658,109.74662191401816,1449.8966830137058,-0.0009075197827845,109.43279096953924,109.31067236413006,0.2441502346844574,-0.009693197584284663,0.0019220236405243746,-1
2025-10-06 17:50:00,109.74662191401816,110.02286486784016,109.72088728711888,109.93554994521212,1522.058929365089,0.0017214929070161,109.53334276467382,109.3674794169557,0.2432972703823748,-0.010787326220867421,0.0019388700960744163,-1
2025-10-06 18:50:00,109.93554994521212,110.00531075529328,109.65676237412292,109.7046641016959,2718.0372954838817,-0.0021001927368471,109.56760703207824,109.3981325701139,0.2550568406178075,-0.013566379367092263,0.00197716304711735,-1
2025-10-06 19:50:00,109.7046641016959,109.78080204259967,109.44287109301366,109.52520392105856,4195.450037947362,-0.0016358482303995,109.55912640987432,109.40968451110886,0.2726793590622114,-0.010808618831985806,0.0018901113642985296,-1
2025-10-06 20:50:00,109.52520392105856,109.76283758062124,109.45576281554492,109.72803713214356,860.0913516677635,0.0018519318277754,109.59290855432816,109.43862565847566,0.2659719995561654,-0.01693960010131046,0.0018996607038223412,-1
2025-10-06 21:50:00,109.72803713214356,109.74111575364743,109.46022442856538,109.48300550621336,9147.656364347216,-0.0022330812829095,109.5709279447052,109.44266019008818,0.2741927169137962,-0.01835003469254637,0.0019371669729799442,-1
2025-10-06 22:50:00,109.48300550621336,109.502186770899,109.26160381801702,109.26784434646564,6770.288257164253,-0.0019652471061869,109.5103112250573,109.42676784066796,0.2793647552147545,-0.017361127867761006,0.0019394052480021043,-1
2025-10-06 23:50:00,109.26784434646564,109.46170041359498,109.21780029706947,109.35357797255404,2616.1665132213193,0.0007846189938236,109.47896457455664,109.42011421629395,0.2802790710180675,-0.018057042664580636,0.0019462144364562044,-1
2025-10-07 00:50:00,109.35357797255404,109.4296783849566,109.11894948200764,109.13543223573836,3523.527274972882,-0.0019948660195684,109.410258106793,109.39423403624345,0.2875381309520181,-0.015062407906884068,0.0019741068372298846,-1
2025-10-07 01:50:00,109.13543223573836,109.16946455259588,108.93527406270114,108.98682603359882,3518.4494544746035,-0.0013616677837363,109.32557169215416,109.35719694509392,0.2862354479291988,-0.013307719159663778,0.001774183506801983,-1
2025-10-07 02:50:00,108.98682603359882,109.03832521319173,108.6341764871278,108.70689290384644,5089.230357061423,-0.0025685042857022,109.20183593449264,109.2980783958896,0.3012174587778813,-0.013189715452191164,0.0017991428068610605,-1
2025-10-07 03:50:00,108.70689290384644,108.9638794182053,108.64960494849186,108.94837338871672,3842.045172053307,0.0022213907363157,109.15114342533744,109.26628703160117,0.2846106046029512,-0.01783186268418613,0.0017678610024806128,-1
2025-10-07 04:50:00,108.94837338871672,108.96365682068053,108.60800563456569,108.6828262235978,5649.8598419738,-0.0024373669551858,109.05747998498951,109.21324513996449,0.2841402695954095,-0.015362301317137894,0.0017823996830654137,-1
2025-10-07 05:50:00,108.6828262235978,108.85207088765408,108.65619336378496,108.74963930468265,2057.4885622064053,0.0006147528860482,108.99591184892816,109.17109915493886,0.2911843459273758,-0.01704098469118187,0.0017803344292754608,-1
2025-10-07 06:50:00,108.74963930468265,108.78485306466992,108.15650170642984,108.21636901015286,1162.2764523894164,-0.0049036511563567,108.84000328117313,109.08430550541286,0.3217234805634703,-0.01136963601600538,0.001941171456156243,-1
2025-10-07 07:50:00,108.21636901015286,108.40039307550678,108.12899757923236,108.34138773938032,1889.5404673983055,0.001155266346219,108.74028017281456,109.01676752668264,0.319539045960122,-0.010039838400656254,0.001954258870020405,-1
2025-10-07 08:50:00,108.34138773938032,108.37329443329256,107.81260872209629,107.8692880632233,2085.932160473454,-0.0043575191901055,108.5660817508963,108.91245121182268,0.3346917123905472,-0.004628607153230657,0.0020904355286488416,-1
2025-10-07 09:50:00,107.8692880632233,107.899944241446,107.43564317253876,107.4739885569301,4329.626047639299,-0.0036646158827108,108.34766311210306,108.78168187955971,0.3437181494849213,-0.0016800585085181563,0.002163858459630443,-1
2025-10-07 10:50:00,107.4739885569301,107.4912682275554,107.35569145538322,107.37083132893204,1224.5083565369596,-0.0009598343690706,108.15229675546888,108.65342273859356,0.3314682928489105,-0.0029794529093097877,0.002124784405398287,-1
2025-10-07 11:50:00,107.37083132893204,107.38262193629689,107.26459472607726,107.37897574957908,3577.136008879967,7.585319538128132e-05,107.99763255429092,108.53756392141042,0.3198351417873084,-0.004341640774682576,0.0021020966578399465,-1
2025-10-07 12:50:00,107.37897574957908,107.56233908402352,107.36098329961136,107.49158983830957,2846.977072517207,0.0010487536125609,107.89642401109464,108.44247536840123,0.3170332011823232,-0.0032001812841402355,0.0021079437285212855,-1
2025-10-07 13:50:00,107.49158983830957,107.6298768232606,107.44977535858804,107.53645996064056,1798.0351507934306,0.0004174291439775,107.82443120100385,108.3601103313321,0.3124761546213993,-0.0024965844081780153,0.0021124183754288816,-1
2025-10-07 14:50:00,107.53645996064056,107.62524864198213,107.25425015949342,107.27307991875288,3544.6296873264464,-0.0024492162191694,107.71416094455364,108.26128938473398,0.3167811245885232,0.0005132622766566008,0.0021216770886133595,0
2025-10-07 15:50:00,107.27307991875288,107.27649797726028,106.93601059138145,107.00562095478368,3809.823889470989,-0.0024932533322598,107.57245294659968,108.14713770928395,0.3243737600159591,0.002937297529356675,0.0021385534899781397,1
2025-10-07 16:50:00,107.00562095478368,107.02316959200787,106.9210011036802,107.01320789915276,6386.325696909286,7.09022974809681e-05,107.46060393711028,108.0440531810902,0.3028037430347997,0.0019000616614142096,0.002131950464006587,1
2025-10-07 17:50:00,107.01320789915276,107.03324084417336,106.79142385170502,106.89643836612,1475.3577519521598,-0.0010911693549342,107.34777082291224,107.93972456154744,0.2976282089458633,0.0035590066172486168,0.002121009745225056,1
2025-10-07 18:50:00,106.89643836612,107.05089644476116,106.84552224877146,106.9859882835337,3215.0874103477736,0.0008377259222331,107.27541431503654,107.8530212635462,0.2868941382226384,0.00519459064701322,0.0021290285234810075,1
2025-10-07 19:50:00,106.9859882835337,107.28039598014176,106.8911745127645,107.2536577143741,3356.5934590624756,0.0025019110926098,107.27106299490406,107.79853366816693,0.3007044199017922,0.0016802322389688484,0.0021832964895136197,1
2025-10-07 20:50:00,107.2536577143741,107.42174944592011,107.15441356490368,107.37000350487996,5950.636419909377,0.0010847722398026,107.29085109689925,107.75957638059536,0.2749176001001032,0.0010125340962674478,0.002181402513617194,0
2025-10-07 21:50:00,107.37000350487996,107.42453029717178,107.231372621354,107.29342596801064,2046.3947118671977,-0.0007132116454277,107.29136607112152,107.71719907036038,0.2693291843532007,-0.0010649713600766608,0.0019682337085313445,0
2025-10-07 22:50:00,107.29342596801064,107.30716205280136,106.98758392614386,107.05092499315404,2373.2050835930277,-0.0022601662000142,107.24327785552804,107.65662869970524,0.252107214029002,0.0013963826796148382,0.001922683517277702,1
2025-10-07 23:50:00,107.05092499315404,107.08111720181228,106.8333507738653,106.91277481012106,845.1692050344365,-0.001290509008136,107.17717724644665,107.58900561883397,0.2366404539604108,0.00449934292237697,0.0019134496915184753,1
2025-10-08 00:50:00,106.91277481012106,107.21331129618372,106.89083924429328,107.14759726430653,5945.986244566267,0.0021963928501762,107.17126125001865,107.5488775866042,0.2499901167974302,-0.0022326912350020267,0.001987358729594055,-1
2025-10-08 01:50:00,107.14759726430653,107.28535799055496,107.07570945572412,107.26798611139216,4390.13967168347,0.001123579531034,107.19060622229334,107.52334199794856,0.2565344971268045,-0.004909152291172281,0.001966100994888224,-1
2025-10-08 02:50:00,107.26798611139216,107.3606251715263,107.2599088696367,107.32813914397596,2981.8523361364573,0.0005607733934831,107.21811280662988,107.50559628395104,0.2493459626609048,-0.003422773676357349,0.0019640991030197836,-1
2025-10-08 03:50:00,107.32813914397596,107.34432779080306,107.2501475314784,107.31992830084144,2193.6093135908677,-7.650224069866152e-05,107.2384759054722,107.4887173763956,0.2432087337074843,-0.0021912446016045806,0.0019590155653062802,-1
2025-10-08 04:50:00,107.31992830084144,107.40395591278543,107.1369056509141,107.21653959274688,2689.460657211787,-0.0009633691499002,107.23408864292712,107.46397394151845,0.2357838608062457,-0.004994933908068266,0.001906299820855889,-1
2025-10-08 05:50:00,107.21653959274688,107.38071847179005,107.12117935501988,107.27688349762532,3270.195774002924,0.0005628227240652,107.24264761386678,107.44696571934634,0.2300018415841965,-0.007571067369157358,0.00189884478483465,-1
2025-10-08 06:50:00,107.27688349762532,107.60721037759797,107.27306675816185,107.5417366976328,1793.420818987595,0.0024688748532979,107.30246543062,107.45558126282693,0.2465714938062271,-0.009276927237360177,0.001959400312831733,-1
2025-10-08 07:50:00,107.5417366976328,107.5958003290333,107.42501268694588,107.43386876781312,1407.7164482666492,-0.0010030331769976,107.32874609805862,107.45360739964384,0.2414979687790181,-0.008217622816940717,0.0019471679539132052,-1
2025-10-08 08:50:00,107.43386876781312,107.54153954312554,107.32901209543265,107.478719294345,4068.519586974293,0.000417471017718,107.3587407373159,107.45589029916212,0.2420089153292478,-0.003986533860109054,0.0019361500376363482,-1
2025-10-08 09:50:00,107.478719294345,107.49376595896496,107.138760449877,107.1791615422302,3753.593675861024,-0.0027871354820895,107.32282489829876,107.43073313944105,0.2395649183085839,-0.0017978566342868874,0.0019732253532590764,-1
2025-10-08 10:50:00,107.1791615422302,107.25750101806116,107.1066705481573,107.20040905065122,7692.901960976969,0.0001982429057598,107.29834172876926,107.40979458591468,0.2312431032291136,-0.0036393127903013855,0.0019409507151287215,-1
2025-10-08 11:50:00,107.20040905065122,107.47019838284736,107.19070715121926,107.39381204677466,2122.222797018459,0.0018041255423946,107.31743579237036,107.40834162781104,0.2374097857869931,-0.004514277462849159,0.0019238611882509095,-1
2025-10-08 12:50:00,107.39381204677466,107.46480104120096,106.8154646591259,106.90836976304298,2366.7330296105006,-0.004520207211941,107.23562258650487,107.36288964010484,0.2609639468882483,-0.0012805597503441346,0.0020258927636998985,-1
2025-10-08 13:50:00,106.90836976304298,106.96868973604826,106.65516299299102,106.74139123160398,2160.133017582066,-0.0015618845541195,107.1367763155247,107.3063897847866,0.2656611122532664,0.001749853199440654,0.0020233698449691018,1
2025-10-08 14:50:00,106.74139123160398,106.96204613437978,106.66306570382712,106.96077921458154,4205.147109417838,0.0020553224990438,107.10157689533608,107.27497064204069,0.2639831393005666,0.00043822948882432655,0.0019147721037104616,0
2025-10-08 15:50:00,106.96077921458154,107.08716776533788,106.89306382247588,107.08476408730763,5750.545621532804,0.0011591620184197,107.0982143337304,107.25767913706494,0.2628728113027908,0.0009534105168855778,0.0019148718596350347,0
2025-10-08 16:50:00,107.08476408730763,107.10706575168648,106.60369317248608,106.68100006362933,13080.53132230056,-0.0037705085977415,107.0147714797102,107.2052537667526,0.2916339739678477,0.0036863231393122753,0.0018778214308813965,1
2025-10-08 17:50:00,106.68100006362933,106.74486704809205,106.368034638562,106.46468298551156,3232.819792575923,-0.0020277001339388,106.90475378087048,107.13792915027616,0.3118234132682299,0.00905587912911443,0.0018053550652135846,1
2025-10-08 18:50:00,106.46468298551156,106.60524501531114,106.39304883585164,106.54407983130952,1243.0507607703282,0.0007457575937059,106.8326189909583,107.08394284855191,0.3079052645245274,0.008742007358701231,0.0018102108640507728,1
2025-10-08 19:50:00,106.54407983130952,106.6247976247172,106.47606977064667,106.55101775651453,3829.8717246600945,6.511788562990617e-05,106.77629874406956,107.03549511291214,0.2999901743316968,0.008379849222053704,0.0018101514458990983,1
2025-10-08 20:50:00,106.55101775651453,107.06295649652172,106.51479395194164,107.05025174063694,2854.45011988365,0.0046853985502348,106.83108934338304,107.03683662452347,0.3152772404134104,0.003494087925697942,0.00199809149228998,1
2025-10-08 21:50:00,107.05025174063694,107.11632160208792,106.92579572750054,106.9864687755942,2531.515715699096,-0.0005958226534327,106.86216522982528,107.03225772916628,0.3166871141634085,0.0047139000113491925,0.0019972200068166727,1
2025-10-08 22:50:00,106.9864687755942,107.00844927496657,106.77221414046454,106.81027323086764,2343.2626138356436,-0.0016468956003783,106.85178683003376,107.01207732023003,0.3183805203640598,0.00464017817615181,0.001972414687859311,1
2025-10-08 23:50:00,106.81027323086764,106.91696794824904,106.73694078920028,106.90900658140244,3780.714154481452,0.0009243806569183,106.86323078030748,107.00270725306387,0.3058820667898295,0.0036687511694395436,0.0019326295003815896,1
2025-10-09 00:50:00,106.90900658140244,106.94447827473884,106.73778126929628,106.77146720774952,3628.569883510157,-0.0012865087615251,106.8448780657959,106.98168543076258,0.3098725336140212,0.004100921841659,0.0019452799552601855,1
2025-10-09 01:50:00,106.77146720774952,107.00443960235816,106.76227623464712,106.92817299656336,3886.811393720217,0.001467674772221,106.8615370519494,106.9768206640172,0.3072062576199436,0.0005105606594433265,0.001954470710242971,0
2025-10-09 02:50:00,106.92817299656336,107.09064587868332,106.91931059149218,107.007652582181,2319.904890265335,0.0007432988275239,106.89076015799571,106.97962356566843,0.2730633222710921,0.0011242801769839605,0.0019532533618839445,0
2025-10-09 03:50:00,107.007652582181,107.2447622736479,107.00407607492612,107.18685982758667,2107.7455048305646,0.0016747142945505,106.94998009191391,106.99846322584284,0.2678604262471294,-0.002823377450262843,0.0019244472302445109,-1
2025-10-09 04:50:00,107.18685982758667,107.22025740714916,107.00615455968244,107.07426070268886,2354.996523857545,-0.001050493736629,106.97483621406892,107.0053539055561,0.2617977417409928,-0.001901494209211374,0.0019220055025376086,-1
2025-10-09 05:50:00,107.07426070268886,107.50198399423395,107.00525906653203,107.42881428614784,4431.438811314687,0.0033112867754785,107.06563182848473,107.04385030379171,0.2834135263724145,-0.0075417022003332335,0.0020092239759715697,-1
2025-10-09 06:50:00,107.42881428614784,107.50176579043816,107.4222385309824,107.47548896122088,1221.034922892646,0.0004344707272736,107.14760325503195,107.08309018173982,0.2531388606763686,-0.009378942079558805,0.001965648475114725,-1
2025-10-09 07:50:00,107.47548896122088,107.47701547884398,107.4106635395572,107.44389921977049,2644.4851243747935,-0.0002939250777616,107.20686244797966,107.11589100337896,0.2309616842304233,-0.009837360779214932,0.0019503237754755227,-1
2025-10-09 08:50:00,107.44389921977049,107.53344326107432,107.36039851657333,107.42429473268682,2279.963765936993,-0.0001824625430204,107.2503489049211,107.14392770604331,0.2281651531619571,-0.007096849040025832,0.0019150891603276466,-1
2025-10-09 09:50:00,107.42429473268682,107.54755519986736,107.41266025128778,107.49079229196968,4231.186906565541,0.0006190178809022,107.29843758233082,107.17546085021844,0.2271770884840326,-0.006663128874720314,0.0019083051513041239,-1
2025-10-09 10:50:00,107.49079229196968,107.58999365631148,107.25789696437924,107.30589192970233,3990.2754692683584,-0.0017201507061657,107.29992845180512,107.1873182210806,0.2117438132949008,-0.005058108700011221,0.0019317066809046966,-1
2025-10-09 11:50:00,107.30589192970233,107.39368500994289,107.21677723525576,107.30122912432157,2641.5188761361337,-4.345339567946027e-05,107.30018858630842,107.19767375773888,0.210771091873454,-0.006294336049848526,0.0019316758721215773,-1
2025-10-09 12:50:00,107.30122912432157,107.3265918775929,107.18094064265031,107.20932864968776,4290.093456684255,-0.0008564717793432,107.2820165989843,107.19873329337058,0.2043008133334934,-0.004609151721770122,0.0019300543730532145,-1
2025-10-09 13:50:00,107.20932864968776,107.2672787457082,106.97990271849623,106.98276631508156,3875.889934385323,-0.0021132707149625,107.22216654220377,107.17909993170794,0.2119685896308658,-0.002816961993986844,0.001962570423526332,-1
2025-10-09 14:50:00,106.98276631508156,107.13416789950436,106.95725446364924,107.12795916476472,6245.701303871314,0.0013571611081315,107.20332506671596,107.17445077107674,0.2098411918031928,-0.004398456259086303,0.001925411410997481,-1
2025-10-09 15:50:00,107.12795916476472,107.23482223940916,106.85195607215678,106.88423086458498,2422.3971284361232,-0.0022751138179052,107.13950622628975,107.14806714321384,0.2198913917704327,-0.0010414488396733868,0.00195712985133781,0
2025-10-09 16:50:00,106.88423086458498,106.92911242476735,106.79843602967328,106.8706596160071,1875.5563681847575,-0.0001269714762233,107.08573690423324,107.12284827710414,0.2169871851920695,-0.002366767382175672,0.001954326479991421,-1
2025-10-09 17:50:00,106.8706596160071,106.89561704533456,106.52811773258357,106.6186181610668,2321.711008530732,-0.0023583783972692,106.99231315559996,107.0770091756462,0.2260452647655861,0.0025728158691384895,0.0019372383683394217,1
2025-10-09 18:50:00,106.6186181610668,106.66527591295616,106.3867879902751,106.46748257528132,2081.2393176077567,-0.0014175346519419,106.88734703953624,107.02159766652213,0.230644198709467,0.008224872342352363,0.0019485690726784683,1
2025-10-09 19:50:00,106.46748257528132,106.52652707130665,106.31516353566532,106.38693481962,2581.111305131454,-0.0007565479497868,106.787264595553,106.96390104407648,0.2102612421337113,0.010384645058807873,0.0019153768920508218,1
2025-10-09 20:50:00,106.38693481962,106.67141782784466,106.29017886043624,106.6619207297377,2766.6580532129365,0.002584771434424,106.76219582238994,106.93644828822748,0.2318120784160454,0.010606601119073744,0.0018188712462780903,1
2025-10-09 21:50:00,106.6619207297377,106.8123659085614,106.6229047447324,106.7745672900825,4266.767665540181,0.0010561084928353,106.76467011592844,106.92173183385066,0.2406055944547743,0.009898408720751872,0.0018084746495407179,1
2025-10-09 22:50:00,106.7745672900825,106.84894026666684,106.66733674805894,106.76312706417023,2627.5430198932495,-0.000107143734717,106.76436150557682,106.90731321842516,0.2412169354624101,0.012036936964927136,0.0017696167127290079,1
2025-10-09 23:50:00,106.76312706417023,106.8661187375273,106.58037752725988,106.6258391296513,2083.0293010063297,-0.0012859115154656,106.73665703039173,106.88172466490026,0.2519916684401134,0.011548264069022096,0.0017682294894034722,1
2025-10-10 00:50:00,106.6258391296513,106.77659566363668,106.60665033767724,106.71518458795224,4137.552898533618,0.0008379343977991,106.73236254190384,106.86658465790498,0.2404094280134825,0.012952575111498943,0.0016458198945556895,1
2025-10-10 01:50:00,106.71518458795224,106.72619668674255,106.63594052284336,106.6813999283604,5677.529694963378,-0.0003165871822486,106.72217001919516,106.84974968249183,0.2342200272429165,0.014764844826518075,0.0016047191437602627,1
2025-10-10 02:50:00,106.6813999283604,106.7065471602951,106.55594874278064,106.65676152225332,7009.008519398633,-0.0002309531570039,106.7090883198068,106.83220530428832,0.2345733974266234,0.01729580468903702,0.0016006326932523859,1
2025-10-10 03:50:00,106.65676152225332,106.83476074106892,106.5877811970914,106.77291640637168,3349.7136426842717,0.0010890531688805,106.72185393711976,106.82681540447771,0.2316879343384497,0.016179188672196032,0.001611467186923346,1
2025-10-10 04:50:00,106.77291640637168,106.80951937803692,106.5729624906823,106.61772162471634,2976.9478405829827,-0.0014535032560567,106.70102747463908,106.80780687904486,0.2359481808741291,0.01818116542303816,0.001394659231663987,1
2025-10-10 05:50:00,106.61772162471634,106.94462045738342,106.54270694234404,106.89292823381722,4837.374506219135,0.0025812463904413,106.73940762647472,106.81554518402416,0.2373087057160593,0.017206013316192204,0.0014710934078250998,1
2025-10-10 06:50:00,106.89292823381722,107.4293382752403,106.8163728045493,107.34316402807464,4908.785666677459,0.0042120260123528,106.86015890679472,106.86351053348328,0.2717579254015539,0.01473691088062945,0.0016199540843863291,1
2025-10-10 07:50:00,107.34316402807464,107.56145512398764,107.23975275834624,107.49172537661627,5857.20533097819,0.0013839851832837,106.98647220075902,106.92062097376812,0.2684867148937268,0.012244342747618875,0.001628991236343491,1
2025-10-10 08:50:00,107.49172537661627,107.8282550953257,107.45393279851751,107.79324117751229,4090.839794770109,0.0028050140588922,107.14782599610967,106.9999500831994,0.2753320273313773,0.01003518895672828,0.0016709198653387805,1
2025-10-10 09:50:00,107.79324117751229,107.91021490299042,107.75790099429072,107.83146559810116,2754.517194404873,0.0003546086950472,107.28455391650796,107.07554240273592,0.2711141968355477,0.01183714913479239,0.0016573376095039617,1
2025-10-10 10:50:00,107.83146559810116,108.07831272940165,107.75113553457255,108.04822809482016,2040.176335175178,0.0020101970748216,107.43728875217042,107.16396837474358,0.2672526416513087,0.009872029616951217,0.0016840667617673865,1
2025-10-10 11:50:00,108.04822809482016,108.06353110285175,107.85542166647372,107.85718247650158,1183.1120962340956,-0.001768151331005,107.52126749703666,107.22698783853976,0.2685846611190975,0.00823689994584198,0.0017035248855885865,1
2025-10-10 12:50:00,107.85718247650158,108.20366079032868,107.77831396607787,108.09742103186515,1118.903724235741,0.0022273765163105,107.63649820400236,107.30611812884206,0.2859948972364482,0.0056732962041992074,0.0017245595870498,1
2025-10-10 13:50:00,108.09742103186515,108.30364577816415,108.04034784598667,108.25653424417835,1990.475165001203,0.001471942723465,107.76050541203756,107.39251959387262,0.2843918059443088,0.004024136996895633,0.0016499491325087862,1
2025-10-10 14:50:00,108.25653424417835,108.52710290790108,108.18628632298704,108.50147603830742,3112.670590433151,0.0022626051705718,107.90869953729155,107.49333381609397,0.2965968958696377,0.002502422963225115,0.0016880661171002906,1
2025-10-10 15:50:00,108.50147603830742,108.55509071070708,108.40964113573853,108.50041556599098,3934.3707833223375,-9.773805437096604e-06,108.02704274303144,107.58488670244824,0.3005392823745926,0.0038550038073283943,0.0016855957416408655,1
2025-10-10 16:50:00,108.50041556599098,108.65415305986176,108.42477425250549,108.55615605860274,5605.542412979522,0.0005137352914363,108.13286540614573,107.67318391664408,0.306166453077579,0.0028594042301097744,0.0016835633508368519,1
2025-10-10 17:50:00,108.55615605860274,108.81362176722314,108.45449894372416,108.73212938041506,2709.5394295746796,0.0016210349389795,108.25271820099958,107.76945168607782,0.314176687329111,0.0018644322846679273,0.0016983852951675666,1
2025-10-10 18:50:00,108.73212938041506,108.97385186124616,108.68948794525448,108.92507067000116,4223.841170128537,0.0017744643711619,108.3871886947999,107.87450795734355,0.3175914750889004,-0.0008264228099839066,0.0016724523006872124,0
2025-10-10 19:50:00,108.92507067000116,108.93081126060046,108.76930498996764,108.80789090466048,2396.434291522634,-0.0010757832390643,108.47132913677204,107.9593609525542,0.3004195290598598,0.0037200295974670894,0.0016925018809840562,1
2025-10-10 20:50:00,108.80789090466048,108.91046354238644,108.72833707670226,108.8749667209868,1667.4478482026109,0.0006164609548868,108.55205665361498,108.04259784059352,0.2696453144165157,-0.00037610371665230957,0.0016761334183077212,0
2025-10-10 21:50:00,108.8749667209868,109.18326713275684,108.79805282213523,109.10788273780912,3844.275181761004,0.0021392981677708,108.6632218704538,108.13944192215855,0.2741818819150999,0.0018991021696759258,0.0016316183662947483,1
2025-10-10 22:50:00,109.10788273780912,109.12836567751523,109.08737740833706,109.11488340263134,6239.290569080689,6.416277767051781e-05,108.75355417688932,108.22811842038335,0.2503723085129579,0.004276551145942831,0.0016286831225192097,1
2025-10-10 23:50:00,109.11488340263134,109.20228480449394,108.70808499161129,108.74559129700094,3144.7527606902486,-0.0033844338564493,108.75196160091166,108.27516140916678,0.2747927302403121,0.0061089804423868355,0.0017014986098852357,1
2025-10-11 00:50:00,108.74559129700094,108.83494542182774,108.65201651594882,108.71068972028895,5173.184443329413,-0.0003209470498592,108.74370722478712,108.31475489199607,0.2644892810295869,0.004875815980294407,0.0017042985750004955,1
2025-10-11 01:50:00,108.71068972028895,108.7552396581944,108.58710119168244,108.69217336878604,2234.9007017727135,-0.0001703268698834,108.73340045358692,108.34906566261334,0.2616342117534397,0.007099995371675716,0.0016265917960286188,1
2025-10-11 02:50:00,108.69217336878604,108.8368724759996,108.60604500368608,108.7729926234895,2643.0954062758738,0.0007435609409451,108.74131888756745,108.38760447723844,0.2477399723293497,0.005782488110314787,0.001584291817908079,1
2025-10-11 03:50:00,108.7729926234895,108.96759042543854,108.71510248841687,108.9186850810946,2898.815369007862,0.0013394175713212,108.77679212627288,108.43588453213444,0.2469678298182204,0.006696316082511755,0.001566600256620143,1
2025-10-11 04:50:00,108.9186850810946,108.9768537933485,108.8042238537769,108.86656199044116,2031.2679911501116,-0.0004785504949369,108.79474609910652,108.47503702834416,0.2349544980080468,0.006562938758902792,0.0015434339473590793,1
2025-10-11 05:50:00,108.86656199044116,109.02982944885098,108.85218317843886,108.9348530728126,2845.1680954627664,0.0006272916230922,108.82276749384776,108.5168384869322,0.2372542619683,0.006074666651679328,0.0015415712743241455,1
2025-10-11 06:50:00,108.9348530728126,108.98696812408876,108.80486590039764,108.83505250702036,1995.9770943117464,-0.0009161490833935,108.82522449648228,108.54576703421291,0.2338773631350749,0.002275694783769211,0.0015605216649153466,1
2025-10-11 07:50:00,108.83505250702036,109.22521807690596,108.76429544191808,109.21265947926378,9088.713780718992,0.0034695345253688,108.90271149303858,108.60639362012664,0.2411487782414261,-0.0025730069678404632,0.0016008446338168013,-1
2025-10-11 08:50:00,109.21265947926378,109.31364280709936,108.79327381304677,108.83401844135264,2932.8439259024904,-0.003467006844413,108.8889728827014,108.62708678569264,0.2580062838172066,-0.00139251152927089,0.001765670921014526,-1
2025-10-11 09:50:00,108.83401844135264,109.4043714346739,108.73434692832058,109.31508975464524,2265.6114980966067,0.0044202292645458,108.97419625709016,108.68963251014289,0.2943290149400996,-0.006679622903000282,0.0018798235663168837,-1
2025-10-11 10:50:00,109.31508975464524,109.66347636925492,109.2413309955356,109.58151878228628,2693.518410343364,0.00243725754824,109.0956607621294,108.77071308033771,0.3114732226568942,-0.011982731338750274,0.0018933892109670722,-1
2025-10-11 11:50:00,109.58151878228628,109.62035589627224,109.39578871148512,109.40991598743013,7096.92774563841,-0.0015659829938761,109.15851180718954,108.82882243552794,0.2999984279544319,-0.010647210163377108,0.0019400602554589805,-1
2025-10-11 12:50:00,109.40991598743013,109.49274593183722,109.14214223179702,109.24074303845596,1896.0568198783176,-0.0015462304988295,109.17495805344284,108.86626976306684,0.3221138158731469,-0.008316732699516605,0.0019435461504696437,-1
2025-10-11 13:50:00,109.24074303845596,109.48302534587908,109.18319814307938,109.4638872966418,2855.4035133985903,0.0020426834528879,109.23274390208265,108.92059862975547,0.308230058010077,-0.011574478197609928,0.0019295624552409607,-1
2025-10-11 14:50:00,109.4638872966418,109.48069705244808,109.31410525291253,109.40197116005818,1668.8092431829225,-0.0005656307126735,109.26658935367774,108.9643597688739,0.3070631218426933,-0.011675907226795124,0.0018351566202846423,-1
2025-10-11 15:50:00,109.40197116005818,109.69959173682966,109.3526348356132,109.64803902368917,2503.735721557698,0.0022492086844667,109.34287928768003,109.02651242840255,0.3198358671787277,-0.013267915831883692,0.0018534314261222417,-1
2025-10-11 16:50:00,109.64803902368917,109.66101912745776,109.55483701289587,109.58104656967672,2744.6681215747976,-0.0006109772195559,109.39051274407936,109.07692462306385,0.3109326273393234,-0.01200052113490191,0.0018217780262826755,-1
2025-10-11 17:50:00,109.58104656967672,109.6695062375914,109.53088283278024,109.5965959919796,9458.461181167457,0.0001418988300407,109.43172939365942,109.12416747478343,0.3027994464671439,-0.015541841339515305,0.0018227728763144575,-1
2025-10-11 18:50:00,109.5965959919796,109.63924832357267,108.99708946573888,109.08272786830184,3269.2373445036283,-0.0046887233953448,109.36192908858791,109.12040023783057,0.3363372263430162,-0.010215183101674241,0.002018940588947744,-1
2025-10-11 19:50:00,109.08272786830184,109.13085294881922,108.8741205914355,108.93165454544724,2929.3863881463517,-0.0013849426559719,109.2758741799598,109.103241538523,0.3419862325552744,-0.007959110876522346,0.0020073823648999395,-1
2025-10-11 20:50:00,108.93165454544724,109.0007514355686,108.67492472475652,108.68246581589618,4277.923563664613,-0.0022875694910803,109.15719250714707,109.06498920010236,0.3522522673496279,-0.007792401979225261,0.0020269722803461852,-1
2025-10-11 21:50:00,108.68246581589618,108.75911475981312,108.48769404492378,108.58490617747658,3676.359701548442,-0.0008976575723342,109.04273524121298,109.02134528895458,0.3387164159140162,-0.004090982379030161,0.0020211758534667027,-1
2025-10-11 22:50:00,108.58490617747658,108.58507246459104,108.21513931360909,108.26843288302592,1403.6393182922106,-0.0029145238099059,108.88787476957556,108.95289870659742,0.3279709985518276,-0.0002524558235417196,0.002049214812429015,0
