timestamp,open,high,low,close,volume,ret_1,ema9,ema21,atr
2022-12-24 10:50:00,100.07664442481423,100.1658289234802,100.04912645859332,100.07664442481423,4823.060126234446,0.0,100.07664442481423,100.07664442481423,0.0
2022-12-25 10:50:00,100.07664442481423,100.08517997566874,99.84681128682011,99.92317395618223,4573.1808890167995,-0.0015335293215922308,100.04595033108784,100.0626925640295,0.0
2022-12-26 10:50:00,99.92317395618223,100.00419616825081,99.68631828317653,99.74818225126998,3566.5290921498663,-0.0017512624747987315,99.98639671512427,100.034100717415,0.0
2022-12-27 10:50:00,99.74818225126998,99.93520640188557,99.69028368863304,99.89054533289095,6084.087211382551,0.0014272248216249395,99.96722643867761,100.02105022791281,0.0
2022-12-28 10:50:00,99.89054533289095,100.01716231396439,99.8111173503712,100.0055585012839,3055.7972640769162,0.0011513919361403335,99.97489285119887,100.01964188912837,0.0
2022-12-29 10:50:00,100.0055585012839,100.06934448458513,99.38670782531246,99.42609648825326,987.6925782954982,-0.00579429805417464,99.86513357860976,99.96568321632154,0.0
2022-12-30 10:50:00,99.42609648825326,99.53371302633857,99.36241954785838,99.51602906295726,2183.8265971766878,0.0009045168007235649,99.79531267547927,99.92480556601569,0.0
2022-12-31 10:50:00,99.51602906295726,99.73753901335122,99.51088855693924,99.66272597060895,1482.646291226855,0.0014741033081100419,99.76879533450521,99.90098014825143,0.0
2023-01-01 10:50:00,99.66272597060895,99.78344913246067,99.58527099885323,99.75474694093039,2414.756961187328,0.000923323834716161,99.76598565579026,99.88768622031316,0.0
2023-01-02 10:50:00,99.75474694093039,99.80742632801646,99.65872886358423,99.80672240299504,3065.2259894403383,0.0005210324687148216,99.77413300523122,99.88032587328424,0.0
2023-01-03 10:50:00,99.80672240299504,100.23266867695015,99.7642836684055,100.20099206432549,5937.9351837689455,0.003950331719525746,99.85950481705008,99.90947734519708,0.0
2023-01-04 10:50:00,100.20099206432549,100.28835691267668,100.12921473731666,100.16746389379666,3793.756630850188,-0.00033460916741523405,99.9210966323994,99.93293066779704,0.0
2023-01-05 10:50:00,100.16746389379666,100.24386189276855,99.9865311005155,100.06296563900878,4798.770388504076,-0.0010432355050805642,99.94947043372127,99.94475202881628,0.0
2023-01-06 10:50:00,100.06296563900878,100.34320546404523,99.9723132172136,100.27705850226707,1595.9453089892584,0.002139581431462423,100.01498804743044,99.97496170822089,0.27193736648924116
2023-01-07 10:50:00,100.27705850226707,100.34701561876021,99.8258769059192,99.92108856616984,1788.5902879531466,-0.0035498641604966297,99.99620815117832,99.9700641498526,0.3008256699145357
2023-01-08 10:50:00,99.92108856616984,99.97842361573778,99.8440414405377,99.95158394934155,2585.635016226623,0.00030519466520328997,99.98728331081098,99.96838413162432,0.2933980617967831
2023-01-09 10:50:00,99.95158394934155,100.02674604715014,99.83061746485697,99.9030606777698,2893.290160657596,-0.0004854677600341084,99.97043878420276,99.96244563581936,0.28470168302670373
2023-01-10 10:50:00,99.9030606777698,99.94417589742136,99.81153912720367,99.89182072002764,7200.023859548497,-0.00011250864253720128,99.95471517136774,99.9560251889292,0.2766812585242156
2023-01-11 10:50:00,99.89182072002764,99.91038644252842,99.85130548608505,99.89275443321395,4067.368656676923,9.347243643986758e-06,99.94232302373699,99.950273302046,0.26618382944208563
2023-01-12 10:50:00,99.89275443321395,100.04927201334138,99.82492537971197,99.99888262283805,4048.863434722088,0.0010624212959815527,99.9536349435572,99.95469233120892,0.23344882761042385
2023-01-13 10:50:00,99.99888262283805,100.04995631321633,99.53831754330747,99.61243162851677,1446.8189718250612,-0.0038645531248467924,99.88539428054912,99.92357772187326,0.25775920556961396
2023-01-14 10:50:00,99.61243162851677,99.7090734748864,99.41026244769962,99.49653522300868,2823.379546240097,-0.0011634733096397287,99.80762246904104,99.88475567652193,0.26291353205352713
2023-01-15 10:50:00,99.49653522300868,99.58517303787816,99.32105740021076,99.33871679911054,3132.0334010994707,-0.001586170046468549,99.71384133505494,99.83511577857544,0.2676233537720957
2023-01-16 10:50:00,99.33871679911054,99.66448082709675,99.24747683228792,99.65629592335469,3190.6953816884547,0.0031969320168125925,99.7023322527149,99.81885942810082,0.2867881059418532
2023-01-17 10:50:00,99.65629592335469,99.70780212956946,99.25762870708928,99.26750086775321,1703.7798695110046,-0.0039013596883080703,99.61536597572257,99.76873592261467,0.28548727836581883
2023-01-18 10:50:00,99.26750086775321,99.5969708612723,99.1812331737141,99.58455127570878,4137.167484774531,0.0031938993646867253,99.60920303571982,99.75199186380503,0.303815529237117
2023-01-19 10:50:00,99.58455127570878,99.63103936660944,99.37926396070858,99.46339556934517,3343.7612797631286,-0.0012166114604280631,99.58004154244489,99.72575583703595,0.30341871592624664
2023-01-20 10:50:00,99.46339556934517,99.49627312020891,99.24448136496179,99.31225401716543,4380.365843581647,-0.0015195695995956493,99.526484037389,99.68816476250227,0.29491153795592495
2023-01-21 10:50:00,99.31225401716543,99.6425018612945,99.30789581901045,99.5760359702418,3130.5306825228477,0.0026560866600688904,99.53639442395956,99.67797123593313,0.28158777577328514
2023-01-22 10:50:00,99.5760359702418,99.61981821686423,99.43738276071306,99.49929382348786,4623.871232966202,-0.0007706889113047177,99.52897430386523,99.66172783480174,0.2850201529840766
2023-01-23 10:50:00,99.49929382348786,99.87738429874477,99.41768598011208,99.8377395343955,2293.2040878029634,0.0034014885724520383,99.59072734997129,99.67772889840117,0.30384656272261373
2023-01-24 10:50:00,99.8377395343955,99.93562730659026,99.71319659669831,99.77968387743184,4524.464180006952,-0.0005815001144298115,99.62851865546341,99.6869975328585,0.3102604155564898
2023-01-25 10:50:00,99.77968387743184,99.9068706295875,99.77180279702118,99.83044271489503,4304.085429207047,0.0005087091428905843,99.66890346734974,99.70003800395273,0.31568804956527224
2023-01-26 10:50:00,99.83044271489503,99.9297775374455,99.74916976484617,99.78846341313124,2889.8320327355395,-0.000420506016222677,99.69281545650604,99.70807667751441,0.31256384520598096
2023-01-27 10:50:00,99.78846341313124,99.81360157816867,99.58291204672892,99.64659787147835,3043.6135918900354,-0.0014216627533941706,99.68357193950051,99.7024876951475,0.29249604245818767
2023-01-28 10:50:00,99.64659787147835,99.96662345342973,99.55713363882813,99.87781403776907,1760.9595026244513,0.002320361871149368,99.72242035915423,99.71842645356763,0.3004016701306753
2023-01-29 10:50:00,99.87781403776907,100.0350267851995,99.80063633311453,100.01770468482066,3163.0010977033858,0.0014006178288872295,99.78147722428751,99.74563356549972,0.29827844258907377
2023-01-30 10:50:00,100.01770468482066,100.04873637957955,99.95137072588619,100.01483241318697,8881.335877843909,-2.8717631970653912e-05,99.82814826206742,99.77010618801674,0.27544713250939673
2023-01-31 10:50:00,100.01483241318697,100.27725320023838,100.00874797574788,100.201423612276,1536.2336966245539,0.001865635272158217,99.90280333210914,99.8093168629494,0.26247083265299104
2023-02-01 10:50:00,100.201423612276,100.28409957534576,100.08389832898281,100.11629989891095,3305.339124831347,-0.0008495259877188133,99.94550264546952,99.83722441167318,0.24707537256761672
2023-02-02 10:50:00,100.11629989891095,100.12210704243714,99.67822916059912,99.73804876901877,3822.1661000737486,-0.003778117352260413,99.90401187017937,99.82820844415913,0.2607969779916997
2023-02-03 10:50:00,99.73804876901877,99.79313587018535,99.39317516196368,99.41632559685287,2220.9649854362738,-0.0032256814338825768,99.80647461551408,99.79076454894947,0.27138047463273857
2023-02-04 10:50:00,99.41632559685287,99.50871828947895,99.16568404970927,99.24381571369015,4596.873701701042,-0.001735226906919407,99.6939428351493,99.74104192756225,0.27198248873885483
2023-02-05 10:50:00,99.24381571369015,99.41503016649352,99.23658025491835,99.34557342820715,1061.7866226280778,0.001025330533547253,99.62426895376088,99.7050902458027,0.2716978069834265
2023-02-06 10:50:00,99.34557342820715,99.3651139501442,99.16792033903779,99.26213245933042,1969.4517768079206,-0.0008399062585010553,99.55184165487479,99.6648213561234,0.25294747073154966
2023-02-07 10:50:00,99.26213245933042,99.95765900857597,99.16476255182205,99.89060286034301,5029.648619389023,0.006331421514343294,99.61959389596845,99.68534694741608,0.29369502407883324
2023-02-08 10:50:00,99.89060286034301,99.93584203922975,99.69940486199043,99.785872209438,2219.1974506312804,-0.001048453487175749,99.65284955866237,99.69448560759989,0.30093569155547634
2023-02-09 10:50:00,99.785872209438,100.04040573928053,99.75533834080268,99.97922400018042,2024.2276790151443,0.0019376669909403343,99.71812444696599,99.7203709160163,0.308397093403942
2023-02-10 10:50:00,99.97922400018042,100.05205505470494,99.73400082729854,99.82871691711358,6386.618165844031,-0.0015053835891601919,99.74024294099551,99.73022055247968,0.3146374288301307
2023-02-11 10:50:00,99.82871691711358,99.89608697317995,99.37689524553385,99.45107753296864,3103.5601053946266,-0.0037828732633966577,99.68240985939015,99.7048439143423,0.3224732797618809
2023-02-12 10:50:00,99.45107753296864,99.74965970648809,99.40313895205868,99.67907460065135,1476.3783136252337,0.002292555026436327,99.6817428076424,99.7025012494613,0.330482587072197
2023-02-13 10:50:00,99.67907460065135,99.77152494308666,99.48050029284997,99.54174206820954,10631.030109495214,-0.001377746864043461,99.65374265975584,99.68788677843841,0.34431537253957806
2023-02-14 10:50:00,99.54174206820954,99.55476260913976,99.42262892875492,99.51605643154666,5006.575942284267,-0.00025803885012665173,99.62620541411401,99.67226583781189,0.33457454796060254
2023-02-15 10:50:00,99.51605643154666,99.60777638194466,99.11507372817765,99.13931555062273,4465.9526018027345,-0.003785729604177779,99.52882744141576,99.62381581170378,0.35546750563232116
2023-02-16 10:50:00,99.13931555062273,99.2218484253937,99.13070246755277,99.16409807969556,3345.084078272499,0.0002499768021919646,99.45588156907172,99.58202329061213,0.330272368203958
2023-02-17 10:50:00,99.16409807969556,99.2156733050508,99.08097901075372,99.17620289509242,1523.7755712690223,0.00012206852713081418,99.39994583427587,99.54513052738307,0.31132476720934427
2023-02-18 10:50:00,99.17620289509242,99.22410211684291,99.04377339484655,99.07312070379398,6783.5846122348285,-0.0010393843310121387,99.3345808081795,99.50222054342042,0.29970294451125007
2023-02-19 10:50:00,99.07312070379398,99.18509060592314,99.0506371782167,99.16380734308345,5460.2715845806315,0.000915350587982422,99.30042611516029,99.47145570702615,0.29656033852062585
2023-02-20 10:50:00,99.16380734308345,99.16397682566438,99.09802699162834,99.15477778790465,3405.8554782353153,-9.105696342981418e-05,99.27129644970917,99.44266680528783,0.28718578301559866
2023-02-21 10:50:00,99.15477778790465,99.24144404944663,99.03830971127492,99.09429036233077,547.3607125750531,-0.0006100303679089647,99.2358952322335,99.41099621956445,0.24505991740258334
2023-02-22 10:50:00,99.09429036233077,99.21038105947207,99.05224863056931,99.18102400342876,2470.4030627099087,0.0008752637592019941,99.22492098647255,99.3900896544612,0.2394667210928288
2023-02-23 10:50:00,99.18102400342876,99.275006432914,99.18057455527179,99.2025404697438,3737.701427112932,0.00021694136082217597,99.2204448831268,99.37303972857781,0.22584989817599727
2023-02-24 10:50:00,99.2025404697438,99.33404193928027,99.11757431347972,99.31670037983825,2063.656652139881,0.001150776074422044,99.2396959824691,99.36791796960148,0.2185937123470083
2023-02-25 10:50:00,99.31670037983825,99.6004437744953,99.25653026893495,99.57676411568983,4937.0547939326125,0.0026185297624363724,99.30710960911325,99.38690398288223,0.20607383934088322
2023-02-26 10:50:00,99.57676411568983,99.58363963127746,99.45365777313613,99.54929636747379,2434.7790972322478,-0.00027584495700350153,99.35554696078538,99.401666926936,0.1906067753203067
2023-02-27 10:50:00,99.54929636747379,99.61888112118234,99.36153301212731,99.38698381058964,3376.012556377182,-0.0016304741751763663,99.36183433074623,99.40033209817724,0.18820130809304508
2023-02-28 10:50:00,99.38698381058964,99.451886500998,99.0916554538175,99.15559218807327,1649.3556173987795,-0.0023281883969570316,99.32058590221165,99.37808301544051,0.20449397714987835
2023-03-01 10:50:00,99.15559218807327,99.34775119365865,99.15212382763582,99.34730291616715,2342.869501464347,0.001933433343126456,99.32592930500276,99.37528482459747,0.1832743137395799
2023-03-02 10:50:00,99.34730291616715,99.43021643606232,99.06617058500538,99.08482066228162,1694.1689116155462,-0.0026420672346487706,99.27770757645854,99.34887899165966,0.20276716325500896
2023-03-03 10:50:00,99.08482066228162,99.1646251517296,98.64114963582641,98.73966148214073,1859.5858118219467,-0.003483471815701411,99.17009835759498,99.2934955817034,0.2305372505125882
2023-03-04 10:50:00,98.73966148214073,98.89814775438545,98.71962394974649,98.89019610384263,3125.9151949619627,0.00152456084457131,99.11411790684451,99.25683199280697,0.23040832784420218
2023-03-05 10:50:00,98.89019610384263,99.05517327438918,98.8305762695755,99.04151025404205,4442.5686248735865,0.001530122865167849,99.09959637628403,99.23725728928288,0.2368471547804337
2023-03-06 10:50:00,99.04151025404205,99.13106658994182,98.99309268009895,99.05551886180426,4661.634327496962,0.0001414417826048897,99.09078087338808,99.22073561405755,0.2419917316237792
2023-03-07 10:50:00,99.05551886180426,99.12969177158871,98.96030599259349,98.98965020595911,672.9059182783325,-0.0006649670467836488,99.07055473990229,99.19972784968496,0.2395811202540301
2023-03-08 10:50:00,98.98965020595911,99.08010433534909,98.4935975121569,98.58475703329654,3105.9599393250573,-0.0040902576362290555,98.97339519858114,99.14382141183147,0.270179291274704
2023-03-09 10:50:00,98.58475703329654,98.93674434357061,98.51090656081918,98.91416919089653,1450.496982462425,0.003341410655287591,98.96154999704423,99.12294393720101,0.2938511416396484
2023-03-10 10:50:00,98.91416919089653,99.1328272410942,98.8336526250954,99.03719831348936,6150.550499081681,0.0012437967542888728,98.97667966033326,99.11514888049996,0.29975878379666704
2023-03-11 10:50:00,99.03719831348936,99.38843182108775,99.01210625427389,99.31301834122289,5862.860859742723,0.002785014443365652,99.04394739651119,99.13313701329295,0.3020739310290606
2023-03-12 10:50:00,99.31301834122289,99.47004672646749,99.23327026070358,99.3896521748449,2500.900039354747,0.0007716393570751379,99.11308835217794,99.15645657343404,0.309702117287816
2023-03-13 10:50:00,99.3896521748449,99.46659488232702,99.31564760223334,99.34084733927791,2076.2470865537734,-0.0004910454408385556,99.15864014959794,99.17321937032894,0.3021020580762906
2023-03-14 10:50:00,99.34084733927791,99.51858811970926,99.2542997288932,99.46712949493542,2451.246234551049,0.001271200709877407,99.22033801866544,99.19993847256589,0.29524901119311614
2023-03-15 10:50:00,99.46712949493542,99.58802223709351,99.45190881663247,99.57757778823455,3169.705275753783,0.001110399926688821,99.29178597257928,99.23426931944486,0.2909980150815597
2023-03-16 10:50:00,99.57757778823455,99.6664947489246,99.55206398930571,99.6072102995619,3116.187582380382,0.0002975821664428224,99.35487083797581,99.26817304491004,0.2731683656931279
2023-03-17 10:50:00,99.6072102995619,99.66050382235527,99.56485343316619,99.64995217386162,2946.4317258838187,0.000429104220178278,99.41388710515298,99.3028802384511,0.24260942807069139
2023-03-18 10:50:00,99.64995217386162,99.68532760635041,99.35844718224165,99.43224521688347,1578.9052984488994,-0.0021847171245833463,99.41755872749908,99.31464069103585,0.253206329461392
2023-03-19 10:50:00,99.43224521688347,99.49907950565161,99.02995905310613,99.09161882452699,2541.4063017130934,-0.003425713576249878,99.35237074690467,99.29436597589867,0.270672290013664
2023-03-20 10:50:00,99.09161882452699,99.3796164136017,99.0380265012178,99.31311812653337,3140.1857080139534,0.002235298046735945,99.34452022283041,99.29607071686546,0.2852162901951658
2023-03-21 10:50:00,99.31311812653337,99.39904076002813,99.30255505195706,99.36192682812938,2405.7012575220783,0.000491462784743435,99.3480015438902,99.30205763607127,0.2800091422720123
2023-03-22 10:50:00,99.36192682812938,99.45617488705616,99.29416446679589,99.43606171579204,2063.835963785166,0.0007461096018286373,99.36561357827058,99.3142398251368,0.24968797063401788
2023-03-23 10:50:00,99.43606171579204,99.8305861335033,99.4082395425761,99.74052724317171,6447.008668656884,0.0030619226277273093,99.44059631125081,99.35299322677633,0.24943859978943042
2023-03-24 10:50:00,99.74052724317171,99.7814710657892,99.21135419963224,99.25645030786234,2537.15645777111,-0.00485336250658841,99.40376711057313,99.34421659778415,0.26879161765787024
2023-03-25 10:50:00,99.25645030786234,99.3515443939478,98.95424644159058,98.99206587564665,2129.296928606118,-0.0026636498826591026,99.32142686358783,99.31220289577165,0.2702896451966816
2023-03-26 10:50:00,98.99206587564665,99.03383232469795,98.5903459762624,98.62189212788589,1475.4934724404523,-0.003739428453041538,99.18151991644744,99.2494473714184,0.2850546368160849
2023-03-27 10:50:00,98.62189212788589,98.63582190113199,98.50312866006529,98.56918439697691,3898.102066946521,-0.0005344425032997036,99.05905281255335,99.1876052828328,0.283750776885587
2023-03-28 10:50:00,98.56918439697691,98.63822624460215,98.49061805932206,98.49461825265738,1671.5992036490707,-0.0007564853536702332,98.94616590057416,99.12460646190776,0.2754164764901605
2023-03-29 10:50:00,98.49461825265738,98.66408691129848,98.47407587880842,98.62409342531869,2543.4052084658406,0.0013145405805745636,98.88175140552308,99.0791052767633,0.27926630592080465
2023-03-30 10:50:00,98.62409342531869,98.81537901678374,98.56510803016361,98.72310458540237,2607.8577823121004,0.0010039246663255952,98.85002204149895,99.04674157754867,0.288969179278035
2023-03-31 10:50:00,98.72310458540237,99.24606001317082,98.69243514765607,99.23501613515494,1747.7919642326212,0.0051853266963433065,98.92702086023014,99.06385744642196,0.321681641872726
2023-04-01 10:50:00,99.23501613515494,99.25721575032176,98.97123652658641,99.04126043825593,3351.580817794795,-0.001952493227139862,98.94986877583531,99.06180317295232,0.31876012756033945
2023-04-02 10:50:00,99.04126043825593,99.09824455234308,98.80981953571529,98.90346020208521,3497.7846624722283,-0.0013913417050727128,98.9405870610853,99.04740835741895,0.3058533107090753
2023-04-03 10:50:00,98.90346020208521,99.10768204868839,98.89675673045302,99.03400084559854,2432.5116229679134,0.0013198794384605694,98.95926981798796,99.046189492708,0.2965201254127519
2023-04-04 10:50:00,99.03400084559854,99.14388146642828,98.99918342170956,99.09753444249402,1502.2223687888186,0.0006415331739908492,98.98692274288918,99.05085721541582,0.299963863744727
2023-04-05 10:50:00,99.09753444249402,99.19006680811134,99.01257346751119,99.14483871560542,1339.2881137783866,0.00047735065637621865,99.01850593743244,99.05940098816032,0.30106978662614686
2023-04-06 10:50:00,99.14483871560542,99.23115562758453,98.8957505941039,98.97873190103742,1238.7222375684903,-0.0016753954791783876,99.01055113015344,99.05206743478551,0.29485967537996266
2023-04-07 10:50:00,98.97873190103742,99.28278925415304,98.92617164722566,99.27449931048851,2519.595017232905,0.002988191541459795,99.06334076622046,99.07228851439487,0.2796097282921356
2023-04-08 10:50:00,99.27449931048851,99.34992568215577,99.06638292272517,99.0788567881741,2008.8562251280118,-0.0019707228308705194,99.06644397061119,99.07288563019299,0.2714843573688057
2023-04-09 10:50:00,99.0788567881741,99.29905636202972,99.0131572505783,99.2770593052723,3018.536079031297,0.002000452200634051,99.10856703754342,99.09144687338201,0.2602281261556527
2023-04-10 10:50:00,99.2770593052723,99.7006350148203,99.24754770714416,99.62159705360061,3141.947297173905,0.0034704669008061018,99.21117304075487,99.13964234431097,0.28311341662775547
2023-04-11 10:50:00,99.62159705360061,100.02942447532766,99.53098773492977,99.93142563772665,3090.0019804674334,0.0031100543786639623,99.35522356014923,99.21162264371239,0.3081725991361698
2023-04-12 10:50:00,99.93142563772665,99.96831075058984,99.90678581685344,99.95227666744438,3207.089311882617,0.00020865337990194632,99.47463418160827,99.27895482768803,0.2989950206537649
2023-04-13 10:50:00,99.95227666744438,100.02820292687866,99.65347641911329,99.7074514841437,2292.7150096359665,-0.0024494207782304045,99.52119764211535,99.317909069184,0.30788470073556845
2023-04-14 10:50:00,99.7074514841437,100.00885567979238,99.62446757554203,99.9270119286738,4867.148030043801,0.0022020464996541644,99.60236049942705,99.37328205641035,0.29579636064525416
2023-04-15 10:50:00,99.9270119286738,100.15930438603074,99.8727437666356,100.10653435165861,5203.162874566926,0.0017965354864502014,99.70319526987336,99.43994135597836,0.29583788890666796
2023-04-16 10:50:00,100.10653435165861,100.15998090766878,99.72257584675661,99.75716449575106,7976.516843249499,-0.003489980530943848,99.7139891150489,99.46877982323042,0.30647932064126693
2023-04-17 10:50:00,99.75716449575106,99.98839472050209,99.72376451440408,99.91164273702037,1788.7623291001778,0.0015485428244694788,99.7535198394432,99.50904008812041,0.3103153840600267
2023-04-18 10:50:00,99.91164273702037,99.94437520588271,99.83447124215941,99.93005605772488,2757.995573147124,0.0001842960459870202,99.78882708309955,99.54731426717537,0.3078300925603535
2023-04-19 10:50:00,99.93005605772488,99.93616676844749,99.72674991724853,99.74561840510101,2788.028643979744,-0.0018456674588206434,99.78018534749985,99.5653419160777,0.3101103433174117
2023-04-20 10:50:00,99.74561840510101,99.74757148444803,99.6142845235798,99.65824794988819,3656.91746290531,-0.0008759327638631076,99.75579786797752,99.57378791915137,0.2956733381308122
2023-04-21 10:50:00,99.65824794988819,99.71799781676307,99.62637673140252,99.646145101352,8874.764259737483,-0.00012144352108489631,99.73386731465243,99.58036584480597,0.27674501516175304
2023-04-22 10:50:00,99.646145101352,99.67947901963129,99.1380289829027,99.17922417431923,2319.201234537601,-0.004685790168378889,99.6229386865858,99.54389842021627,0.29516696354018074
2023-04-23 10:50:00,99.17922417431923,99.39019915967013,99.1067233022549,99.35392021834865,2618.2052230107356,0.001761417731221293,99.56913499293837,99.52662767459194,0.29499387396616733
2023-04-24 10:50:00,99.35392021834865,99.41723660028761,99.31139187922477,99.3984820845904,6240.4889920097485,0.0004485164364307348,99.53500441126879,99.51497807550088,0.270190832065217
2023-04-25 10:50:00,99.3984820845904,99.41552926188069,99.1964038677055,99.22572175280897,5731.12030302104,-0.001738058048355362,99.47314787957683,99.48868204616525,0.2502400216207385
2023-04-26 10:50:00,99.22572175280897,99.28556744907873,99.17715890685372,99.22318797929825,2814.1297139632347,-2.5535450546065874e-05,99.42315589952112,99.46454622190461,0.25358885079849663
2023-04-27 10:50:00,99.22318797929825,99.22604161249755,99.16922529001464,99.20254250536902,2185.5748125253335,-0.00020807106030018563,99.3790332206907,99.44072770221956,0.23088098042117824
2023-04-28 10:50:00,99.20254250536902,99.21490482689607,98.99458269839903,99.0351204917141,2936.0588319270937,-0.0016876786564806734,99.31025067489539,99.40385431944634,0.2191619821530852
2023-04-29 10:50:00,99.0351204917141,99.06505350055987,98.89910286490037,98.92508084545581,7092.991130461896,-0.0011111174067536256,99.23321670900748,99.36032945817448,0.21054698331482463
2023-04-30 10:50:00,98.92508084545581,99.00127393601585,98.67668356924129,98.68163765983839,1729.448032051262,-0.002460884373678085,99.12290089917367,99.29863020378028,0.20248879087642382
2023-05-01 10:50:00,98.68163765983839,98.75745281872561,98.58281848515031,98.59343652194916,5699.113683161269,-0.0008937948333738177,99.01700802372878,99.23452168725018,0.19606051426765905
2023-05-02 10:50:00,98.59343652194916,98.6536546482375,98.40158143102292,98.42421530812382,3569.34552148649,-0.001716353743158816,98.8984494806078,99.16085747096596,0.2062154609456083
2023-05-03 10:50:00,98.42421530812382,98.48254577698276,98.21698286600082,98.25250945950688,7823.6520970582205,-0.0017445488194078873,98.76926147638761,99.07828037901514,0.21022589378724937
2023-05-04 10:50:00,98.25250945950688,98.26883569865113,97.96353301489242,98.04297751504811,2633.011994825746,-0.0021325861864640583,98.62400468411973,98.98416193683632,0.22251273113656925
2023-05-05 10:50:00,98.04297751504811,98.42307333400527,97.95017913122412,98.35294018529484,4269.810678626273,0.003161497927775203,98.56979178435475,98.92677814124163,0.24974652523804
2023-05-06 10:50:00,98.35294018529484,98.38586983361041,98.2596157163976,98.36499514799051,2110.996522700186,0.00012256840184909912,98.5288324570819,98.87570696003698,0.22008967384405562
2023-05-07 10:50:00,98.36499514799051,98.40651345083035,98.26165157610205,98.27689931224793,3251.6663678876366,-0.000895601485162878,98.47844582811511,98.82126990114706,0.21018867508070319
2023-05-08 10:50:00,98.27689931224793,98.37501770618532,98.16493463681101,98.18393307295051,1815.4888606467055,-0.0009459622754484087,98.4195432770822,98.76333018949283,0.21763427138866526
2023-05-09 10:50:00,98.18393307295051,98.51660319938739,98.09685586506465,98.4911247018183,4281.945416292117,0.0031287362326333223,98.43385956202943,98.73858423606788,0.23196440997063256
2023-05-10 10:50:00,98.4911247018183,98.6135190795173,98.47290302853898,98.51524622380911,3164.9573509409465,0.00024491061569098527,98.45013689438537,98.718280780408,0.23426494631015515
2023-05-11 10:50:00,98.51524622380911,98.77872663734163,98.45430521429272,98.73526177478816,1478.8847917889223,0.0022333147346473847,98.50716187046594,98.71982450716982,0.2533795963505838
2023-05-12 10:50:00,98.73526177478816,98.83532913954016,98.6463454457126,98.75123866612398,4538.24522747366,0.00016181545527538255,98.55597722959754,98.72268033980201,0.2511411367313353
2023-05-13 10:50:00,98.75123866612398,99.17140831011754,98.69570462733915,99.11802943347038,2792.6339330269075,0.003714290294489553,98.66838767037211,98.75862116649914,0.27326635438268454
2023-05-14 10:50:00,99.11802943347038,99.13316058726316,98.83868006801902,98.88707231981243,3183.0028453930236,-0.002330122127911838,98.71212460026018,98.77029854407307,0.27111565098765517
2023-05-15 10:50:00,98.88707231981243,99.13839889470083,98.79879334525594,99.08702590789932,5488.068584455675,0.0020220397206240914,98.78710486178801,98.79909194078455,0.28289930926405404
2023-05-16 10:50:00,99.08702590789932,99.17801201737626,98.76467394499653,98.8377719592693,11365.575250184145,-0.002515505398877238,98.79723828128428,98.80260830610135,0.29441822749013574
2023-05-17 10:50:00,98.8377719592693,98.84280528633151,98.78555528634838,98.838179355718,3001.6410689225777,4.121870015971751e-06,98.80542649617102,98.80584203788467,0.27953873384736333
2023-05-18 10:50:00,98.838179355718,98.93213335631502,98.65621682091289,98.71367608180478,3588.4793861362377,-0.0012596678199133793,98.78707641329778,98.79746331460468,0.2774397232504648
2023-05-19 10:50:00,98.71367608180478,99.13070817726928,98.68999538791067,99.06170341943424,2443.01499588757,0.0035256243252561603,98.84200181452508,98.82148514231646,0.2751410508631409
2023-05-20 10:50:00,99.06170341943424,99.28524339306435,99.0477121399252,99.19182293639297,879.9654740647954,0.001313519881722458,98.91196603889865,98.85515221450524,0.28308941771502255
2023-05-21 10:50:00,99.19182293639297,99.35122427052269,99.10358423923489,99.2643919757478,2689.7122997287097,0.0007316030415265296,98.9824512262685,98.89235582916365,0.2904307146121304
2023-05-22 10:50:00,99.2643919757478,99.29611230689203,98.83496095164435,98.93025368323765,1965.8471714842199,-0.0033661445545526414,98.97201171766233,98.89580108862492,0.30836416360308555
2023-05-23 10:50:00,98.93025368323765,99.19615614566727,98.85558774472696,99.14829449274436,2502.071635075258,0.0022039851449773273,99.00726827267874,98.91875503445397,0.3027085255043411
2023-05-24 10:50:00,99.14829449274436,99.20086563196587,98.8531817947781,98.90851616904422,2129.333907438615,-0.0024183807187695416,98.98751785195185,98.91782422850763,0.31749908166215896
2023-05-25 10:50:00,98.90851616904422,99.05304015307192,98.8844875567398,99.04813979649042,3440.156649909867,0.0014116441420228831,98.99964224085957,98.92967109832423,0.3063655940395305
2023-05-26 10:50:00,99.04813979649042,99.09812978562407,98.87278434373626,98.8877162815608,2516.8128191720657,-0.0016196519718516544,98.97725704899982,98.92585702407301,0.3089628617581194
2023-05-27 10:50:00,98.8877162815608,98.93488611940391,98.39512548200291,98.47531937689668,1560.2338111391957,-0.0041703552288527845,98.8768695145792,98.88489905614789,0.31353835851687756
2023-05-28 10:50:00,98.47531937689668,98.53122629023392,98.1365048364475,98.17290492430405,3904.6315611550763,-0.0030709669641708626,98.73607659652417,98.82017231688936,0.3206984252698969
2023-05-29 10:50:00,98.17290492430405,98.20800236008786,98.10708928475462,98.151605701654,3265.2525031781925,-0.00021695622296669104,98.61918241755015,98.75939353368614,0.30364896283335086
2023-05-30 10:50:00,98.151605701654,98.30044957686329,98.08917649414028,98.28401833190473,4512.43909664476,0.0013490622930123486,98.55214960042107,98.71617760625146,0.28921574928644234
2023-05-31 10:50:00,98.28401833190473,98.47387404920445,98.2691256517528,98.44773030379031,6141.7193667209385,0.0016657028748328084,98.53126574109493,98.69177330602771,0.2997513491056227
2023-06-01 10:50:00,98.44773030379031,98.66679705404616,98.42773083589263,98.66523785657591,2549.2862046612777,0.002209370923173415,98.55806016419113,98.68936099244118,0.297119183587865
2023-06-02 10:50:00,98.66523785657591,98.73288024081384,98.5381322735651,98.60850143699172,7071.491867078902,-0.0005750396068235908,98.56814841875125,98.68201012376396,0.2795502677228744
2023-06-03 10:50:00,98.60850143699172,98.72664600475865,98.60270665111588,98.66105789306087,4440.314451401141,0.0005329809834169197,98.58673031361317,98.68010537551822,0.27143656061598975
2023-06-04 10:50:00,98.66105789306087,98.73773298602363,98.55963404325318,98.5887759700605,1702.5161781610273,-0.0007326287042119795,98.58713944490265,98.6718027022948,0.2664693400076073
2023-06-05 10:50:00,98.5887759700605,98.68023748794377,98.33002309940537,98.37443364346412,3311.1382218798544,-0.0021741047546981473,98.54459828461495,98.644769151492,0.2585452709569448
2023-06-06 10:50:00,98.37443364346412,98.42060851002059,98.07884989633756,98.15592937468143,5373.188251389581,-0.0022211489376864346,98.46686450262825,98.60032917178195,0.25863028615285294
2023-06-07 10:50:00,98.15592937468143,98.27157870910334,98.11910651810551,98.20776385783667,2078.8065519632714,0.0005280830560665528,98.41504437366994,98.56464141596874,0.2446865971392853
2023-06-08 10:50:00,98.20776385783667,98.60466931957595,98.12805809192002,98.54902561107983,4419.937573626101,0.0034748958721548817,98.44184062115193,98.56322179734246,0.26669078509098554
2023-06-09 10:50:00,98.54902561107983,98.74358505299483,98.45699458107923,98.70008507103277,6446.071535079825,0.0015328356522681386,98.4934895111281,98.57566391313249,0.2710654300929706
2023-06-10 10:50:00,98.70008507103277,98.72532340769428,98.61757995442005,98.66815423484748,5920.154115057848,-0.00032351376558914513,98.52842245587199,98.58407212419748,0.24020705979820076
2023-06-11 10:50:00,98.66815423484748,98.89155211191978,98.648771887662,98.85323683578422,3396.1040032692867,0.001875808890639652,98.59338533185444,98.60854164343263,0.22935411483186993
2023-06-12 10:50:00,98.85323683578422,98.88762423124565,98.5145296704336,98.60750865703997,2968.4114346116994,-0.002485787887274271,98.59620999689155,98.60844773557875,0.24879564950892785
2023-06-13 10:50:00,98.60750865703997,98.74685663091903,98.54250091283312,98.7360043166583,4265.168613320823,0.0013031021812470733,98.6241688608449,98.62004378840416,0.248301552034849
2023-06-14 10:50:00,98.7360043166583,98.9611710786587,98.73290568895152,98.87678297647548,2736.1326045098995,0.0014258087593426172,98.67469168397102,98.64338371459246,0.24998133719595778
2023-06-15 10:50:00,98.87678297647548,98.94497155399566,98.74001754278687,98.77539267559672,2454.2949071311004,-0.0010254207087511125,98.69483188229617,98.65538452922921,0.24754475098561915
2023-06-16 10:50:00,98.77539267559672,98.8665370904866,98.73174176974634,98.79238949150003,2002.6593351785216,0.0001720754070715369,98.71434340413695,98.66783952579928,0.24326241909215643
2023-06-17 10:50:00,98.79238949150003,98.85549561629914,98.65486704200671,98.71066790735432,2668.134685733399,-0.0008272052590927448,98.71360830478044,98.67173301503155,0.2487402205671318
2023-06-18 10:50:00,98.71066790735432,98.90579611759092,98.68319639689491,98.83471010664351,2377.9649929281422,0.0012566240500531123,98.73782866515306,98.686549114269,0.2519188475618149
2023-06-19 10:50:00,98.83471010664351,98.89569607450166,98.76498731321992,98.78518324847863,4620.503081756559,-0.0005011079418499875,98.74729958181818,98.6955158537426,0.23623987418633874
2023-06-20 10:50:00,98.78518324847863,98.84686571997389,98.48756236507903,98.49288006259619,1307.5328710845588,-0.002958978019478975,98.69641567797379,98.67709441818384,0.23749306998718417
2023-06-21 10:50:00,98.49288006259619,98.59054660749838,98.47148009498329,98.53972785436727,3401.353776546687,0.0004756464806523475,98.66507811325249,98.66460654874597,0.2351069500955601
2023-06-22 10:50:00,98.53972785436727,98.58863229931495,98.28456289298155,98.33569545228036,1844.0582034750714,-0.002070559829315255,98.59920158105807,98.63470553997637,0.2227825342868083
2023-06-23 10:50:00,98.33569545228036,98.3880953685787,98.3297330316499,98.36800691928501,2419.186566499072,0.0003285832967980795,98.55296264870347,98.61046021082261,0.2064805246448945
2023-06-24 10:50:00,98.36800691928501,98.60906501122373,98.35508199489006,98.52798067083253,1357.6439973439315,0.0016262782642204598,98.54796625312929,98.60296207082351,0.21692620772056972
2023-06-25 10:50:00,98.52798067083253,98.57954123209814,98.45769755531896,98.56219568776504,2245.3108211814492,0.00034726193208833855,98.55081214005645,98.59925603600001,0.2082878829006692
2023-06-26 10:50:00,98.56219568776504,98.66929838690565,98.47552811216816,98.64122652030505,4462.542122278822,0.0008018371748776953,98.56889501610618,98.6030715345732,0.19547900532391488
2023-06-27 10:50:00,98.64122652030505,98.85412256731243,98.55811220278402,98.85147083321036,2196.6289201527115,0.0021314040824707003,98.62541017952702,98.62565328899476,0.20202576578409395
2023-06-28 10:50:00,98.85147083321036,98.8846220378059,98.74090308303413,98.83511829348161,2512.058094870642,-0.00016542535574748385,98.66735180231795,98.64469556212993,0.19598673471727932
2023-06-29 10:50:00,98.83511829348161,98.94897595481862,98.73713466822862,98.941563894852,3499.6644583660704,0.0010770018107764123,98.72219422082476,98.67168359237739,0.19647868295879484
2023-06-30 10:50:00,98.941563894852,99.20712560511456,98.89519207098904,99.15843019715511,5965.542302004832,0.0021918624869683434,98.80944141609083,98.71593328372082,0.2091314124863126
2023-07-01 10:50:00,99.15843019715511,99.20765116337454,99.08972954612311,99.1599228596651,2794.81145204095,1.5053309204482446e-05,98.8795377048057,98.75629597244303,0.20322377269766992
2023-07-02 10:50:00,99.1599228596651,99.42296585302513,99.06961272083838,99.36171028257932,2660.6159019033057,0.0020349695430865733,98.97597222036043,98.81133363700087,0.2125633020898659
2023-07-03 10:50:00,99.36171028257932,99.49255566406617,99.2673331511789,99.46349516368497,1653.2550505625582,0.0010243873703077444,99.07347680902535,98.8706210485176,0.21931428434740394
2023-07-04 10:50:00,99.46349516368497,99.49657616519971,99.40423408403501,99.47175074556087,3074.8128576840554,8.300112380243974e-05,99.15313159633246,98.92526920279427,0.20024562193810677
2023-07-05 10:50:00,99.47175074556087,99.6094675300348,99.42307698638413,99.5840512999552,762.8073937580439,0.0011289693159377556,99.23931553705701,98.98515848435436,0.2050544813049342
2023-07-06 10:50:00,99.5840512999552,99.61824330317857,98.87008183167758,98.91211403110024,3061.545239277351,-0.006747438571574449,99.17387523586567,98.97851807951307,0.23677534310261958
2023-07-07 10:50:00,98.91211403110024,98.9636301404207,98.69103744374137,98.71251773820731,8112.166621342969,-0.0020179155490517298,99.081603736334,98.95433623030345,0.2520775116562289
2023-07-08 10:50:00,98.71251773820731,98.76021490557574,98.6207072020671,98.62679355030454,2315.1264612326627,-0.000868422666820412,98.99064169912812,98.92455962303082,0.24390070359729776
2023-07-09 10:50:00,98.62679355030454,98.71381615184957,98.59035822735773,98.69002696426428,6067.073303821758,0.0006411382919742081,98.93051875215535,98.90323847223385,0.24401600700534537
2023-07-10 10:50:00,98.69002696426428,98.71567444650731,98.4478640672226,98.5246329908742,3055.905805319717,-0.0016758934866840658,98.84934159989912,98.86881979211024,0.24930458590157553
2023-07-11 10:50:00,98.5246329908742,98.78174382286635,98.51817019552036,98.76567983808309,2703.058006111636,0.002446564274248164,98.83260924753591,98.85944343265322,0.2469876761028311
2023-07-12 10:50:00,98.76567983808309,99.04152087771118,98.6818999018406,99.01838857036839,3875.067751970191,0.002558669496322885,98.86976511210241,98.87389299062733,0.2624092490384606
2023-07-13 10:50:00,99.01838857036839,99.2737680641598,99.00234757493394,99.22105921447152,3876.1557493640603,0.002046798044578413,98.94002393257624,98.90545355643134,0.26666490636959345
2023-07-14 10:50:00,99.22105921447152,99.78156817533477,99.13503338948966,99.69678202343675,3255.617359816883,0.00479457498974023,99.09137555074835,98.97739250797729,0.2905649957781356
2023-07-15 10:50:00,99.69678202343675,99.77682527243513,99.54498056835475,99.62303640653481,2098.8801664446623,-0.0007396990695708316,99.19770772190564,99.03608740784615,0.2987023591230614
2023-07-16 10:50:00,99.62303640653481,99.68291849824425,99.43151343227588,99.48912507459566,1518.3492085425985,-0.001344180390092653,99.25599119244366,99.07727265027792,0.2914203543931769
2023-07-17 10:50:00,99.48912507459566,99.54962139665368,99.23604590558921,99.30013209727161,2518.897925932232,-0.00189963452972719,99.26481937340925,99.09753260000461,0.2977312814058339
2023-07-18 10:50:00,99.30013209727161,99.31286567428104,98.96593151416133,99.03213130453182,3225.2121545550494,-0.0026988966387000435,99.21828175963377,99.0915870276889,0.3159164299026206
2023-07-19 10:50:00,99.03213130453182,99.07137544416271,98.84734700686914,98.86523716992056,4059.8421705072246,-0.0016852523763024596,99.14767284169113,99.07100976789178,0.31860485087711304
2023-07-20 10:50:00,98.86523716992056,98.95298978871999,98.85912889245778,98.9005458657665,1159.6351294048309,0.0003571396464183696,99.0982474465062,99.05551304951675,0.2718690955029146
2023-07-21 10:50:00,98.9005458657665,99.03520791702941,98.82652280058656,99.00874039834432,2326.2634360770508,0.0010939730577894657,99.08034603687383,99.05126099031925,0.2673042683431654
2023-07-22 10:50:00,99.00874039834432,99.04730149368217,98.70395493223047,98.77844911232488,2313.796709676209,-0.0023259692537537235,99.01996665196405,99.02645991050157,0.28186418676766933
2023-07-23 10:50:00,98.77844911232488,98.85812314757749,98.53874100246692,98.55732599179686,4674.820545761252,-0.002238576557084593,98.92743851993062,98.9838113724375,0.2958587739547208
2023-07-24 10:50:00,98.55732599179686,98.66956962506303,98.49427659311229,98.5762402384892,5119.031629968649,0.0001919111187524969,98.85719886364234,98.94675945116947,0.28925039200229463
2023-07-25 10:50:00,98.5762402384892,98.65310394098066,98.50579181022744,98.57892467024146,7825.674599077393,2.72320362975087e-05,98.80154402496217,98.91331992563056,0.2809459993885253
2023-07-26 10:50:00,98.57892467024146,98.66138242563605,98.36492650891535,98.36815085513871,4161.15441226066,-0.0021381224821412914,98.71486539099749,98.86375910104039,0.2764342094492481
2023-07-27 10:50:00,98.36815085513871,98.47099675855733,98.30697921257237,98.43572951466061,3069.107160241051,0.0006869973556931086,98.65903821573012,98.8248473204604,0.26876257064632675
2023-07-28 10:50:00,98.43572951466061,98.56929822423433,98.38369962798613,98.48096400426276,1191.9145878072848,0.0004595332388470652,98.62342337343665,98.79358520080608,0.2358385571036905
2023-07-29 10:50:00,98.48096400426276,98.73442576490224,98.41217083630808,98.7082568915366,2112.4938313402413,0.0023079880418717114,98.64039007705665,98.78582808178157,0.24229643028324585
2023-07-30 10:50:00,98.7082568915366,98.71879865070234,98.61591276764517,98.6939370488955,1278.3304173915978,-0.00014507238899819086,98.65109947142443,98.7774743515192,0.23168791721816007
2023-07-31 10:50:00,98.6939370488955,98.73854881823821,98.61616025651483,98.62561144159511,958.4793714622239,-0.0006922979196436474,98.64600186545857,98.76366863243518,0.21803170797951107
2023-08-01 10:50:00,98.62561144159511,98.83208601584673,98.55775815770876,98.77390403296941,2258.937828418806,0.0015035910977556632,98.67158229896074,98.76459912339284,0.2128455435522432
2023-08-02 10:50:00,98.77390403296941,99.06963398390346,98.71432804867914,99.00239217903342,3665.8686516153966,0.002313244052677632,98.73774427497528,98.78621667390561,0.22222250769015414
2023-08-03 10:50:00,99.00239217903342,99.0511378329578,98.98142314139454,99.00419854767765,7021.575634050239,1.8245707042785497e-05,98.79103512951576,98.80603320788488,0.2204977787830862
2023-08-04 10:50:00,99.00419854767765,99.10185517835802,98.94495475876094,99.06356386169152,1746.4756686639228,0.0005996242066974578,98.84554087595092,98.82944508550366,0.2167988718655311
2023-08-05 10:50:00,99.06356386169152,99.07504899701716,99.03198726738732,99.03216381838418,6479.994508987213,-0.00031696864198405006,98.88286546443757,98.84787406122007,0.19534995530682714
2023-08-06 10:50:00,99.03216381838418,99.03487510133702,98.84861052101361,98.93390622612051,4149.974238314876,-0.0009921785859779986,98.89307361677417,98.8556951671201,0.18584155782203027
2023-08-07 10:50:00,98.93390622612051,99.07346622530703,98.9221292795632,99.00812901020805,2519.6314617599032,0.0007502259530509647,98.91608469546095,98.869552789219,0.1841304088072511
2023-08-08 10:50:00,99.00812901020805,99.10149707748886,98.82266249925325,98.82911873494578,7094.238791217076,-0.0018080361385660604,98.89869150335792,98.86587696610324,0.19352486934170696
2023-08-09 10:50:00,98.82911873494578,99.00241419424071,98.82635441813305,98.96243839766078,2518.462249990964,0.001348991718448378,98.9114408822185,98.87465527806302,0.1849251450122042
2023-08-10 10:50:00,98.96243839766078,99.0103539165467,98.94940412149805,98.97433357249574,3842.859773319687,0.00012019888583547633,98.92401942027395,98.88371694119326,0.17756316280246814
2023-08-11 10:50:00,98.97433357249574,99.06431442536613,98.92898480696398,99.04571202553606,1862.440410044894,0.0007211814463801147,98.94835794132638,98.8984437670426,0.17397252152775064
2023-08-12 10:50:00,99.04571202553606,99.22008205216412,98.94902350750093,99.16674423705643,755.751443664006,0.0012219833554143467,98.9920352004724,98.92283471886203,0.17031563696125268
2023-08-13 10:50:00,99.16674423705643,99.18187415893078,99.11363412504939,99.13537980560665,2526.9944034240316,-0.0003162797336051515,99.02070412149925,98.94215699947517,0.16784093344869738
2023-08-14 10:50:00,99.13537980560665,99.21500985205877,99.02170504116373,99.11123870029442,4695.282450396413,-0.00024351654635879072,99.03881103725828,98.95752806318602,0.17290637981810164
2023-08-15 10:50:00,99.11123870029442,99.19865794867367,98.80882026591132,98.87540058802227,9337.05926782497,-0.0023795294596741234,99.00612894741109,98.95006192908022,0.1811570815769861
2023-08-16 10:50:00,98.87540058802227,99.12231431734747,98.8512246928977,99.0403562879002,10416.87279041947,0.0016683189033561696,99.0129744155089,98.95827050715477,0.17514163080737535
2023-08-17 10:50:00,99.0403562879002,99.08458991329016,98.86620522240473,98.92858103852026,2502.6587740761734,-0.0011285828683310628,98.99609574011119,98.95557146455162,0.18576091647324436
2023-08-18 10:50:00,98.92858103852026,99.07337791575927,98.91123890874871,99.01618674347714,2437.697141809356,0.0008855449460329901,99.00011394078439,98.96108194445394,0.18613510128849242
2023-08-19 10:50:00,99.01618674347714,99.05292017417167,98.99092696985966,99.00635706155508,2385.463533630993,-9.927348492544397e-05,99.00136256493853,98.9651978641904,0.18748734948007645
2023-08-20 10:50:00,99.00635706155508,99.03945985944601,98.90026030398549,98.9796807810347,1221.0039820783356,-0.00026944007750728804,98.99702620815778,98.96651449299442,0.18412556198987012
2023-08-21 10:50:00,98.9796807810347,99.00806920657986,98.89713570425982,99.00207933372808,4296.335152953301,0.00022629445272626114,98.99803683327184,98.96974766033384,0.1812396017453131
2023-08-22 10:50:00,99.00207933372808,99.05734503869971,98.8837658941153,98.96948686937527,3384.866232219042,-0.00032920989712681425,98.99232684049254,98.96972395206487,0.17372135648451348
2023-08-23 10:50:00,98.96948686937527,98.98884917501596,98.63338558441198,98.71938976993961,1973.6418204325842,-0.0025270121867536632,98.93773942638195,98.94696629914439,0.1865359146628214
2023-08-24 10:50:00,98.71938976993961,98.98029308095096,98.71154986060893,98.97902517517075,4489.974097982304,0.0026300345437324513,98.94599657613972,98.94988074241951,0.20137830218377673
2023-08-25 10:50:00,98.97902517517075,99.05504996744574,98.62051634445866,98.68410920673443,1502.4762634547922,-0.0029795804506498325,98.89361910225867,98.92571969372086,0.22275001679698544
2023-08-26 10:50:00,98.68410920673443,98.88175211485692,98.66329083599396,98.84035419776419,3239.295848282111,0.0015832842013341342,98.88296612135977,98.91795919408844,0.21899306923982614
2023-08-27 10:50:00,98.84035419776419,98.98824423374586,98.82378220293921,98.91407156180124,2542.1664473143746,0.0007458225401495433,98.88918720944807,98.91760577297141,0.22586606902020126
2023-08-28 10:50:00,98.91407156180124,98.91687969429633,98.62470840318181,98.63627058304965,1519.5030713487993,-0.002808508176493585,98.83860388416839,98.89202984661489,0.23292796046444916
2023-08-29 10:50:00,98.63627058304965,98.95513113489736,98.56478963058133,98.94697281512012,3572.5728376818206,0.003149979518019874,98.86027767035874,98.89702466193354,0.23296394771828335
2023-08-30 10:50:00,98.94697281512012,99.00404923910189,98.64027662272021,98.72278602582134,3233.473411752691,-0.002265726610127583,98.83277934145127,98.88118478592334,0.23958416142770542
2023-08-31 10:50:00,98.72278602582134,98.94900007931452,98.72202320820729,98.88202920941623,4484.10656040751,0.0016130337281328178,98.84262931504426,98.88126155169542,0.24019788858640517
2023-09-01 10:50:00,98.88202920941623,99.03518978508954,98.80690933071214,98.97389249912679,2207.6690483936572,0.0009290190588222558,98.86888195186077,98.88968254691645,0.24492227768403702
2023-09-02 10:50:00,98.97389249912679,99.1059859289311,98.9586308858586,99.07659611836148,2206.326538727427,0.001037683945143364,98.91042478516091,98.90667468977509,0.25101955188121494
2023-09-03 10:50:00,99.07659611836148,99.27496159962215,98.97933542401877,99.24257636826698,6156.002145471133,0.001675272025970731,98.97685510178214,98.93721120600162,0.2621928818914187
2023-09-04 10:50:00,99.24257636826698,99.41127749667653,99.22215378422247,99.36975778177077,4273.649099424399,0.0012815206754794861,99.05543563777987,98.97653362198064,0.2677778969009919
2023-09-05 10:50:00,99.36975778177077,99.70152379229995,99.36510131725083,99.65647596923525,2464.6725010742184,0.0028853666735721983,99.17564370407095,99.03834656264014,0.27940956336275696
2023-09-06 10:50:00,99.65647596923525,99.79293723206035,99.56278126159886,99.71095907238018,5888.674696315255,0.0005467091086157616,99.2827067777328,99.09949315443468,0.2704590190668656
2023-09-07 10:50:00,99.71095907238018,99.79472792096851,99.53943940154683,99.63340323163355,3515.3362695068367,-0.000777806586839902,99.35284606851296,99.14803043418003,0.2694979690011264
2023-09-08 10:50:00,99.63340323163355,99.9973684210211,99.58897408280279,99.92660877341574,2199.081593658053,0.0029428437880469893,99.46759860949352,99.21881028320145,0.2676308772319282
2023-09-09 10:50:00,99.92660877341574,99.95303950225848,99.75382101041012,99.85151127298117,2693.409933513185,-0.0007515265589053133,99.54438114219106,99.27632855499961,0.26625639244517074
2023-09-10 10:50:00,99.85151127298117,99.92393731170544,99.72888859228898,99.7638109131664,4609.255944847766,-0.0008783077861987953,99.58826709638613,99.32064513301476,0.26844115591730044
2023-09-11 10:50:00,99.7638109131664,99.83092637835487,99.43950475595554,99.5020731431057,2193.514295132319,-0.0026235742967808395,99.57102830573005,99.33713858847757,0.2755304652947877
2023-09-12 10:50:00,99.5020731431057,99.57542911462974,99.29729191458972,99.30375577395965,1945.0325890789616,-0.0019930978609946637,99.51757379937598,99.33410378715776,0.26751587213221584
2023-09-13 10:50:00,99.30375577395965,99.32538508817386,99.26070817772508,99.3227355836175,2193.30791674287,0.000191128819951647,99.47860615622429,99.33307031410864,0.24615189313700878
2023-09-14 10:50:00,99.3227355836175,99.47159959243541,99.30345147660368,99.44974037510397,771.4301361867376,0.0012787081501550723,99.47283300000024,99.34367668329003,0.24194983918875884
2023-09-15 10:50:00,99.44974037510397,99.4723669054902,99.25634462084145,99.30696319529405,4074.78819400568,-0.0014356717199199842,99.43965903905901,99.34033909347221,0.24107425563671317
2023-09-16 10:50:00,99.30696319529405,99.73423013472025,99.25364398132375,99.65686502267101,1761.5507027235653,0.003523436988893236,99.48310023578142,99.36911417794482,0.2648764778027127
2023-09-17 10:50:00,99.65686502267101,99.75284701526836,99.49104568355332,99.5698833792462,2555.365246627784,-0.0008728113552941563,99.50045686447439,99.38736592351768,0.2624604175249741
2023-09-18 10:50:00,99.5698833792462,99.60170379106333,98.98996021844108,99.06818072501024,3109.410973426021,-0.00503869882346919,99.41400163658156,99.35834908728972,0.29264755039413004
2023-09-19 10:50:00,99.06818072501024,99.1665927569313,98.70921044515136,98.78583858971002,2049.922986917795,-0.0028499779973140127,99.28836902720725,99.30630267841885,0.30128753873204567
2023-09-20 10:50:00,98.78583858971002,98.89211418550724,98.74646553762692,98.81984393444758,1014.1429504955319,0.0003442329915199771,99.19466400865532,99.26207915623964,0.2952513014048189
2023-09-21 10:50:00,98.81984393444758,98.82416876471792,98.77651871178205,98.78449855826989,1546.9910206233092,-0.00035767488361071464,99.11263091857825,99.21866273824239,0.28041998237011867
2023-09-22 10:50:00,98.78449855826989,98.97002598100823,98.76294578268988,98.9227882198881,2230.137729187081,0.0013999125736985363,99.07466237884023,99.19176505475563,0.2660404009486937
2023-09-23 10:50:00,98.9227882198881,99.22931557399802,98.87819608382175,99.21862286150083,5343.394259897842,0.0029905610925071713,99.10345447537236,99.19420667355065,0.27689047225783064
2023-09-24 10:50:00,99.21862286150083,99.24400743268578,99.1132146577,99.17219024048403,3999.0772419127397,-0.00046798292173055867,99.1172016283947,99.19220517963551,0.2723007619413532
2023-09-25 10:50:00,99.17219024048403,99.21064095691986,99.06913119430072,99.15295233256708,2409.7911882564304,-0.00019398490514621614,99.12435176922918,99.18863673899293,0.2544499148141962
2023-09-26 10:50:00,99.15295233256708,99.34838730785795,99.07308128949069,99.28638080404588,3541.751047979383,0.001345683293738631,99.15675757619253,99.19752256308864,0.25424768755185617
2023-09-27 10:50:00,99.28638080404588,99.3444436764418,99.24640761013804,99.33183208396686,2107.9806859410205,0.00045777960232729065,99.1917724777474,99.20973251953211,0.25663048439864056
2023-09-28 10:50:00,99.33183208396686,99.51713840090254,99.23427017448253,99.48727207270015,4984.082930286298,0.001564855751395866,99.25087239673796,99.23496338800193,0.2648247780120891
2023-09-29 10:50:00,99.48727207270015,99.49935479129894,99.31780358197274,99.36275135173696,4893.946629389465,-0.0012516246386994334,99.27324818773776,99.24658047561421,0.2623625583461922
2023-09-30 10:50:00,99.36275135173696,99.38141690370483,99.18122685718855,99.27807161756547,5117.291357214077,-0.0008522281541070154,99.2742128737033,99.24944330670068,0.2423342649976052
2023-10-01 10:50:00,99.27807161756547,99.35668910133951,98.8258888911952,98.9141000574639,2646.241554328752,-0.003666182815311392,99.20219031045544,99.21895755677006,0.26154847059969605
2023-10-02 10:50:00,98.9141000574639,98.93735738309661,98.66290309248457,98.72265486192676,4830.614682884853,-0.0019354692144590846,99.1062832207497,99.17383912996613,0.23745637902753863
2023-10-03 10:50:00,98.72265486192676,98.83014514914804,98.64111984589998,98.76353547210803,3950.173997415637,0.0004140955309441807,99.03773367102137,99.13653879743357,0.21828802127526156
2023-10-04 10:50:00,98.76353547210803,98.86353337491806,98.67170791627709,98.82763648706013,1366.9291833383757,0.0006490352400376764,98.99571423422913,99.1084567692178,0.2215863649010227
2023-10-05 10:50:00,98.82763648706013,98.89072029962274,98.72554668182714,98.78972513730042,2384.5390456493865,-0.00038361081077431525,98.9545164148434,99.07948116631621,0.22998090524814582
2023-10-06 10:50:00,98.78972513730042,98.79596781479768,98.72486945893861,98.76654768448817,1981.7518276715916,-0.0002346140024180876,98.91692266877236,99.0510326679682,0.22026791650105387
2023-10-07 10:50:00,98.76654768448817,99.22600029971007,98.72135612089875,99.16457434830225,4052.2577072193612,0.004029974451325247,98.96645300467834,99.06135463890766,0.23123396568927138
2023-10-08 10:50:00,99.16457434830225,99.33916585147789,99.13935558922633,99.30711188090004,2558.3732574375445,0.0014373835972627536,99.03458477992268,99.08369620636151,0.2361637862082558
2023-10-09 10:50:00,99.30711188090004,99.42440869484331,99.26884204115424,99.40331726369953,7874.131925386437,0.0009687662945516706,99.10833127667806,99.1127526661195,0.23716784985610775
2023-10-10 10:50:00,99.40331726369953,99.55486364071129,99.3516215908256,99.50384963034942,2175.436664056798,0.0010113582666781973,99.18743494741234,99.14830693559495,0.23202042353599545
2023-10-11 10:50:00,99.50384963034942,99.51745889076918,99.28260794501242,99.35532070148086,1883.8364792149655,-0.0014926953019439582,99.22101209822605,99.1671263688573,0.24179291492549534
2023-10-12 10:50:00,99.35532070148086,99.65124718688183,99.28774169597106,99.62126257730729,2186.395620565534,0.002676674726112216,99.30106219404232,99.20841147871639,0.24755271953197827
2023-10-13 10:50:00,99.62126257730729,99.75145054510003,99.57643689202781,99.71865125481357,1669.576664815366,0.0009775892714740664,99.38458000619657,99.25479691290704,0.24708575122812196
2023-10-14 10:50:00,99.71865125481357,100.04242155254337,99.63587867863653,100.03708675794691,4083.9803082464987,0.0031933394518106617,99.51508135654664,99.32591417154703,0.26182523889887627
2023-10-15 10:50:00,100.03708675794691,100.09339478426492,99.69838093641616,99.7776892537558,3844.0631977601943,-0.002593013377316322,99.56760293598848,99.366984633566,0.2521262130206229
2023-10-16 10:50:00,99.7776892537558,100.03084183813621,99.68879038269391,99.97271401847937,4377.68512161069,0.0019545929173363508,99.64862515248666,99.42205094128539,0.25695458193707005
2023-10-17 10:50:00,99.97271401847937,100.35678274204976,99.92675329878669,100.34266972399544,2089.485053663804,0.003700566791131621,99.78743406678842,99.5057435578954,0.2741691633667135
2023-10-18 10:50:00,100.34266972399544,100.88951714245941,100.31318954248674,100.85674566782654,3694.1050668576486,0.005123203770092344,100.00129638699605,99.6285619315255,0.30163360203326306
2023-10-19 10:50:00,100.85674566782654,101.11836218597298,100.79462551987888,101.01809056042286,7035.316323641681,0.0015997431954399843,100.20465522168142,99.75488271597071,0.31295953405458476
2023-10-20 10:50:00,101.01809056042286,101.07454819676629,100.88618137283426,100.89928946176543,4406.1749489358235,-0.0011760378561735951,100.34358206969823,99.85891969286114,0.3213358532026537
2023-10-21 10:50:00,100.89928946176543,101.09749229907753,100.8539225286787,101.03798907122045,5832.706810146595,0.0013746341544613738,100.48246347000268,99.96610781816652,0.30268768117319056
2023-10-22 10:50:00,101.03798907122045,101.0928836390936,100.87751123178467,100.90440150844606,2046.2190718445545,-0.0013221518361794526,100.56685107769137,100.05140724455556,0.30379926296300297
2023-10-23 10:50:00,100.90440150844606,100.98752675069962,100.7487726468473,100.79374707107806,6439.909577837292,-0.001096626467367079,100.6122302763687,100.11889268333033,0.30974122368894946
2023-10-24 10:50:00,100.79374707107806,101.00443954664637,100.73637030448681,100.96882205881106,2169.968523697046,0.001736962786089702,100.68354863285718,100.19615899019222,0.3143717374227971
2023-10-25 10:50:00,100.96882205881106,101.22312174713541,100.87684825956546,101.19493380727478,1618.9742702954125,0.002239421475393799,100.78582566774071,100.28695670083609,0.3223304904094531
2023-10-26 10:50:00,101.19493380727478,101.50605766814407,101.17716882333444,101.41530263459333,2679.607999269877,0.0021776665987869315,100.91172106111124,100.38953360390492,0.3198578728308001
2023-10-27 10:50:00,101.41530263459333,101.78775694799266,101.3816230832254,101.7477226578318,2359.2261741660595,0.0032778093108511985,101.07892138045536,100.51300533608008,0.336366459380446
2023-10-28 10:50:00,101.7477226578318,102.05271169878976,101.67336091570473,101.97840485559178,6165.38230528607,0.0022671976505630465,101.25881807548265,100.6462234742175,0.3344241671788879
2023-10-29 10:50:00,101.97840485559178,102.0638308445958,101.88438368428334,101.91702472981294,3484.0090993756576,-0.0006018933701282814,101.39045940634871,100.76175086108982,0.3190265466405811
2023-10-30 10:50:00,101.91702472981294,102.31523244376032,101.82561423543463,102.21501962546778,4291.284795426023,0.0029238971255767243,101.55537145017253,100.89386620330599,0.32956702898939483
2023-10-31 10:50:00,102.21501962546778,102.24265352567357,101.91035108370855,101.96322972064334,5770.461419983167,-0.0024633356795021877,101.63694310426669,100.99108106851847,0.3225865288966777
2023-11-01 10:50:00,101.96322972064334,101.99095067764343,101.89371029705703,101.91811835163061,7047.012756954075,-0.0004424278157559858,101.69317815373948,101.07535718516502,0.2883660132262297
2023-11-02 10:50:00,101.91811835163061,102.37898935107452,101.85714179748696,102.29619390353422,4235.948764806162,0.0037096009818313735,101.81378130369843,101.1863423413804,0.3025167909043337
2023-11-03 10:50:00,102.29619390353422,102.35523413379764,101.99475238680672,102.09372104472673,3899.034764422028,-0.001979280470575606,101.8697692519041,101.26883131441188,0.31481071397996835
2023-11-04 10:50:00,102.09372104472673,102.12264372193323,101.78461264945683,101.82873091187825,6031.160493078903,-0.002595557592933617,101.86156158389893,101.31973127781791,0.32155794984265135
2023-11-05 10:50:00,101.82873091187825,101.98128439938345,101.79440649443255,101.97692136914849,1285.3562555184621,0.0014552912124425887,101.88463354094885,101.37947583157523,0.31952262824564925
2023-11-06 10:50:00,101.97692136914849,102.04528192724662,101.87618293080017,101.92464433042065,4535.397260562417,-0.0005126359771011613,101.89263569884322,101.42903660419755,0.31454726343094463
2023-11-07 10:50:00,101.92464433042065,102.01207650142885,101.89019239358971,101.92325724918719,2098.511804444185,-1.3608889612215513e-05,101.89876000891202,101.47396575374206,0.3041054681223433
2023-11-08 10:50:00,101.92325724918719,101.950750963661,101.67128591979758,101.732588779422,1686.851220590362,-0.001870706204954109,101.86552576301402,101.49747693789479,0.2993334364290194
2023-11-09 10:50:00,101.732588779422,101.73886431024995,101.64179053196403,101.71879978580778,3998.066815611611,-0.00013554155831152492,101.83618056757278,101.51759719679596,0.28277521739161166
2023-11-10 10:50:00,101.71879978580778,101.83691771889482,101.67079733296663,101.75099207620566,4837.823515677188,0.0003164831915603017,101.81914286929937,101.53881491310594,0.2656313974745359
2023-11-11 10:50:00,101.75099207620566,101.75735309356574,101.45639729297582,101.52539690948848,2998.2154887159,-0.0022171298983328924,101.7603936773372,101.53759509459526,0.2600317558677422
2023-11-12 10:50:00,101.52539690948848,102.17033871256055,101.4682888488224,102.0916051063885,9337.783250826775,0.00557701042434533,101.82663596314747,101.58795964112191,0.2973605203981486
2023-11-13 10:50:00,102.0916051063885,102.19804870756568,102.05110523936438,102.18639001515011,1810.0729112978483,0.0009284299983611799,101.898586773548,101.6423624023972,0.2728837532464062
2023-11-14 10:50:00,102.18639001515011,102.44582760795232,102.11821042473659,102.35727007983542,1266.4363662900944,0.0016722389807484195,101.99032343480549,101.70735400943703,0.2725490919071711
2023-11-15 10:50:00,102.35727007983542,102.59287947979155,102.28827579102587,102.50070088359907,2026.9644602651733,0.0014012761736590384,102.09239892456421,101.77947645254267,0.2873607567771198
2023-11-16 10:50:00,102.50070088359907,102.52457595428513,102.34077967305655,102.36030589242053,2193.3832137093355,-0.0013696978651684955,102.14598031813547,101.8322791288952,0.26321423732290683
2023-11-17 10:50:00,102.36030589242053,102.39610194326099,102.32664804612465,102.33544809867519,2477.1855998202946,-0.00024284602833701818,102.18387387424342,101.87802176251155,0.242426533761866
2023-11-18 10:50:00,102.33544809867519,102.4358179801917,102.09456355373926,102.1800697844948,3007.5659534474967,-0.0015183234848452631,102.1831130562937,101.90548067360093,0.24265677333158311
2023-11-19 10:50:00,102.1800697844948,102.37740541714852,102.1444850856805,102.36067468309706,2837.0659199292695,0.001767515905823469,102.21862538165438,101.9468619471915,0.24594551808280585
2023-11-20 10:50:00,102.36067468309706,102.45034811595217,102.05854593465254,102.0760916755425,6007.402749807379,-0.0027801986303394033,102.190118640432,101.9586101043143,0.26185288842946114
2023-11-21 10:50:00,102.0760916755425,102.11944427084552,101.87026399608425,101.9144995607444,2700.09844245153,-0.0015830554652477291,102.13499482449448,101.95460005489886,0.2709454717810423
2023-11-22 10:50:00,101.9144995607444,102.0056504533593,101.58357161278101,101.6013679238364,3397.586773585723,-0.0030724934946215754,102.02826944436288,101.92248804298409,0.28113217154639003
2023-11-23 10:50:00,101.6013679238364,101.82458940859603,101.51846822598833,101.75848157876037,3218.425270285076,0.0015463734212883828,101.97431187124238,101.90757836441828,0.2960641289979457
2023-11-24 10:50:00,101.75848157876037,101.92424077441324,101.69576743341183,101.84219664550173,3139.9890757950807,0.0008226839221905369,101.94788882609426,101.9016345717895,0.3005179115031749
2023-11-25 10:50:00,101.84219664550173,102.21316119764414,101.81338670476354,102.11698505372094,3200.301220612961,0.0026981783314798946,101.9817080716196,101.92121188832871,0.3075763895239376
2023-11-26 10:50:00,102.11698505372094,102.13726386255672,101.86871309903685,101.96002021190256,3738.9423929045684,-0.0015371080700806727,101.9773704996762,101.92473991774452,0.27661216807977446
2023-11-27 10:50:00,101.96002021190256,102.10125761153499,101.91872305409865,102.05815598092236,1492.2338451779756,0.0009624926399176559,101.99352759592544,101.93686865076069,0.2791543887394202
2023-11-28 10:50:00,102.05815598092236,102.14364601719954,101.7751265853619,101.82728023365677,2162.8610832105437,-0.002262197911049424,101.96027812347171,101.9269060673876,0.2820759779266991
2023-11-29 10:50:00,101.82728023365677,102.02139435485239,101.77699711706367,101.98473571140948,3425.211570341901,0.0015462995514701205,101.96516964105928,101.93216330775323,0.27777551714263027
2023-11-30 10:50:00,101.98473571140948,101.98664484336224,101.87628980053708,101.93919652513885,3112.7983307046507,-0.00044652943357614827,101.9599750178752,101.93280269115192,0.27252971439952894
2023-12-01 10:50:00,101.93919652513885,101.9791449381022,101.89026795632434,101.93486253028435,1512.9725698266293,-4.2515489647176885e-05,101.95495252035703,101.93298994925486,0.2739170775882087
2023-12-02 10:50:00,101.93486253028435,102.0384489086747,101.858474307089,101.98106781003378,3657.1082924277107,0.00045328240606301584,101.96017557829238,101.93736066387112,0.2623970900977274
2023-12-03 10:50:00,101.98106781003378,102.15792677232365,101.8881058573047,102.07678935498537,1243.4334006411007,0.0009386207362516163,101.98349833363098,101.95003599942696,0.26503284606565103
2023-12-04 10:50:00,102.07678935498537,102.3912364865316,102.04568510510727,102.31593384381743,5236.904495369597,0.002342790073465384,102.04998543566828,101.98329943982608,0.26172921750312994
2023-12-05 10:50:00,102.31593384381743,102.41554853596264,102.12922378570248,102.14746838257159,2251.3391858403947,-0.0016465222465056328,102.06948202504894,101.99822388916658,0.2643823943244793
2023-12-06 10:50:00,102.14746838257159,102.25282591029962,102.13791903018003,102.17934948119685,2643.9311264237826,0.00031210855374164126,102.09145551627853,102.01468985207842,0.24244154000600154
2023-12-07 10:50:00,102.17934948119685,102.22244110032268,101.92190731647787,102.00945809019524,2368.65887860215,-0.001662678338276935,102.07505603106188,102.01421423736177,0.24204244009436696
2023-12-08 10:50:00,102.00945809019524,102.33894267025835,101.93124326095693,102.25653098358902,3688.261920218676,0.0024220586798462396,102.11135102156732,102.03624303247334,0.2548443021157963
2023-12-09 10:50:00,102.25653098358902,102.31374064497618,102.18282581211034,102.18550937233071,4687.159611572592,-0.0006945435227966312,102.12618269172,102.0498126997331,0.23564004068617095
2023-12-10 10:50:00,102.18550937233071,102.72418482791599,102.16512100193596,102.62889790710652,3841.2189188790326,0.004339054896328243,102.22672573479731,102.10245680949431,0.2563909737190398
2023-12-11 10:50:00,102.62889790710652,102.72714435831134,102.21328024086155,102.24467231373123,2278.491128862262,-0.0037438343508576777,102.2303150505841,102.11538549169767,0.2800573708628572
2023-12-12 10:50:00,102.24467231373123,102.56450185604395,102.22817996118629,102.47061583963884,1931.0886682079229,0.0022098317769978504,102.27837520839505,102.14767915969232,0.27775754679285874
2023-12-13 10:50:00,102.47061583963884,102.56591133963252,102.06857296893264,102.10397633244833,1904.0883810664457,-0.003577996523064564,102.24349543320571,102.1437061753974,0.2958247705722274
2023-12-14 10:50:00,102.10397633244833,102.32909863198502,102.02872777200184,102.28617797243827,3234.6234740469813,0.0017844715410171297,102.25203194105222,102.15665815694656,0.3093973289406569
2023-12-15 10:50:00,102.28617797243827,102.33294133371807,101.91962346006204,102.01647362120711,1813.1431832214867,-0.0026367624304413084,102.2049202770832,102.14391410824297,0.3325716783605261
2023-12-16 10:50:00,102.01647362120711,102.68926693989422,102.0017141787992,102.68130221562156,1607.7350930654127,0.0065168748812372,102.30019666479087,102.19276757255011,0.3688272611826205
2023-12-17 10:50:00,102.68130221562156,102.75774852824554,102.341590194352,102.40172143090842,2194.724638936657,-0.0027228013151414654,102.32050161801439,102.2117633778554,0.37927993395937726
2023-12-18 10:50:00,102.40172143090842,102.51494005708942,102.38837158832301,102.49699851924636,2923.493821865036,0.0009304246745718281,102.35580099826079,102.23769384525458,0.3636382973409543
2023-12-19 10:50:00,102.49699851924636,102.58067860689604,102.3858010927929,102.42303351000426,3623.1298995777283,-0.0007216309775960328,102.36924750060949,102.25454290568636,0.3571063519011669
2023-12-20 10:50:00,102.42303351000426,102.65437854331418,102.41173478837973,102.55519251029011,3288.8639873662046,0.0012903249958218233,102.40643650254562,102.28187468792306,0.36623041438794246
2023-12-21 10:50:00,102.55519251029011,102.65683098066462,102.22320024285058,102.22711815601042,3198.213736081845,-0.003199002861281497,102.37057283323858,102.27689682138555,0.37573733967145884
2023-12-22 10:50:00,102.22711815601042,102.29487608183787,101.60925057844419,101.64093273551049,3469.968010276993,-0.005734147954805313,102.22464481369298,102.21908190448781,0.39558920353519206
2023-12-23 10:50:00,101.64093273551049,101.66113488688659,101.37896274627319,101.39160201207427,2577.297193114525,-0.0024530542639256137,102.05803625336924,102.14385645972294,0.40639329694573184
2023-12-24 10:50:00,101.39160201207427,101.52140738295071,101.3602102753747,101.5066752936363,2054.8553568130683,0.0011349389819121924,101.94776406142266,102.08593089916961,0.3779742456311591
2023-12-25 10:50:00,101.5066752936363,101.58472114457506,101.34292037015803,101.40649578976502,1193.9871084096444,-0.0009869252793620609,101.83951040709114,102.02416407104192,0.35854114970024803
2023-12-26 10:50:00,101.40649578976502,101.48464320464403,101.06425433431232,101.10996391000577,5704.319552772159,-0.00292419018574519,101.69360110767407,101.94105496549318,0.3645459336626798
2023-12-27 10:50:00,101.10996391000577,101.19796035159693,101.07500670727427,101.09834683526746,5103.561608689721,-0.00011489544936094109,101.57455025319275,101.86444513547266,0.3378041674928787
2023-12-28 10:50:00,101.09834683526746,101.18162337832149,100.9529120145337,100.96753797745784,6324.731668232469,-0.001293877317526948,101.45314779804578,101.78290812110768,0.33268563205035157
2023-12-29 10:50:00,100.96753797745784,101.03262930666433,100.9100030015434,100.93362688457796,3221.6945027002166,-0.0003358613427559831,101.34924361535222,101.70570073596862,0.31192194858355904
2023-12-30 10:50:00,100.93362688457796,101.10210507543462,100.93071230546579,101.08282107981886,4225.58691465853,0.0014781416248075274,101.29595910824555,101.64907531268227,0.2750533777888314
2023-12-31 10:50:00,101.08282107981886,101.39949934215332,101.0469750650352,101.38791520371173,2452.04773161474,0.0030182588953662215,101.3143503273388,101.62533348459404,0.270508088019158
2024-01-01 10:50:00,101.38791520371173,101.45489893701338,101.19659342947172,101.24217978077303,9755.374623565292,-0.0014374042768892092,101.29991621802566,101.59050132970121,0.27991787650310485
2024-01-02 10:50:00,101.24217978077303,101.30701814228178,101.08132470067916,101.17198817012003,3044.3713956164265,-0.0006933040241230426,101.27433060844454,101.55245467883019,0.28211901418163876
2024-01-03 10:50:00,101.17198817012003,101.44564301371206,101.1500095764218,101.41121415872834,1463.3497987634007,0.002364547667147221,101.30170731850131,101.5396146315482,0.2859039914927684
2024-01-04 10:50:00,101.41121415872834,101.47556573596792,101.01048312683072,101.08539665450324,6670.3777709923,-0.0032128350590018284,101.2584451857017,101.49832208818047,0.2881505537301367
2024-01-05 10:50:00,101.08539665450324,101.20979573226498,101.02744569701572,101.16894157378272,9157.326948251273,0.0008264786214868813,101.24054446331792,101.4683784050534,0.25220230600553506
2024-01-06 10:50:00,101.16894157378272,101.35516586150041,101.0998184915978,101.30212797411482,4115.202849109854,0.0013164751776608696,101.2528611654773,101.45326472951352,0.2502862509547644
2024-01-07 10:50:00,101.30212797411482,101.53443107161925,101.28459855465678,101.45024926980798,5011.87004465316,0.001462173585642823,101.29233878634344,101.45299059681301,0.25661735162522553
2024-01-08 10:50:00,101.45024926980798,101.64667795755621,101.40456136669474,101.58173947189219,7911.329155332839,0.0012961052637190384,101.3502189234532,101.46469504000203,0.2566399099426856
2024-01-09 10:50:00,101.58173947189219,101.68308247102351,101.504879987095,101.55565262096921,2150.8564633622354,-0.0002568064994614705,101.39130566295641,101.47296391099904,0.2393408823424577
2024-01-10 10:50:00,101.55565262096921,101.62737762436568,101.14285333085155,101.24121396665358,3693.328995605072,-0.0030962201138049483,101.36128732369585,101.45189573424037,0.26516735728470514
2024-01-11 10:50:00,101.24121396665358,101.28931483459978,101.0603100919866,101.12408904159315,3397.2668854829803,-0.001156889773160974,101.31384766727531,101.42209512581789,0.2651883129150901
2024-01-12 10:50:00,101.12408904159315,101.36007954856908,101.11807974872337,101.27256864336096,3342.7723884936877,0.0014682911181205238,101.30559186249245,101.4085018092309,0.2737149911097165
2024-01-13 10:50:00,101.27256864336096,101.46891619499135,101.23689837050115,101.42714217306934,1378.6592090868407,0.0015263119300619188,101.32990192460784,101.41019638776166,0.27804535214695697
2024-01-14 10:50:00,101.42714217306934,101.44161706394581,101.39082427604941,101.42239394878982,3935.6007487581182,-4.681413848195426e-05,101.34840032944425,101.41130525694604,0.2564931029168339
2024-01-15 10:50:00,101.42239394878982,101.45879116793989,101.04225833149324,101.11957214893803,5232.962987553188,-0.0029857488870227433,101.30263469334301,101.38478406530895,0.2677950549814757
2024-01-16 10:50:00,101.11957214893803,101.14072974156474,100.85574985460026,100.8601475961511,2435.8759801107717,-0.002565522650796348,101.21413727390464,101.33708984084005,0.27202980107875163
2024-01-17 10:50:00,100.8601475961511,100.94397659482291,100.5939349390209,100.62229616639004,2623.4072286662795,-0.002358230038621567,101.09576905240172,101.27210859770823,0.2759161024010197
2024-01-18 10:50:00,100.62229616639004,100.77201962741493,100.56653958959231,100.76878727655418,3947.5702815670857,0.0014558513942266593,101.03037269723222,101.22635211396694,0.2573730615928359
2024-01-19 10:50:00,100.76878727655418,101.10581189111545,100.69605443928128,101.07335345994133,2535.7747109287243,0.0030224258088100697,101.03896884977405,101.21244314541916,0.27361644849175804
2024-01-20 10:50:00,101.07335345994133,101.07740016284447,100.95796676020643,101.0062454893122,2370.4126770642447,-0.0006639531422663048,101.03242417768169,101.19369790395488,0.2639083079728601
2024-01-21 10:50:00,101.0062454893122,101.11233589494935,100.99496677239999,101.03583920674009,3097.3771704589817,0.0002929889858247492,101.03310718349337,101.17934711329899,0.2544466369433524
2024-01-22 10:50:00,101.03583920674009,101.11644272762234,100.98518760811413,101.02219596454725,1729.138491925183,-0.0001350336900248772,101.03092493970415,101.16506064523064,0.2465279604181195
2024-01-23 10:50:00,101.02219596454725,101.1654541901819,101.01748678645252,101.08071120705186,5183.742872117917,0.0005792315435821926,101.0408821931737,101.15739251448711,0.2443683118324671
2024-01-24 10:50:00,101.08071120705186,101.1498035515244,100.93409449222203,101.02619078521053,1783.8205594002718,-0.0005393751309253902,101.03794391158107,101.14546508455288,0.2251672236744844
2024-01-25 10:50:00,101.02619078521053,101.07269451014001,100.5772575799492,100.60563593830753,6601.861618422246,-0.004162829892271569,100.95148231692636,101.09638970762148,0.24419809421574307
2024-01-26 10:50:00,100.60563593830753,100.82825387173001,100.58903469374468,100.74012961666799,1507.2924686293636,0.0013368403977180865,100.90921177687468,101.0640024266257,0.24399947836857397
2024-01-27 10:50:00,100.74012961666799,100.83312466164416,100.55633468165142,100.62581737766499,2181.0441150415368,-0.0011347239619203808,100.85253289703276,101.02416742217473,0.24719748947589842
2024-01-28 10:50:00,100.62581737766499,100.68965963182919,100.48634620429387,100.5703087521677,1293.2675919039625,-0.0005516340333311387,100.79608806805976,100.98290754308317,0.2580918208786786
2024-01-29 10:50:00,100.5703087521677,101.02665220644815,100.56490216504511,100.93157217139645,3103.515734620616,0.0035921478586586897,100.8231848887271,100.97824069111165,0.26132162123270625
2024-01-30 10:50:00,100.93157217139645,101.30437462797916,100.8477732954148,101.24514393008258,3017.345211514418,0.0031067757287446263,100.9075766969982,101.00250462192719,0.2735802959184121
2024-01-31 10:50:00,101.24514393008258,101.3258012124225,101.23272751288582,101.25772299177207,2686.027685142165,0.00012424360518648037,100.97760595595298,101.02570629191308,0.2552254418994601
2024-02-01 10:50:00,101.25772299177207,101.31214542722437,100.99984945597495,101.05959497241727,2791.020139171977,-0.0019566706963269898,100.99400375924584,101.02878708104983,0.262855151429945
2024-02-02 10:50:00,101.05959497241727,101.08232955603486,100.71312472216651,100.7946879963305,4887.876206586354,-0.0026212946544964533,100.95414060666278,101.00750534607533,0.25995853586095813
2024-02-03 10:50:00,100.7946879963305,100.8327051917265,100.74137177561514,100.78537495702138,5804.726102071118,-9.239613212019826e-05,100.9203874767345,100.98731167434315,0.25795139396619604
2024-02-04 10:50:00,100.78537495702138,100.86235170494776,100.70142355330819,100.72108311534176,1734.190801224893,-0.0006379084436312077,100.88052660445597,100.96310907807029,0.2610627531869249
2024-02-05 10:50:00,100.72108311534176,100.97642857524633,100.67208642781091,100.8855849527552,2493.9781297497047,0.0016332413465516282,100.88153827411583,100.95606143031436,0.27342611232458275
2024-02-06 10:50:00,100.8855849527552,101.06570217720942,100.83175741575768,101.02263670530911,2025.190785725452,0.0013584869693534785,100.90975796035448,100.96211372804116,0.27956735216189393
2024-02-07 10:50:00,101.02263670530911,101.06305671700875,100.80930416871495,100.85055964369529,2648.9780229144512,-0.001703351518291707,100.89791829702266,100.95197244764609,0.28228474423271066
2024-02-08 10:50:00,100.85055964369529,100.97172072112956,100.75131307368447,100.90959180304084,2166.341399476131,0.0005853429029458734,100.90025299822629,100.94811966177288,0.2626397954651592
2024-02-09 10:50:00,100.90959180304084,100.95548877894011,100.61678119950095,100.65746604250285,6169.222301797047,-0.0024985311706552382,100.85169560708161,100.9216966054756,0.2697461098547182
2024-02-10 10:50:00,100.65746604250285,100.9675874276497,100.58298931138697,100.95148579123176,3871.9828772998217,0.0029209929505353838,100.87165364391164,100.92440471327161,0.27744669101686065
2024-02-11 10:50:00,100.95148579123176,100.9835872073879,100.6951883392714,100.71068654283437,3777.133594813714,-0.0023852967245610035,100.8394602236962,100.9049757886864,0.2835242224869451
2024-02-12 10:50:00,100.71068654283437,100.7977201249097,100.50152093170907,100.54267979337097,5002.194166873939,-0.001668211738303893,100.78010413763116,100.87203978911226,0.2716991619010593
2024-02-13 10:50:00,100.54267979337097,100.61829828686515,100.37721846750873,100.40069018101951,3261.059777006892,-0.0014122322245961882,100.70422134630884,100.8291898247402,0.25630476810049274
2024-02-14 10:50:00,100.40069018101951,100.49494146972316,100.25239857201053,100.2592141301324,2068.081490473829,-0.0014091143261268924,100.61521990307357,100.77737385250312,0.2669811393987739
2024-02-15 10:50:00,100.2592141301324,100.26817868381895,99.99106963528162,100.09045971586066,3804.7222491882635,-0.0016831810994718532,100.510267865631,100.71492711280834,0.26446778777648206
2024-02-16 10:50:00,100.09045971586066,100.11784529980969,99.97067440549489,100.06837318065504,2341.4965247072437,-0.00022066573845613835,100.42188892863581,100.65614948261258,0.24860822066551386
2024-02-17 10:50:00,100.06837318065504,100.40543140115093,99.97485705904755,100.34985062661603,3103.6055737423403,0.0028128512237610703,100.40748126823186,100.62830413206743,0.2728397153792293
2024-02-18 10:50:00,100.34985062661603,100.35012488075631,100.03556930604489,100.12216742954243,3667.2082652589233,-0.002268894230054941,100.35041850049399,100.58229170456515,0.2838131027415045
2024-02-19 10:50:00,100.12216742954243,100.38934992799716,100.12043448575132,100.34832936761846,4479.216805502352,0.0022588597898181018,100.35000067391888,100.56102240120636,0.28128262379939173
2024-02-20 10:50:00,100.34832936761846,100.38308762667023,99.98357017670861,100.05133889276085,6036.0916690990525,-0.0029595956079110364,100.29026831768728,100.51468753680221,0.2931092444072405
2024-02-21 10:50:00,100.05133889276085,100.08528649497731,99.82107577455638,99.87492945702337,3844.823014919406,-0.0017631891555850432,100.2072005455545,100.45652771136777,0.2938562567020355
2024-02-22 10:50:00,99.87492945702337,99.96986765401161,99.86485410259007,99.91339627602692,9617.298309219344,0.0003851498991054303,100.14843969164899,100.40715212633678,0.2856138212717819
2024-02-23 10:50:00,99.91339627602692,100.13283936072379,99.90036261481596,100.10792835298122,1649.7740050601717,0.0019470069500677756,100.14033742391544,100.37994996512263,0.2780259045909728
2024-02-24 10:50:00,100.10792835298122,100.12233629195303,99.90162848624526,99.94607729114054,3005.6191760507977,-0.0016167656698478083,100.10148539736046,100.34050699476063,0.26631945383704697
2024-02-25 10:50:00,99.94607729114054,100.0048451156759,99.72345200982909,99.74277678464098,6150.759307379134,-0.002034101907845254,100.02974367481657,100.28616788474974,0.2658190422463552
2024-02-26 10:50:00,99.74277678464098,99.88313430267813,99.69160314122576,99.8790398771237,3555.468432524581,0.0013661449668374015,99.999602915278,100.24915624769282,0.25834275426433656
2024-02-27 10:50:00,99.8790398771237,99.93117517747125,99.78528975304249,99.9132821192019,2922.195132402203,0.00034283711697979946,99.98233875606279,100.21862223601183,0.25154315462664556
2024-02-28 10:50:00,99.9132821192019,100.07413624116646,99.82507285249169,100.01619337222456,1733.3502263264722,0.0010300057293672893,99.98910967929515,100.20021961203116,0.25200890398108455
2024-02-29 10:50:00,100.01619337222456,100.07532390700808,99.60126310467736,99.61749246544689,2365.6373285523737,-0.0039863635410903875,99.9147862365255,100.14724441688713,0.2660768863948988
2024-03-01 10:50:00,99.61749246544689,99.74510943792416,99.61580574021836,99.7335971550786,3687.6725560747195,0.001165505040914283,99.87854842023613,100.10964012035909,0.26480065806568426
2024-03-02 10:50:00,99.7335971550786,99.80287424567078,98.7661090154977,98.85895299512435,3062.9494588463467,-0.00876980460851351,99.67462933521378,99.99594129079229,0.30810000721351927
2024-03-03 10:50:00,98.85895299512435,98.93316987413283,98.59548651792947,98.66484917586322,2280.8415797524844,-0.001963441988614867,99.47267330334367,99.87493291670782,0.30975199160580047
2024-03-04 10:50:00,98.66484917586322,99.05277838960761,98.62429869867601,99.00863349165057,2554.1144747899234,0.003484364681636265,99.37986534100506,99.7961784235208,0.3211494379404972
2024-03-05 10:50:00,99.00863349165057,99.29235931176802,98.98251107873318,99.25619749735391,2426.178507055418,0.002500428467424598,99.35513177227483,99.74708924841472,0.31474449387429865
2024-03-06 10:50:00,99.25619749735391,99.29554389633684,99.05901784839654,99.08272296187458,1131.1898450176266,-0.0017477451267862154,99.30065001019479,99.6866923132747,0.3127670172685392
2024-03-07 10:50:00,99.08272296187458,99.4997116734999,99.06979538526339,99.45924509284681,2199.4746833403015,0.003800078557763431,99.3323690267252,99.6660152932358,0.3359743556124662
2024-03-08 10:50:00,99.45924509284681,99.55819689375231,99.40584558777651,99.43510730073565,5140.482122422707,-0.0002426902807137754,99.3529166815273,99.64502365755396,0.33025110990303524
2024-03-09 10:50:00,99.43510730073565,99.62764094758201,99.42747666648712,99.60899505799989,5666.942695947934,0.001748756168566512,99.40413235682183,99.64174833032178,0.32878371528782885
2024-03-10 10:50:00,99.60899505799989,99.6927567690627,99.439791018588,99.5217632181513,4845.130410852194,-0.0008757425953127562,99.42765852908774,99.63084059285173,0.32675318990410623
2024-03-11 10:50:00,99.5217632181513,99.53190291544064,99.14171750023178,99.2405207991227,3175.7258602016095,-0.002825938869391975,99.39023098309474,99.59535697524,0.34094277945814105
2024-03-12 10:50:00,99.2405207991227,99.38665332192369,99.2207895369923,99.35113978512251,3015.782457005613,0.001114655436197376,99.3824127435003,99.57315541250203,0.34236980520832916
2024-03-13 10:50:00,99.35113978512251,99.39872599443595,99.33168165735479,99.3392466381501,2863.1732094859985,-0.00011970820866402665,99.37377952243027,99.55189097847004,0.32936844438021395
2024-03-14 10:50:00,99.3392466381501,99.35793502782145,99.13275052478238,99.21933604265715,3597.4415779862684,-0.001207081788426878,99.34289082647565,99.52165871157796,0.31159156585938164
2024-03-15 10:50:00,99.21933604265715,99.60318112210959,99.17346709678611,99.56802969947755,3280.581722486998,0.0035143720037642545,99.38791860107604,99.52587425593246,0.3330494464035019
2024-03-16 10:50:00,99.56802969947755,99.60831122656946,99.46069789819302,99.49906363648252,3311.417076628881,-0.0006926526838302305,99.41014760815735,99.52343692689156,0.2695385962751707
2024-03-17 10:50:00,99.49906363648252,99.51317693052879,99.34882471319932,99.44123045263449,1438.1523399216635,-0.0005812434985250636,99.41636417705278,99.51596361105001,0.25715780064132127
2024-03-18 10:50:00,99.44123045263449,99.45641267260916,99.38708798387052,99.38922296160686,3098.4114065725457,-0.0005229972596969557,99.4109359339636,99.5044417338279,0.23150387191325347
2024-03-19 10:50:00,99.38922296160686,99.41295552318516,99.38443356785464,99.40798721414833,2900.215964538657,0.00018879564586926634,99.41034619000055,99.49567314112976,0.2114091377915161
2024-03-20 10:50:00,99.40798721414833,99.78326243693854,99.31498308497369,99.68393177813017,2621.726594904604,0.0027758791995997623,99.46506330762648,99.51278756267524,0.22796294522184116
2024-03-21 10:50:00,99.68393177813017,99.8649068611958,99.6624801445043,99.86181254776388,4150.888253461696,0.0017844477686697058,99.54441315565397,99.54451710677421,0.2117136901114835
2024-03-22 10:50:00,99.86181254776388,100.19345977709233,99.77342515395887,100.15384278100039,2366.882831816804,0.002924343408015284,99.66629908072326,99.59991034988568,0.23083392705131647
2024-03-23 10:50:00,100.15384278100039,100.32477407282596,100.07548540943169,100.2487192969113,2740.9228209410985,0.0009473077944535113,99.78278312396088,99.65889298143345,0.23434281150127237
2024-03-24 10:50:00,100.2487192969113,100.26969613638694,99.93038305915502,100.02901659605703,1426.8517221122747,-0.002191576135786466,99.83202981838012,99.69254058276287,0.24051047769821668
2024-03-25 10:50:00,100.02901659605703,100.09925992129043,99.71005242461702,99.80106366220477,4479.567962350658,-0.0022788680885746926,99.82583658714506,99.70240631725758,0.24044062637425562
2024-03-26 10:50:00,99.80106366220477,100.06230226653884,99.71016755281482,99.99208576425343,3788.7456387970433,0.0019140287191248273,99.85908642256675,99.72874081243903,0.25374569271658587
2024-03-27 10:50:00,99.99208576425343,100.14968377167091,99.94034351384262,100.1430762673776,1762.4614332535855,0.0015100245381434174,99.91588439152892,99.7664076719789,0.26390968705566664
2024-03-28 10:50:00,100.1430762673776,100.18789174113547,99.77215145355393,99.85801086042609,3715.202916560436,-0.0028465812872613405,99.90430968530836,99.774735234565,0.2775208145229858
2024-03-29 10:50:00,99.85801086042609,100.37164686682196,99.78890372940853,100.2858727659738,3851.8101600388122,0.00428470286821292,99.98062230144146,99.82120228287489,0.2884514653865539
2024-03-30 10:50:00,100.2858727659738,100.61282554895905,100.24027445742983,100.61141266867892,3371.3063017947766,0.0032461192561468177,100.10678037488896,99.89303959067526,0.30451844846889536
2024-03-31 10:50:00,100.61141266867892,100.84369407519304,100.5691618453986,100.75675607279548,2623.6749873955973,0.0014446015641902399,100.23677551447027,99.971559270868,0.3123884493592511
2024-04-01 10:50:00,100.75675607279548,101.05934080758325,100.74349248201061,100.96851817794243,6847.7054428591655,0.0021017161865943823,100.3831240471647,100.06219189878385,0.3299972805616796
2024-04-02 10:50:00,100.96851817794243,101.36243616986997,100.89770957225006,101.33997722814306,4270.905465615964,0.003678959114225888,100.57449468336038,100.17835420145286,0.3611547550109212
2024-04-03 10:50:00,101.33997722814306,101.34353953253154,101.27282666597478,101.33815793490828,3760.127843839075,-1.795237461599264e-05,100.72722733366997,100.28379090449427,0.3327571489103432
2024-04-04 10:50:00,101.33815793490828,101.76001470273063,101.24736023253114,101.70978670773113,4090.4149315453005,0.003667214605001412,100.9237392084822,100.4134268866067,0.35491627416091376
2024-04-05 10:50:00,101.70978670773113,102.1650480482163,101.63294109450729,102.1208546979631,2501.1657639992477,0.00404157754664447,101.16316230637838,100.56864759673,0.36292144063059645
2024-04-06 10:50:00,102.1208546979631,102.21416412307644,101.94092377795732,102.01578292427658,1857.9799690003754,-0.001028896340490748,101.33368642995802,100.7002053537797,0.3646322750395145
2024-04-07 10:50:00,102.01578292427658,102.10408243565627,101.89647606574592,101.90300126789865,3005.392711744246,-0.001105531449595909,101.44754939754615,100.80955043688141,0.3552246530879738
2024-04-08 10:50:00,101.90300126789865,102.14834949976903,101.8911874831872,102.14452244818197,3303.6958574359955,0.0023701086060103904,101.58694400767332,100.93091152881782,0.3457928330814326
2024-04-09 10:50:00,102.14452244818197,102.35846692911304,102.12341647405445,102.27948324901928,2264.292703778588,0.0013212730120284455,101.72545185594252,101.05350895792704,0.33742967174818767
2024-04-10 10:50:00,102.27948324901928,102.45310559423679,102.18940767587279,102.44317291868947,7637.157460366581,0.001600415493610452,101.86899606849192,101.17984204526907,0.341312361786453
2024-04-11 10:50:00,102.44317291868947,102.49240504975305,102.35835689640824,102.3609068893981,1308.5569703867777,-0.0008030406219130537,101.96737823267317,101.28721157655352,0.3211914950552576
2024-04-12 10:50:00,102.3609068893981,102.4588644516275,102.12723626508492,102.14891682023688,2843.6988761050443,-0.002071006164397038,102.00368595018591,101.36554841688836,0.30325471285019745
2024-04-13 10:50:00,102.14891682023688,102.30611401973401,102.0651981742919,102.25820103853334,2289.648062342213,0.0010698519543657081,102.05458896785541,101.44669865521972,0.2938521952725474
2024-04-14 10:50:00,102.25820103853334,102.34696997310023,102.0108790083702,102.01504636698373,1054.0625640656015,-0.002377850080288346,102.04668044768108,101.49836662901645,0.29824924776794653
2024-04-15 10:50:00,102.01504636698373,102.15413612296405,101.91726906791367,102.11465740933285,2351.9614008296303,0.0009764348093397324,102.06027584001144,101.55439306359067,0.2926077284449278
2024-04-16 10:50:00,102.11465740933285,102.7987841475176,102.08778153809413,102.71813408914421,2990.810153234373,0.00590979488274912,102.191847489838,101.66018770227736,0.310198872145182
2024-04-17 10:50:00,102.71813408914421,102.78433628653829,102.44451525745927,102.51404232204082,4353.575703366743,-0.001986910772018846,102.25628645627857,101.73781084952857,0.3294208837539147
2024-04-18 10:50:00,102.51404232204082,102.98807076906905,102.48943887678136,102.9002253512576,1862.3039228795792,0.0037671232200913174,102.38507423527439,101.84348489514029,0.3284192710459288
2024-04-19 10:50:00,102.9002253512576,102.9665878193614,102.66694410927123,102.73211612240381,3404.497691032966,-0.0016337109882892387,102.45448261270028,101.92426955216425,0.3118147536445822
2024-04-20 10:50:00,102.73211612240381,103.00858224912061,102.72170092509708,102.99314587579431,11390.028883526324,0.0025408778018305433,102.56221526531908,102.02144012703971,0.31278910928061116
2024-04-21 10:50:00,102.99314587579431,103.08893546801127,102.85447777415814,102.93361259229748,3730.9531168895023,-0.0005780315087047239,102.63649473071477,102.1043648966086,0.31470706099080964
2024-04-22 10:50:00,102.93361259229748,103.24565364180808,102.85456461961604,103.16596894980188,3549.228314405713,0.002257341908563193,102.7423895745322,102.20087435598981,0.3242732756772528
2024-04-23 10:50:00,103.16596894980188,103.22650505636119,102.93033756113984,102.99571661275083,3817.3044063114417,-0.0016502761403219823,102.79305498217593,102.27313274296809,0.3286387785460221
2024-04-24 10:50:00,102.99571661275083,103.0360889832438,102.717776891447,102.79445624357922,5101.766346832093,-0.001954065429034424,102.79333523445659,102.3205257884782,0.3325397909340789
2024-04-25 10:50:00,102.79445624357922,103.07167924293046,102.69652075951228,103.04934542541815,2781.8271750025738,0.002479600468287435,102.8445372726489,102.3867821191091,0.349761957367891
2024-04-26 10:50:00,103.04934542541815,103.14962316345706,102.92698793115798,103.0268982962162,9795.709929225726,-0.00021782893534438852,102.88100947736237,102.44497449884611,0.3419767463504978
2024-04-27 10:50:00,103.0268982962162,103.30333890403055,102.96817876716673,103.21708216980427,2419.049152392584,0.0018459633040806,102.94822401585076,102.51516610529684,0.34870848145204797
2024-04-28 10:50:00,103.21708216980427,103.26627168535259,103.03782131539907,103.09075523583347,2358.343204575757,-0.0012238956121911615,102.9767302598473,102.56749238989107,0.34101986753943997
2024-04-29 10:50:00,103.09075523583347,103.13342785844313,102.83427132136343,102.93507166014206,4749.208712113606,-0.0015101603954230658,102.96839853990626,102.60090868718662,0.34546911625581955
2024-04-30 10:50:00,102.93507166014206,102.93752889843549,102.85883506675688,102.93521119380134,2157.0999115858567,1.355550222292834e-06,102.96176107068528,102.63129982415158,0.30030420355975856
2024-05-01 10:50:00,102.93521119380134,103.22268672239011,102.90632990439808,103.19700499422785,2082.9744188152135,0.0025432871550010727,103.0088098553938,102.68272756688579,0.29862818848211653
2024-05-02 10:50:00,103.19700499422785,103.64977919854064,103.14836131585253,103.58141652226153,2625.6294789936424,0.0037250260126753254,103.12333118876735,102.76442656282903,0.2988271877964327
2024-05-03 10:50:00,103.58141652226153,103.58858033705485,103.3783101625832,103.38226535345913,1521.333650469357,-0.0019226534593644873,103.17511802170571,102.82059372561358,0.29244336382368125
2024-05-04 10:50:00,103.38226535345913,103.54068421667834,103.33195551330807,103.45060564063233,3325.968964560324,0.0006610445896069184,103.23021554549105,102.87786753606983,0.28686103377702005
2024-05-05 10:50:00,103.45060564063233,103.5309314359705,103.249832998493,103.25203573738324,4453.103150947122,-0.0019194658360811578,103.23457958386949,102.91188282709832,0.2901925154644748
2024-05-06 10:50:00,103.25203573738324,103.30692119403747,103.0117069749068,103.0997557177559,2157.999927678193,-0.0014748379394151634,103.20761481064677,102.92896218079447,0.28334431524580594
2024-05-07 10:50:00,103.0997557177559,103.3416126454391,103.06604061770751,103.27814146449035,2395.4533297205526,0.0017302247274260107,103.2217201414155,102.96070575203954,0.2818732104251081
2024-05-08 10:50:00,103.27814146449035,103.39140701938771,103.24042064633666,103.37836987026074,6649.778816390458,0.0009704706567057464,103.25305008718456,102.99867521733238,0.2699213733718407
2024-05-09 10:50:00,103.37836987026074,103.46001415929331,103.11876926634974,103.21347185243224,3814.578798780674,-0.0015950920684418834,103.2451344402341,103.01820218415963,0.2674989740522256
2024-05-10 10:50:00,103.21347185243224,103.31447968472662,102.56982366015939,102.65682142431287,5832.1274222889,-0.0053931954630421775,103.12747183704985,102.98534938780992,0.3047861734999507
2024-05-11 10:50:00,102.65682142431287,102.77638491944454,102.60991686609034,102.68519759173039,4688.253039540659,0.00027641774821995924,103.03901698798596,102.95806286089359,0.2927367389635488
2024-05-12 10:50:00,102.68519759173039,102.77404446782491,102.60462352840355,102.64421441153459,6120.012208052682,-0.00039911478145804313,102.9600564726957,102.92953118367913,0.2885203510683943
2024-05-13 10:50:00,102.64421441153459,102.71720339030354,102.39816773263045,102.48595592797878,2234.03513378779,-0.0015418159168845147,102.86523636375232,102.88920616043364,0.2899402882536362
2024-05-14 10:50:00,102.48595592797878,102.51772328749917,102.22162398751034,102.24769087079714,4120.896605707042,-0.0023248556841199974,102.74172726516129,102.83088658864851,0.3054692502757947
2024-05-15 10:50:00,102.24769087079714,102.58935943208019,102.20689312939835,102.54721013584636,2348.3385345629194,0.0029293499197717843,102.7028238392983,102.80509782021196,0.3101913563250664
2024-05-16 10:50:00,102.54721013584636,102.65551210182993,102.48693266048919,102.61076868668046,4697.828218554903,0.0006197979520836672,102.68441280877474,102.78743153534545,0.2864171819431109
2024-05-17 10:50:00,102.61076868668046,102.68834633213815,102.56886427057431,102.63218033165407,2060.3204492515974,0.00020866859538881677,102.67396631335062,102.77331778955532,0.27993231673541075
2024-05-18 10:50:00,102.63218033165407,102.66513020385099,102.287003778741,102.32692459554255,3658.5341993739935,-0.0029742692313959873,102.60455796978901,102.7327365900996,0.29203215400253413
2024-05-19 10:50:00,102.32692459554255,102.64269175596823,102.24956951406197,102.58860747861308,3990.439914524206,0.002557321878917662,102.60136787155383,102.71963394360083,0.300033854318874
2024-05-20 10:50:00,102.58860747861308,102.83828402190842,102.55874357364544,102.79458765807925,5966.930952482236,0.0020078270339043414,102.64001182885892,102.72644791764432,0.298914299256896
2024-05-21 10:50:00,102.79458765807925,102.82688063981641,102.5376084559425,102.55906222954326,4142.722825065553,-0.0022912240216323987,102.6238219089958,102.71123103690786,0.29989288183849033
2024-05-22 10:50:00,102.55906222954326,102.99107454399987,102.52911043258378,102.90896507425269,996.154785078326,0.0034117203989862954,102.68085054204718,102.72920685848466,0.32210557743599316
2024-05-23 10:50:00,102.90896507425269,102.93402574500242,102.8879109223416,102.92492050796034,1366.1649545942905,0.00015504415670819505,102.72966453522982,102.74699900843699,0.30102485813008223
2024-05-24 10:50:00,102.92492050796034,102.97868167345996,102.8830490942418,102.92522066653088,2228.1347368981533,2.91628663950938e-06,102.76877576149003,102.76320097735461,0.25466604060514847
2024-05-25 10:50:00,102.92522066653088,102.96958210619722,102.75686311561789,102.78638501395669,2451.8489492930257,-0.0013488982746415745,102.77229761198338,102.7653086170457,0.2579696789783727
2024-05-26 10:50:00,102.78638501395669,102.80401298120175,102.17582988846345,102.21816414386228,4352.88524077531,-0.005528172530021913,102.66147091835916,102.71556821039266,0.29073840421529695
2024-05-27 10:50:00,102.21816414386228,102.55900026985853,102.16931800912167,102.52732400900622,2489.075479570687,0.0030245100538963676,102.63464153648857,102.69845510117571,0.295784590148424
2024-05-28 10:50:00,102.52732400900622,102.6733770862063,102.47523094294338,102.64734937620818,3197.4024569551043,0.0011706671208098207,102.6371831044325,102.69380912617866,0.28878793609657344
2024-05-29 10:50:00,102.64734937620818,102.7143573330544,102.47207814395964,102.47812029570889,1593.8485809146198,-0.0016486454012470952,102.60537054268778,102.6742010506814,0.27877457084035384
2024-05-30 10:50:00,102.47812029570889,102.48802747620266,102.17035647510846,102.18241477295742,4410.934611712739,-0.0028855478798615053,102.52077938874172,102.62949320725195,0.2894239679656008
2024-05-31 10:50:00,102.18241477295742,102.26600743639663,101.94267864807307,102.03621447250796,1954.7979360467036,-0.0014307775048603144,102.42386640549498,102.57555877682069,0.3039844484484381
2024-06-01 10:50:00,102.03621447250796,102.07745019872945,101.85834841490389,101.95939470173288,816.4845702461813,-0.0007528677065512523,102.33097206474257,102.51954386090361,0.29262554549955005
2024-06-02 10:50:00,101.95939470173288,102.22753908401303,101.89940613262519,102.2063653639683,1503.142296393681,0.0024222452767388436,102.30605072458772,102.49107308845494,0.2879834533196635
2024-06-03 10:50:00,102.2063653639683,102.52794597778896,102.15280217432377,102.44038743778032,4716.25521700677,0.0022897015560492395,102.33291806722625,102.48646530202997,0.294812264405536
2024-06-04 10:50:00,102.44038743778032,102.4705813817618,102.26266348898054,102.34802618988729,2514.1115567787697,-0.0009016097088574426,102.33593969175847,102.47387992819881,0.28900124361320473
2024-06-05 10:50:00,102.34802618988729,102.416016671112,102.20437586636757,102.23962374631054,1526.14614807045,-0.0010591551944111322,102.31667650266888,102.45258391166351,0.2711210074223719
2024-06-06 10:50:00,102.23962374631054,102.28956445665708,101.9955386491449,102.00819746735536,4878.453338297846,-0.002263567396623367,102.25498069560618,102.41218514399912,0.28882893491175465
2024-06-07 10:50:00,102.00819746735536,102.0923983131489,101.93758035712483,102.05726529303459,2521.1612617859073,0.00048101845633463647,102.21543761509187,102.37991970300234,0.2930564618264628
2024-06-08 10:50:00,102.05726529303459,102.11514201368549,101.74216372321462,101.81027810009383,6288.3275686761035,-0.002420084373528919,102.13440571209227,102.32813410273793,0.30450355467585816
2024-06-09 10:50:00,101.81027810009383,101.89327530382712,101.61960883940979,101.69643852907927,2582.83879592866,-0.001118154012924255,102.04681227548969,102.27070723240533,0.2791809383672178
2024-06-10 10:50:00,101.69643852907927,101.80158294821767,101.61229367608432,101.72584900342613,3516.2204314130445,0.0002891986658750678,101.98261962107698,102.22117466613449,0.264867153466967
2024-06-11 10:50:00,101.72584900342613,101.89344167881389,101.66972143547699,101.82692876127422,2161.9233181778836,0.0009936487022554896,101.95148144911643,102.18533412932901,0.26669387490082286
2024-06-12 10:50:00,101.82692876127422,102.0005133558236,101.76249464089439,101.99230295253234,4110.1466319183455,0.0016240712871329333,101.95964574979962,102.1677858405293,0.2663895553175694
2024-06-13 10:50:00,101.99230295253234,102.2764464763316,101.94995439976778,102.1870948053645,935.6802171203644,0.001909868168412876,102.0051355609126,102.16954120096887,0.26701963213682844
2024-06-14 10:50:00,102.1870948053645,102.37882662325896,102.11682967826798,102.36275347613,3550.0108440702766,0.0017189907502515034,102.07665914395609,102.18710595325624,0.26263878618450115
2024-06-15 10:50:00,102.36275347613,102.54122845240518,102.34016797669493,102.50306260421789,1154.4541910898547,0.0013707049031326246,102.16193983600846,102.21582928516183,0.26135012131912155
2024-06-16 10:50:00,102.50306260421789,102.53155277156132,102.22776610932655,102.31845270592504,2229.692560886314,-0.0018010183657209966,102.19324240999178,102.22515868704939,0.25961110066533066
2024-06-17 10:50:00,102.31845270592504,102.36546467035814,102.23777458742244,102.3529028674637,2066.304265073938,0.00033669548969506025,102.22517450148617,102.23677179435978,0.24193583491322407
2024-06-18 10:50:00,102.3529028674637,102.45052575176891,102.31756246763662,102.38749565803107,5298.63045836593,0.00033797566652471467,102.25763873279516,102.25047396378444,0.23658193429543978
2024-06-19 10:50:00,102.38749565803107,102.5789200061606,102.38000142114649,102.5740315443204,1810.3088789933731,0.0018218619870571384,102.32091729510022,102.27988828928771,0.23567320431470254
2024-06-20 10:50:00,102.5740315443204,102.61305355071993,102.486747962849,102.57676719911437,8743.825989851568,2.6670052378552356e-05,102.37208727590306,102.30687728109014,0.22369318862604257
2024-06-21 10:50:00,102.57676719911437,102.61912711963599,102.40052786038102,102.4986185733391,3253.1970076158404,-0.0007618550273043034,102.39739353539028,102.32430830765823,0.22824899599967807
2024-06-22 10:50:00,102.4986185733391,102.6202854661248,102.43630537374695,102.56881135454366,2644.710406468396,0.0006848168510127373,102.43167709922096,102.34653585737509,0.2147491247073197
2024-06-23 10:50:00,102.56881135454366,102.59067615773806,102.31674199619306,102.40020714012334,10854.003107776654,-0.001643815621861,102.42538310740144,102.35141506489765,0.21476824593072458
2024-06-24 10:50:00,102.40020714012334,102.4181001505403,102.27038116905749,102.32970282586757,2223.626150106517,-0.0006885173011348389,102.40624705109468,102.34944122498582,0.211798939455686
2024-06-25 10:50:00,102.32970282586757,102.42665054641473,102.25448809067039,102.29564623296213,3806.041487774453,-0.0003328123894134061,102.38412688746817,102.34455077116549,0.2081162403419319
2024-06-26 10:50:00,102.29564623296213,102.32713726068543,102.19094228950718,102.22686803255084,1282.1759873037256,-0.0006723472889027526,102.3526751164847,102.33385234038234,0.20084311578829223
2024-06-27 10:50:00,102.22686803255084,102.79573914522636,102.14380514855445,102.72015946102813,4700.3030133156335,0.004825457709613179,102.4261719853934,102.36897116953195,0.22408896722458443
2024-06-28 10:50:00,102.72015946102813,102.73704655624488,102.49500222608529,102.5929079897018,2302.690853484739,-0.0012388169176724695,102.45951918625508,102.38932906227465,0.22266378045091326
2024-06-29 10:50:00,102.5929079897018,102.6703865971977,102.3561720278369,102.41100726356984,6584.836876731343,-0.001773034118013439,102.44981680171804,102.39129980784695,0.23074621571166684
2024-06-30 10:50:00,102.41100726356984,102.61054668324152,102.36061927777263,102.52412263703457,3850.77345943779,0.0011045235906488315,102.46467796878136,102.40337461050036,0.22689912594267575
2024-07-01 10:50:00,102.52412263703457,102.69280894760504,102.47601983907069,102.65697939907541,4343.7259844492355,0.001295858561123131,102.50313825484018,102.42642959127991,0.2332633420568655
2024-07-02 10:50:00,102.65697939907541,102.67733445200815,102.29728356445705,102.37438972853137,1308.9413535588706,-0.0027527565314919844,102.47738854957842,102.4216986946664,0.2509124565867812
2024-07-03 10:50:00,102.37438972853137,102.40944001973855,102.2568457056581,102.2767684844084,4233.920534170524,-0.0009535709505261725,102.43726453654442,102.40852322100658,0.24760358009152025
2024-07-04 10:50:00,102.2767684844084,102.3949611176898,102.21324917963607,102.36263513179911,2922.631972090214,0.000839551822599871,102.42233865559537,102.40435157653317,0.2515611765331493
2024-07-05 10:50:00,102.36263513179911,102.41227757848142,102.26369160525675,102.32462391656733,2689.550223082449,-0.0003713387720317707,102.40279570778976,102.39710360744537,0.24656022753098483
2024-07-06 10:50:00,102.32462391656733,102.349935682545,102.3189737967124,102.32204443859108,5693.351072242094,-2.5208770650930745e-05,102.38664545395004,102.39028004664043,0.23563035563489518
2024-07-07 10:50:00,102.32204443859108,102.3689587602357,102.22917563697551,102.33072072735413,3774.6905683040563,8.479393478366681e-05,102.37546050863087,102.38486556306894,0.22604813861455142
2024-07-08 10:50:00,102.33072072735413,102.36726283397925,102.24851363492806,102.32758247917076,5856.410524702759,-3.066770331594526e-05,102.36588490273886,102.37965800998728,0.22397886844086454
2024-07-09 10:50:00,102.32758247917076,102.41605215296339,102.20689225284384,102.28646886216475,2637.0033268363486,-0.0004017843088824913,102.35000169462404,102.37118626927614,0.2266215430390933
2024-07-10 10:50:00,102.28646886216475,102.34322588489397,102.20123216489726,102.24444759037603,1925.020206186531,-0.0004108194588802183,102.32889087377444,102.3596645711943,0.22703573938326826
2024-07-11 10:50:00,102.24444759037603,102.36300590891045,102.20795841687674,102.33789066753216,3972.459312620359,0.0009139183531070572,102.33069083252599,102.35768512540683,0.19154384619482556
2024-07-12 10:50:00,102.33789066753216,102.55510226457803,102.33086624615561,102.53214823509842,1484.9447700539354,0.0018981978844703207,102.37098231304049,102.37354540810607,0.19027182392788486
2024-07-13 10:50:00,102.53214823509842,102.61694262586283,102.46626361152062,102.47647523158538,4072.115205560385,-0.0005429809525241414,102.39208089674948,102.382902664786,0.1785907128551289
2024-07-14 10:50:00,102.47647523158538,102.63651331225853,102.41129203131504,102.61807737331064,2311.21114079873,0.0013818014466759898,102.43728019206172,102.40428218374278,0.17682598967474256
2024-07-15 10:50:00,102.61807737331064,102.66011417744058,102.40690902068721,102.50633054041951,932.7200089353549,-0.0010889585514705091,102.45109026173328,102.41355930707702,0.1794271359761004
2024-07-16 10:50:00,102.50633054041951,102.5245082695304,102.44875225857943,102.48712660625239,2232.0921354470256,-0.0001873438846740072,102.45829753063711,102.4202472433657,0.15769178764751907
2024-07-17 10:50:00,102.48712660625239,102.50660523561118,102.16280176290445,102.25308011673575,1977.222876852026,-0.002283667200621564,102.41725404785684,102.40505023185388,0.17134958469225228
2024-07-18 10:50:00,102.25308011673575,102.30686030521194,102.15375683298645,102.26801571009972,1979.3614259529381,0.0001460649727804686,102.38740638030542,102.39259254805805,0.16930612284737784
2024-07-19 10:50:00,102.26801571009972,102.52806185435884,102.22939703486225,102.52394013127999,2446.9338978043456,0.0025024874043291234,102.41471313050035,102.40453323744185,0.1800260404382296
2024-07-20 10:50:00,102.52394013127999,102.6027885938048,102.4546257154978,102.51784314363516,3600.233001097137,-5.9468916596583377e-05,102.43533913312731,102.41483413800488,0.18839753990068736
2024-07-21 10:50:00,102.51784314363516,102.57678395252266,102.43179318058755,102.54477599146092,2180.549841727348,0.00026271375791653284,102.45722650479404,102.4266470337736,0.18876951480603918
2024-07-22 10:50:00,102.54477599146092,102.64597737826345,102.32327301423973,102.39021913507038,1975.2957786107243,-0.0015072133601755633,102.44382503084931,102.42333540661876,0.2033377408755054
2024-07-23 10:50:00,102.39021913507038,102.42355078333047,102.21986667998942,102.25963522406923,3223.6098944514188,-0.0012753553230401282,102.4069870694933,102.40845357184153,0.2029466125341841
2024-07-24 10:50:00,102.25963522406923,102.726390609633,102.19444401040253,102.65486331008158,1679.5586464728894,0.003864947152865783,102.45656231761096,102.43085445713608,0.23080038962230986
2024-07-25 10:50:00,102.65486331008158,102.725722481882,102.5882803131023,102.70655326328256,2195.4769145267996,0.0005035314600227991,102.50656050674529,102.45591798496757,0.22954286653273723
2024-07-26 10:50:00,102.70655326328256,102.77664081499461,102.63843258122012,102.64119583563878,2901.7581866727455,-0.0006363510951071794,102.533487572524,102.47276142593768,0.22339802477217116
2024-07-27 10:50:00,102.64119583563878,102.69666671273743,102.57407011978009,102.64334749556694,2361.6512064727035,2.0962927318235458e-05,102.5554595571326,102.48826925044942,0.221392137530394
2024-07-28 10:50:00,102.64334749556694,102.68479891082889,102.45478268292706,102.47426117199143,3549.090593280043,-0.0016473188735667277,102.53921988010437,102.48699578877142,0.2217346337417041
2024-07-29 10:50:00,102.47426117199143,102.64844628392558,102.42676791914587,102.623895531521,1489.453735460384,0.0014602140851587286,102.5561550103877,102.49944121993047,0.21948272002929972
2024-07-30 10:50:00,102.623895531521,102.6492728450682,102.61224986708488,102.62940180720112,3849.0321263332016,5.3654908066080864e-05,102.57080436975039,102.51125581877325,0.2167160748173243
2024-07-31 10:50:00,102.62940180720112,102.78866637592687,102.60302435497681,102.72732696322655,1070.5870702074774,0.0009541627866971325,102.60210888844563,102.53089865008718,0.2054188282632765
2024-08-01 10:50:00,102.72732696322655,102.80040139701292,102.41837849622846,102.44192005073359,1458.578099765909,-0.002778295911419204,102.57007112090322,102.52280968650958,0.22177021601748845
2024-08-02 10:50:00,102.44192005073359,102.7902231401911,102.34260155868971,102.69894844672123,867.2618215216718,0.0025090157999807516,102.59584658606683,102.53882230107426,0.23240998473211708
2024-08-03 10:50:00,102.69894844672123,102.70825584920246,102.33488805105887,102.34635758557027,2010.8554082636335,-0.0034332470437501428,102.54594878596752,102.52132550875571,0.2484960504347303
2024-08-04 10:50:00,102.34635758557027,102.74933208507532,102.30054291132424,102.68312731825975,6538.620927864086,0.003290490649927591,102.57338449242597,102.53603476416517,0.270195936278728
2024-08-05 10:50:00,102.68312731825975,102.72695411241088,102.66002920616856,102.68555747206626,2469.8402812251666,2.3666534804567263e-05,102.59581908835403,102.54962773761072,0.25192597500862796
2024-08-06 10:50:00,102.68555747206626,102.74500278404427,102.39983222905101,102.44568612863651,4607.583786114192,-0.0023359793658909167,102.56579249641054,102.54017850043124,0.26203215012664316
2024-08-07 10:50:00,102.44568612863651,102.49876381508491,102.40685614642331,102.48297281384227,3291.837356313582,0.0003639654007385751,102.54922855989689,102.53497798346861,0.2306007979431531
2024-08-08 10:50:00,102.48297281384227,102.51595312561469,102.4316310285087,102.45412801060829,3180.2419253640774,-0.00028145947021240847,102.53020845003918,102.52762798593585,0.22680650710931616
2024-08-09 10:50:00,102.45412801060829,102.47634561778423,102.27913852556651,102.37611565029847,3594.6740863243176,-0.0007614369652507724,102.49938989009105,102.51385413724154,0.23102071128383272
2024-08-10 10:50:00,102.37611565029847,102.41169362502542,102.23381863707414,102.33175148196221,3013.5208359289895,-0.00043334490720281504,102.4658622084653,102.49729935039797,0.23496916806911475
2024-08-11 10:50:00,102.33175148196221,102.39156016502693,102.04168638532607,102.11573020588153,2400.776535082575,-0.00211098972657342,102.39583580794856,102.46261124635102,0.2435304217690454
2024-08-12 10:50:00,102.11573020588153,102.20197328649968,102.01923077281968,102.0758789756908,3480.984681830369,-0.00039025554741067836,102.33184444149701,102.42745376720009,0.24074928954763766
2024-08-13 10:50:00,102.0758789756908,102.15975258376754,102.04210829547932,102.15471284900455,2141.772924396346,0.0007723065831499731,102.29641812299853,102.40265913827322,0.24650795456941665
2024-08-14 10:50:00,102.15471284900455,102.25590746998567,101.95773544440094,102.03935069841515,2786.5641976875613,-0.0011292885797635765,102.24500463808187,102.36963109828612,0.2545458120433222
2024-08-15 10:50:00,102.03935069841515,102.1008822587357,101.86406342154616,101.93912504679183,4442.169909753608,-0.0009822254937660313,102.18382871982386,102.33049418451391,0.24417409321511283
2024-08-16 10:50:00,101.93912504679183,101.9825029372017,101.85315111644627,101.93850175496983,2317.399110106501,-6.114353264363714e-06,102.13476332685306,102.2948585091008,0.22144053887611545
2024-08-17 10:50:00,101.93850175496983,102.18949091792769,101.91364375582826,102.15618278612597,2501.3225501403554,0.0021354152494743595,102.13904721870765,102.282251625194,0.21447477915867502
2024-08-18 10:50:00,102.15618278612597,102.69578702069579,102.10594276293735,102.62546509275101,1581.2369453600602,0.004593772925203465,102.23633079351633,102.31345284951736,0.22455014230205808
2024-08-19 10:50:00,102.62546509275101,102.62727382509613,102.47016408460881,102.50070799201507,1473.0044971670848,-0.001215654424788215,102.28920623321608,102.33047604428988,0.23099191617670048
2024-08-20 10:50:00,102.50070799201507,102.60283811298305,102.40594689671954,102.57600783839945,3280.8761469793794,0.0007346275734041452,102.34656655425276,102.35279711648165,0.22040053483886116
2024-08-21 10:50:00,102.57600783839945,102.67655392972421,102.3692064858602,102.43389994651521,2255.404745928279,-0.0013853911346219938,102.36403323270525,102.36017010103015,0.23578909021046104
2024-08-22 10:50:00,102.43389994651521,102.45873961871933,102.3632697509233,102.41302648612984,2451.962599603122,-0.00020377492603784741,102.37383188339018,102.3649752269483,0.23658535954546522
2024-08-23 10:50:00,102.41302648612984,102.45958108471083,102.33508695533371,102.33737314471725,6671.716914066624,-0.0007387081898496684,102.3665401356556,102.36246594674547,0.23139157648542255
2024-08-24 10:50:00,102.33737314471725,102.40331698430664,102.13480960609255,102.19765759420476,4490.630977036219,-0.001365244643468766,102.33276362736544,102.34748336924177,0.23786531864705193
2024-08-25 10:50:00,102.19765759420476,102.30028171831961,102.10094150860964,102.29271589603393,5339.645451669015,0.0009301416888303216,102.32475408109914,102.34250450804106,0.22711292079056022
2024-08-26 10:50:00,102.29271589603393,102.54696998270228,102.21382262303321,102.51520169245654,3958.3662793512876,0.0021749915863875646,102.36284360337064,102.35820425207882,0.23785612407549397
2024-08-27 10:50:00,102.51520169245654,102.56213134789111,102.35277338175207,102.43505039625103,5126.174769120097,-0.0007818479101857623,102.37728496194671,102.36519026518538,0.24440710106483823
2024-08-28 10:50:00,102.43505039625103,102.50264621336882,102.30846457808626,102.40933087986339,2178.587826423915,-0.00025108120988026617,102.38369414553006,102.36920304833792,0.23697921604325448
2024-08-29 10:50:00,102.40933087986339,102.57818884778331,102.32333674642297,102.48665390632436,1119.8324066393604,0.0007550388797255003,102.40428609768892,102.37988039906396,0.23826730634116952
2024-08-30 10:50:00,102.48665390632436,102.52388772290257,102.23325974873106,102.29667225000132,8603.86449679609,-0.0018537209390863119,102.38276332815141,102.37231602187644,0.2497870315851754
2024-08-31 10:50:00,102.29667225000132,102.40295671099834,102.28557356377301,102.30215624226628,3565.6452393067034,5.36087063669477e-05,102.3666419109744,102.3659378600937,0.23846817337988263
2024-09-01 10:50:00,102.30215624226628,102.36809435807324,101.97289854645908,102.05460269278028,1799.9225757192194,-0.0024198272898545703,102.30423406733557,102.3376346630652,0.22456471294100513
2024-09-02 10:50:00,102.05460269278028,102.15134678415725,101.98665442906821,102.06822073364543,3870.5097665318444,0.0001334387720477448,102.25703140059755,102.3131424876634,0.22510632826970017
2024-09-03 10:50:00,102.06822073364543,102.12177150250791,101.73295068200271,101.83234619061179,3470.05959343498,-0.0023109498856571653,102.1720943586004,102.26943373338598,0.2388155857155354
2024-09-04 10:50:00,101.83234619061179,101.89311635131277,101.81452909014027,101.85948161995779,2742.5128889324296,0.0002664716110458709,102.10957181087188,102.23216535943796,0.2224755726661424
2024-09-05 10:50:00,101.85948161995779,102.17956891588489,101.8250104282767,102.10178198953766,1521.2389786743936,0.0023787708883489245,102.10801384660505,102.22031232581065,0.2409819026527243
2024-09-06 10:50:00,102.10178198953766,102.11506681332321,101.95023893907391,101.97952818171308,2522.2997008554858,-0.0011973719306593855,102.08231671362667,102.19842285816542,0.24386288442930798
2024-09-07 10:50:00,101.97952818171308,102.08658751551785,101.88235056014463,102.04435740712154,1202.9659536242887,0.0006357082305081807,102.07472485232564,102.18441690807052,0.23927213994067387
2024-09-08 10:50:00,102.04435740712154,102.11104559392234,101.87285887240554,101.9223286837243,2020.6752566114396,-0.0011958399905482864,102.04424561860539,102.16059070585722,0.24204689078401845
2024-09-09 10:50:00,101.9223286837243,102.03775482752505,101.88176267498156,101.95093289928272,4676.496393484485,0.000280647194072392,102.02558307474087,102.14153090525953,0.22939294741790558
2024-09-10 10:50:00,101.95093289928272,101.96044500762396,101.74025111287042,101.84111631829984,3334.8519213919963,-0.0010771513105365393,101.98868972345267,102.11422048826319,0.23016694231894114
2024-09-11 10:50:00,101.84111631829984,102.10634697864258,101.80072059904931,102.06797737231696,6491.840486782718,0.002227597872239251,102.00454725322552,102.1100165686317,0.23812728119827703
2024-09-12 10:50:00,102.06797737231696,102.48485940736889,101.96728191289799,102.44472979010118,3001.4413038444854,0.003691191179481468,102.09258376060066,102.14044504331075,0.25689338070617396
2024-09-13 10:50:00,102.44472979010118,102.56683815986533,102.4278076717352,102.46708675498071,4210.71275352259,0.0002182344072294562,102.16748435947667,102.17013974437165,0.24606498884607525
2024-09-14 10:50:00,102.46708675498071,102.5476394769604,102.27836916673952,102.32626236325792,3261.3716654684317,-0.0013743378111210625,102.19923996023293,102.18433270972494,0.25691407191718596
2024-09-15 10:50:00,102.32626236325792,102.41766835575875,101.98417116775425,102.0207668036353,3593.890425304335,-0.002985504918943671,102.16354532891341,102.16946308189861,0.2596498845164957
2024-09-16 10:50:00,102.0207668036353,102.10774361434206,101.99700532532468,102.08870474134604,3931.4748395230135,0.0006659226335898882,102.14857721139994,102.16212141457565,0.2557960226542337
2024-09-17 10:50:00,102.08870474134604,102.11563288243941,101.90934090610644,101.95003616279014,2146.778153716793,-0.0013583146040223593,102.10886900167799,102.1428409371406,0.2427582480705033
2024-09-18 10:50:00,101.95003616279014,102.12080854033819,101.92620388805038,102.07500132300021,1497.6529031608095,0.001225749052315539,102.10209546594244,102.13667369949148,0.2510452045787395
2024-09-19 10:50:00,102.07500132300021,102.08884114286273,101.82706753451542,101.87709721199398,3713.496925613827,-0.00193881076111857,102.05709581515275,102.11307583699171,0.24441771320296266
2024-09-20 10:50:00,101.87709721199398,102.21386224056354,101.84037512680251,102.1995416385274,4819.922772782361,0.0031650335095674276,102.08558497982769,102.12093636440405,0.2593219445966578
2024-09-21 10:50:00,102.1995416385274,102.2782273581558,101.89346627068338,101.92233625760734,748.8800975701365,-0.0027123935829430623,102.05293523538363,102.1028818092407,0.272216525460887
2024-09-22 10:50:00,101.92233625760734,102.06182644554019,101.8960874190242,101.9648549782836,786.893465939964,0.00041716783815459735,102.03531918396362,102.09033391551732,0.26704169010368667
2024-09-23 10:50:00,101.9648549782836,102.27322172999386,101.867396449047,102.23086687096124,6223.427947390997,0.0026088586379522383,102.07442872136315,102.1031096387395,0.28488691356107004
2024-09-24 10:50:00,102.23086687096124,102.48357457570418,102.19959535322023,102.41959748216539,3189.6855741562513,0.0018461215969376443,102.1434624735236,102.13188126086912,0.2894430083989568
2024-09-25 10:50:00,102.41959748216539,102.4719413624199,102.3252836897618,102.39853281101865,2853.701299584412,-0.00020567031764018306,102.19447654102261,102.15612231088271,0.2780881007607304
2024-09-26 10:50:00,102.39853281101865,102.4534555200525,102.32234048922473,102.44384761696385,4255.0765233491575,0.0004425337424396325,102.24435075621086,102.18227915689008,0.25048363907193555
2024-09-27 10:50:00,102.44384761696385,102.46952191315255,102.37933556691948,102.41622176109024,7024.9173098196015,-0.0002696682769754988,102.27872495718675,102.20354666636281,0.24699477179357388
2024-09-28 10:50:00,102.41622176109024,102.6838339709704,102.33244806784015,102.59204871093226,5954.234581941755,0.0017167880909743083,102.34138970793586,102.23886503405095,0.25286017128710064
2024-09-29 10:50:00,102.59204871093226,102.62593932401415,102.43721960455316,102.4789688838786,659.051825672083,-0.0011022279842786142,102.36890554312441,102.26069265676254,0.23537606639113612
2024-09-30 10:50:00,102.4789688838786,102.57010716151633,102.33015563944535,102.42915400982244,3870.18236884253,-0.00048609850975955826,102.38095523646402,102.27600732522254,0.24460558303782218
2024-10-01 10:50:00,102.42915400982244,102.52953832612265,102.13592295910496,102.15201162427732,3088.2047040531265,-0.0027056982772555305,102.33516651402668,102.26473498877297,0.2579858252295872
2024-10-02 10:50:00,102.15201162427732,102.25370566127268,101.65873323521379,101.75054835180197,3006.1045445042773,-0.003930057431976608,102.21824288158174,102.21799074904833,0.28658352335609294
2024-10-03 10:50:00,101.75054835180197,101.75561501013175,101.66008729542953,101.6922951298112,3258.316217894815,-0.0005725101528628596,102.11305333122765,102.17020023820858,0.2747088166671574
2024-10-04 10:50:00,101.6922951298112,101.75913353253837,101.27038697888031,101.3716924994132,1886.8276159166458,-0.003152673759489355,101.96478116486476,102.09760862559081,0.28294163380265963
2024-10-05 10:50:00,101.3716924994132,101.38529938363371,101.17996799104307,101.22637346337623,3141.4206725298613,-0.0014335267810371422,101.81709962456706,102.01840542902585,0.2701252270253889
2024-10-06 10:50:00,101.22637346337623,101.26678002159551,101.03175941858473,101.08744864689938,5596.9539055564,-0.0013724172043674265,101.67116942903354,101.93377299428707,0.27507391106073087
2024-10-07 10:50:00,101.08744864689938,101.17450576451103,101.07267139446452,101.10622765850792,834.6795833811326,0.00018576996313490746,101.55818107492843,101.85854160012532,0.25336027456784854
2024-10-08 10:50:00,101.10622765850792,101.11916172737898,100.84540302649428,100.90275575516927,1991.2803291677494,-0.002012456680966168,101.4270960109766,101.77165197785659,0.2526302373107591
2024-10-09 10:50:00,100.90275575516927,100.90350485987689,100.37257715104656,100.46777372467047,1774.5464355302822,-0.004310903376655517,101.23523155371538,101.65311759120331,0.28007809703734765
2024-10-10 10:50:00,100.46777372467047,100.64035803791616,100.43450454729205,100.61009129766938,3249.4464451799176,0.0014165494837075077,101.11020350250618,101.55829701906386,0.28541655845137165
2024-10-11 10:50:00,100.61009129766938,100.7271227101265,100.52010125038534,100.71092168235276,3511.1116980715806,0.0010021895754477317,101.0303471384755,101.48126289754467,0.2937619237019494
2024-10-12 10:50:00,100.71092168235276,100.79167838517239,100.35046881897132,100.39543846622902,3110.969679254292,-0.0031325620980690028,100.90336540402622,101.38255158560688,0.30017789963557917
2024-10-13 10:50:00,100.39543846622902,100.42587136399666,100.05428863639123,100.08094320751727,2480.702947558266,-0.0031325652192608633,100.73888096472443,101.26422355123509,0.31323954307446755
2024-10-14 10:50:00,100.08094320751727,100.2159142985663,99.9828144573029,100.14052732561787,595.5805336432039,0.0005953592781100525,100.61921023690313,101.16206934890624,0.3127501373024982
2024-10-15 10:50:00,100.14052732561787,100.1456539596432,100.09478652243766,100.12220639924097,4850.544210735723,-0.0001829521659829636,100.5198094693707,101.06753635348213,0.2882681423159162
2024-10-16 10:50:00,100.12220639924097,100.4299266319147,100.11983806036918,100.33021360786776,2989.270866772962,0.002077533207741844,100.48189029707012,101.00050701297172,0.26791929556496136
2024-10-17 10:50:00,100.33021360786776,100.44196247647938,100.2702148843471,100.35956096574611,3250.7761790656846,0.0002925076786246539,100.45742443080533,100.94223919049666,0.27336357252425153
2024-10-18 10:50:00,100.35956096574611,100.75800000715226,100.28270472824096,100.68648092293148,4162.74979383514,0.0032574869204236023,100.50323572923057,100.91898843889983,0.2724027671851975
2024-10-19 10:50:00,100.68648092293148,100.70804127964054,100.39866307079262,100.48613624105501,2931.7428538133513,-0.0019897873084850914,100.49981583159546,100.87963823909575,0.2798346826321461
2024-10-20 10:50:00,100.48613624105501,100.66651230102832,100.47527352066065,100.56874102389615,5960.848428765435,0.0008220515379653293,100.5136008700556,100.85137485589578,0.27670740958620954
2024-10-21 10:50:00,100.56874102389615,100.58347329175916,100.47613415604658,100.55922524340264,2709.7687285053653,-9.461966408885747e-05,100.52272574472501,100.82481580021458,0.2771006071337863
2024-10-22 10:50:00,100.55922524340264,100.60079155247391,100.3912394034626,100.43525571019418,4505.368917643143,-0.0012328011965921926,100.50523173781885,100.78940124657636,0.2725144248571151
2024-10-23 10:50:00,100.43525571019418,100.65386386833153,100.33667978076843,100.58419705578012,3843.4386083291474,0.0014829587930329513,100.5210248014111,100.77074632014033,0.25724702333802646
2024-10-24 10:50:00,100.58419705578012,100.60942963835828,100.4803202690845,100.52218437265716,4463.770044396988,-0.0006165251096906799,100.52125671566031,100.74814977946004,0.2517653003844314
2024-10-25 10:50:00,100.52218437265716,100.59792007580916,100.49939824677301,100.53501387710571,2821.4906474696068,0.00012762858794412857,100.5240081479494,100.72877378833691,0.24401532676264484
2024-10-26 10:50:00,100.53501387710571,100.67902779911984,100.48371275603472,100.6402933261825,4355.12389142477,0.0010471918689491932,100.54726518359602,100.72073010995923,0.22645143225436268
2024-10-27 10:50:00,100.6402933261825,100.64645085682575,100.44817322208031,100.54443668071849,4472.1893927449555,-0.0009524678664571962,100.54669948302052,100.70470343457372,0.2140724970500776
2024-10-28 10:50:00,100.54443668071849,100.62647171034625,100.02611741366982,100.09786202555784,2379.217486224273,-0.004441565042318074,100.456931991528,100.64953603375409,0.2403049581510075
2024-10-29 10:50:00,100.09786202555784,100.17579362176735,99.92047364426027,99.96053143942629,1153.3565352624714,-0.001371963230308415,100.35765188110766,100.58689925245156,0.2549087110296893
2024-10-30 10:50:00,99.96053143942629,99.97137793803215,99.93043483732086,99.94780697830686,1781.6202942399125,-0.00012729485264040274,100.27568290054751,100.52879995480204,0.2356840345415299
2024-10-31 10:50:00,99.94780697830686,99.95474822607815,99.78043393848716,99.8082620222498,6569.099363029577,-0.0013961782681969348,100.18219872488798,100.4632965063882,0.2358673699314378
2024-11-01 10:50:00,99.8082620222498,100.06300666190461,99.74173546139089,100.04674016201616,1426.0661833145734,0.0023893627134112805,100.15510701231362,100.42542774780893,0.22486565004589615
2024-11-02 10:50:00,100.04674016201616,100.10651177423486,99.76510185000093,99.79818494794588,3238.4611944315893,-0.002484390932355862,100.08372259944008,100.3684056750941,0.22715362971632555
2024-11-03 10:50:00,99.79818494794588,99.84379499541988,99.73663265618012,99.82676520849307,4756.221687241131,0.0002863805645572093,100.03233112125068,100.31916563267582,0.2211481696357609
2024-11-04 10:50:00,99.82676520849307,99.8275845676541,99.78285248289683,99.78896676743409,2647.7665158692826,-0.00037864034740620056,99.98365825048737,100.27096573583566,0.21667623742466752
2024-11-05 10:50:00,99.78896676743409,99.96113356793235,99.76599748865029,99.91658645420279,3490.3904711510463,0.0012788957627563047,99.97024389123045,100.23874943750539,0.21564651815829347
2024-11-06 10:50:00,99.91658645420279,100.0508288565305,99.88613550057354,100.01076306878744,5017.714902306749,0.0009425523621928722,99.97834772674186,100.21802340398557,0.2047543230435695
2024-11-07 10:50:00,100.01076306878744,100.10695089035585,99.82130801737284,99.85734215659198,4571.115782498381,-0.001534044011742397,99.9541466127119,100.18523419967705,0.21593528759422856
2024-11-08 10:50:00,99.85734215659198,99.87338307736927,99.68734901548837,99.73468942961422,1670.820563971719,-0.0012282795068331298,99.91025517609236,100.1442755842168,0.2221861613688542
2024-11-09 10:50:00,99.73468942961422,99.85320515945094,99.71604524371446,99.82924748736095,2878.670988919254,0.0009480959763097374,99.8940536383461,100.11563666632081,0.2180322237010941
2024-11-10 10:50:00,99.82924748736095,99.99940321141025,99.82398456454098,99.96205773828349,2721.4651733910546,0.0013303741565251492,99.90765445833358,100.10167494559015,0.21639943885279678
2024-11-11 10:50:00,99.96205773828349,100.12043870228831,99.94030812020188,100.0741782714368,3134.264772763012,0.0011216309036659045,99.94095922095423,100.09917524793984,0.18638345923922575
2024-11-12 10:50:00,100.0741782714368,100.41696908456147,100.00081495435661,100.37575629306363,6401.312271984795,0.003013544820811287,100.02791863537611,100.12431897931472,0.19787161300335246
2024-11-13 10:50:00,100.37575629306363,100.71312544466923,100.32227353665685,100.6188198157211,1945.7343466696584,0.0024215361520942835,100.14609887144512,100.1692736008062,0.2228650992391447
2024-11-14 10:50:00,100.6188198157211,100.84332351716253,100.58906196337122,100.79916146141845,2813.589256636928,0.0017923251935139106,100.2767113894398,100.22653613358914,0.22857561825345332
2024-11-15 10:50:00,100.79916146141845,100.80281274764636,100.73151097913414,100.78546634987393,4078.431678722334,-0.00013586533207188278,100.37846238152663,100.2773479714332,0.21072065882477428
2024-11-16 10:50:00,100.78546634987393,100.8501923722615,100.75902961774261,100.78171719169475,2649.6167321828952,-3.7199393076781107e-05,100.45911334356026,100.3231997187297,0.1928458609879858
2024-11-17 10:50:00,100.78171719169475,100.9534312283043,100.70429934983056,100.92100661307002,5073.601306029822,0.0013820901772325644,100.55149199746222,100.37754580003336,0.20298654236184074
2024-11-18 10:50:00,100.92100661307002,101.00472766688968,100.77561694992988,100.80247740455339,4885.239123468168,-0.0011744750919010505,100.60168907888045,100.41617594589881,0.21615644466202102
2024-11-19 10:50:00,100.80247740455339,100.9333824160432,100.72499441530208,100.86783215791442,6396.976546553674,0.0006483447137786147,100.65491769468726,100.4572356015366,0.21710301048052522
2024-11-20 10:50:00,100.86783215791442,100.9773261952751,100.84638614251028,100.8781876780727,4151.047954358473,0.00010266424822202858,100.69957169136435,100.49550397213079,0.21469206025251505
2024-11-21 10:50:00,100.8781876780727,101.23917516348234,100.85090873051922,101.15448334483024,4168.314042545971,0.0027389039505671953,100.79055402205753,100.55541118783074,0.22202231453680912
2024-11-22 10:50:00,101.15448334483024,101.23561332817458,101.05905814436592,101.23267998630725,1908.7521558660474,0.0007730417762150665,100.87897921490749,100.61698107860133,0.22134525181736311
2024-11-23 10:50:00,101.23267998630725,101.2380110479653,101.03553517875353,101.07205622714615,4815.713834469079,-0.0015866789181401275,100.91759461735523,100.65835154665085,0.22601067706559824
2024-11-24 10:50:00,101.07205622714615,101.10712417239083,100.63274343995144,100.63372191324899,2610.0738608648567,-0.004336849672000875,100.860820076534,100.65611248906886,0.24736511174917755
2024-11-25 10:50:00,100.63372191324899,100.69425723554077,100.37346830761702,100.4512981671626,2907.4552319223653,-0.0018127496689791522,100.77891569465973,100.6374930052592,0.2574121364518435
2024-11-26 10:50:00,100.4512981671626,100.6323970410899,100.37853499359247,100.62160065086556,2315.450809836421,0.001695373646834808,100.7474526859009,100.63604824576886,0.24581984482988467
2024-11-27 10:50:00,100.62160065086556,100.71664390457893,100.52583047127854,100.54741248442242,3420.4485212507707,-0.0007372986114636548,100.70744464560521,100.62799044928282,0.23153138235045695
2024-11-28 10:50:00,100.54741248442242,100.59388540440914,100.4854563548911,100.53140562792893,2516.473625389058,-0.00015919710013390098,100.67223684206996,100.61921001097792,0.22111477490236606
2024-11-29 10:50:00,100.53140562792893,100.65936992212464,100.43354791198517,100.6136520889318,4899.2761882810555,0.0008181170897705314,100.66051989144233,100.61870474533737,0.2321519350185984
2024-11-30 10:50:00,100.6136520889318,100.8803157452346,100.5160506333253,100.78170080598258,3108.9442466676956,0.0016702377218376085,100.68475607435039,100.63352256903238,0.2516592462607698
2024-12-01 10:50:00,100.78170080598258,101.06414805717469,100.73936228392274,101.02773054979531,2344.5047045405663,0.002441214445133788,100.75335096943938,100.66935965819265,0.25706309588778503
2024-12-02 10:50:00,101.02773054979531,101.1139302349958,100.57412074448419,100.6602320608413,2260.918026134583,-0.0036376001614020215,100.73472718771977,100.66852987661525,0.27925586542720077
2024-12-03 10:50:00,100.6602320608413,101.03414837375918,100.57419178545237,101.02928502305193,5686.125848743855,0.00366632337969941,100.7936387547862,100.70132579901859,0.2972250502533212
2024-12-04 10:50:00,101.02928502305193,101.14965716264743,100.94980063392897,101.10714323130794,6758.806668143373,0.0007706498985740051,100.85633965009056,100.73821829286308,0.3021476556785814
2024-12-05 10:50:00,101.10714323130794,101.16870875486646,100.83231257593874,100.91481811920929,1988.3437381148092,-0.0019021911405276981,100.86803534391431,100.75427282253092,0.29844263753319517
2024-12-06 10:50:00,100.91481811920929,100.97738504325616,100.60002170422649,100.62913057735099,4052.3148332873734,-0.0028309771268756334,100.82025439060166,100.74289625478728,0.3127860771918388
2024-12-07 10:50:00,100.62913057735099,100.66139630127438,100.27257604620037,100.34442306335771,3320.6160253045928,-0.0028292753038786644,100.72508812515288,100.70667141920278,0.32609639046771327
2024-12-08 10:50:00,100.34442306335771,100.44117292406966,100.30800410831787,100.3615372315856,3182.662766742456,0.00017055425409218117,100.65237794643943,100.67529558396485,0.3017241107043134
2024-12-09 10:50:00,100.3615372315856,100.40546562690565,100.1714687121375,100.26591301034,2899.768608834117,-0.0009527974947708406,100.57508495921955,100.63807898636259,0.29552468119319897
2024-12-10 10:50:00,100.26591301034,100.3168418559144,100.16905029242919,100.30053369792552,5008.346033080511,0.0003452887082566747,100.52017470696074,100.60739305105012,0.28794821804946885
2024-12-11 10:50:00,100.30053369792552,100.39811428517173,100.20318136513475,100.21452606647563,3888.812346023249,-0.0008574992403223014,100.45904497886373,100.57167787063426,0.28824246710208207
2024-12-12 10:50:00,100.21452606647563,100.25708553551934,99.51980941650747,99.61320022394354,2214.74318607644,-0.00600038603319053,100.2898760278797,100.48454353911691,0.3331601149230699
2024-12-13 10:50:00,99.61320022394354,99.63119943279285,99.36834989153878,99.46680301936406,4071.4508657224937,-0.001469656674520592,100.12526142617658,100.39202167368484,0.335804938574113
2024-12-14 10:50:00,99.46680301936406,99.61544852835165,99.42633560137863,99.53180761092798,6048.139236922679,0.0006535305206427644,100.00657066312687,100.31382039525239,0.3232940682215225
2024-12-15 10:50:00,99.53180761092798,99.55881219380882,99.33436768064227,99.41858358178095,1421.5375538118558,-0.0011375662902619599,99.88897324685769,100.23243523039135,0.3161268353582796
2024-12-16 10:50:00,99.41858358178095,99.57976319629444,99.34828985375529,99.5259835078878,3407.04767222527,0.0010802801874409962,99.81637529906372,100.16821234652738,0.2941028247888176
2024-12-17 10:50:00,99.5259835078878,99.61652833459468,99.40076513176405,99.47648434748947,1456.8505117090751,-0.0004973491208394298,99.74839710874888,100.10532798297848,0.27666044011194757
2024-12-18 10:50:00,99.47648434748947,99.48313675593187,99.29489057887724,99.30973023763381,1596.0403105778869,-0.0016763168798080708,99.66066373452587,100.03300091521987,0.27583112927881664
2024-12-19 10:50:00,99.30973023763381,99.5058784843857,99.22851986742211,99.45147302897549,2386.849010791836,0.001427279995650954,99.61882559341579,99.98013474374311,0.2716141605670939
2024-12-20 10:50:00,99.45147302897549,99.79242637313283,99.364892913917,99.74663940036305,1529.363317545544,0.0029679436854752606,99.64438835480524,99.95890789434492,0.27519774058039054
2024-12-21 10:50:00,99.74663940036305,99.88858761063608,99.71703770732836,99.86748594946656,2404.238549559295,0.001211535043486034,99.68900787373751,99.95059680844689,0.2596784297399414
2024-12-22 10:50:00,99.86748594946656,99.94525997622674,99.69341828259694,99.71733359243458,4177.7374310829755,-0.0015035159401924902,99.69467301747693,99.92939106153668,0.2681550638740851
2024-12-23 10:50:00,99.71733359243458,99.81548860019144,99.6213573526315,99.67086476787436,4384.797938078993,-0.0004660054865701646,99.68991136755642,99.90588867120374,0.26530751621635523
2024-12-24 10:50:00,99.67086476787436,99.89739621026871,99.62015553586411,99.82025557800505,1935.9362252905753,0.0014988413161518555,99.71598020964615,99.89810384454931,0.2745538812820253
2024-12-25 10:50:00,99.82025557800505,99.87332831098419,99.75361463750198,99.75583832861096,2689.6611755457434,-0.0006453324430104601,99.72395183343912,99.88517061582765,0.26918107795668483
2024-12-26 10:50:00,99.75583832861096,99.8538651278021,99.69124647964554,99.7654739213387,946.4044525613407,9.659176735099528e-05,99.73225625101904,99.87428909814683,0.22813411575273385
2024-12-27 10:50:00,99.7654739213387,99.85492823726092,99.38734413753008,99.45351146906984,2569.1977937166175,-0.003126958054795903,99.6765072946292,99.83603658641256,0.24275801278678902
2024-12-28 10:50:00,99.45351146906984,99.48680670312228,99.43578293869058,99.47159360329671,3762.307526558544,0.0001818149400636404,99.63552455636271,99.8029054061293,0.23289450117669475
2024-12-29 10:50:00,99.47159360329671,99.50774879381072,99.41873201146026,99.5057278719992,5188.082223952788,0.00034315594498890434,99.60956521949001,99.77588926666293,0.2232210918326883
2024-12-30 10:50:00,99.5057278719992,99.54659978599773,99.35849156334342,99.42196419484668,4640.485616966793,-0.0008417975421501911,99.57204501456135,99.74371426013418,0.22012358326948547
2024-12-31 10:50:00,99.42196419484668,99.63179683378203,99.37812519631586,99.5552879349723,3245.045466861454,0.0013409887966437939,99.56869359864355,99.72658459421038,0.22283132860059546
2025-01-01 10:50:00,99.5552879349723,99.62964096041223,99.51542361603488,99.57641700640764,1946.0930771884025,0.00021223454698993116,99.57023828019638,99.71293299531922,0.21754355483793322
2025-01-02 10:50:00,99.57641700640764,100.0225698057117,99.51281460233189,99.9299590991921,3062.62985096514,0.003550460072907713,99.64218244399552,99.73266264112584,0.23414331101052
2025-01-03 10:50:00,99.9299590991921,99.96781176735834,99.86129627522338,99.92980684446135,6651.704989190461,-1.523614460818834e-06,99.69970732408869,99.75058484142907,0.2112134562190298
2025-01-04 10:50:00,99.92980684446135,99.97064505069419,99.53362835189927,99.54814575104304,6198.265968611975,-0.00381929181562779,99.66939500947957,99.73218128775761,0.2301753701824012
2025-01-05 10:50:00,99.54814575104304,99.57202124345162,99.313418818942,99.35342505360582,1377.272388001195,-0.0019560454488443124,99.60620101830483,99.69774890283472,0.2306582795309597
2025-01-06 10:50:00,99.35342505360582,99.43819174602301,99.3309220935728,99.41947618361444,4216.749808613614,0.0006648097936530206,99.56885605136675,99.67245138290559,0.2244538798802651
2025-01-07 10:50:00,99.41947618361444,99.97219169237772,99.40079995965012,99.90539388071853,6656.312435298008,0.004887550364947257,99.63616361723712,99.69362797361586,0.2454646697604801
2025-01-08 10:50:00,99.90539388071853,100.04466918142768,99.89549603974288,100.03412947830496,406.4566519434913,0.0012885750467099832,99.7157567894507,99.72458265586032,0.24756891748923643
2025-01-09 10:50:00,100.03412947830496,100.11990552780665,99.90875996059941,99.98684116336673,4263.161910230574,-0.00047272181189406126,99.7699736642339,99.7484243383609,0.25103512599285693
2025-01-10 10:50:00,99.98684116336673,100.02555458223135,99.75974155647187,99.84726970883011,1408.598621511465,-0.0013958982293338362,99.78543287315316,99.75741028113083,0.23662290642347422
2025-01-11 10:50:00,99.84726970883011,99.96539865603944,99.77539374917822,99.8963364590922,3699.0124225567315,0.000491418046834724,99.80761359034096,99.77003993367278,0.2465501308827253
2025-01-12 10:50:00,99.8963364590922,100.26520973874446,99.81589336503701,100.18426665933902,3857.005000761329,0.0028822898862235213,99.88294420414059,99.80769690873333,0.27228581597965323
2025-01-13 10:50:00,100.18426665933902,100.26124192841927,100.05865894319902,100.07181446833793,3223.474570457078,-0.001122453602255269,99.92071825698007,99.83170759597012,0.273319727591506
2025-01-14 10:50:00,100.07181446833793,100.15437618423344,99.87877249641663,99.92081222054755,2079.2362392311657,-0.001508938841497276,99.92073704969357,99.83980801638624,0.2748863026165519
2025-01-15 10:50:00,99.92081222054755,99.97755161951903,99.82136184804354,99.89310729538987,1492.672072016379,-0.0002772688145942226,99.91521109883284,99.84465340538657,0.27788433312356225
2025-01-16 10:50:00,99.89310729538987,100.27281503622642,99.81682799142193,100.20822609760718,3082.157961377551,0.003154560016693564,99.97381409858771,99.87770546831571,0.274043750368182
2025-01-17 10:50:00,100.20822609760718,100.3136506020226,100.18213832550977,100.29357427284408,1610.4505241589638,0.0008517082734682546,100.03776613343899,99.91551172327283,0.2758292349666017
2025-01-18 10:50:00,100.29357427284408,100.35080450907044,100.19535215268549,100.31702712740254,5499.805543021514,0.00023384204549992127,100.09361833223171,99.95201312364826,0.2557174962230328
2025-01-19 10:50:00,100.31702712740254,100.43582775657481,100.25784850592679,100.35268386650573,4799.921019223963,0.000355440548072794,100.14543143908652,99.98843773663529,0.24995869809006166
2025-01-20 10:50:00,100.35268386650573,100.63198394511015,100.34190528955291,100.54862465931645,2300.390092956397,0.0019525216990845529,100.22607008313251,100.03936382051539,0.2630164840262777
2025-01-21 10:50:00,100.54862465931645,100.57883052693,100.48104143351108,100.48290505375901,3626.9377727667847,-0.0006536101889021984,100.27743707725782,100.07968575081026,0.22918772407565768
2025-01-22 10:50:00,100.48290505375901,100.54575767526029,100.45117472874831,100.46449589802282,2295.048437695097,-0.00018320684226180717,100.31484884141082,100.11466849146593,0.22528842442045618
2025-01-23 10:50:00,100.46449589802282,100.52250781384562,100.32742837267544,100.3425101097938,3432.5540509254365,-0.0012142178899979816,100.32038109508743,100.13538136585937,0.2241408439892376
2025-01-24 10:50:00,100.3425101097938,100.53555953451404,100.33512126692288,100.49330539300732,5547.33909735799,0.0015028055711234778,100.35496595467141,100.16791991378192,0.2194712184057853
2025-01-25 10:50:00,100.49330539300732,100.7636776219034,100.40677297676744,100.69162608231375,3007.1314311931865,0.001973471650980496,100.42229798019989,100.21552956546662,0.2313926282825522
2025-01-26 10:50:00,100.69162608231375,100.78260134603087,100.22087145381613,100.30517122661004,6013.706820005882,-0.003838003920879962,100.39887262948193,100.22367880738875,0.2394221653187876
2025-01-27 10:50:00,100.30517122661004,100.57624449978421,100.27418505364265,100.48016715628432,5052.731461675385,0.001744635172187925,100.41513153484242,100.24699593001561,0.24652762681316684
2025-01-28 10:50:00,100.48016715628432,100.64931777270534,100.39570139008613,100.59030272757612,1255.6401467033236,0.0010960926360770173,100.45016577338916,100.27820563888474,0.2449571050133384
2025-01-29 10:50:00,100.59030272757612,100.59054150310254,100.48016521838326,100.55738347842956,6231.987396975461,-0.0003272606628464958,100.47160931439724,100.30358544247973,0.24168471310218007
2025-01-30 10:50:00,100.55738347842956,100.68280384542969,100.49446741145302,100.67289893395757,2784.4087845946274,0.001148751603633258,100.5118672383093,100.33715939625044,0.22256681232876474
2025-01-31 10:50:00,100.67289893395757,100.75461434948139,100.6414990702699,100.65300111607718,3328.390447441812,-0.00019764820613188405,100.54009401386288,100.36587227987106,0.2212527410929539
2025-02-01 10:50:00,100.65300111607718,101.02101210109524,100.58763309184224,101.01129928630333,2808.2893298496447,0.0035597365826474103,100.63433506835098,100.42454746227399,0.24110464486924293
2025-02-02 10:50:00,101.01129928630333,101.26810078886281,100.9207017347337,101.1687437066229,3843.423654581163,0.00155868127063008,100.74121679600538,100.4922016663057,0.2532060594036066
2025-02-03 10:50:00,101.1687437066229,101.25672875884004,100.87185879093155,100.91625419258573,1521.6883629115696,-0.002495726494038175,100.77622427532145,100.53075189596753,0.2599768674286957
2025-02-04 10:50:00,100.91625419258573,100.97223059427301,100.55910739110084,100.60664315195282,4341.631272178311,-0.003067999730172799,100.74230805064774,100.5376511010571,0.2825007324110708
2025-02-05 10:50:00,100.60664315195282,100.83937618557479,100.56125085188016,100.80180632533681,6969.873294077645,0.0019398636836458483,100.75420770558556,100.56166521235525,0.2956109029241176
2025-02-06 10:50:00,100.80180632533681,100.95867890515323,100.74989266138682,100.90341978048369,2611.4675144105086,0.001008051927352538,100.78405012056518,100.59273380945784,0.2965899602524199
2025-02-07 10:50:00,100.90341978048369,100.97587828846895,100.55352686197097,100.60719396226858,4104.877435026166,-0.0029357361609700927,100.74867888890587,100.59404836880427,0.31244090017433634
2025-02-08 10:50:00,100.60719396226858,100.62383427768692,100.4878155677522,100.57217610282821,3043.945449328163,-0.0003480651637447485,100.71337833169035,100.59205998098825,0.2966633333742489
2025-02-09 10:50:00,100.57217610282821,100.71908849381616,100.50925949634107,100.71288666323817,4024.751970088559,0.0013991002866049485,100.71327999799992,100.60304422482915,0.2715275551785591
2025-02-10 10:50:00,100.71288666323817,100.77649119856395,100.6365482008466,100.71868344138689,1908.7041451664707,5.7557462016744054e-05,100.71436068667732,100.61355688087984,0.2599478088625438
2025-02-11 10:50:00,100.71868344138689,100.74961683911835,100.43090440397974,100.49960397746341,5797.198077763098,-0.002175162109331663,100.67140934483454,100.6031975260238,0.26459752689964333
2025-02-12 10:50:00,100.49960397746341,100.66102624100712,100.42188032113854,100.64847011744986,3989.624715177657,0.0014812609611858374,100.66682149935761,100.60731321615344,0.273795357981736
2025-02-13 10:50:00,100.64847011744986,100.702928916302,100.55183372406788,100.59204062142541,2975.2764571603725,-0.000560659252531126,100.65186532377118,100.60592479845089,0.2711352692858396
2025-02-14 10:50:00,100.59204062142541,100.68230369865636,100.52743266210355,100.58365426898949,4528.07626662464,-8.336994044566559e-05,100.63822311281484,100.60390020486348,0.2741178233816482
2025-02-15 10:50:00,100.58365426898949,100.67958298603394,100.30749414727671,100.33392609265913,7551.588230337366,-0.0024827908485260952,100.57736370878371,100.57935710375399,0.26973995406052104
2025-02-16 10:50:00,100.33392609265913,100.37163441202566,99.99631302218955,100.0901351776297,5628.902008581415,-0.0024297954293573953,100.4799180025529,100.53488238319724,0.2717344066110203
2025-02-17 10:50:00,100.0901351776297,100.12148484668793,99.9755553682168,100.06983867464412,2707.794321629779,-0.00020278225171310726,100.39790213697115,100.49260568241968,0.2546672287940664
2025-02-18 10:50:00,100.06983867464412,100.16757716174803,99.86226229400927,99.91942442743812,2145.5159592083373,-0.0015030927320173193,100.30220659506456,100.44049829560316,0.24696663340596509
2025-02-19 10:50:00,99.91942442743812,100.03580049487978,99.90436558978078,99.97949396191073,5631.178069356668,0.0006011797487508463,100.2376640684338,100.39858881072203,0.23648874564913416
2025-02-20 10:50:00,99.97949396191073,99.99689880347935,99.93348921831534,99.96435831863175,2473.8245839835427,-0.0001513874763633405,100.18300291847339,100.35911331144109,0.22610469860610546
2025-02-21 10:50:00,99.96435831863175,100.00663553923683,99.67454025357347,99.70418078132082,2942.457861857343,-0.0026027030202268042,100.08723849104288,100.29957399052107,0.21965783140363218
2025-02-22 10:50:00,99.70418078132082,100.04826751960745,99.63309053569287,99.99271059172419,2477.2171627995212,0.0028938586942126587,100.06833291117916,100.27167731790317,0.23959770811647832
2025-02-23 10:50:00,99.99271059172419,100.0833142215498,99.90775835797078,99.99880793996532,5095.571131010423,6.097792734127694e-05,100.05442791693639,100.24687101081791,0.23714962712390225
2025-02-24 10:50:00,99.99880793996532,100.3669057590329,99.99310761179731,100.3256535230759,4089.429700199056,0.003268494793525978,100.1086730381643,100.25403305738682,0.25385356637520573
2025-02-25 10:50:00,100.3256535230759,100.34710366995037,99.65747279868934,99.74239077114407,2116.9020255982923,-0.005813695016675613,100.03541658476026,100.20752012227383,0.2803477403839502
2025-02-26 10:50:00,99.74239077114407,99.77110350837627,99.46705253817869,99.56261376852066,1407.4510509992278,-0.0018024132090026512,99.94085602151235,100.14889227193264,0.28498381540745044
2025-02-27 10:50:00,99.56261376852066,99.6153851176246,99.529126459036,99.60732368021536,6364.232991695901,0.0004490632578071363,99.87414955325295,100.0996587635947,0.28035263443277053
2025-02-28 10:50:00,99.60732368021536,99.663585064639,99.5736094938218,99.59457646099786,3108.7810193444184,-0.00012797471859027354,99.81823493480194,100.05374219063135,0.2757172440230836
2025-03-01 10:50:00,99.59457646099786,100.06081385570496,99.49806934768405,99.99154951618921,1083.0588277495617,0.003985890289385452,99.85289785107939,100.04808831113661,0.28933550611334724
2025-03-02 10:50:00,99.99154951618921,100.01706557593276,99.79114503916313,99.89085038945184,1913.6311075057781,-0.0010070763701992558,99.86048835875388,100.03379395461981,0.2786640166085996
2025-03-03 10:50:00,99.89085038945184,99.93680987350503,99.74544675282243,99.77221530742597,3622.176350064472,-0.001187647132478542,99.8428337484883,100.01001407760218,0.2819092767665613
2025-03-04 10:50:00,99.77221530742597,99.96952950136878,99.76619245956046,99.88780985905579,2964.2013599668376,0.001158584594655343,99.8518289706018,99.99890460318886,0.2746251463429589
2025-03-05 10:50:00,99.88780985905579,99.97095540722663,99.80207879298348,99.82051003032846,5430.727651151279,-0.000673754173029617,99.84556518254713,99.982686914747,0.27729955413896945
2025-03-06 10:50:00,99.82051003032846,100.0858571278494,99.81542286053943,100.07037003002348,1178.6390213976315,0.002503092797453199,99.89052615204241,99.99065810704487,0.29208703143510917
2025-03-07 10:50:00,100.07037003002348,100.12560769316107,99.92376744478382,99.99612676400112,3601.362871542439,-0.0007419105775274826,99.91164627443416,99.99115525767725,0.2827831002003874
2025-03-08 10:50:00,99.99612676400112,100.38220993393446,99.93903335564919,100.35260743505032,5674.054044656309,0.003564944789216984,99.9998385065574,100.02401454652934,0.2847830712268658
2025-03-09 10:50:00,100.35260743505032,100.41883173319727,100.19263036163623,100.27298872022799,2912.2853329235345,-0.0007933895975135163,100.05446854929151,100.04664856232013,0.2884006075112952
2025-03-10 10:50:00,100.27298872022799,100.39586066564648,100.26478658720384,100.34128936083133,4145.393592038463,0.0006811469516871949,100.11183271159948,100.0734340894575,0.2710631740260843
2025-03-11 10:50:00,100.34128936083133,100.82025097014885,100.28187616685236,100.81694011242934,3230.34625808709,0.004740329276491151,100.25285419176545,100.14102554609131,0.26025916917147435
2025-03-12 10:50:00,100.81694011242934,101.1578097643585,100.76727817614817,101.06937874180903,4239.717732641135,0.0025039306796872385,100.41615910177417,100.22542129115656,0.2664363561723856
2025-03-13 10:50:00,101.06937874180903,101.32335800210113,100.98623713497444,101.2996580421736,1515.8329237235162,0.0022784279791887574,100.59285888985406,100.32307917761266,0.2843550853536771
2025-03-14 10:50:00,101.2996580421736,101.30367765348261,101.06313371169671,101.09552201212281,2406.689057126243,-0.0020151699817763102,100.69339151430782,100.3933012534772,0.2951099689942995
2025-03-15 10:50:00,101.09552201212281,101.17303058925809,101.01354152633513,101.07941851335049,2169.753257724192,-0.0001592899314609708,100.77059691411635,100.45567554982932,0.26630600863015985
2025-03-16 10:50:00,101.07941851335049,101.13851335953018,101.01751890983117,101.01928090969324,2192.4712272419415,-0.0005949539930258929,100.82033371323173,100.50691240072604,0.25881128812511534
2025-03-17 10:50:00,101.01928090969324,101.16554335692943,101.0124918401215,101.09605161529302,4038.8778746950184,0.0007599609194250956,100.875477293644,100.56047051114122,0.25607474499121097
2025-03-18 10:50:00,101.09605161529302,101.42337424347106,101.01743791374439,101.34084181799523,1622.6050011274278,0.0024213626426650148,100.96855019851425,100.63141335721885,0.27054612269966427
2025-03-19 10:50:00,101.34084181799523,101.42876012489745,101.08870804143413,101.17614478091555,1741.5985695071456,-0.0016251792872953308,101.01006911499452,100.68093439573673,0.28277294192967667
2025-03-20 10:50:00,101.17614478091555,101.17757141340809,100.88944806524988,100.89132101937963,2735.614696012288,-0.002815127638562176,100.98631949587156,100.70006045243153,0.28403644770455116
2025-03-21 10:50:00,100.89132101937963,101.0606520489743,100.84457317197196,100.98353724509323,2916.374645647734,0.0009140154453513016,100.9857630457159,100.72583106994622,0.2850534926063436
2025-03-22 10:50:00,100.98353724509323,101.23468148263825,100.95511652392675,101.2076419900547,1955.121548511331,0.002219220588575155,101.03013883458367,100.76963206268336,0.2733669483510742
2025-03-23 10:50:00,101.2076419900547,101.29511428981002,101.04733640212403,101.06138567437588,1929.6736502300764,-0.0014451113849009989,101.03638820254211,100.79615511829176,0.27490812807428505
2025-03-24 10:50:00,101.06138567437588,101.09050546612309,100.90600219080656,100.9614035846659,6218.061220059146,-0.0009893203921834681,101.02139127896687,100.81117770614395,0.2787244992795631
2025-03-25 10:50:00,100.9614035846659,101.26641658137869,100.91366918745608,101.18968528275411,1864.2740072683987,0.0022610788874064536,101.05505007972432,100.84558748583578,0.26546539861000035
2025-03-26 10:50:00,101.18968528275411,101.4863209565109,101.11840479123697,101.43419804070271,2145.0364889234315,0.002416380259167239,101.13087967192001,100.89909753627822,0.26385001125739954
2025-03-27 10:50:00,101.43419804070271,101.67368567204565,101.33635225652066,101.60097871407119,2244.4939830517387,0.0016442252868362761,101.22489948035026,100.96290491607758,0.2638651932858502
2025-03-28 10:50:00,101.60097871407119,101.61908917353713,101.35757317311727,101.43669699070385,1266.7160656206327,-0.0016169305202232698,101.26725898242098,101.00597692286178,0.2653631974739901
2025-03-29 10:50:00,101.43669699070385,101.55600824181752,101.38206301137531,101.46449237219299,1029.5244111249735,0.00027401702060236843,101.3067056603754,101.04766014552825,0.2663957808682227
2025-03-30 10:50:00,101.46449237219299,101.46477570372934,101.13577313318804,101.21605318322923,5357.623671448548,-0.0024485333061385894,101.28857516494617,101.06296860350106,0.2812535037855294
2025-03-31 10:50:00,101.21605318322923,101.33649481670957,101.16106331666882,101.28446548691869,2282.3439385641163,0.0006759036885741754,101.28775322934068,101.08310468381175,0.2828520740164454
2025-04-01 10:50:00,101.28446548691869,101.31626925833957,100.83831427407411,100.86462481969598,4683.457294106466,-0.004145163477976221,101.20312754741174,101.06324287798304,0.2879962636263593
2025-04-02 10:50:00,100.86462481969598,101.14346138653194,100.85584795051767,101.05485263410911,5101.670161040635,0.0018859715658803289,101.17347256475122,101.06248012853996,0.28425064595142707
2025-04-03 10:50:00,101.05485263410911,101.14966674850932,100.93046607544598,100.96806975823698,2211.4359811939566,-0.0008587700007475219,101.13239200344837,101.05389736760333,0.2793275977303651
2025-04-04 10:50:00,100.96806975823698,101.12755075490938,100.95360462503808,101.02970707635721,2253.8915471540176,0.0006104634689740873,101.11185501803014,101.05169825021731,0.276318115792433
2025-04-05 10:50:00,101.02970707635721,101.06869296958301,100.82810758897212,100.866347286656,4743.050649811053,-0.0016169480683315696,101.06275347175531,101.03484816262083,0.2735338602138181
2025-04-06 10:50:00,100.866347286656,100.9530249114354,100.64138602460582,100.67556965991847,1372.63404756727,-0.001891390259184722,100.98531670938796,101.00218648055697,0.2780953601526467
2025-04-07 10:50:00,100.67556965991847,100.67575064187722,100.46760265972034,100.55992982524036,2565.0690096958765,-0.0011486384936160166,100.90023933255844,100.96198133007364,0.27978426778409976
2025-04-08 10:50:00,100.55992982524036,100.58608413846665,100.50955133386461,100.56912957378619,6442.921429108595,9.148523235658068e-05,100.834017380804,100.92626753404751,0.2600546542612016
2025-04-09 10:50:00,100.56912957378619,100.648970134364,100.29373417331085,100.31426507358516,4418.663593262184,-0.0025342219951702827,100.73006691936024,100.87063094673275,0.2591489253882894
2025-04-10 10:50:00,100.31426507358516,100.38496223933922,100.16804622992748,100.24574443396088,4825.9324496217705,-0.0006830597779290404,100.63320242228038,100.8138230819353,0.25054768209448497
2025-04-11 10:50:00,100.24574443396088,100.31173397772062,100.10681366225876,100.13077623849331,3915.3257805154076,-0.0011468636012106348,100.53271718552297,100.75172791434966,0.2465051331689137
2025-04-12 10:50:00,100.13077623849331,100.26689901975752,100.12383853318521,100.24740141747436,3633.860605191406,0.0011647286015568081,100.47565403191325,100.70588005099735,0.2442990800353491
2025-04-13 10:50:00,100.24740141747436,100.28808653782473,99.95839810454346,99.97924166551981,4958.572340459963,-0.002674979582142245,100.37637155863457,100.63982201595394,0.24434807023106028
2025-04-14 10:50:00,99.97924166551981,100.01057223506847,99.89772464935527,99.9958724252613,2497.9695455500046,0.00016634212726995834,100.30027173195992,100.58128114407279,0.23987779063623446
2025-04-15 10:50:00,99.9958724252613,100.0742132686152,99.86704534735189,99.93211876018708,2368.2098109297312,-0.0006375629666300897,100.22664113760536,100.52226638190136,0.2205358575646516
2025-04-16 10:50:00,99.93211876018708,100.07052778162033,99.92834452128179,99.994862092958,3919.3201214401006,0.0006278595265400977,100.1802853286759,100.47432053745196,0.2101479878735282
2025-04-17 10:50:00,99.994862092958,100.08382446775005,99.828345934265,99.8445696678091,2013.4111532833447,-0.001503001474307597,100.11314219650254,100.41707045839351,0.21273926361793574
2025-04-18 10:50:00,99.8445696678091,99.95236570088919,99.79033448878684,99.91723078538763,6245.68763479345,0.0007277423080722656,100.07395991427956,100.37163048812025,0.2118881980630109
2025-04-19 10:50:00,99.91723078538763,100.21770732156013,99.86895519276607,100.13742077373686,2764.342041657619,0.002203723888446918,100.08665208617103,100.35033869590357,0.21961439436180846
2025-04-20 10:50:00,100.13742077373686,100.2818897495154,100.05009746120926,100.24650052136208,2087.269377940011,0.0010893005510066445,100.11862177320924,100.34089886185434,0.21391106589584805
2025-04-21 10:50:00,100.24650052136208,100.36484810454056,100.20298998188264,100.28532106808494,6188.813896444669,0.0003872508917615036,100.15196163218438,100.33584633514803,0.21060464736020837
2025-04-22 10:50:00,100.28532106808494,100.29325136777508,100.25269689479953,100.28274408174163,3861.5640625107403,-2.569654577422309e-05,100.17811812209584,100.33101885756562,0.20803476652974545
2025-04-23 10:50:00,100.28274408174163,100.29960146529876,100.1970916402521,100.26225599178755,2294.5664768606634,-0.00020430324420894763,100.19494569603418,100.32476768794943,0.18998289967213924
2025-04-24 10:50:00,100.26225599178755,100.26860887159509,100.17657018848766,100.2572273555057,5069.7329382312155,-5.015482877490651e-05,100.2074020279285,100.31862765772728,0.18106309065040346
2025-04-25 10:50:00,100.2572273555057,100.27053477897626,100.22402040956813,100.25175389333837,2395.723715478806,-5.459419048081671e-05,100.21627240101049,100.31254822460102,0.16974838021799396
2025-04-26 10:50:00,100.25175389333837,100.29306647281042,99.88185847654138,99.93171782745017,9508.009261557347,-0.0031923238592783676,100.15936148629842,100.27792727940549,0.18890177376776052
2025-04-27 10:50:00,99.93171782745017,100.060569532997,99.89154129092424,100.02325107873085,2428.0163596156003,0.0009159579487938441,100.13213940478491,100.25477489752598,0.17742604582429575
2025-04-28 10:50:00,100.02325107873085,100.11630669305043,99.9428070855636,100.04606977390242,3351.5698207623727,0.00022813390812115308,100.11492547860841,100.23580170446928,0.18175833309384107
2025-04-29 10:50:00,100.04606977390242,100.04996143068318,99.75667939595003,99.80665508345797,2451.349094862036,-0.0023930444342842305,100.05327139957834,100.19678837528643,0.18790934119883015
2025-04-30 10:50:00,99.80665508345797,99.86618903967545,99.75974337391307,99.77530306283813,1305.6070257481663,-0.00031412755585902286,99.9976777322303,100.15847152870022,0.18535665587196146
2025-05-01 10:50:00,99.77530306283813,100.06452637643885,99.68117407507012,100.03113905062311,3196.920209713559,0.002564121380055795,100.00436999590887,100.14689584887502,0.1944904964350818
2025-05-02 10:50:00,100.03113905062311,100.03163727667025,99.85777095147479,99.9569749300568,2649.5491963714894,-0.0007414103375227299,99.99489098273847,100.12963031080064,0.19533586165601843
2025-05-03 10:50:00,99.9569749300568,100.02773557949658,99.83703588376166,99.93107124439487,4115.354476890909,-0.0002591483553804341,99.98212703506975,100.11157948658193,0.18404640215179416
2025-05-04 10:50:00,99.93107124439487,100.258283680873,99.85034592848633,100.23418339737675,4632.708185841456,0.003033212285301845,100.03253830753115,100.12272529665418,0.19662822101468944
2025-05-05 10:50:00,100.23418339737675,100.2470821990768,100.16964997419332,100.17850820436718,6388.775258857064,-0.0005554511557085418,100.06173228689836,100.12779647008263,0.19059779974508675
2025-05-06 10:50:00,100.17850820436718,100.25035400935627,99.75147432712582,99.80185471693342,5412.65946091494,-0.003759823281310748,100.00975677290538,100.09816540161452,0.22333531469186493
2025-05-07 10:50:00,99.80185471693342,99.85806671324839,99.35897173131413,99.40395383062459,6252.5476257373275,-0.003986908734686323,99.88859618444923,100.03505525879726,0.25166282589812183
2025-05-08 10:50:00,99.40395383062459,99.58306034868727,99.36627606209264,99.53753979022927,3114.4468468051914,0.001343869679794718,99.81838490560524,99.98982657983653,0.26057322614720746
2025-05-09 10:50:00,99.53753979022927,99.70418306866702,99.45700573588027,99.61057293477018,1539.6226304758902,0.000733724629871535,99.77682251143824,99.95534897573958,0.27490629495996594
2025-05-10 10:50:00,99.61057293477018,99.69911125415287,99.53233051257176,99.58799332901772,2102.6617852944546,-0.00022667880614679614,99.73905667495414,99.92195300785578,0.2574472053393992
2025-05-11 10:50:00,99.58799332901772,99.60607832962799,99.26490940567395,99.33548047883963,1387.7073516975013,-0.002535575240921295,99.65834143573124,99.86863732339977,0.26974296833091976
2025-05-12 10:50:00,99.33548047883963,99.54137457075132,99.29420663687789,99.50806793647708,5334.7663093914425,0.0017374200719169064,99.62828673588042,99.83585828822497,0.275004991644248
2025-05-13 10:50:00,99.50806793647708,99.52979784544465,99.40399183319536,99.44441870014364,3903.6985938942753,-0.0006396389524321311,99.59151312873307,99.80027287112667,0.263042418609686
2025-05-14 10:50:00,99.44441870014364,99.59261130111291,99.34740134014547,99.50112272033668,2218.7860948386246,0.0005702081719036745,99.57343504705379,99.77307740287303,0.2729541539814763
2025-05-15 10:50:00,99.50112272033668,99.57912582100161,99.42328784560608,99.48229231833197,2275.4735048708185,-0.00018924813599974222,99.55520650130943,99.74664239518748,0.2567031306976761
2025-05-16 10:50:00,99.48229231833197,99.60760184256196,99.47055161505634,99.55192521546172,10343.336766598677,0.0006999526800903766,99.55455024413989,99.72894083339422,0.2540734094341163
2025-05-17 10:50:00,99.55192521546172,99.62007710976219,99.54663605469166,99.56309679786162,2310.8730443764434,0.00011221864746180366,99.55625955488424,99.71386410289125,0.24569779224380284
2025-05-18 10:50:00,99.56309679786162,99.71894058113281,99.50586762288971,99.70173278371378,5667.923156416055,0.0013924434887118142,99.58535420065014,99.7127612556933,0.231778878376405
2025-05-19 10:50:00,99.70173278371378,99.85818750893249,99.64404475983741,99.76733852545306,4680.430235430946,0.0006580200755548216,99.62175106561074,99.71772282567146,0.2415439158200903
2025-05-20 10:50:00,99.76733852545306,99.82914888677213,99.75609551609138,99.80856199041813,1297.4700175789499,0.00041319599755129666,99.65911325057222,99.72598093155752,0.21112775070939754
2025-05-21 10:50:00,99.80856199041813,99.96994279500974,99.7910356255157,99.91841367894887,8032.616455719875,0.0011006238977901983,99.71097333624755,99.743474817684,0.18825719267795296
2025-05-22 10:50:00,99.91841367894887,99.98414066690432,99.65919704817432,99.74134156691383,1452.8862080208437,-0.001772166966180988,99.71704698238081,99.7432808857958,0.19598285925905096
2025-05-23 10:50:00,99.74134156691383,99.75341654836751,99.58537398530413,99.65163893000664,1961.178510411668,-0.0008993526204679192,99.70396537190598,99.73494979890587,0.19033037570738184
2025-05-24 10:50:00,99.65163893000664,99.676882477523,99.56138704327964,99.67580219118669,2173.234736622678,0.00024247730834625614,99.69833273576212,99.72957274365866,0.18666713946897115
2025-05-25 10:50:00,99.67580219118669,99.70506326843181,99.24383279467337,99.29358252918313,4892.133061247259,-0.0038346284012887866,99.61738269444633,99.68993726961543,0.19524296445500003
2025-05-26 10:50:00,99.29358252918313,99.41758803027777,99.21300046561859,99.32449771264089,520.2517440498586,0.00031135127437553756,99.55880569808525,99.65671549170865,0.19220150951112508
2025-05-27 10:50:00,99.32449771264089,99.45877841935344,99.26774475050904,99.40789382666367,5266.02164730296,0.0008396328795343688,99.52862332380094,99.63409534034092,0.1968606278393474
2025-05-28 10:50:00,99.40789382666367,99.49748418524159,99.27982670167543,99.37905760663419,6139.3567263345085,-0.0002900797805831523,99.4987101803676,99.61091009182212,0.19489259373925552
2025-05-29 10:50:00,99.37905760663419,99.41403446058578,99.29199361809836,99.37313599649099,1817.6564259669083,-5.9586096767372254e-05,99.47359534359228,99.58929426497383,0.19247851281724795
2025-05-30 10:50:00,99.37313599649099,99.41553294350757,99.28660066086461,99.32459172427953,4085.630472977475,-0.0004885049840147593,99.44379461972974,99.56523039763798,0.19189865961277214
2025-05-31 10:50:00,99.32459172427953,99.36613004051499,99.13524003701667,99.20047973569102,2071.261757535665,-0.001249559514254428,99.39513164292201,99.53207124655188,0.20314501307189964
2025-06-01 10:50:00,99.20047973569102,99.39485703256703,99.10761509144682,99.36223558320111,3281.1751488705668,0.001630595415879732,99.38855243097784,99.51663164079271,0.20844279756312187
2025-06-02 10:50:00,99.36223558320111,99.62761528418868,99.27155199623984,99.56807498172925,3447.0038567675188,0.0020716059508925078,99.42445694112813,99.52130830815058,0.21857997890981956
2025-06-03 10:50:00,99.56807498172925,99.57516649316838,99.33492868577582,99.4304212414579,5371.496296086937,-0.0013825088041182765,99.42564980119408,99.51304584754216,0.23052172438923435
2025-06-04 10:50:00,99.4304212414579,99.46592728284296,99.35933847233031,99.45216117832283,4245.092210126214,0.00021864472254540246,99.43095207661983,99.50751087761313,0.22535612731913496
2025-06-05 10:50:00,99.45216117832283,99.46634567299812,99.30330201259272,99.3684857189642,5511.588574472894,-0.0008413639117262894,99.4184588050887,99.49487222682686,0.21379184458166275
2025-06-06 10:50:00,99.3684857189642,99.40257741221126,99.08575913308947,99.09510846875968,4591.585280289954,-0.002751146384354586,99.35378873782291,99.45853006700257,0.22441868144297775
2025-06-07 10:50:00,99.09510846875968,99.19552716547337,99.09401778623652,99.10168389843014,993.120902173851,6.635473508298517e-05,99.30336776994436,99.42608950622325,0.22341967751394115
2025-06-08 10:50:00,99.10168389843014,99.11731900008238,98.9969278882522,99.05891319053588,3057.95933661765,-0.0004315840681183847,99.25447685406267,99.39270984116075,0.19907400880477866
2025-06-09 10:50:00,99.05891319053588,99.17361551045046,98.96484401157875,99.09946324126705,2064.5732560473293,0.0004093528732056484,99.22347413150355,99.36605105935223,0.1993728612485311
2025-06-10 10:50:00,99.09946324126705,99.6250629107522,99.04500497768413,99.55360961135953,2920.032770943652,0.004582732895200614,99.28950122747476,99.38310183680744,0.22716030869307957
2025-06-11 10:50:00,99.55360961135953,99.80720217803794,99.54796402807489,99.716035268098,3699.172565110827,0.001631539603360821,99.37480803559941,99.41336851237931,0.23013035629285788
2025-06-12 10:50:00,99.716035268098,99.84173878387584,99.66581431855309,99.8162254832741,4945.99107490829,0.0010047553024619127,99.46309152513436,99.44999187336974,0.23397918649538138
2025-06-13 10:50:00,99.8162254832741,100.0215261554273,99.74522598773568,99.94816259388071,4114.795083207648,0.001321800238065718,99.56010573888364,99.49528012068892,0.24450546399885656
2025-06-14 10:50:00,99.94816259388071,100.05221747660907,99.91155511063742,100.00313618980492,3625.3853723250313,0.0005500210759008528,99.64871182906789,99.54144885424492,0.2380606327469518
2025-06-15 10:50:00,100.00313618980492,100.04441901876899,99.93791981576072,100.01187017655519,3140.15858920829,8.733712844466446e-05,99.72134349856536,99.5842144290004,0.2251504371675271
2025-06-16 10:50:00,100.01187017655519,100.41970268367892,99.91339067650333,100.34503464469351,5186.356600129933,0.0033312492562149743,99.846081727791,99.65337990315432,0.23588248854086658
2025-06-17 10:50:00,100.34503464469351,100.44428897526385,100.21099164483914,100.26573368001594,4045.4318659853975,-0.0007902828969900133,99.930012118236,99.70904842832356,0.23538674018601974
2025-06-18 10:50:00,100.26573368001594,100.31269813602141,100.19002833043075,100.28555670013995,2409.599428794575,0.0001977048329120379,100.00112103461679,99.76145827121596,0.23653538269159213
2025-06-19 10:50:00,100.28555670013995,100.36245949334267,100.01066690260181,100.01950555644328,3920.6333098604005,-0.002652935801036427,100.0047979389821,99.78491711532753,0.25001744914412527
2025-06-20 10:50:00,100.01950555644328,100.07727266786868,99.55025065890531,99.6340602148279,2115.2454685750736,-0.0038537017301876197,99.93065039415126,99.77120285164574,0.2650320012756668
2025-06-21 10:50:00,99.6340602148279,99.67848084966272,99.4303593438093,99.49600742883582,5540.78366538991,-0.0013855983154195117,99.84372180108818,99.74618508593575,0.2755042960339935
2025-06-22 10:50:00,99.49600742883582,99.72896746914535,99.48433323266576,99.62939869520571,1849.3109670450488,0.0013406695385771439,99.80085717991169,99.73556814132392,0.2843788049375228
2025-06-23 10:50:00,99.62939869520571,99.91117413951457,99.54061192380001,99.83475445375294,3411.9264430005296,0.0020611964062482446,99.80763663467994,99.74458507881747,0.29593528471201175
2025-06-24 10:50:00,99.83475445375294,100.05153524063084,99.76916591706174,99.96346309664165,2789.0107700400786,0.001289216802234261,99.83880192707228,99.76448308043784,0.274671812604942
2025-06-25 10:50:00,99.96346309664165,99.98648789655488,99.74616067478966,99.80234660876513,4125.65399202115,-0.0016117537636801682,99.83151086341086,99.76792521937668,0.27332103201938196
2025-06-26 10:50:00,99.80234660876513,100.04927466586719,99.76404210748947,99.98860979471145,2942.8386007089284,0.0018663207056290876,99.86293064967099,99.78798745349802,0.28112875295187933
2025-06-27 10:50:00,99.98860979471145,100.25858698239941,99.9725749178157,100.16334047809958,4522.609266751769,0.0017475058783882336,99.92301261535671,99.82211045573452,0.28182245987274257
2025-06-28 10:50:00,100.16334047809958,100.2152260911136,100.16177470654455,100.18230069760077,1250.6486736794486,0.00018929300291592455,99.97487023180553,99.8548550231769,0.2755931040582717
2025-06-29 10:50:00,100.18230069760077,100.18625921318704,99.94892801724657,99.99112936982112,3435.940953473743,-0.0019082345528946831,99.97812205940865,99.86724360014455,0.2849382464105718
2025-06-30 10:50:00,99.99112936982112,100.08944274821114,99.94711971998869,99.98677044076314,3397.522815971053,-4.3593157567634044e-05,99.97985173567955,99.87810967656442,0.2589390336282043
2025-07-01 10:50:00,99.98677044076314,100.17009703048993,99.9378220840623,100.1219489234772,8769.38243246177,0.001351963685977342,100.00827117323908,99.90027688082921,0.2588660061998413
2025-07-02 10:50:00,100.1219489234772,100.2140362657095,100.06895619471467,100.18190114541841,4380.42693803333,0.0005987919990153578,100.04299716767495,99.92587908670096,0.2604667394429957
2025-07-03 10:50:00,100.18190114541841,100.34143057959336,100.15396729598322,100.31651787691986,3343.8721001781723,0.0013437230673636336,100.09770130952394,99.96139170399358,0.24872893179080183
2025-07-04 10:50:00,100.31651787691986,101.0163083578822,100.30319617511576,100.97793555406408,4169.389718215093,0.006593307773658186,100.27374815843197,100.05380478127272,0.2620210870624494
2025-07-05 10:50:00,100.97793555406408,101.0397609694688,100.88380654468149,101.02208331312403,4741.572884238966,0.0004372020364420415,100.42341518937039,100.14183010235011,0.25543772412915594
2025-07-06 10:50:00,101.02208331312403,101.54721166933547,100.98116819525951,101.4977866748882,3383.66274348642,0.004708904688588866,100.63828948647395,100.26509888167176,0.27839552681461094
2025-07-07 10:50:00,101.4977866748882,101.8578988505434,101.43448714089735,101.81190890424357,2841.6159283555,0.0030948677763933397,100.87301337002788,100.40571797463284,0.28217049066686123
2025-07-08 10:50:00,101.81190890424357,102.35375008776782,101.73910765695312,102.27543533289503,9099.589127739408,0.004552772201603883,101.15349776260132,100.5756922799294,0.3059042840415468
2025-07-09 10:50:00,102.27543533289503,102.40178625464426,102.17680253442744,102.39301367189569,3148.1389150813675,0.0011496244295412517,101.40140094446019,100.74090331556269,0.30480831964523347
2025-07-10 10:50:00,102.39301367189569,102.83774216687488,102.29455370891263,102.78421471079955,2746.6744298310637,0.0038205833081288443,101.67796369772807,100.92665889694786,0.3232337410441285
2025-07-11 10:50:00,102.78421471079955,102.88106131559924,102.61886996627355,102.64936297402781,5193.362800189908,-0.0013119887830165267,101.87224355298802,101.08326835850058,0.32153226138284197
2025-07-12 10:50:00,102.64936297402781,102.69596491136012,102.3322996799671,102.39347459288328,907.5334732095216,-0.002492839446156858,101.97648976096708,101.20237801617172,0.3436903932988398
2025-07-13 10:50:00,102.39347459288328,102.6900161869893,102.32123920006012,102.59421765534096,5065.537913035485,0.0019605064019541096,102.10003533984187,101.32890889245984,0.35307937836946174
2025-07-14 10:50:00,102.59421765534096,102.78989197289354,102.57029555899462,102.75056977708184,1283.4933688237468,0.0015239857110285193,102.23014222728986,101.45815079106184,0.35859890591778154
2025-07-15 10:50:00,102.75056977708184,102.7611313944101,102.64766322698264,102.70011551395896,5015.668394948765,-0.0004910363342250923,102.32413688462368,101.57105667496158,0.3501127074177696
2025-07-16 10:50:00,102.70011551395896,102.9918554440746,102.59789281870232,102.91638480166915,4298.990638636707,0.002105832954791609,102.44258646803279,101.69335923193499,0.36789003273044535
2025-07-17 10:50:00,102.91638480166915,102.9972691978561,102.83318112364984,102.88238478879974,1554.0171927500712,-0.000330365402311128,102.53054613218619,101.80145246437723,0.36622037491588244
2025-07-18 10:50:00,102.88238478879974,102.92142763098397,102.8247024348247,102.92118652560079,1916.9243148425962,0.00037714655313147993,102.60867421086911,101.90324646994301,0.32219273301537044
2025-07-19 10:50:00,102.92118652560079,103.04624556072831,102.89310848741793,102.94512557110735,1903.0609395102217,0.00023259589511837042,102.67596448291677,101.99796275186704,0.3219914936241608
2025-07-20 10:50:00,102.94512557110735,103.09273201881268,102.87564777485093,103.0675850220977,4513.174456659057,0.0011895604605947074,102.75428859075296,102.09520114006982,0.2970658343302891
2025-07-21 10:50:00,103.0675850220977,103.31494780786586,103.0603198542994,103.30240270425864,1360.7039737957823,0.0022782883882512817,102.8639114134541,102.20494673681425,0.28500985175317545
2025-07-22 10:50:00,103.30240270425864,103.3771316470364,103.27328451921464,103.35733112626781,4035.4400282266415,0.000531724534679201,102.96259535601685,102.30970895403729,0.248524472967966
2025-07-23 10:50:00,103.35733112626781,103.37214308988789,103.13828448089083,103.2281556205247,2025.2358767457185,-0.0012497952911080246,103.01570740891843,102.39320410553614,0.24915839359512507
2025-07-24 10:50:00,103.2281556205247,103.55178926443286,103.20753328458963,103.5135427631273,5751.580873430999,0.0027646250278046125,103.11527447976022,102.49505307440806,0.23494893087233798
2025-07-25 10:50:00,103.5135427631273,103.58888734072089,103.33434001947246,103.36016841274463,2556.9244637373486,-0.0014816839061690956,103.16425326635711,102.57369992334775,0.234402928866819
2025-07-26 10:50:00,103.36016841274463,103.37431073989086,103.00247937583339,103.09206009291043,1513.3986847989759,-0.0025939230164909732,103.14981463166778,102.62082357512617,0.2349862240571363
2025-07-27 10:50:00,103.09206009291043,103.12784772627239,102.94447420738999,103.00835827388116,1713.6462979282824,-0.0008119133418600377,103.12152336011046,102.65605400228571,0.22174311919665257
2025-07-28 10:50:00,103.00835827388116,103.08903450796821,102.88210756482704,102.9760907654966,2078.1264539803947,-0.00031325136062032577,103.09243684118769,102.6851482534867,0.22083815699966994
2025-07-29 10:50:00,102.9760907654966,103.30188543482704,102.89257551414822,103.24306360342507,1504.9573200883362,0.002592571109894193,103.12256219363518,102.73586783075382,0.24196971080333896
2025-07-30 10:50:00,103.24306360342507,103.31869976290942,103.02208872536542,103.0867443697518,3481.679816759669,-0.0015140894527667648,103.11539862885851,102.76776569793545,0.23501602595846144
2025-07-31 10:50:00,103.0867443697518,103.19601115936148,103.02323448210844,103.1932642231709,1868.1928232416494,0.0010333031086620093,103.13097174772099,102.80644738204775,0.23563664046180272
2025-08-01 10:50:00,103.1932642231709,103.253420940184,102.9247948668255,102.98592055757796,1492.4796341141775,-0.002009275190137716,103.10196150969239,102.82276312527776,0.2522009888331768
2025-08-02 10:50:00,102.98592055757796,103.04578741484133,102.94602254217641,102.98853009944516,2351.1357479307335,2.5338821589171445e-05,103.07927522764295,102.83783285020206,0.24838868878707285
2025-08-03 10:50:00,102.98853009944516,103.01318129463517,102.7386154192368,102.83556835527283,1797.5248188609032,-0.0014852308701234218,103.03053385316893,102.83762698702667,0.252494519603975
2025-08-04 10:50:00,102.83556835527283,102.84719750189191,102.55031361822999,102.5969421498735,2348.5476591924253,-0.0023204637190794575,102.94381551250986,102.81574654728547,0.2555128003250786
2025-08-05 10:50:00,102.5969421498735,103.01870786676518,102.52600881796624,102.97100844133023,3317.8727343648725,0.0036459789504281748,102.94925409827394,102.8298612649259,0.2832879375377339
2025-08-06 10:50:00,102.97100844133023,102.97115704892894,102.81904417477149,102.85129140487821,2263.5219634640207,-0.0011626285715190532,102.9296615595948,102.83180945946701,0.27744895647776247
2025-08-07 10:50:00,102.85129140487821,102.88163355575581,102.40652157462489,102.47466942172197,4771.5418140377415,-0.003661810931217757,102.83866313202024,102.79934218330837,0.28679581371259794
2025-08-08 10:50:00,102.47466942172197,102.61552827530917,102.38366448086191,102.52955914229094,9755.726277120964,0.0005356418408444252,102.77684233407439,102.77481645230678,0.2851755617982294
2025-08-09 10:50:00,102.52955914229094,103.1723049594589,102.48198373229005,103.11654474255494,4720.011090213802,0.00572503778592659,102.8447828157705,102.80588266051116,0.3079248377347566
2025-08-10 10:50:00,103.11654474255494,103.1669186569912,102.8813103624,102.88458604806969,4004.4318114227867,-0.002249480867152376,102.85274346223035,102.81303751392556,0.3152273217139562
2025-08-11 10:50:00,102.88458604806969,102.95172606030312,102.81344046312732,102.86177400979778,5918.871395366051,-0.00022172454736080205,102.85454957174385,102.8174681044594,0.31032436843071515
2025-08-12 10:50:00,102.86177400979778,103.21427541640405,102.76852807589039,103.12598011707561,4256.9182596538885,0.002568554837997006,102.9088356808102,102.84551465106087,0.31292704127606086
2025-08-13 10:50:00,103.12598011707561,103.12755783168477,102.96095692688279,102.97469825297105,15894.73527439303,-0.0014669617096759735,102.92200819524238,102.85725861487089,0.30364060322305975
2025-08-14 10:50:00,102.97469825297105,103.05361848871516,102.43205504071987,102.47560242919835,3729.463626779559,-0.004846781124297261,102.83272704203358,102.82256259799156,0.33569680113322015
2025-08-15 10:50:00,102.47560242919835,102.57045675382093,102.36480262137867,102.39385389920008,3618.6173864017346,-0.000797736515428138,102.74495241346689,102.78358907991961,0.3269130910677741
2025-08-16 10:50:00,102.39385389920008,102.4642006315268,102.19340727445754,102.28166904601848,2975.4865654622213,-0.0010956209665868855,102.65229573997722,102.7379599859286,0.33912941138236924
2025-08-17 10:50:00,102.28166904601848,102.3028421063683,102.27314678375132,102.27356619212735,3369.555713412322,-7.922097836987607e-05,102.57654983040725,102.6957423683103,0.32163865761226973
2025-08-18 10:50:00,102.27356619212735,102.32333833498,102.21004599579429,102.29846046396483,2986.220135625005,0.00024340866134187067,102.52093195711876,102.65962583155162,0.30852497586396865
2025-08-19 10:50:00,102.29846046396483,102.38782776527523,102.18682984487276,102.24716891741753,1507.079280680038,-0.0005013911872639998,102.46617934917852,102.62212974844851,0.28768918097850665
2025-08-20 10:50:00,102.24716891741753,102.25970745366982,102.02009953016176,102.10396915592463,2449.401615538333,-0.0014005254425044633,102.39373731052774,102.57502424003725,0.29393882736069293
2025-08-21 10:50:00,102.10396915592463,102.21701867306419,102.06308745089454,102.21008524868718,4827.210878481096,0.0010392944920729619,102.35700689815964,102.54184796809633,0.2709973445777446
2025-08-22 10:50:00,102.21008524868718,102.27189813485305,102.14844536054409,102.18924703102397,3941.2864425678495,-0.00020387633580887243,102.32345492473252,102.50979333745339,0.2632537002821514
2025-08-23 10:50:00,102.18924703102397,102.26390181320863,102.0932004506106,102.10281666127061,3474.849132740893,-0.0008457873236615843,102.27932727204013,102.4727954578004,0.22613799566995038
2025-08-24 10:50:00,102.10281666127061,102.33764005190478,102.08776871162353,102.31115505163346,3173.800378869516,0.002040476425386295,102.28569282795881,102.4581008754216,0.22358535607638327
2025-08-25 10:50:00,102.31115505163346,102.71167269946793,102.24119626114026,102.65250419148846,1975.4416026474978,0.0033363824275343124,102.35905510066475,102.47577390415495,0.2473132733015169
2025-08-26 10:50:00,102.65250419148846,102.77807845543819,102.64392566360759,102.68719590495563,3894.8241503687627,0.0003379529193214825,102.42468326152293,102.49499408604592,0.2250565198241554
2025-08-27 10:50:00,102.68719590495563,102.75628405774354,102.58617154409781,102.61053698948135,2419.4806600744114,-0.0007465284722083521,102.46185400711462,102.50549798635824,0.22530734902728053
2025-08-28 10:50:00,102.61053698948135,102.77780759589295,102.54734087673586,102.68240741933386,2353.6755948109167,0.000700419586147083,102.50596468955848,102.5215806620833,0.19737186839598106
2025-08-29 10:50:00,102.68240741933386,102.80629933462308,102.6782538160692,102.78600903213078,3641.1320846182302,0.0010089519266316405,102.56197355807295,102.54561960481489,0.19182839597538198
2025-08-30 10:50:00,102.78600903213078,102.88462149788243,102.61260182712623,102.69019275965611,2866.116585587314,-0.0009321917776252686,102.58761739838958,102.55876261889136,0.19191598981016458
2025-08-31 10:50:00,102.69019275965611,102.74647431368696,102.48983933118892,102.519661141003,6240.162075039164,-0.0016606417231316284,102.57402614691227,102.55520793908333,0.2081259655159542
2025-09-01 10:50:00,102.519661141003,102.54664941813604,102.05874857096421,102.06349036631453,2446.92827837255,-0.004449593079136949,102.47191899079273,102.5105063415589,0.23488371608639166
2025-09-02 10:50:00,102.06349036631453,102.14305302233126,102.00214495577481,102.01527551056842,2270.145206380501,-0.0004724006162543093,102.38059029474788,102.4654853569234,0.2305915836688186
2025-09-03 10:50:00,102.01527551056842,102.1092935483901,101.95722523619835,102.00062848103224,3210.1606222869095,-0.00014357682673371563,102.30459793200475,102.42322564093328,0.22433875428908173
2025-09-04 10:50:00,102.00062848103224,102.34001713712583,101.94345768182336,102.24889244495776,2036.3141328130828,0.0024339454336959054,102.29345683459536,102.40737716857187,0.2416693423699974
2025-09-05 10:50:00,102.24889244495776,102.64589276395024,102.23961821048145,102.56157798360317,4488.878047099454,0.003058082402347173,102.34708106439693,102.4213954244838,0.2618708980242711
2025-09-06 10:50:00,102.56157798360317,102.77812849030254,102.49337199377771,102.68086535723306,4404.331425659863,0.0011630805217228701,102.41383792296416,102.44498360018828,0.2700176933047556
2025-09-07 10:50:00,102.68086535723306,103.06191745326282,102.59450868202919,103.04676745423326,1246.2219592712704,0.0035634886376074704,102.54042382921799,102.49969122328328,0.2855560812299253
2025-09-08 10:50:00,103.04676745423326,103.06323954334377,102.94649658610128,103.04329222816688,2339.085400940505,-3.3724746076324585e-05,102.64099750900778,102.5491094964545,0.2602894040095559
2025-09-09 10:50:00,103.04329222816688,103.06317031791717,102.99801635820651,103.0186378595795,2713.2642346524062,-0.00023926223681580705,102.71652557912212,102.59179389310223,0.2553609160009884
2025-09-10 10:50:00,103.0186378595795,103.0733755533102,102.72535087540665,102.75488745583236,2340.456889347765,-0.0025602202594315893,102.72419795446417,102.60662058062316,0.2680689277336898
2025-09-11 10:50:00,102.75488745583236,102.77680719843974,102.60153908892424,102.61110376416447,1101.2669965347702,-0.0013992881042246275,102.70157911640423,102.60702814276327,0.26412616990214743
2025-09-12 10:50:00,102.61110376416447,102.6768614535013,102.54993414187047,102.58114532528488,1289.2939227994298,-0.00029196098453876385,102.67749235818037,102.60467515935613,0.26404629797907325
2025-09-13 10:50:00,102.58114532528488,102.59566055094331,102.49035829235571,102.57225240195321,3687.9686521650788,-8.669159720797737e-05,102.65644436693495,102.60172763595587,0.25213791139560116
2025-09-14 10:50:00,102.57225240195321,102.64506449095688,102.23021301340705,102.27513511162216,2059.990989195584,-0.002896663409191036,102.5801825158724,102.57203740647098,0.26343908961358614
2025-09-15 10:50:00,102.27513511162216,102.41507270169937,102.20763698024206,102.3427369072967,1452.6061050557946,0.0006609797738301726,102.53269339415726,102.55119190654605,0.2434058663482637
2025-09-16 10:50:00,102.3427369072967,102.42315927359807,102.14794913909431,102.1732589324631,5062.731958531051,-0.0016559843908328098,102.46080650181844,102.5168343634476,0.2529988712016435
2025-09-17 10:50:00,102.1732589324631,102.23021430073088,102.14464004942226,102.19343110804289,6040.217108396968,0.00019743106748815187,102.40733142306334,102.48743406750171,0.24824929542427704
2025-09-18 10:50:00,102.19343110804289,102.29088003038609,102.11339979691611,102.2135077815781,775.1265694103492,0.00019645757381403506,102.3685666947663,102.46253167787229,0.2326007795790994
2025-09-19 10:50:00,102.2135077815781,102.46829093754974,102.11308349015808,102.41932635808678,7701.261295267852,0.002013614256821006,102.3787186274304,102.45860392152815,0.22895312914501886
2025-09-20 10:50:00,102.41932635808678,102.60822333083667,102.39898050243154,102.5315818473721,3072.2747101237806,0.0010960381529248053,102.40929127141875,102.46523827842306,0.22355929570789762
2025-09-21 10:50:00,102.5315818473721,102.54844239749511,102.41509939159391,102.4808337203229,3654.8255269660017,-0.000494951176357894,102.42359976119958,102.46665604586849,0.19969745532700905
2025-09-22 10:50:00,102.4808337203229,102.52845275424838,102.21961521687095,102.27461922773107,4292.199702439622,-0.0020122249703258266,102.39380365450589,102.44919815331053,0.21341849676521868
2025-09-23 10:50:00,102.27461922773107,102.34981853311284,102.23111457913109,102.26054471165943,4028.809168598727,-0.00013761494472341873,102.3671518659366,102.43204784043316,0.21724349635601112
2025-09-24 10:50:00,102.26054471165943,102.46313638724615,102.2136267514699,102.4394746064958,1891.7872316757391,0.0017497451763131,102.38161641404845,102.43272300098431,0.21020670763263233
2025-09-25 10:50:00,102.4394746064958,102.4437551272074,102.13890808531585,102.22898311199886,2759.158970616686,-0.0020547888917384904,102.35108975363853,102.41420119289472,0.21946234565949294
2025-09-26 10:50:00,102.22898311199886,102.45492862248668,102.1695369560263,102.39139096837924,1296.6305680390062,0.001588667434972546,102.35914999658668,102.41212753612058,0.23078122814731675
2025-09-27 10:50:00,102.39139096837924,102.49758036966215,102.33041834866104,102.42047068489141,4909.585906275914,0.0002840054836363848,102.37141413424763,102.41288600419065,0.23519978260542423
2025-09-28 10:50:00,102.42047068489141,103.0163129011481,102.41854223998024,102.96031075932974,4049.311449460916,0.005270822042003909,102.48919345926406,102.46265189102148,0.24826543857814037
2025-09-29 10:50:00,102.96031075932974,103.05755550616331,102.88559235101854,102.97624148136903,3556.662247767182,0.00015472682552908346,102.58660306368506,102.50934185378034,0.2457316838415297
2025-09-30 10:50:00,102.97624148136903,103.05181910892667,102.87820266185305,102.98727139976884,2899.755367776162,0.00010711129325691182,102.66673673090182,102.55278999432474,0.23847499188223306
2025-10-01 10:50:00,102.98727139976884,102.99432548729666,102.82243858897648,102.891056164923,2789.5827219018292,-0.0009342439462480812,102.71160061770605,102.58354146437912,0.24464018095448786
2025-10-02 10:50:00,102.891056164923,103.06998387519052,102.80042719398514,102.98827537987438,2117.327759589109,0.0009448752746357147,102.76693557013972,102.62033545669688,0.25121707007844457
2025-10-03 10:50:00,102.98827537987438,103.00812348264687,102.89531070028126,103.00177171323408,1185.2526682131374,0.000131047279992913,102.8139027987586,102.65501148001844,0.2339031654337264
2025-10-04 10:50:00,103.00177171323408,103.05047712402022,102.6776609431547,102.71123943428393,6155.239345368294,-0.0028206532190437894,102.79337012586367,102.6601231122244,0.2455869763237542
2025-10-05 10:50:00,102.71123943428393,102.73349210947316,102.5422249087858,102.59170226107884,1931.7658038409647,-0.001163817843728543,102.7530365529067,102.65390303484753,0.24972441880848045
2025-10-06 10:50:00,102.59170226107884,102.62891669561665,102.39081088689669,102.45261978909488,3609.5746724784726,-0.0013556892898609618,102.69295320014434,102.63560455796092,0.24467215247580448
2025-10-07 10:50:00,102.45261978909488,102.49571966039235,102.35946957850602,102.38594433113195,4269.138379245802,-0.000650793099290059,102.63155142634187,102.61290817370373,0.24592544732613167
2025-10-08 10:50:00,102.38594433113195,102.556856108874,102.29724997670509,102.48494015169116,4484.362053943069,0.0009668887776141943,102.60222917141174,102.60127471715712,0.2466466256398933
2025-10-09 10:50:00,102.48494015169116,102.57168594957857,102.45831811196135,102.49332081668192,8196.952492029002,8.177460003722103e-05,102.58044750046578,102.59146072620483,0.2329695396202983
2025-10-10 10:50:00,102.49332081668192,102.50796829365663,102.47663764454762,102.48582796842828,2667.6011153766244,-7.310572234298096e-05,102.56152359405829,102.58185774822515,0.21482232409520105
2025-10-11 10:50:00,102.48582796842828,102.58211581182523,102.39979063344452,102.40847689188742,5215.5952353986695,-0.0007547490035860749,102.53091425362412,102.56609585219444,0.21590540676517275
2025-10-12 10:50:00,102.40847689188742,102.46740746669516,102.27570070724616,102.2860065874696,3096.8486709072336,-0.001195900067404665,102.48193272039322,102.5406331917649,0.18690084235668333
