timestamp,open,high,low,close,volume,ret_1,ema9,ema21,atr,ret_fut,vol_proxy,dir
2025-10-01 19:05:00,100.33959847766312,100.36930146452228,100.28446245029448,100.33959847766312,1605.5933468941437,0.0,100.33959847766312,100.33959847766312,0.0,-0.014825163641550287,0.0,-1
2025-10-01 19:20:00,100.33959847766312,100.4453805486787,100.30136592095988,100.3522962141069,8493.561800653652,0.0001265476106784,100.34213802495188,100.34075281733982,0.0,-0.014518901306127097,0.0,-1
2025-10-01 19:35:00,100.3522962141069,100.3727029305706,100.13385375212728,100.17317877388166,1366.8044421007733,-0.0017848863153373,100.30834617473784,100.32551881338908,0.0,-0.012559452987627062,0.0,-1
2025-10-01 19:50:00,100.17317877388166,100.183382691104,99.90561672246189,99.91961513994444,2537.0568121931715,-0.0025312527469012,100.23059996777916,100.28861847943956,0.0,-0.011909906167091977,0.0,-1
2025-10-01 20:05:00,99.91961513994444,99.99671021240214,99.82938277625348,99.915166005397,1422.332928844426,-4.4527138552297174e-05,100.16751317530272,100.2546682545266,0.0,-0.013078469576561558,0.0,-1
2025-10-01 20:20:00,99.915166005397,99.95895061927742,99.72920844610786,99.7363078141295,4774.038657067667,-0.0017901005264591,100.08127210306807,100.20754457812686,0.0,-0.010841500085346234,0.0,-1
2025-10-01 20:35:00,99.7363078141295,99.8062437253282,99.57935783170538,99.66254614819178,6903.7672271605625,-0.0007395668393418,99.99752691209284,100.15799926631458,0.0,-0.008644685800428653,0.0,-1
2025-10-01 20:50:00,99.66254614819178,99.71476025484648,99.60452055795078,99.68903605189404,3853.696596077999,0.0002657959757808,99.93582874005308,100.1153662468218,0.0,-0.008618280310174087,0.0,-1
2025-10-01 21:05:00,99.68903605189404,99.80353957347695,99.66613462792276,99.72117371643392,1772.3787013581966,0.0003223791282638,99.89289773532926,100.07953056224108,0.0,-0.006724320810140183,0.0,-1
2025-10-01 21:20:00,99.72117371643392,99.79341989773025,99.69765783892473,99.7804519061911,1724.1221084202343,0.0005944393507215,99.87040856950163,100.05234159350924,0.0,-0.008078793733587442,0.0,-1
2025-10-01 21:35:00,99.7804519061911,99.85255382220356,99.00294951058552,99.02354441170836,6741.182677560077,-0.0075857292688387,99.701035737943,99.9588145769819,0.0,-0.00022607611668024052,0.0,0
2025-10-01 21:50:00,99.02354441170836,99.07343739535852,98.8441441256644,98.92278154827162,4704.469568559927,-0.0010175647017622,99.54538490000871,99.86462975619004,0.0,0.003038795148606166,0.0,1
2025-10-01 22:05:00,98.92278154827162,99.00843914416804,98.54089976619112,98.62731424592546,1380.690826487525,-0.0029868479001672,99.36177076919206,99.75214652798417,0.0,0.007002334512589137,0.0,1
2025-10-01 22:20:00,98.62731424592546,98.66293055942216,98.55189955497208,98.5688314664378,1698.2783104058565,-0.0005929673735395,99.20318290864122,99.64457243147994,0.2407356397834113,0.006856575389982078,0.0,1
2025-10-01 22:35:00,98.5688314664378,98.74586525660666,98.554470833413,98.68551183720264,3462.335138841958,0.0011837450949649,99.09964869435352,99.55738510472746,0.2483467404238289,0.006572076949337813,0.0,1
2025-10-01 22:50:00,98.68551183720264,98.91682119548136,98.6606073435034,98.90037943986847,2431.9801928098386,0.0021772963291744,99.05979484345652,99.497657317013,0.2563609707280534,0.004164572466753613,0.0,1
2025-10-01 23:05:00,98.90037943986847,98.92340042353418,98.83050064664472,98.8520475105043,8174.28422669368,-0.0004886930630387,99.01824537686608,99.4389655164213,0.245936013474205,0.0054057788058743395,0.0,1
2025-10-01 23:20:00,98.8520475105043,98.92559282567466,98.79282399253115,98.89529112953105,5194.15283857403,0.0004374580002719,98.99365452739907,99.38954057215857,0.235579075224301,0.0001826823604094141,0.0,0
2025-10-01 23:35:00,98.89529112953105,98.98866034994576,98.88100898857108,98.91505844444993,1622.6557851206062,0.0001998812551446,98.97793531080924,99.34640583327597,0.2313164984547323,0.001217408346466442,0.0,1
2025-10-01 23:50:00,98.91505844444993,98.91881589666328,98.71696191034955,98.72958189937576,4884.863773754751,-0.0018751092906479,98.92826462852256,99.29033093019412,0.2293244851078881,0.003443577253105179,0.0,1
2025-10-02 00:05:00,98.72958189937576,98.7766937925182,98.54772265415664,98.60842854655832,1077.799662882769,-0.0012271231224386,98.86429741212972,99.22833980440905,0.229473431160655,0.003832759127422314,0.0,1
2025-10-02 00:20:00,98.60842854655832,98.74071045332302,98.51669300031578,98.6550166244505,2480.19115438064,0.0004724553324584,98.82244125459388,99.1762195153219,0.2376004137400512,0.006806350264711547,0.0,1
2025-10-02 00:35:00,98.6550166244505,98.87816169971047,98.5883338289543,98.80099475066994,3219.06514947166,0.0014796827491818,98.8181519538091,99.1421081730808,0.2484877655401922,0.009525353938700132,0.0,1
2025-10-02 00:50:00,98.80099475066994,98.84649431528,98.73960726959524,98.82988799534776,4348.056078288521,0.0002924388033815,98.82049916211685,99.11372452055964,0.2492824074601358,0.009795675804254333,0.0,1
2025-10-02 01:05:00,98.82988799534776,99.08199185400495,98.768044931639,99.0506165528009,2055.068113206211,0.0022334190792925,98.86652264025366,99.10798743258157,0.2110211653706995,0.006854905829768443,0.0,1
2025-10-02 01:20:00,99.0506165528009,99.1436943305924,98.92069034189365,98.97434621659684,3223.489169555671,-0.0007700137450776,98.8880873555223,99.0958382311284,0.210571931013887,0.005530630825782756,0.0,1
2025-10-02 01:35:00,98.97434621659684,99.03251319368955,98.96790768927944,99.00115755332784,4951.928880012035,0.0002708917790912,98.91070139508342,99.08723089678288,0.1817909400448292,0.0033460200550170516,0.0,1
2025-10-02 01:50:00,99.00115755332784,99.2495943606771,98.99504325915387,99.22338761692714,1967.3120829081024,0.0022447218708487,98.97323863945218,99.09960878043236,0.1920423755500522,-0.0017571474854881641,0.0,-1
2025-10-02 02:05:00,99.22338761692714,99.36890816755852,99.182512357037,99.31793569235369,3895.281259696877,0.0009528809456853,99.04217805003248,99.11945668151613,0.1916853317877575,-0.002596656107831552,0.0,-1
2025-10-02 02:20:00,99.31793569235369,99.40141035703256,99.18559657922124,99.24467609048988,3518.841895281355,-0.000737627109878,99.08267765812396,99.1308402641501,0.188799612204425,-0.0012905830152026843,0.0,-1
2025-10-02 02:35:00,99.24467609048988,99.43099783911096,99.14624076203124,99.33408061478151,4968.975119616729,0.0009008495751461,99.13295824945548,99.14931665966203,0.2025037050751582,-0.0028903600819015773,0.0,-1
2025-10-02 02:50:00,99.33408061478151,99.41053754754572,99.26922743363714,99.31225723703524,9460.344790575456,-0.0002196967809156,99.16881804697144,99.16412943942323,0.2031137965583797,-0.004128102125570021,0.0,-1
2025-10-02 03:05:00,99.31225723703524,99.47599435195124,99.21365115201787,99.38641981385388,964.9240789180326,0.0007467615668188,99.21233840034792,99.18433765528056,0.2141632135982821,-0.00416713556483983,0.0018545709375127307,-1
2025-10-02 03:20:00,99.38641981385388,99.43510640866872,98.83689163362313,98.91335755474798,5404.2829161319205,-0.0047598279522689,99.15254223122795,99.1597031006867,0.2424746985077003,-0.0034095664187785424,0.0020130059850424153,-1
2025-10-02 03:35:00,98.91335755474798,99.0834856127294,98.88047613926948,99.0354784621914,2898.6282374805364,0.0012346250340944,99.12912947742063,99.14840995173256,0.2406202938718706,-0.006068370574903503,0.0020191395399621666,-1
2025-10-02 03:50:00,99.0354784621914,99.13481925183928,98.95539978089536,99.06956484181303,3073.6710228391503,0.0003441835204003,99.11721655029912,99.14124221446716,0.2374347237244915,-0.005800697123332643,0.0019828173897653294,-1
2025-10-02 04:05:00,99.06956484181303,99.16342742386,98.94094497885216,98.9863709011109,2063.084180618155,-0.0008397527619605,99.09104742046148,99.12716300416204,0.2326243361710384,-0.0066533745140753275,0.0019849466172264718,-1
2025-10-02 04:20:00,98.9863709011109,99.42337781768924,98.8890085521072,99.32649722296745,2594.05079870323,0.0034360924515188,99.13813738096268,99.14528429678072,0.263158780449417,-0.009076770506453169,0.002070680591658009,-1
2025-10-02 04:35:00,99.32649722296745,99.74729036531409,99.30302667889252,99.74210919516572,7447.011386973844,0.0041843011061319,99.2589317438033,99.1995411057248,0.2724671207391052,-0.011983893648364274,0.0022024147525123608,-1
2025-10-02 04:50:00,99.74210919516572,99.82480027172969,99.72973265140293,99.79799353792096,5365.087631021413,0.0005602883597126,99.36674410262684,99.25394587228809,0.2633288087125334,-0.01452567111593106,0.0022040581615395062,-1
2025-10-02 05:05:00,99.79799353792096,99.85247824536977,99.63001289611732,99.72959920165086,4184.017201485626,-0.000685327769081,99.43931512243164,99.29718708404832,0.2746045119155563,-0.012091437030043894,0.0022070386559266703,-1
2025-10-02 05:20:00,99.72959920165086,99.807642950191,99.4994273360415,99.52173678674406,1388.6665338332891,-0.0020842600047605,99.45579945529414,99.3176006933843,0.2784376913888634,-0.00912554551267597,0.0022345885592904183,-1
2025-10-02 05:35:00,99.52173678674406,99.60458580505812,99.33180398914612,99.33241741197118,2411.14518123249,-0.0019022917091826,99.43112304662957,99.3189476678013,0.2846081203453252,-0.0030206988910613797,0.0018028257761817299,-1
2025-10-02 05:50:00,99.33241741197118,99.40655302761344,99.0468015523156,99.04903749087444,1596.5237023409377,-0.0028528443027963,99.35470593547852,99.29441037898977,0.2948893844515063,-0.0005786937340674925,0.001867520827585727,0
2025-10-02 06:05:00,99.04903749087444,99.11831910894551,98.96505175633636,99.06004116802092,2686.8905504031286,0.0001110932263979,99.295772981987,99.27310408708352,0.2854972612750371,0.0004054441897827221,0.0017838919568109156,0
2025-10-02 06:20:00,99.06004116802092,99.19341125962433,99.05708332750405,99.1165925971782,3029.3366398521216,0.0005708803316706,99.25993690502526,99.25887576981938,0.2851413911473009,0.0008435433190689956,0.0017803614149449092,0
2025-10-02 06:35:00,99.1165925971782,99.19190185274869,99.04518562525534,99.04696935340016,2954.3672189546687,-0.0007024378255313,99.21734339470024,99.2396115501449,0.276882321687301,0.0009354835775601256,0.0017770982714965034,0
2025-10-02 06:50:00,99.04696935340016,99.05004792558351,98.901551371693,98.90228609683987,3326.353632413105,-0.0014607539988836,99.15433193512818,99.20894559984444,0.2447595916047963,0.0014284421563399707,0.0017572199745041557,1
2025-10-02 07:05:00,98.90228609683987,99.0081145826555,98.83498043518946,98.97226312918546,1343.5579613020248,0.0007075370560905,99.11791817393964,99.18742901160272,0.2426256397480892,-0.0012429650518908097,0.0017591652454050286,-1
2025-10-02 07:20:00,98.97226312918546,99.010113801439,98.49414616307578,98.57610589246067,3443.4747245935923,-0.0040027096905695,99.00955571764383,99.1318541825898,0.2666647945637531,0.0027062869485012797,0.001896510819978781,1
2025-10-02 07:35:00,98.57610589246067,98.6746702356597,98.34889748841915,98.43449447881996,2277.291087498528,-0.0014365693629163,98.89454346987908,99.06845784588346,0.2740426732946608,0.0033277215663536364,0.0019101978278003883,1
2025-10-02 07:50:00,98.43449447881996,98.54794456980478,98.38439225593974,98.4948923020253,3421.5219877533223,0.0006135839222329,98.81461323630832,99.01631552371454,0.2475557481720177,0.004299443942215042,0.0018882497128245054,1
2025-10-02 08:05:00,98.4948923020253,98.49818844082426,98.23313156371192,98.32777750371665,2343.3128183637064,-0.0016966849184039,98.71724608979,98.95372115826018,0.2347552617927876,0.0047594950669518354,0.001899302882623384,1
2025-10-02 08:20:00,98.32777750371665,98.42772747518428,98.31744951472372,98.42493340246472,1462.4446492878942,0.0009880819155545,98.65878355232496,98.90564954409696,0.235841714659487,0.005393908774884881,0.0019063791289619211,1
2025-10-02 08:35:00,98.42493340246472,98.57557931933086,98.3521361451038,98.54681036630733,2617.045614444863,0.0012382732670412,98.63638891512144,98.87302780066152,0.2359115593005307,0.0006821833548376066,0.0019005125228739438,0
2025-10-02 08:50:00,98.54681036630733,98.55704991877394,98.33532187445287,98.3483607057593,3158.799383440362,-0.0020137603623127,98.57878327324902,98.82533079203404,0.2297338757413567,-0.0009512186195504979,0.0019294882970516672,0
2025-10-02 09:05:00,98.3483607057593,98.53004176240675,98.30760445840744,98.52372503287258,3240.694542091348,0.0017830935447711,98.56777162517372,98.79791208665571,0.2261378391761661,-0.004652092613585679,0.0019131107095680892,-1
2025-10-02 09:20:00,98.52372503287258,98.61457575651012,98.48065869816013,98.61354664819606,2997.674724753886,0.0009116749827873,98.5769266297782,98.7811515922503,0.2100068093941769,-0.007787004823737731,0.0019190404505690893,-1
2025-10-02 09:35:00,98.61354664819606,99.04134318577366,98.55006879352202,99.0323640888484,2214.5829316252693,0.0042470578828937,98.66801412159224,98.80398909194103,0.2341501693686406,-0.012363634086961728,0.002067627521147619,-1
2025-10-02 09:50:00,99.0323640888484,99.05429154161936,98.90147864051492,98.99171843351306,2758.4341471286216,-0.000410428002091,98.73275498397642,98.82105539572032,0.2353276671532244,-0.01489705036652822,0.0020280314356956124,-1
2025-10-02 10:05:00,98.99171843351306,99.1409763853878,98.9543828143068,99.10020448615212,2224.9681830033414,0.0010959103888263,98.80624488441156,98.84643258575956,0.2381760488380574,-0.017810411807103743,0.0020305170191774412,-1
2025-10-02 10:20:00,99.10020448615212,99.20439450791766,99.0011830337451,99.20020173667244,5555.049917578029,0.0010090519090129,98.88503625486376,98.87859341766072,0.2420842574296315,-0.018263210485233383,0.002035367395269152,-1
2025-10-02 10:35:00,99.20020173667244,99.2410859827395,99.05919816439472,99.13962616663736,2065.409770230902,-0.0006106395851481,98.93595423721848,98.90232366756769,0.2427095196352573,-0.014644085530272521,0.0020310335380050782,-1
2025-10-02 10:50:00,99.13962616663736,99.14433333669362,98.98609434289082,99.043562291659,1413.2217460426666,-0.0009689755619702,98.9574758481066,98.91516354248508,0.217157473595227,-0.01270130606584785,0.0020372526643600013,-1
2025-10-02 11:05:00,99.043562291659,99.12917151565448,98.82428096419434,98.84924406500934,1780.9873997533327,-0.0019619470680733,98.93582949148715,98.90917086271456,0.2156658881823422,-0.007602555424081836,0.0020578481162448602,-1
2025-10-02 11:20:00,98.84924406500934,98.90341093923932,98.7617403115444,98.84288112127152,3953.8640506743927,-6.437018105709402e-05,98.91723981744404,98.90314452258336,0.2141029105987613,-0.009174167710098713,0.0018794918068278294,-1
2025-10-02 11:35:00,98.84288112127152,98.91504584094764,98.73584436005623,98.76205706897024,2892.568159725391,-0.0008177023108231,98.88620326774928,98.8903183904367,0.2079703822972649,-0.007886774980037203,0.0018702723585684099,-1
2025-10-02 11:50:00,98.76205706897024,99.00963240760464,98.68293488996171,98.91836557007238,3241.807742475157,0.0015826776571996,98.8926357282139,98.89286813403994,0.2234289220960061,-0.0100538115848533,0.0018921207559917117,-1
2025-10-02 12:05:00,98.91836557007238,98.98997869669104,98.74929632432462,98.79576807568992,3807.4536045143727,-0.00123938051014,98.87326219770912,98.88404085600811,0.2246602933916739,-0.009544662689568884,0.0018988356030614087,-1
2025-10-02 12:20:00,98.79576807568992,98.99175995048644,98.76387995353032,98.95582851441172,2468.7641367320575,0.0016201143210827,98.88977546104964,98.89056700677207,0.2250997185798898,-0.011233649226678244,0.0018163722140875974,-1
2025-10-02 12:35:00,98.95582851441172,99.01166788161044,98.56518336432508,98.61403736001157,3252.5415019944526,-0.0034539769868167,98.83462784084205,98.86542794797568,0.2411030909574632,-0.009091968796387961,0.0017331068051498952,-1
2025-10-02 12:50:00,98.61403736001157,98.66948965383796,98.23242594525034,98.25480991385372,8610.153411469646,-0.0036427617788977,98.71866425544438,98.80991721760095,0.2627564231172944,-0.009570589431895149,0.0018187376722846788,-1
2025-10-02 13:05:00,98.25480991385372,98.3301389061684,97.98337588710962,98.0653835393842,1974.265189461803,-0.0019279094289184,98.58800811223236,98.74223233776308,0.2524341821749465,-0.0073170017278266775,0.0018363263791589405,-1
2025-10-02 13:20:00,98.0653835393842,98.10022588659348,97.77526411888198,97.84564248476067,1950.8237816942103,-0.0022407606710199,98.43953498673802,98.66072416930832,0.2647305297897365,-0.007897046484788506,0.0018408184472720227,-1
2025-10-02 13:35:00,97.84564248476067,97.9133725954302,97.73026891926877,97.8079641764871,2839.1498317299147,-0.0003850790624573,98.31322082468785,98.58320053359728,0.2644812515811959,-0.006110830438612935,0.001823766263864996,-1
2025-10-02 13:50:00,97.8079641764871,97.8753691935364,97.4289015277661,97.51703381813984,3060.091006966233,-0.0029745058165437,98.15398342337824,98.48627628673752,0.2818566938381762,-0.003466323659948367,0.001828988318605812,-1
2025-10-02 14:05:00,97.51703381813984,97.58115658558144,97.2419072319816,97.33518903408556,5457.619783334132,-0.0018647489257455,97.99022454551972,98.38163199104189,0.2930968034992511,-0.0024823420668378393,0.0018415106533678067,-1
2025-10-02 14:20:00,97.33518903408556,97.39721186931946,97.27175708963624,97.38848757217798,2149.2909470777504,0.0005475772803373,97.86987715085138,98.29134613478152,0.2907550739192816,-0.0018943545961878083,0.0018410588295653348,-1
2025-10-02 14:35:00,97.38848757217798,97.76721710730702,97.3403211357529,97.68781700161388,2524.3996962062974,0.0030735607143919,97.83346512100388,98.23647984994813,0.2994697467831366,-0.002330972685574473,0.0019486938534760377,-1
2025-10-02 14:50:00,97.68781700161388,97.79403880794555,97.62459125081422,97.78557969314078,3316.7354798601887,0.0010007664673812,97.82388803543128,98.19548892660198,0.3014538131714538,-0.004676258654565335,0.00195525953472885,-1
2025-10-02 15:05:00,97.78557969314078,98.17650701105104,97.75356099697032,98.09773720837651,5026.889010392693,0.0031922653239395,97.87865787002032,98.1866024067633,0.3188641369706906,-0.00923800686154752,0.002045964955378978,-1
2025-10-02 15:20:00,98.09773720837651,98.12743065218729,97.86690023782886,97.93607995291562,2319.9553075406484,-0.0016479203298798,97.8901422865994,98.1638276382317,0.3141379153075111,-0.011022393735881653,0.0019475569147026073,-1
2025-10-02 15:35:00,97.93607995291562,98.06135036730711,97.8918121185317,97.98314294830168,1630.7199805582447,0.0004805480820622,97.90874241893984,98.14740175732896,0.3090561921938684,-0.010671822451154833,0.00193780742005469,-1
2025-10-02 15:50:00,97.98314294830168,98.045068500016,97.85834086844366,97.92385896034924,2031.4365917327823,-0.0006050427264181,97.91176572722172,98.12707968487626,0.3061167375235994,-0.008291727248803449,0.0019344552323218424,-1
2025-10-02 16:05:00,97.92385896034924,97.9709319525996,97.81094039328748,97.85279579425058,4589.129482633881,-0.0007256981786984,97.8999717406275,98.10214478572848,0.2856529548112263,-0.008873535585272263,0.0019174358924169683,-1
2025-10-02 16:20:00,97.85279579425058,97.87716355149648,97.8068180371347,97.8441934479455,2055.512122042767,-8.791109375316797e-05,97.88881608209113,98.07869466411184,0.2594587980808082,-0.006442220617838945,0.0019062446518765032,-1
2025-10-02 16:35:00,97.8441934479455,97.89659289301568,97.62298886906557,97.7174416094485,1583.305158332343,-0.00129544568799,97.8545411875626,98.04585347732426,0.254233155573046,-0.004747389529516255,0.0018979016136938987,-1
2025-10-02 16:50:00,97.7174416094485,97.80386417905332,97.27873416799704,97.31445346845932,4936.372408816275,-0.0041240144476952,97.74652364374194,97.97936256742744,0.2685308872405311,-0.0012931289569720894,0.001994903744750535,-1
2025-10-02 17:05:00,97.31445346845932,97.3556108687406,97.2288865582608,97.34783895858654,5496.205439069866,0.000343068156243,97.66678670671088,97.92195133026009,0.2645037896918428,0.0005896711245791941,0.0019617049933574326,0
2025-10-02 17:20:00,97.34783895858654,97.35206841986889,97.02802706732795,97.07295089772452,8712.318973755402,-0.0028237715783188,97.5480195449136,97.84476947275684,0.2557590530326022,0.003950917292211198,0.001993656352873946,1
2025-10-02 17:35:00,97.07295089772452,97.27662959572216,96.98169972846556,97.21027629185866,3481.92536494519,0.0014146617864623,97.4804708943026,97.78708827449336,0.2525933754366574,0.0025126822213499267,0.0018329588535731754,1
2025-10-02 17:50:00,97.21027629185866,97.21948268430744,97.16411512209396,97.17900821656804,2393.1823588302645,-0.0003216540111125,97.4201783587557,97.73180826922744,0.2475871456173897,0.005357880992886921,0.0018332886252427527,1
2025-10-02 18:05:00,97.17900821656804,97.17961691341044,97.01915580656356,97.09356979976263,3864.384473337116,-0.0008791859309263,97.3548566469571,97.67378659018516,0.2285560838525851,0.008743024486180584,0.0018082702433641362,1
2025-10-02 18:20:00,97.09356979976263,97.26296619975376,97.09192483948245,97.20399924312984,2406.1244231547353,0.0011373507390337,97.32468516619166,97.63107864954378,0.2286699269340114,0.009834942475037245,0.0018121767332831974,1
2025-10-02 18:35:00,97.20399924312984,97.4881537156615,97.19922543165072,97.46010936846972,3007.98322560265,0.0026347694265058,97.35177000664729,97.61553598762796,0.2190972319290156,0.008344062450619694,0.0019020803126943808,1
2025-10-02 18:50:00,97.46010936846972,97.46366061124186,97.29749734785412,97.32830902980903,2010.026542659405,-0.0013523516391962,97.34707781127965,97.58942444600804,0.2123567211453953,0.009269058349119064,0.0019061242345608145,1
2025-10-02 19:05:00,97.32830902980903,97.38371601521116,97.14347431891218,97.19150963894324,1890.9129720934875,-0.0014055457474752,97.31596417681236,97.55325037263852,0.2174069673970779,0.011377239615648405,0.0018952796825735501,1
2025-10-02 19:20:00,97.19150963894324,97.2422970517436,96.80306211271156,96.8565899187258,1570.5999400656378,-0.0034459771379375,97.22408932519504,97.489917604101,0.2354432036442,0.016665233759317832,0.001961781144034676,1
2025-10-02 19:35:00,96.8565899187258,96.9546964905076,96.79908787232311,96.93748424355128,4077.64636672447,0.0008351969121911,97.16676830886632,97.43969638950556,0.2351301364207957,0.015280503076165797,0.001978431917718964,1
2025-10-02 19:50:00,96.93748424355128,97.12529616044004,96.8555067796646,97.11190103069973,4102.095052372438,0.0017992708239698,97.155794853233,97.4098968114323,0.2493761268789143,0.016770497271437312,0.0019864261380307777,1
2025-10-02 20:05:00,97.11190103069973,97.11350588648568,96.94547821013616,96.98449552865192,6398.26494618068,-0.0013119452991403,97.1215349883168,97.37122396754316,0.2418349591931579,0.020120187026336778,0.0019872515974494478,1
2025-10-02 20:20:00,96.98449552865192,97.2211769717719,96.93446382201786,97.21385956757932,1977.415307399091,0.002364955735215,97.13999990416931,97.356918113001,0.2248051833858529,0.020754655141791645,0.0020179312068782933,1
2025-10-02 20:35:00,97.21385956757932,97.30262762226806,97.21181150047327,97.25353885030069,2279.1277440652357,0.0004081648737932,97.1627076933956,97.34751999821006,0.2222403127654938,0.020779527662983188,0.0019532814777043646,1
2025-10-02 20:50:00,97.25353885030069,97.30280343125284,97.1684649598626,97.18861333074734,1965.081475281927,-0.0006675903038683,97.16788882086594,97.33307393753162,0.2086901069690177,0.02309036611747528,0.0018643133427213596,1
2025-10-02 21:05:00,97.18861333074734,97.43791142567702,97.14892916605923,97.4052421682606,6474.107311541942,0.0022289528586652,97.21535949034488,97.33963468577971,0.2082652778519584,0.021962173131279572,0.0018946201315684374,1
2025-10-02 21:20:00,97.4052421682606,97.4863583055767,97.32399343972968,97.45647809803232,1386.2920643305813,0.0005260079296678,97.26358321188238,97.35025681416631,0.2159079423972108,0.020617076871740636,0.0018617703246421936,1
2025-10-02 21:35:00,97.45647809803232,97.47863679474534,97.38958916686528,97.45453482482974,3992.5540819897024,-1.9939907952015723e-05,97.30177353447183,97.35973663331752,0.2108069796138676,0.021966487308288096,0.001861230191157012,1
2025-10-02 21:50:00,97.45453482482974,97.73874362976424,97.42341935656452,97.6996817775992,4287.345960498708,0.0025155007225687,97.38135518309733,97.39064073734312,0.2211129019658975,0.018803572555804005,0.0018417323682441563,1
2025-10-02 22:05:00,97.6996817775992,97.96127343093414,97.67298959622627,97.94246125797264,1204.6149161606406,0.0024849567158888,97.4935763980724,97.44080623921856,0.2210668698728324,0.016579541297733646,0.0018555477127035714,1
2025-10-02 22:20:00,97.94246125797264,98.22583365752666,97.88420888752636,98.1599949840296,3370.4568852382317,0.0022210359354148,97.62686011526384,97.50618703420136,0.2335998346308737,0.014986224129116543,0.001889053875563016,1
2025-10-02 22:35:00,98.1599949840296,98.27878416060916,98.12729780762896,98.27332260748445,6668.615670463031,0.0011545194503452,97.75615261370795,97.57592663177256,0.2272601672509608,0.011395287187270009,0.0018258756989754689,1
2025-10-02 22:50:00,98.27332260748445,98.33869915108755,98.13790801092416,98.23045080522743,2737.7534999403883,-0.0004362506641627,97.85101225201188,97.63542882935936,0.210228467331772,0.01571500063607978,0.00182291975500358,1
2025-10-02 23:05:00,98.23045080522743,98.38971800359016,98.16333007422848,98.2972807327121,1351.7484833787216,0.000680338193878,97.94026594815192,97.6955971842096,0.215284132415858,0.016711505682033945,0.0017395773875291613,1
2025-10-02 23:20:00,98.2972807327121,98.48470207725876,98.24042704725454,98.47072763085175,3741.108196056249,0.0017645136960737,98.04635828469188,97.7660635884498,0.2134616787893425,0.008806192502504473,0.0017357769443925378,1
2025-10-02 23:35:00,98.47072763085175,98.56200410061084,98.38230984477016,98.41873776973064,9692.212111571442,-0.0005279727526339,98.12083418169964,97.82539760492988,0.2142950058958561,0.006771604453308155,0.0017391391646295092,1
2025-10-02 23:50:00,98.41873776973064,98.78528200867038,98.3284195717878,98.74051590195916,3343.674709157232,0.0032694803806707,98.24477052575156,97.90859017738708,0.2264485264050384,0.0009817480726037608,0.0018186442451694769,0
2025-10-03 00:05:00,98.74051590195916,98.96764422331478,98.7125047121319,98.93584171734332,3740.281243715871,0.0019781729272927,98.38298476406992,98.00197668101949,0.2381859113613314,-0.0022791875954316643,0.0018340611485548365,-1
2025-10-03 00:20:00,98.93584171734332,99.30778924179276,98.8952854704541,99.23149969790698,7088.514381973324,0.0029883809085926,98.55268775083734,98.11375150073653,0.2580548613576466,-0.0036155813119751468,0.0018903609154844818,-1
2025-10-03 00:35:00,99.23149969790698,99.32751174254386,99.17765717773378,99.27442145116352,4833.721020018136,0.0004325416161925,98.69703449090258,98.21926695077534,0.2481171688713825,-0.002355757431083405,0.0018636258700752745,-1
2025-10-03 00:50:00,99.27442145116352,99.5286843177582,99.18690738590684,99.43273399500404,5718.098365079362,0.0015946962120385,98.84417439172287,98.3295821366143,0.2609323164431205,-0.007448741510926338,0.0016705130243916692,-1
2025-10-03 01:05:00,99.43273399500404,99.6407117721667,99.38644006164816,99.54447296065416,2327.133551324986,0.0011237643898611,98.98423410550912,98.44002675698157,0.2727340366315829,-0.009729364402034868,0.0016712170043553787,-1
2025-10-03 01:20:00,99.54447296065416,99.61351454800722,99.43240589691558,99.46574579862856,5038.905149229598,-0.0007908742663863,99.08053644413305,98.53327394258584,0.2631472064810042,-0.006258681996771043,0.001568469455945665,-1
2025-10-03 01:35:00,99.46574579862856,99.64121474923202,99.427083771656,99.59526862719449,11019.21316548606,0.0013021852651475,99.18348288074532,98.6298189139139,0.2578505738287293,-0.009236086003091448,0.0015670861068939276,-1
2025-10-03 01:50:00,99.59526862719449,99.6252190034198,99.4419197446968,99.53678483258324,2871.514511354265,-0.0005872145877747,99.25414327111292,98.71227036106563,0.2465416087374927,-0.010299035183981342,0.0015736823431756566,-1
2025-10-03 02:05:00,99.53678483258324,99.60325163784448,99.49627140865849,99.56630233920087,2633.7786405979236,0.0002965487248487,99.31657508473052,98.78990963180522,0.2433625998950503,-0.010484526919550707,0.0015479171179634027,-1
2025-10-03 02:20:00,99.56630233920087,99.67985539976571,99.52008322241495,99.63104266937322,3930.184703547376,0.0006502233049872,99.37946860165906,98.86637627158412,0.2404326739798626,-0.010158029805314106,0.0015467590548870886,-1
2025-10-03 02:35:00,99.63104266937322,99.63928388426656,99.34468821047754,99.39317534144396,3557.304990047144,-0.002387482069405,99.38220994961604,98.91426709611684,0.2453046557246716,-0.007041465295867466,0.0016053538034020156,-1
2025-10-03 02:50:00,99.39317534144396,99.86731069340804,99.31855865950804,99.774142402114,3456.193598699564,0.0038329297696881,99.46059644011564,98.9924375784802,0.267053013145799,-0.011087472727091985,0.0016610755588722928,-1
2025-10-03 03:05:00,99.774142402114,99.97315832993364,99.6896082184834,99.9399762982053,3962.743553306015,0.0016620929240658,99.55647241173358,99.07857746209156,0.2744712885464803,-0.017203702858770598,0.0016190269299519164,-1
2025-10-03 03:20:00,99.9399762982053,99.9604314157835,99.29278195701096,99.33787981423072,4502.018982702324,-0.0060245810162893,99.51275389223302,99.10215040319513,0.2895275043957629,-0.013017433702705583,0.0018834977769202701,-1
2025-10-03 03:35:00,99.33787981423072,99.3806279765551,99.0207179084767,99.08519053270112,7624.881418516495,-0.0025437354008576,99.42724122032664,99.10060859678656,0.2970111156025865,-0.011088065141603431,0.001973587360397593,-1
2025-10-03 03:50:00,99.08519053270112,99.08587657049944,98.83652033346009,98.8374542131338,1031.2909233493992,-0.0025002355875327,99.30928381888808,99.07668547099996,0.2853577202954938,-0.005316156623520585,0.0020406313959620047,-1
2025-10-03 04:05:00,98.8374542131338,98.85159340116417,98.64951608379062,98.71034837415756,1153.2274153996657,-0.0012860088312488,99.189496729942,99.04338209855972,0.2890879169071689,-0.0046949216784255565,0.0020398719542109194,-1
2025-10-03 04:20:00,98.71034837415756,98.92026222901517,98.63719565934376,98.87272014203997,1871.8555915769025,0.0016449315655024,99.1261414123616,99.02786737523977,0.2848943196086019,-0.008582467801976246,0.002023147329608972,-1
2025-10-03 04:35:00,98.87272014203997,99.08264618278312,98.80929546846868,99.04055499511344,1803.2745029356763,0.0016974839251147,99.10902412891195,99.02902079522826,0.286257105594023,-0.00952128628903548,0.002033436981887023,-1
2025-10-03 04:50:00,99.04055499511344,99.07190813350104,98.59877146850108,98.69208526175056,3228.302119694014,-0.0035184549741271,99.02563635547968,98.99839029218484,0.3071162494446174,-0.003922525693170531,0.0021486481556353817,-1
2025-10-03 05:05:00,98.69208526175056,98.777507956055,98.48528236285652,98.57596850901145,1425.4888763381505,-0.0011765558750851,98.93570278618606,98.95998831189634,0.3126944362747932,-0.00259497261861652,0.0021436660730957528,-1
2025-10-03 05:20:00,98.57596850901145,98.85060810081224,98.56361887222182,98.84322132610328,4244.123641151664,0.0027111355955624,98.9172064941695,98.9493731313697,0.3201008626938945,-0.0042311158634417145,0.0021830511171951734,-1
2025-10-03 05:35:00,98.84322132610328,98.84432004721415,98.66652849913758,98.67539816065272,2816.691168653377,-0.0016978722789383,98.86884482746616,98.92446631584995,0.3251588140432225,-0.00011768330203454358,0.0022144778360718475,0
2025-10-03 05:50:00,98.67539816065272,98.69018175712284,98.48683818880248,98.51165198349209,6141.385737029397,-0.0016594427812093,98.79740625867134,98.88693774018108,0.328271056255338,0.002141179890634337,0.002208280751590091,1
2025-10-03 06:05:00,98.51165198349209,98.5672556544918,98.4611917517688,98.5223967620454,4055.308633087387,0.0001090711437377,98.74240435934615,98.85379765125964,0.3148045011791944,0.0019728298426087143,0.002170717911468298,1
2025-10-03 06:20:00,98.5223967620454,98.66222413075116,98.49175843581976,98.6189875684032,899.6991069060093,0.0009803944030217,98.7177210011576,98.83245128009086,0.2877840483957224,0.003231273927051026,0.002144129735904834,1
2025-10-03 06:35:00,98.6189875684032,98.73544344703932,98.5945040342096,98.69330174663112,10130.53885599997,0.0007535483790721,98.7128371502523,98.8198013225036,0.2775975699228295,0.001334077894167729,0.0021392240326058285,1
2025-10-03 06:50:00,98.69330174663112,98.78950248775276,98.59745720554656,98.66789931936157,4791.457143557825,-0.0002573875513331,98.70384958407416,98.8059920494907,0.2436258430252351,0.00042947850938679366,0.0021379152351806148,0
2025-10-03 07:05:00,98.66789931936157,98.69851639145222,98.21477539127213,98.2206386422584,7110.336096473671,-0.0045329907719581,98.607207395711,98.75277810337867,0.2524709096039267,0.005394454250451597,0.002288808303031604,1
2025-10-03 07:20:00,98.2206386422584,98.31757564448948,97.94935619125066,98.04475554958164,1089.4680399790384,-0.0017906938410099,98.49471702648516,98.68841241666983,0.2609611393324594,0.006749186938823426,0.0022855844445529732,1
2025-10-03 07:35:00,98.04475554958164,98.07274394028629,97.94677951496894,97.98652748550634,1243.3585568709473,-0.0005938926947077,98.3930791182894,98.62460469565498,0.2555245041855879,0.008143091773984867,0.002285981649936662,1
2025-10-03 07:50:00,97.98652748550634,98.4054584244248,97.89634788079472,98.31201882626674,2900.1776373895727,0.0033217968746626,98.37686705988487,98.59618779843788,0.2716705023254938,0.0044672922853776775,0.002288512315318079,1
2025-10-03 08:05:00,98.31201882626674,98.35481623388652,98.15789689896395,98.24691101969078,878.4478574318935,-0.0006622568364811,98.35087585184608,98.56443536400631,0.2662111180832178,0.008372008158024524,0.00225731239011216,1
2025-10-03 08:20:00,98.24691101969078,98.29131820922932,97.9370234439548,98.0241482049271,5842.522651716816,-0.0022673772890329,98.28553032246228,98.51531834954456,0.2577224109599711,0.0077315774898356615,0.0022073004835047633,1
2025-10-03 08:35:00,98.0241482049271,98.11937735435691,98.00511394531829,98.09756151678,1883.6211113767397,0.000748930882821,98.24793656132584,98.47734045565689,0.2450108263771245,0.00445732570228663,0.0022117621382323573,1
2025-10-03 08:50:00,98.09756151678,98.33699723256788,98.0642011025638,98.30496302159877,3243.852097188894,0.0021142371085676,98.25934185338042,98.4616697798334,0.2439970336209569,0.003948686280143887,0.002228494718029302,1
2025-10-03 09:05:00,98.30496302159877,98.33967699559376,98.259272794002,98.32016656987696,5694.5751190760375,0.0001546569757098,98.27150679667972,98.44880585165556,0.2370407945863267,0.0011265806570914805,0.0022143043648572033,1
2025-10-03 09:20:00,98.32016656987696,98.44583489858265,98.2826258101168,98.42500420435672,2398.0416813690094,0.0010662882106211,98.30220627821514,98.44664206553747,0.2341740460252868,0.0009303587475422148,0.0022276017526927936,0
2025-10-03 09:35:00,98.42500420435672,98.75032144496974,98.38583719274052,98.6637857139676,10462.887430149767,0.0024260248860659,98.37452216536563,98.46638239721294,0.2526326424185886,-0.0014187084392707217,0.0022626862701868376,-1
2025-10-03 09:50:00,98.6637857139676,98.74812941163052,98.62163195574762,98.7225831517123,3384.9339633277655,0.0005959373778252,98.44413436263495,98.48967337489468,0.2494920539151246,0.001406285339961677,0.0022673537291300477,1
2025-10-03 10:05:00,98.7225831517123,98.77925820093726,98.65389481701357,98.7167646865429,2429.2991685474344,-5.893752962737864e-05,98.49866042741655,98.51031803958998,0.248379480421836,0.0025554549327180265,0.0022654385895677586,1
2025-10-03 10:20:00,98.7167646865429,98.95515223406667,98.64683879899172,98.93765253164516,9207.587531111692,0.0022375920220201,98.5864588482623,98.5491666297768,0.256684348483888,0.002377611853962902,0.00230319538956931,1
2025-10-03 10:35:00,98.93765253164516,98.98795162145149,98.7648230519266,98.82496629879373,2246.663761712462,-0.0011389620631578,98.6341603383686,98.57423932696015,0.2380691748656573,0.0048517794781597345,0.002275627678712654,1
2025-10-03 10:50:00,98.82496629879373,98.83912742643314,98.69911858926666,98.71027506168556,2315.45765858654,-0.0011605492154824,98.649383283032,98.5866062119352,0.2217684165747755,0.0030614277583342897,0.0021600864766221483,1
2025-10-03 11:05:00,98.71027506168556,98.76891907279985,98.6533575553469,98.7504853838642,7265.733046236075,0.0004073570066895,98.66960370319843,98.60150431847418,0.2210253517273191,0.007355590486963326,0.002133938612169358,1
2025-10-03 11:20:00,98.7504853838642,98.78058854882688,98.6565955450535,98.706477933157,2593.1405321701177,-0.0004456428799931,98.67697854919015,98.61104737435444,0.1935169560232676,0.006945459635970153,0.0018686239489541423,1
2025-10-03 11:35:00,98.706477933157,98.7994184624687,98.69931681329604,98.78444077143492,4842.531088039033,0.0007898452047971,98.69847099363912,98.62681041045266,0.186601407041131,0.005327965391338063,0.0018260437673590212,1
2025-10-03 11:50:00,98.78444077143492,98.78914180360154,98.68695345738512,98.75120734952922,3660.393600404449,-0.0003364236477544,98.70901826481716,98.63811922309598,0.1685938056798386,0.0030610635208323522,0.0017733447049729707,1
2025-10-03 12:05:00,98.75120734952922,99.0996225616587,98.67842838237992,99.06943496024834,4804.127587049793,0.0032225186836729,98.7811016039034,98.67732974465528,0.1905174321255631,-0.0035833926844286434,0.0018475366336540432,-1
2025-10-03 12:20:00,99.06943496024834,99.15960190598052,98.70292066278756,98.78202950264864,3118.931463945796,-0.0029010507399684,98.78128718365244,98.68684790447286,0.2036520830676258,0.00014514129666309827,0.0019001394256594124,0
2025-10-03 12:35:00,98.78202950264864,98.84242988688926,98.4959934243429,98.5348142990604,1959.1340948496872,-0.0025026333720103,98.73199260673404,98.67302666761718,0.222654387421526,-0.0003438952382420757,0.0019221180436038768,0
2025-10-03 12:50:00,98.5348142990604,98.7377472488798,98.50549027062928,98.6931384803522,4580.069182435915,0.001606784185042,98.72422178145769,98.67485501422944,0.2275863795490055,-0.0014477441816197478,0.0018450758681974426,-1
2025-10-03 13:05:00,98.6931384803522,98.73890381855573,98.33890268762084,98.4309321677366,5318.518246910862,-0.0026567836087996,98.66556385871348,98.65268021000284,0.230123299456553,0.0003572052269145143,0.0018934953859911625,0
2025-10-03 13:20:00,98.4309321677366,98.53048211913028,98.3785143951414,98.51657476799512,7213.297416504007,0.0008700781184574,98.6357660405698,98.64030698800212,0.2319426043212646,-0.0025979742605216627,0.0018341113961931122,-1
2025-10-03 13:35:00,98.51657476799512,98.54768145579956,98.48374622399211,98.5238105685248,4346.317912483429,7.344754470728354e-05,98.6133749461608,98.62971640441329,0.2275548791701029,-0.004562087272858006,0.0018109714458426477,-1
2025-10-03 13:50:00,98.5238105685248,98.87213338195048,98.5029849507836,98.8614152731217,2301.893134420928,0.0034266306048129,98.66298301155298,98.6507799379322,0.231900236033812,-0.011432512823235985,0.0018864572141481573,-1
2025-10-03 14:05:00,98.8614152731217,99.06517259292026,98.84962930828114,98.9690309298031,5648.720433308,0.0010885506381239,98.724192595203,98.6797118462841,0.2313584299705451,-0.012341445220243275,0.0018943298669822774,-1
2025-10-03 14:20:00,98.9690309298031,99.2004705236177,98.92020915374503,99.17288786710766,3031.6083099195635,0.0020598053288927,98.81393164958396,98.72454602999534,0.2413764680209859,-0.014607042398256054,0.0019191677727379665,-1
2025-10-03 14:35:00,99.17288786710766,99.32333816618086,99.09254074406304,99.30444324221205,5057.333719181698,0.0013265256052708,98.91203396810955,98.77726395837868,0.2496076040684778,-0.018454869575223132,0.0019273774056564996,-1
2025-10-03 14:50:00,99.30444324221205,99.37061279384372,99.00085657864092,99.01246943779222,6643.2992461234235,-0.0029401887255705,98.93212106204612,98.798646274689,0.2671621191705802,-0.015513028581285226,0.00200448440967915,-1
2025-10-03 15:05:00,99.01246943779222,99.48700673003496,98.9429551872676,99.47685351473676,2591.3032457356894,0.0046901575082551,99.04106755258424,98.8603014783297,0.2988728258559184,-0.021791676244948377,0.001978125069079918,-1
2025-10-03 15:20:00,99.47685351473676,99.49379380612729,99.32785527979024,99.39203979145051,980.6344926752288,-0.000852597567068,99.11126200035751,98.90864132497704,0.3034264101502494,-0.023878964037723938,0.0019513961739972194,-1
2025-10-03 15:35:00,99.39203979145051,99.45311528112606,99.2957630696214,99.3107608530678,5064.545275194171,-0.0008177610455853,99.15116177089958,98.94519764571255,0.2845805553092425,-0.0218116078276559,0.0019555763250552853,-1
2025-10-03 15:50:00,99.3107608530678,99.39063323537876,98.95538536921497,99.05349106798502,2534.5950446081974,-0.002590552955922,99.13162763031669,98.9550425022828,0.283049599807161,-0.01802246266682883,0.0019520070108765425,-1
2025-10-03 16:05:00,99.05349106798502,99.1385235462576,98.63180271977888,98.71443027176132,3502.849565054311,-0.0034230070295149,99.0481881586056,98.93316866314449,0.2944984829451859,-0.01450418544926868,0.002051492736376584,-1
2025-10-03 16:20:00,98.71443027176132,98.85877552067076,98.66787908839254,98.79636685449768,1966.5233636583384,0.000830036525671,98.99782389778404,98.92073213508569,0.291544158232878,-0.014501192933991658,0.002006310396495428,-1
2025-10-03 16:35:00,98.79636685449768,98.88436609830676,98.44193032243318,98.50092864562188,3028.8115600440337,-0.0029903752362769,98.8984448473516,98.88256818149804,0.2945752042999276,-0.012215146393117826,0.002083552431205517,-1
2025-10-03 16:50:00,98.50092864562188,98.6393201608993,98.47421852972334,98.55025606335148,4473.838817078111,0.0005007812454955,98.82880709055158,98.85235798893926,0.2955133405275774,-0.009480129174297192,0.002053297531784655,-1
2025-10-03 17:05:00,98.55025606335148,98.62689441341593,98.3823438746962,98.466092211197,3037.35196298266,-0.0008540196191917,98.75626411468068,98.81724291823542,0.308414433878455,-0.007799418621347587,0.0020598451507430073,-1
2025-10-03 17:20:00,98.466092211197,98.48670864778352,98.19516789869654,98.26063124251311,3009.772771385015,-0.0020866164592294,98.65713754024718,98.76664185680612,0.302871028015606,-0.0008829670949667134,0.0020848407295285167,0
2025-10-03 17:35:00,98.26063124251311,98.27088696247549,98.03715761270884,98.07433634625666,1990.3648987323263,-0.001895926108969,98.54057730144908,98.7037049922107,0.3041700326675699,0.0006774201359589505,0.0020590893351222854,0
2025-10-03 17:50:00,98.07433634625666,98.0768076131123,97.72286970331126,97.73118087528847,1999.955404889418,-0.0034989323787687,98.37869801621696,98.61529370885414,0.3094326426624545,0.00519209627602879,0.0021348269628898276,1
2025-10-03 18:05:00,97.73118087528847,97.75893092216486,97.67507294721268,97.74761005608237,3934.060115496384,0.0001681058250471,98.25248042419004,98.53641337678395,0.2989369678649081,0.006223980406262042,0.0021360760226256767,1
2025-10-03 18:20:00,97.74761005608237,97.784461269363,97.62964173408476,97.72426528927532,3385.088119359182,-0.0002388269830193,98.14683739720712,98.462581732465,0.2835843478702965,0.006424691238092972,0.00208520263485891,1
2025-10-03 18:35:00,97.72426528927532,97.76560076419138,97.4629020071,97.47179269393688,3425.474831293782,-0.002583520015127,98.01182845655306,98.3725100016897,0.2663448631791527,0.009792456144180672,0.002117473276327138,1
2025-10-03 18:50:00,97.47179269393688,97.54738350373788,97.39898555899292,97.47648616950012,3073.656068687952,4.815214159448189e-05,97.90475999914248,98.29105328967246,0.2650919644940036,0.00996838493796215,0.002114774005146626,1
2025-10-03 19:05:00,97.47648616950012,97.52237194373772,97.23525116193424,97.30908612907746,3630.32284875232,-0.0017173376575309,97.7856252251295,98.2017835478002,0.2743611480867756,0.007826305651649212,0.002122246623518542,1
2025-10-03 19:20:00,97.30908612907746,97.33136490919884,97.01217769600584,97.01866084763444,1812.1849474254532,-0.0029845648849048,97.63223234963048,98.0942269386942,0.266071101446003,0.00931888250633639,0.0021687501317218523,1
2025-10-03 19:35:00,97.01866084763444,97.1932745453121,96.96704692039782,97.14463348427456,4760.115989601981,0.0012984371824915,97.5347125765593,98.00790026101969,0.2460358727628287,0.009441560632146961,0.002180615218800975,1
2025-10-03 19:50:00,97.14463348427456,97.32982022120169,97.05655852903968,97.2683032231932,2241.453840947057,0.0012730475630304,97.48143070588608,97.94066416667182,0.2519191056116686,0.011388271829156027,0.0022034434726518367,1
2025-10-03 20:05:00,97.2683032231932,97.29755663812897,97.19026162157718,97.28265786858078,2765.854741434983,0.000147577832777,97.44167613842502,97.8808454122999,0.2279804799458265,0.010889064393781345,0.002101911973682417,1
2025-10-03 20:20:00,97.28265786858078,97.41067043528336,97.25446078412884,97.36370167756318,2474.2667020934955,0.0008330756042036,97.42608124625266,97.83383234550566,0.2273453385157243,0.012429091256157987,0.0020715559384502607,1
2025-10-03 20:35:00,97.36370167756318,97.44189559247285,97.29389795535268,97.29772538235756,3547.99624056333,-0.0006776272272813,97.40041007347364,97.78509534885583,0.2204487026871849,0.01329646991674105,0.0020380670056086535,1
2025-10-03 20:50:00,97.29772538235756,97.6920296078658,97.29300122155054,97.61598690571084,2456.22813002505,0.0032710068205867,97.44352543992107,97.76972185402448,0.2281263910606331,0.006965484762795571,0.0021106763844858747,1
2025-10-03 21:05:00,97.61598690571084,97.71618807355502,97.5321983110574,97.69811393803366,3587.226518486116,0.0008413276854142,97.4944431395436,97.76321204347984,0.2245735633985625,0.00824851831191209,0.002077174920003773,1
2025-10-03 21:20:00,97.69811393803366,98.2165167086926,97.64147853498108,98.17387033839532,5183.447662148875,0.0048696579819689,97.63032857931395,97.80054461574488,0.2403664393921677,0.0025978463452360767,0.0022580468732619216,1
2025-10-03 21:35:00,98.17387033839532,98.17697504601844,98.0531950148722,98.14077387651842,1585.711263919183,-0.0003371208832128,97.73241763875484,97.83147454854247,0.2432180148346004,0.0033036593735100706,0.002258158303860321,1
2025-10-03 21:50:00,98.14077387651842,98.28806706275196,98.0781704006324,98.23861057556296,4043.035130956672,0.0009969016462785,97.83365622611647,97.86848691463524,0.2471520953232675,0.002990632367450674,0.002174379184437966,1
2025-10-03 22:05:00,98.23861057556296,98.4452032928606,98.23860847895864,98.35598926583036,6438.711163674872,0.0011948325569721,97.93812283405929,97.91280531019844,0.2402875279525947,0.0017833908217879113,0.0021764834613292854,1
2025-10-03 22:20:00,98.35598926583036,98.36864873167023,98.30624465003368,98.3521135202284,3461.910134407117,-3.940528310397706e-05,98.0209209712931,97.95274242020116,0.2341451091591377,0.0034592522568888118,0.002137718269412674,1
2025-10-03 22:35:00,98.3521135202284,98.4459435000651,98.31490192239232,98.42628094918692,2809.105071632245,0.00075410101831,98.10199296687188,97.99579137738168,0.222996594578374,0.002379597376413578,0.002126401061405157,1
2025-10-03 22:50:00,98.42628094918692,98.45680268712916,98.33476341478794,98.44816930603764,1374.1957629691333,0.0002223832561751,98.17122823470504,98.03691664362312,0.208914598803247,0.0017653476059531492,0.002071331476947849,1
2025-10-03 23:05:00,98.44816930603764,98.48787048267792,98.03007091772668,98.07065677980628,2992.070114140126,-0.0038346322627678,98.15111394372528,98.03998392873068,0.2254554516630317,0.008634321786390897,0.001970991950568753,1
2025-10-03 23:20:00,98.07065677980628,98.11346167941343,97.85010979330175,97.92276634899564,1520.3567601994682,-0.0015079987803353,98.10544442477936,98.0293277851184,0.2247476083737244,0.007393961549087225,0.0019787762809789387,1
2025-10-03 23:35:00,97.92276634899564,98.08841535874087,97.86208146727304,98.06183043140403,4940.460364258626,0.0014201404596025,98.09672162610433,98.03228257114438,0.2332503851534428,0.0036854930607297387,0.0020052179451055326,1
2025-10-03 23:50:00,98.06183043140403,98.43869459480932,97.9680654143978,98.3760211006597,4230.074390234963,0.0032040057571169,98.1525815210154,98.06353152837303,0.2557089229575138,0.001590340679563429,0.002061264862251476,1
2025-10-04 00:05:00,98.3760211006597,98.38484838574004,98.25793815959058,98.34197499450995,3145.4212687017884,-0.0003460813495893,98.19046021571432,98.08884457074912,0.254202679316749,0.0006288005045675948,0.0019766958746074096,0
2025-10-04 00:20:00,98.34197499450995,98.57943261690868,98.26399987813362,98.57384401075096,4074.290086191079,0.0023577827906542,98.26713697472164,98.1329354289311,0.2482315616353056,-0.000424655710105859,0.002018299430616766,0
2025-10-04 00:35:00,98.57384401075096,98.6319274683418,98.54523813350774,98.5914416608714,1452.5159609531154,0.0001785225106827,98.3319979119516,98.17461781365294,0.2412815310879088,-0.0006975221165408385,0.001946786433802434,0
2025-10-04 00:50:00,98.5914416608714,98.67239063577615,98.21000787658912,98.29592957510782,9784.364298483188,-0.0029973401421603,98.32478424458286,98.18564615560338,0.2332347157647325,9.005258646577197e-05,0.002016495032600777,0
2025-10-04 01:05:00,98.29592957510782,98.54163607252352,98.26701792041275,98.5039786198908,5019.024319208406,0.0021165580882369,98.36062311964446,98.2145854705386,0.2440088672621994,-0.0023684213612018556,0.0020477884093838597,-1
2025-10-04 01:20:00,98.5039786198908,98.55389943204814,98.42766983542376,98.4289109686516,2266.1790915263387,-0.0007620773525184,98.3742806894459,98.23406960673069,0.2380326482982571,-0.002008138838739959,0.0020171146774969964,-1
2025-10-04 01:35:00,98.4289109686516,98.51056989424843,98.35120608217856,98.46499756405912,4178.962926687896,0.0003666259745473,98.39242406436856,98.25506305739692,0.2346590053102529,-0.0012122669511124284,0.001985920714063653,-1
2025-10-04 01:50:00,98.46499756405912,98.59028977129113,98.4519082456326,98.53240614408362,3269.353425407435,0.0006845943400408,98.42042048031158,98.28027606527752,0.2400859655975346,-0.0034718661466132117,0.001874136558416146,-1
2025-10-04 02:05:00,98.53240614408362,98.59486874060818,98.52984794741394,98.53139643435492,2521.617507837267,-1.0247488803072358e-05,98.44261567112024,98.3031051897391,0.235370195277638,-0.0006528599527524381,0.0018746742238838921,0
2025-10-04 02:20:00,98.53139643435492,98.69922898106584,98.47319679444593,98.69233829089303,3746.3283029355607,0.0016334068364225,98.49256019507482,98.33849001711673,0.2427982605832598,-0.0040086070373086535,0.0018880517458505343,-1
2025-10-04 02:35:00,98.69233829089303,98.692494358827,98.57301696051772,98.66049586910376,1749.3338138060572,-0.0003226433007944,98.52614732988062,98.36776327638827,0.2186323915374046,-0.0022041445529660253,0.0018172629727896826,-1
2025-10-04 02:50:00,98.66049586910376,98.73408718291611,98.52835902611146,98.62196454603252,1534.1813870453104,-0.0003905445916505,98.545310773111,98.39087248271956,0.2145164108726181,0.00031271060599991074,0.001821500629102248,0
2025-10-04 03:05:00,98.62196454603252,98.94850204273982,98.59045188458757,98.91743038824583,7360.696870356002,0.0029959435869422,98.61973469613798,98.43874138322197,0.2239247156357901,0.00018351432199481543,0.0018380276204386522,0
2025-10-04 03:20:00,98.91743038824583,98.96939820544225,98.5780457376976,98.64680351816035,2234.925066922398,-0.0027358865775556,98.62514846054246,98.4576561227618,0.2182620933024413,0.002091457617196646,0.0018232243676747225,1
2025-10-04 03:35:00,98.64680351816035,98.64804305664912,98.40633879223952,98.42323662698142,5640.9484189139075,-0.0022663369030276,98.58476609383024,98.45452707769086,0.2264616674638802,0.002929205538174884,0.0018821928737531,1
2025-10-04 03:50:00,98.42323662698142,98.54156392651304,98.3550062467311,98.53247248890968,2000.3865061607737,0.0011098584609878,98.57430737284616,98.46161302416527,0.2172563061072299,0.0024769996650089166,0.0018800000617468237,1
2025-10-04 04:05:00,98.53247248890968,98.55124636600893,98.32269198439172,98.40381247800669,1720.041459784493,-0.0013057625334377,98.54020839387826,98.45635842905996,0.227389523734595,0.005582371217109694,0.0019038313188622575,1
2025-10-04 04:20:00,98.40381247800669,98.53334316103704,98.398813714766,98.53198406502472,1832.725712952134,0.0013025063134286,98.53856352810756,98.46323348687494,0.2039714299548813,0.0056348530487067006,0.0019093953022967301,1
2025-10-04 04:35:00,98.53198406502472,98.58011474994083,98.46974235447104,98.5226719498113,2916.2375283830174,-9.45085527486178e-05,98.53538521244832,98.46863698350552,0.1922395901948123,0.006276593866588964,0.0019017969868616869,1
2025-10-04 04:50:00,98.5226719498113,98.57960166012862,98.28459200948572,98.30478137780511,4271.141813945271,-0.0022115779819408,98.48926444551968,98.45374101935091,0.2042953083389918,0.008312449109668885,0.001880984210219026,1
2025-10-04 05:05:00,98.30478137780511,98.34286682144518,98.17620029857753,98.27067969276408,4938.009538136968,-0.0003468975217997,98.44554749496857,98.4370990805703,0.2048169305388338,0.012389965917677603,0.0018800810069594647,1
2025-10-04 05:20:00,98.27067969276408,98.30087557872726,98.13900676420292,98.23125204968058,7506.936383032514,-0.0004012147184366,98.40268840591098,98.41838571412578,0.2064945940292497,0.014227403648735315,0.0016761927097686056,1
2025-10-04 05:35:00,98.23125204968058,98.38249449371403,98.17880613886004,98.34563170167084,2581.7210313658884,0.0011643916737662,98.39127706506297,98.41177171299351,0.2163994198620886,0.012517719745384515,0.0016868663571810052,1
2025-10-04 05:50:00,98.34563170167084,98.40834030817612,98.15737130228769,98.19031481884764,1754.298329982809,-0.0015792962039673,98.3510846158199,98.39163926807116,0.2181806212384113,0.012679103583133067,0.0017024354924930784,1
2025-10-04 06:05:00,98.19031481884764,98.5429286218517,98.14583850714152,98.46706923153415,4466.896912906309,0.0028185510271263,98.37428153896276,98.39849653747687,0.2380101009813314,0.005860653378498615,0.0017627548321150473,1
2025-10-04 06:20:00,98.46706923153415,98.51101212121632,98.2926822163408,98.29671948909171,1833.6878511278703,-0.0017300173933466,98.35876912898856,98.38924407853278,0.2389102258435349,0.008702790667602489,0.0017902323638597517,1
2025-10-04 06:35:00,98.29671948909171,98.52823196600352,98.22559753619942,98.44303387454094,3201.1823758444557,0.001488497136117,98.37562207809904,98.39413405998806,0.2349519595329527,0.0051615024180651226,0.001805069642205289,1
2025-10-04 06:50:00,98.44303387454094,98.66918720900972,98.40582197605124,98.6528046803306,2004.800605770234,0.0021308852189276,98.43105859854536,98.41764957092828,0.225810014191085,0.005994432867753474,0.001843538288041461,1
2025-10-04 07:05:00,98.6528046803306,98.94608243408084,98.64091472562664,98.935583153417,4755.9055819068635,0.0028664007475784,98.5319635095197,98.46473444206364,0.2303431173371279,0.00361558478393742,0.0017650230452113573,1
2025-10-04 07:20:00,98.935583153417,99.01169107051923,98.81861290666356,98.85311912679052,2014.557764510988,-0.0008335123117292,98.59619463297388,98.50004214067516,0.2308088661995364,0.0038402987154584345,0.0017469671448802169,1
2025-10-04 07:35:00,98.85311912679052,98.9454739203034,98.66089918094296,98.71153851679428,1747.8713158714872,-0.0014322320959306,98.61926340973795,98.51926908395872,0.2348103203240543,0.006157664742359126,0.0017605295943259886,1
2025-10-04 07:50:00,98.71153851679428,98.82406886559828,98.67275795288852,98.7765373902572,4504.555453586772,0.0006584729043794,98.65071820584184,98.54265711180405,0.2360089964982482,0.0010095655002315684,0.0016762785338979868,1
2025-10-04 08:05:00,98.7765373902572,98.97497945298566,98.75690912386324,98.95313908843777,3094.220475375598,0.0017878911616713,98.71120238236102,98.57997365513437,0.2437017060448627,-0.00220932549414099,0.0016990883354888458,-1
2025-10-04 08:20:00,98.95313908843777,99.14556650908,98.86814695127968,99.08719731582865,1487.3155299912953,0.0013547647768008,98.78640136905456,98.62608489701566,0.2424452708418211,-0.003675878195136928,0.0016668491820965067,-1
2025-10-04 08:35:00,99.08719731582865,99.20202085567348,99.03794570928774,99.14105874829144,3781.8149207795623,0.0005435761018761,98.85733284490192,98.6729007016771,0.2422601725216832,-0.006507356036576595,0.001668202702654886,-1
2025-10-04 08:50:00,99.14105874829144,99.18053830865011,99.0338859669001,99.12193487024524,3357.9789999858945,-0.0001928956406925,98.9102532499706,98.71372198972874,0.2411732816092323,-0.007396652913651547,0.0015667434788772916,-1
2025-10-04 09:05:00,99.12193487024524,99.56456380049876,99.03587295152845,99.48825006486445,2208.1481831082033,0.0036956017363736,99.02585261294936,98.78413363292287,0.2643877454746847,-0.009069253640810127,0.0016496848109886014,-1
2025-10-04 09:20:00,99.48825006486445,99.66315558644898,99.46910024947078,99.62882772351205,5531.879318667023,0.0014130076522198,99.1464476350619,98.86092400479464,0.2603224834096674,-0.009423590677908544,0.0016488087233480684,-1
2025-10-04 09:35:00,99.62882772351205,99.7250396262231,99.5033151815929,99.57669475749516,1941.1917512286664,-0.0005232719003939,99.23249705954856,98.92599407322194,0.247796364118241,-0.0072230556655737965,0.0016565289027667132,-1
2025-10-04 09:50:00,99.57669475749516,99.58139725014908,99.36603705681104,99.43527999129626,1235.966835651003,-0.0014201592706334,99.2730536458981,98.97229279304688,0.2475842418655643,-0.004716534317517951,0.0016844565283088498,-1
2025-10-04 10:05:00,99.43527999129626,99.50565992189532,98.9459803203975,99.0441505934968,2657.704186027802,-0.0039335072806522,99.22727303541784,98.9788253203605,0.2659446112722595,0.0015139065499782944,0.0018421437778358418,1
2025-10-04 10:20:00,99.0441505934968,99.18440862911378,98.95513897958722,99.15217526211732,1399.02266596889,0.0010906718667706,99.21225348075777,98.99458440597476,0.2635092124556927,0.00016129376113127591,0.0018306398576330466,0
2025-10-04 10:35:00,99.15217526211732,99.23955912007249,98.9145084912729,98.95114783192606,3611.605009597155,-0.0020274636402058,99.1600323509914,98.99063562651575,0.2649294210517914,-0.0016624570561339924,0.0018691473573488049,-1
2025-10-04 10:50:00,98.95114783192606,99.24735089424036,98.9416122285335,99.24417229520245,860.6385759509557,0.0029613043375109,99.17686033983362,99.0136844145782,0.2729765997554482,-0.0027768003421246856,0.0019339342730860317,-1
2025-10-04 11:05:00,99.24417229520245,99.30669340271956,99.22758148468137,99.29329314245648,1466.0417024869207,0.0004949494375137,99.2001469003582,99.03910338983984,0.2583006839467166,-0.004393193509616533,0.0018665927190818943,-1
2025-10-04 11:20:00,99.29329314245648,99.3893465576157,99.18539021761396,99.2327446331922,7223.839828587269,-0.0006097945525627,99.206666446925,99.05670713923551,0.2620610716104293,-0.002521849374048424,0.0017982390227842654,-1
2025-10-04 11:35:00,99.2327446331922,99.32735175382732,99.17811302736192,99.31937107718316,1937.7052633661556,0.0008729622899292,99.22920737297665,99.08058567904894,0.2571445285634998,-0.005500341452981505,0.001744941627703631,-1
2025-10-04 11:50:00,99.31937107718316,99.40680878206804,98.8063974413572,98.87625877463874,3975.7096263778863,-0.0044614892114052,99.15861765330908,99.06201050592074,0.2802153701999665,-0.001908920942850556,0.0019282744104105686,-1
2025-10-04 12:05:00,98.87625877463874,98.9481868358916,98.68701327344812,98.7345193955244,8861.558234737,-0.0014335026514038,99.07379800175217,99.0322385867938,0.2871509713469474,-0.0016836226437155766,0.0019314308714601324,-1
2025-10-04 12:20:00,98.7345193955244,98.80217061535716,98.62637475188563,98.72296484779817,2666.096785432469,-0.0001170264239597,99.00363137096136,99.00412279233964,0.2892326514699123,-0.0033787948599370843,0.0019193429266001784,-1
2025-10-04 12:35:00,98.72296484779817,98.75954226802928,98.49499174835134,98.49591258117316,2275.8712733002185,-0.0022998931097242,98.90208761300372,98.95792186405178,0.2703654850918856,-0.00351853719087869,0.0019642249233493706,-1
2025-10-04 12:50:00,98.49591258117316,98.5818091881,98.3361030370136,98.38876432188046,3462.714899986543,-0.0010878447286267,98.79942295477908,98.90618026930892,0.274054828956757,-0.0012942672048410486,0.0019333349954881783,-1
2025-10-04 13:05:00,98.38876432188046,98.59044192386078,98.34066136630751,98.58596589074584,7467.449100183648,0.0020043098439599,98.75673154197244,98.87706987125776,0.2760588370226894,-0.0022608135280518526,0.0019630577645656003,-1
2025-10-04 13:20:00,98.58596589074584,98.6986065783575,98.55180894030386,98.6899664313258,899.3434659080375,0.0010549223679079,98.74337851984312,98.86006046762756,0.2711615116452321,-0.003500119527129142,0.0019678883826965677,-1
2025-10-04 13:35:00,98.6899664313258,98.8990986542953,98.68110257757598,98.85744674826792,2863.304899206149,0.0016970348962339,98.76619216552808,98.85982285677667,0.2467555455896238,-0.009974880762971039,0.001978988613854099,-1
2025-10-04 13:50:00,98.85744674826792,98.9994755041603,98.81955689879602,98.9662900808453,8132.037275482284,0.0011010129854409,98.80621174859154,98.86950169532838,0.2432304710066038,-0.013740838548785717,0.0019594438891545845,-1
2025-10-04 14:05:00,98.9662900808453,99.27380501964466,98.9302529175115,99.19409418181732,1320.7779383804263,0.0023018353096386,98.88378823523672,98.89901010319102,0.2445520048161447,-0.017876702243607157,0.001939604813241159,-1
2025-10-04 14:20:00,99.19409418181732,99.24170517921814,99.11904420964832,99.1681678893897,2128.2576261553636,-0.0002613693147912,98.94066416606732,98.92347899284545,0.2314750265206423,-0.018459761986114098,0.0019088195129069014,-1
2025-10-04 14:35:00,99.1681678893897,99.26347238680022,98.7826012771404,98.78664579800032,5317.954144304027,-0.0038472233531118,98.90986049245392,98.91103961149588,0.2601721116364735,-0.013889764636264235,0.002028903040437722,-1
2025-10-04 14:50:00,98.78664579800032,98.97207320960646,98.71636173664363,98.96859104361924,2522.5911321983403,0.001841800014052,98.921606602687,98.91627155987072,0.26386890684798,-0.016077025648568166,0.002020243757862633,-1
2025-10-04 15:05:00,98.96859104361924,99.06280277844284,98.81583720957076,98.85707849147458,3017.2922716092176,-0.0011267468897835,98.90870098044452,98.91089037183472,0.2708493955913137,-0.01611882696645628,0.0019665868939957643,-1
2025-10-04 15:20:00,98.85707849147458,99.02182067173246,98.76945255697612,98.98249459825388,3750.911948869577,0.0012686608656973,98.9234597040064,98.91739984696372,0.2459891651659904,-0.0173154840582056,0.001973734440987798,-1
2025-10-04 15:35:00,98.98249459825388,99.06749080717384,98.77114644178748,98.77308062336328,5497.251516110038,-0.0021156667726002,98.8933838878778,98.9042799175455,0.2485013653761975,-0.01686273163297325,0.0019938054609604234,-1
2025-10-04 15:50:00,98.77308062336328,98.78057135572686,98.64818493383498,98.68751181351313,7183.0949895084605,-0.0008663171109993,98.85220947300486,98.88457372626982,0.2454006909776518,-0.017033614632805283,0.0019963079027075633,-1
2025-10-04 16:05:00,98.68751181351313,98.71442907783025,98.5322778177218,98.56828772295373,3402.726882820032,-0.0012080970364791,98.79542512299464,98.85582045324108,0.2395150295798314,-0.017551080574002342,0.0019786585838953946,-1
2025-10-04 16:20:00,98.56828772295373,98.62128867507585,98.35791140732915,98.38940020161267,2767.1462269045987,-0.0018148587692202,98.71422013871826,98.81341861218397,0.2407772521984219,-0.015013231773774005,0.0019817902166312062,-1
2025-10-04 16:35:00,98.38940020161267,98.38968177022888,98.12249015081817,98.14935104960676,1503.6402544427658,-0.0024397867200535,98.60124632089595,98.75304883376783,0.2420208994739557,-0.013923025110994747,0.0020146637338252977,-1
2025-10-04 16:50:00,98.14935104960676,98.27405341238348,98.14801517124484,98.26142297089382,2433.673983482155,0.0011418508638982,98.53328165089556,98.70835557350657,0.2405380854085978,-0.014611036696397295,0.002030963506456692,-1
2025-10-04 17:05:00,98.26142297089382,98.44491292242586,98.2342653751223,98.36308140538398,977.6928543914644,0.0010345711614645,98.49924160179324,98.67696701276812,0.2400131904503289,-0.01604374903132677,0.001914473536146188,-1
2025-10-04 17:20:00,98.36308140538398,98.43443405028184,98.25389622681352,98.3445397526878,4809.321705820926,-0.000188502153768,98.46830123197216,98.64674635276084,0.2400574203149028,-0.017621664660418257,0.0018875456645747037,-1
2025-10-04 17:35:00,98.3445397526878,98.38244015577148,97.85848735878034,97.87135550442218,3867.3908474787736,-0.0048114948674888,98.34891208646218,98.57625627563912,0.2529431842333299,-0.016952727688629765,0.002042198903834953,-1
2025-10-04 17:50:00,97.87135550442218,97.91656837941748,97.60231034347024,97.6064102670721,2781.803203742624,-0.002707076406417,98.20041172258418,98.48808845667848,0.2666286889745726,-0.013185721283780594,0.0020725836771876976,-1
2025-10-04 18:05:00,97.6064102670721,97.61785675823457,97.4000460752124,97.42083089580464,8494.67981258346,-0.0019013031086758,98.04449555722827,98.39106504205358,0.2478386585004547,-0.008718703645983594,0.0019961721714709946,-1
2025-10-04 18:20:00,97.42083089580464,97.4366006060493,97.28458600320864,97.33754711355256,2470.0438029620113,-0.0008548867987088,97.90310586849314,98.29529068491712,0.2404317392060144,-0.00689882124076413,0.0019752283745934807,-1
2025-10-04 18:35:00,97.33754711355256,97.48172780043473,97.29162147645089,97.4145225386601,10796.74858222354,0.0007908091727206,97.80538920252654,98.2152208534392,0.2363703645711408,-0.009728124373810099,0.0019712107009642933,-1
2025-10-04 18:50:00,97.4145225386601,97.49236858346512,97.34501324517578,97.37747046700832,2935.898613120145,-0.0003803547016009,97.7198054554229,98.13906172740003,0.2288694519663567,-0.007632363366962602,0.0018684721668223564,-1
2025-10-04 19:05:00,97.37747046700832,97.4482566933796,97.16675906696804,97.26361834886112,2312.919520891975,-0.001169183360393,97.62856803411056,98.05947596571468,0.227808970611011,-0.009806653414148325,0.0018603987228157626,-1
2025-10-04 19:20:00,97.26361834886112,97.27656305595998,97.1809389408424,97.2685647909964,1880.0911541222197,5.0856036607038746e-05,97.55656738548774,97.98757494983118,0.2251830915557034,-0.008830981974924934,0.0018644463617348613,-1
2025-10-04 19:35:00,97.2685647909964,97.29293570845113,97.08884167212832,97.10749667224948,2083.4457999972165,-0.0016559113326389,97.46675324284008,97.9075678336874,0.226750432713872,-0.00684928475038149,0.0018525549270181293,-1
2025-10-04 19:50:00,97.10749667224948,97.13006469567988,96.9265806892502,97.00650676821132,1693.0515493917455,-0.0010399805112782,97.37470394791434,97.8256531913714,0.2224723426198025,-0.00445804259174909,0.0017227577298828413,-1
2025-10-04 20:05:00,97.00650676821132,97.01534593394707,96.81523496854705,96.83830776308672,2384.6201597102663,-0.0017338940523492,97.26742471094884,97.73589451607278,0.2176808673333263,-0.001173543131427368,0.0017282837390376414,-1
2025-10-04 20:20:00,96.83830776308672,96.93324530856398,96.7869296149263,96.91225733230326,2273.105397496195,0.000763639626969,97.19639123521972,97.66101840845737,0.2191292567975448,-0.0017295420660679017,0.0017432414223979616,-1
2025-10-04 20:35:00,96.91225733230326,96.93412020185352,96.6921037959174,96.78281517031525,4065.221923305946,-0.0013356634707638,97.11367602223883,97.58118175044444,0.2213698895570134,0.0016883333150379265,0.001720685062328771,1
2025-10-04 20:50:00,96.78281517031525,96.87457809925772,96.71103122382722,96.82572171402587,1737.0799273532791,0.0004433281221996,97.05608516059624,97.51250356531548,0.2201562504114562,0.0026794643091454518,0.001726431768584608,1
2025-10-04 21:05:00,96.82572171402587,96.91883841171764,96.77983669661276,96.78496881336804,4204.888008358082,-0.0004208892010967,97.00186189115064,97.44636404241116,0.1926597445624379,0.003306140798339019,0.0016651451704241692,1
2025-10-04 21:20:00,96.78496881336804,96.8394818720192,96.55784161040852,96.61154525198276,2118.7950717886683,-0.001791843955849,96.92379856331706,97.37047142509948,0.190329903538398,0.008089532230788121,0.0016512629490176881,1
2025-10-04 21:35:00,96.61154525198276,96.63943649104267,96.127409711101,96.21216906603864,3687.19345698052,-0.0041338349873452,96.78147266386138,97.2651712106394,0.211345339032648,0.010777980893963202,0.00170326108918156,1
2025-10-04 21:50:00,96.21216906603864,96.34677099428411,96.12241186461216,96.31939934578016,1835.4745883920184,0.0011145188886443,96.68905800024514,97.17919195019763,0.2165128052348848,0.009915850595389797,0.001703760668651064,1
2025-10-04 22:05:00,96.31939934578016,96.64184341029666,96.2772644296078,96.57144754227863,3762.0500573450017,0.0026167957671086,96.66553590865183,97.12394245856864,0.2289751378566709,0.009639272648093833,0.001723325990529478,1
2025-10-04 22:20:00,96.57144754227863,96.74127290401836,96.49458426057346,96.6660327760017,4350.620850533606,0.0009794327011785,96.66563528212184,97.082314305608,0.2360703739392115,0.011645741520298625,0.0017504085086704963,1
2025-10-04 22:35:00,96.6660327760017,96.74209974726968,96.45490835042958,96.46686194758868,3588.1900301882024,-0.0020604013911954,96.6258806152152,97.0263640912426,0.2364770718269671,0.011321760385622603,0.0016769175108457919,1
2025-10-04 22:50:00,96.46686194758868,96.67440596708045,96.46010932815751,96.63425022864844,5375.40116784493,0.0017351894493127,96.62755453790186,96.99071737646132,0.244953680670206,0.007362258807913413,0.001671718606095281,1
2025-10-04 23:05:00,96.63425022864844,96.72145943017924,96.28021546034113,96.30978775390784,7981.404603054769,-0.0033576343167449,96.56400118110304,96.92881468350193,0.2618929616355854,0.010139115413418276,0.0017335562718644435,1
2025-10-04 23:20:00,96.30978775390784,96.48133412964933,96.24349983858498,96.40958784860028,1220.0743880068069,0.0010362404177182,96.5331185146025,96.8816122439654,0.2643465533952037,0.008252459231320675,0.001725014857717093,1
2025-10-04 23:35:00,96.40958784860028,96.52346319000716,96.35892199237576,96.44237977614452,3274.6693823997466,0.0003401313943562,96.51497076691092,96.84168201961803,0.261805855697442,0.007798010528548449,0.0017201916858762651,1
2025-10-04 23:50:00,96.44237977614452,96.6529150256663,96.4296755533362,96.57404762936184,4145.456536302086,0.0013652489032613,96.52678613940112,96.81735162050384,0.267300411318328,0.008771040449623957,0.0017598707694780565,1
2025-10-05 00:05:00,96.57404762936184,96.74256313050424,96.55117081337607,96.7246638321523,2182.731405343352,0.0015595929391765,96.56636167795136,96.80892545792642,0.263684404974903,0.00507608589533648,0.001800359463622918,1
2025-10-05 00:20:00,96.7246638321523,96.82053772945474,96.72267212477767,96.74464350652944,2925.5432394126765,0.0002065623553038,96.60201804366696,96.80308164416306,0.2589928856353702,0.00513626219680785,0.001791374939043498,1
2025-10-05 00:35:00,96.74464350652944,96.9968381023082,96.73235778356567,96.94621682149044,2375.73994684274,0.0020835604706879,96.67085779923168,96.816093933011,0.2679556430380572,0.00411820848679878,0.0018137434825747799,1
2025-10-05 00:50:00,96.94621682149044,97.1424831893526,96.91901848049726,97.08516277956586,3777.5707471244295,0.0014332272329022,96.75371879529852,96.84055473724328,0.2638002464126764,0.00311566276610864,0.0018223605107150482,1
2025-10-05 01:05:00,97.08516277956586,97.14646597827682,97.04365315170872,97.10495354742788,2584.7412330283605,0.0002038495615126,96.8239657457244,96.8645909927146,0.2345706783145646,0.002481407605821717,0.001807494313354532,1
2025-10-05 01:20:00,97.10495354742788,97.47018145196776,97.07082168322287,97.39308746116492,5883.465192173684,0.0029672421767477,96.9377900888125,96.91263612621007,0.2470707239626282,-0.004520343543575556,0.0019030061472847324,-1
2025-10-05 01:35:00,97.39308746116492,97.46748505664924,97.17534737268058,97.24914198599916,2942.9410103955947,-0.0014779845153093,97.00006046824984,96.94322756800908,0.2418963456254721,-0.004249822362170197,0.001731720823472895,-1
2025-10-05 01:50:00,97.24914198599916,97.29954786552577,97.19462659789824,97.2744881191306,2913.0819820127012,0.0002606309178037,97.054945998426,96.97334216356558,0.2317701044956592,-0.006380541915345206,0.001671422216985786,-1
2025-10-05 02:05:00,97.2744881191306,97.56152922879495,97.1932777127997,97.50232605515976,2829.800952008657,0.0023422167562592,97.14442200977275,97.02143160825597,0.2375601130067406,-0.0044946382202766255,0.0016925207633834332,-1
2025-10-05 02:20:00,97.50232605515976,97.834818034413,97.41600547945836,97.79178040750372,3130.9048558811132,0.0029686917641349,97.27389368931895,97.09146331727848,0.2521683927232924,-0.005548719078126929,0.001761766085800113,-1
2025-10-05 02:35:00,97.79178040750372,97.79734237602447,97.53378184955112,97.55903664371222,2698.1596932438415,-0.0023799931121166,97.3309222801976,97.1339699833179,0.2394767181972383,-0.0016258396099225747,0.001812816968861137,-1
2025-10-05 02:50:00,97.55903664371222,97.62970726741958,97.29362443870048,97.3456965885404,3578.7586232683148,-0.0021867790264363,97.33387714186618,97.15321785651994,0.2464944708868626,0.00363381293891063,0.0018542361848096665,1
2025-10-05 03:05:00,97.3456965885404,97.35155381622272,97.2328056946201,97.28628380738652,1697.3427318469332,-0.0006103277621506,97.32435847497024,97.16531476114416,0.2432235368848075,0.004850596665444629,0.001845563413871056,1
2025-10-05 03:20:00,97.28628380738652,97.34245908676338,97.20027360353168,97.20520404182928,4755.537984438976,-0.0008334141503211,97.30052758834206,97.16894105938827,0.2374339662349232,0.005284396910858691,0.0018515258519631924,1
2025-10-05 03:35:00,97.20520404182928,97.28800857880118,97.10240415461578,97.19443846903717,3011.637354196759,-0.0001107509921741,97.27930976448108,97.17125900572,0.2370205453104402,0.0076821434525196075,0.001827443083022371,1
2025-10-05 03:50:00,97.19443846903717,97.46081357010202,97.1655969099953,97.42110250750288,1989.2659234528553,0.0023320679869756,97.30766831308544,97.19397205133662,0.2511170492697019,0.0028009671256452595,0.0018606981017591797,1
2025-10-05 04:05:00,97.42110250750288,97.43831074316628,97.20016614294352,97.21564653396184,4749.766708067749,-0.0021089473250954,97.28926395726072,97.195942458848,0.2492359265182914,0.005233257451133788,0.0018739834224218049,1
2025-10-05 04:20:00,97.21564653396184,97.2972975435393,97.20719321269176,97.24154936171568,2195.209831436658,0.0002664471067914,97.27972103815172,97.20008854092688,0.2397101852320194,0.007510952440866525,0.0018705605697243951,1
2025-10-05 04:35:00,97.24154936171568,97.3467608011112,97.20657544348438,97.34546155436774,3145.109944766126,0.0010685986940166,97.29286914139492,97.2133042694215,0.2423796517362118,0.005706839149310472,0.0018589649726779261,1
2025-10-05 04:50:00,97.34546155436774,97.411440583608,97.3230729357973,97.38764740637976,2061.220470359088,0.000433362288682,97.3118247943919,97.2291536455086,0.2201659288123433,0.0032914938500336888,0.0018589207590727207,1
2025-10-05 05:05:00,97.38764740637976,97.38956073835426,97.34470396681708,97.34591051772344,2696.477481263396,-0.0004285645024584,97.3186419390582,97.23976790661904,0.2025030064958091,0.002536985306206496,0.0018590016214764693,1
2025-10-05 05:20:00,97.34591051772344,97.35933574146652,96.86042926209392,96.95283724707096,3896.980904504997,-0.0040379022453224,97.24548100066076,97.21368330120558,0.2306448073347411,0.007044935197920488,0.001974740860740181,1
2025-10-05 05:35:00,96.95283724707096,96.98240819776623,96.74321138307016,96.8358504076852,6367.732770284382,-0.0012066365741072,97.16355488206568,97.17933485634008,0.2214266143848005,0.008766002998064293,0.001834534357179803,1
2025-10-05 05:50:00,96.8358504076852,96.91344418014717,96.5575123186411,96.65382417039274,2513.157967930915,-0.0018797401636491,97.06160873973108,97.1315611576176,0.2169351362813298,0.011041329652312415,0.0018627173201466991,1
2025-10-05 06:05:00,96.65382417039274,97.09397079240874,96.58124220147172,97.06408837390636,1805.9429767327665,0.00424467636987,97.06210466656614,97.1254272681893,0.2347328551715912,0.011913497465640521,0.0019534081075078375,1
2025-10-05 06:20:00,97.06408837390636,97.29587138937488,97.0247232630487,97.2491612898726,3159.0931804476127,0.0019067084342592,97.09951599122743,97.13667581561504,0.2300946621435256,0.013455113434521548,0.0019727247744478022,1
2025-10-05 06:35:00,97.2491612898726,97.41829243863728,97.1582184407494,97.40042129763098,2264.407414677631,0.0015553862444892,97.15969705250816,97.1606526776165,0.2401893675924731,0.00946234418247549,0.0019430059766566633,1
2025-10-05 06:50:00,97.40042129763098,97.7375907210592,97.3595410183358,97.6994326403511,6934.9030287381365,0.0030699183713633,97.26764417007676,97.20963267422871,0.2570368118418794,0.0064630098581746065,0.0019885385980418905,1
2025-10-05 07:05:00,97.6994326403511,97.75940627716848,97.69063000201784,97.75818033121612,5965.301210827751,0.0006013104608424,97.36575140230462,97.25950064304575,0.2486919440536803,0.004046863890640129,0.0018704217704418168,1
2025-10-05 07:20:00,97.75818033121612,97.84192491928496,97.677794923983,97.71887492178732,5726.330261775914,-0.0004020677276891,97.43637610620117,97.30126194111315,0.2393286108533406,0.0030630704403407094,0.0018736117808535763,1
2025-10-05 07:35:00,97.71887492178732,97.99469235230666,97.69633616474331,97.9411000881434,6544.216049605388,0.0022741273529187,97.5373209025896,97.35942904538864,0.2436294385205256,0.002113185500229209,0.0019018219294465435,1
2025-10-05 07:50:00,97.9411000881434,98.01504394900226,97.62460494218948,97.69397581297052,3175.8757475125008,-0.0025231927653506,97.5686518846658,97.38984238789608,0.265081915375185,0.003272992032094857,0.0019667967135933656,1
2025-10-05 08:05:00,97.69397581297052,97.73538628112216,97.61363250213836,97.7244010405525,4500.181534349452,0.0003114340196392,97.59980171584314,97.42025681086484,0.2637653740435399,0.00537618816778096,0.0019546241848113844,1
2025-10-05 08:20:00,97.7244010405525,98.00873358337248,97.64553645609736,97.97192601424771,2164.500077114598,0.0025328881124839,97.67422657552406,97.47040855662692,0.283396051148142,0.0021979717326625625,0.0019930284458133576,1
2025-10-05 08:35:00,97.97192601424771,98.06556859997632,97.89607450443845,97.9009964453739,3690.08387831289,-0.0007239785085322,97.71958054949404,97.50955291014937,0.2922987171481921,0.0007037177841404674,0.001978080374960728,0
2025-10-05 08:50:00,97.9009964453739,97.93994288595678,97.62976207867462,97.7081982488871,1873.0592723751224,-0.0019693180201121,97.71730408937266,97.52761157730734,0.2788183119988768,0.004169088433157553,0.0020068953254863448,1
2025-10-05 09:05:00,97.7081982488871,97.74048168605526,97.53822770028373,97.5928756623262,3516.9265640905805,-0.001180275438783,97.69241840396336,97.53354467594542,0.276179538504266,0.0028409878238164765,0.0020217124477870385,1
2025-10-05 09:20:00,97.5928756623262,97.73257178739452,97.51185601598888,97.63586370273111,5565.783815986326,0.0004404833868576,97.68110746371693,97.5428464056532,0.2665212463542374,0.002998163771483764,0.0019567791958137524,1
2025-10-05 09:35:00,97.63586370273111,97.75400174963724,97.63025404330112,97.68471376267908,3916.98025565172,0.0005003290604022,97.68182872350935,97.5557434381101,0.2387368974541723,0.002654679093156087,0.0019371323759000828,1
2025-10-05 09:50:00,97.68471376267908,97.72698010762068,97.61692973106612,97.72101090521468,2025.9868524783185,0.000371574437161,97.68966515985042,97.57076775330142,0.2272299153276305,0.0017711453234485752,0.0019374517580897288,1
2025-10-05 10:05:00,97.72101090521468,98.24523814889736,97.63230030964262,98.2204611447536,2045.810750089036,0.0051109810972318,97.79582435683106,97.629830788888,0.252434475425264,-0.0023697907851795152,0.0020942257777115596,-1
2025-10-05 10:20:00,98.2204611447536,98.58429794359546,98.18459916038834,98.55765978643991,2224.044097385495,0.0034330793986945,97.94819144275284,97.71417887957452,0.2539808383169578,-0.00814571750315185,0.0021153083257904864,-1
2025-10-05 10:35:00,98.55765978643991,98.63656095957234,98.23281602704354,98.32205760746729,3322.224321759092,-0.0023905009461788,98.02296467569572,97.76944058211022,0.277907170986828,-0.0034987171182260246,0.002115729892611842,-1
2025-10-05 10:50:00,98.32205760746729,98.39359095729144,98.27597668966683,98.33086503664376,1755.874076591575,8.957734806203099e-05,98.08454474788536,97.820479168886,0.2745846190098738,-0.001008825455310669,0.002069060825616808,-1
2025-10-05 11:05:00,98.33086503664376,98.40183487745428,98.1288629480493,98.1537943812132,3670.7271992412057,-0.0018007637313531,98.09839467455092,97.85078055182484,0.2727714577128474,-0.0026375357750288986,0.002096784008706906,-1
2025-10-05 11:20:00,98.1537943812132,98.21814715204415,97.92626948854615,98.0181947190236,2140.458498992626,-0.0013815019892449,98.08235468344546,97.86600002157016,0.2657313617617914,0.0014704258996218744,0.0021083754638131402,1
2025-10-05 11:35:00,98.0181947190236,98.15175963097154,97.92405628040568,98.14806780072615,2265.2571795836593,0.0013249895294933,98.0954973069016,97.891642546948,0.2732991883033691,0.0026790938604288606,0.0021154418231662153,1
2025-10-05 11:50:00,98.14806780072615,98.178212731809,97.92268412327074,98.01372741739004,3100.6898394259138,-0.0013687521960074,98.0791433289993,97.90274117153363,0.2656085798221629,0.0027828762542643215,0.002102299818852608,1
2025-10-05 12:05:00,98.01372741739004,98.29047695994156,97.92575260062118,98.2497858091302,2760.796840782818,0.0024084217380582,98.11327182502548,97.9342906840424,0.2795535986637694,-0.0007100002891263779,0.002094485538767018,0
2025-10-05 12:20:00,98.2497858091302,98.28851105302226,98.14305015852057,98.18726553822154,3785.439020663915,-0.0006363400224619,98.1280705676647,97.9572883980587,0.2677878906080216,0.0005069362080569739,0.002101477241960808,0
2025-10-05 12:35:00,98.18726553822154,98.2192697613843,97.89402497445894,97.96989111765758,2425.920767461603,-0.0022138758969648,98.09643467766328,97.9584340998404,0.2765729478332943,-0.001172944713709434,0.002142691644167983,-1
2025-10-05 12:50:00,97.96989111765758,98.14460959936795,97.92122740288426,98.1155523680312,3797.019860381897,0.0014867960830811,98.10025821573689,97.97271757876683,0.2767634067674415,-0.0003066570690618553,0.0021544202470630126,0
2025-10-05 13:05:00,98.1155523680312,98.16337447477066,97.85087227478613,97.8701358337741,4391.811814724388,-0.0025013010509948,98.05423373934433,97.96339196558569,0.2902458705994714,0.0016548746109183998,0.0022055647974378607,1
2025-10-05 13:20:00,97.8701358337741,98.01887212496663,97.80895544369318,97.92859201208216,2544.8097948780246,0.0005972831018374,98.0291053938919,97.96022833344898,0.2973791780793919,0.001860112711620232,0.0020682143651915563,1
2025-10-05 13:35:00,97.92859201208216,97.97002053849307,97.92063939987332,97.9440353300258,3262.339764822133,0.000157699785388,98.01209138111868,97.95875624222867,0.2571251280340355,0.00394520295394174,0.0020498141549337625,1
2025-10-05 13:50:00,97.9440353300258,97.96320281163004,97.88518080523008,97.89408901668212,2001.1994680593612,-0.0005099474733236,97.98849090823136,97.95287740354264,0.2341482154049521,0.0035950055799445213,0.0020156000299329227,1
2025-10-05 14:05:00,97.89408901668212,98.0191331898584,97.8729910308806,97.98769920101668,3411.555218085459,0.0009562393937656,97.98833256678844,97.9560430214948,0.2157480172941664,0.004559681975945473,0.0018934108093613185,1
2025-10-05 14:20:00,97.98769920101668,98.01539433779222,97.66730223618146,97.75483693204782,2603.176916154056,-0.0023764438890554,97.94163343984032,97.9377515588178,0.2322107197217491,0.007966069373071871,0.0019270925277298256,1
2025-10-05 14:35:00,97.75483693204782,98.00450160325376,97.69998219522547,97.97805654141683,943.8900990779388,0.0022834635745356,97.94891806015563,97.941415648145,0.2344641110519855,0.004172582685123549,0.0019482335157497612,1
2025-10-05 14:50:00,97.97805654141683,98.28604280421442,97.96377694389744,98.23166635695208,4249.804179079624,0.0025884348443678,98.00546771951493,97.96780207621836,0.2366346965390562,-0.00036591882121717045,0.0019269908365306095,0
2025-10-05 15:05:00,98.23166635695208,98.28712625856669,97.8614392665514,97.89491023707792,4117.187427764374,-0.0034281829104932,97.98335622302751,97.9611755453874,0.2507763852140132,0.00258080920824022,0.002027062090098395,1
2025-10-05 15:20:00,97.89491023707792,98.19050669670804,97.87772121135302,98.16232321117262,5209.48644757379,0.0027316330690441,98.01914962065656,97.97946169682244,0.2548661621294964,0.0029925765051048714,0.0020797446258585613,1
2025-10-05 15:35:00,98.16232321117262,98.48421370551269,98.12472580749414,98.41101568658404,4985.743290156226,0.0025334819641178,98.09752283384204,98.01869387770984,0.2544921291793644,-0.0009742290815913934,0.002088800846057369,0
2025-10-05 15:50:00,98.41101568658404,98.4847026211321,98.24944234638944,98.28648749201184,2638.4427672460247,-0.0012653887748582,98.135315765476,98.0430387517373,0.2609063706251474,0.003954309374544884,0.0020482833614805973,1
2025-10-05 16:05:00,98.28648749201184,98.31830141627393,98.16098490602754,98.18002843279912,10086.950962747243,-0.0010831505116239,98.14425829894064,98.05549235910657,0.248911493719506,0.00432755069753199,0.002060438442250541,1
2025-10-05 16:20:00,98.18002843279912,98.2513991755243,98.10677730487906,98.23704021829298,7133.6781163643955,0.0005806861782777,98.16281468281112,98.07199670994169,0.2432857561596151,0.004216006637560055,0.0020159508472236175,1
2025-10-05 16:35:00,98.23704021829298,98.27870611563785,97.7668842565984,97.85497785176844,5175.55826032067,-0.0038891884942333,98.1012473166026,98.052267722835,0.257522874663537,0.007193165042724381,0.002131343875991634,1
2025-10-05 16:50:00,97.85497785176844,98.17866324004387,97.8120652950358,98.08546454031264,1297.0780231316578,0.0023553905340749,98.0980907613446,98.05528561533298,0.2687143935017236,0.0017201128386854503,0.002140354695394546,1
2025-10-05 17:05:00,98.08546454031264,98.1482003137404,97.9728458247713,98.03209863673256,2035.5584095293411,-0.000544075555233,98.0848923364222,98.05317770818748,0.277712489955248,-0.00029287164015756595,0.0021307950923160337,0
2025-10-05 17:20:00,98.03209863673256,98.2030341498496,97.99919096940566,98.1107502309149,3148.0945350190777,0.0008023045030769,98.09006391532074,98.05841157388996,0.2866997166726759,-0.0004383549123075925,0.002133385547442784,0
2025-10-05 17:35:00,98.1107502309149,98.41066778570436,98.10474615425444,98.3304444275308,4138.533481986974,0.0022392469336829,98.13814001776277,98.08314183331186,0.2981125361349705,-0.0013460279078945092,0.002164416895499325,-1
2025-10-05 17:50:00,98.3304444275308,98.39751938962924,98.16027942876885,98.24601881294068,880.0349303748656,-0.0008585907963869,98.15971577679836,98.09794883145992,0.2901945260813749,-0.0028034721602516743,0.002172331401437944,-1
2025-10-05 18:05:00,98.24601881294068,98.47106183396868,98.1883709471206,98.43449194692792,5326.426614882001,0.0019183793528172,98.21467101082428,98.12854366013885,0.2886353459970741,-0.005023063846640308,0.0020049382111787823,-1
2025-10-05 18:20:00,98.43449194692792,98.5628957316481,98.427073285364,98.53355874460183,2672.282486822326,0.0010064236195512,98.2784485575798,98.16536321327185,0.2753179592804408,-0.008158711113963824,0.0019176222146544996,-1
2025-10-05 18:35:00,98.53355874460183,98.56935677119624,98.35118813983496,98.3868780836636,8558.711559066429,-0.0014886365904884,98.30013446279656,98.18550092876198,0.2604952192337301,-0.005574404066978178,0.0018878407365256805,-1
2025-10-05 18:50:00,98.3868780836636,98.48033570391068,98.16101950450982,98.19572154139254,3047.276840522825,-0.001942906879396,98.27925187851577,98.18643007536475,0.2609616988084318,-0.002724256892407184,0.0019194314579751462,-1
2025-10-05 19:05:00,98.19572154139254,98.21075082537163,98.10277946147892,98.14755832285763,2051.3639765154435,-0.0004904818435964,98.25291316738416,98.18289627968228,0.2429962320851584,-0.00489310429512857,0.0018944984066360713,-1
2025-10-05 19:20:00,98.14755832285763,98.46038034572298,98.07203973554468,98.45608147330088,1763.2548553192948,0.0031434623103749,98.2935468285675,98.20773129728396,0.2539305417591322,-0.011310459481615465,0.0019559506930514727,-1
2025-10-05 19:35:00,98.45608147330088,98.48601135249925,98.23956465082728,98.31514081315322,1536.8208105824638,-0.0014315079174247,98.29786562548465,98.21749579872665,0.2602969840038166,-0.009318950777918111,0.0019628190257656576,-1
2025-10-05 19:50:00,98.31514081315322,98.74263876842409,98.31254983227284,98.6751426708926,2412.071958569385,0.003661713290159,98.37332103456625,98.25910005983262,0.2806874886828164,-0.010558768789421968,0.002044842009698591,-1
2025-10-05 20:05:00,98.6751426708926,98.74547033551356,98.58127964393609,98.6049074833272,5377.005312580309,-0.0007117819712677,98.41963832431844,98.29053709833212,0.2558566910069605,-0.00870732293326626,0.0020108494622368307,-1
2025-10-05 20:20:00,98.6049074833272,98.70620496549536,98.5460159928942,98.65120823190756,4788.279014711677,0.0004695582579212,98.46595230583628,98.32332538320262,0.2411131929778948,-0.008041647304556365,0.002007024729871737,-1
2025-10-05 20:35:00,98.65120823190756,98.698616799063,98.55338577101524,98.55886485770834,2522.388230975663,-0.0009360592318559,98.48453481621068,98.34473806270312,0.2389615171977987,-0.0069740924147257966,0.0019708770284439982,-1
2025-10-05 20:50:00,98.55886485770834,98.61153427222254,98.2391584467696,98.25418260715686,3274.580022313383,-0.0030913733735808,98.43846437439991,98.33650574856256,0.2509995632698708,-0.003142161070978311,0.002038646810077664,-1
2025-10-05 21:05:00,98.25418260715686,98.32688256924293,97.93458736647456,98.00338781521673,2255.1741192980885,-0.0025525100844091,98.35144906256328,98.30622230007656,0.2571691040783313,-0.0029432047513575643,0.0020407300195890805,-1
2025-10-05 21:20:00,98.00338781521673,98.15236955675874,97.94876811327622,98.067742901601,3039.7012274957347,0.0006566618544414,98.29470783037084,98.2845423547606,0.254766352837053,-0.0027948131427797396,0.00204127575412651,-1
2025-10-05 21:35:00,98.067742901601,98.26523944011532,98.04978260241607,98.19808890513566,3587.9222354052713,0.001329142485368,98.2753840453238,98.27668295024924,0.2499639207549943,-0.004984189084424329,0.0020538020043230944,-1
2025-10-05 21:50:00,98.19808890513566,98.28099541474516,97.9394117438523,97.97058883434303,3686.5225284120665,-0.0023167464186842,98.21442500312766,98.24885621243958,0.2646611510841897,-0.003191805433145012,0.0020950507133534347,-1
2025-10-05 22:05:00,97.97058883434303,98.06384489999871,97.88333354053457,97.9400492091669,2716.6491832354636,-0.0003117223805583,98.15954984433552,98.22078284850568,0.2619713459486803,-0.004168489842304113,0.002088881431325431,-1
2025-10-05 22:20:00,97.9400492091669,97.94387852555228,97.63379920736098,97.72965190377384,2914.113946912406,-0.0021482254408891,98.0735702562232,98.1761345808028,0.261311568719427,-0.005496242261303519,0.0020809266480184365,-1
2025-10-05 22:35:00,97.72965190377384,97.87496331389316,97.65691766117058,97.83842987033674,2194.459248681748,0.0011130497698896,98.0265421790459,98.1454341525786,0.2691740179215612,-0.0037744311821781285,0.0020494362247421155,-1
2025-10-05 22:50:00,97.83842987033674,97.93865995891676,97.7794733514896,97.92821117017851,3116.361136930015,0.0009176486168143,98.00687597727244,98.12568660872404,0.252805874867911,-0.006202462495274452,0.00200095610818372,-1
2025-10-05 23:05:00,97.92821117017851,98.00615771016918,97.64431629164037,97.66731208367167,2819.8217902907572,-0.0026641871978387,97.93896319855229,98.08401619735564,0.2610483546434017,-0.0041628064764774875,0.0019641181711309214,-1
2025-10-05 23:20:00,97.66731208367167,97.7064151219668,97.29127028492472,97.34249795307848,3073.074536167162,-0.003325719973894,97.81967014945754,98.0166054478759,0.2599809189927476,-0.003218864316272829,0.001977160022655195,-1
2025-10-05 23:35:00,97.34249795307848,97.39940678883065,97.2631161130335,97.39894685519135,1431.1419340303066,0.0005798998721,97.7355254906043,97.96045466672275,0.2579880607227248,-0.0026107214195362216,0.0019173740145729317,-1
2025-10-05 23:50:00,97.39894685519135,97.6445558672582,97.33362133452223,97.63325465416742,3943.591716042261,0.0024056502307401,97.71507132331692,97.93070921103592,0.268755600732352,-0.006238243322394088,0.0019682082920636145,-1
2025-10-06 00:05:00,97.63325465416742,97.83091781250836,97.56548471914562,97.74632271106502,1052.3907365356647,0.0011580896007012,97.72132160086656,97.91394680194765,0.2773414625405662,-0.0070771038503171235,0.0019758683337054005,-1
2025-10-06 00:20:00,97.74632271106502,97.89164544122411,97.66370275619344,97.85789000913822,8371.234491251073,0.0011413963715338,97.7486352825209,97.90885072987406,0.2670248096532625,-0.007829885379893486,0.001984898699381882,-1
2025-10-06 00:35:00,97.85789000913822,97.92075039800012,97.76320809582488,97.87150622590022,9416.395532495948,0.0001391427585526,97.77320947119676,97.90545577496736,0.2502567453251834,-0.007300211800103096,0.0018620066942670876,-1
2025-10-06 00:50:00,97.87150622590022,98.029067137552,97.8127047522183,97.94545213950786,3176.7746030816193,0.0007555407744208,97.807658004859,97.9090918081074,0.2511682411716965,-0.009943414583154508,0.0018178717662249593,-1
2025-10-06 01:05:00,97.94545213950786,97.99699619291378,97.66324953715372,97.71494377854984,6267.356853595983,-0.0023534360802142,97.78911515959716,97.89144198723852,0.2596175138903263,-0.009005324876433463,0.0018615722238140957,-1
2025-10-06 01:20:00,97.71494377854984,97.86489595255244,97.64261904970728,97.79366188485686,6209.094819977009,0.000805589229887,97.79002450464912,97.882552887022,0.2510956018869186,-0.0046837978595758445,0.0018616236481044464,-1
2025-10-06 01:35:00,97.79366188485686,97.82362181395538,97.65855031827768,97.70865106230336,2042.6562201734052,-0.0008692876502937,97.77374981617996,97.8667436302294,0.2499927544735994,-0.0033029129427856185,0.0018161988491856662,-1
2025-10-06 01:50:00,97.70865106230336,97.7731798099412,97.65750018531484,97.65788577661316,3430.6140283093523,-0.0005195577376031,97.75057700826662,97.84775655262791,0.2361070620761042,0.002322987750718486,0.0018131990728388202,1
2025-10-06 02:05:00,97.65788577661316,97.6612502370011,97.48580998221192,97.53178710888372,3289.569792612205,-0.0012912287290129,97.70681902839004,97.81903205774208,0.2330638193665746,0.0015241429600063583,0.001781531163123041,1
2025-10-06 02:20:00,97.53178710888372,97.60406178531898,97.1368488244294,97.19250606079784,3833.521975021586,-0.0034786714992428,97.6039564348716,97.76207514892896,0.2550657017567457,0.0033388623266956685,0.0018515965338171132,1
2025-10-06 02:35:00,97.19250606079784,97.5545235227336,97.17654630012596,97.4691454498188,3341.5678522552093,0.0028463036939074,97.57699423786106,97.73544517628258,0.2562182591909478,0.00237892457317046,0.0019283657949242948,1
2025-10-06 02:50:00,97.4691454498188,97.48413133691788,97.26932396701702,97.32081511316616,1908.3018529528745,-0.0015218183761447,97.52575841292207,97.69775153418108,0.2419084401094327,0.005877243310373537,0.0019181394282371295,1
2025-10-06 03:05:00,97.32081511316616,97.36940672994918,97.1685769897696,97.26074196438962,4071.25800765981,-0.0006172692728341,97.4727551232156,97.65802339147275,0.2465183732796073,0.00761586042246587,0.0019187236477818286,1
2025-10-06 03:20:00,97.26074196438962,97.28899681546172,96.97229568471066,97.02916565996046,4838.144571054813,-0.0023809843494094,97.3840372305646,97.60085450678984,0.2469302731378298,0.009138714952391158,0.0018478121847054667,1
2025-10-06 03:35:00,97.02916565996046,97.1549827780122,97.02710714255326,97.14466533839624,5245.490555358629,0.0011903604205003,97.33616285213093,97.5593827642086,0.2371047404304148,0.009779857524020885,0.0018611711182037942,1
2025-10-06 03:50:00,97.14466533839624,97.23214074238312,96.9661037588493,97.02419465527746,4565.88964523254,-0.0012401163017974,97.27376921276024,97.5107292997603,0.2398257617520656,0.014794154642659318,0.001714355414151999,1
2025-10-06 04:05:00,97.02419465527746,97.08114843195376,96.9570744485666,97.0545618342522,1468.424914235774,0.0003129856329409,97.22992773705865,97.46925953016866,0.2374351675529159,0.01609530157032557,0.0017203283238950342,1
2025-10-06 04:20:00,97.0545618342522,97.1471846301366,97.02928379557562,97.09167394684845,3412.4412569271876,0.0003823840105487,97.20227697901662,97.43493356804863,0.2304021996405783,0.015870463400971424,0.001718822156709713,1
2025-10-06 04:35:00,97.09167394684845,97.1877852033236,97.0697590354184,97.15702350125603,4153.183300249891,0.0006730706326412,97.19322628346453,97.40966901652205,0.2149935933652327,0.01715067690220673,0.0017290526080022547,1
2025-10-06 04:50:00,97.15702350125603,97.21886266768072,96.9220697411362,96.97153990235022,6365.998846165767,-0.001909111582689,97.14888900724166,97.36983909705188,0.2203161664866166,0.017497841898965083,0.0016827168638530062,1
2025-10-06 05:05:00,96.97153990235022,97.01111860268324,96.79142035100158,96.83498896454157,4024.654417693229,-0.001408154783828,97.08610899870165,97.32121635773274,0.2242180776297563,0.015687056354931617,0.001647488555866914,1
2025-10-06 05:20:00,96.83498896454157,97.42969644814764,96.7700336455626,97.33561614064048,2844.310706173923,0.0051698996556115,97.13601042708942,97.32252542890616,0.2630740189125201,0.010634384228526805,0.0019106790257848298,1
2025-10-06 05:35:00,97.33561614064048,97.4161588447897,97.2959778315128,97.38592789408756,4598.361283194094,0.0005168894536444,97.18599392048904,97.3282892893772,0.259126930233074,0.012950109018558642,0.0018945930134288743,1
2025-10-06 05:50:00,97.38592789408756,97.939032376801,97.32053321017844,97.88474384903328,3353.3833823452924,0.0051220537271894,97.3257439061979,97.37887606752774,0.2699330877854282,0.00680394285842878,0.0020810023931087393,1
2025-10-06 06:05:00,97.88474384903328,97.91681281063742,97.66752724656271,97.68043949558256,1256.685646150684,-0.0020871930130993,97.39668302407485,97.40629092462363,0.2607408264616465,0.00942958391192339,0.0021123184215436036,1
2025-10-06 06:20:00,97.68043949558256,97.72078730222766,97.51022228052112,97.51701845772138,6316.590628455311,-0.0016730170206551,97.42075011080416,97.41635706399614,0.2604378015906223,0.013370983701273431,0.0020989428602963033,1
2025-10-06 06:35:00,97.51701845772138,97.74148586203316,97.45852118360558,97.70101719505529,893.455388278449,0.0018868371925631,97.47680352765438,97.4422352577288,0.2663045828940511,0.014522893982451768,0.0021173400271961296,1
2025-10-06 06:50:00,97.70101719505529,97.9311974870851,97.69123950894794,97.89279322275011,2372.4653702715013,0.0019628867047716,97.56000146667354,97.48319507273074,0.2608229291359153,0.009837898198003181,0.0021405529475315116,1
2025-10-06 07:05:00,97.89279322275011,98.04320158773548,97.87056430015222,98.00146619977588,2653.852294774893,0.0011101223435161,97.648294413294,97.53031062973484,0.2640201900019363,0.01326233509432706,0.002092990417020545,1
2025-10-06 07:20:00,98.00146619977588,98.00219776006033,97.91393609455538,97.91588754699517,2502.974870927185,-0.0008732384942718,97.70181304003424,97.5653630767585,0.2513219529998736,0.014091279166395854,0.0020062731664970564,1
2025-10-06 07:35:00,97.91588754699517,98.1694074949834,97.90016166056152,98.09472632462445,2860.776312168556,0.0018264531130705,97.7803956969523,97.61348700838268,0.2616913709309238,0.013792148943240878,0.0020261811199969735,1
2025-10-06 07:50:00,98.09472632462445,98.55111835047958,98.042312693419,98.45958559508712,1217.8961520928012,0.0037194585696205,97.91623367657928,97.69040506171945,0.28961314396661,0.010965554439834602,0.0020842822228419656,1
2025-10-06 08:05:00,98.45958559508712,98.64276044638238,98.40511293656316,98.6166842757503,5081.570535081097,0.0015955651216046,98.05632379641348,97.77461226299498,0.2981575255318946,0.007704668524519009,0.0020917469918244323,1
2025-10-06 08:20:00,98.6166842757503,98.67335185848222,98.55493597683444,98.63256380476096,1800.1679745168549,0.0001610227430304,98.17157179808298,97.85260785770096,0.2854163080392717,0.010135884992993782,0.0020858825337306906,1
2025-10-06 08:35:00,98.63256380476096,98.9066051102654,98.55282385512564,98.82333222010618,1235.6010102159871,0.001934132176903,98.30192388248764,97.94085552701054,0.2949936654291351,0.00374669693482077,0.0021068752881904223,1
2025-10-06 08:50:00,98.82333222010618,98.87215573649716,98.63085181963488,98.66833257626072,5640.124155137324,-0.0015684519066836,98.37520562124226,98.0069898042151,0.2651108878775078,0.004889651475703083,0.002130750351076836,1
2025-10-06 09:05:00,98.66833257626072,98.71069754485352,98.31136356942191,98.3540448935575,1795.5644869951946,-0.0031852943542985,98.37097347570533,98.03854026688258,0.2850503851742709,0.010934463498100566,0.002168058667797954,1
2025-10-06 09:20:00,98.3540448935575,98.399248955622,98.29880451624312,98.37072048180045,2445.159300642501,0.0001695465424018,98.37092287692434,98.06873846823876,0.2480464760854397,0.013341681560125718,0.002165298415188385,1
2025-10-06 09:35:00,98.37072048180045,98.67504889637075,98.34535244150918,98.64708627718947,6771.008222706737,0.0028094314450015,98.42615555697738,98.12131554177972,0.2537901111416443,0.011363507944059936,0.0022047517367656147,1
2025-10-06 09:50:00,98.64708627718947,98.6766792452622,98.53126563490044,98.55074605289404,1887.2872745245031,-0.0009766150013266,98.45107365616072,98.16035467915374,0.2491364389027321,0.014119282800429733,0.002211709220188758,1
2025-10-06 10:05:00,98.55074605289404,98.66045658317452,98.50493297799504,98.60152539635972,2855.9722161862373,0.0005152608731997,98.48116400420052,98.20046110799063,0.2400335050992958,0.01625585574185262,0.002193107635516551,1
2025-10-06 10:20:00,98.60152539635972,98.84473107460192,98.56578164563564,98.82091692211635,2701.559153264978,0.0022250317616763,98.5491145877837,98.25686618200208,0.2428186087299469,0.014736951328896408,0.002102367950775342,1
2025-10-06 10:35:00,98.82091692211635,99.19685060735397,98.80113286429896,99.11991870975676,2268.013646437665,0.0030256933142611,98.66327541217832,98.33532550270704,0.2587529269779298,0.008106766351771544,0.002108995652060146,1
2025-10-06 10:50:00,99.11991870975676,99.15627562059464,98.85239629048812,98.8558525567937,2095.21099781933,-0.0026641078443204,98.7017908411014,98.38264614398764,0.2741541887351865,0.00956550673724399,0.00215398169947089,1
2025-10-06 11:05:00,98.8558525567937,99.38597273219516,98.8270857492579,99.30119448425268,2200.112733591163,0.004504962690025,98.82167156973166,98.4661505385572,0.2948428422005723,-0.0006542534649033316,0.002256804344662292,0
2025-10-06 11:20:00,99.30119448425268,99.36762006460144,99.28047870707694,99.2956476532453,1598.9032076015164,-5.5858653425056026e-05,98.9164667864344,98.5415593671652,0.2647239636622812,-0.0017759143054134618,0.00219253592027947,-1
2025-10-06 11:35:00,99.2956476532453,99.51242377989972,99.24417856007544,99.44766340064012,2002.7360008329297,0.00153094069063,99.02270610927556,98.62393246111746,0.2669095143769299,-0.0032031844289787115,0.0021956963693389,-1
2025-10-06 11:50:00,99.44766340064012,99.61800216791228,99.44014933984998,99.5392495410536,2558.1392749553206,0.0009209481377605,99.12601479563116,98.707143104748,0.2711550105493948,-0.00502203072602081,0.0021660279505985795,-1
2025-10-06 12:05:00,99.5392495410536,99.60517493265232,99.3443263332378,99.37649313908211,2981.2535177717887,-0.0016350977400562,99.17611046432135,98.76799310786927,0.264516963711879,-0.0033231680391371254,0.002207209505330487,-1
2025-10-06 12:20:00,99.37649313908211,99.71200700506704,99.36954681992746,99.63229212805014,1892.070315349484,0.0025740392006992,99.26734679706712,98.84656574606754,0.2717424114459713,-0.006576514223366137,0.002229598046545416,-1
2025-10-06 12:35:00,99.63229212805014,99.65117773792257,99.10212871792582,99.19359329602403,2475.7584487593904,-0.0044031791566359,99.25259609685853,98.87811370515448,0.2824363432006243,-0.0033666060772390427,0.0024127146900701753,-1
2025-10-06 12:50:00,99.19359329602403,99.2167823510004,99.11510689817226,99.1507863342474,2921.7735387924035,-0.0004315496631814,99.2322341443363,98.90290212598111,0.282524272732713,-0.0009671872688817862,0.0023759925944190955,0
2025-10-06 13:05:00,99.1507863342474,99.46001943520122,99.08350601975252,99.42949360733664,4830.90455113525,0.0028109436484922,99.27168603693636,98.9507740788316,0.2858683413460789,-0.002183428627148598,0.0023724378766555136,-1
2025-10-06 13:20:00,99.42949360733664,99.73098935570744,99.42929039266488,99.68315130930876,2029.3853296442137,0.0025511313873711,99.35397909141084,99.0173538270568,0.2970315808232797,-0.005550021247096915,0.0022604027824622464,-1
2025-10-06 13:35:00,99.68315130930876,99.8251771112005,99.63220419245528,99.76806322575868,4779.256312219802,0.0008518181391201,99.43679591828042,99.0856001360297,0.2997065317922605,-0.009268071859661386,0.002260075960006655,-1
2025-10-06 13:50:00,99.76806322575868,99.947095660616,99.7165331283642,99.9422119066082,2297.531449226188,0.001745535346872,99.53787911594598,99.163473933355,0.2962503248840846,-0.009020593610540528,0.0021245109355348376,-1
2025-10-06 14:05:00,99.9422119066082,100.28661844698335,99.94118141431215,100.20437756912956,3010.0563069259765,0.0026231725065912,99.6711788065827,99.25810153660724,0.2926588455709549,-0.013752175905711095,0.002091494001893778,-1
2025-10-06 14:20:00,100.20437756912956,100.28231666115244,100.15597997066328,100.2772359650745,4068.4065597254216,0.000727097934366,99.79239023828109,99.35075012101336,0.2799772284554294,-0.013364151359241405,0.0020424208260569694,-1
2025-10-06 14:35:00,100.2772359650745,100.2937496268242,99.85093090114634,99.92346073154334,1351.0607025998302,-0.0035279715293944,99.81860433693352,99.4028147219706,0.2716866386511855,-0.012201468485612543,0.002175806945665882,-1
2025-10-06 14:50:00,99.92346073154334,100.02283050578332,99.74726895862796,99.80145888044171,4127.051409578572,-0.0012209530195256,99.81517524563516,99.43905510001343,0.2851452236248174,-0.008713370159657785,0.0021892052160351278,-1
2025-10-06 15:05:00,99.80145888044171,99.85351195055075,99.18597587226834,99.23622633369231,1002.115109722636,-0.0056635699827447,99.6993854632466,99.42061612125696,0.3136659992289696,-0.0032160190172544345,0.0024507397209280963,-1
2025-10-06 15:20:00,99.23622633369231,99.28593761955383,99.07107325812092,99.1193070921126,2320.943257158143,-0.0011781911293821,99.58336978901984,99.39322439133475,0.3163096801840126,-0.003043086344443058,0.0024564137519595343,-1
2025-10-06 15:35:00,99.1193070921126,99.16460268405832,99.06686169695672,99.12911419373688,3257.7673389659412,9.894239489738332e-05,99.49251866996325,99.3692143733713,0.3046591364473739,-0.0027204331184585984,0.0024426510744722384,-1
2025-10-06 15:50:00,99.12911419373688,99.1985958546385,99.03904238541384,99.03936037141337,3048.9845928023096,-0.0009054234273503,99.40188701025328,99.3392276459206,0.2915943710248803,-0.004710490460054562,0.0023714646398126753,-1
2025-10-06 16:05:00,99.03936037141337,99.11819727426084,98.94579770374064,99.04624835324078,957.2412053448876,6.954792318514258e-05,99.33075927885078,99.31259316476788,0.2646908389194128,-0.0026628296184803,0.0023575120721431387,-1
2025-10-06 16:20:00,99.04624835324078,99.11296811202486,98.92646744729711,98.97705894176345,4160.368066512121,-0.0006985566099443,99.26001921143332,99.28209005358563,0.270749782626526,0.0004015754380950476,0.002362140057124327,0
2025-10-06 16:35:00,98.97705894176345,99.06297954111294,98.78768937763134,98.85964754201046,5780.182916375386,-0.0011862486217343,99.17994487754876,99.243686188897,0.2635195503431617,-0.000165665010339211,0.002348848783720288,0
2025-10-06 16:50:00,98.85964754201046,99.05776874608256,98.80900945004817,99.0548889560053,2303.9728087173494,0.0019749353639144,99.15493369324008,99.22652280408865,0.2597381455568645,-0.0006833148035487735,0.002355347095899119,0
2025-10-06 17:05:00,99.0548889560053,99.2439044280888,99.04180485639976,99.2123964046115,2361.0244820183143,0.0015901027225031,99.16642623551436,99.22523858595436,0.260390049338568,-0.004671210312985785,0.002289205969398428,-1
2025-10-06 17:20:00,99.2123964046115,99.28980337226392,99.03099572496146,99.12990770156452,2161.158014254888,-0.0008314354459351,99.1591225287244,99.21657214191892,0.2624075575564727,-0.0012133472447474203,0.0022975048449148535,-1
2025-10-06 17:35:00,99.12990770156452,99.1725513396489,98.83628583647746,98.8434056464831,2648.8551320968104,-0.0028901676771853,99.09597915227616,99.18264791506112,0.2617524483064914,-0.0007797742769791727,0.0023129894299470117,0
2025-10-06 17:50:00,98.8434056464831,99.069658122932,98.74577324327257,99.04067382846016,3590.8395458016057,0.0019957647218529,99.08491808751296,99.16974117991556,0.2758630332472255,-0.004146930950501004,0.002329446546155682,-1
2025-10-06 18:05:00,99.04067382846016,99.1359926119834,98.74783907672858,98.8263493422766,3194.1368898622836,-0.0021640047255208,99.0332043384657,99.1385237401302,0.2719583767884371,-0.001994327029200993,0.0023640698760314174,-1
2025-10-06 18:20:00,98.8263493422766,99.0008048489382,98.82537689054352,98.93711580575088,2878.0484788157223,0.0011208191359031,99.01398663192272,99.1202139279139,0.2648059775912464,-0.0012590712934802406,0.0023395902031340342,-1
2025-10-06 18:35:00,98.93711580575088,98.94914235491116,98.63192913030106,98.70424777445407,932.0011562719228,-0.0023536973905122,98.952038860429,99.08239882305392,0.2397829166146508,0.0047771658578430465,0.0023111829783400446,1
2025-10-06 18:50:00,98.70424777445407,99.00078864869188,98.61780713877508,98.93185182674256,1863.882878327156,0.0023059195264685,98.94800145369172,99.06871273248017,0.2517912843635009,0.0007442499343093267,0.002302285120751394,0
2025-10-06 19:05:00,98.93185182674256,98.96104712896222,98.8247907693281,98.9170807426026,5182.162459534638,-0.0001493056469401,98.94181731147393,99.05492800612764,0.2545423824015387,-0.0032455679804561655,0.0021523741260947348,-1
2025-10-06 19:20:00,98.9170807426026,98.94479741469816,98.80105438558914,98.81767848222994,3225.202929098389,-0.001004904912543,98.91698954562511,99.03335986759149,0.2534130652504213,-0.0028911852591756437,0.002158009116507294,-1
2025-10-06 19:35:00,98.81767848222994,98.95359753333064,98.7566201329625,98.85944006848078,3204.266671544668,0.0004226125010451,98.90547965019628,99.01754897676324,0.2551686245252743,-0.002426781952230117,0.002138995268835348,-1
2025-10-06 19:50:00,98.85944006848078,98.93786055488874,98.51141923090609,98.57283640921392,3791.682546459944,-0.0028991025952436,98.8389510019998,98.97712056153148,0.2723072430434844,-0.0018462267165615387,0.002181562289030488,-1
2025-10-06 20:05:00,98.57283640921392,98.8159275704116,98.57106205625152,98.78250506952642,2802.561373333659,0.0021270429861841,98.82766181550514,98.95942824407648,0.2701340538062321,-0.0026849716872655582,0.002208637176522811,-1
2025-10-06 20:20:00,98.78250506952642,99.06596234477772,98.71176884112722,99.01680569756935,2210.2807714484934,0.0023718838460113,98.865490591918,98.9646443762122,0.2776650686359524,-0.003996070542516272,0.002200766133554245,-1
2025-10-06 20:35:00,99.01680569756935,99.08412563966756,98.80335767398483,98.84326995747828,2656.6448738993163,-0.0017525887536822,98.86104646503006,98.95361033814548,0.2832842396354991,-0.0022460902218374157,0.0020839057902344213,-1
2025-10-06 20:50:00,98.84326995747828,99.05922142394432,98.7762009238924,98.98720328401778,4212.498917282924,0.0014561773057633,98.88627782882762,98.95666424231568,0.2850137291176032,-0.0010376175307093005,0.00210111237184014,-1
2025-10-06 21:05:00,98.98720328401778,99.05057649478005,98.71112475213992,98.74895443535024,4180.734799127727,-0.0024068651377487,98.85881315013216,98.93778153259152,0.28524131765108,7.785473605337323e-05,0.0020742626854267712,0
2025-10-06 21:20:00,98.74895443535024,99.09077332464705,98.6952276128854,99.00962870118276,3290.6256774122944,0.002639767350683,98.88897626034228,98.94431309337254,0.2903599485155236,-0.004746482456430945,0.002078127756107082,-1
2025-10-06 21:35:00,99.00962870118276,99.09971600902236,98.6890689460048,98.76633010131096,3731.7849170215018,-0.0024573226166324,98.86444702853602,98.92813282136694,0.2919666290700066,0.0004365579854945789,0.002105749051596151,0
2025-10-06 21:50:00,98.76633010131096,98.78822769782587,98.53573479569454,98.62995899280244,3381.91395621565,-0.0013807449195352,98.8175494213893,98.90102610967926,0.2974712679083394,0.0034648638762926343,0.0020795134520967713,1
2025-10-06 22:05:00,98.62995899280244,98.64897753057264,98.61147892342068,98.62925728258604,6504.87523425503,-7.114574755551217e-06,98.77989099362864,98.8763198526708,0.2774916523756161,0.005979363259021486,0.0020064184135852024,1
2025-10-06 22:20:00,98.62925728258604,98.86113936159174,98.61036185997052,98.81254692338013,4893.208192801295,0.0018583698777021,98.78642217957896,98.87052231364436,0.2680485089259313,0.00317942496004453,0.0020383229874255814,1
2025-10-06 22:35:00,98.81254692338013,99.26222697246068,98.74257387835053,99.17577433694628,2668.38996232071,0.0036759240083934,98.86429261105242,98.89827249758088,0.2954339899599349,0.001962063070261255,0.002085557500263285,1
2025-10-06 22:50:00,99.17577433694628,99.25508858865892,98.96126532022008,99.00548185096572,3298.329986665453,-0.0017170774528263,98.89253045903509,98.90801880243406,0.3061540070549213,0.0004967157614956808,0.0020949649134485064,0
2025-10-06 23:05:00,99.00548185096572,99.02988896755213,98.58560188969165,98.5960386326242,3300.967821404392,-0.0041355610890096,98.83323209375293,98.87965696881496,0.3238189840186599,0.0045131150804149645,0.0019819119774127777,1
2025-10-06 23:20:00,98.5960386326242,98.64755519261892,98.43686361846774,98.53197826685616,3427.5812691789015,-0.0006497255534446,98.77298132837358,98.84804981409144,0.3084082876021249,0.004717120720142631,0.0019756929563939708,1
2025-10-06 23:35:00,98.53197826685616,98.66608620653162,98.51771240329532,98.61952976351502,3645.9266217386976,0.0008885592088867,98.74229101540188,98.82727526403905,0.3015160225361403,0.004032409539500126,0.0019842508197652894,1
2025-10-06 23:50:00,98.61952976351502,98.67890999409263,98.3516974960622,98.39084860510798,3294.755437539126,-0.0023188222348596,98.6720025333431,98.78760011322711,0.2995888078489933,0.006115089830878606,0.0020168616344220934,1
2025-10-07 00:05:00,98.39084860510798,98.55620626525518,98.3564636165392,98.51727684021758,1808.308323174519,0.0012849592914583,98.641057394718,98.76302527022624,0.2938012852085135,0.004518231064572831,0.0020335411633285246,1
2025-10-07 00:20:00,98.51727684021758,98.67432812596796,98.42828220319086,98.62112755710724,2925.972029326622,0.0010541371038714,98.63707142719583,98.75012547812452,0.2911602439745969,0.0030487488262513907,0.0020423005239685486,1
2025-10-07 00:35:00,98.62112755710724,98.681529061041,98.56228926604427,98.62125905533236,2497.228773086399,1.3333676907034686e-06,98.63390895282316,98.73841034877977,0.2754308191429239,0.0033471194769278956,0.002032891312346905,1
2025-10-07 00:50:00,98.62125905533236,98.92344478734906,98.5818211418217,98.8844924265744,3307.9871058093995,0.0026691341579239,98.6840256475734,98.7516905376702,0.2715792429833306,-0.0010017749114895613,0.002058991873798572,-1
2025-10-07 01:05:00,98.8844924265744,98.97528953546504,98.67075657017524,98.75664250913336,3889.9003848933776,-0.001292921815177,98.6985490198854,98.7521407168941,0.2639996645742042,0.0017212869429630295,0.002047878272585772,1
2025-10-07 01:20:00,98.75664250913336,98.83229178465416,98.44968087308732,98.53968123553486,3980.0667371527384,-0.0021969284099391,98.6667754630153,98.73282621858873,0.2732938081053118,0.0029097575574168477,0.002076733943062024,1
2025-10-07 01:35:00,98.53968123553486,98.89966648062526,98.4700768673043,98.80944733141467,2518.8601868279925,0.002737639218002,98.6953098366952,98.73979177430016,0.3013003085459544,-0.0003996958073719803,0.00207850909739236,0
2025-10-07 01:50:00,98.80944733141467,99.053110942164,98.78251201354972,98.97169837483683,3167.758703310683,0.001642060023653,98.75058754432352,98.76087419253076,0.3027161247597436,0.00014181047340944275,0.0020684220349978734,0
2025-10-07 02:05:00,98.97169837483683,99.22413800203152,98.8885878168849,99.21899743984612,1791.6771711585372,0.0024986846651118,98.84426952342804,98.80252176046852,0.2895659169766337,-0.0016122863493752693,0.0020767085374056057,-1
2025-10-07 02:20:00,99.21899743984612,99.22606903736413,99.07332985323188,99.1267140014339,10057.023851458564,-0.0009300984770398,98.90075841902924,98.83199378237448,0.2794884823833062,0.002644537149758319,0.0020766640869541437,1
2025-10-07 02:35:00,99.1267140014339,99.40076693971967,99.03936612745098,99.37036346123736,1246.4803922494768,0.0024579596152045,98.99467942747086,98.88093648045292,0.2735680348410361,0.0001539706154118914,0.0020703034521096933,0
2025-10-07 02:50:00,99.37036346123736,99.40036849970572,99.05387197156892,99.05465943427558,3635.942052311261,-0.0031770441001247,99.0066754288318,98.89672947625498,0.2832683886971533,0.004449709870950169,0.0021177865426453882,1
2025-10-07 03:05:00,99.05465943427558,99.12716240586631,99.03052863203524,99.04101390144628,1565.4365877566197,-0.0001377576068326,99.01354312335472,98.90984624218146,0.2795726723110679,0.00428121943210491,0.0021177540620061263,1
2025-10-07 03:20:00,99.04101390144628,99.09534444536824,98.9596286239134,98.99676550313538,1905.625540114676,-0.0004467684302479,99.01018759931084,98.91774799317729,0.2658943382699529,0.004486668023151896,0.002111147671577117,1
2025-10-07 03:35:00,98.99676550313538,99.02898517553356,98.97980467919388,99.01720409611444,4179.689483395123,0.000206457179436,99.0115908986716,98.92678945708064,0.2551398988145012,0.002962479133233664,0.0021102915096696405,1
2025-10-07 03:50:00,99.01720409611444,99.099636510682,98.89890899622044,98.9925174828646,2562.49361640435,-0.0002493164039037,99.0077762155102,98.93276473215192,0.2519028696491067,0.002504946827581289,0.0020416285718086124,1
2025-10-07 04:05:00,98.9925174828646,99.08955983927645,98.9324410216773,98.96240066083418,3100.340122061166,-0.0003042333177922,98.998701104575,98.93545890748666,0.2546085141207094,0.0030197688436803816,0.0020100925554115785,1
2025-10-07 04:20:00,98.96240066083418,98.9881630368866,98.87920244624212,98.92179860399057,2082.137432107859,-0.0004102776061664,98.98332060445811,98.93421706171428,0.2379897244862182,0.005962385117370239,0.0019665141897040055,1
2025-10-07 04:35:00,98.92179860399057,99.00980924870775,98.86585881929294,98.9513561923556,1510.851818019841,0.0002987975227113,98.97692772203762,98.93577516449986,0.2265195433522901,0.004078975337368229,0.0019417660558842718,1
2025-10-07 04:50:00,98.9513561923556,98.97326466290984,98.76418361856214,98.78543242292608,1760.684174424233,-0.0016768215799584,98.93862866221532,98.9221076425386,0.2141245528366358,0.005549871890248248,0.0019468262894240986,1
2025-10-07 05:05:00,98.78543242292608,98.94465346829008,98.7361850769648,98.9266310284152,1651.395910752767,0.0014293464332331,98.9362291354553,98.92251885943648,0.1983301798369449,0.008621592982342774,0.0019156349081534338,1
2025-10-07 05:20:00,98.9266310284152,98.98905463438044,98.81726195150284,98.8264078177154,2037.3572915674283,-0.0010131064775773,98.91426487190732,98.91378149200727,0.1912725908557553,0.010584172752437393,0.0018649899362991507,1
2025-10-07 05:35:00,98.8264078177154,98.91358174206708,98.69076417050304,98.76995360958756,4581.402971812942,-0.0005712461818095,98.8854026194434,98.90070622996912,0.1832202613141405,0.008657394808508245,0.0018158132890658575,1
2025-10-07 05:50:00,98.76995360958756,99.01383965216796,98.75676636704829,98.98573359823752,2714.181490283792,0.0021846723701306,98.90546881520224,98.9084359907208,0.1906726970989569,0.0030571465690207855,0.001837442395668478,1
2025-10-07 06:05:00,98.98573359823752,99.1333459574555,98.88781532683196,99.05902800467516,2489.3056976053085,0.0007404542429836,98.93618065309684,98.92212617380756,0.1823962555528737,0.0011104864592117458,0.0018406003539777253,1
2025-10-07 06:20:00,99.05902800467516,99.41415702108026,99.04236848478716,99.38885827914416,4370.202570701658,0.0033296336650248,99.0267161783063,98.9645563652018,0.1842028275640359,-0.00541201954257553,0.0019023135965006825,-1
2025-10-07 06:35:00,99.38885827914416,99.48246908162972,99.3698349203011,99.3856635772532,2621.9620390914347,-3.214346101054755e-05,99.09850565809568,99.00283883902463,0.1853457123852889,-0.003923362003625197,0.001792479942040217,-1
2025-10-07 06:50:00,99.3856635772532,99.5025827729558,99.29088227593826,99.49542393012388,7238.830878217127,0.0011043881875916,99.17788931250134,99.04761930185184,0.1907731892111976,-0.004473686166511115,0.0017711256007240444,-1
2025-10-07 07:05:00,99.49542393012388,99.56189602022862,99.3896392977932,99.46503021473652,6046.126772084486,-0.0003054785254112,99.23531749294838,99.08556574847772,0.1995643482180357,-0.0022580957108991884,0.0015921387031658982,-1
2025-10-07 07:20:00,99.46503021473652,99.52667125475782,99.36633670745547,99.44093112531375,3202.4002054749876,-0.0002422870567749,99.27644021942146,99.11787169182644,0.1966791362780904,-0.0035010024788894034,0.0015861188240290976,-1
2025-10-07 07:35:00,99.44093112531375,99.53739057399513,99.2662914423128,99.31054049708032,4272.320634926821,-0.0013112370002764,99.28326027495324,99.13538703775862,0.2048205872840307,-0.004383103514638997,0.0016067958882475992,-1
2025-10-07 07:50:00,99.31054049708032,99.3629013751128,99.18402959951176,99.2404884754876,7163.033437409083,-0.0007053835498436,99.27470591506012,99.1449417139158,0.2098142433523579,-0.0017106542038874961,0.0015488460635349605,-1
2025-10-07 08:05:00,99.2404884754876,99.35273800196588,99.20539471488073,99.26124423504558,2843.174930077495,0.0002091460841924,99.27201357905722,99.15551467038216,0.2100565903288103,-0.005542979034775519,0.001537738313491417,-1
2025-10-07 08:20:00,99.26124423504558,99.5847408783415,99.24836652095242,99.5116084637705,2667.0851121096266,0.0025222757447214,99.31993255599988,99.18788683341744,0.2191489698317669,-0.009253661770734167,0.001584128508479491,-1
2025-10-07 08:35:00,99.5116084637705,99.59813940595784,99.26938365856424,99.35497633386336,2882.3485689344952,-0.0015740086239705,99.32694131157258,99.20307678800344,0.2277409238366477,-0.010951569832079566,0.001617268543273861,-1
2025-10-07 08:50:00,99.35497633386336,99.39922607497073,99.32936618624456,99.33367891749609,1074.836124864613,-0.000214356815865,99.32828883275728,99.2149497088664,0.2204600099686869,-0.011771765157990166,0.0015563335663678689,-1
2025-10-07 09:05:00,99.33367891749609,99.85834010880602,99.2486082873356,99.7795361762566,3686.8354060554207,0.0044884802779816,99.41853830145716,99.26627575135645,0.2480967421048581,-0.014326394153536093,0.0017120666595742307,-1
2025-10-07 09:20:00,99.7795361762566,99.89225946256954,99.71517520217586,99.87240359056094,2096.785834472159,0.0009307260572977,99.50931135927792,99.3213782821932,0.242383240338716,-0.01979445359191101,0.0016517528005701246,-1
2025-10-07 09:35:00,99.87240359056094,99.95628962345418,99.53068218993909,99.6250440932038,2614.756798490098,-0.002476755224308,99.5324579060631,99.34898426501236,0.2552458691166858,-0.016922684965736123,0.0016729317737317288,-1
2025-10-07 09:50:00,99.6250440932038,99.71105997308256,99.27787138221444,99.28834749408938,1995.3956336596984,-0.0033796381439935,99.48363582366837,99.34347183129208,0.2596315873006166,-0.012883156473530888,0.0017715604195644393,-1
2025-10-07 10:05:00,99.28834749408938,99.35041473744612,99.08755817927144,99.16903171393702,2183.5190381663374,-0.001201709799425,99.4207150017221,99.32761363880525,0.2703617585039057,-0.01134605717089654,0.0017303181878479301,-1
2025-10-07 10:20:00,99.16903171393702,99.19848415893684,98.76869612116988,98.85096383582317,3174.9509899688046,-0.0032073306819346,99.30676476854232,99.28428183853414,0.2859394399860073,-0.006708656748388719,0.0018140026363876144,-1
2025-10-07 10:35:00,98.85096383582317,99.0835656053574,98.8244913131373,98.99573764106913,2136.2516870114405,0.0014645664506258,99.24455934304768,99.2580505478555,0.2921406949706276,-0.008008981730871279,0.001777199159842288,-1
2025-10-07 10:50:00,98.99573764106913,99.12415162253424,98.9859972345324,99.05031262845652,2844.129762706256,0.000551286234012,99.20571000012946,99.2391652824556,0.2905563978777356,-0.008982082878288278,0.0016901627292712144,-1
2025-10-07 11:05:00,99.05031262845652,99.26950911585784,98.9678156567251,99.24042865662416,5442.1450433709515,0.001919388471602,99.2126537314284,99.23928013465272,0.2927417069813387,-0.008965084946225166,0.0017235459804406242,-1
2025-10-07 11:20:00,99.24042865662416,99.28546252404398,99.08136110616418,99.09278817894096,1564.520325727673,-0.0014877049573619,99.18868062093092,99.22596268413348,0.2945438242869634,-0.007563265150648313,0.0017432135276375567,-1
2025-10-07 11:35:00,99.09278817894096,99.12048187171416,98.86213032537188,98.87525211798688,2082.9344394605378,-0.0021952764166981,99.12599492034212,99.19407990539288,0.3024729856624729,-0.009103884645072169,0.0017866128252721138,-1
2025-10-07 11:50:00,98.87525211798688,99.14781965716992,98.8155345253197,99.07072231668116,3663.992641120526,0.0019769375501672,99.11494039960994,99.18286557914637,0.3021808981239817,-0.010063887476915445,0.0018213387485875147,-1
2025-10-07 12:05:00,99.07072231668116,99.12758910112689,98.6917339822574,98.711041239285,2756.506536760085,-0.0036305486523702,99.03416056754496,99.1399724573408,0.3098308532294019,-0.005490175599681457,0.0019323472682776105,-1
2025-10-07 12:20:00,98.711041239285,98.71301394167068,98.57956560545918,98.59076169678504,1193.168017783291,-0.0012185014056167,98.94548079339296,99.09004420638118,0.3143728851926407,-0.007918094515193652,0.0019420924169821275,-1
2025-10-07 12:35:00,98.59076169678504,98.6763139376317,98.19121898658906,98.26688337237844,4349.240364846065,-0.0032850778189815,98.80976130919008,99.01521140329002,0.3054702515906565,-0.007305879770159951,0.00201995515791972,-1
2025-10-07 12:50:00,98.26688337237844,98.34262842392349,98.09089723343855,98.16434617700013,3924.595224719092,-0.0010434562678635,98.68067828275208,98.93786001908184,0.3108021751686008,-0.009260074243862326,0.0020082375441649327,-1
2025-10-07 13:05:00,98.16434617700013,98.35961365775606,98.10223613175305,98.35005521253854,1709.8164449524882,0.0018918175770616,98.61455366870938,98.884423218487,0.2987857532034508,-0.008914178863707711,0.0020219225569279072,-1
2025-10-07 13:20:00,98.35005521253854,98.35447963104586,97.86119219984326,97.89548393257498,6762.286599287969,-0.004621972798909,98.4707397214825,98.79451964704045,0.3030785275130562,-0.005594040908178277,0.0021654062465755256,-1
2025-10-07 13:35:00,97.89548393257498,97.95056697067506,97.87051377581844,97.93912085731694,3039.8709251867076,0.0004457501305372,98.3644159486494,98.71675612070194,0.2900211444189092,-0.0069475120040943805,0.0021686582117977945,-1
2025-10-07 13:50:00,97.93912085731694,98.08460064662724,97.93328913466338,98.00920017732471,1229.2134933658344,0.0007155396065876,98.29337279438448,98.6524328531222,0.2701299640044011,-0.00954671773721738,0.002130412193798951,-1
2025-10-07 14:05:00,98.00920017732471,98.10707442390554,97.93497654663688,98.04385421052824,997.5780069729738,0.0003535793899023,98.24346907761324,98.59710752197728,0.2639173629364423,-0.008287633402222605,0.0021253646389129523,-1
2025-10-07 14:20:00,98.04385421052824,98.23826010212788,97.97716626417672,98.18780665020124,1100.4701800241014,0.0014682454176462,98.23233659213084,98.55989835181585,0.2726987522185352,-0.011470747496631128,0.0020462663160301497,-1
2025-10-07 14:35:00,98.18780665020124,98.2542588997546,98.12417622256814,98.20288258686767,3715.0793005446258,0.0001535418417091,98.2264457910782,98.5274423731842,0.260440839222371,-0.010158011921374221,0.0020475411090448803,-1
2025-10-07 14:50:00,98.20288258686767,98.29134127301454,98.1055256090158,98.16063451130736,3728.728066015803,-0.0004302121734864,98.21328353512403,98.49409620392264,0.2591347139451514,-0.010969615998408844,0.0020297396472981136,-1
2025-10-07 15:05:00,98.16063451130736,98.37659305207092,98.11097587188333,98.35072978361772,3350.1792699153916,0.001936573385622,98.24077278482278,98.48106289298585,0.2596536877912468,-0.014587805896185913,0.0020720748626688224,-1
2025-10-07 15:20:00,98.35072978361772,98.44311933508004,98.30240750570844,98.3433231474266,2225.5526673024,-7.530840093827873e-05,98.26128285734356,98.468541097935,0.2459698804713446,-0.013578187283462051,0.0020725648626439817,-1
2025-10-07 15:35:00,98.3433231474266,98.35010546860276,97.93160779557064,97.9751032284523,4640.971702107737,-0.0037442289643018,98.2040469315653,98.4236831098002,0.244730062911533,-0.015084776277985545,0.0021522596142646527,-1
2025-10-07 15:50:00,97.9751032284523,98.141244261147,97.95531276283415,98.07368571502934,1235.9334699057515,0.0010061993642116,98.17797468825812,98.39186516482104,0.2484788602044848,-0.01647549344498822,0.002166180261532713,-1
2025-10-07 16:05:00,98.07368571502934,98.22749641773724,98.04998420214254,98.16910028925392,3146.2903770953503,0.0009728865957157,98.17619980845728,98.37161381249676,0.2265086648153464,-0.01808901320323153,0.0021769166699781746,-1
2025-10-07 16:20:00,98.16910028925392,98.1995264497118,97.79820684487676,97.81011072734496,2224.3703126930677,-0.0036568488541833,98.10298199223485,98.32056807748296,0.2371935515546407,-0.016400023994643576,0.0021885465720978907,-1
2025-10-07 16:35:00,97.81011072734496,97.83108312752309,97.50993313967103,97.54895733707151,2250.1551229101624,-0.0026700040346692,97.99217706120216,98.25042164653644,0.2417487274009997,-0.012999656094724865,0.002213738165097072,-1
2025-10-07 16:50:00,97.54895733707151,97.60312667644946,97.20045498053528,97.2553370433009,4752.5090655359645,-0.0030099788022954,97.84480905762192,98.15995940987868,0.2352761748803981,-0.011150318127549741,0.002254017386423929,-1
2025-10-07 17:05:00,97.2553370433009,97.49696346333936,97.15815311872292,97.47334522911844,4397.045765112994,0.0022416063986336,97.77051629192124,98.09753993890048,0.2537588284346717,-0.014761113013301519,0.0021195076551891578,-1
2025-10-07 17:20:00,97.47334522911844,97.47916174505438,97.27947546033346,97.34785259073024,3838.7061982286673,-0.0012874559510933,97.68598355168304,98.02938654361226,0.2572141693458911,-0.014008246278980119,0.0020996787653390567,-1
2025-10-07 17:35:00,97.34785259073024,97.36244648912356,97.22617323625832,97.25868763949028,2759.909884745462,-0.0009159416347356,97.6005243692445,97.9593230068739,0.2546552676027888,-0.010199674270810588,0.0020774253488937576,-1
2025-10-07 17:50:00,97.25868763949028,97.27164307450036,97.02380220243904,97.07353400758136,3134.4418124121794,-0.00190372332182,97.49512629691188,97.87879673421094,0.2537086271820864,-0.005928782035999558,0.0020330431592610935,-1
2025-10-07 18:05:00,97.07353400758136,97.29862286713968,97.03524475670568,97.23130268949042,1932.4409795175725,0.0016252491837449,97.4423615754276,97.81993363923634,0.2632297295569107,-0.010533305559023876,0.0020717139955590816,-1
2025-10-07 18:20:00,97.23130268949042,97.31833770066451,96.97555850662532,97.06151911286874,3175.755029634001,-0.0017461822676991,97.36619308291584,97.750986864112,0.2744414102740882,-0.009826960358229497,0.0020283701808064243,-1
2025-10-07 18:35:00,97.06151911286874,97.2306097567148,96.96928869715386,97.20533653483696,1254.115307158215,0.0014817141054737,97.33402177330008,97.70138228872337,0.2741345445150409,-0.009542847134969334,0.0020289268621793205,-1
2025-10-07 18:50:00,97.20533653483696,97.2210926084227,97.03534031402587,97.08385004455816,2744.4063363333075,-0.0012497923942197,97.2839874275517,97.64524299379926,0.2773517205882712,-0.006770916228545754,0.0020218392368148096,-1
2025-10-07 19:05:00,97.08385004455816,97.17071959985596,96.90257518536365,96.91600842778608,12577.548185256976,-0.0017288314863393,97.21039162759858,97.57894894234352,0.2666122021211429,-0.004411586158271308,0.0019761096824543987,-1
2025-10-07 19:20:00,96.91600842778608,97.06104592578642,96.90059051112074,97.00799908765282,2735.6390316998136,0.0009491792053659,97.16991311960945,97.52704441009892,0.2647924818606323,-0.0047351747943582545,0.0019931866301669612,-1
2025-10-07 19:35:00,97.00799908765282,97.06432353438316,96.44184300317995,96.49717071543856,5538.501809340109,-0.0052658376321389,97.03536463877526,97.43341952876617,0.2965759329755256,-1.0587223297608972e-05,0.002138014684464496,0
2025-10-07 19:50:00,96.49717071543856,96.54254211195652,96.39836285854474,96.45787334890554,5262.049719549297,-0.0004072385360281,96.91986638080132,97.3447335124152,0.2782087650167213,-0.0006951333832566631,0.0020803882469602147,0
2025-10-07 20:05:00,96.45787334890554,96.5445521387346,96.39169659202726,96.39331813797224,2140.869269805894,-0.0006692580780813,96.81455673223552,97.25824120564764,0.2661877335063849,-0.001814959383366621,0.002016814156155638,-1
2025-10-07 20:20:00,96.39331813797224,96.4783933247694,96.1740269730158,96.20602256449776,1426.0309440445417,-0.0019430348191393,96.69284989868798,97.16258496554312,0.2591659232092017,0.001227790218282676,0.002026400616728647,1
2025-10-07 20:35:00,96.20602256449776,96.34277235317312,96.17180528259476,96.2808544392906,3837.785658551959,0.0007778294206337,96.61045080680852,97.0824276449747,0.2471771179207686,0.0055164674400485225,0.0019902327899329973,1
2025-10-07 20:50:00,96.2808544392906,96.2826987186997,96.13861634446522,96.17090909566602,5456.742422952156,-0.0011419232231045,96.52254246458004,96.99956232231028,0.2432054100288801,0.005185449392214325,0.001990959185348858,1
2025-10-07 21:05:00,96.17090909566602,96.2013892979936,95.98028544760336,96.03453016440686,2203.7196320205767,-0.0014180892386438,96.4249400045454,96.91183212613724,0.2492647384235228,0.0053894667871561275,0.0019405772638063715,1
2025-10-07 21:20:00,96.03453016440686,96.11046746166674,95.93577728984808,95.98417989690944,2627.736205729577,-0.0005242933704284,96.33678798301824,96.82750010529834,0.2440396884061897,0.007244139525442561,0.001806914231808101,1
2025-10-07 21:35:00,95.98417989690944,96.26677206694548,95.97497496064946,96.26668070556096,3947.820195725944,0.002943201775073,96.32276652752678,96.77651652350404,0.2460696166820487,0.002836362587039565,0.0019054313549554268,1
2025-10-07 21:50:00,96.26668070556096,96.59094197212318,96.18964053146344,96.49800618298622,1468.695791438905,0.0024029651352868,96.35781445861868,96.75119740163878,0.2502497771549424,-0.0007174202796339513,0.0019636540522483194,0
2025-10-07 22:05:00,96.49800618298622,96.52316525880592,96.20026066186658,96.20713566836008,3571.2703265068653,-0.003014264502777,96.32767870056696,96.70173724406798,0.2546486012533983,0.005351146363763437,0.002007107966641217,1
2025-10-07 22:20:00,96.20713566836008,96.26808517466866,96.03490698793344,96.10769941223704,1671.6025048749634,-0.001033564251053,96.283682842901,96.64773380481064,0.2580361649918551,0.003887904566499678,0.0019728273406224555,1
2025-10-07 22:35:00,96.10769941223704,96.32307554414236,96.09618210163012,96.27772086758176,4635.739274620121,0.0017690721595096,96.28249044783716,96.61409626506254,0.2550896669932762,0.002375127604506977,0.0020147295092866366,1
2025-10-07 22:50:00,96.27772086758176,96.45778989110094,96.27350160586242,96.42650342876176,1655.591212402492,0.0015453477693414,96.31129304402208,96.59704237085336,0.2567920148913367,0.001321639747778658,0.0020505726453041765,1
2025-10-07 23:05:00,96.42650342876176,96.50454330332144,96.422603720648,96.48845510649116,4399.220475265729,0.000642475621603,96.3467254565159,96.5871708013659,0.2181819471392105,-0.0012567811341362978,0.002012256449437939,-1
2025-10-07 23:20:00,96.48845510649116,96.56386527437158,96.4647596025649,96.54864925552184,4704.434805750516,0.0006238481999141,96.3871102163171,96.5836688426528,0.2149624055959904,0.0013481121398943863,0.0020218567423940957,1
2025-10-07 23:35:00,96.54864925552184,96.60850093386787,96.40288228001936,96.4961490783446,5021.489552995547,-0.0005437691524642,96.4089179887226,96.57571250044296,0.2187311989632172,0.00034141532343934244,0.0019373385325100025,0
2025-10-07 23:50:00,96.4961490783446,96.526234681831,96.38333974339275,96.39082226106277,1188.0492582187946,-0.0010915131669797,96.40529884319064,96.55890429686292,0.207197526583547,0.0011094870456145323,0.0019210806810094146,1
2025-10-08 00:05:00,96.39082226106277,96.4735723809242,96.21247998387597,96.21836818072389,2547.8847590634455,-0.0017891130741866,96.3679127106973,96.52794646812302,0.2136350499028217,0.001753865722204262,0.0019129944696998152,1
2025-10-08 00:20:00,96.21836818072389,96.40517841878416,96.2071678513302,96.32414337794232,2352.423016834405,0.0010993243724501,96.35915884414632,96.50941891447025,0.2174870637042119,-0.0006429906333367263,0.0018537032370093366,0
2025-10-08 00:35:00,96.32414337794232,96.863238217145,96.2720068839071,96.81198463790498,4024.5762178319674,0.0050645792721824,96.44972400289804,96.53692488932792,0.2439247410504736,-0.004707043971303504,0.002052121045848046,-1
2025-10-08 00:50:00,96.81198463790498,96.85207345622489,96.6490999726804,96.66959847778485,4545.9714433391755,-0.0014707493153114,96.49369889787542,96.5489861246422,0.2459449776023185,-0.00382824512108515,0.0020024139150967707,-1
2025-10-08 01:05:00,96.66959847778485,96.71863049688642,96.48320771048289,96.55210507514808,2610.6208935256823,-0.0012154121304616,96.50538013332996,96.54926966559728,0.2419182404671411,-0.0031029579481595126,0.001959976937245934,-1
2025-10-08 01:20:00,96.55210507514808,96.71650442959351,96.46028549337622,96.67950268831784,3807.685043238908,0.0013194700733929,96.54020464432756,96.56110903129914,0.2315552044355391,-0.002397221242756431,0.0019715327539257437,-1
2025-10-08 01:35:00,96.67950268831784,96.73738452557284,96.46121200744726,96.5397279170927,5312.23803766199,-0.0014457539327208,96.54010929888058,96.559165293644,0.2282171988059858,0.0015176697972540953,0.0019798302332468304,1
2025-10-08 01:50:00,96.5397279170927,96.6145870197069,96.36950314440324,96.4287765564063,2061.5951404661764,-0.0011492818871592,96.51784275038574,96.54731177207694,0.2290676051323034,0.0041520137402257795,0.0019636816364441783,1
2025-10-08 02:05:00,96.4287765564063,96.78569144855427,96.3539907972873,96.72195413255992,2115.3881720681397,0.0030403535814034,96.55866502682058,96.56318835030264,0.243696691471928,0.00399326432049385,0.002021347378171941,1
2025-10-08 02:20:00,96.72195413255992,96.78712645587616,96.39392507117232,96.48135697565765,4362.727845593388,-0.0024875133992073,96.543203416588,96.55574913442584,0.2586190557194499,0.007502310079493091,0.0020442065775157833,1
2025-10-08 02:35:00,96.48135697565765,96.51572697731696,96.39570340731125,96.50639274011338,3382.1168637187593,0.0002594881046507,96.53584128129307,96.55126218948834,0.2613393405288988,0.006400889195755655,0.002023366674426745,1
2025-10-08 02:50:00,96.50639274011338,96.6097962072085,96.45936027223054,96.55394452843254,2758.849720297413,0.0004927320042642,96.539461930721,96.55150603848328,0.265005787898276,0.007420352544941,0.0020182971856969848,1
2025-10-08 03:05:00,96.55394452843254,96.61470773360963,96.3402907702854,96.36719023645136,3859.66365138483,-0.0019341964007093,96.50500759186708,96.53475005648036,0.2699199528608287,0.009224754730595253,0.002023736047757455,1
2025-10-08 03:20:00,96.36719023645136,96.6984700867877,96.27408001483512,96.67880766167362,2083.6702766581707,0.0032336464771636,96.5397676058284,96.54784620240702,0.2900267481118531,0.0060285915875890606,0.0021034140686441646,1
2025-10-08 03:35:00,96.67880766167362,96.69926722787964,96.503854873845,96.52909434229284,3315.547810329771,-0.0015485639821366,96.53763295312127,96.54614148785116,0.2853353164680245,0.008286983462919117,0.0019021704786346234,1
2025-10-08 03:50:00,96.52909434229284,96.5603884951098,96.48180606588257,96.49776662967756,3844.029499461626,-0.0003245416610268,96.52965968843256,96.54174377347177,0.2768047351661167,0.009258367943652646,0.0019016385088754392,1
2025-10-08 04:05:00,96.49776662967756,96.56610505144606,96.37663541084108,96.38712227852248,1647.0134918353783,-0.0011466001237077,96.50115220645054,96.52768727393092,0.2481074714066226,0.008767860533105853,0.0019090343067550868,1
2025-10-08 04:20:00,96.38712227852248,96.39892828344452,96.22386184357724,96.26220785598612,2697.1628223534426,-0.0012959658882167,96.45336333635768,96.50355278139048,0.2461141111439642,0.009530635440795132,0.0018911350720563877,1
2025-10-08 04:35:00,96.26220785598612,96.42193649918664,96.23104025561337,96.3562863692652,3509.955197949648,0.000977315141367,96.43394794293918,96.49016492574272,0.242933643798947,0.008172170384931343,0.0018940404040059485,1
2025-10-08 04:50:00,96.3562863692652,96.40669274360329,96.25704041550614,96.299523559055,2663.789386169391,-0.0005890929626809,96.40706306616237,96.47283389240746,0.2353217432189365,0.013762137907029626,0.0018855440967723098,1
2025-10-08 05:05:00,96.299523559055,96.33837673987006,96.22692517961757,96.25250795329362,1071.669722172218,-0.000488222620671,96.3761520435886,96.45280426157892,0.2235559605137161,0.014396443009932591,0.0018693889367168471,1
2025-10-08 05:20:00,96.25250795329362,96.53630981003468,96.21317510190036,96.44774053073428,1920.069128145288,0.0020283375632705,96.39046974101774,96.45234392241125,0.229131020001621,0.013229313246686969,0.0018973526198767727,1
2025-10-08 05:35:00,96.44774053073428,96.74743108773824,96.42071954259356,96.6862433463876,4327.997296688355,0.0024728709489811,96.44962446209172,96.47360750640908,0.2216317981357412,0.005970352134430534,0.0018767454048403403,1
2025-10-08 05:50:00,96.6862433463876,96.85517191337212,96.60636234321916,96.82915016162166,9069.203764758931,0.0014780470342825,96.52552960199772,96.50592956597386,0.2113180970963942,0.0037965786944786917,0.0018476278394440222,1
2025-10-08 06:05:00,96.82915016162166,97.18498878074116,96.8033576331413,97.1081904610059,4321.141411250598,0.0028817799073779,96.64206177379936,96.56068055643132,0.2300043526388324,0.00016464048200681702,0.0018199269258514514,0
2025-10-08 06:20:00,97.1081904610059,97.30040535239492,97.07916465876424,97.2051900325793,3653.406165232383,0.0009988814652286,96.75468742555536,96.6192723269902,0.2350618353997415,-0.0022443114180534796,0.0018075621604072391,-1
2025-10-08 06:35:00,97.2051900325793,97.29538755838996,97.03990955274811,97.12411946672492,4560.108960078015,-0.0008340147869387,96.82857383378926,96.66516752151156,0.2337090527081398,0.00025734763397422533,0.0018004999857764686,0
2025-10-08 06:50:00,97.12411946672492,97.36614056170272,97.09209754237465,97.2704088364382,3451.0072373492108,0.0015062105120386,96.91694083431906,96.72018945923216,0.2229699775206758,-0.0016820283874730002,0.001799622401453658,-1
2025-10-08 07:05:00,97.2704088364382,97.33096076934942,97.16634354982976,97.25615393045923,3398.3248352728574,-0.0001465492553128,96.98478345354712,96.76891350207096,0.2207703250553205,-0.004295136675154798,0.0017998149691274977,-1
2025-10-08 07:20:00,97.25615393045923,97.27772128116683,97.1884381643652,97.26164470824092,1848.342358969449,5.6456867352450146e-05,97.04015570448588,96.81370724808642,0.2215346598820622,-0.0027217095920409884,0.0017988001170054833,-1
2025-10-08 07:35:00,97.26164470824092,97.37230648875192,97.2110316719656,97.32902935079797,1424.8866724167513,0.0006928182508036,97.09793043374827,96.86055471196929,0.2195207438950167,-0.0032167564321301523,0.00179488587686203,-1
2025-10-08 07:50:00,97.32902935079797,97.40966276106823,97.31559751031897,97.39117845887584,3470.3942718992316,0.0006385464695624,97.1565800387738,96.90879323441531,0.2137349446723025,-0.002872489055497085,0.0017785285987628107,-1
2025-10-08 08:05:00,97.39117845887584,97.4201968810155,97.14442199244948,97.232231123848,4783.801612815709,-0.0016320506389083,97.17171025578864,96.9381966789092,0.2197977050289259,-0.002118171355485865,0.0017727155048058013,-1
2025-10-08 08:20:00,97.232231123848,97.30302467829031,97.09939390098494,97.17964786578756,4669.58510731956,-0.0005408006938917,97.17329777778843,96.96014678680724,0.2236533085437995,-0.0013097809325058885,0.0017734390200377674,-1
2025-10-08 08:35:00,97.17964786578756,97.21246952145606,97.11731669811653,97.14372635913408,2409.296823240604,-0.0003696402224372,97.1673834940576,96.97683583883696,0.2224891130500158,-0.00018951305984016287,0.001545875295123649,0
2025-10-08 08:50:00,97.14372635913408,97.7159522163428,97.0712589044028,97.62481088265596,3494.627479543496,0.0049522963710832,97.25886897177726,97.0357426610023,0.2454575847504198,-0.0067826813753280035,0.0017391726030759147,-1
2025-10-08 09:05:00,97.62481088265596,97.69944257391391,97.60270187685909,97.63820169860628,2210.0875451364,0.0001371661141185,97.33473551714307,97.09051166442084,0.2290310956011469,-0.009607424821086008,0.0017172321392395645,-1
2025-10-08 09:20:00,97.63820169860628,97.7303478504341,97.61250626727328,97.72367790215056,1797.342693410408,0.0008754381180444,97.41252399414458,97.14807223148718,0.2196762393874211,-0.0130676537643577,0.0017109369031480116,-1
2025-10-08 09:35:00,97.72367790215056,97.75211379798183,97.1849417524412,97.26349426572078,2832.1473229146304,-0.0047090290327647,97.38271804845982,97.15856514369024,0.2329291606689056,-0.007415646040088819,0.001906686167560871,-1
2025-10-08 09:50:00,97.26349426572078,97.28366171786344,97.15067437399588,97.19676965012974,2156.7819650827673,-0.000686019108143,97.3455283687938,97.16203828063928,0.2266253499715408,-0.010673478465924702,0.0018975720189219625,-1
2025-10-08 10:05:00,97.19676965012974,97.20674733222684,97.06418032703444,97.1241784002902,6335.046509485373,-0.0007468483788179,97.30125837509308,97.1585964733348,0.2185602785108662,-0.009564299276317634,0.0018349748977979957,-1
2025-10-08 10:20:00,97.1241784002902,97.16974875910772,96.9724447952008,96.98703131469512,4530.138114038369,-0.0014120797504182,97.2384129630135,97.1429996407312,0.213078917409356,-0.007923978896325012,0.001794874077516668,-1
2025-10-08 10:35:00,96.98703131469512,97.23138331465114,96.90874997781614,97.14911412907152,2805.9128445229057,0.0016711802823459,97.22055319622513,97.14355550330758,0.2243657829318804,-0.005926625749504311,0.0018145143133294175,-1
2025-10-08 10:50:00,97.14911412907152,97.1877032755502,97.09673841969132,97.1067972475142,2567.901975928847,-0.0004355869009892,97.19780200648292,97.14021384369,0.2244859071502542,-0.006436295008482862,0.001817251322206006,-1
2025-10-08 11:05:00,97.1067972475142,97.1421298048279,96.78296153897551,96.83842545682802,4645.061192812396,-0.002763676676537,97.12592669655196,97.11277853579344,0.2386211535121134,-0.005069422910819799,0.001853927303434684,-1
2025-10-08 11:20:00,96.83842545682802,97.05399461149813,96.82362424989309,96.99692675690082,2247.3450318931073,0.0016367604008953,97.10012670862172,97.10224655589413,0.2483572328589533,-0.006402017186209474,0.0017887053984221373,-1
2025-10-08 11:35:00,96.99692675690082,97.10200970471224,96.97298592918024,97.0159455696008,2041.0723760999344,0.0001960764462944,97.08329048081757,97.09440101168563,0.2378750104993788,-0.005081804886947983,0.0017631087432457076,-1
2025-10-08 11:50:00,97.0159455696008,97.18371527253788,97.00073599912064,97.11142336465076,10046.60088090324,0.0009841453844456,97.0889170575842,97.09594849831882,0.2363999030787969,-0.0013248329941932813,0.0017667115031228036,-1
2025-10-08 12:05:00,97.11142336465076,97.14709672197117,96.9984142074356,97.02627659705148,3845.627335549226,-0.0008767945587571,97.07638896547766,97.0896146891127,0.2402234524499432,0.0012323908773279602,0.0017607131546118434,1
2025-10-08 12:20:00,97.02627659705148,97.11447934129482,96.93629608534414,97.05236381598532,7525.259734512479,0.0002688675671043,97.0715839355792,97.08622824610111,0.2069013055935654,0.0014230863704987051,0.0017391925582221311,1
2025-10-08 12:35:00,97.05236381598532,97.17560202339196,97.025918444191,97.12531635430749,4579.716736930291,0.0007516822409445,97.08233041932486,97.0897817104835,0.2106829400325734,-0.0006865386658396755,0.001736633394842655,0
2025-10-08 12:50:00,97.12531635430749,97.17233815063815,96.9446873089678,96.96265289611226,1406.508998932631,-0.0016747791852933,97.05839491468237,97.07822454554066,0.2185264584975428,0.0018537785730639023,0.0017639438228540857,1
2025-10-08 13:05:00,96.96265289611226,97.0365345073671,96.62704645632822,96.70015001612089,3925.9943557653287,-0.0027072576105424,96.98674593497006,97.04385413377524,0.2072633160331309,0.0011442762795861317,0.0018347188019844384,1
2025-10-08 13:20:00,96.70015001612089,96.71501027698795,96.39585500935364,96.44665871474564,1811.5903221376484,-0.0026214158026948,96.87872849092518,96.98956364113616,0.2205610248736117,0.001217449847845442,0.0018647640019833522,1
2025-10-08 13:35:00,96.44665871474564,96.5633152071086,96.44477948756472,96.54222261962398,3165.194897377209,0.0009908472325721,96.81142731666496,96.94889627554416,0.2188445044701461,0.0008919253364443325,0.0018192491532099519,0
2025-10-08 13:50:00,96.54222261962398,96.5456070799702,96.14954482483463,96.15934202231163,3872.316502466366,-0.0039659393260593,96.68101025779428,96.87711861615938,0.233041525272191,0.005098074896865867,0.0019237719409220578,1
2025-10-08 14:05:00,96.15934202231163,96.22242834967057,96.11310261624052,96.19525369110336,5188.68265342748,0.0003734600095681,96.58385894445613,96.81513089569974,0.2178052678861226,0.004824134147535464,0.0018429198069883483,1
2025-10-08 14:20:00,96.19525369110336,96.3020293357333,96.1677367424304,96.21850812534026,3034.267909611998,0.0002417420126732,96.51078878063296,96.7608924620307,0.220900106274982,0.006229826771075642,0.0018306114992187933,1
2025-10-08 14:35:00,96.21850812534026,96.66235796833357,96.15634931167271,96.57334768773264,3204.943746307207,0.0036878514259452,96.5233005620529,96.7438429370945,0.2313887056184447,0.004712468367211953,0.0019594205751702074,1
2025-10-08 14:50:00,96.57334768773264,96.63029411455196,96.39535455564535,96.48178925310026,3493.759445992948,-0.0009480714588918,96.51499830026238,96.7200198749132,0.2317150768542727,0.0027742728507038628,0.0019393880434280747,1
2025-10-08 15:05:00,96.48178925310026,96.57460344872874,96.32828560590944,96.34751052416946,7211.5672135810755,-0.0013917520598477,96.4815007450438,96.68615538848196,0.2400932245176526,0.0052551850303110825,0.0019496577652510204,1
2025-10-08 15:20:00,96.34751052416946,96.44005446110998,96.32058595721897,96.37595076479364,2489.44169599776,0.0002951839696683,96.46039074899376,96.65795496814664,0.2355567409800666,0.0031786645653244516,0.0019514878262101233,1
2025-10-08 15:35:00,96.37595076479364,96.60383316363418,96.29145881600986,96.52292946329332,4515.146570493108,0.0015250557564756,96.47289849185368,96.64567992225088,0.247249014772119,-0.0006912880878318095,0.00197037981112709,0
2025-10-08 15:50:00,96.52292946329332,97.01463322202764,96.5022926443169,96.9827669468642,4279.618489562397,0.0047640232857393,96.5748721828558,96.67632419721572,0.2711173948978376,-0.004897942388543575,0.0021570530353568467,-1
2025-10-08 16:05:00,96.9827669468642,97.17574569129673,96.95879686470194,97.14585089519078,3623.897987821086,0.001681576567267,96.6890679253228,96.71900844248616,0.2759220554259686,-0.00797551262937457,0.002162104082696087,-1
2025-10-08 16:20:00,97.14585089519078,97.23128217621552,97.0560972479926,97.19047771215654,3237.105476210392,0.0004593795468825,96.78934988268956,96.76186928518348,0.2721744901797223,-0.007133357914715921,0.0021616440070013378,-1
2025-10-08 16:35:00,97.19047771215654,97.203464630942,96.99256351608727,97.05863606919834,2637.9150918946016,-0.0013565283972434,96.84320711999132,96.78884808373029,0.2579897090237111,-0.005054545413102796,0.002174176063644014,-1
2025-10-08 16:50:00,97.05863606919834,97.20223914639818,97.03394857494352,97.14240018443851,7388.5830171648095,0.0008630258844812,96.90304573288076,96.82098918379468,0.247213659296593,-0.006739796397254305,0.0019840497360005646,-1
2025-10-08 17:05:00,97.14240018443851,97.16422824564894,96.76276915053928,96.81080170401675,1101.422256910298,-0.0034135298262362,96.88459692710798,96.8200630492694,0.2674224718370074,-0.007028098611312483,0.002064943546616702,-1
2025-10-08 17:20:00,96.81080170401675,96.83939686614544,96.51006089709614,96.56407768472312,4560.216482283078,-0.0025485174686182,96.82049307863102,96.79679165249246,0.2626563085451313,-0.00440787198418835,0.0020925301643232633,-1
2025-10-08 17:35:00,96.56407768472312,96.66117805171508,96.51798692532962,96.62833107401508,2379.0910311152093,0.0006653963961809,96.78206067770785,96.78147705444906,0.2650752651848031,-0.003248082001479413,0.0019434791658495736,-1
2025-10-08 17:50:00,96.62833107401508,96.73704140894412,96.53792891305312,96.64956954997471,3215.9758753593105,0.0002197955374327,96.7555624521612,96.7694854631332,0.2697052582268112,-0.003339801620598437,0.001942811908985256,-1
2025-10-08 18:05:00,96.64956954997471,96.7003785175468,96.5984574724308,96.65931249926544,3028.2341229779963,0.0001008069599903,96.73631246158206,96.75946973914525,0.2408418574021788,-0.0021434848467342116,0.0019405350404502124,-1
2025-10-08 18:20:00,96.65931249926544,96.82802072543494,96.62059417029516,96.81793276313248,4008.865827683963,0.00164102412655,96.75263652189216,96.7647845595077,0.2388766428474054,-0.003533999663151821,0.0019514094522888304,-1
2025-10-08 18:35:00,96.81793276313248,97.11818407159409,96.75750930202489,97.02844653382684,6483.5393214809465,0.0021743262295155,96.8077985242791,96.78875382990034,0.247044994758114,-0.00584691444725105,0.0019677063958345917,-1
2025-10-08 18:50:00,97.02844653382684,97.05992536304164,96.7287859169632,96.74945606161248,5815.7641898796155,-0.0028753472015765,96.79613003174578,96.78518130551052,0.2621643477715015,-0.0011976115136312915,0.002029932715560977,-1
2025-10-08 19:05:00,96.74945606161248,96.92334665604284,96.72956947588575,96.85383451918382,2570.4090729461495,0.0010788531721033,96.8076709292334,96.79142250675356,0.2536931215238423,-0.001919761644794904,0.0019811533978508562,-1
2025-10-08 19:20:00,96.85383451918382,96.94105372957893,96.61666352153011,96.68229758443914,2630.9503098849264,-0.0017710907946624,96.78259626027454,96.78150205927044,0.2402680951194174,-0.0005436390084504472,0.001982306710815856,0
2025-10-08 19:35:00,96.68229758443914,96.7470270733744,96.3701643098378,96.45620431195272,3041.47171829528,-0.0023385177859364,96.7173178706102,96.751929536787,0.2516905191866913,0.0010267567652326726,0.0020203816175728933,1
2025-10-08 19:50:00,96.45620431195272,96.56243760406686,96.42143678530203,96.50775094167692,3190.444438619816,0.0005344045009016,96.67540448482356,96.72973148268608,0.2492487970825396,-0.002257043636845646,0.0020135834763759883,-1
2025-10-08 20:05:00,96.50775094167692,96.59273822310568,96.28794372206043,96.37106293448484,2102.7891467731843,-0.0014163422715622,96.6145361747558,96.69712525103142,0.2559554675247192,-0.00035703516415952485,0.002021737449891224,0
2025-10-08 20:20:00,96.37106293448484,96.56718298472946,96.33808380488992,96.4971832487335,3061.739881248569,0.0013086948551601,96.59106558955136,96.67894870536796,0.2602989395522093,-0.0010097758780661659,0.002037969333834985,-1
2025-10-08 20:35:00,96.4971832487335,96.60111607475022,96.44540486667292,96.56804878545276,5284.015804259258,0.0007343793293592,96.58646222873163,96.6688668944666,0.2427455190498985,5.2226360596430155e-05,0.0020377171983100677,0
2025-10-08 20:50:00,96.56804878545276,96.65356959264687,96.42285390880578,96.4876801856548,3178.227260375104,-0.000832248355525,96.56670582011628,96.65239537548368,0.2357012129635996,0.0006946823964111282,0.0020231418229685757,0
2025-10-08 21:05:00,96.4876801856548,96.5216399733239,96.03845543299936,96.1304058430007,3608.1639591158014,-0.0037027975174307,96.47944582469316,96.6049417816216,0.2599864568163913,0.005426308971541616,0.002070804051902777,1
2025-10-08 21:20:00,96.1304058430007,96.2085632229102,96.10739053891888,96.13843559201764,3854.610301817171,8.352975259495743e-05,96.41124377815808,96.56253212802125,0.2529907559664143,0.0047064354009143106,0.002022688324378021,1
2025-10-08 21:35:00,96.13843559201764,96.34229264009332,96.11197444181232,96.31447433102058,2241.151701354324,0.0018310963551559,96.39188988873056,96.539981419203,0.2621619811924854,0.0030111503434233633,0.002042635400704933,1
2025-10-08 21:50:00,96.31447433102058,96.39430040971703,96.24561753783182,96.32677916096156,7097.736724251533,0.0001277568094146,96.37886774317678,96.5205993957265,0.2579660038171586,0.006905965735721775,0.0019150912584424075,1
2025-10-08 22:05:00,96.32677916096156,96.49435881694129,96.30140038355674,96.45212472762752,3234.999097042342,0.001301253584494,96.39351914006694,96.51437442589932,0.2459862655182527,0.0034460311429203028,0.0019270361507392703,1
2025-10-08 22:20:00,96.45212472762752,96.51549881733877,96.41771606143844,96.47577822136051,3976.8225193595463,0.0002452355901934,96.40997095632568,96.51086568003215,0.2293179305055283,0.001840560196004315,0.00192704540812965,1
2025-10-08 22:35:00,96.47577822136051,96.53513780802064,96.39525393618972,96.46112950799387,2615.395749724737,-0.0001518382503538,96.4202026666593,96.50634420984686,0.2254684084822297,0.004100995763865578,0.0018115698947904178,1
2025-10-08 22:50:00,96.46112950799387,96.70084698386236,96.435193249812,96.63358779909552,1942.9087557462249,0.0017878527027546,96.46287969314656,96.51791180886946,0.2212729460537689,0.0044008203332766005,0.0018315260903847053,1
2025-10-08 23:05:00,96.63358779909552,96.759088186975,96.58059318145176,96.66789824252258,3303.5203174896087,0.0003550571204953,96.50388340302176,96.53154693920156,0.2071038204813849,0.004317161864176633,0.001813084550492511,1
2025-10-08 23:20:00,96.66789824252258,96.7532203238169,96.5637514169591,96.62973731604562,1125.0118173574635,-0.0003947631754775,96.52905418562652,96.54047333709649,0.2105658267737423,0.003306847081420594,0.0018148556579717253,1
2025-10-08 23:35:00,96.62973731604562,96.70394352026884,96.55445422781146,96.55524137227869,3685.2636406177335,-0.0007709422154723,96.53429162295696,96.5418158857494,0.199472597588896,0.0027956445922479034,0.0018013729133459055,1
2025-10-08 23:50:00,96.55524137227869,96.57266436826023,96.23974287106364,96.28992873650772,4933.147355959553,-0.0027477807729566,96.48541904566711,96.51891705400016,0.2068884774001164,0.009677493875484444,0.001644787092976674,1
2025-10-09 00:05:00,96.28992873650772,96.35381267954594,96.23179057416276,96.3366550762098,4665.710424095269,0.0004852671542621,96.45566625177568,96.50234778329194,0.2044821129219645,0.010726672735788645,0.0016134041031238943,1
2025-10-09 00:20:00,96.3366550762098,96.44675334148208,96.28049938296924,96.3997427207876,6979.2390467467785,0.000654866463112,96.44448154557806,96.493020050337,0.1998777039699431,0.011358186526949643,0.0016165831575920516,1
2025-10-09 00:35:00,96.3997427207876,96.61620322843098,96.3186441139692,96.57309218319072,1605.9925799362363,0.0017982357370518,96.4702036731006,96.50029933514188,0.1866187449797465,0.010511340008902748,0.001643153788181476,1
2025-10-09 00:50:00,96.57309218319072,96.57323030737864,96.53226443394756,96.55470847855032,1504.2616390395497,-0.0001903605261549,96.48710463419054,96.50524562090628,0.1823182585111585,0.010419457881318372,0.001632610584925744,1
2025-10-09 01:05:00,96.55470847855032,96.68673040288483,96.46748158838491,96.65203912666452,4090.289498007548,0.0010080362692599,96.52009153268534,96.51859048506611,0.1815275882410816,0.007883642022227466,0.0015350347554920283,1
2025-10-09 01:20:00,96.65203912666452,96.68047059479164,96.57812440080502,96.59090492867644,5144.857720400055,-0.0006325184501069,96.53425421188356,96.52516452539432,0.1782178255340391,0.006930349224796517,0.0014704493573881457,1
2025-10-09 01:35:00,96.59090492867644,96.6275029093547,96.5883559310145,96.60449169347908,1570.541600219197,0.0001406629828415,96.54830170820269,96.53237608612928,0.1672312930308724,0.006838890543458875,0.0014658202582073464,1
2025-10-09 01:50:00,96.60449169347908,97.05271143164065,96.59784131423106,96.9920085972796,1650.0479856799946,0.0040113756307529,96.63704308601808,96.57416085987022,0.1927375331386766,0.007026837124503915,0.0016288888440939122,1
2025-10-09 02:05:00,96.9920085972796,97.01021108806964,96.74561271071056,96.78450175323977,4031.663414836404,-0.0021394220724041,96.6665348194624,96.59328275926744,0.2016457121049758,0.011760339880710458,0.0016768131476333089,1
2025-10-09 02:20:00,96.78450175323977,96.82573545302836,96.58927218926242,96.6533476986333,3921.0975816732134,-0.001355114220052,96.6638973952966,96.5987432083007,0.1995606785132326,0.012202231539453878,0.0016682631580126387,1
2025-10-09 02:35:00,96.6533476986333,96.86240253621514,96.60171406059273,96.85671619148384,1152.7839374346051,0.0021041019032743,96.70246115453403,96.622195297681,0.2054316406631743,0.007617444077948843,0.0016652838485550446,1
2025-10-09 02:50:00,96.85671619148384,97.116950288137,96.84855980066948,97.05885485715925,4290.564630210208,0.00208698656762,96.7737398950591,96.66189162126992,0.2110688964210102,0.006870043629327416,0.0016246360426554697,1
2025-10-09 03:05:00,97.05885485715925,97.08781464492172,96.98860542898466,97.08522920630531,7527.383692752622,0.0002717356307664,96.83603775730836,96.70037685627312,0.2074774623838442,0.009050754472490041,0.001615204003159772,1
2025-10-09 03:20:00,97.08522920630531,97.15866540067525,96.87762285163934,96.94927708086762,4334.918321582131,-0.001400337894334,96.8586856220202,96.72300414941807,0.2037718232295081,0.008369847781088291,0.0016028106101799243,1
2025-10-09 03:35:00,96.94927708086762,97.03377660684144,96.81897194342976,96.82517551067428,2086.680068327511,-0.00128006699926,96.85198359975102,96.73229245498682,0.2103991488029726,0.009620205854989683,0.0015615220764546788,1
2025-10-09 03:50:00,96.82517551067428,97.24190128932138,96.82290790314669,97.2217739321261,2570.314258704581,0.0040960258461717,96.92594166622604,96.7767907710904,0.2284519650645364,0.00729743429304941,0.0017116862642223354,1
2025-10-09 04:05:00,97.2217739321261,97.38584249338189,97.2041706347442,97.37002684767285,2783.7463454873864,0.0015248941626002,97.01475870251542,96.83072132350698,0.2201743039342432,0.006494348031618635,0.0016992535598045603,1
2025-10-09 04:20:00,97.37002684767285,97.54817708748486,97.28834718818878,97.49466897976026,2340.350000562564,0.0012800872724663,97.1107407579644,96.8910802013482,0.2358074486388852,0.006961959729297806,0.0016987260830563639,1
2025-10-09 04:35:00,97.49466897976026,97.64561279922206,97.4238531001822,97.58820479083936,2396.381462431033,0.0009593941090102,97.2062335645394,96.9544551640292,0.2359867975345965,0.006943079097245786,0.001700948906405859,1
2025-10-09 04:50:00,97.58820479083936,97.64363630657276,97.53223623621128,97.56075619678556,2138.8305984869276,-0.000281269586961,97.27713809098864,97.00957343973433,0.2366335029899429,0.007194154666456898,0.0016915687346226137,1
2025-10-09 05:05:00,97.56075619678556,97.6277400076073,97.38852665031614,97.41400920385747,1556.3158356274737,-0.0015041600603432,97.3045123135624,97.04634032738188,0.2509239586292975,0.007890152931305572,0.0015614107705573402,1
2025-10-09 05:20:00,97.41400920385747,97.48351638138791,97.2010493002945,97.26031363177128,1894.0973394806117,-0.0015777563549874,97.2956725772042,97.06579244596274,0.2386094560352875,0.010576751740568158,0.0015999561872924925,1
2025-10-09 05:35:00,97.26031363177128,97.27547116792783,97.17985925772906,97.26515923817726,5019.3212672651935,4.982100329553596e-05,97.2895699093988,97.08391669980044,0.2265389940952644,0.009466415819415985,0.001578099564645817,1
2025-10-09 05:50:00,97.26515923817726,97.6893496209729,97.1783121932238,97.67355564407116,3926.8636297080816,0.0041987943996868,97.36636705633327,97.13752024018868,0.2461514343797759,0.007689941176187931,0.0017207332892904999,1
2025-10-09 06:05:00,97.67355564407116,97.96367311110568,97.6710494676812,97.92272038904308,2991.103308098682,0.0025509949272235,97.47763772287526,97.20890207190271,0.2484325177942078,0.007709023384140812,0.0017548623964860812,1
2025-10-09 06:20:00,97.92272038904308,97.93643244800128,97.7866892941541,97.83273422631537,5897.977310429224,-0.0009189508049837,97.5486570235633,97.26561408594024,0.2399577082498985,0.010843394313811983,0.0017717544248986874,1
2025-10-09 06:35:00,97.83273422631537,97.91134330265425,97.52193313191738,97.59451681064624,3328.420938994006,-0.0024349459059179,97.55782898097988,97.29551433364075,0.2606863478784547,0.014068271057571913,0.0018408970193080692,1
2025-10-09 06:50:00,97.59451681064624,97.81523081772372,97.54800523113944,97.72565342464048,2895.2570495599034,0.0013436883370063,97.59139386971202,97.334617887368,0.2596994219890547,0.013598379307926844,0.0018314868095349256,1
2025-10-09 07:05:00,97.72565342464048,98.02559554932196,97.7170617473801,97.963923778757,3239.7463302959395,0.0024381556507091,97.66589985152102,97.39182751385792,0.2663943604554951,0.010349805578969251,0.0018682188929260047,1
2025-10-09 07:20:00,97.963923778757,97.9819076813578,97.75813156284734,97.76072777252102,1494.7116324789215,-0.0020741921964547,97.68486543572102,97.4253639010091,0.2524502699080488,0.011581937170499268,0.0019147952128072277,1
2025-10-09 07:35:00,97.76072777252102,97.81117919093953,97.69009136115557,97.75665363103248,5119.654309304537,-4.167462314730308e-05,97.69922307478332,97.45548114919303,0.2481228392756418,0.010218355123460698,0.0019051489154243994,1
2025-10-09 07:50:00,97.75665363103248,97.962811617098,97.70065939521044,97.9312434392495,6914.370960352597,0.0017859634278805,97.74562714767656,97.49873226647092,0.2482887194607477,0.007769586643134874,0.001831567077466383,1
2025-10-09 08:05:00,97.9312434392495,98.09014111278,97.91762852682582,98.00238168986968,1094.21329228047,0.0007264101641299,97.79697805611518,97.54451857768898,0.244771068526054,0.006407286618712371,0.0018318733653726047,1
2025-10-09 08:20:00,98.00238168986968,98.21623604148688,97.9655525139018,98.17342293901858,2529.6342561956867,0.0017452764534864,97.87226703269587,97.6016917014462,0.2547198868991692,0.0064167056802726385,0.0018442271796172457,1
2025-10-09 08:35:00,98.17342293901858,98.32951289902157,98.09796529216322,98.26576741566036,1541.5895813654938,0.0009406260256314,97.95096710928878,97.66206222092022,0.2541723332968248,0.0027234238043067904,0.00183201704563015,1
2025-10-09 08:50:00,98.26576741566036,98.32897234857812,98.249418764231,98.26262336624173,3067.9079525081656,-3.199536828868421e-05,98.01329836067936,97.71665868867672,0.2396785121006601,0.0013052742679551255,0.0018301801562558054,1
2025-10-09 09:05:00,98.26262336624173,98.29232262324794,98.14395899177762,98.18262063412752,2603.437624646117,-0.0008141725650453,98.047162815369,97.75901886553588,0.243446492191485,0.0027828954495972003,0.0018437573805650215,1
2025-10-09 09:20:00,98.18262063412752,98.38468796547484,98.13606079621688,98.28901182326432,3403.7920863490517,0.00108360510699,98.09553261694808,97.8072000435112,0.2247029022992624,0.001021016981905598,0.0018349077658296263,1
2025-10-09 09:35:00,98.28901182326432,98.32744305223945,98.11537099040068,98.18591168026757,3633.8551675602025,-0.0010489488202625,98.113608429612,97.8416283741254,0.2189492179002822,0.002441476241256124,0.001855330190552182,1
2025-10-09 09:50:00,98.18591168026757,98.50234314550976,98.11742688277025,98.42465954144318,3824.329499203594,0.0024315897982705,98.17581865197825,97.89463120751792,0.2357472971068769,-0.0014187622514322262,0.001778565595267787,-1
2025-10-09 10:05:00,98.42465954144318,98.69690600327604,98.35334517821386,98.6776089303609,3249.436884476276,0.0025699798210754,98.27617670765476,97.96581100050363,0.2324723438443996,-0.00601642786569756,0.001751179648938113,-1
2025-10-09 10:20:00,98.6776089303609,98.98471289299908,98.63018983948446,98.89357314032966,2367.087296106231,0.0021885837355581,98.39965599418976,98.0501530132151,0.2387078771965655,-0.007646112220438317,0.001735069935333307,-1
2025-10-09 10:35:00,98.89357314032966,99.0644663402104,98.8182560874801,98.96750292687116,3927.624355121812,0.0007475691715232,98.51322538072604,98.1335484599111,0.2342561951100259,-0.005828040792337785,0.0017165788428653915,-1
2025-10-09 10:50:00,98.96750292687116,99.08288943005871,98.9140990164412,99.05456392802374,3523.6219750650334,0.0008796928140839,98.62149309018558,98.21727713883044,0.23032864476053,-0.008543970339112028,0.001697716290031907,-1
2025-10-09 11:05:00,99.05456392802374,99.06474297860882,98.895524580002,98.9778313436201,1437.8958233175274,-0.0007746496613664,98.69276074087249,98.28641843017492,0.2337665425335911,-0.007405427003115861,0.0017149806193343814,-1
2025-10-09 11:20:00,98.9778313436201,99.06478286025794,98.83897556052428,98.89298637932464,5778.5199150883045,-0.0008572117932238,98.73280586856292,98.34156097100671,0.2311704766654553,-0.006708682415334066,0.0016970890260956958,-1
2025-10-09 11:35:00,98.89298637932464,98.96538646101698,98.69373302537689,98.75556583351552,4745.197295254532,-0.0013895883908491,98.73735786155343,98.37919777668932,0.2382519659287366,-0.007492500309233319,0.0017011540743298063,-1
2025-10-09 11:50:00,98.75556583351552,98.80060676420491,98.6252465116944,98.69212872022068,7668.065220390695,-0.0006423649417572,98.7283120332869,98.40764604428308,0.23287173199484,-0.007862616388947918,0.001591373230196058,-1
2025-10-09 12:05:00,98.69212872022068,98.73320627578364,98.54564809247664,98.63031103867311,3700.294888275987,-0.0006263689146152,98.70871183436417,98.42788831650036,0.2297296303125995,-0.006103016555134122,0.0015908296940221754,-1
2025-10-09 12:20:00,98.63031103867311,98.8742810221234,98.62732812924172,98.8033728996432,1014.0392286320111,0.0017546518828499,98.72764404741996,98.46202327860424,0.2416867237793525,-0.008153870884619385,0.0016014446906097593,-1
2025-10-09 12:35:00,98.8033728996432,98.87529531790956,98.49955815269595,98.53338674578865,5627.25893916847,-0.0027325600931538,98.68879258709372,98.4685108665301,0.2579276904753008,-0.0010802788340814606,0.0016916347464608836,-1
2025-10-09 12:50:00,98.53338674578865,98.62943094249324,98.30260623522511,98.39088304002344,6292.982070335019,-0.0014462479213552,98.62921067767968,98.46145379139313,0.2635132289045958,-0.0026196008237103774,0.0017169527266467602,-1
2025-10-09 13:05:00,98.39088304002344,98.54994437911684,98.3303114284919,98.45585260231977,1198.8214198027665,0.0006603209595128,98.5945390626077,98.46094459238644,0.2640532923893244,-0.0029947986226747103,0.0016873372168364224,-1
2025-10-09 13:20:00,98.45585260231977,98.54702390157108,98.32727265244492,98.3893665734706,4030.216099863311,-0.0006752877263447,98.55350456478028,98.45443749975774,0.2522557914169415,-3.7895866558002034e-05,0.0016617026967733193,0
2025-10-09 13:35:00,98.3893665734706,98.4612903304687,98.32857691289114,98.42563025086102,2530.5582145949525,0.0003685731360343,98.52792970199644,98.45181865894897,0.2371952623108981,0.0001166341825704631,0.0016607255773006405,0
2025-10-09 13:50:00,98.42563025086102,98.4500754091809,98.28201105219487,98.28501834987571,2050.5817287228124,-0.0014286106233398,98.47934743157232,98.43665499448774,0.2238767839874264,0.0037783079871742675,0.001535672424238207,1
2025-10-09 14:05:00,98.28501834987571,98.30553363098352,98.054663182931,98.08392221427188,4944.020992115347,-0.0020460507509697,98.40026238811222,98.40458837810448,0.2242096550818715,0.007015029614586554,0.0015232506786243463,1
2025-10-09 14:20:00,98.08392221427188,98.22270124369376,98.05430906656912,98.13742178221858,2968.192394487312,0.0005454468656935,98.3476942669335,98.3803005057512,0.224181209618094,0.005769876760648662,0.0015150988243908443,1
2025-10-09 14:35:00,98.13742178221858,98.45049899140096,98.1046950078044,98.39071628269755,4583.492455052522,0.0025810184930381,98.35629867008632,98.38124739456453,0.2367944656887886,0.0040383084890638354,0.0015039911736851692,1
2025-10-09 14:50:00,98.39071628269755,98.43311698922194,98.12341128505425,98.20824467186902,2354.6924125938126,-0.0018545612606809,98.32668787044288,98.36551987431946,0.2427872088626484,0.008036940142496452,0.0015352553084383603,1
2025-10-09 15:05:00,98.20824467186902,98.31142242553412,98.15262856214731,98.2448582386782,2353.188990729476,0.0003728156116782,98.31032194408994,98.35455063471572,0.2347258108445566,0.00917301161390438,0.001478545515806804,1
2025-10-09 15:20:00,98.2448582386782,98.28469815144898,98.18727256257884,98.2295447406018,2943.827427233492,-0.0001558707330941,98.29416650339232,98.34318646252352,0.2291590491559562,0.008106580454237955,0.0014258965862447726,1
2025-10-09 15:35:00,98.2295447406018,98.26225975052976,97.99722659350118,98.0156397259694,5864.420997851922,-0.0021776036445783,98.23846114790774,98.31340948647316,0.2346929758503567,0.008914923604466107,0.0014839917273077252,1
2025-10-09 15:50:00,98.0156397259694,98.09516717781212,97.8424068265067,97.91615037148492,2876.3983613506975,-0.0010150355061971,98.17399899262318,98.27729502147425,0.2351077943091957,0.009323245712584916,0.0014628055714443063,1
2025-10-09 16:05:00,97.91615037148492,98.07737293073951,97.85783170782548,98.02836861756606,2330.4331334368935,0.0011460647263541,98.14487291761176,98.25466534839168,0.2239509412877995,0.007586955950749541,0.0014714187398320218,1
2025-10-09 16:20:00,98.02836861756606,98.12252492686692,97.9728622188674,97.9977429540546,5007.828938411995,-0.0003124163335914,98.11544692490034,98.2313087670883,0.2112965127686154,0.008492715677163032,0.0014376838175507885,1
2025-10-09 16:35:00,97.9977429540546,98.45731834113298,97.9431112879581,98.4269432136368,2327.4446852838796,0.0043796953546513,98.17774618264764,98.24909371677452,0.2323375200936094,0.006012262798509971,0.0016301634179992407,1
2025-10-09 16:50:00,98.4269432136368,98.47865327961642,98.125926901174,98.1331382017662,6314.754638090215,-0.0029850059574936,98.16882458647136,98.2385523063192,0.2418357436162007,0.0066941836680032285,0.0017164030455861124,1
2025-10-09 17:05:00,98.1331382017662,98.18515570618928,98.05980922061696,98.16099715055208,1970.8712020487,0.000283889308916,98.1672590992875,98.23150183761312,0.241309534187254,0.01262018172946422,0.0017113908666760425,1
2025-10-09 17:20:00,98.16099715055208,98.39943558216456,98.15350249685363,98.3856380231642,3254.9286602431416,0.0022884941996623,98.21093488406284,98.24551421811776,0.2468715862104602,0.009129217604311402,0.0017489667715823779,1
2025-10-09 17:35:00,98.3856380231642,98.46410469534658,98.31070623397758,98.43711004378932,3673.0269986618778,0.0005231659992184,98.25616991600816,98.26293202045152,0.2399093014473509,0.008466552638901836,0.001739673642898278,1
2025-10-09 17:50:00,98.43711004378932,98.6783353852194,98.37901331149038,98.65636941972662,1734.2002068677907,0.0022274056586966,98.33620981675185,98.29869905674926,0.2492614369190937,0.005842847979608212,0.0017311287294610133,1
2025-10-09 18:05:00,98.65636941972662,98.78143858252804,98.6260118778692,98.7719838333198,6146.618862618067,0.0011718900084525,98.42336462006544,98.3417249455284,0.2356630598521129,0.004027779240327822,0.0016831037655522154,1
2025-10-09 18:20:00,98.7719838333198,98.80770720721875,98.63848870851356,98.70366261150978,4133.391239704458,-0.0006917064855688,98.47942421835432,98.37462836970852,0.225628259461935,0.0020870084927884225,0.001640488555312713,1
2025-10-09 18:35:00,98.70366261150978,98.85715338522256,98.61403730472784,98.78804834750704,2295.7246059665317,0.0008549402703463,98.54114904418486,98.41221200405384,0.2316512749696418,0.0016426897539931762,0.0016422997814492908,1
2025-10-09 18:50:00,98.78804834750704,99.08120540687833,98.68957935752726,98.99753845579647,4687.004577653107,0.0021206017508568,98.6324269265072,98.4654234996668,0.252665593575423,-0.0037706329049712606,0.0016793248612684863,-1
2025-10-09 19:05:00,98.99753845579647,99.20343909849316,98.9473302456636,99.146059464308,2222.639751448123,0.0015002495095151,98.73515343406736,98.52729949645236,0.2520281432754935,-0.004065071181898583,0.0016942854455422375,-1
2025-10-09 19:20:00,99.146059464308,99.1741133632986,98.94754486510746,99.02585044802464,2860.3748556876867,-0.0012124437111555,98.79329283685884,98.57262231023168,0.2501572966244743,-0.005309485744085851,0.0017015993871751635,-1
2025-10-09 19:35:00,99.02585044802464,99.11697181144966,98.86693515954074,98.88944166616928,5751.877228329853,-0.0013775067948237,98.81252260272092,98.60142406986236,0.2523355415526792,-0.004310564284986773,0.0017012724983074441,-1
2025-10-09 19:50:00,98.88944166616928,98.91764665041812,98.74831198242154,98.82904670062868,1557.9147429609525,-0.0006107321926691,98.81582742230248,98.62211703629566,0.2537406815524688,-0.004175938969454895,0.0017008701217380746,-1
2025-10-09 20:05:00,98.82904670062868,98.83583076913068,98.70539633706748,98.77210553219136,2998.2512841538664,-0.0005761582281553,98.80708304428028,98.63575235410435,0.2263283514730635,-0.00417735784630302,0.0017002541025492915,-1
2025-10-09 20:20:00,98.77210553219136,98.84128380920806,98.69716157422783,98.8300099219671,1643.4077791693976,0.0005862423349562,98.81166841981764,98.65341213300096,0.211428055511477,-0.0057236972436368605,0.0016747381244919235,-1
2025-10-09 20:35:00,98.8300099219671,99.09868698561984,98.80950834772256,99.0187118626912,9111.367892219016,0.0019093587147576,98.85307710839236,98.68662119933644,0.2231303521061178,-0.010976147465318165,0.0016299790081796702,-1
2025-10-09 20:50:00,99.0187118626912,99.01919930415838,98.70427284715925,98.79005945280636,2335.3276745906796,-0.0023091838459975,98.84047357727518,98.69602467692462,0.228058450083848,-0.012040634117979176,0.001664103381120971,-1
2025-10-09 21:05:00,98.79005945280636,99.40096334621025,98.739372559035,99.39980677333746,3969.5012357922383,0.0061721525820355,98.95234021648764,98.7600048675076,0.2643579019271505,-0.015867372053000817,0.001976856832777349,-1
2025-10-09 21:20:00,99.39980677333746,99.43074690242904,99.22679276719128,99.2838219218167,5484.387931461806,-0.0011668518811636,99.01863655755346,98.80762459971751,0.2575459063206305,-0.012161253578452547,0.0019865668711110456,-1
2025-10-09 21:35:00,99.2838219218167,99.35182017328567,99.17974819572429,99.27053301759643,2784.8836883253825,-0.0001338476295839,99.06901584956206,98.84970718316104,0.2587348543851005,-0.012008038658901765,0.001987868072076308,-1
2025-10-09 21:50:00,99.27053301759643,99.3216816357698,99.18212790836871,99.23280358846614,1433.5079873410589,-0.0003800667527755,99.10177339734288,98.88453412909789,0.2566159421490915,-0.011100886674445976,0.001967519568754806,-1
2025-10-09 22:05:00,99.23280358846614,99.30639029111262,99.10793664467916,99.16981557932964,3276.4819386421573,-0.0006347498695865,99.11538183374024,98.91046880639166,0.2534257682875735,-0.01078124317611262,0.0019286259599315561,-1
2025-10-09 22:20:00,99.16981557932964,99.175553306223,98.86943830984391,98.90965799364932,2280.2657667460653,-0.0026233545374723,99.07423706572206,98.91039509614237,0.247317835932432,-0.0059590178149563355,0.001998148983172878,-1
2025-10-09 22:35:00,98.90965799364932,99.0426214753432,98.8199782854572,98.95032646234448,4987.946044018034,0.0004111678224361,99.04945494504656,98.91402522034254,0.2449274314364627,-0.006449018993807787,0.0019526849515800607,-1
2025-10-09 22:50:00,98.95032646234448,98.96657713260174,98.5349126140254,98.6242550797839,1381.5789787800447,-0.0032953037571298,98.96441497199402,98.88768248029174,0.2595771471782626,-0.005064015755469553,0.0020166496975606817,-1
2025-10-09 23:05:00,98.6242550797839,98.76690684493808,98.60828318436702,98.74302367518084,2085.483423126159,0.0012042534090712,98.9201367126314,98.87453167982711,0.2530476477969868,-0.007606759802219476,0.002025163023783063,-1
2025-10-09 23:20:00,98.74302367518084,98.79133074908393,98.46971063401868,98.50007410677487,1496.4296445301784,-0.0024604226138055,98.8361241914601,98.84049008227692,0.2639251797304617,-0.003971885063488223,0.002077071185974912,-1
2025-10-09 23:35:00,98.50007410677487,98.52455797848224,98.39514163507904,98.4631723707608,1915.4072009249332,-0.0003746366319895,98.76153382732024,98.80618847213908,0.2638524591118901,-0.006020758552020999,0.002037711568995014,-1
2025-10-09 23:50:00,98.4631723707608,98.46811394646244,98.33851070338592,98.41634263319744,1041.9341287317009,-0.0004756066297256,98.69249558849567,98.7707479413262,0.2628153882616278,-0.0030719410381639944,0.0020300275529250645,-1
2025-10-10 00:05:00,98.41634263319744,98.43717863961396,98.2777324878556,98.3594991021506,2724.5816692757708,-0.0005775822340675,98.62589629122668,98.73336168321931,0.2535487821088478,-0.005817470693208482,0.0020259167014101036,-1
2025-10-10 00:20:00,98.3594991021506,98.42050087033331,98.2260745967036,98.26433686658814,2680.067198741642,-0.0009674941051055,98.55358440629898,98.69072306352558,0.2449416261538896,-0.0071324858920441825,0.002033590489869053,-1
2025-10-10 00:35:00,98.26433686658814,98.32304397283065,97.89615070851376,97.93186787946046,1574.4337462255137,-0.0033834145502764,98.42924110093128,98.62173622861056,0.2281775173782918,-0.0027500164796454563,0.001966919213429205,-1
2025-10-10 00:50:00,97.93186787946046,98.0230213361662,97.5609005424154,97.6005644924417,2802.584945459317,-0.0033829987540575,98.26350577923336,98.5289024344134,0.2466179929863656,-0.003041551003151177,0.0019865470579661384,-1
2025-10-10 01:05:00,97.6005644924417,97.8289068755797,97.58858568122862,97.82259305726852,7973.651519846974,0.002274869679099,98.1753232348404,98.4646924910366,0.2514929370427715,-0.006407413003797546,0.0020318234910383496,-1
2025-10-10 01:20:00,97.82259305726852,98.14426107648669,97.7252529835129,98.07640618718756,2170.6293101412352,0.0025946268851251,98.15553982530984,98.42939373614122,0.2714539631551064,-0.009013433905366575,0.0020441443501372815,-1
2025-10-10 01:35:00,98.07640618718756,98.1153131679818,98.07594950656588,98.07848861943135,9460.20260933857,2.123275438759009e-05,98.14012958413416,98.39749327098578,0.2600903927967103,-0.008187349645416786,0.002041160837017634,-1
2025-10-10 01:50:00,98.07848861943135,98.21004733338049,97.98915952643353,98.13123148144302,2277.476850081458,0.0005377617738004,98.13834996359594,98.37328765375462,0.2540027364087019,-0.0074617364783784446,0.0020001331203742677,-1
2025-10-10 02:05:00,98.13123148144302,98.1859338632676,98.04094984454149,98.10064168183864,1987.2744479971957,-0.0003117233845185,98.1308083072445,98.3485016563077,0.2484556527544258,-0.006120393779195599,0.0019852883585254506,-1
2025-10-10 02:20:00,98.10064168183864,98.34007146059498,98.09199814585304,98.32025357959392,5688.662953156565,0.0022386387488422,98.16869736171438,98.34593364933372,0.2353419953376822,-0.009804371594245187,0.0020294996568635416,-1
2025-10-10 02:35:00,98.32025357959392,98.41169239709453,98.2796900098068,98.31219392754534,2581.4033417138903,-8.197346686100726e-05,98.19739667488058,98.3428664018984,0.2334404758174447,-0.010699777244749797,0.00202172989108146,-1
2025-10-10 02:50:00,98.31219392754534,98.35472864117575,98.10335762525494,98.12482029818842,1477.630753047638,-0.0019059042614286,98.18288139954215,98.32304402883386,0.2284226830214137,-0.010881680320528941,0.002001119828323242,-1
2025-10-10 03:05:00,98.12482029818842,98.21003627416454,97.90158874719876,97.99190921193886,2339.5608133623755,-0.0013545103659365,98.1446869620215,98.29294086366158,0.2412106247044556,-0.01135502730025939,0.001982988839414789,-1
2025-10-10 03:20:00,97.99190921193886,98.15501364136628,97.8947756833753,98.1088431336777,4284.409778856982,0.0011933018009264,98.13751819635274,98.27620470639032,0.2505416757697714,-0.01492164130001572,0.0019953476512368333,-1
2025-10-10 03:35:00,98.1088431336777,98.20091543852948,97.8524014501363,97.87034938365042,3565.4393475333018,-0.002430909818214,98.08408443381228,98.2393087679594,0.2640465212436871,-0.01679720843229726,0.0020223950418087134,-1
2025-10-10 03:50:00,97.87034938365042,98.19209795153058,97.79423939729952,98.11401343143652,3859.0617931105303,0.0024896615708496,98.09007023333712,98.22791828282097,0.2785773984294977,-0.019419199597320858,0.0020815026036121323,-1
2025-10-10 04:05:00,98.11401343143652,98.17269955652644,97.69362103044678,97.78729559872517,5004.511822778529,-0.0033299813276894,98.02951530641474,98.1878616751759,0.2823049171268406,-0.018304624737054298,0.002152223071458634,-1
2025-10-10 04:20:00,97.78729559872517,97.79969399713542,97.55764377053266,97.56346787019612,3704.445526612159,-0.0022889244165983,97.93630581917104,98.13109860199592,0.2665855909019815,-0.016530578690762354,0.0021734739024009894,-1
2025-10-10 04:35:00,97.56346787019612,97.7274368934022,97.50489737851318,97.66255362890948,3913.269719488467,0.0010156030825514,97.88155538111872,98.0885036044426,0.2653154709404067,-0.017180365888073368,0.002148429529778048,-1
2025-10-10 04:50:00,97.66255362890948,97.67492404033727,97.2702680586946,97.3037073976016,4941.363417859402,-0.0036743482325007,97.7659857844153,98.01715849472978,0.264290320131044,-0.01375992147699534,0.002199913459681984,-1
2025-10-10 05:05:00,97.3037073976016,97.32560807351072,97.1788507262488,97.19580330244818,3004.0984082969057,-0.0011089412524899,97.65194928802188,97.942489840886,0.271961297691472,-0.014244706238325744,0.001837273076619951,-1
2025-10-10 05:20:00,97.19580330244818,97.264782029193,97.18311647103528,97.19240098234346,4035.1060312525337,-3.50048046224849e-05,97.5600396268862,97.87429994465484,0.2620168513493825,-0.012093459653719663,0.001838866407089563,-1
2025-10-10 05:35:00,97.19240098234346,97.29547456192952,97.18537808009596,97.27548574041003,2511.2502394220674,0.0008548482929409,97.50312884959098,97.8198622897235,0.2595248844284827,-0.01482667375498492,0.0018562756186339964,-1
2025-10-10 05:50:00,97.27548574041003,97.45685173521385,97.24989316286164,97.39900209182974,2120.3090481451227,0.0012697582590264,97.48230349803872,97.78160227173316,0.256588117114929,-0.018630082279268434,0.001886185198287952,-1
2025-10-10 06:05:00,97.39900209182974,97.54731779253528,97.32263409677444,97.50022712475402,1933.088317907868,0.0010392820331859,97.4858882233818,97.75602271291687,0.2632082105772935,-0.02076345455983175,0.00190773797315404,-1
2025-10-10 06:20:00,97.50022712475402,97.517131522376,97.34249236782595,97.35628527825916,2269.439380190531,-0.0014763231916442,97.45996763435728,97.7196829461298,0.2577273633365239,-0.020115722297256333,0.0018776500400488358,-1
2025-10-10 06:35:00,97.35628527825916,97.40635710595689,97.25916172799248,97.26027535207795,1754.9149938210228,-0.0009861708045535,97.4200291779014,97.6779186193978,0.2462093526935689,-0.019982259853958295,0.00187218845007365,-1
2025-10-10 06:50:00,97.26027535207795,97.30152437341135,97.010927721987,97.0570573721942,1878.5310133530825,-0.0020894242705783,97.34743481675996,97.62147668783383,0.2483778307959535,-0.01444967393422203,0.0018264449542264706,-1
2025-10-10 07:05:00,97.0570573721942,97.0715088338235,96.8057650895572,96.87920840763276,4205.091199267232,-0.0018324166153051,97.25378953493454,97.55399775327012,0.2424656705011756,-0.011456388234100334,0.0018139490726921022,-1
2025-10-10 07:20:00,96.87920840763276,96.8951015914614,96.6278832000628,96.64489816807745,2639.639171389389,-0.0024185812766907,97.13201126156312,97.4713523364344,0.2331342302988568,-0.008856440760623085,0.0018125746608564017,-1
2025-10-10 07:35:00,96.64489816807745,96.73791048940738,96.14124418593303,96.22640072571149,3421.146048818008,-0.0043302590234834,96.9508891543928,97.35817491727778,0.2415333572556193,-0.005618038825420779,0.001928423357002941,-1
2025-10-10 07:50:00,96.22640072571149,96.2876776998916,96.19487521975002,96.20871782131724,2477.125245151465,-0.0001837635436937,96.80245488777769,97.253678817645,0.2308728039369642,-0.004577380172014922,0.0019302862695524388,-1
2025-10-10 08:05:00,96.20871782131724,96.22202131590656,95.93829597952757,95.9973358487391,3961.015492128456,-0.0021971186953215,96.64143107996998,97.13946582047171,0.2352432197576754,-0.0038869371974901146,0.0019479368229444966,-1
2025-10-10 08:20:00,95.9973358487391,96.01967464243778,95.91379218954188,95.95068728722418,2854.468292826172,-0.00048593600127,96.50328232142084,97.03139504472196,0.2139022534186188,-0.004174967962119025,0.0019481224593132479,-1
2025-10-10 08:35:00,95.95068728722418,96.0406584527241,95.9479302994819,95.98467522400122,5169.92052456536,0.0003542229632529,96.39956090193692,96.9362386973837,0.2100430252743541,-0.0025252481265979343,0.0018960247229219168,-1
2025-10-10 08:50:00,95.98467522400122,96.02059181834532,95.8784006811012,95.96481602439007,5215.954327126038,-0.0002068996906515,96.31261192642756,96.84792754529336,0.2143662809233829,-0.003542265867486183,0.0018289734868313912,-1
2025-10-10 09:05:00,95.96481602439007,96.0476120036274,95.78677299685748,95.81127763680672,5978.408204548681,-0.0015999445832768,96.21234506850338,96.75368664452184,0.225133604133126,0.0004050912989721489,0.0017646669671496262,0
2025-10-10 09:20:00,95.81127763680672,96.03307938129602,95.79472461068782,96.01700860241534,2068.503928139918,0.002147252084337,96.17327777528578,96.68671591342124,0.2273761897228417,-0.00019060438095963583,0.00173974904791183,0
2025-10-10 09:35:00,96.01700860241534,96.08898649383477,95.77324956755022,95.83321384897928,2024.765032320277,-0.0019141895390337,96.1052649900245,96.6091248166538,0.2338799919031058,0.0014269559044497448,0.0017488672758703056,1
2025-10-10 09:50:00,95.83321384897928,95.8695445627117,95.54555644849384,95.58445066894032,2185.469339012441,-0.0025957929411715,96.00110212580766,96.51597262140712,0.2445477747365215,0.004000771883001963,0.0017637213450332418,1
2025-10-10 10:05:00,95.58445066894032,95.60055513699956,95.40410760088945,95.47578558927592,3266.1814178892937,-0.0011368489215968,95.89603881850132,96.42141016394064,0.2480657860326443,0.0034209057041609814,0.0017620832290838073,1
2025-10-10 10:20:00,95.47578558927592,95.49624586200316,95.3847271730159,95.39789327970924,2099.100266088779,-0.0008158331359717,95.79640971074292,96.32836317446504,0.2352745030014225,0.004570713728811127,0.0016699372198680012,1
2025-10-10 10:35:00,95.39789327970924,95.44003902760114,95.2339469014482,95.3167952565252,3782.875632873015,-0.0008501028733021,95.70048681989938,96.23640245465234,0.2310136731361833,0.005387679309261761,0.0016626941017990732,1
2025-10-10 10:50:00,95.3167952565252,95.6859058560292,95.26554692400852,95.6546145401509,1419.444205595284,0.0035441737494061,95.69131236394968,96.18351264424312,0.2419522831806162,0.0012609130362462029,0.001833572661117792,1
2025-10-10 11:05:00,95.6546145401509,95.86394263557922,95.60680342160391,95.7693225843026,3129.4894464432605,0.0011991898634804,95.70691440802028,96.14585900243031,0.2177003482163988,-0.001057791446573808,0.0018637515033159305,-1
2025-10-10 11:20:00,95.7693225843026,95.87541320512288,95.70151083352998,95.78896835263542,2922.1876358235213,0.000205136340142,95.7233251969433,96.11341439790353,0.2234931976057776,-0.0008301496572575839,0.0018391368420320915,0
2025-10-10 11:35:00,95.78896835263542,95.83024014796769,95.65682766032435,95.68579707040394,1849.400437830388,-0.0010770685184923,95.71581957163544,96.07454009540356,0.2156137084103733,0.004646993837033486,0.0018145316003882722,1
2025-10-10 11:50:00,95.68579707040394,95.83158895027604,95.68082201869396,95.76833394398696,3942.817807327815,0.0008625822860868,95.72632244610574,96.0467031725475,0.2188197426022437,0.0030087531186799854,0.0017435743383135015,1
2025-10-10 12:05:00,95.76833394398696,95.82527845041376,95.57876975602116,95.62420023316868,2995.5501812661173,-0.0015050247287645,95.70589800351831,96.00829381442216,0.2298040669701291,0.003449910304038406,0.001685492689285659,1
2025-10-10 12:20:00,95.62420023316868,95.68777239849034,95.50141881555064,95.55009624185672,5891.705745063216,-0.000774950181348,95.674737651186,95.96663948964348,0.232958527376957,0.00232126359579099,0.0016604400465533636,1
2025-10-10 12:35:00,95.55009624185672,95.81767405690694,95.54538804612396,95.7422901027097,1452.7327165316983,0.0020114460205931,95.68824814149076,95.9462440908313,0.2337761705207443,0.0021641520691388916,0.0017014902981673807,1
2025-10-10 12:50:00,95.7422901027097,95.80250322325388,95.59511843743988,95.62488313210729,3318.0590073354047,-0.0012262812021363,95.67557513961404,95.91702945822004,0.2315640287497302,0.004425701714448671,0.0016123850941519708,1
2025-10-10 13:05:00,95.62488313210729,95.93982798697245,95.55738642651028,95.8500899517208,4491.710349173969,0.0023551068742473,95.7104781020354,95.91094404853828,0.2363286454767045,-0.0017364588745195642,0.0016876536292766565,-1
2025-10-10 13:20:00,95.8500899517208,96.03326057105392,95.7600602475396,95.99870733992908,4628.843503483735,0.0015505190269839,95.76812394961416,95.9189225295738,0.2327009461407365,0.0007811773938697364,0.0017226635876041087,0
2025-10-10 13:35:00,95.99870733992908,96.04757213797149,95.92643041593097,95.96996361932348,2612.2216345512793,-0.0002994177880314,95.80849188355602,95.92356262864196,0.2273219594214788,0.0037869406335699907,0.0017078933823010442,1
2025-10-10 13:50:00,95.96996361932348,95.9844183222296,95.96429840315405,95.9668622516288,2871.4931523392347,-3.231602449060844e-05,95.84016595717058,95.9274989580044,0.2207934758563589,0.006126930354473981,0.0016816274929480541,1
2025-10-10 14:05:00,95.9668622516288,95.99014136756637,95.7413777430903,95.80239924880752,6105.138637146527,-0.0017137478392286,95.83261261549798,95.91612625716832,0.2238414400222958,0.009679787115610017,0.001672773602600162,1
2025-10-10 14:20:00,95.80239924880752,95.90055877410109,95.71849819860866,95.83392974022247,1953.8365436037584,0.0003291200602717,95.83287604044288,95.90865384653688,0.2068201288417067,0.008865246111184222,0.0016708802662681634,1
2025-10-10 14:35:00,95.83392974022247,95.8498864995582,95.802999267528,95.83033158215392,6704.676608984168,-3.754576357550832e-05,95.8323671487851,95.90153364068388,0.191802130131342,0.006096813375550347,0.0016702274448861785,1
2025-10-10 14:50:00,95.83033158215392,95.83366631685723,95.74854008826188,95.77522669060168,3231.7319275866107,-0.0005750255753316,95.82093905714842,95.8900511906764,0.1854609770600888,0.006058827439032077,0.0016438568141281071,1
2025-10-10 15:05:00,95.77522669060168,95.7810020681844,95.60174546192982,95.66801861402875,2736.989262367425,-0.0011193716817736,95.7903549685245,95.86986641098116,0.1858784141037495,0.007228007735914366,0.001628774327865599,1
2025-10-10 15:20:00,95.66801861402875,95.71679819686048,95.661166529718,95.70944917338842,1720.6870206237218,0.0004330659290312,95.77417380949728,95.85528302574544,0.1790830380723491,0.005418902439383144,0.0015918994660938292,1
2025-10-10 15:35:00,95.70944917338842,96.22175924807932,95.66582254507972,96.13044837968174,3511.9251125048513,0.0043987214421288,95.84542872353418,95.88029805792148,0.2011850386871328,0.0005190388858531403,0.0016269809003963012,0
2025-10-10 15:50:00,96.13044837968174,96.17725709999056,96.0420659060208,96.05647721741173,2272.676350769426,-0.0007694873322328,95.88763842230968,95.89631434514786,0.197530582332138,0.0005716472046313203,0.0016320546375771107,0
2025-10-10 16:05:00,96.05647721741173,96.07156680172147,95.89409104404072,95.95409514686853,977.1175974295444,-0.0010658528556222,95.90092976722148,95.90156714530428,0.1907584213962668,0.002679818426885028,0.0015958559576473564,1
2025-10-10 16:20:00,95.95409514686853,95.977728284426,95.76173802577824,95.77189320183726,1733.7297646671382,-0.0018988449086241,95.87512245414464,95.8897786049891,0.191373098027251,0.006423287654578891,0.0016285777868396524,1
2025-10-10 16:35:00,95.77189320183726,96.02003960555504,95.73713522372672,95.94949097793958,2659.3413104001634,0.0018543830571253,95.88999615890364,95.89520700253006,0.1842632995534034,0.0054717632330842925,0.0016620448742331593,1
2025-10-10 16:50:00,95.94949097793958,96.07148028292552,95.88443966140422,96.048090341329,2649.035483202789,0.0010276173681014,95.92161499538872,95.9091054878754,0.1781090351253322,0.00745676762117542,0.001671629872902498,1
2025-10-10 17:05:00,96.048090341329,96.09321504238726,95.62847149968316,95.68365021240064,3551.35630502811,-0.0037943505970106,95.8740220387911,95.88860955374132,0.2026520223155878,0.01442295478220057,0.0017819564256330333,1
2025-10-10 17:20:00,95.68365021240064,96.09579309301738,95.6194074659373,96.07369935994376,1647.5833200048946,0.0040764451050649,95.91395750302163,95.90543589975974,0.2352424300301956,0.008920501195914587,0.001887835621536426,1
2025-10-10 17:35:00,96.07369935994376,96.3950531654276,96.06543240282652,96.33339617415572,6133.336475726892,0.0027030999736881,95.99784523724846,95.94434137925028,0.2410179398962678,0.007057789955495997,0.00191152493969059,1
2025-10-10 17:50:00,96.33339617415572,96.55630478397852,96.28469846590797,96.55484453298192,2225.43337376303,0.0022987703913797,96.10924509639516,95.99984166595316,0.2474140643661349,0.006372537262147704,0.0018790816574695366,1
2025-10-10 18:05:00,96.55484453298192,96.74948869536608,96.5334946462071,96.72974607870066,1865.2066045475092,0.0018114217527325,96.23334529285628,96.06619661256656,0.2594931227324772,0.005493272310614028,0.0018777553287118397,1
2025-10-10 18:20:00,96.72974607870066,96.81337174470242,96.65836875868058,96.68352111317148,4398.768652208092,-0.0004778774617227,96.32338045691932,96.12231702171246,0.2644843196915128,0.00801406474219113,0.0018715812897691089,1
2025-10-10 18:35:00,96.68352111317148,96.7444456995837,96.3702294467563,96.41459122952742,2705.808276345611,-0.0027815482984868,96.34162261144095,96.1488874042411,0.278410008732428,0.012777178992396276,0.0019436240800553082,1
2025-10-10 18:50:00,96.41459122952742,96.4404990920764,96.28581648553872,96.35551226205422,3314.0660422100077,-0.0006127596115877,96.34440054156362,96.16767148222412,0.285485075832085,0.013736114564916635,0.0018610884072843773,1
2025-10-10 19:05:00,96.35551226205422,96.43175554144857,96.33360282334152,96.35950779265056,3061.913172360693,4.146654926673321e-05,96.347421991781,96.18511114680832,0.2527862197683329,0.017685954642504553,0.0018528716340098675,1
2025-10-10 19:20:00,96.35950779265056,96.40225681906034,96.17169157751522,96.22808934098612,2964.1974267346977,-0.0013638348168735,96.32355546162204,96.18901825536994,0.2595986517380006,0.019849219920552885,0.0018732057550830397,1
2025-10-10 19:35:00,96.22808934098612,96.27934529846276,96.1254395588369,96.18034382050529,1571.2570137730204,-0.0004961703054465,96.2949131333987,96.18822967038224,0.2579150790197936,0.020927746674811454,0.0018637753532393078,1
2025-10-10 19:50:00,96.18034382050529,96.22799087133384,96.09404672624494,96.11138763409978,2918.1408116186544,-0.0007169467654865,96.25820803353892,96.1812440307202,0.2520546423370169,0.021084770618485793,0.0018655595450959722,1
2025-10-10 20:05:00,96.11138763409978,96.27766755652794,96.08635408464691,96.21123469917818,6050.311561694908,0.0010388682084012,96.24881336666678,96.18397045512546,0.2455124344836404,0.021996129327145342,0.0018484909538168616,1
2025-10-10 20:20:00,96.21123469917818,96.48186101666552,96.12747254703704,96.38706362109627,2439.092613072605,0.0018275300433245,96.27646341755268,96.20243347021372,0.2574658522055831,0.016101800074297623,0.0018617366249663182,1
2025-10-10 20:35:00,96.38706362109627,96.52096269910724,96.31766002785416,96.47450387490582,3656.599278142626,0.0009071783134018,96.31607150902332,96.22716714336754,0.2387915042447953,0.012850442494354075,0.0018385883158757936,1
2025-10-10 20:50:00,96.47450387490582,96.77509811526012,96.44146495942452,96.76429863146195,857.4918536214464,0.0030038481144398,96.40571693351106,96.27599727864884,0.228594899155905,0.011481187230141021,0.0018813553586806272,1
2025-10-10 21:05:00,96.76429863146195,97.0730317743708,96.74920773562762,97.06369117281,2353.763346540326,0.0030940392849672,96.53731178137086,96.34760581448168,0.2281808474517705,0.008752197052145805,0.0019107864347264931,1
2025-10-10 21:20:00,97.06369117281,97.13397654504136,96.86576420004538,96.93072490998009,3326.7990423430356,-0.0013698867333737,96.61599440709271,96.40061664134517,0.2279384208035862,0.01073543051980308,0.0019235175075174977,1
2025-10-10 21:35:00,96.93072490998009,97.09474512562922,96.84887356775832,97.0132970500525,2018.8973876232112,0.0008518675595288,96.69545493568468,96.45631486031856,0.2300725285687233,0.011800633576024122,0.0019226381910869234,1
2025-10-10 21:50:00,97.0132970500525,97.22270124879104,96.92913246579624,97.17014387760922,2122.5637449013357,0.0016167559739341,96.7903927240696,96.52120840734496,0.239970085495364,0.01094363740082449,0.0019344083652336535,1
2025-10-10 22:05:00,97.17014387760922,97.2835727664045,97.1144517250512,97.26110891444752,1553.8817284479228,0.0009361418354272,96.8845359621452,96.58847208980885,0.2253204275329281,0.011184973615317784,0.0018977601966391762,1
2025-10-10 22:20:00,97.26110891444752,97.5177317530345,97.25407559987543,97.45834911087545,1600.543260225939,0.0020279451738658,96.99929859189125,96.6675518189967,0.2331042522915985,0.006763286134846558,0.0019172356866340003,1
2025-10-10 22:35:00,97.45834911087545,97.7203386389732,97.45626144360654,97.6464977191458,2251.37172642804,0.0019305540262777,97.12873841734216,96.75654690082844,0.2449560006672848,-0.00015290685589031128,0.0019300600366942435,0
2025-10-10 22:50:00,97.6464977191458,97.68074419974369,97.59705959836258,97.67906261744702,3924.776658469969,0.0003334978628199,97.23880325736314,96.84041196597558,0.2344645263698542,-0.003130101664470919,0.0019190403933167584,-1
2025-10-10 23:05:00,97.67906261744702,98.13224624172298,97.6223280367756,98.06371767684544,1343.2067057702009,0.0039379478988745,97.4037861412596,96.95162157605463,0.2598939881785337,-0.003826697864297568,0.0019787411891382914,-1
2025-10-10 23:20:00,98.06371767684544,98.1398612275872,97.98709747175592,98.13814184884995,1885.5835812769335,0.0007589368807106,97.55065728277768,97.05948705539969,0.261238246088704,-0.0032589511171334795,0.0019777623774661648,-1
2025-10-10 23:35:00,98.13814184884995,98.2086111982156,98.1330136594351,98.19318169107709,1667.9649963371553,0.0005608404763957,97.67916216443756,97.1625502040976,0.2529728222958098,0.000801444655984529,0.0018647071134525153,0
2025-10-10 23:50:00,98.19318169107709,98.27166699735132,98.07490887146452,98.13787419618916,1758.2841037772794,-0.0005632518871004,97.77090457078788,97.25121602156048,0.2417135120285455,0.001044691301558931,0.0018599382694427765,1
2025-10-11 00:05:00,98.13787419618916,98.35820815414608,98.12631062701507,98.32750946034562,2146.1004454872973,0.0019323351530657,97.88222554869944,97.34906087963184,0.2437560017341117,-0.003087675822915692,0.0018450372757940682,-1
2025-10-11 00:20:00,98.32750946034562,98.37586274239152,97.8642187516744,97.93906884927178,1488.6036681046533,-0.0039504774727412,97.89359420881392,97.40269796778094,0.2564710613685039,0.001535896971514017,0.001971892932768084,1
2025-10-11 00:35:00,97.93906884927178,98.0133389716296,97.68472253532155,97.71424393912164,2758.202769036507,-0.0022955589918476,97.85772415487546,97.43102032881193,0.2568133754802793,0.006735102394328729,0.0020292483270303624,1
2025-10-11 00:50:00,97.71424393912164,97.91723075407712,97.62052953623824,97.87526766124304,721.3456064071527,0.0016479042934796,97.86123285614896,97.471406449942,0.2588482949690568,0.004846399804349533,0.002036692777951438,1
2025-10-11 01:05:00,97.87526766124304,97.9275958117936,97.79232244110274,97.91321172456306,1901.3144597691696,0.0003876777476752,97.8716286298318,97.51157056581664,0.2509484244561974,0.006327099563963712,0.0018738818180419818,1
2025-10-11 01:20:00,97.91321172456306,98.01707234539406,97.8326220866708,97.97131797248532,3857.2189991756654,0.0005934464501655,97.89156649836252,97.5533657846047,0.2431542441510856,0.004297726841598459,0.0017710755860287915,1
2025-10-11 01:35:00,97.97131797248532,98.23449810627238,97.92750784019726,98.15811542054216,3603.529907531775,0.0019066544364474,97.94487628279845,97.60834302423535,0.2530020459169303,0.0043607055818803975,0.001746176103169769,1
2025-10-11 01:50:00,98.15811542054216,98.31867582487445,98.0832641901235,98.23353869839173,1707.5527219034532,0.0007683855535167,98.0026087659171,97.6651789946132,0.2509845803163496,0.002230596969418741,0.0017185496515474646,1
2025-10-11 02:05:00,98.23353869839173,98.44465600226096,98.17544889907349,98.34897185145216,1565.5070543775273,0.0011750890234634,98.07188138302412,97.72734198159856,0.2513510023035528,0.0035249787981372904,0.0017070087663086833,1
2025-10-11 02:20:00,98.34897185145216,98.40521035093722,98.07681205006548,98.11748781214207,4664.802025919339,-0.0023537006534214,98.08100266884772,97.76280978437524,0.2688305522671714,0.0038119694440668095,0.0017733140614924435,1
2025-10-11 02:35:00,98.11748781214207,98.13591584729782,97.58849921328276,97.63156690019086,1787.1240540755844,-0.0049524393947139,97.99111551511636,97.75087861308576,0.2715090114862915,0.011676111281478718,0.0019354998384213656,1
2025-10-11 02:50:00,97.63156690019086,97.6663985637971,97.34260973094167,97.37331722096418,2766.4630975295568,-0.0026451452888254,97.86755585628592,97.7165548501656,0.2837250884165862,0.016543122977125124,0.0020018071169966515,1
2025-10-11 03:05:00,97.37331722096418,97.7318477645554,97.27610621720568,97.68845745784638,1114.7660547543778,0.0032364126628967,97.831736176598,97.71400054177296,0.3108782318858171,0.011031955206094235,0.0020655927889252435,1
2025-10-11 03:20:00,97.68845745784638,97.83875431741475,97.61912611704888,97.81831444183824,2332.4225738685104,0.0013292971080836,97.82905182964606,97.72348362359706,0.3125118086343213,0.011770111611116185,0.002044899499391051,1
2025-10-11 03:35:00,97.81831444183824,98.30259694660428,97.73891173825918,98.27187809179752,4234.234980670186,0.0046367968263136,97.91761708207636,97.77333766616074,0.3362109287210423,0.007897183968286203,0.0021610927182181073,1
2025-10-11 03:50:00,98.27187809179752,98.2843655833013,98.15447223044303,98.2403979797154,998.8396073175072,-0.00032033693355,97.98217326160416,97.8157976946657,0.3089430260168382,0.007855650426465743,0.002153979234888798,1
2025-10-11 04:05:00,98.2403979797154,98.2747637614422,97.9291627157182,98.0239059866574,3319.772157519981,-0.0022036962136767,97.99051980661484,97.83471663030132,0.3101562124036923,0.009691193822467081,0.0022123787457734414,1
2025-10-11 04:20:00,98.0239059866574,98.11846157814274,97.96162193013662,98.08949316851027,9675.41768085308,0.0006690937398661,98.01031447899392,97.85787813377486,0.3001661002727829,0.007305988103149863,0.002200853136712466,1
2025-10-11 04:35:00,98.08949316851027,98.39558843347304,98.05176164089288,98.37235937743604,2037.3422720573344,0.0028837564533013,98.08272345868237,97.90464915592588,0.3150627732648762,0.003193324613745663,0.002238624342773176,1
2025-10-11 04:50:00,98.37235937743604,98.43394469068092,98.29629591479268,98.34961033928715,2994.7954748129555,-0.0002312543715821,98.13610083480332,97.94510017259508,0.3117198102052337,0.004915640460459558,0.0021998078569923645,1
2025-10-11 05:05:00,98.34961033928715,98.62738823119454,98.31673466456772,98.53271836377182,4801.426854931859,0.0018618073203642,98.21542434059702,97.9985200081566,0.3119814745303547,0.00275092132769883,0.0021636081610617052,1
2025-10-11 05:20:00,98.53271836377182,98.57576288532374,98.3460087574717,98.39237193544244,4222.968195139211,-0.0014243637104501,98.25081385956612,98.03432472881894,0.3115773668947201,0.0035863244906295666,0.0021651249079009663,1
2025-10-11 05:35:00,98.39237193544244,98.63041190842054,98.31546817005008,98.58615406236338,2377.6076729429165,0.0019694832344123,98.31788190012558,98.08449103186844,0.3148442694077898,0.0025585205823788204,0.002180441889225334,1
2025-10-11 05:50:00,98.58615406236338,98.62193521611948,98.36753831673856,98.45265813210764,1564.4489707076168,-0.0013541042504943,98.344837146522,98.11796076825382,0.3095584550155875,0.006698505194793647,0.0021947788897382467,1
2025-10-11 06:05:00,98.45265813210764,98.70157289206357,98.45038857479976,98.69564989204714,1988.208103909924,0.0024681076626031,98.41499969562705,98.17047796132594,0.2883990038190691,0.0006732600814844947,0.002223101981905842,0
2025-10-11 06:20:00,98.69564989204714,98.70444931559614,98.400975495696,98.49150867761055,2925.1187113402852,-0.0020683912073113,98.43030149202376,98.19966257189726,0.2869479314651215,6.468774909018649e-05,0.0022477085900250784,0
2025-10-11 06:35:00,98.49150867761055,98.8465136519972,98.47704125402043,98.77152393990262,4668.303266292067,0.0028430396290164,98.49854598159952,98.25164996898866,0.2807858493670515,-0.0026941721683647613,0.00227427309932916,-1
2025-10-11 06:50:00,98.77152393990262,99.0499659541382,98.71771303296444,98.9841759824412,1463.792069030526,0.0021529691358002,98.59567198176786,98.31824324293888,0.2888304722819005,-0.006965240187704724,0.0022962130296530748,-1
2025-10-11 07:05:00,98.9841759824412,99.01759169020836,98.75243748987116,98.7661521446738,1816.6636613861235,-0.0022026130500502,98.62976801434904,98.3589622340057,0.2675068288527638,-0.00559855908556639,0.0022486015923045637,-1
2025-10-11 07:20:00,98.7661521446738,99.04973882829653,98.73852698564536,98.96964692042994,1596.164577804177,0.0020603695834788,98.69774379556524,98.41447902368064,0.2804581495522577,-0.00809075788064284,0.002270225854137837,-1
2025-10-11 07:35:00,98.96964692042994,99.05154151339084,98.87459539321074,99.04794919199745,2174.2085388931737,0.0007911746076094,98.76778487485169,98.47206722080034,0.2684113691562645,-0.007284547606229097,0.002271554956498087,-1
2025-10-11 07:50:00,99.04794919199745,99.05108022174792,98.98823551497811,99.01214020400091,1885.91437036368,-0.0003615318468341,98.81665594068154,98.52116476472766,0.2616974447822398,-0.006895280471701293,0.0022694372203110624,-1
2025-10-11 08:05:00,99.01214020400091,99.04567216856918,98.94447874136512,98.9738746588094,3040.926213185144,-0.0003864732659316,98.84809968430712,98.56232020964418,0.2443664901125178,-0.003720777652898133,0.0022519183934676143,-1
2025-10-11 08:20:00,98.9738746588094,99.00060429346624,98.74491372442117,98.8061338386434,3027.180032611452,-0.0016947989633049,98.83970651517436,98.58448508500774,0.2527980467665784,-0.0012020117460618263,0.0021505993718064515,-1
2025-10-11 08:35:00,98.8061338386434,98.8291356379811,98.63348232701463,98.68649425394824,1917.386683747744,-0.0012108517968177,98.80906406292917,98.59375864582051,0.2445837427908393,-0.0027498674787599375,0.0021170179804812835,-1
2025-10-11 08:50:00,98.68649425394824,98.85520840010985,98.6143829648622,98.8330616631414,3636.770118864436,0.0014851820434109,98.8138635829716,98.61551346557695,0.2453745504619523,-0.003479916569645858,0.0021138978135886205,-1
2025-10-11 09:05:00,98.8330616631414,98.89155496060664,98.77221953132413,98.80377412019487,2536.6465965679145,-0.0002963334581937,98.81184569041626,98.6326280705422,0.231402528384242,-0.005464044388997058,0.002116507507325473,-1
2025-10-11 09:20:00,98.80377412019487,98.82444347201772,98.73126356704223,98.74523890860566,1485.2144089996702,-0.0005924390248291,98.79852433405416,98.64286541945708,0.2198870287838547,-0.0012774394014172241,0.002121312057245527,-1
2025-10-11 09:35:00,98.74523890860566,98.83920009120142,98.71805767332172,98.8383887666695,3079.922700905821,0.0009433351834822,98.80649722057724,98.66064026920364,0.2105983216849896,-0.0026355144282678156,0.002103778908237089,-1
2025-10-11 09:50:00,98.8383887666695,99.18841365787294,98.79085385327402,99.1121437740468,802.3759469371482,0.0027697234929999,98.86762653127116,98.7016860423712,0.2173187491634739,-0.0012582024593306151,0.0021499113221636478,-1
2025-10-11 10:05:00,99.1121437740468,99.187710149637,98.74269308528504,98.76209773333564,2947.950697470121,-0.0035318178719774,98.84652077168406,98.70717801427706,0.222714796761704,0.0006917724521184887,0.002245620520192246,0
2025-10-11 10:20:00,98.76209773333564,98.85494289377736,98.4965819838444,98.4978798716114,1607.9801127035378,-0.0026752961691604,98.77679259166952,98.68815091039836,0.2245796531016475,0.0023747568726244506,0.0022577969490367297,1
2025-10-11 10:35:00,98.4978798716114,98.53162899531632,98.4607174777178,98.50541644907676,2122.3217517651096,7.65151237283046e-05,98.72251736315098,98.67153868664184,0.2107051757631717,0.0019950269843787005,0.0020593988358423815,1
2025-10-11 10:50:00,98.50541644907676,98.52377342584236,98.2305560407064,98.29472742194146,2232.6235249527404,-0.0021388572804441,98.63695937490908,98.63728311712364,0.2094198573692277,0.0020674173074668456,0.0020380308208473945,1
2025-10-11 11:05:00,98.29472742194146,98.3929529102449,98.19429042532096,98.2132040062378,6181.47709688609,-0.0008293773007144,98.55220830117484,98.59873047067946,0.2109710262795029,0.0027502565631456477,0.0019745767056873554,1
2025-10-11 11:20:00,98.2132040062378,98.28528145956908,98.10271953479156,98.16890746966403,2565.6416300338738,-0.0004510242489484,98.47554813487268,98.55965565240533,0.2195222561372004,0.0060209064088725395,0.001965900975711338,1
2025-10-11 11:35:00,98.16890746966403,98.4128794634479,98.13655823576914,98.32642969080898,1374.815528792,0.0016046039953496,98.44572444605994,98.5384532922602,0.2320313847425349,0.006809742366806759,0.0018075533481240547,1
2025-10-11 11:50:00,98.32642969080898,98.33842012243888,98.29701238050784,98.32942372719091,5805.9765601780355,3.044996539958156e-05,98.42246430228614,98.51945060452664,0.2167254685201019,0.008072082481224596,0.0018064928693552155,1
2025-10-11 12:05:00,98.32942372719091,98.6892049582451,98.29429659343884,98.60561487775816,2703.3573429164485,0.0028088352407467,98.45909441738056,98.52728372027497,0.2309579723658024,0.00740484779593964,0.0018238067108928653,1
2025-10-11 12:20:00,98.60561487775816,98.69473971432993,98.54605693344251,98.6873677051864,1307.589669871139,0.0008290889674951,98.50474907494171,98.54183680981237,0.2243763541972145,0.005336161922452787,0.0018253909276846312,1
2025-10-11 12:35:00,98.6873677051864,98.75722553287564,98.34798279503369,98.41511947280648,2393.1805882613257,-0.0027586938299257,98.48682315451468,98.53031705190271,0.245084019094316,0.005512727676307616,0.0018294580581167588,1
2025-10-11 12:50:00,98.41511947280648,98.52471481418723,98.37197220338837,98.489130854231,2365.958574059843,0.0007520326330037,98.48728469445795,98.52657285211438,0.2493384980817004,0.00302634700930704,0.001833438378134979,1
2025-10-11 13:05:00,98.489130854231,98.51361030060995,98.24035301800996,98.26390591260169,2529.058894024151,-0.0022867999714878,98.4426089380867,98.5026940394314,0.2602038455617211,0.0036697414191744215,0.0018475158487454744,1
2025-10-11 13:20:00,98.26390591260169,98.6940998349004,98.22563949052552,98.61909784972144,1611.381651555832,0.0036146735041826,98.47790672041366,98.51327620400322,0.2652681698314317,-0.003021062638863925,0.001941897921314087,-1
2025-10-11 13:35:00,98.61909784972144,98.65687086465748,98.535300144828,98.5778987670082,6251.571257371702,-0.00041775967953,98.49790512973256,98.5191509824582,0.2421648595083963,-0.00031891514117676767,0.0019123512492282952,0
2025-10-11 13:50:00,98.5778987670082,99.05517323714813,98.57072151333776,98.98744063100077,2763.325192129637,0.0041544998332792,98.5958122299862,98.56172276868936,0.2511713462139237,-0.005141078859757342,0.0020308668231840284,-1
2025-10-11 14:05:00,98.98744063100077,99.039263655077,98.77977828527688,98.830418631861,3399.458026500686,-0.0015862820388,98.64273351036115,98.58614966534132,0.2646409070854655,-0.0035240338067507038,0.002009309672685802,-1
2025-10-11 14:20:00,98.830418631861,98.88900301369422,98.67085481222462,98.73178838877544,1882.816349364166,-0.0009979745553134,98.66054448604405,98.59938954928988,0.2592788225378695,-0.0077001186759164675,0.0019817189773919043,-1
2025-10-11 14:35:00,98.73178838877544,98.7861010918862,98.643729363725,98.70193741300014,2221.919313458807,-0.0003023441210012,98.66882307143526,98.60871208235444,0.2552580541976731,-0.007924906927405884,0.0019171035710203999,-1
2025-10-11 14:50:00,98.70193741300014,98.7998142620978,98.43475750239588,98.49794364264632,4906.322678360386,-0.0020667656147441,98.63464718567748,98.59864222419914,0.2682933995494159,-0.00569452320104058,0.001907902243697949,-1
2025-10-11 15:05:00,98.49794364264632,98.58569693227754,98.43942953840136,98.48331551514352,2518.6189481577403,-0.0001485120091021,98.6043808515707,98.58815797792136,0.259003839992089,-0.007861155229437311,0.0018708840419225858,-1
2025-10-11 15:20:00,98.48331551514352,98.76053536929956,98.43541900716464,98.75997327380016,6648.460948463276,0.0028091840451298,98.6354993360166,98.60377755027396,0.2792687414352244,-0.012174651477993237,0.001903027821573871,-1
2025-10-11 15:35:00,98.75997327380016,99.00646768905132,98.6825845555329,98.99600734485134,5435.413062505589,0.0023899770648661,98.70760093778355,98.63943480432646,0.2741955106289505,-0.01435127814531223,0.001946704604322106,-1
2025-10-11 15:50:00,98.99600734485134,99.16778855208528,98.93901922178048,99.12314694584808,2406.772976126988,0.0012842901891372,98.79071013939648,98.68340863537388,0.2799159784444803,-0.016772155096700936,0.001958944653236724,-1
2025-10-11 16:05:00,99.12314694584808,99.38032395981054,99.04674115007856,99.335774447753,2616.7714878672473,0.0021450842558607,98.89972300106778,98.74271461831744,0.2745116978651956,-0.020117162905772368,0.001992133225119104,-1
2025-10-11 16:20:00,99.335774447753,99.35278699806965,99.1311806350464,99.21397947896192,2255.0124939575703,-0.0012260937156647,98.96257429664662,98.78555687837604,0.2794305373097927,-0.01951439285954193,0.001980076645225099,-1
2025-10-11 16:35:00,99.21397947896192,99.25574146322982,98.95079844159586,98.95765522569134,2536.2965117327035,-0.0025835497640223,98.96159048245558,98.8012021826774,0.281693804383648,-0.017323797029018206,0.002024448400622905,-1
2025-10-11 16:50:00,98.95765522569134,98.99068663929476,98.7356793670045,98.78719314084096,2822.2269399254633,-0.0017225760297332,98.92671101413266,98.79992863341955,0.2664471563776039,-0.014168675889514537,0.0020324222987474524,-1
2025-10-11 17:05:00,98.78719314084096,98.8378548781095,98.57218664784054,98.62450903813902,2607.0540633380747,-0.0016468136964878,98.86627061893394,98.78398139748496,0.2767398356947085,-0.013093492483879365,0.002052428627794335,-1
2025-10-11 17:20:00,98.62450903813902,98.63046076957684,98.25096021647974,98.32116337772918,2486.9675767825192,-0.0030757634523943,98.757249170693,98.74190703205262,0.269243323500906,-0.01257202107728117,0.0021192760704078152,-1
2025-10-11 17:35:00,98.32116337772918,98.61957100404253,98.30718828125288,98.546460782506,2711.0742352438433,0.0022914436428225,98.7150914930556,98.72413919118476,0.2730217058573002,-0.01426216620280596,0.0021544555922278804,-1
2025-10-11 17:50:00,98.546460782506,98.58938826920574,98.4346169015626,98.47853839259125,2411.555149892953,-0.0006892423063741,98.66778087296274,98.70181184585806,0.2684947891554096,-0.011805599150551571,0.0020922125539662374,-1
2025-10-11 18:05:00,98.47853839259125,98.52868562074003,98.47383879172902,98.482136895467,4224.841617365999,3.65409858278376e-05,98.6306520774636,98.6818413958225,0.2622430106446823,-0.012038072992777593,0.002001956200406078,-1
2025-10-11 18:20:00,98.482136895467,98.4872231710253,97.93499332471264,97.9715419010964,3873.476696372679,-0.0051846457689334,98.49883004219016,98.61726871448376,0.2756125168311619,-0.006890139199891565,0.0021502723155525723,-1
2025-10-11 18:35:00,97.9715419010964,98.01811715931906,97.8934790459463,97.91973374544747,3070.823235302252,-0.0005288082094412,98.38301078284164,98.55385644457137,0.2740675682237758,-0.0030857435692752677,0.002150739983412706,-1
2025-10-11 18:50:00,97.91973374544747,98.0000014140049,97.85441768683955,97.93704481731848,7225.844261848633,0.0001767883878851,98.29381758973702,98.49778266027565,0.2612438085830909,-0.007756856140239465,0.002121607340705392,-1
2025-10-11 19:05:00,97.93704481731848,97.94287379115424,97.67024728521714,97.70912288436932,2200.3807798930425,-0.0023272290211974,98.17687864866348,98.42608631701142,0.2575826208987085,-0.003478222087729188,0.00215422345654079,-1
2025-10-11 19:20:00,97.70912288436932,97.7194906115728,97.47454700754264,97.55760501921571,2684.760780415008,-0.00155070335994,98.05302392277396,98.34713347175727,0.2587379261648053,-0.002217002659653189,0.002167768391881252,-1
2025-10-11 19:35:00,97.55760501921571,97.6031187070049,97.5237671373486,97.57528810817,1120.5391612096246,0.0001812579239803,97.95747675985317,98.27696571143116,0.2405785518736871,-0.005832913807832685,0.0021441702961627587,-1
2025-10-11 19:50:00,97.57528810817,97.66414039680994,97.4429859133928,97.46063815159924,6074.014712323971,-0.0011749896802115,97.8581090382024,98.2027541150828,0.2405462747589664,-0.005422692602655488,0.002149894260552889,-1
2025-10-11 20:05:00,97.46063815159924,97.47699522028336,97.28080911728618,97.33742049081648,6523.106996096303,-0.0012642812844204,97.7539713287252,98.12408742196769,0.2327779234277674,-0.0046670233111871795,0.002080889432655221,-1
2025-10-11 20:20:00,97.33742049081648,97.35685546795207,97.22880928612852,97.27787890625092,1182.177307122161,-0.0006117029223223,97.65875284423036,98.04715937508432,0.2237092741087189,-0.009026320197912607,0.0020689381895344374,-1
2025-10-11 20:35:00,97.27787890625092,97.36447820675792,97.22860579676856,97.2433328920939,3051.77057611408,-0.000355127132144,97.57566885380308,97.97408424026702,0.2144381440887467,-0.0047178728533197045,0.0020254940095134474,-1
2025-10-11 20:50:00,97.2433328920939,97.41215645879396,97.24146842352071,97.3875094191935,1964.289580482444,0.0014826366272286,97.53803696688117,97.92075925653306,0.1995229642441854,-0.004908616829572332,0.0020426210746155417,-1
2025-10-11 21:05:00,97.3875094191935,97.47201737222768,97.3195766221944,97.33316977032186,3207.633261885626,-0.0005579734936823,97.49706352756932,97.86734203051384,0.1880985376187333,-0.0024287487753248405,0.002012364959133151,-1
2025-10-11 21:20:00,97.33316977032186,97.42350424900594,97.06467655570356,97.08506763940156,11669.550074684576,-0.0025489987792008,97.41466434993576,97.79622617677636,0.202673989451537,-0.0014690664001847376,0.0019188439720547637,-1
2025-10-11 21:35:00,97.08506763940156,97.1910207423519,97.00515356663531,97.1409747801276,1803.5787587741092,0.0005758572567895,97.35992643597412,97.73665786799012,0.212032585644792,-0.0013039663863312345,0.0019280347760062238,-1
2025-10-11 21:50:00,97.1409747801276,97.3558964791662,97.10013476473658,97.31594024339611,2775.9434670865016,0.0018011499644154,97.35112919745852,97.69841081120884,0.1908562905102897,-0.003913789781336163,0.0017861228069134243,-1
2025-10-11 22:05:00,97.31594024339611,97.33392687382874,97.29338719146202,97.29660174303464,3241.092157791438,-0.0001987187331604,97.34022370657377,97.66188271410208,0.1848492597241439,-0.002570349682628925,0.0017764818988435917,-1
2025-10-11 22:20:00,97.29660174303464,97.36499076212148,97.21782559871072,97.29650433976984,2921.101195930521,-1.0010962667728052e-06,97.33147983321298,97.62866649825372,0.1849622194559574,-0.0034757849945378227,0.0017759763483889102,-1
2025-10-11 22:35:00,97.29650433976984,97.69010535727443,97.22162452648853,97.61757855673731,2854.1830620410806,0.0032999563462858,97.38869957791783,97.6276585035704,0.1989518140880162,-0.008570879000626919,0.0018961322987812049,-1
2025-10-11 22:50:00,97.61757855673731,97.65897110469705,97.09343297529232,97.17736124987036,3563.7229489528618,-0.0045096110083397,97.34643191230836,97.58672238959768,0.2218514230433419,-0.007105985176212748,0.0020133074108881067,-1
2025-10-11 23:05:00,97.17736124987036,97.38861392913518,97.12985581426834,97.36926885498026,6077.093652058428,0.0019748180300598,97.35099930084274,97.56695388645063,0.2346661762726652,-0.008268577320399983,0.0020570502391090185,-1
2025-10-11 23:20:00,97.36926885498026,97.42874096314232,97.330663329539,97.34131954941871,1979.857396234214,-0.0002870444226418,97.34906335055794,97.5464416739932,0.2258749727145347,-0.006650741402141613,0.0019746620831877794,-1
2025-10-11 23:35:00,97.34131954941871,97.39520639315086,96.94455895009494,97.0061398628606,2990.903876297541,-0.0034433443897168,97.28047865301848,97.4973233275266,0.2440507827187303,-0.004316252218829808,0.0019732683564777113,-1
2025-10-11 23:50:00,97.0061398628606,97.0989779911486,96.8408417324328,96.93213907004449,1352.698593964149,-0.0007628464849827,97.21081073642368,97.44594294048277,0.2533429310681754,-0.0019233866227864604,0.0019420605756454805,-1
2025-10-12 00:05:00,96.93213907004449,96.9730528239664,96.7958857028552,96.88314448033502,5551.820013334356,-0.0005054524761293,97.14527748520597,97.39477944410568,0.2562925532911647,0.0016845328141508187,0.0018722277799715639,1
2025-10-12 00:20:00,96.88314448033502,96.90334696350229,96.35085115364193,96.39981762306932,2622.578975691672,-0.0049887610467042,96.99618551277862,97.304328369466,0.2835645371902444,0.008435253474398774,0.0020139850846585426,1
2025-10-12 00:35:00,96.39981762306932,96.87023677372495,96.35522245506368,96.78455121167596,2762.960102898752,0.0039910198804626,96.9538586525581,97.257075900576,0.3094626492351011,0.007376841313618598,0.002165980060766062,1
2025-10-12 00:50:00,96.78455121167596,96.99908055501166,96.73440484826136,96.90947145146832,2527.9003994888476,0.0012907043348184,96.94498121234017,97.22547549611166,0.3027375073385231,0.004052411214359619,0.0021851190776890923,1
2025-10-12 01:05:00,96.90947145146832,97.19295518269406,96.8401801239771,97.0967719534437,3220.268573380413,0.0019327368023998,96.97533936056088,97.21377517405094,0.3146594989814072,-0.0010967305650030346,0.002220982744315824,-1
2025-10-12 01:20:00,97.0967719534437,97.14098416740326,96.93583135668932,96.94244322857286,1964.0113958848551,-0.0015894320868344,96.96876013416328,97.18910863355292,0.3110445772874298,0.0021042735154355174,0.0021802295372896877,1
2025-10-12 01:35:00,96.94244322857286,97.1012549222562,96.84939705823471,97.01430621427888,3372.803366264165,0.0007412953842786,96.9778693501864,97.173217504528,0.3261387331199127,-0.0014309215608588888,0.002134345849959845,-1
2025-10-12 01:50:00,97.01430621427888,97.09604895824631,96.92909684822122,96.93506611091038,2655.910664602414,-0.0008167878167729,96.9693087023312,97.15156737783548,0.3275520864495099,0.0003240657354195431,0.0021348540722968706,0
2025-10-12 02:05:00,96.93506611091038,97.08255601227002,96.85328465695696,97.04651545362356,3419.8136223649935,0.001149731951342,96.98475005258967,97.14201720290713,0.3104656953443064,0.0003858549776143416,0.0021527280554014786,0
2025-10-12 02:20:00,97.04651545362356,97.06691939049536,96.93877152761544,96.95832260996468,3898.098195321374,-0.0009087687821314,96.97946456406468,97.1253176944578,0.2792235334496788,-0.0026313070675141326,0.001975165326383453,-1
2025-10-12 02:35:00,96.95832260996468,96.99625461721016,96.69880195347874,96.78091010259332,2771.2039275815987,-0.0018297811120868,96.93975367177042,97.09400791337922,0.2819874297971491,0.00013176346928833738,0.001992849747069939,0
2025-10-12 02:50:00,96.78091010259332,96.82047480785272,96.46027199522426,96.4868203613653,3232.824090898764,-0.0030387164257524,96.8491670096894,97.03880904501432,0.3007106568703739,0.0018549465682631272,0.0020451058296154243,1
2025-10-12 03:05:00,96.4868203613653,96.65505281420636,96.48279173629956,96.56416352682204,1240.029754903992,0.0008015930586897,96.79216631311591,96.99565945245138,0.2808259165025809,0.00010349550761468151,0.0020278765804225326,0
2025-10-12 03:20:00,96.56416352682204,96.70078244796484,96.4783649702509,96.6939276053523,3708.2535702837463,0.0013438119669957,96.7725185715632,96.96822928453328,0.2782745750024489,-5.997041482386223e-05,0.0020378719250891716,0
2025-10-12 03:35:00,96.6939276053523,96.73656268865037,96.54320151296449,96.58743689643742,3122.8567391369893,-0.0011013174410445,96.73550223653804,96.93361179470638,0.2794312931863548,0.002590468149236802,0.002041201880125521,1
2025-10-12 03:50:00,96.58743689643742,96.79332626388944,96.54150961106316,96.74570109043908,2138.572774240756,0.00163855879281,96.73754200731828,96.91652900340937,0.2579542105410652,0.00457184211691275,0.00206347852089262,1
2025-10-12 04:05:00,96.74570109043908,97.08267207710875,96.74171233258166,97.04634731635026,3592.6469437402707,0.0031075926115842,96.79930306912468,96.92833066822216,0.2455217409600517,0.0005732832382847608,0.0021361044233016995,0
2025-10-12 04:20:00,97.04634731635026,97.22592837791896,96.9793016586624,97.21297451960572,3065.3544431020064,0.0017169858306185,96.88203735922087,96.9542073819843,0.2442325275676406,-0.0013458732850579747,0.0021573666712763674,-1
2025-10-12 04:35:00,97.21297451960572,97.50189144092374,97.13304457716598,97.4985154875743,1501.9568164349257,0.0029372722044522,97.00533298489158,97.00368993703792,0.2453805136419841,-0.003016402457487022,0.0022184443101018517,-1
2025-10-12 04:50:00,97.4985154875743,97.52701910187092,97.27063478165852,97.30218848035592,6316.823501961364,-0.0020136409896763,97.06470408398444,97.03082616824864,0.2490399071775887,0.001928334583093827,0.002233399458094603,1
2025-10-12 05:05:00,97.30218848035592,97.38819801638522,96.94667731700623,96.99028295587924,2136.5554557941505,-0.003205534524433,97.04981985836342,97.0271404216696,0.2625872525602659,0.006461193597724568,0.0023017742384819923,1
2025-10-12 05:20:00,96.99028295587924,97.17687831848885,96.8996994436174,97.14643664438036,5922.323626433625,0.001609993122426,97.0691432155668,97.03798553282512,0.2704605929064335,0.004327387555213225,0.002276763173647455,1
2025-10-12 05:35:00,97.14643664438036,97.22324516686088,96.85764281950746,96.8754863518051,5334.966657165096,-0.0027890914163649,97.03041184281447,97.02321288000512,0.2801985209093161,0.0037452987729666987,0.0023275111559905694,1
2025-10-12 05:50:00,96.8754863518051,96.97853105372494,96.8160538990225,96.96647944439756,1517.6432219815013,0.0009392788208775,97.0176253631311,97.0180552949499,0.2826506131823509,0.005383529664506392,0.002309926369920369,1
2025-10-12 06:05:00,96.96647944439756,97.09441268523273,96.94681699459598,97.08396133467146,1868.7241081809764,0.0012115721942989,97.0308925574392,97.0240467531064,0.2719465436755876,0.00365659265350593,0.002321599827040364,1
2025-10-12 06:20:00,97.08396133467146,97.16659932085162,96.64729739200176,96.70319549042676,5036.342286436694,-0.0039220262441919,96.96535314403673,96.99487845649917,0.2833107662628303,0.006049744388270106,0.002419482548063047,1
2025-10-12 06:35:00,96.70319549042676,96.87663787625492,96.61282573107106,96.79366229106932,1857.3907790784551,0.0009355099403256,96.93101497344324,96.97658607782373,0.2898501282111912,0.003974648632803834,0.002344459038525637,1
2025-10-12 06:50:00,96.79366229106932,96.84623934984204,96.62075808664464,96.66579825767724,7240.035501437571,-0.0013209959243772,96.87797163029003,96.9483326396286,0.2900689700314375,0.006855552920139285,0.0022227113057561635,1
