timestamp,open,high,low,close,volume,ret_1,ema9,ema21,atr
2025-10-08 21:35:00,100.01979297948868,100.10546985079444,99.92050496211169,100.01979297948868,5051.913223780551,0.0,100.01979297948868,100.01979297948868,0.0
2025-10-08 21:40:00,100.01979297948868,100.14892123524523,99.96620532458898,100.0604794375481,4522.51619969175,0.00040678406590743954,100.02793027110057,100.02349174840317,0.0
2025-10-08 21:45:00,100.0604794375481,100.23667165452035,100.05284970719624,100.17329222608208,5441.665969512146,0.0011274460123329444,100.05700266209688,100.03710997364671,0.0
2025-10-08 21:50:00,100.17329222608208,100.23186230357076,99.96636449004666,100.02041819710018,3921.5062301913795,-0.0015260956846349094,100.04968576909755,100.0355925394152,0.0
2025-10-08 21:55:00,100.02041819710018,100.14258341057948,99.99389438019169,100.04966477317569,2333.16374795694,0.00029240605670999287,100.04968156991319,100.03687183339343,0.0
2025-10-08 22:00:00,100.04966477317569,100.21235237403383,100.03662318338672,100.15777802363881,1779.2304270904488,0.0010805958291637552,100.07130086065833,100.04786330523392,0.0
2025-10-08 22:05:00,100.15777802363881,100.1912949616656,99.89130203915394,99.96739639860773,1159.7364260335225,-0.0019008171785335204,100.05051996824821,100.04054813190426,0.0
2025-10-08 22:10:00,99.96739639860773,100.18760501923744,99.91415747064572,100.12807757967836,7583.818327452861,0.0016073358600832144,100.06603149053424,100.04850535442918,0.0
2025-10-08 22:15:00,100.12807757967836,100.1367223469509,99.9157849397383,99.98721764254111,2702.214355767387,-0.0014067975790822418,100.05026872093562,100.04293374425754,0.0
2025-10-08 22:20:00,99.98721764254111,100.03496052949174,99.96837897824011,100.01980724121094,4170.057646936636,0.0003259376492137367,100.0441764249907,100.04083133488966,0.0
2025-10-08 22:25:00,100.01980724121094,100.02154794524121,99.95513629835821,99.99513700702497,2822.432274027089,-0.00024665348660868336,100.03436854139755,100.03667730508377,0.0
2025-10-08 22:30:00,99.99513700702497,100.05634946601582,99.9303853666911,99.99773834351085,3044.927655657798,2.601462994844539e-05,100.02704250182022,100.03313739948624,0.0
2025-10-08 22:35:00,99.99773834351085,100.30781838989232,99.98756207442078,100.28762886104856,2501.9047908099114,0.002898970740137008,100.07915977366589,100.05627298690099,0.0
2025-10-08 22:40:00,100.28762886104856,100.30202407180505,100.04191587145024,100.07808186192801,2795.5334682952953,-0.0020894601009151526,100.07894419131833,100.05825561190345,0.19822274805884024
2025-10-08 22:45:00,100.07808186192801,100.08533087567909,100.04150979435671,100.04390064252193,3377.107075957326,-0.00034154550896803304,100.07193548155905,100.05695061468694,0.18814104753309988
2025-10-08 22:50:00,100.04390064252193,100.09752954096184,100.01364796113249,100.0511757086004,1298.733942402535,7.271873679193241e-05,100.06778352696733,100.05642562322453,0.18108145247403634
2025-10-08 22:55:00,100.0511757086004,100.07766206524659,99.89320674335063,99.96091233625125,1572.8382398156953,-0.0009021720305619763,100.04640928882412,100.04774259713605,0.18112669351488261
2025-10-08 23:00:00,99.96091233625125,100.14069144264622,99.88032123369157,100.09242103872853,2829.952742521836,0.001315601262570576,100.055611638805,100.05180427364445,0.18076043604563502
2025-10-08 23:05:00,100.09242103872853,100.29483856338143,100.01683086249942,100.21449997075278,3933.1341476101534,0.0012196620958644377,100.08738930519456,100.06659479156339,0.18999748393807994
2025-10-08 23:10:00,100.21449997075278,100.27656944385684,99.99498333435277,100.05019181705678,2745.453048804153,-0.0016395646712197287,100.07994980756702,100.06510361206279,0.19755869242786364
2025-10-08 23:15:00,100.05019181705678,100.07008514306622,99.99672361587668,100.0153362987384,5208.6926491742415,-0.0003483803247685824,100.0670271058013,100.06057931085148,0.1813707356191411
2025-10-08 23:20:00,100.0153362987384,100.02191770445545,99.83058203198972,99.85306132513499,2583.8185108698976,-0.0016225009044483762,100.02423394966804,100.0417140394227,0.17550560161014164
2025-10-08 23:25:00,99.85306132513499,99.88748152211909,99.72261526225147,99.78741421261257,3595.2891645945106,-0.0006574371546672619,99.97687000225696,100.01859587334906,0.17150051965692878
2025-10-08 23:30:00,99.78741421261257,100.09135694297943,99.71492541742812,100.09036746757963,2558.2003486330846,0.0030359866257438917,99.9995694953215,100.02512056373365,0.19363266067833454
2025-10-08 23:35:00,100.09036746757963,100.1352863338546,99.96621788010921,100.05083917839326,3024.4033873542894,-0.00039492600723212146,100.00982343193586,100.02745861961179,0.20096528973993344
2025-10-08 23:40:00,100.05083917839326,100.31853284961055,100.02544149637659,100.30313354946543,1627.3262587994884,0.0025216617186221146,100.06848545544177,100.05251997687121,0.21290295073345078
2025-10-08 23:45:00,100.30313354946543,100.36829300528008,100.13724285416284,100.17189733333672,2722.9971319962983,-0.0013083959741296836,100.08916783102077,100.06337246382262,0.20653108185100116
2025-10-08 23:50:00,100.17189733333672,100.25024210867599,99.41315746139257,99.427693383167,7887.891286496845,-0.007429268786766308,99.95687294145003,100.00558345649029,0.24774368520304485
2025-10-08 23:55:00,99.427693383167,99.63080114005328,99.33080157902232,99.60545026812248,4172.509626027118,0.00178780055040062,99.88658840678453,99.96920771209321,0.26604214803937204
2025-10-09 00:00:00,99.60545026812248,99.8735974505038,99.57921095073438,99.83746707533815,3123.478067715171,0.0023293585500705483,99.87676414049525,99.95723129057002,0.28107821374937664
2025-10-09 00:05:00,99.83746707533815,99.89978821331579,99.61679427316052,99.6610079062331,1586.3257679811293,-0.0017674644026365316,99.83361289364282,99.93030189199393,0.2881166864821846
2025-10-09 00:10:00,99.6610079062331,99.82482103743293,99.64784171636848,99.80520753394323,5556.745406260688,0.0014469011576303537,99.8279318217029,99.91892967762568,0.2821601944900282
2025-10-09 00:15:00,99.80520753394323,99.9880101166264,99.7209158454013,99.96189046266335,7439.481142471906,0.0015698873094054377,99.854723549895,99.9228352035382,0.28138066380024895
2025-10-09 00:20:00,99.96189046266335,100.30953299490537,99.89059198275582,100.21364162422739,3675.823233836932,0.0025184713934365277,99.92650716476149,99.94927215087358,0.29119172827492534
2025-10-09 00:25:00,100.21364162422739,100.22067835062431,100.16864366087471,100.18712823773956,5267.499028020253,-0.000264568636146878,99.97863137935711,99.97089543149777,0.2896683827435008
2025-10-09 00:30:00,100.18712823773956,100.19136786626507,100.00704117327507,100.07732080338147,2505.5060689602224,-0.001096023374355215,99.998369264162,99.98057046530538,0.2891677413523774
2025-10-09 00:35:00,100.07732080338147,100.12062736032152,99.84645972228446,99.8909895017528,3887.039282764169,-0.0018618734008152282,99.97689331168016,99.97242674134606,0.2969749826501941
2025-10-09 00:40:00,99.8909895017528,99.8997845826336,99.74906068421988,99.78260142697172,3382.737710195085,-0.0010850635810267795,99.93803493473848,99.95516989458476,0.28085300928322304
2025-10-09 00:45:00,99.78260142697172,99.79958275899747,99.68670305521613,99.72236908430288,2597.850659419584,-0.0006036357221346211,99.89490176465137,99.93400618455912,0.27683952714293475
2025-10-09 00:50:00,99.72236908430288,99.83327981465895,99.62812903676745,99.81985451825398,3406.5837055162224,0.0009775683715322891,99.87989231537189,99.92362876034956,0.2705580574756163
2025-10-09 00:55:00,99.81985451825398,99.97493027093883,99.79098567722536,99.90619026510143,4992.243947935609,0.0008649155748035042,99.8851519053178,99.92204344259973,0.2671933748039176
2025-10-09 01:00:00,99.90619026510143,99.91097640020806,99.67494168585945,99.70213781234712,2614.8440123965665,-0.0020424405355949915,99.84854908672366,99.90205202166767,0.2242612367371452
2025-10-09 01:05:00,99.70213781234712,99.73141492138647,99.42204347733094,99.493726563425,8586.942624143645,-0.002090338818154347,99.77758458206394,99.86493152546379,0.22493065695318595
2025-10-09 01:10:00,99.493726563425,99.57894383829013,99.37696797046087,99.44088772661105,1478.8806608917512,-0.0005310770702739998,99.71024521097337,99.82638208920444,0.2183298975288892
2025-10-09 01:15:00,99.44088772661105,99.68478846024937,99.35842094778266,99.67180941951742,2372.1334351089945,0.0023222006378424975,99.70255805268218,99.8123300283238,0.22142800983684907
2025-10-09 01:20:00,99.67180941951742,99.72288862900686,99.6178334604154,99.70444550941033,2371.441898584668,0.0003274355114348815,99.70293554402781,99.80252234478621,0.21629057037449279
2025-10-09 01:25:00,99.70444550941033,99.77527019367147,99.31892392834051,99.3829206063536,2479.0980408460264,-0.0032247800127066517,99.63893255649297,99.76437673220143,0.22980856995348273
2025-10-09 01:30:00,99.3829206063536,99.53837388759614,99.30842539805604,99.48948814074073,2971.4739550647046,0.0010722922383137323,99.60904367334253,99.73938686025045,0.2163091040528075
2025-10-09 01:35:00,99.48948814074073,99.80106639358156,99.48002656742577,99.73607847157186,4756.7928654233965,0.0024785566338656473,99.6344506329884,99.7390860976433,0.23552375665324984
2025-10-09 01:40:00,99.73607847157186,99.97478837990376,99.68317014889556,99.93202690458413,3825.1791163336093,0.001964669515937878,99.69396588730756,99.75662617100156,0.24318743794026432
2025-10-09 01:45:00,99.93202690458413,99.9803259129022,99.78760006675515,99.86489428601388,2371.412342553331,-0.0006717828172779772,99.72815156704883,99.76646872691177,0.23737016709097855
2025-10-09 01:50:00,99.86489428601388,99.91580794138292,99.7026966009282,99.72928629902974,1575.5232917750568,-0.0013579144899082962,99.72837851344501,99.76308850619522,0.24182641295105003
2025-10-09 01:55:00,99.72928629902974,99.76243633978532,99.46006680430642,99.54982360503983,4563.806938312292,-0.0017994984286943128,99.69266753176397,99.74370078790837,0.255361400929447
2025-10-09 02:00:00,99.54982360503983,99.97230062871208,99.54160676166892,99.9295282170339,1078.0473003532518,0.0038142168237338403,99.74003966881797,99.76059419055613,0.2714716215831367
2025-10-09 02:05:00,99.9295282170339,100.00531858116229,99.78844264744096,99.83710952419071,2604.1437262423424,-0.0009248386787383822,99.75945363989253,99.76755012997745,0.27382386015512694
2025-10-09 02:10:00,99.83710952419071,100.26015134197652,99.8021104601921,100.24907575979371,2694.1993000019374,0.00412638384230446,99.85737806387277,99.81132518723348,0.2896814435434
2025-10-09 02:15:00,100.24907575979371,100.44745576178069,100.16059037471176,100.34847164369975,3421.8656497281827,0.0009914892796039076,99.95559677983817,99.86015668327586,0.2880738680443571
2025-10-09 02:20:00,100.34847164369975,100.36919478584382,100.21382028945285,100.26046901276504,4311.184884219082,-0.0008769703164704934,100.01657122642355,99.89654871322942,0.28474519865590714
2025-10-09 02:25:00,100.26046901276504,100.55181160249509,100.1771114277319,100.48495979094496,2165.3770008081206,0.00223907568347137,100.11024893932785,99.95004062938537,0.28819753167708484
2025-10-09 02:30:00,100.48495979094496,100.57017173001363,100.33036730344723,100.39553198289042,1678.2194398761244,-0.0008899621220985754,100.16730554804036,99.99053984334037,0.2978224786752942
2025-10-09 02:35:00,100.39553198289042,100.4875191703701,100.12308088638638,100.20862064278842,6115.941535025264,-0.0018617495859661881,100.17556856698998,100.01036537056292,0.2912576228647775
2025-10-09 02:40:00,100.20862064278842,100.57483339057863,100.20239868612879,100.48810346005767,1307.9964271277966,0.0027890097226817012,100.23807554560352,100.05379610597153,0.3014352096440455
2025-10-09 02:45:00,100.48810346005767,100.49550937829707,100.30767248540654,100.39817413828902,3677.882020765911,-0.0008949250575158718,100.27009526414062,100.08510319981858,0.2919207144108122
2025-10-09 02:50:00,100.39817413828902,100.45137958441582,100.27182937673285,100.3354527424994,3860.417508124875,-0.0006247264587025958,100.28316675981239,100.1078622491532,0.2839158556018668
2025-10-09 02:55:00,100.3354527424994,100.42118272357979,100.25855596433419,100.3360711822688,1853.5435677538626,6.163721321783555e-06,100.29374764430368,100.12860851580007,0.2817659208231912
2025-10-09 03:00:00,100.3360711822688,100.4038302880694,99.9360566107406,99.98893470922152,2631.250264286599,-0.0034597375495863947,100.23278505728726,100.1159108970202,0.2999560877427691
2025-10-09 03:05:00,99.98893470922152,100.34222310209508,99.95117221460816,100.25475511901418,2074.4775767452206,0.0026584982684902947,100.23717906963265,100.12853309901965,0.3062904700290555
2025-10-09 03:10:00,100.25475511901418,100.68335414889364,100.16122986824783,100.58555930455537,2997.2221237130634,0.003299635864139283,100.3068551166172,100.17008093588653,0.31282121385781636
2025-10-09 03:15:00,100.58555930455537,100.67055557308694,100.5462932574928,100.57089951169216,2093.911627997748,-0.00014574450810400652,100.3596639956322,100.20651898823249,0.30620595542016005
2025-10-09 03:20:00,100.57089951169216,100.73183231236463,100.51590131050958,100.70713682692076,6618.331511399152,0.0013546395218704266,100.42915856188992,100.25202970084051,0.28891239256806195
2025-10-09 03:25:00,100.70713682692076,100.73132935496962,100.56669912519617,100.57924467445199,6433.593101823403,-0.0012699413020605954,100.45917578440233,100.28177651662337,0.28018130990409923
2025-10-09 03:30:00,100.57924467445199,100.60813326191577,100.16100259085754,100.2202753313294,4190.65333698572,-0.003569020072525575,100.41139569378775,100.27618549977846,0.3010210366660471
2025-10-09 03:35:00,100.2202753313294,100.61180462073712,100.1838204649498,100.52409251615957,4187.533342748396,0.003031494214376762,100.43393505826212,100.29872250126765,0.3048270353106273
2025-10-09 03:40:00,100.52409251615957,100.83081793006164,100.44556477564693,100.76405544135048,3161.506539242943,0.0023871185422772445,100.4999591348798,100.34102549582063,0.3152162301569358
2025-10-09 03:45:00,100.76405544135048,100.97635696953617,100.68919636148988,100.90350120102354,3507.122777393622,0.0013838839560624816,100.58066754810855,100.39215965083908,0.3096963961614045
2025-10-09 03:50:00,100.90350120102354,101.26474741549163,100.90154452736621,101.19238491185452,3246.602939889796,0.002862970138721499,100.70301102085774,100.46490740184048,0.3090369807096595
2025-10-09 03:55:00,101.19238491185452,101.2496012406798,100.85649749819437,100.86381905718223,7461.475887440599,-0.003246942494324001,100.73517262812264,100.50117209778064,0.3236988985378661
2025-10-09 04:00:00,100.86381905718223,100.98052870409498,100.8455633913611,100.91348906886928,2153.703822004428,0.0004924462721256351,100.77083591627198,100.5386554587887,0.3205142631843602
2025-10-09 04:05:00,100.91348906886928,101.20857052772814,100.81364636711618,101.12419900790248,2367.929154709189,0.002088025505583291,100.84150853459808,100.59188669052631,0.33710693471052927
2025-10-09 04:10:00,101.12419900790248,101.21899615134593,101.05322139435668,101.10891042005538,2711.196637718593,-0.0001511862442133971,100.89498891168954,100.63888884775622,0.31553558325770376
2025-10-09 04:15:00,101.10891042005538,101.17055169531935,100.90353426105376,100.91203773085869,5002.11634864751,-0.0019471349100568247,100.89839867552337,100.6637205644019,0.30667605088475164
2025-10-09 04:20:00,100.91203773085869,100.97988846348954,100.70603154201089,100.80399411321461,2198.7233144625875,-0.0010706712506611815,100.87951776306163,100.67647270520305,0.2889426680870975
2025-10-09 04:25:00,100.80399411321461,100.80505690584201,100.3300436758711,100.36609441197348,3219.4004944554913,-0.0043440709377976505,100.776833092844,100.64825649672764,0.3139963048282957
2025-10-09 04:30:00,100.36609441197348,100.44880046913367,100.3646091882865,100.42396273662553,1897.3412595405869,0.0005765724470110367,100.70625902160032,100.62786615490018,0.3045863247563046
2025-10-09 04:35:00,100.42396273662553,100.66848485147688,100.33499350617085,100.65004890502406,3543.0889787283377,0.0022513169390803167,100.69501699828507,100.6298827685478,0.31664783300863164
2025-10-09 04:40:00,100.65004890502406,100.66237047801974,100.37213505562032,100.44802498362107,2929.9921243045133,-0.0020071914877421992,100.64561859535227,100.61335024264537,0.3054410295330022
2025-10-09 04:45:00,100.44802498362107,100.55679329105908,100.39031822601277,100.55430084558219,3955.3901416749577,0.0010580184327013686,100.62735504539826,100.60798211563962,0.28676180876578783
2025-10-09 04:50:00,100.55430084558219,100.61760491392555,100.50052566757557,100.61560161003902,3525.7475951898277,0.0006096284688108522,100.62500435832642,100.60867479694865,0.26760652961830644
2025-10-09 04:55:00,100.61560161003902,100.6271647534246,100.27121156553021,100.35107734167279,2157.9193095275104,-0.002629058159304809,100.5702189549957,100.58525684646902,0.2725202853217417
2025-10-09 05:00:00,100.35107734167279,100.39555662923063,100.16237961523986,100.23312126730197,3605.8929258391504,-0.0011754340610535818,100.50279941745696,100.55324452109019,0.26323272288355276
2025-10-09 05:05:00,100.23312126730197,100.24637202399748,100.1482259911062,100.19051744868428,3473.086395054588,-0.0004250473105000818,100.44034302370243,100.52026933268965,0.24216431505539962
2025-10-09 05:10:00,100.19051744868428,100.20732391550051,100.03781601036562,100.09130739263405,3405.5123386426135,-0.000990214029995773,100.37053589748875,100.48127279268459,0.2446316430840432
2025-10-09 05:15:00,100.09130739263405,100.34234355380106,100.01275450727104,100.31738803181062,1757.420577493829,0.0022587439915207064,100.35990632435313,100.46637417805968,0.23996484922104702
2025-10-09 05:20:00,100.31738803181062,100.3403222125186,100.09619055647111,100.19528836400826,5895.764147599136,-0.001217133641514323,100.32698273228416,100.44173001314591,0.24556177058234954
2025-10-09 05:25:00,100.19528836400826,100.23623919082121,99.90567859768865,100.00458888645412,1825.386271631731,-0.0019032778952772222,100.26250396311816,100.40198991071938,0.2501005676442765
2025-10-09 05:30:00,100.00458888645412,100.05379999028123,99.40991621465675,99.41345047320117,1878.3012176627196,-0.005911112878271285,100.09269326513477,100.31212268912681,0.2765310572261218
2025-10-09 05:35:00,99.41345047320117,99.669708727426,99.34629897857505,99.60999370528344,3219.3066042216647,0.001977028572559769,99.99615335316452,100.24829278150469,0.26570223714612445
2025-10-09 05:40:00,99.60999370528344,99.70800429115698,99.6070534933417,99.63787637104772,5981.458113461209,0.00027991835685470257,99.92449795674116,100.19280038055405,0.26689934550098926
2025-10-09 05:45:00,99.63787637104772,99.75694970449506,99.57816513062056,99.71685977879436,1374.4594159997473,0.0007927046483056088,99.8829703211518,100.14953305312135,0.2558488618273082
2025-10-09 05:50:00,99.71685977879436,99.71734875068563,99.51353684351673,99.52436347508656,2637.0811967236555,-0.0019304288576156292,99.81124895193877,100.09269945511818,0.24967575359655672
2025-10-09 05:55:00,99.52436347508656,99.57774477939546,99.4254366057018,99.48192475252995,3925.537218056067,-0.00042641541301824404,99.74538411205701,100.0371744821556,0.24866383278565252
2025-10-09 06:00:00,99.48192475252995,99.80702877672005,99.4197390224342,99.74152886152861,1652.9987989751921,0.0026095605774059116,99.74461306195134,100.01029760755316,0.2679645833525005
2025-10-09 06:05:00,99.74152886152861,99.74460626050164,99.64668208382544,99.71712749503935,4361.579961573341,-0.0002446460042048182,99.73911594856895,99.9836457791428,0.24953393969405877
2025-10-09 06:10:00,99.71712749503935,99.79644520719933,99.64170336821483,99.76142678088914,1584.6340966826426,0.0004442495182384043,99.74357811503299,99.96344405202883,0.2439314271936104
2025-10-09 06:15:00,99.76142678088914,99.793210938025,99.6488608146834,99.6917763469311,1988.8825150305186,-0.0006981699861912105,99.73321776141262,99.93874698792904,0.24723171936863306
2025-10-09 06:20:00,99.6917763469311,99.77474952128402,99.64907986797199,99.6881017120788,2257.833290235273,-3.685995963709221e-05,99.72419455154586,99.91596105376084,0.24410041566700005
2025-10-09 06:25:00,99.6881017120788,99.8780587651601,99.5920358769308,99.85316321576666,4052.1637324626586,0.0016557793844302893,99.74998828439003,99.91025215939773,0.2409885472169496
2025-10-09 06:30:00,99.85316321576666,99.95884182745839,99.81812740555296,99.95372089268166,1465.1776062853946,0.0010070554970573742,99.79073480604836,99.91420386242353,0.2336016019210884
2025-10-09 06:35:00,99.95372089268166,100.15970690401892,99.88737355736161,100.07172734552992,2250.153994488771,0.001180610904670143,99.84693331394467,99.92852417906957,0.2294425128871416
2025-10-09 06:40:00,100.07172734552992,100.1519409699744,100.03795828575184,100.06077941348327,1929.337519617844,-0.00010940085014066181,99.8897025338524,99.94054738219809,0.19159243492986125
2025-10-09 06:45:00,100.06077941348327,100.1323863046151,99.82862997787618,99.92602905107688,2765.2313378826216,-0.0013466851167485139,99.8969678372973,99.93922753391435,0.19018861906471635
2025-10-09 06:50:00,99.92602905107688,99.98259467171421,99.8049894662642,99.85564236081117,3333.4393838777273,-0.0007043879451041901,99.88870274200008,99.93162888181406,0.19566393389576778
2025-10-09 06:55:00,99.85564236081117,99.9366079430408,99.4457232550999,99.48895867618512,1657.6152957315073,-0.003672137857779756,99.80875392883709,99.8913861358478,0.21795679918622465
2025-10-09 07:00:00,99.48895867618512,99.61489795452151,99.40023554981762,99.54126964093729,1032.0961092452546,0.0005257966858656093,99.75525707125713,99.8595573635832,0.21873183472443816
2025-10-09 07:05:00,99.54126964093729,99.58700500305372,99.51544899356,99.5214581283273,2975.114012696891,-0.0001990281285486617,99.70849728267117,99.82882106946903,0.2129638229958713
2025-10-09 07:10:00,99.5214581283273,99.58986636057334,99.26527807669238,99.31386577653257,953.9357553427916,-0.0020859054489239526,99.62957098144346,99.78200695192935,0.20848514653837924
2025-10-09 07:15:00,99.31386577653257,99.43264695464651,99.27304640727415,99.372206528228,3622.354658313211,0.0005874381310129184,99.57809809080038,99.7447523679565,0.2128906015881051
2025-10-09 07:20:00,99.372206528228,99.38657397957832,99.30366313093188,99.30482678118855,4014.8452676406255,-0.0006780542507155429,99.52344382887803,99.70475913279577,0.20775981656395817
2025-10-09 07:25:00,99.30482678118855,99.73899440397668,99.2258032551356,99.6560973354054,2434.417121593984,0.0035372958757668993,99.5499745301835,99.70033533303301,0.23410560409963516
2025-10-09 07:30:00,99.6560973354054,99.74980065085072,99.33022575995535,99.39321417679669,3655.3703293301555,-0.0026379034061905227,99.51862245950615,99.67241522792061,0.25509883535558736
2025-10-09 07:35:00,99.39321417679669,99.55191002085644,99.29802333982464,99.4755948423847,4154.164956258153,0.0008288359147081703,99.51001693608187,99.65452246559916,0.25280339198433666
2025-10-09 07:40:00,99.4755948423847,99.73470538454067,99.41933095123643,99.65600159960107,4417.072255493576,0.001813578069095545,99.53921386878571,99.6546569323266,0.2652791070842519
2025-10-09 07:45:00,99.65600159960107,99.92175053067807,99.6170903785691,99.89662549673464,3866.095390118004,0.002414544967400456,99.6106961943755,99.67665407454551,0.26758816461651336
2025-10-09 07:50:00,99.89662549673464,100.25812080082085,99.84310601975122,100.22039581063753,1605.044559959236,0.0032410535620490677,99.73263611762792,99.72608514146296,0.2890904572484467
2025-10-09 07:55:00,100.22039581063753,100.60620231295101,100.15538279870763,100.6009945527934,2367.5762835003384,0.0037976176313949672,99.90630780466103,99.80562236067482,0.2995949706416222
2025-10-09 08:00:00,100.6009945527934,100.68578392460861,100.22035913002655,100.29092965770914,2105.0972345269097,-0.0030821255442116113,99.98323217527066,99.84974120585976,0.3201535127224834
2025-10-09 08:05:00,100.29092965770914,100.37982193624046,100.12866055650588,100.1709977092326,4713.332386344823,-0.0011958404302948589,100.02078528206304,99.87894634253001,0.3030304192791756
2025-10-09 08:10:00,100.1709977092326,100.1912724310892,100.11644858930315,100.18276794756112,6966.576019929979,0.00011750145848288263,100.05318181516266,99.90656648844192,0.2930419504993306
2025-10-09 08:15:00,100.18276794756112,100.44664680792246,100.1666027642285,100.4078831797031,4502.480742857049,0.002247045442583806,100.12412208807075,99.95214073310203,0.3079339529422051
2025-10-09 08:20:00,100.4078831797031,101.07759941942729,100.36218395457367,101.00574468310444,1948.3103711281613,0.00595432833028986,100.30044660707749,100.04792291037496,0.33585018015453827
2025-10-09 08:25:00,101.00574468310444,101.03290778215721,100.80282545539204,100.82719993981526,5084.462676733518,-0.0017676691939586542,100.40579727362505,100.11876627668772,0.34088459296831025
2025-10-09 08:30:00,100.82719993981526,100.92195423976464,100.25156098795856,100.29773528758794,1392.3227335061742,-0.005251208528485929,100.38418487641763,100.13503618676955,0.3828476217654284
2025-10-09 08:35:00,100.29773528758794,100.53984135730398,100.19995408387828,100.53126941792232,2920.254591863279,0.002328408808681015,100.41360178471858,100.17105738960161,0.37046877352147334
2025-10-09 08:40:00,100.53126941792232,100.66937645043566,100.52387856312679,100.64476676705219,5866.190643653707,0.0011289755892571751,100.45983478118531,100.21412187846076,0.3508918446938673
2025-10-09 08:45:00,100.64476676705219,101.13998599651292,100.56861905581013,101.06940012265235,1595.0525856992178,0.004219130007852234,100.58174784947872,100.29187444611453,0.3735690060989378
2025-10-09 08:50:00,101.06940012265235,101.07877439730788,101.01875599829228,101.04666578437399,1331.1758957255677,-0.00022493789664113084,100.67473143645778,100.36049184050175,0.3553292893640351
2025-10-09 08:55:00,101.04666578437399,101.07491105942307,100.99982968595539,101.04284915338427,1876.9587964467055,-3.777097403556695e-05,100.74835497984309,100.42252432349107,0.338930805175372
2025-10-09 09:00:00,101.04284915338427,101.09505456836033,101.03757546146993,101.07452544761107,4652.661841480367,0.0003134936761206575,100.81358907339668,100.48179715295653,0.31339254273399825
2025-10-09 09:05:00,101.07452544761107,101.07963088177326,100.78405871782351,100.86253728822695,2956.514894622127,-0.0020973450871555332,100.82337871636274,100.51640989252657,0.3023034462844529
2025-10-09 09:10:00,100.86253728822695,100.94719158203698,100.75309985321506,100.79646520174883,1543.9018553815856,-0.0006550706362790093,100.81799601343997,100.54186946609222,0.28292251301587107
2025-10-09 09:15:00,100.79646520174883,100.84567517623219,100.37777144775075,100.38646170333858,5097.249435680025,-0.004067637665563062,100.7316891514197,100.52774148766007,0.29840410935493267
2025-10-09 09:20:00,100.38646170333858,100.45924103635927,100.35581258061826,100.42335177282507,2118.9683132065556,0.0003674805233748746,100.67002167570078,100.51825151358416,0.3004472960660008
2025-10-09 09:25:00,100.42335177282507,100.64672963510982,100.41332070559123,100.58285812075083,5880.297924502909,0.0015883392170237265,100.6525889647108,100.5241248415084,0.29711621648204556
2025-10-09 09:30:00,100.58285812075083,100.65105002799359,100.56880343302703,100.61978275445631,7667.322306688038,0.0003671066262718181,100.64602772265991,100.53282101541275,0.25188986863296997
2025-10-09 09:35:00,100.61978275445631,100.76799393002348,100.55191376920318,100.70703665693163,1567.0315921576932,0.0008671644887989771,100.65822950951426,100.54865880100537,0.2508897139226219
2025-10-09 09:40:00,100.70703665693163,100.71757004559267,100.5917192582895,100.64927298782797,5731.886800001583,-0.0005735812612622793,100.65643820517701,100.55780554526197,0.2119938236009844
2025-10-09 09:45:00,100.64927298782797,100.6835266357267,100.42594985426612,100.45113046638257,1941.8461674281632,-0.0019686433449883634,100.61537665741812,100.54810781081838,0.20611450274633217
2025-10-09 09:50:00,100.45113046638257,100.54772335595415,100.44558839790731,100.51928312873058,968.9584161562286,0.0006784658572938085,100.59615795168062,100.54548738517403,0.20301715065618606
2025-10-09 09:55:00,100.51928312873058,100.5367702487811,100.36740222609914,100.37530286798642,3633.5123573006786,-0.0014323645798365314,100.5519869349418,100.53001606542969,0.17430294222612627
2025-10-09 10:00:00,100.37530286798642,100.4621956208203,100.33333350712674,100.35493948871334,3206.369030223078,-0.00020287240676986062,100.51257744569611,100.51410001300093,0.17922035041740866
2025-10-09 10:05:00,100.35493948871334,100.45960596623924,100.3047926353996,100.38101502145213,10248.237713917477,0.00025983307719212867,100.48626496084732,100.50200137740558,0.18491549022969167
2025-10-09 10:10:00,100.38101502145213,100.43372761401251,100.35102914062286,100.42942471729359,2326.2741931726205,0.00048225947736346697,100.47489691213659,100.49540349921358,0.1867168735510672
2025-10-09 10:15:00,100.42942471729359,100.49922856184807,100.14215367364429,100.16568860988014,1335.9875559108075,-0.00262608402025466,100.41305525168531,100.46542941836508,0.19110992528349868
2025-10-09 10:20:00,100.16568860988014,100.35497564420922,100.13247735591047,100.31199509446729,5452.622387919618,0.0014606447239331466,100.39284322024172,100.45148084346528,0.19313896524612975
2025-10-09 10:25:00,100.31199509446729,100.32637515067456,100.24042990815225,100.26969968426158,2032.3736727585142,-0.0004216386102766645,100.3682145130457,100.43495528353766,0.16585621624904892
2025-10-09 10:30:00,100.26969968426158,100.31177393560505,100.17403607556393,100.2792686990319,3979.163014823856,9.543276583512394e-05,100.35042535024294,100.4208019576735,0.1683068879847706
2025-10-09 10:35:00,100.2792686990319,100.38473351552389,100.21874890751249,100.37390613725128,2058.0045572259028,0.0009437388150825843,100.35512150764463,100.41653870127148,0.16349086501997132
2025-10-09 10:40:00,100.37390613725128,100.42127687212452,100.31295533254504,100.34151011128051,2099.897813292668,-0.00032275346469501365,100.35239922837181,100.4097179203632,0.16535336106375098
2025-10-09 10:45:00,100.34151011128051,100.48637308278651,100.25394108407879,100.40623252606898,3322.167865905188,0.0006450213348063727,100.36316588791125,100.40940106633646,0.1665213494842815
2025-10-09 10:50:00,100.40623252606898,100.44627425370966,100.31218217027147,100.40207317395749,4098.619179599315,-4.142523832284528e-05,100.3709473451205,100.408734894302,0.1671100134939262
2025-10-09 10:55:00,100.40207317395749,100.66377226757083,100.30555410374366,100.58436695100252,4636.384718633834,0.001815637578809648,100.4136312662969,100.42470144491114,0.17429868366296933
2025-10-09 11:00:00,100.58436695100252,100.69194029913386,100.55606900897193,100.60423335902911,4396.662263664833,0.00019750989769873328,100.45175168484334,100.44102252801277,0.17670842167119055
2025-10-09 11:05:00,100.60423335902911,100.76531427019029,100.54284239369261,100.75821858862363,2386.8481139729793,0.0015306038767275432,100.51304506559941,100.46985853352284,0.18050155408659968
2025-10-09 11:10:00,100.75821858862363,100.82644873964998,100.5347684403507,100.54508816904091,7890.7309991660295,-0.0021152658569014715,100.51945368628772,100.47669759129721,0.1921314244870079
2025-10-09 11:15:00,100.54508816904091,100.55987927096744,100.39543912585593,100.42608041681942,5698.431455569285,-0.0011836257184578702,100.50077903239406,100.47209602998105,0.19281905407785566
2025-10-09 11:20:00,100.42608041681942,100.46560779721477,100.14172484376046,100.23313963844151,4047.031990889763,-0.0019212218337816278,100.44725115360356,100.45037272165926,0.21004651693961712
2025-10-09 11:25:00,100.23313963844151,100.30409606308012,100.15832992184838,100.17656995805702,2310.7560046577455,-0.0005643810080034894,100.39311491449426,100.42548156133178,0.19495303501304306
2025-10-09 11:30:00,100.17656995805702,100.27082698128545,100.08964773693909,100.14716201194017,5892.022254544691,-0.0002935611204212263,100.34392433398345,100.40017978411436,0.19200167473072988
2025-10-09 11:35:00,100.14716201194017,100.24472377160684,99.81541671078388,99.83404756253739,5511.647273189714,-0.0031265434098416423,100.24194897969424,100.34871321851645,0.21652751889506203
2025-10-09 11:40:00,99.83404756253739,99.85174781496211,99.71841714751321,99.79357773367062,2598.2527011836023,-0.0004053710117425391,100.15227473048952,100.29824635625774,0.21621271942418982
2025-10-09 11:45:00,99.79357773367062,99.81678243528472,99.73520412803906,99.79170141476212,2137.152162299849,-1.8802000600781632e-05,100.08016006734405,100.25219681612177,0.210183697940923
2025-10-09 11:50:00,99.79170141476212,99.81669787139664,99.52429202984696,99.60941359369934,2316.0049446522708,-0.0018266831658189098,99.98601077261512,100.19376197771973,0.2233325766530803
2025-10-09 11:55:00,99.60941359369934,99.78019076376866,99.57483237194992,99.72099662327328,2567.3893867661973,0.0011202056667964921,99.93300794274676,100.15078330913369,0.22139874758958097
2025-10-09 12:00:00,99.72099662327328,99.8009505325081,99.61253095645841,99.66968051399787,2522.099290057641,-0.0005145968353010844,99.88034245699698,100.10704669139406,0.2252792827761161
2025-10-09 12:05:00,99.66968051399787,99.7325707771583,99.3724160599534,99.40591094686022,3412.5749654044985,-0.0026464373696934995,99.78545615496964,100.04330707825461,0.22541760801738267
2025-10-09 12:10:00,99.40591094686022,99.66250813787558,99.33329894966798,99.64198045394764,2569.361444941699,0.0023748035186119676,99.75676101476525,100.00682283968125,0.23922745787778762
2025-10-09 12:15:00,99.64198045394764,99.67542476300818,99.49843674506312,99.57602148447069,2428.184334252706,-0.0006619596396665317,99.72061310870635,99.96765908011665,0.23597861083831514
2025-10-09 12:20:00,99.57602148447069,99.85180055240095,99.52094028818286,99.80703240043361,732.9433807399852,0.0023199452289721645,99.73789696705181,99.95305665469091,0.23877717976108773
2025-10-09 12:25:00,99.80703240043361,100.08985816372953,99.78312821336084,100.06416945089676,4786.729960754968,0.002576342009964705,99.80315146382081,99.96315781798235,0.2489407372794576
2025-10-09 12:30:00,100.06416945089676,100.42433016249196,100.02204526342754,100.401940028453,1039.8971774045683,0.003375539710265496,99.92290917674725,100.00304710984331,0.2545408762516073
2025-10-09 12:35:00,100.401940028453,100.81474070622991,100.39225424513525,100.75019666023006,1979.0986196742256,0.0034686245273585214,100.08836667344382,100.0709697962421,0.2743066133846729
2025-10-09 12:40:00,100.75019666023006,100.92454989927428,100.72885605164655,100.84764336683607,2741.4056463319384,0.0009672110808343071,100.24022201212227,100.14157648447791,0.27534337076191356
2025-10-09 12:45:00,100.84764336683607,100.9276245787226,100.74966842980504,100.86436991782266,1584.973219531136,0.00016585961186765807,100.36505159326235,100.20728497841834,0.2573897341972418
2025-10-09 12:50:00,100.86436991782266,100.93826529649864,100.65544232342154,100.75305906018268,6802.326195293207,-0.0011035696523030714,100.44265308664642,100.25690080403328,0.26806775602782756
2025-10-09 12:55:00,100.75305906018268,100.84873247827713,100.5062015798468,100.55416340240717,3907.759460663694,-0.001974090510310944,100.46495514979857,100.28392467661273,0.28670722682673194
2025-10-09 13:00:00,100.55416340240717,100.55868630821331,100.33912210639139,100.43433630477925,1804.0482332101956,-0.0011916671928180467,100.4588313807947,100.2975984609915,0.2815042525604637
2025-10-09 13:05:00,100.43433630477925,100.44806257224427,100.26397307817503,100.33330009488294,6923.104604323892,-0.0010059927074113073,100.43372512361236,100.30084406407254,0.279985045578357
2025-10-09 13:10:00,100.33330009488294,100.3819384817708,100.27623976913848,100.34275587851835,1937.4080135497688,9.42437219393355e-05,100.41553127459356,100.30465422902215,0.2740764124771167
2025-10-09 13:15:00,100.34275587851835,100.43968310197866,100.17160490212088,100.18374043647893,1801.4526619609946,-0.0015847226902152567,100.36917310697063,100.29366206606367,0.2674995183808936
2025-10-09 13:20:00,100.18374043647893,100.34912439800911,100.15906522805379,100.27186443197142,1227.2238307789487,0.0008796237304433685,100.3497113719708,100.29168046296438,0.25756023136287354
2025-10-09 13:25:00,100.27186443197142,100.42712711961107,100.2607067632721,100.3972597875191,7135.920251699131,0.0012505537446423354,100.35922105508047,100.30127858337845,0.25680539839101
2025-10-09 13:30:00,100.3972597875191,100.4199443867274,100.34485256532743,100.37196079524576,4218.888877985877,-0.00025198887227495526,100.36176900311354,100.30770423900275,0.23853622390400123
2025-10-09 13:35:00,100.37196079524576,100.43155885712267,99.90950540997093,100.00018058544933,3715.592453098813,-0.003704024578685239,100.2894513195807,100.27974754322516,0.2539164736742186
2025-10-09 13:40:00,100.00018058544933,100.08771831581817,99.89556951432647,99.93475767236959,826.8138701889654,-0.0006542279493569891,100.21851259013849,100.24838482769283,0.23890675241902468
2025-10-09 13:45:00,99.93475767236959,100.02638212080488,99.6799751505996,99.76787571371274,2197.486982375604,-0.0016699090741176814,100.12838521485335,100.20470218096736,0.23347250306978293
2025-10-09 13:50:00,99.76787571371274,99.98577433375466,99.67443070911843,99.9594636585914,2304.253785621585,0.0019203370173825896,100.09460090360096,100.18240776984227,0.2417332014275329
2025-10-09 13:55:00,99.9594636585914,99.97062430020796,99.65686254631414,99.66587815587498,3637.1382444089127,-0.002937045597995236,100.00885635405577,100.13545053220888,0.25143360178297974
2025-10-09 14:00:00,99.66587815587498,99.73532340976156,99.53312628868588,99.61095318741683,6026.805237623302,-0.0005510909999935087,99.92927572072799,100.0877689554096,0.245674612354307
2025-10-09 14:05:00,99.61095318741683,99.68449553804564,99.52505290225902,99.58165416003492,2455.9270265233413,-0.00029413459508598194,99.85975140858937,100.04175851946644,0.2325968793083279
2025-10-09 14:10:00,99.58165416003492,100.07347199616845,99.49627959458996,99.97722339936334,3074.47862732184,0.003972310388545175,99.88324580674417,100.03589169036616,0.25814175071951084
2025-10-09 14:15:00,99.97722339936334,100.17371558654024,99.94433708636976,100.16175598271235,1810.535857150689,0.0018457462317380546,99.93894784193782,100.04733389876127,0.26137667972674244
2025-10-09 14:20:00,100.16175598271235,100.2833470040026,100.11195033514502,100.22893580307874,5139.143010959073,0.0006707132847989516,99.99694543416601,100.06384316279012,0.26606939088568893
2025-10-09 14:25:00,100.22893580307874,100.24307761207515,100.03800970192998,100.08207101013727,3495.699083705642,-0.0014652933483202402,100.01397054936027,100.06550023982167,0.2615686559062169
2025-10-09 14:30:00,100.08207101013727,100.11696168104628,99.59756005081981,99.62368920621508,5343.260068254233,-0.004580059138422188,99.93591428073124,100.02533560040288,0.28509311735415616
2025-10-09 14:35:00,99.62368920621508,99.72168467684446,99.58872620355059,99.60242732009038,2775.7915944185866,-0.00021342199123619565,99.86921688860308,99.98688939310175,0.2827029828509343
2025-10-09 14:40:00,99.60242732009038,99.65774568231807,99.31222994471548,99.32158032426554,1364.2839514517254,-0.002819680236529676,99.75968957573558,99.92640675048027,0.30201897686540696
2025-10-09 14:45:00,99.32158032426554,99.81064255961988,99.30459904307182,99.75979063333801,2010.208277726166,0.004412035205660247,99.75970978725607,99.91125983074006,0.300875410393716
2025-10-09 14:50:00,99.75979063333801,100.00304004056376,99.74546815293628,99.91042405189505,11536.778752221942,0.0015099612539353213,99.78985264018387,99.91118385084506,0.3055484879748432
2025-10-09 14:55:00,99.91042405189505,99.95863671783673,99.78942861840498,99.84007241268677,7041.1605591480275,-0.0007041471385582643,99.79989659468445,99.90471917464885,0.2928914257767334
2025-10-09 15:00:00,99.84007241268677,99.8948555876406,99.7020225043521,99.70910183930532,3152.4789543048923,-0.0013118036697737923,99.78173764360864,99.8869357805267,0.2844263871090383
2025-10-09 15:05:00,99.70910183930532,99.78170532845706,99.54537434928642,99.56488558866111,8351.541350134032,-0.001446369970081851,99.73836723261914,99.8576584903571,0.27889561748595476
2025-10-09 15:10:00,99.56488558866111,99.59579463682772,99.56336759340797,99.56435885679646,3129.2034122921486,-5.290337668162337e-06,99.70356555745461,99.83099488730613,0.26676918336767336
2025-10-09 15:15:00,99.56435885679646,99.62375215821872,99.49928892560571,99.55498653324163,3378.466841078477,-9.413331901542143e-05,99.67384975261201,99.8059032187548,0.26427065456955845
2025-10-09 15:20:00,99.55498653324163,99.79821168193465,99.51425586699068,99.74541265884157,2997.0268168077964,0.0019127733550177162,99.68816233385793,99.80040407694452,0.24332518409566412
2025-10-09 15:25:00,99.74541265884157,99.7587653604042,99.3078207135563,99.3225860354126,7524.875981137386,-0.004239058340208213,99.61504707416887,99.75696607316888,0.2591513374297654
2025-10-09 15:30:00,99.3225860354126,99.55136600391715,99.24393915089708,99.48009045152018,3656.4991231650874,0.0015857865002772975,99.58805574963914,99.73179556210991,0.2688677791556588
2025-10-09 15:35:00,99.48009045152018,99.62451298562662,99.4147768401363,99.60423918590521,2434.383697912518,0.0012479756886181192,99.59129243689236,99.72019952790947,0.2692012245374552
2025-10-09 15:40:00,99.60423918590521,99.61275449158221,99.403839021968,99.45437342598217,4671.7903299131885,-0.0015046122649793325,99.56390863471033,99.69603351864335,0.24702364163657972
2025-10-09 15:45:00,99.45437342598217,99.54584750825163,99.41708354890257,99.4490391043265,3952.503127631135,-5.363586810624987e-05,99.54093472863357,99.67357948097818,0.24672403349766472
2025-10-09 15:50:00,99.4490391043265,99.70403876463682,99.43983577166122,99.69706898230875,1032.4431434182702,0.002494039964750616,99.57216157936861,99.67571489019004,0.24091598031002295
2025-10-09 15:55:00,99.69706898230875,100.03240405998858,99.62022713171584,99.99096808060162,2819.5234590696537,0.0029479211504706004,99.65592287961522,99.70437427113654,0.23421122400464306
2025-10-09 16:00:00,99.99096808060162,100.01970854762526,99.68555231619129,99.73941574984045,1220.7823008217547,-0.0025157505281716563,99.67262145366027,99.70755986010963,0.23968153427653505
2025-10-09 16:05:00,99.73941574984045,99.79401960568156,99.71956792327222,99.72391074048676,4195.230772983572,-0.00015545518526571822,99.68287931102557,99.70904630378027,0.23291321877493434
2025-10-09 16:10:00,99.72391074048676,100.00947539398335,99.68307739824168,99.95259406665899,4915.61845172111,0.002293164442450868,99.73682226215226,99.73118700949651,0.24245356966444628
2025-10-09 16:15:00,99.95259406665899,100.04129959662782,99.5081556593464,99.56107926514728,2844.635048004215,-0.003917004907852628,99.70167366275128,99.71572266910113,0.26365449524378753
2025-10-09 16:20:00,99.56107926514728,99.6083614291205,99.25930963519771,99.31034347399162,3508.5817377513786,-0.0025184117428851405,99.62340762499934,99.67887001500026,0.28627054885114844
2025-10-09 16:25:00,99.31034347399162,99.35849451578838,99.23512750070175,99.26796163080044,4800.828560213791,-0.00042676162128352235,99.55231842615957,99.64151470734572,0.28619224759926404
2025-10-09 16:30:00,99.26796163080044,99.28372027631539,99.13397103692056,99.1437417588463,4073.7407150444974,-0.0012513591486459363,99.47060309269693,99.5962626211185,0.2766060636314691
2025-10-09 16:35:00,99.1437417588463,99.25339254947654,99.11304310620162,99.21899672240896,4633.971690753521,0.0007590490557205509,99.42028181863935,99.56196572123581,0.25442069194768535
2025-10-09 16:40:00,99.21899672240896,99.57156157280411,99.2109422433455,99.5229542878755,4973.094049448587,0.003063501703377991,99.44081631248659,99.55841922729395,0.2582201545504382
2025-10-09 16:45:00,99.5229542878755,99.6071199100136,99.42717537224387,99.56759008321382,2928.8127956344492,0.00044849749143494044,99.46617106663204,99.55925294146849,0.2560921825703955
2025-10-09 16:50:00,99.56759008321382,99.59982174067537,99.36878529005438,99.46517263127998,2135.3219606287257,-0.0010286223845353826,99.46597137956164,99.5507001859968,0.2576722526423083
2025-10-09 16:55:00,99.46517263127998,99.58468975723629,99.37123643821937,99.56348558551412,4307.624868493466,0.0009884158608821636,99.48547422075214,99.55186249504384,0.2637214926185842
2025-10-09 17:00:00,99.56348558551412,99.59679387040443,99.33216055418004,99.42465313370555,2337.317079031816,-0.0013944113245144552,99.47331000334283,99.54029800764944,0.26375222999349796
2025-10-09 17:05:00,99.42465313370555,99.47404454646747,99.27848132623213,99.36192390273068,4305.898146943867,-0.0006309223014387966,99.45103278322041,99.52408217992955,0.24827982227654083
2025-10-09 17:10:00,99.36192390273068,99.58783546200029,99.33201454693199,99.51826246688378,2403.590000269788,0.001573425292229036,99.46447871995309,99.5235531151072,0.24268444253613605
2025-10-09 17:15:00,99.51826246688378,99.61975582827623,99.45029223790056,99.58689087224691,3300.067590258466,0.0006896061452636992,99.48896115041187,99.529311093029,0.2494710073908745
2025-10-09 17:20:00,99.58689087224691,99.87914502453621,99.58046279244135,99.81248874465005,3396.7363474959816,0.002265337038110271,99.55366666925951,99.55505451590363,0.24749130998753088
2025-10-09 17:25:00,99.81248874465005,99.85465905900877,99.30132553467266,99.39847809683012,2587.3079265858873,-0.004147884227985732,99.52262895477364,99.54082029598786,0.24893342334858
2025-10-09 17:30:00,99.39847809683012,99.68856907089773,99.34750956887409,99.65000332094431,6312.569379860948,0.0025304735940641088,99.54810382800778,99.55074602552935,0.2483625453557831
2025-10-09 17:35:00,99.65000332094431,99.99284521392073,99.59646682045363,99.89654604017181,1763.7507922971215,0.002474086412555865,99.6177922704406,99.58218239049684,0.2678633580972455
2025-10-09 17:40:00,99.89654604017181,100.02175129495596,99.8454805578208,100.00098322684666,2348.303627953375,0.0010454534297197338,99.69443046172182,99.62025519380137,0.2697577507929826
2025-10-09 17:45:00,100.00098322684666,100.00745332128575,99.67687165364072,99.75249215641335,2381.045037876795,-0.002484886272264064,99.70604280066013,99.632276735857,0.28334576681941875
2025-10-09 17:50:00,99.75249215641335,100.2779974717045,99.66442388395772,100.18046509795737,2417.1926466275886,0.004290348364158536,99.80092726011958,99.68211204150249,0.3014139281257156
2025-10-09 17:55:00,100.18046509795737,100.35625315845103,100.166244510677,100.33636476937338,2543.5257345758496,0.0015561883373527152,99.90801476197035,99.74158956221802,0.3021327931260223
2025-10-09 18:00:00,100.33636476937338,100.40240693359037,100.09966372298032,100.17547398675266,1242.3926390367399,-0.0016035141694691335,99.96150660692682,99.78103360081208,0.307254704553812
2025-10-09 18:05:00,100.17547398675266,100.58861283130936,100.08570256746694,100.48921865618708,4120.534886532765,0.003131950935175043,100.06704901677888,99.84541406039162,0.32793020061277645
2025-10-09 18:10:00,100.48921865618708,100.50011713672465,100.27232126621159,100.3598163242481,2606.686197117492,-0.0012877235356134609,100.12560247827273,99.89217790256039,0.32529895449053875
2025-10-09 18:15:00,100.3598163242481,100.38811537846314,100.09718877392706,100.18829534353608,1686.4063785626704,-0.0017090603290649264,100.1381410513254,99.91909766992181,0.33211062479773445
2025-10-09 18:20:00,100.18829534353608,100.51927293687322,100.15468844755175,100.42235204790066,4841.95964441286,0.002336168147806239,100.19498325064046,99.96484806791989,0.33987945153010407
2025-10-09 18:25:00,100.42235204790066,100.58658365446372,100.36349519818964,100.51104670826176,1971.6184066467802,0.0008832163213901012,100.25819594216473,100.01450248976914,0.34370979909427646
2025-10-09 18:30:00,100.51104670826176,100.51446494016437,100.13725990656089,100.15124367404762,3838.112919204542,-0.003579736218034646,100.23680548854132,100.02693350652173,0.3493185706306069
2025-10-09 18:35:00,100.15124367404762,100.73629187919354,100.05662576441054,100.66394303645829,1959.014996929256,0.005119251080688558,100.32223299812472,100.08484346378869,0.3583423270910992
2025-10-09 18:40:00,100.66394303645829,100.87822415066063,100.6529518085213,100.78772209171885,3839.1973931288176,0.0012296265328661793,100.41533081684355,100.14874152087324,0.35007181567079165
2025-10-09 18:45:00,100.78772209171885,101.21262693160244,100.75349097211108,101.12536242783172,3933.314117934813,0.003350014556392278,100.5573371390412,100.23752523968764,0.3545544989582388
2025-10-09 18:50:00,101.12536242783172,101.1864402656747,101.12413341358862,101.15837740172758,1626.1105707617348,0.0003264757040493116,100.67754519157847,100.32123907260036,0.3464142214547335
2025-10-09 18:55:00,101.15837740172758,101.36253895127508,101.06345514299402,101.27065258122958,1828.215092191667,0.0011098950219035064,100.79616666950871,100.40754939156665,0.34416437435730735
2025-10-09 19:00:00,101.27065258122958,101.58472386562589,101.2328196025384,101.52339945698003,4995.706811951275,0.002495756364833568,100.94161322700297,100.50899030660422,0.3254737083102159
2025-10-09 19:05:00,101.52339945698003,101.6170538882427,101.48418877132038,101.54437248263422,1599.6461833308604,0.00020658316965715962,101.06216507812923,100.60311595897058,0.32139202753509416
2025-10-09 19:10:00,101.54437248263422,101.84054645815571,101.44592853308524,101.78446236768322,1841.3074116992475,0.0023643839553004753,101.20662453604004,100.71051108703536,0.32795450713941066
2025-10-09 19:15:00,101.78446236768322,101.8287018021348,101.70743352790765,101.7193742752694,2551.689340551855,-0.0006394698257450315,101.30917448388593,100.80222592232936,0.30069436502403385
2025-10-09 19:20:00,101.7193742752694,101.9935646136177,101.67271525904067,101.93954442051236,4310.020664007539,0.002164485839709851,101.43524847121122,100.90561851307326,0.30734104245717475
2025-10-09 19:25:00,101.93954442051236,102.18030106232018,101.9008659887383,102.14873555831478,1158.354567614637,0.002052109796954582,101.57794588863194,101.01862915354977,0.30652021881758884
2025-10-09 19:30:00,102.14873555831478,102.19626723869011,102.08769831263362,102.15888294704824,5702.789606411759,9.933934745243178e-05,101.69413330031522,101.12228858932235,0.2882333928700902
2025-10-09 19:35:00,102.15888294704824,102.18549706532896,102.00534130816962,102.03071350742816,2993.812861823035,-0.0012546088594812543,101.76144934173782,101.20487267278651,0.2851667715047514
2025-10-09 19:40:00,102.03071350742816,102.05128107375741,101.81101473338663,101.89762318950363,3528.486359625696,-0.0013044142626214006,101.78868411129099,101.26784999248807,0.2753854362738437
2025-10-09 19:45:00,101.89762318950363,101.9220599640547,101.60289966589157,101.70021761881844,4591.583637170583,-0.001937293182178279,101.77099081279648,101.30715614033628,0.24963502080099534
2025-10-09 19:50:00,101.70021761881844,102.0829789481052,101.60907183200922,101.9977222759787,1411.8387533294579,0.00292530993665463,101.81633710543294,101.36993487994013,0.2673946475121838
2025-10-09 19:55:00,101.9977222759787,102.13824116820948,101.95953109245644,102.13087488588104,2625.7099970228514,0.0013054468955890908,101.87924466152256,101.43911124411657,0.2473642272451601
2025-10-09 20:00:00,102.13087488588104,102.14716989876042,102.04510663861211,102.12701070216433,4940.489900366595,-3.783560770465044e-05,101.92879786965092,101.50164755848455,0.2502039706781766
2025-10-09 20:05:00,102.12701070216433,102.20862325088004,102.0584586996376,102.10744205641282,4104.546684749661,-0.00019161087372443486,101.96452670700332,101.55671978556893,0.2395668808897032
2025-10-09 20:10:00,102.10744205641282,102.21505542404144,102.05590555639472,102.1245771985603,5214.596591974055,0.00016781482135264092,101.99653680531472,101.60834318674996,0.2257987097867909
2025-10-09 20:15:00,102.1245771985603,102.35541187565028,102.09175134381181,102.28297389499095,2548.4511825309155,0.0015510144646442292,102.05382422324998,101.6696732511355,0.23514123942365878
2025-10-09 20:20:00,102.28297389499095,102.55913622570439,102.18117570342623,102.49759102830768,2166.0876976927666,0.002098268413050608,102.14257758426152,101.7449385036057,0.23395142493849314
2025-10-09 20:25:00,102.49759102830768,102.73777642897592,102.43702038818626,102.73259395235743,5626.807019854799,0.0022927653390882874,102.26058085788071,101.83472536258313,0.2467719796929586
2025-10-09 20:30:00,102.73259395235743,102.76807547315005,102.62959751276581,102.67429726860642,3437.2466617441573,-0.0005674604476360035,102.34332414002586,101.91105008131251,0.2337454515363301
2025-10-09 20:35:00,102.67429726860642,103.07092149480302,102.65679642468392,102.97237617360994,2149.7417872671454,0.0029031501839620333,102.46913454674268,102.00753427152137,0.24336616557470286
2025-10-09 20:40:00,102.97237617360994,103.01229261161753,102.95934601084582,102.98013488540079,3043.9842576761307,7.534750657556266e-05,102.57133461447431,102.09595250914677,0.23939314234007522
2025-10-09 20:45:00,102.98013488540079,103.07303342031476,102.6101005277797,102.69135886059647,3245.7729047476514,-0.0028041915571938025,102.59533946369875,102.15008035927856,0.25959150915262696
2025-10-09 20:50:00,102.69135886059647,102.96568794914808,102.59470899042842,102.95501580036299,2771.4303313212354,0.002567469577692938,102.6672747310316,102.22325630846805,0.26892812474897554
2025-10-09 20:55:00,102.95501580036299,103.10755027119467,102.87703261765103,103.10175570238722,7246.574319732742,0.0014252817202105028,102.75417092530273,102.30311988973342,0.2625965072761553
2025-10-09 21:00:00,103.10175570238722,103.15738227193145,103.09174228296101,103.10934728882705,3181.4718749257936,7.363198025212014e-05,102.8252061980076,102.37641328965103,0.233434569624332
2025-10-09 21:05:00,103.10934728882705,103.19737695608951,103.07423061677854,103.13214322026052,2203.6286414033834,0.00022108501346251863,102.88659360245819,102.44511601061552,0.22946573130704248
2025-10-09 21:10:00,103.13214322026052,103.23331552630422,102.75648331114995,102.7750737960554,10766.1591270188,-0.0034622515644082696,102.86428964117763,102.47511217292823,0.2562349423788969
2025-10-09 21:15:00,102.7750737960554,102.85874679886012,102.5916634916073,102.6481122578675,3695.525228534614,-0.0012353339530539742,102.82105416451562,102.49083945337726,0.2645862820939239
2025-10-09 21:20:00,102.6481122578675,102.80625208882874,102.60174298428946,102.740697797964,2816.093751702398,0.0009019702170840471,102.8049828912053,102.5135538483397,0.26782622758625
2025-10-09 21:25:00,102.740697797964,102.7982026843409,102.68287657124182,102.73254341919223,4385.431586774721,-7.936853599932459e-05,102.79049499680269,102.53346199114446,0.2572309119620075
2025-10-09 21:30:00,102.73254341919223,102.74942702087452,102.49504639761403,102.54693353240883,2037.7953876575486,-0.0018067292077645902,102.74178270392393,102.53468667671395,0.24840377631788815
2025-10-09 21:35:00,102.54693353240883,102.55216080478556,102.44214447184929,102.48485052151062,2375.0897902726697,-0.0006054107008337528,102.69039626744127,102.53015611715,0.234779511471217
2025-10-09 21:40:00,102.48485052151062,102.51490020791016,102.21155413160686,102.30515390684812,2743.411920240606,-0.0017533968557117419,102.61334779532265,102.50970137075892,0.2465558054654358
2025-10-09 21:45:00,102.30515390684812,102.50135093795221,102.26151769354406,102.45866253684474,2369.898174017329,0.0015004975226995398,102.58241074362708,102.50506147676671,0.23410638934322492
2025-10-09 21:50:00,102.45866253684474,102.61266366024114,102.41514088274516,102.58681685010849,1942.100835961978,0.0012507904172345263,102.58329196492336,102.51249378343414,0.24443325910924432
2025-10-09 21:55:00,102.58681685010849,102.98008720225796,102.56396538804648,102.94379529079347,3200.3016522236926,0.0034797691520789265,102.6553926300974,102.55170301137589,0.2410896106575596
2025-10-09 22:00:00,102.94379529079347,103.0300215041301,102.7931724514787,102.89223623909776,3204.708716863086,-0.0005008466178080262,102.70276135189748,102.58266057753242,0.23150890308125582
2025-10-09 22:05:00,102.89223623909776,102.95844312073511,102.61180522105394,102.71064342988201,4157.748499881763,-0.001764883492217706,102.7043377674944,102.59429538229148,0.23980320637679345
2025-10-09 22:10:00,102.71064342988201,102.75425433519516,102.67801117072428,102.7341775282265,3447.8816163336473,0.00022913008388036893,102.71030571964081,102.60701194101284,0.24056057605539596
2025-10-09 22:15:00,102.7341775282265,102.7974278703257,102.18872414768174,102.2786246785922,2079.3010162998953,-0.004434287211859345,102.6239695114311,102.57715855352005,0.2752432462934666
2025-10-09 22:20:00,102.2786246785922,102.31501042581316,101.68809188222177,101.7354044590359,3612.5274639473328,-0.005311180329842569,102.44625650095206,102.50063545402149,0.2859636983246889
2025-10-09 22:25:00,101.7354044590359,101.7724160556768,101.51989550878358,101.61495287511704,730.3360346414646,-0.001183969185155842,102.27999577578507,102.42011885593926,0.28492350115614634
2025-10-09 22:30:00,101.61495287511704,101.69973167762734,101.60018609712293,101.61987741913781,3661.674652002707,4.846278900338952e-05,102.14797210445562,102.34736963441186,0.2774261065822269
2025-10-09 22:35:00,101.61987741913781,101.65907606591925,101.36113122758182,101.40519866261411,2003.2306521735688,-0.0021125665763032098,101.99941741608733,102.26171772788479,0.2904703012421095
2025-10-09 22:40:00,101.40519866261411,101.438905225415,101.28218259736505,101.3731795870177,2564.858286567716,-0.00031575378795856146,101.8741698502734,102.18094153326051,0.28349473015564236
2025-10-09 22:45:00,101.3731795870177,101.38587924105195,101.3215050539821,101.37564577316375,1092.9703812534551,2.4327797116585614e-05,101.77446503485147,102.10773282779716,0.28023457687947023
2025-10-09 22:50:00,101.37564577316375,101.56339147927685,101.36376705494621,101.46407157745303,3390.922511059662,0.0008722588508796036,101.71238634337179,102.04921816867497,0.27282588745285147
2025-10-09 22:55:00,101.46407157745303,101.78867234147741,101.389849445013,101.7228181948099,1988.917602336219,0.0025501304386288393,101.71447271365942,102.01954544377814,0.284182291171156
2025-10-09 23:00:00,101.7228181948099,101.93724991185675,101.7169637389045,101.84063068769835,3179.9671418308685,0.001158171735498259,101.73970430846721,102.0032804659527,0.28580824798946175
2025-10-09 23:05:00,101.84063068769835,101.8845976868379,101.49633647022407,101.51068588811947,3896.9433453233264,-0.003239814967276544,101.69390062439767,101.95849914069512,0.2838182053039162
2025-10-09 23:10:00,101.51068588811947,101.52804628068206,100.95424316190433,101.04945343885801,5059.69431635312,-0.00454368370409608,101.56501118728974,101.8758586223463,0.30788635288436794
2025-10-09 23:15:00,101.04945343885801,101.81360679167662,101.00657139345265,101.72135412887233,3837.3050120232224,0.006649226365394112,101.59627977560626,101.8618127593032,0.34077188849456824
2025-10-09 23:20:00,101.72135412887233,101.73681875840919,101.29636679211765,101.35930550139814,4525.952858575855,-0.003559219502873634,101.54888492076465,101.81613028131183,0.3667868029103291
2025-10-09 23:25:00,101.35930550139814,101.5013683185724,101.32408685335767,101.47370221164445,2388.8024908427324,0.0011286256321549892,101.53384837894062,101.78500045679661,0.3359709273796696
2025-10-09 23:30:00,101.47370221164445,101.63663337853419,101.41662052400082,101.58399928807998,3254.182207101703,0.001086952323918089,101.54387856076849,101.7667276232769,0.30690623530409666
2025-10-09 23:35:00,101.58399928807998,101.81487736939252,101.53757514258909,101.74642072963714,1453.0105080461692,0.0015988880403945416,101.58438699454223,101.76488154203692,0.3086763552976827
2025-10-09 23:40:00,101.74642072963714,101.81945459736315,101.38413869757174,101.4394364397153,3591.0757694978993,-0.0030171507530232233,101.55539688357685,101.73529562364403,0.33265994953246797
2025-10-09 23:45:00,101.4394364397153,101.45604960543828,101.37934259439233,101.39753997476207,2636.7769909090857,-0.0004130194963979372,101.5238255018139,101.70459056465477,0.31685724758307693
2025-10-09 23:50:00,101.39753997476207,101.95983578754407,101.3934492196806,101.86731297470264,5364.329372325957,0.004632982220845738,101.59252299639165,101.71938351102276,0.3461189575697564
2025-10-09 23:55:00,101.86731297470264,102.04145399837213,101.80935729803056,102.04067232131399,1304.3073060879692,0.0017018152491603544,101.68215286137612,101.74859158468558,0.35809913708916447
2025-10-10 00:00:00,102.04067232131399,102.04085517133868,101.70592936482872,101.74299176017773,1689.436283496076,-0.002917273616141025,101.69432064113646,101.74808250973032,0.36776352153054453
2025-10-10 00:05:00,101.74299176017773,102.08970342589718,101.69289522344383,102.05735800661431,1913.8878545270113,0.0030898073763898637,101.76692811423203,101.7761984639925,0.3676196148154694
2025-10-10 00:10:00,102.05735800661431,102.06703158381556,101.82395452710993,101.85722991358048,3274.799824844776,-0.001960937427175513,101.78498847410172,101.78356495940959,0.36924753508356745
2025-10-10 00:15:00,101.85722991358048,101.8800113053784,101.76444876662876,101.83140675603906,6144.085373846521,-0.00025352306913639655,101.79427213048919,101.78791421364863,0.3497690580932676
2025-10-10 00:20:00,101.83140675603906,101.9380596286254,101.8166196670228,101.83831125946459,3590.20004880466,6.78032803973494e-05,101.80307995628428,101.79249576326826,0.3174574040093288
2025-10-10 00:25:00,101.83831125946459,101.91144097836542,101.49705623260466,101.50941138917813,3047.008689368088,-0.0032296280861187077,101.74434624286306,101.76676082016915,0.2894109288333847
2025-10-10 00:30:00,101.50941138917813,101.73571597604386,101.50174858811322,101.64091169157648,8612.127131321877,0.0012954493637460374,101.72365933260575,101.7553199902971,0.27466203037903575
2025-10-10 00:35:00,101.64091169157648,101.7059602859297,101.50751157894744,101.53556752063395,3925.1181332914957,-0.0010364347307527666,101.6860409702114,101.73534249305499,0.2761739762195735
2025-10-10 00:40:00,101.53556752063395,101.64545305772647,101.50843987633114,101.64026798814561,2195.205303136014,0.0010311703580165865,101.67688637379824,101.72669935624504,0.2702454281382854
2025-10-10 00:45:00,101.64026798814561,101.73684577305693,101.29688808800513,101.38571121189896,4133.992149480139,-0.0025044874564511543,101.6186513414184,101.69570043403175,0.28186367515602584
2025-10-10 00:50:00,101.38571121189896,101.48173916660367,100.97400011770742,101.06716020456683,6891.233574668335,-0.003141971423037626,101.50835311404809,101.6385604131713,0.2870367572349437
2025-10-10 00:55:00,101.06716020456683,101.22058073558615,101.00772120675175,101.14782734181131,3809.125792340223,0.0007981537927967963,101.43624795960073,101.59394831577494,0.29676193707697557
2025-10-10 01:00:00,101.14782734181131,101.27569888908955,101.14563814875947,101.19688249727842,1699.9746495325198,0.00048498476691283265,101.38837486713628,101.55785142318435,0.26559580653887693
2025-10-10 01:05:00,101.19688249727842,101.26956544528562,101.14115693768639,101.20213069621293,1165.873571754812,5.1861270871089715e-05,101.35112603295161,101.52551317527785,0.2581895070572813
2025-10-10 01:10:00,101.20213069621293,101.20801478191206,101.11738500350253,101.16899004930207,1852.923064375416,-0.00032746985347908986,101.31469883622171,101.49310198200732,0.24073979076439297
2025-10-10 01:15:00,101.16899004930207,101.42044981733581,101.07291340091876,101.33356451404556,1511.966020680023,0.001626728354837681,101.31847197178648,101.47859857582897,0.23722037747608482
2025-10-10 01:20:00,101.33356451404556,101.37655369571041,101.17708132515729,101.24091305089703,3487.3369225661804,-0.0009143215635692981,101.30296018760859,101.45699080083516,0.23410575703662012
2025-10-10 01:25:00,101.24091305089703,101.37053784438974,101.19698650469346,101.28279329236823,1229.0778254188624,0.0004136691403615611,101.29892680856052,101.4411546637018,0.23824781424709482
2025-10-10 01:30:00,101.28279329236823,101.6781950145895,101.21111526453811,101.5824709266804,4097.417348477634,0.0029588207885133944,101.3556356321845,101.45400159669984,0.26293637056486674
2025-10-10 01:35:00,101.5824709266804,101.66302729351871,101.36817869354928,101.43922486968,5053.849527486398,-0.0014101454285728732,101.37235347968361,101.45265825787985,0.25439807443691465
2025-10-10 01:40:00,101.43922486968,101.49097795474026,101.41618471233802,101.47650862768253,2959.2195391298274,0.00036754774152147895,101.3931845092834,101.45482647331646,0.24302849261345674
2025-10-10 01:45:00,101.47650862768253,101.48411204089241,101.18332366291068,101.25282637509973,2207.9879156968623,-0.0022042761975926695,101.36511288244667,101.43646282802402,0.2503384691134189
2025-10-10 01:50:00,101.25282637509973,101.29322420523899,100.78419963606899,100.88292610299486,2970.917482591243,-0.003653234041433473,101.26867552655631,101.38614130756682,0.27691071109732335
2025-10-10 01:55:00,100.88292610299486,101.12459810081425,100.83818581076696,101.05586862102112,5892.822910914128,0.0017142892727923797,101.22611414544927,101.35611651788084,0.26594318288271623
2025-10-10 02:00:00,101.05586862102112,101.06120223722773,100.91240932345076,100.93724731326881,3278.580467308461,-0.0011738190900832945,101.16834077901319,101.31803749927974,0.24030417323133893
2025-10-10 02:05:00,100.93724731326881,101.34721966092712,100.86951164575741,101.28178717888329,2267.114261000515,0.0034134065945463643,101.19103005898722,101.31474201560734,0.25922192225528967
2025-10-10 02:10:00,101.28178717888329,101.341990321488,101.06449413537372,101.11691527283972,2062.015680392855,-0.0016278534437033088,101.17620710175773,101.29675776626482,0.26975302552558944
2025-10-10 02:15:00,101.11691527283972,101.33947450174001,101.04537560130028,101.3383762902956,5778.087151867262,0.002190148076197884,101.20864093946531,101.30054126844944,0.2815880535856254
2025-10-10 02:20:00,101.3383762902956,101.52844835519173,101.26619649108558,101.46600566445112,1378.8211828884537,0.0012594377256440747,101.26011388446248,101.31558348626777,0.29384677399252723
2025-10-10 02:25:00,101.46600566445112,101.50553739206751,101.34262862186999,101.4329273178322,2169.8668750285365,-0.00032600422577300225,101.29467657113643,101.32625110731908,0.2806590849768469
2025-10-10 02:30:00,101.4329273178322,101.45689475680108,101.19485929597738,101.20026351775091,3574.6636575210996,-0.0022937699446674564,101.27579396045934,101.31479769008561,0.2851278771390306
2025-10-10 02:35:00,101.20026351775091,101.41819244968868,101.1632828685239,101.41816496445169,2050.880070621841,0.0021531707440916037,101.30426816125781,101.32419471502799,0.29093918010106584
2025-10-10 02:40:00,101.41816496445169,101.47854303478863,101.32362230011846,101.40640708247466,4740.180850269626,-0.00011593467483028697,101.32469594550119,101.33166856661404,0.2686421075738354
2025-10-10 02:45:00,101.40640708247466,101.4909286960407,101.19904281345028,101.22218110978072,3776.184482169782,-0.0018167093973076032,101.30419297835711,101.32171516144737,0.26843048490390636
2025-10-10 02:50:00,101.22218110978072,101.3103444104962,101.19571552705753,101.26341792572507,3059.5680220998265,0.00040738912649618264,101.2960379678307,101.31641541274534,0.27127588783508017
2025-10-10 02:55:00,101.26341792572507,101.45266133890598,101.24784898511119,101.37003877538875,3139.6372734060424,0.001052905894820766,101.31083812934232,101.32129026389474,0.26442045753601306
2025-10-10 03:00:00,101.37003877538875,101.45967349744966,101.03462134688994,101.06504961561605,2470.4070595918074,-0.0030086716297750282,101.26168042659707,101.29799565950576,0.2584224276352793
2025-10-10 03:05:00,101.06504961561605,101.14742186185524,100.7187512214341,100.71946713632047,3705.839850692145,-0.0034194064180439465,101.15323776854176,101.245402157398,0.26858373837626764
2025-10-10 03:10:00,100.71946713632047,101.04189554045647,100.63022620883106,100.98122664922695,2697.9063320385567,0.0025988969198198486,101.1188355446788,101.22138620210973,0.2873606253654413
2025-10-10 03:15:00,100.98122664922695,101.01233792760134,100.92878665340395,100.94560127143328,1800.5597957414177,-0.0003527920879534685,101.0841886900297,101.1963148447755,0.259206572438847
2025-10-10 03:20:00,100.94560127143328,101.17642609070407,100.9124253148921,101.12575494198836,3382.8113148701477,0.0017846609291143345,101.09250194042144,101.18990030815849,0.25824261456011044
2025-10-10 03:25:00,101.12575494198836,101.12937843018128,100.97878666196992,100.98897535541127,1342.7437290964835,-0.0013525692505885756,101.07179662341942,101.17163440336329,0.24799210511522624
2025-10-10 03:30:00,100.98897535541127,100.99283315978124,100.94182166104673,100.96671844737071,2983.3549944887654,-0.00022038948273539472,101.05078098820968,101.15300568009123,0.23290350758868072
2025-10-10 03:35:00,100.96671844737071,101.03245492678147,100.92943043509536,100.94176491856668,2484.2233632561984,-0.00024714608128062476,101.02897777428109,101.13380197449808,0.22862605912358042
2025-10-10 03:40:00,100.94176491856668,101.0159385619643,100.59630675067388,100.69512919140651,2705.3221788640712,-0.002443346689639747,100.96220805770618,101.09392263058066,0.2398829412997756
2025-10-10 03:45:00,100.69512919140651,100.79090131180972,100.57339921846625,100.66176972258222,4605.947785220709,-0.00033129178235502543,100.90212039068139,101.0546360025808,0.23721097788396758
2025-10-10 03:50:00,100.66176972258222,100.9386808993712,100.57778515213583,100.86605875549417,2412.3879397973915,0.002029459977456627,100.89490806364395,101.03749261648201,0.2519234787814822
2025-10-10 03:55:00,100.86605875549417,100.91646684200812,100.4923546176371,100.5821291389245,2939.2091156065853,-0.00281491732771999,100.83235227870007,100.99609593670405,0.2613682174800961
2025-10-10 04:00:00,100.5821291389245,100.66186320284507,100.16089043873245,100.25457792899164,2542.394853256665,-0.0032565547452315657,100.7167974087584,100.9286852087302,0.28896420895680663
2025-10-10 04:05:00,100.25457792899164,100.3526220878051,100.05209338421237,100.05398746248888,4255.303186099631,-0.0020008110417145675,100.5842354195045,100.84916723179917,0.2958010910852309
2025-10-10 04:10:00,100.05398746248888,100.11360559556576,99.93986682426551,99.9998464282712,2877.7544543959325,-0.0005411182061881847,100.46735762125785,100.77195624966026,0.27785013542384007
2025-10-10 04:15:00,99.9998464282712,100.08466611878569,99.71523119203228,99.74725035984632,2385.5105965422867,-0.0025259645634162498,100.32333616897554,100.67880116876809,0.2736190130190031
2025-10-10 04:20:00,99.74725035984632,99.75581417612251,99.56585354505704,99.57886493615267,1802.2263347649061,-0.001688120956579664,100.17444192241098,100.57880696580305,0.25778267726472237
2025-10-10 04:25:00,99.57886493615267,99.68813540873062,99.481288645356,99.62969309398001,3603.5797346801533,0.0005104311829615682,100.06549215672479,100.49252388654641,0.2665894979202384
2025-10-10 04:30:00,99.62969309398001,99.67196831707729,99.59352064949445,99.61230390421518,2620.190362466232,-0.00017453822474811087,99.97485450622287,100.41250388815266,0.25333570447530057
2025-10-10 04:35:00,99.61230390421518,100.10757991364686,99.60214097818228,100.0462056084196,4093.250342871164,0.0043559047145587115,99.98912472666223,100.37920404454056,0.27868193070767383
2025-10-10 04:40:00,100.0462056084196,100.18303037880227,99.99187087834592,100.1032078550444,1473.2865786916113,0.0005697592055406986,100.01194135233867,100.35411348185909,0.2886925022592339
2025-10-10 04:45:00,100.1032078550444,100.21192360985435,100.07250165399573,100.12367161770197,4220.4492915065875,0.00020442664222319884,100.03428740541133,100.33316422148117,0.2912923211286988
2025-10-10 04:50:00,100.12367161770197,100.14604889474974,99.95000102493331,99.99264457416727,7278.055443515556,-0.0013086520042432381,100.02595883916253,100.30220788990718,0.27532203959484136
2025-10-10 04:55:00,99.99264457416727,100.08344252130271,99.98318911917944,100.00346723163274,3147.471241504073,0.00010823453576569442,100.02146051765658,100.27504964824587,0.266947133079113
2025-10-10 05:00:00,100.00346723163274,100.06208902706634,99.94818332126445,100.0614367897724,3646.6726756737944,0.0005796754827049888,100.02945577207974,100.25563029747555,0.24930498726243502
2025-10-10 05:05:00,100.0614367897724,100.10398000036624,100.03568306140865,100.06560724857678,4910.26300928734,4.16789818153962e-05,100.03668606737915,100.23835547484839,0.22388960973290445
2025-10-10 05:10:00,100.06560724857678,100.13271674158514,99.8336835860348,99.91024722164217,5128.466711986344,-0.0015525816632350198,100.01139829823175,100.20852745182964,0.2094653519784566
2025-10-10 05:15:00,99.91024722164217,99.95484680405788,99.85530735754735,99.9470479297012,3368.0209021213127,0.000368337673886332,99.99852822452564,100.18475658618159,0.19510897647258524
2025-10-10 05:20:00,99.9470479297012,100.41307211490738,99.92534316203503,100.3387903342132,2142.3073285700443,0.003919499501251256,100.06658064646317,100.19875965418446,0.2175368465848777
2025-10-10 05:25:00,100.3387903342132,100.65429168521003,100.30119504038446,100.6282024757771,956.3438311317591,0.002884349518266216,100.17890501232596,100.23779991069287,0.21636982644717456
2025-10-10 05:30:00,100.6282024757771,100.78153722568973,100.61507362588902,100.71350384478441,4253.318038936259,0.0008476884899921711,100.28582477881766,100.28104572288301,0.21469146707111975
2025-10-10 05:35:00,100.71350384478441,100.82955009086251,100.70034125275984,100.81273796439531,2521.643539087584,0.0009853109644941682,100.3912074159332,100.32938138120231,0.2091459009802666
2025-10-10 05:40:00,100.81273796439531,100.90502671987262,100.7730905621617,100.85576795000205,1195.9237828760995,0.0004268308397885612,100.48411952274697,100.37723470563864,0.21296650741798726
2025-10-10 05:45:00,100.85576795000205,101.13054361795788,100.78951427098235,101.06082201059985,3737.7044326646555,0.0020331416315173545,100.59946002031755,100.43937900608967,0.2012229653830551
2025-10-10 05:50:00,101.06082201059985,101.29722122960604,101.02008682492537,101.27005151279964,3066.853361574996,0.0020703324793642786,100.73357831881397,100.51489468851784,0.20736402997050618
2025-10-10 05:55:00,101.27005151279964,101.33554495891313,100.84448509541184,100.93297315254404,8609.376770460309,-0.0033285098133183366,100.77345728555999,100.55290182161113,0.23248102337355395
2025-10-10 06:00:00,100.93297315254404,101.03387242794128,100.70257478413578,100.78547234567255,3579.275014194576,-0.0014613738431005219,100.7758602975825,100.57404459652581,0.24214172151563065
2025-10-10 06:05:00,100.78547234567255,100.78981417664409,100.5179952984966,100.59818810089905,2985.78855616003,-0.0018582464358667394,100.74032585824581,100.57623946055973,0.254396398374503
2025-10-10 06:10:00,100.59818810089905,100.78637680883246,100.50573831783409,100.75746353424049,3039.6157674927226,0.0015832833209847852,100.74375339344475,100.5927143763489,0.26630588303139496
2025-10-10 06:15:00,100.75746353424049,100.89052985687121,100.74191699720926,100.88203226339299,3552.7399891712253,0.0012363225986744553,100.7714091674344,100.61901600244381,0.27204273451027816
2025-10-10 06:20:00,100.88203226339299,100.96343070845259,100.76609855251236,100.82505107811686,2624.697479137448,-0.0005648298710652089,100.78213754957089,100.63774646386864,0.2647783773952698
2025-10-10 06:25:00,100.82505107811686,100.84234268223634,100.79839941165555,100.80852461868939,1979.149627484519,-0.00016391223461575954,100.7874149633946,100.65327175067053,0.26080722197171624
2025-10-10 06:30:00,100.80852461868939,100.91563011261317,100.73041056166686,100.90719932365361,4142.336113508898,0.0009788329443116695,100.81137183544641,100.67635607548716,0.2391994075484283
2025-10-10 06:35:00,100.90719932365361,101.07270953965987,100.83563898001314,101.05183944689686,4566.337531492194,0.0014333974603668587,100.85946535773651,100.7104909274335,0.23091183003565366
2025-10-10 06:40:00,101.05183944689686,101.33526107034336,101.04445019782769,101.32393509067516,1812.4360539580439,0.00269263424859556,100.95235930432425,100.76625857863728,0.239793778086723
2025-10-10 06:45:00,101.32393509067516,101.50009492011414,101.30033081413075,101.45608729444675,2225.4578206129922,0.0013042545540036254,101.05310490234875,100.8289702800745,0.24483344007820307
2025-10-10 06:50:00,101.45608729444675,101.50800042730202,101.21835080672828,101.266516032726,1968.9841703766372,-0.0018685055453653288,101.0957871284242,100.86874716667919,0.25609868742554703
2025-10-10 06:55:00,101.266516032726,101.28517293884599,100.87868794285441,100.89415436533444,2458.669155429903,-0.003677046293082964,101.05546057580626,100.87105691201148,0.26077409092669307
2025-10-10 07:00:00,100.89415436533444,100.9758373625169,100.5750857346323,100.59377407362418,4720.0537440530015,-0.002977182311500459,100.96312327536985,100.845849381249,0.26960389258411716
2025-10-10 07:05:00,100.59377407362418,100.61479264343339,100.30261382032184,100.3950435168244,4350.782474516686,-0.0019755751151590006,100.84950732366077,100.80486702993767,0.2568266754134214
2025-10-10 07:10:00,100.3950435168244,100.39558215168567,99.9686605253531,100.0672324504779,2287.739773058922,-0.0032652116565053957,100.6930523490242,100.73780934089586,0.2636569598796409
2025-10-10 07:15:00,100.0672324504779,100.19698121549096,99.97820589136552,100.1393285872091,2589.9123751127413,0.0007204769729880489,100.58230759666118,100.68340199965161,0.25986813459235236
2025-10-10 07:20:00,100.1393285872091,100.35824036740026,100.11226665865101,100.29067862924688,1714.0491177221209,0.0015113946156126712,100.52398180317833,100.64769987506936,0.257392078717415
2025-10-10 07:25:00,100.29067862924688,100.36234145561284,100.13798584698405,100.18811661729488,6616.650388486618,-0.0010226475017798276,100.45680876600164,100.60591957890804,0.2628022750721887
2025-10-10 07:30:00,100.18811661729488,100.23006142989514,100.13769174401052,100.1918114990807,3294.638812143662,3.687944150043698e-05,100.40380931261747,100.56827338983283,0.2553049557825022
2025-10-10 07:35:00,100.1918114990807,100.31390131626141,100.18418152558644,100.30536251848751,3950.8828095774406,0.0011333363246741612,100.38411995379148,100.5443724015287,0.261431850074944
2025-10-10 07:40:00,100.30536251848751,100.47431713002979,100.22066164901891,100.40018764630021,1770.7509913084555,0.0009453644893135937,100.38733349229324,100.53126469650793,0.2663201307938416
2025-10-10 07:45:00,100.40018764630021,100.41670506329312,100.17961196344253,100.24437930731835,1777.3242662253558,-0.001551872985842917,100.35874265529827,100.5051842065816,0.26632174080840393
2025-10-10 07:50:00,100.24437930731835,100.32498730699554,100.19087626631554,100.26472679258596,7546.837046805639,0.0002029788144553013,100.33993948275581,100.4833244416729,0.25512889567728386
2025-10-10 07:55:00,100.26472679258596,100.30362153093117,100.22685763968951,100.23087889326547,3047.7048914025727,-0.0003375853144297336,100.31812736485774,100.46037484636314,0.2463431660528741
2025-10-10 08:00:00,100.23087889326547,100.38194331559599,100.15735009926982,100.34640878930989,2912.0058018537693,0.0011526377631332352,100.32378364974818,100.45001429572193,0.24169628003519047
2025-10-10 08:05:00,100.34640878930989,100.56367106301614,100.34042114119225,100.51018702551502,1940.0895671299158,0.0016321285253866336,100.36106432490155,100.45548454388494,0.22860806045178453
2025-10-10 08:10:00,100.51018702551502,100.57439107035218,100.41834795010901,100.4791196243882,4883.314347077236,-0.00030909703828263524,100.38467538479888,100.45763318756705,0.21112888133453925
2025-10-10 08:15:00,100.4791196243882,100.82658494532559,100.39811526611943,100.78201722993789,2677.3021953098705,0.0030145328370907443,100.46414375382669,100.4871226459644,0.21943537105558267
2025-10-10 08:20:00,100.78201722993789,100.78921554868597,100.39343444745612,100.41015540330093,1240.5814795461035,-0.0036897636786584753,100.45334608372154,100.48012562390409,0.21721104783396022
2025-10-10 08:25:00,100.41015540330093,100.44092059946463,100.3743920153568,100.39902619238887,2191.124711624016,-0.00011083750311269291,100.44248210545501,100.4727529483118,0.20633628068984475
2025-10-10 08:30:00,100.39902619238887,100.49331613407466,100.31339105773631,100.35562586715714,1615.82905920977,-0.00043227834848280633,100.42511085779545,100.46210503184318,0.2016185212319235
2025-10-10 08:35:00,100.35562586715714,100.49734881576748,100.33021669872188,100.45704476368469,2675.839222649762,0.0010105950279439835,100.4314976389733,100.46164500746514,0.19753112897598157
2025-10-10 08:40:00,100.45704476368469,100.51348354186284,100.39304332926746,100.42340646410877,2041.6762226236349,-0.00033485256962373366,100.4298794040004,100.45816877625091,0.19953616659817897
2025-10-10 08:45:00,100.42340646410877,100.71671459404209,100.42057115644057,100.63358033306096,4513.3776021219055,0.0020928773116983823,100.47061958981251,100.47411528141546,0.2114235699500751
2025-10-10 08:50:00,100.63358033306096,100.93895432218902,100.53912330413942,100.92054917187261,5277.717294118687,0.002851621077794242,100.56060550622455,100.51470018054793,0.22186467973855478
2025-10-10 08:55:00,100.92054917187261,100.99531570213425,100.72781316293079,100.76010262159691,4436.2952781908225,-0.001589830332794251,100.60050492929902,100.53700949337056,0.22403678254947376
2025-10-10 09:00:00,100.76010262159691,100.85126255730955,100.62545820271916,100.69190441534472,5404.902483846207,-0.0006768374036726366,100.61878482650818,100.55109084991366,0.230586304971645
2025-10-10 09:05:00,100.69190441534472,100.7758002583888,100.43646100024168,100.52411952523919,2942.7163182105164,-0.0016663195624291305,100.59985176625439,100.5486389113069,0.24934168832203543
2025-10-10 09:10:00,100.52411952523919,100.67833547747993,100.47472800157233,100.61647830455584,2866.8996278198674,0.0009187723280030813,100.60317707391468,100.55480612887497,0.24784270686356638
2025-10-10 09:15:00,100.61647830455584,100.7140929915088,100.53625473609368,100.53797007804235,1759.6879745025083,-0.0007802720571858934,100.59013567474022,100.55327557879927,0.24459901640579723
2025-10-10 09:20:00,100.53797007804235,100.65732316402075,100.51225503173612,100.58961453478345,2310.5966856768364,0.0005136811167065769,100.59003144674888,100.55657912025238,0.2438150886944734
2025-10-10 09:25:00,100.58961453478345,100.63481581000121,100.51347977805824,100.61363728521151,5413.761677806643,0.0002388193904425684,100.59475261444142,100.56176622615776,0.22187697103281728
2025-10-10 09:30:00,100.61363728521151,100.71076676435855,100.6030745905342,100.70625912497168,4427.541104359607,0.0009205694402798503,100.61705391654748,100.57490194423175,0.20129919050385223
2025-10-10 09:35:00,100.70625912497168,101.15041440664668,100.639960080743,101.06975177420566,6608.107689131381,0.003609434531600453,100.70759348807911,100.6198882924112,0.23300817206069876
2025-10-10 09:40:00,101.06975177420566,101.2433635685083,101.04080084083196,101.15991293917128,2039.9798566093334,0.0008920687286049223,100.79805737829756,100.66898144211666,0.2346251471562693
2025-10-10 09:45:00,101.15991293917128,101.28375801619424,101.08714653479076,101.21357829997322,8475.399347306304,0.0005305002667825853,100.8811615626327,100.71849024737635,0.23673081603897522
2025-10-10 09:50:00,101.21357829997322,101.29204882048582,100.94166285221945,100.9776228298877,3155.191836561309,-0.0023312629989843403,100.9004538160837,100.74204775487738,0.25315551287261684
2025-10-10 09:55:00,100.9776228298877,101.03662418035785,100.61313861306792,100.66117734558055,3324.3547647489763,-0.0031338179236031216,100.85259852198307,100.73469589948675,0.2622513792789322
2025-10-10 10:00:00,100.66117734558055,100.67086256701145,100.4631941460405,100.48611940846797,3164.3664191796784,-0.001739080961785211,100.77930269928005,100.71209803666686,0.24852547948760112
2025-10-10 10:05:00,100.48611940846797,100.64715148237607,100.41940901703397,100.62792505437994,4394.425577409689,0.0014111963597234212,100.74902717030004,100.70444594736804,0.24568547421178977
2025-10-10 10:10:00,100.62792505437994,100.69854153680066,100.46011385988963,100.55839354779505,2293.937839833473,-0.0006909762528375385,100.71090044579904,100.69116845649776,0.24658714009183516
2025-10-10 10:15:00,100.55839354779505,100.85930851082074,100.47177273074118,100.80622695995898,3907.322485708705,0.002464572109996288,100.72996574863103,100.70162832044878,0.25002974880129514
2025-10-10 10:20:00,100.80622695995898,100.89804759254467,100.49782052395248,100.50840906233896,4863.700392866124,-0.0029543601283511522,100.68565441137262,100.68406293334787,0.26407400542162257
2025-10-10 10:25:00,100.50840906233896,100.59149502810958,100.46105384467913,100.46494919004007,4065.0413293619995,-0.00043240036037106577,100.64151336710611,100.66414350213807,0.26068850027985996
2025-10-10 10:30:00,100.46494919004007,100.46651316298234,100.37088681630134,100.43547118611183,2595.390720785379,-0.0002934158048742974,100.60030493090726,100.64335510977205,0.2571569441653147
2025-10-10 10:35:00,100.43547118611183,100.45866628203694,100.3058739844765,100.39105735279104,5228.269094786984,-0.0004422126246461655,100.55845541528402,100.6204189500465,0.2594038202808479
2025-10-10 10:40:00,100.39105735279104,100.45134746601855,99.9958818262564,100.07620533253807,6266.945918484333,-0.00313625564423059,100.46200539873483,100.57094498481845,0.2842447821335483
2025-10-10 10:45:00,100.07620533253807,100.20834216461331,100.01532635619957,100.11488291983777,5650.607218592077,0.00038648135359631297,100.39258090295543,100.52948479709293,0.26157060231283885
2025-10-10 10:50:00,100.11488291983777,100.34151527883203,100.10716238470572,100.26428929518019,2108.0560545922435,0.0014923492989753484,100.36692258140039,100.50537611510086,0.2638413284878374
2025-10-10 10:55:00,100.26428929518019,100.30294587764644,100.21321126082162,100.25722464258816,8685.835155011118,-7.04603068719667e-05,100.34498299363794,100.48281689032697,0.2562072667322184
2025-10-10 11:00:00,100.25722464258816,100.41416375839417,100.2269119572965,100.37983942198983,2672.1186635761956,0.001223001931669243,100.35195427930833,100.47345530229632,0.2445548262201689
2025-10-10 11:05:00,100.37983942198983,100.73245550151573,100.36614703172503,100.6450211099483,2183.2201465583034,0.0026417823487809855,100.41056764543633,100.48905219390105,0.24047074782736644
2025-10-10 11:10:00,100.6450211099483,100.82050705305976,100.5900346814008,100.7529176721966,1493.7031087730957,0.0010720506693562282,100.47903765078838,100.51303996465518,0.24209960144793793
2025-10-10 11:15:00,100.7529176721966,101.27422463699057,100.69254516133925,101.18072153543332,3868.2334546073675,0.004246069226784943,100.61937442771737,100.57373828927138,0.2673808164700243
2025-10-10 11:20:00,101.18072153543332,101.25202551174758,100.8032106385371,100.83712200802988,3131.686403386698,-0.003395899161315219,100.66292394377989,100.59768226370396,0.2824084733485565
2025-10-10 11:25:00,100.83712200802988,101.0599646278808,100.77613062160987,100.96969693412217,1492.129396288837,0.0013147432557796268,100.72427854184835,100.63150177919653,0.2750012037907977
2025-10-10 11:30:00,100.96969693412217,101.29000803206085,100.92276472115194,101.19091034637833,1123.1138293214253,0.002190889137762664,100.81760490275435,100.68235710348577,0.27264522109913564
2025-10-10 11:35:00,101.19091034637833,101.3275851039612,101.11072652513276,101.2646205936507,2661.56499595263,0.00072842755362168,100.90700804093363,100.73529014804622,0.27881789219899183
2025-10-10 11:40:00,101.2646205936507,101.33298964074375,100.87611395798659,100.97683383089586,3149.9423364915847,-0.002841928020543949,100.92097319892608,100.75724866466891,0.30462141620443156
2025-10-10 11:45:00,100.97683383089586,101.20085919779198,100.97096551239547,101.12037541750982,1770.4490014160297,0.001421529881342476,100.96085364264283,100.79026018765444,0.31012865819272306
2025-10-10 11:50:00,101.12037541750982,101.19453896148009,100.62336119720823,100.65230442961335,2744.5365040945467,-0.004628849388304546,100.89914380003694,100.77771875510524,0.3183938099434168
2025-10-10 11:55:00,100.65230442961335,100.77127365806837,100.56245815110607,100.76971533654178,3528.9860996410466,0.0011664999385139208,100.87325810733792,100.77699117159946,0.3195223598397417
2025-10-10 12:00:00,100.76971533654178,100.86792799330784,100.6534466720175,100.74536444505978,2353.5992047333734,-0.00024164890612898837,100.84767937488229,100.77411601464131,0.3181029617800298
2025-10-10 12:05:00,100.74536444505978,100.75388822609204,100.5583923200378,100.62728781875006,3931.234800855967,-0.0011720303654676467,100.80360106365585,100.76076799683301,0.3256573395821322
2025-10-10 12:10:00,100.62728781875006,100.69302296576163,100.52156168895597,100.60781617810439,3653.4711150051944,-0.00019350258829142764,100.76444408654557,100.7468632860395,0.32452944498984543
2025-10-10 12:15:00,100.60781617810439,100.72033463255627,100.514950072221,100.67391763034837,2663.061555713966,0.0006570210422514045,100.74633879530613,100.74023186279484,0.313034880028744
2025-10-10 12:20:00,100.67391763034837,100.73379157072763,100.57374862518999,100.64543661228247,1955.2704835313125,-0.00028290364313110494,100.7261583587014,100.73161411274826,0.30800420673436385
2025-10-10 12:25:00,100.64543661228247,101.06631958209528,100.57560528959775,100.9673962270086,3047.747774061425,0.003198948959468817,100.77440593236284,100.75304885040829,0.3015066936519507
2025-10-10 12:30:00,100.9673962270086,101.0508607046404,100.65361245696226,100.65598365839787,1793.2667149511205,-0.0030842883965293,100.75072147756985,100.7442247420437,0.29782336325678316
2025-10-10 12:35:00,100.65598365839787,100.6867053373993,100.48893158861017,100.4927026731221,3796.280331729673,-0.0016221686912316624,100.6991177166803,100.72135909941446,0.29167620200808286
2025-10-10 12:40:00,100.4927026731221,100.57840550828546,100.11949634714786,100.12454363989505,2152.4667704572025,-0.0036635399728931484,100.58420290132327,100.66710314854906,0.2982237627387028
2025-10-10 12:45:00,100.12454363989505,100.21670538552526,100.05603787008467,100.17417681976295,2356.34753489153,0.0004957144178994177,100.50219768501121,100.62229166411396,0.2942101153538569
2025-10-10 12:50:00,100.17417681976295,100.23916245885258,100.07259093129397,100.11811126069571,4226.673857140577,-0.0005596807565297901,100.42538040014811,100.57645708198503,0.2734741042682458
2025-10-10 12:55:00,100.11811126069571,100.15404891429806,99.77208010162799,99.82548541988774,3184.3338687534806,-0.002922806244776366,100.30540140409605,100.50818693088527,0.2843366133592135
2025-10-10 13:00:00,99.82548541988774,100.06649236980492,99.74599231969559,100.02786003223814,4924.437057405215,0.002027284029716192,100.24989312972447,100.46452084919008,0.2664310623476039
2025-10-10 13:05:00,100.02786003223814,100.06533977468659,99.96350517951298,100.02166791464693,2254.9471410807328,-6.190392945737422e-05,100.20424808670897,100.42426149150434,0.25878956864841235
2025-10-10 13:10:00,100.02166791464693,100.1547162344434,99.9567314646749,100.0646970398983,2271.51472042021,0.000430198037570273,100.17633787734684,100.3915738140856,0.2576112435397085
2025-10-10 13:15:00,100.0646970398983,100.26320697926364,100.01224356495467,100.17168887099774,11065.341802318588,0.0010692265530647393,100.17540807607702,100.37158427380488,0.2615732084150458
2025-10-10 13:20:00,100.17168887099774,100.26549825328036,100.10746625679467,100.11501596457586,2149.997905984377,-0.0005657577211747311,100.1633296537768,100.3482598820568,0.2606139741064766
2025-10-10 13:25:00,100.11501596457586,100.27262667554345,100.03971354998002,100.22949788464078,2712.5854020847887,0.0011435039885068221,100.1765632999496,100.33746333683716,0.26258030019420175
2025-10-10 13:30:00,100.22949788464078,100.55496212631532,100.15673429877842,100.54353723395226,2039.1938381844961,0.003133202858832229,100.24995808675014,100.35619732748398,0.27959350605129174
2025-10-10 13:35:00,100.54353723395226,100.56391447222246,100.42549144849067,100.48696153506005,2377.1896922340106,-0.0005626985129891793,100.29735877641212,100.36808498271817,0.2544298439965961
2025-10-10 13:40:00,100.48696153506005,100.49441474323984,100.02987410108281,100.1125831912141,2737.2372660539477,-0.0037256409998557283,100.26040365937253,100.34485754712689,0.2592364436022316
2025-10-10 13:45:00,100.1125831912141,100.15297307091384,99.69105604521104,99.71570682373778,5374.051679034638,-0.003964300538707444,100.15146429224558,100.2876620268188,0.2781038205246367
2025-10-10 13:50:00,99.71570682373778,99.8888679734417,99.65452586508232,99.84963875604438,1600.9207424201288,0.0013431377721000448,100.09109918500535,100.24784172947567,0.2620633167547644
2025-10-10 13:55:00,99.84963875604438,99.90767845298465,99.4509313216793,99.50212141533001,1417.7104680165069,-0.0034804065897868774,99.97330363107028,100.18004897364425,0.28321186074510407
2025-10-10 14:00:00,99.50212141533001,99.53211881678747,99.01984104985948,99.03263058590312,3277.101224379425,-0.004718400198395756,99.78516902203685,100.07573821112233,0.3079051635572035
2025-10-10 14:05:00,99.03263058590312,99.0350234663993,98.93328385975202,98.95755916809831,1646.5687009612625,-0.0007580472957313678,99.61964705124916,99.97408557084742,0.28788879169843234
2025-10-10 14:10:00,98.95755916809831,98.9690938168662,98.53866687189642,98.57363969579146,1637.4502634188332,-0.003879637650062606,99.41044558015763,99.8467723094787,0.2957407127598931
2025-10-10 14:15:00,98.57363969579146,98.59024876132247,98.43157797786368,98.4911599226772,8635.250664369874,-0.0008367325521183577,99.22658844866154,99.72353481976947,0.2998004404945484
2025-10-10 14:20:00,98.4911599226772,98.60651090022846,98.43734561583341,98.53688546407034,2397.423778556377,0.00046426036031088636,99.08864785174332,99.615657605615,0.29774190582501653
2025-10-10 14:25:00,98.53688546407034,98.5484202123543,98.48187877227963,98.52022292854798,4454.336516499715,-0.00016909947421095417,98.97496286710425,99.51607263497255,0.28456890766542386
2025-10-10 14:30:00,98.52022292854798,99.05326755651404,98.43068812736743,99.01948853270387,2436.964956997679,0.005067645903704232,98.98386800022418,99.47092862567538,0.317750867141204
2025-10-10 14:35:00,99.01948853270387,99.2395431555876,98.954415084919,99.19325079935797,6790.6068515233665,0.0017548289657818295,99.02574456005094,99.44568518691925,0.32148050607728706
2025-10-10 14:40:00,99.19325079935797,99.4154360858628,99.1003750599383,99.3365247702502,5087.239161226326,0.0014443923325189179,99.0879006020908,99.4357615126766,0.31554002024782946
2025-10-10 14:45:00,99.3365247702502,99.54006351123053,99.29314227471352,99.47880566583666,3224.7508598862014,0.0014323119911385795,99.16608161483998,99.43967461750934,0.323289892589631
2025-10-10 14:50:00,99.47880566583666,99.77469995982617,99.46087649545761,99.72485325925668,1747.5489915900762,0.0024733669827774474,99.27783594372333,99.46559994857728,0.3125243798904539
2025-10-10 14:55:00,99.72485325925668,99.75743233513307,99.54177932660528,99.61255249800863,2259.9815777479307,-0.0011261060565925796,99.3447792545804,99.47895927125285,0.2949340929493819
2025-10-10 15:00:00,99.61255249800863,99.9397664808449,99.51479780737793,99.85943807732508,5104.885416054322,0.0024784585187833663,99.44771101912934,99.51354825362304,0.3085502761713518
2025-10-10 15:05:00,99.85943807732508,99.94745712549553,99.63797572981309,99.66613813378137,2545.264341697119,-0.0019357203211380902,99.49139644205975,99.52742006091016,0.2980312950554297
2025-10-10 15:10:00,99.66613813378137,99.69166268560066,99.53783553078588,99.63262949654718,4947.635899075671,-0.0003362088454678114,99.51964305295725,99.53698455505898,0.27242767990448563
2025-10-10 15:15:00,99.63262949654718,99.68866550241552,99.57737986955524,99.62094159332192,5109.640617569732,-0.00011730999457026936,99.53990276103019,99.54461701308288,0.2731095389197001
2025-10-10 15:20:00,99.62094159332192,99.86585868661072,99.52549703045928,99.81827644313304,3077.1298154971905,0.0019808571034862776,99.59557749745078,99.56949514308744,0.2666763040041045
2025-10-10 15:25:00,99.81827644313304,99.84036304132206,99.68091583362089,99.71960701061866,1354.475742008035,-0.0009884906455041031,99.62038340008436,99.58314167649937,0.2667317628785609
2025-10-10 15:30:00,99.71960701061866,99.76917621449775,99.38988311940702,99.40080041043598,3239.531314298647,-0.0031970302505176518,99.5764668021547,99.56656519776632,0.2817408922139667
2025-10-10 15:35:00,99.40080041043598,99.5816893286147,99.38291812530827,99.56447779176864,4251.8523536696175,0.0016466404763022524,99.57406900007749,99.56637543358471,0.2911858753019497
2025-10-10 15:40:00,99.56447779176864,99.66387898048404,99.48335854597781,99.51157215695247,2153.3816498019555,-0.000531370585067692,99.56156963145249,99.56139331752723,0.2596102328276371
2025-10-10 15:45:00,99.51157215695247,99.62342841554296,99.41493677190647,99.60413645519645,1972.9298851281467,0.0009301862711805775,99.57008299620128,99.56527905731534,0.25413620232534434
2025-10-10 15:50:00,99.60413645519645,99.62062666739727,99.3398786945762,99.35634457881866,3608.542443253849,-0.0024877669261180735,99.52733531272476,99.54628501381563,0.2516852699608145
2025-10-10 15:55:00,99.35634457881866,99.46348557632919,99.26305030602319,99.39662953328981,3101.1797895683776,0.000405459305512057,99.50119415683777,99.53267997013147,0.24836484380288532
2025-10-10 16:00:00,99.39662953328981,99.45032787800682,99.30615413174583,99.39276886453709,2239.1943102711084,-3.884104290907686e-05,99.47950909837763,99.5199607787138,0.23624700679520214
2025-10-10 16:05:00,99.39276886453709,99.45168781327979,99.20676779349844,99.30454686135027,5314.304108118321,-0.0008876098753929362,99.44451665097218,99.50037769531711,0.23833750759902728
2025-10-10 16:10:00,99.30454686135027,99.37502625371434,98.88144296035708,98.92969276541729,3091.278690233022,-0.0037747928748556037,99.3415518738612,99.4484972471444,0.24323855187690566
2025-10-10 16:15:00,98.92969276541729,99.17182162322601,98.85803456390809,99.14478691572796,2580.616545655454,0.0021742122541581477,99.30219888223456,99.42088721701563,0.2435460992794398
2025-10-10 16:20:00,99.14478691572796,99.1491603042048,98.92939115299272,98.97182506011363,2615.9551309974054,-0.001744538074012425,99.23612411781038,99.38006338457,0.2482562418792469
2025-10-10 16:25:00,98.97182506011363,99.01232901203306,98.77905495827979,98.87019874242372,2349.3087018677716,-0.001026820689910335,99.16293904273306,99.33371205346579,0.25696970051446144
2025-10-10 16:30:00,98.87019874242372,99.05865600698303,98.81283994396064,99.05548835320079,2379.2189155439855,0.0018740693670473707,99.1414489048266,99.30841898980533,0.25021644386238606
2025-10-10 16:35:00,99.05548835320079,99.5805902353573,99.01583787480321,99.53687456612347,3790.208179178121,0.004859763158263419,99.22053403708598,99.32918767856152,0.2791668119233088
2025-10-10 16:40:00,99.53687456612347,99.54461697588545,99.25442162351592,99.27478273895021,2312.5161654023445,-0.002633112887216016,99.23138377745883,99.3242417749605,0.2728026874432225
2025-10-10 16:45:00,99.27478273895021,99.3274076610593,99.0573425006075,99.09269310082725,4589.804699917887,-0.0018341983039316112,99.20364564213251,99.30319189549384,0.2778951129536052
2025-10-10 16:50:00,99.09269310082725,99.46224149395547,99.0118419855013,99.45359720595113,1239.841304576551,0.003642085948321716,99.25363595489624,99.31686510553541,0.29717218966417186
2025-10-10 16:55:00,99.45359720595113,99.47375617044375,99.36708894055565,99.39040628541832,4166.421282278818,-0.0006353809445619474,99.28099002100066,99.32355066734294,0.28989901725357264
2025-10-10 17:00:00,99.39040628541832,99.4288101138887,99.01669223410906,99.09949918114607,3267.9389806663835,-0.002926913322366942,99.24469185302975,99.30318235041595,0.2992825820363275
2025-10-10 17:05:00,99.09949918114607,99.25800483726165,99.0242858526163,99.2074200474218,4283.591359031286,0.0010890152540374842,99.23723749190816,99.2944766865074,0.30165999020342377
2025-10-10 17:10:00,99.2074200474218,99.32525964692279,99.13106742776687,99.31400350060755,3369.77982803872,0.0010743496114988815,99.25259069364805,99.2962518514256,0.3052327382673476
2025-10-10 17:15:00,99.31400350060755,99.44245310900183,99.30914223996037,99.43544744506384,5088.271597002358,0.001222828001849141,99.28916204393121,99.3089059963018,0.29726065607164187
2025-10-10 17:20:00,99.43544744506384,99.55966266552124,99.39010746143646,99.52250308696097,1688.3582715996831,0.0008754990713468747,99.33583025253716,99.32832391363445,0.27411579255217944
2025-10-10 17:25:00,99.52250308696097,99.6933137731559,99.5110215260139,99.61479644909545,1195.5935090536555,0.0009273617450502591,99.39162349184883,99.35436687140363,0.26472330596818444
2025-10-10 17:30:00,99.61479644909545,99.63137583551675,99.20084908871553,99.29871975518597,1888.0787121469962,-0.0031729894069602027,99.37304274451627,99.34930804265656,0.27977741993883753
2025-10-10 17:35:00,99.29871975518597,99.33856911910408,98.74647043913443,98.81713714626879,4324.062217693145,-0.004849837038226501,99.26186162486678,99.30092887025766,0.30540775038286433
2025-10-10 17:40:00,98.81713714626879,99.18599262230748,98.76498676032398,99.10434053539983,3497.168801041038,0.00290641276832293,99.2303574069734,99.2830572034524,0.3179213074515153
2025-10-10 17:45:00,99.10434053539983,99.19283946238895,98.92885103568176,98.96622199621284,4225.255875609454,-0.00139366791041462,99.17753032482129,99.25425400279426,0.2964381693195932
2025-10-10 17:50:00,98.96622199621284,99.19666674898257,98.88455704136484,99.13037618503208,2724.5404861854086,0.0016586890507501728,99.16809949686345,99.24299238299768,0.2980034804087503
2025-10-10 17:55:00,99.13037618503208,99.45167078427833,99.06590763934757,99.42638198324141,3128.1396000868726,0.0029860251680757788,99.21975599413905,99.25966416483801,0.3062676221572482
2025-10-10 18:00:00,99.42638198324141,99.70399976486037,99.34759505535915,99.69974857407583,6146.746107442067,0.0027494371753413738,99.31575451012641,99.29967183840509,0.2995537079463233
2025-10-10 18:05:00,99.69974857407583,99.76828094275072,99.6370459812249,99.71314932058569,1641.830370595236,0.0001344110361511941,99.39523347221827,99.33726070042151,0.3013085459204459
2025-10-10 18:10:00,99.71314932058569,99.78766399034564,99.60471363962546,99.67164205998465,1429.6698657865736,-0.00041626666978078486,99.45051518977155,99.36765900583634,0.2849394367019126
2025-10-10 18:15:00,99.67164205998465,99.69028471681598,99.44555153939781,99.52498327920691,3642.6925781895875,-0.0014714193299782963,99.46540880765863,99.3819612125064,0.285726164757114
2025-10-10 18:20:00,99.52498327920691,99.55309340134022,99.45535715263314,99.55285293677028,4439.980029910927,0.00028002674951665973,99.48289763348097,99.39749682380311,0.2788364525821966
2025-10-10 18:25:00,99.55285293677028,99.65149397653207,99.54853842230811,99.57583105081969,2238.148891560032,0.00023081321500662,99.50148431694872,99.41370902625916,0.2766682158095171
2025-10-10 18:30:00,99.57583105081969,99.91809001082756,99.49622745550754,99.89474749566614,5487.816170883026,0.0032027495174375975,99.58013695269221,99.45743979620524,0.2946901694691765
2025-10-10 18:35:00,99.89474749566614,99.98012946966735,99.68459288590748,99.76585986659177,2589.5493722030915,-0.001290234294650583,99.61728153547213,99.48547798442219,0.302779050656168
2025-10-10 18:40:00,99.76585986659177,99.78831648143341,99.6618102458848,99.6725257718357,1458.7667649822088,-0.000935531402033507,99.62833038274485,99.5024823287325,0.2810632998524107
2025-10-10 18:45:00,99.6725257718357,99.7440284515525,99.61784366014163,99.61797326357542,5110.828643886604,-0.0005473174060538488,99.62625895891097,99.5129815046273,0.24778373638392587
2025-10-10 18:50:00,99.61797326357542,99.84866781403355,99.59660855319825,99.75640413230362,1683.851245753572,0.0013896173972736126,99.6522879935895,99.53511083441606,0.2357161220161968
2025-10-10 18:55:00,99.75640413230362,99.85419858372103,99.6046235017181,99.6176453871863,2284.6486329038535,-0.0013909758107688575,99.64535947230887,99.54261397557698,0.2346865973944645
2025-10-10 19:00:00,99.6176453871863,99.78574893279577,99.61247762416089,99.72123147208116,2864.5461710158515,0.0010398367125847852,99.66053387226333,99.55885192980463,0.22476956889569014
2025-10-10 19:05:00,99.72123147208116,99.76370522540829,99.15797605759101,99.2151629646236,2077.254153290278,-0.005074832109341121,99.5714596907354,99.52760747842454,0.240481427673298
2025-10-10 19:10:00,99.2151629646236,99.29091197174964,99.11382730462559,99.19800754825953,2844.2794208254454,-0.00017291123505180916,99.49676926224022,99.49764384840954,0.2276728532177858
2025-10-10 19:15:00,99.19800754825953,99.26599434028232,99.13120244663837,99.16429566067349,4006.551151767106,-0.0003398444023146041,99.43027454192688,99.46733946770625,0.2279269197976522
2025-10-10 19:20:00,99.16429566067349,99.35214910515789,99.09006985823365,99.32028083239275,3986.4390900158887,0.001572997324087444,99.40827580002006,99.45397050085957,0.2335789838122285
2025-10-10 19:25:00,99.32028083239275,99.38308839256219,99.23780909953335,99.2881865087346,2880.992156963308,-0.00032313967891728357,99.38425794176298,99.4388992288482,0.22647513492727608
2025-10-10 19:30:00,99.2881865087346,99.34805832856267,99.1915461366691,99.21512636206697,2520.5679207340645,-0.0007358392698733063,99.35043162582379,99.41855624095899,0.23067341658345392
2025-10-10 19:35:00,99.21512636206697,99.30098010766666,99.05776898688772,99.07979393450749,2485.9657256017786,-0.0013640301889613626,99.29630408756053,99.38775966764521,0.24069167133738137
2025-10-10 19:40:00,99.07979393450749,99.09713651801236,98.86909959223938,98.96681768105438,874.1257569920731,-0.0011402552323411808,99.23040680625931,99.34949221431877,0.2268469835125931
2025-10-10 19:45:00,98.96681768105438,99.10012101724433,98.94498508427552,99.0804849479804,2409.339270185038,0.0011485391729209038,99.20042243460354,99.325037008288,0.21681836559894663
2025-10-10 19:50:00,99.0804849479804,99.132783080085,98.67768548404585,98.75652835379164,4427.9853341576945,-0.003269630688211178,99.11164361844116,99.27335440333378,0.24028917706255623
2025-10-10 19:55:00,98.75652835379164,98.76295732968622,98.48123485828758,98.53031907721328,4846.4601966202945,-0.002290575421687313,98.9953787101956,99.20580573732282,0.2513990113473972
2025-10-10 20:00:00,98.53031907721328,98.62204539474087,98.51510273248066,98.61767569626213,4370.084282037522,0.0008865963275770383,98.9198381074089,99.15233936995367,0.24103354002060534
2025-10-10 20:05:00,98.61767569626213,98.70029328228163,98.57277907700143,98.69433641642739,994.4844227931729,0.0007773527374683731,98.87473776921262,99.1107027378149,0.23231490596898194
2025-10-10 20:10:00,98.69433641642739,98.78473491385508,98.51170776881126,98.58861626559657,2386.4292231039076,-0.0010711876149077648,98.81751346848941,99.0632403312496,0.23944032285533418
2025-10-10 20:15:00,98.58861626559657,98.62325897820024,98.58834677260916,98.59920071949972,1168.5461623800397,0.00010735979775433613,98.77385091869148,99.02105491199961,0.19866768269632068
2025-10-10 20:20:00,98.59920071949972,98.90151924766764,98.5072388470709,98.80355684062545,5559.202203423201,0.002072594094419511,98.77979210307828,99.0012823600565,0.21418166365865585
2025-10-10 20:25:00,98.80355684062545,98.92695950248452,98.80265771243738,98.897891392198,2883.339908434791,0.000954768781499693,98.80341196090222,98.99188318116028,0.21343237054459813
2025-10-10 20:30:00,98.897891392198,98.96753218157254,98.83749940491374,98.87427848586448,2215.2871671482767,-0.00023876046294946107,98.81758526589468,98.98119184522429,0.20400047981135166
2025-10-10 20:35:00,98.87427848586448,98.94246220280878,98.54280359304539,98.6399718165129,2657.849093017837,-0.0023697434048540744,98.78206257601833,98.95017184261415,0.22217043100667716
2025-10-10 20:40:00,98.6399718165129,98.9298842908259,98.61171788965842,98.90833644010985,3536.2134420639136,0.0027206478129997436,98.80731734883665,98.94636862420467,0.23371716024052752
2025-10-10 20:45:00,98.90833644010985,99.18308141141057,98.88543936824749,99.12860446470447,1905.9680419006386,0.0022269915006405405,98.87157477201022,98.96293551879555,0.23760508326796628
2025-10-10 20:50:00,99.12860446470447,99.15380727155903,99.02045562467433,99.03147501052091,2614.506742473863,-0.000979832760766297,98.90355481971237,98.96916638167967,0.2308418490616607
2025-10-10 20:55:00,99.03147501052091,99.32367443812225,99.00291202745906,99.2563738639785,2135.659442615012,0.002270983578036123,98.9741186285656,98.99527615279774,0.24267231175411602
2025-10-10 21:00:00,99.2563738639785,99.31015791545737,99.11245752907318,99.19131016530245,1496.7597612318887,-0.0006555115419106805,99.01755693591298,99.0130974266618,0.22428679677876115
2025-10-10 21:05:00,99.19131016530245,99.27365509471313,99.16639546055647,99.26919602134888,2453.05769060928,0.0007852084614732302,99.06788475300016,99.03637911708789,0.21182516554719147
2025-10-10 21:10:00,99.26919602134888,99.66419617769907,99.23186415397076,99.64425193678922,2343.84982956095,0.003778170172343165,99.18315818975798,99.09164028251529,0.23506726279491272
2025-10-10 21:15:00,99.64425193678922,99.7746672632942,99.56834220242902,99.71473575932569,2872.659769619519,0.0007073546257458929,99.28947370367153,99.14828532586168,0.24069660962241102
2025-10-10 21:20:00,99.71473575932569,99.80669477495196,99.68741129696764,99.77389849841126,3526.3171704631336,0.0005933199204213313,99.38635866261949,99.20515925063891,0.22971491911816194
2025-10-10 21:25:00,99.77389849841126,99.96391723662913,99.75232491534244,99.91005892659611,3691.103283835049,0.0013646898661279216,99.49109871541482,99.2692410393623,0.2423349273821336
2025-10-10 21:30:00,99.91005892659611,100.49300362050485,99.89984415990777,100.40099103380015,2830.133305261935,0.004913740543029066,99.67307717909189,99.372127402493,0.25654057452501483
2025-10-10 21:35:00,100.40099103380015,100.4645706446396,100.31698388807678,100.37831971490678,2495.071398146419,-0.00022580772022195994,99.81412568625487,99.46359943089426,0.2582037864189916
2025-10-10 21:40:00,100.37831971490678,100.4396991675652,100.30768572293371,100.37778145621365,1524.2431401923636,-5.3623002921332485e-06,99.92685684024663,99.54670688774148,0.25834526270275504
2025-10-10 21:45:00,100.37778145621365,100.43991798044448,100.19208811117606,100.27303744535176,5083.199235589297,-0.0010434979668043631,99.99609296126766,99.61273693843332,0.24750035266739953
2025-10-10 21:50:00,100.27303744535176,100.51513048220619,100.24861574078324,100.41541670319828,6481.651825442505,0.0014199156769745258,100.0799577096538,99.68570782613922,0.2438109483999337
2025-10-10 21:55:00,100.41541670319828,100.64449610310632,100.32927869310201,100.63400378227891,1652.2524188740492,0.002176827884175614,100.19076692417883,99.77191654942465,0.24506633174573572
2025-10-10 22:00:00,100.63400378227891,100.63541630591158,100.58732865187058,100.61720573212831,1654.1226254571454,-0.000166922208391318,100.27605468576873,99.84876102057952,0.23897604654261378
2025-10-10 22:05:00,100.61720573212831,100.70453226869479,100.22464350396105,100.24644207731575,3849.5819215142337,-0.0036848931762192283,100.27013216407813,99.88491384391916,0.25034221469051027
2025-10-10 22:10:00,100.24644207731575,100.34017310179692,100.17735337399584,100.2442682464701,4988.778743351653,-2.168486781772838e-05,100.26495938055653,99.91758242596924,0.24785073907743133
2025-10-10 22:15:00,100.2442682464701,100.29331673515352,100.18119622064775,100.20093777880791,1746.1890042491589,-0.000432248829984494,100.25215506020682,99.94334200350002,0.24819794481665372
2025-10-10 22:20:00,100.20093777880791,100.46287211898895,100.13105271826696,100.3677706185068,1849.5595400484592,0.0016649828174977177,100.27527817186682,99.98192642304609,0.24101847174477445
2025-10-10 22:25:00,100.3677706185068,100.43494268284381,99.88870750311703,99.93998110156225,2645.654685452937,-0.004262219976675086,100.20821875780591,99.9781132120021,0.26529776594917415
2025-10-10 22:30:00,99.93998110156225,100.03066207170822,99.80268733955853,99.8652378521251,4357.941560729338,-0.0007478813645280802,100.13962257666975,99.96785181564964,0.2730614269609859
2025-10-10 22:35:00,99.8652378521251,99.95190166440528,99.85566992141051,99.89774551779928,1163.706042567982,0.00032551532818958506,100.09124716489566,99.96147851584506,0.2648213856544207
2025-10-10 22:40:00,99.89774551779928,99.94519810832635,99.83055059950898,99.91207410336649,2867.245992977545,0.00014343252185455846,100.05541255258983,99.95698720561973,0.23064196052729866
2025-10-10 22:45:00,99.91207410336649,100.10787267562166,99.89051135601665,100.09811707106351,7323.180455563843,0.001862066916002103,100.06395345628457,99.96981719338734,0.23562585788745594
2025-10-10 22:50:00,100.09811707106351,100.20207364492602,100.060517310515,100.1474431631293,1766.9170524793094,0.0004927774218845826,100.08065139765351,99.98596500881843,0.23630749287170869
2025-10-10 22:55:00,100.1474431631293,100.34946143300444,100.10070938958869,100.26390970399315,3009.666579307858,0.0011629507173152032,100.11730305892145,100.01123270837977,0.2363733624536611
2025-10-10 23:00:00,100.26390970399315,100.35970351172988,100.04804418382236,100.1371890636131,2393.322962301938,-0.0012638709257813963,100.12128025985979,100.02268328612824,0.23959797577398742
2025-10-10 23:05:00,100.1371890636131,100.24485718748399,100.0530831726364,100.19337046440778,2123.439579903823,0.0005610443165025014,100.13569830076939,100.03820030233547,0.23078059040564977
2025-10-10 23:10:00,100.19337046440778,100.24537312652599,100.11959061148728,100.16350734960437,5063.810979551822,-0.0002980547980867554,100.1412601105364,100.04959185208719,0.23633022333405762
2025-10-10 23:15:00,100.16350734960437,100.21027270278893,99.95502488095383,100.03941557408294,3187.0306531060073,-0.001238892075617004,100.1208912032457,100.04866673590499,0.2202844416984401
2025-10-10 23:20:00,100.03941557408294,100.24226698439465,99.95039485457816,100.21581898399154,3268.5538169404776,0.001763339068868941,100.13987675939488,100.06386239482194,0.22950247041382607
2025-10-10 23:25:00,100.21581898399154,100.31471188480621,100.01463549457571,100.03244584569939,2641.1434488378954,-0.0018297823652116962,100.11839057665578,100.0610063449017,0.2429278901084493
2025-10-10 23:30:00,100.03244584569939,100.14038179073198,99.95422547984813,100.0891466101466,3711.3971863708875,0.0005668237337181914,100.11254178335395,100.06356455083305,0.23252338369143846
2025-10-10 23:35:00,100.0891466101466,100.16623089941977,99.99595855836256,100.16336728517219,1892.2128376529547,0.0007415456874129145,100.1227068837176,100.07263752668206,0.20566889521504095
2025-10-10 23:40:00,100.16336728517219,100.23247311100673,99.97117811468286,100.06834454808269,6256.941683545423,-0.0009486775421493343,100.11183441659063,100.0722472559003,0.20804891408462517
2025-10-10 23:45:00,100.06834454808269,100.14732153630624,99.93070010817827,99.96021068861812,1513.068828024168,-0.0010806000634158153,100.08150967099613,100.0620621134201,0.2166481773084245
2025-10-10 23:50:00,99.96021068861812,100.34242828249532,99.87244433284496,100.26559896768875,7267.780571607322,0.003055098393319078,100.11832753033465,100.08056546380816,0.24202935165363776
2025-10-10 23:55:00,100.26559896768875,100.33707950683426,99.95286792118459,100.05196999961936,1147.5117119380466,-0.0021306307474234787,100.1050560241916,100.07796587615462,0.25394722779968404
2025-10-11 00:00:00,100.05196999961936,100.07928142880316,99.8473900612984,99.92968112236133,5427.391221544067,-0.0012222535674060175,100.06998104382555,100.06448544399159,0.2603997301635224
2025-10-11 00:05:00,99.92968112236133,99.94218771769127,99.71977482636515,99.81938091534109,3785.195749575257,-0.001103778234668673,100.01986101812867,100.04220321411427,0.25851836215712
2025-10-11 00:10:00,99.81938091534109,99.99211150485984,99.79349458924867,99.93891366934045,3540.5305008895843,0.001197490436258608,100.00367154837103,100.03281325549847,0.250443904135952
2025-10-11 00:15:00,99.93891366934045,99.97116563678519,99.85353652216118,99.88180624818241,1575.8729301424084,-0.0005714232730904545,99.97929848833331,100.01908534574245,0.24514783983426827
2025-10-11 00:20:00,99.88180624818241,99.91964941705076,99.72339399819502,99.7494426289601,3252.399560316548,-0.0013252024987756572,99.93332731645867,99.99457237148951,0.25018161867834215
2025-10-11 00:25:00,99.7494426289601,99.81439953862449,99.43126165469292,99.47210480989706,1050.9616438079695,-0.0027803445488377987,99.84108281514635,99.94707532043564,0.2593166231138042
2025-10-11 00:30:00,99.47210480989706,99.50829073757491,99.09917114468541,99.18653138752707,1359.8409239014488,-0.0028708895113435107,99.7101725296225,99.8779349628985,0.26769144190473376
2025-10-11 00:35:00,99.18653138752707,99.28220632575524,99.10987518874718,99.19554213393064,4222.569400487069,9.084647156742953e-05,99.60724645048413,99.81589925117414,0.2585667809602735
2025-10-11 00:40:00,99.19554213393064,99.69914419438899,99.17295902552591,99.62002666953589,1131.067476611051,0.0042792702824498985,99.60980249429448,99.7980926528434,0.28285455653021885
2025-10-11 00:45:00,99.62002666953589,99.69102408410527,99.48029156185567,99.5179392325212,1453.6715334691746,-0.0010247682160670069,99.59142984193983,99.77262416008683,0.2857445694725322
2025-10-11 00:50:00,99.5179392325212,99.9967204885894,99.47156489302726,99.93997741845943,4404.319651853572,0.004240825213956079,99.66113935724375,99.78783809266616,0.3045917551324087
2025-10-11 00:55:00,99.93997741845943,99.94305874188564,99.8198091906222,99.83271118022013,5458.8733423588565,-0.001073306608727398,99.69545372183903,99.79191746426197,0.2979223353563713
2025-10-11 01:00:00,99.83271118022013,100.17101107216477,99.80838268337811,100.16761100311571,2230.9446556608164,0.003354610116628187,99.78988517809437,99.82607142233958,0.2902540810089645
2025-10-11 01:05:00,100.16761100311571,100.3001032415748,100.16273749780667,100.2121059695009,2021.7263712496454,0.00044420512718224003,99.87432933637568,99.86116547208151,0.2726222351602833
2025-10-11 01:10:00,100.2121059695009,100.39501628748648,100.16678830959115,100.36210061817097,2218.3525813885954,0.0014967717444809292,99.97188359273474,99.90670503081691,0.2723605644738955
2025-10-11 01:15:00,100.36210061817097,100.88949571605637,100.29905837611003,100.8848080463361,2376.4537266902807,0.005208215301847785,100.15446848345502,99.9956234867732,0.2986480250896264
2025-10-11 01:20:00,100.8848080463361,101.28819258052182,100.84866134744836,101.19877604638216,1501.1082766309548,0.0031121435043208745,100.36332999604045,100.10500099219219,0.3158561906226477
2025-10-11 01:25:00,101.19877604638216,101.21725706450042,100.84779555579908,100.89417459870668,3447.1242344729285,-0.0030099321313518113,100.4694989165737,100.17674404732986,0.3338442187710281
2025-10-11 01:30:00,100.89417459870668,100.90394436322042,100.65674360497849,100.74925262041923,2608.0573922160647,-0.001436376072888934,100.5254496573428,100.22879028124707,0.33748317158432733
2025-10-11 01:35:00,100.74925262041923,100.81345392092297,100.55244557192339,100.5659316814735,2158.4488708461995,-0.0018195761673429622,100.53354606216895,100.25943949944947,0.3287596333748998
2025-10-11 01:40:00,100.5659316814735,100.62656598961408,100.47527975599402,100.50912672792569,2582.845234211093,-0.0005648528542223641,100.52866219532031,100.28213833840185,0.310342964855654
2025-10-11 01:45:00,100.50912672792569,100.57599821641426,100.3785036582176,100.45351722795857,2216.561347070494,-0.0005532781129186093,100.51363320184797,100.29771823745246,0.31214035208341173
2025-10-11 01:50:00,100.45351722795857,100.67805733029569,100.42159291594173,100.6067059853805,2703.344307278625,0.0015249715654486184,100.53224775855448,100.32580803271864,0.2928745839041887
2025-10-11 01:55:00,100.6067059853805,100.70252014004305,100.45948699421649,100.46232566416211,4621.906269760182,-0.0014350963964506747,100.51826333967601,100.33821872648623,0.2951817713025428
2025-10-11 02:00:00,100.46232566416211,100.65431524821278,100.42283939647598,100.59157444313446,1379.6895266686681,0.001286539786112595,100.5329255603677,100.36125106436334,0.27420464674359024
2025-10-11 02:05:00,100.59157444313446,100.60345307028697,100.54283351795418,100.59931217903883,2120.5186224278013,7.692230633837838e-05,100.54620288410193,100.3828929838793,0.26973107539140123
2025-10-11 02:10:00,100.59931217903883,100.62643923036266,100.42083803274684,100.44563266105084,1688.5143709947731,-0.0015276398482176878,100.52608883949172,100.38859659089489,0.2585148474506269
2025-10-11 02:15:00,100.44563266105084,100.47918587427777,100.23108432101704,100.29802597927244,1125.82497172907,-0.0014695181648811673,100.48047626744787,100.3803628989292,0.2664245481286705
2025-10-11 02:20:00,100.29802597927244,100.61927047553435,100.28049154058048,100.56392152374805,2980.0553316359083,0.002651054613283854,100.49716531870791,100.39705004664,0.274321045061423
2025-10-11 02:25:00,100.56392152374805,100.57845855017202,100.34399306635889,100.39286675481809,4723.324760816456,-0.0017009556343680066,100.47630560592995,100.39666974738347,0.24889448390904992
2025-10-11 02:30:00,100.39286675481809,100.43490286109544,99.81464530012829,99.87568065208667,4651.690090554303,-0.005151622017075197,100.3561806151613,100.34930710235649,0.26180350733002705
2025-10-11 02:35:00,99.87568065208667,99.88775478328981,99.82849473935053,99.84702949725899,1399.2139557405994,-0.00028686818092871214,100.25435039158086,100.30364550189307,0.23964625984702284
2025-10-11 02:40:00,99.84702949725899,99.94087519692968,99.76629182648652,99.88042441263144,3669.5520274360406,0.0003344607800612742,100.17956519579099,100.26517085741474,0.23445930357568198
2025-10-11 02:45:00,99.88042441263144,100.06773716617198,99.87435357765318,99.9761052439739,2269.4054293282743,0.0009579537922985715,100.13887320542757,100.23889216528376,0.22962896354134038
2025-10-11 02:50:00,99.9761052439739,100.04665786277732,99.78891074037554,99.85696314594439,4445.557648674248,-0.0011917057354732252,100.08249119353094,100.20417134534381,0.23723331274003506
2025-10-11 02:55:00,99.85696314594439,100.16898549341144,99.8357009722785,100.1025267266827,2511.5371513696614,0.002459153302903916,100.0864983001613,100.19493092546553,0.24693259580691165
2025-10-11 03:00:00,100.1025267266827,100.13052018255414,100.06598728533135,100.08415811090639,2959.2923935298913,-0.00018349802324635345,100.08603026231032,100.18486066959652,0.23322320172611402
2025-10-11 03:05:00,100.08415811090639,100.13208332583021,99.76473880207807,99.80878401243665,4914.40082564871,-0.0027514254370265556,100.03058101233559,100.15067188258197,0.2421025858636554
2025-10-11 03:10:00,99.80878401243665,99.87856845752317,99.50202257316573,99.60091922375905,2182.2912427728143,-0.002082630208696812,99.94464865462028,100.10069436814352,0.25246473105084377
2025-10-11 03:15:00,99.60091922375905,99.85517918407534,99.5104600745154,99.81611243433494,3482.6229387498615,0.002160554463282116,99.91894141056322,100.07482328325183,0.27275755656706885
2025-10-11 03:20:00,99.81611243433494,100.23231871201638,99.73079203234148,100.1791704914389,4375.310863936898,0.003637269056564474,99.97098722673836,100.08430939308701,0.29389509099986
2025-10-11 03:25:00,100.1791704914389,100.24736363713325,99.95551803592464,99.98313804235495,3529.724973093898,-0.001956818449606712,99.97341738986168,100.07511199756591,0.29701966585327916
2025-10-11 03:30:00,99.98313804235495,100.10334258067765,99.95750814347033,100.07024266018112,2074.9111992584526,0.000871193078469501,99.99278244392558,100.07466933053092,0.2832379160142397
2025-10-11 03:35:00,100.07024266018112,100.38169153259909,99.97598415154599,100.37052226027366,3407.003801285564,0.003000688237683402,100.0683304071952,100.10156505141663,0.2954694801028097
2025-10-11 03:40:00,100.37052226027366,100.60420886257404,100.36892923996622,100.56311812019747,2132.7521638060903,0.0019188488371555401,100.16728794979566,100.1435244213058,0.26797105593428633
2025-10-11 03:45:00,100.56311812019747,100.70062436540672,100.53544681831147,100.64617215418133,5377.925136161337,0.0008258896058153109,100.2630647906728,100.18921966974902,0.2755365918739991
2025-10-11 03:50:00,100.64617215418133,100.73645270633276,100.60307846923257,100.70117125013513,3938.1985272904963,0.0005464598879085791,100.35068608256528,100.23576072251139,0.27259308234950097
2025-10-11 03:55:00,100.70117125013513,100.85378099315521,100.64216166261075,100.8471642924998,3624.779727468273,0.0014497650876574841,100.44998172455219,100.29134286523761,0.27389563535133427
2025-10-11 04:00:00,100.8471642924998,100.90726999601758,100.47952874616468,100.56481842414588,5737.5857194673745,-0.0027997402835739926,100.47294906447094,100.31620427968382,0.2860380730264142
2025-10-11 04:05:00,100.56481842414588,100.64562492096869,100.05863713070252,100.08259238294205,7200.054424040702,-0.004795176372416554,100.39487772816517,100.29496683452547,0.3041597351073589
2025-10-11 04:10:00,100.08259238294205,100.26019328466609,100.0532368357267,100.24178774007659,2917.125433212411,0.0015906398240106423,100.36425973054746,100.29013237139375,0.3143328459442592
2025-10-11 04:15:00,100.24178774007659,100.25634021820659,99.83318470042491,99.8666285339337,1103.9525016548807,-0.00374254305116406,100.26473349122472,100.25163202253374,0.3183193455177979
2025-10-11 04:20:00,99.8666285339337,99.9590032620654,99.71468905314157,99.72820712916327,5011.736733296869,-0.0013860626597943515,100.15742821881243,100.20404794131824,0.30887422584396823
2025-10-11 04:25:00,99.72820712916327,99.8275011855691,99.58954405769607,99.64729044148366,2292.9334420304467,-0.0008113721283969921,100.05540066334667,100.15343362315146,0.3012483700091885
2025-10-11 04:30:00,99.64729044148366,99.6958088181368,99.43949820271303,99.52866645444745,2026.1803462675373,-0.001190438661308857,99.95005382156684,100.09663660781473,0.28373293684839396
2025-10-11 04:35:00,99.52866645444745,99.619291241316,99.48217885604475,99.5220163800882,3162.8342422077385,-6.681566825061935e-05,99.86444633327112,100.04439840529413,0.27268056428144
2025-10-11 04:40:00,99.5220163800882,99.5316637455692,99.18628936829619,99.25361559582096,3917.443844031057,-0.0026968985761118835,99.7422801857811,99.97250905897839,0.2869334171432761
2025-10-11 04:45:00,99.25361559582096,99.3632366418219,99.21854069928791,99.27105889147232,5189.85171466851,0.00017574468745196192,99.64803592691935,99.90874086193239,0.26828974296333896
2025-10-11 04:50:00,99.27105889147232,99.30377218430452,99.18999222334045,99.28167062144237,3713.1258967813196,0.00010689651232231867,99.57476286582396,99.8517344764333,0.25961119570307084
2025-10-11 04:55:00,99.28167062144237,99.32984340444284,99.18292724329312,99.25833819057003,2370.248986321866,-0.000235012472355689,99.51147793077318,99.79778935953664,0.25830681099267544
2025-10-11 05:00:00,99.25833819057003,99.43902083685053,99.17351598354423,99.38910230196848,2817.295212007586,0.001317411854582895,99.48700280501225,99.7606359906668,0.26774471215025486
2025-10-11 05:05:00,99.38910230196848,99.4560213441066,99.22563397782024,99.23339642434075,1817.6768505659109,-0.0015666292784761726,99.43628152887796,99.7127051210008,0.26908528613181915
2025-10-11 05:10:00,99.23339642434075,99.31802525917163,99.17760416045513,99.27426105359805,1391.785485244069,0.0004118031905564479,99.40387743382199,99.67284656941872,0.24856241819350494
2025-10-11 05:15:00,99.27426105359805,99.38912517431875,99.26138895176437,99.31167661275701,3677.6639230341257,0.0003768908351657885,99.385437269609,99.64001293699494,0.21575873478552005
2025-10-11 05:20:00,99.31167661275701,99.32607933567468,98.97730038735877,98.98081240463183,2987.803660914346,-0.0033315740848410824,99.30451229661358,99.58008561587101,0.22588891331241406
2025-10-11 05:25:00,98.98081240463183,99.1239733593295,98.9649524750479,99.07692903950132,4157.57856646362,0.0009710633054471618,99.25899564519113,99.53434410892831,0.20702215377669425
2025-10-11 05:30:00,99.07692903950132,99.08693503250292,98.77432522748609,98.77679853564668,2727.532364331786,-0.003029267325544427,99.16255622328225,99.46547632953907,0.21190041064048057
2025-10-11 05:35:00,98.77679853564668,98.96361421138971,98.67819633378302,98.87107660585077,2828.7543082515895,0.0009544556171263707,99.10426029979597,99.41143999102195,0.2152904641928848
2025-10-11 05:40:00,98.87107660585077,99.19804519116832,98.86942625371991,99.1080813462655,2517.1173902541336,0.0023971089276142443,99.10502450908987,99.38386193240773,0.2204553443375019
2025-10-11 05:45:00,99.1080813462655,99.15087463670773,98.84384436910572,98.87028884032564,3057.215005884525,-0.0023993250874169147,99.05807737533704,99.33717346949118,0.23259233593255552
2025-10-11 05:50:00,98.87028884032564,98.94259095709972,98.77905974071658,98.92188008598912,4186.934352894669,0.0005218073727568662,99.03083791746745,99.29941952553644,0.2196035387261363
2025-10-11 05:55:00,98.92188008598912,98.9940279711321,98.7595694184951,98.80399366984982,2116.9542403439355,-0.001191712248461374,98.98546906794392,99.2543808113831,0.22601515373349404
2025-10-11 06:00:00,98.80399366984982,98.89242835862001,98.58910863735966,98.66465795320762,3926.84364545323,-0.0014102235290992526,98.92130684499668,99.20076964245806,0.23955370804037152
2025-10-11 06:05:00,98.66465795320762,98.7543644137958,98.25866007389257,98.28807119819356,2372.6637567493785,-0.003816835357526527,98.79465971563606,99.11779705661583,0.26446714937990784
2025-10-11 06:10:00,98.28807119819356,98.31555574424422,98.20599334458275,98.24874266760511,3883.4192052345015,-0.0004001353379815553,98.68547630602987,99.03879211216031,0.2533284026909917
2025-10-11 06:15:00,98.24874266760511,98.52176485603314,98.22636190649516,98.44153076521172,2260.4000960989224,0.0019622449343585924,98.63668719786625,98.98449562607406,0.2579723729232504
2025-10-11 06:20:00,98.44153076521172,98.79026190993386,98.38120168074818,98.76902256087678,1684.999713898674,0.003326764558813533,98.66315427046837,98.96490716560159,0.2771608822424777
2025-10-11 06:25:00,98.76902256087678,98.82776816787435,98.58953086730595,98.66160577344422,6064.36752737243,-0.00108755543638539,98.66284457106354,98.93733431176909,0.28505381638633664
2025-10-11 06:30:00,98.66160577344422,98.67582953532853,98.63082882887923,98.67347180224772,1016.0211780338208,0.00012026997442893261,98.66497001730039,98.9133468109035,0.26335537053872166
2025-10-11 06:35:00,98.67347180224772,98.76111409849989,98.08384407978677,98.14350320363087,3393.885878299502,-0.005370932925913063,98.56067665456649,98.84336102842417,0.30037316585525836
2025-10-11 06:40:00,98.14350320363087,98.17857442895861,97.92810184887908,97.99215274099775,6598.389014721243,-0.0015421343002103294,98.44697187185275,98.76597845683995,0.29593479264545103
2025-10-11 06:45:00,97.99215274099775,98.07035175230432,97.58594410458353,97.65994464998022,2154.51241739642,-0.003390149942879561,98.28956642747825,98.66542992894361,0.3101483476536008
2025-10-11 06:50:00,97.65994464998022,98.02738381789207,97.65583847315719,97.97790410744244,2892.1655205939214,0.003255781667722779,98.2272339634711,98.6029275815344,0.3132145196026345
2025-10-11 06:55:00,97.97790410744244,98.22135257555907,97.93623095352008,98.14755196225526,5917.814845058948,0.0017314909556218616,98.21129756322793,98.56152979796357,0.3116496163481334
2025-10-11 07:00:00,98.14755196225526,98.44974456939046,98.06041816059246,98.41821617143826,2842.444730329061,0.002757727561937484,98.25268128487001,98.54850128646127,0.3277778443777655
2025-10-11 07:05:00,98.41821617143826,98.49134916328518,98.05643000304768,98.09804345349905,2044.9560529660741,-0.0032531855422119893,98.22175371859582,98.5075505743738,0.342096459206373
2025-10-11 07:10:00,98.09804345349905,98.24726477847142,98.04304939881652,98.19300440543108,2361.8050278474693,0.0009680208553501934,98.21600385596288,98.47895546810628,0.3350175776631263
2025-10-11 07:15:00,98.19300440543108,98.26193845817045,98.13481515080895,98.22784729573112,5337.926426707636,0.00035484086173975804,98.21837254391653,98.45612745243581,0.30869036105300296
2025-10-11 07:20:00,98.22784729573112,98.58424655005837,98.13008126615333,98.4960693451893,7297.911150923646,0.002730611092907731,98.27391190417109,98.45975853359522,0.3333048527846866
2025-10-11 07:25:00,98.4960693451893,98.71037992599985,98.4145369684857,98.68711070627893,1879.7366656381205,0.0019395836032818359,98.35655166459266,98.4804269129301,0.33333628192584036
2025-10-11 07:30:00,98.68711070627893,98.77903252942974,98.68039729982732,98.68580305687395,6164.489098278971,-1.3250457892799439e-05,98.42240194304892,98.49909747147045,0.31116306766989305
2025-10-11 07:35:00,98.68580305687395,98.70671535638118,98.55878877069604,98.62084460678821,2714.346428936463,-0.0006582350051740349,98.46209047579678,98.51016539286297,0.30471230232108887
2025-10-11 07:40:00,98.62084460678821,98.84459373727009,98.59437755776135,98.75736568036551,1316.4663797675669,0.0013843024172184304,98.52114551671053,98.53263814627229,0.3193705503967631
2025-10-11 07:45:00,98.75736568036551,98.9248841763038,98.73228687171911,98.90156521178042,5820.360676189056,0.0014601395088000846,98.59722945572452,98.56617697040939,0.2847510708161615
2025-10-11 07:50:00,98.90156521178042,98.93226953612395,98.8876400150281,98.92150798535225,5385.627426491275,0.00020164264871969095,98.66208516165007,98.59847978994965,0.2700479951744705
2025-10-11 07:55:00,98.92150798535225,98.9926859489363,98.87291893569545,98.9065890705077,9108.515356098294,-0.0001508156835493546,98.7109859434216,98.62648972454583,0.2440022355687605
2025-10-11 08:00:00,98.9065890705077,98.95166756988402,98.80329676120604,98.81074007473907,4343.075738740103,-0.0009690860504784071,98.7309367696851,98.64323975638158,0.22806119727898175
2025-10-11 08:05:00,98.81074007473907,98.90947325180434,98.49907255542746,98.58631212022242,7331.545059987174,-0.002271291100004902,98.70201183979258,98.63806451673074,0.23700970258883153
2025-10-11 08:10:00,98.58631212022242,98.6060160839556,98.21588038950853,98.25286944624561,1114.1483173476881,-0.00338224107186591,98.61218336108318,98.60304678305027,0.23706750870662216
2025-10-11 08:15:00,98.25286944624561,99.04410412051364,98.24895816301569,98.98209545547357,3169.6537113176973,0.007421930914973673,98.68616577996127,98.63750575327057,0.26279799422522593
2025-10-11 08:20:00,98.98209545547357,99.20741324561095,98.88869665201648,99.20010083583992,3294.9592102116303,0.0022024728751515177,98.788952791137,98.68865076077688,0.27097665236376706
2025-10-11 08:25:00,99.20010083583992,99.20153817379155,98.98482651645382,99.03685693331737,1940.5036529592069,-0.0016456021833354262,98.83853361957308,98.72030586737147,0.2773758202192117
2025-10-11 08:30:00,99.03685693331737,99.06450132506687,98.93394299214395,99.00651946839236,4293.945741948827,-0.0003063249972223847,98.87213078933695,98.7463252856461,0.25426103800620276
2025-10-11 08:35:00,99.00651946839236,99.0405764013028,98.89431590385875,98.89554431947104,2376.09605488616,-0.001120887286182648,98.87681349536378,98.75989065235746,0.24357657657262471
2025-10-11 08:40:00,98.89554431947104,99.00825639679505,98.88354673969548,98.96287021082871,1860.6765540160998,0.0006807778026902689,98.89402483845677,98.7783433394912,0.245439035679564
2025-10-11 08:45:00,98.96287021082871,99.1946523486635,98.91414371920537,99.12671988536349,2608.3865834098724,0.0016556681731816347,98.94056384783812,98.81001393457049,0.2549091816633486
2025-10-11 08:50:00,99.12671988536349,99.18334977268934,98.89424705321221,98.96916548831223,5356.502572138761,-0.0015894240950721228,98.94628417593295,98.82448225763792,0.2576867916610906
2025-10-11 08:55:00,98.96916548831223,99.21721859722432,98.8885250322459,99.1968698390855,3534.3425222210617,0.0023007605414249177,98.99640130856346,98.85833567413316,0.2674079531177855
2025-10-11 09:00:00,99.1968698390855,99.54637527418346,99.11184495239107,99.47403574790178,2845.729968662198,0.0027940993427100214,99.09192819643114,98.91430840811212,0.2952580103103953
2025-10-11 09:05:00,99.47403574790178,99.49215774855824,99.16270203571656,99.17673570155458,2874.7830731821705,-0.0029887200625965393,99.10888969745584,98.9381654347887,0.3102357745675976
2025-10-11 09:10:00,99.17673570155458,99.26045597805577,99.14516762569009,99.17617878109712,2953.760655711736,-5.615434441552658e-06,99.1223475141841,98.95980301172582,0.3078727419738619
2025-10-11 09:15:00,99.17617878109712,99.36412329959006,99.13419097914121,99.2665361130083,2088.521181513771,0.0009110789810788944,99.15118523394895,98.98768783911514,0.29498214369328835
2025-10-11 09:20:00,99.2665361130083,99.31748366206804,99.19322041554148,99.25177026361979,1788.1168160762588,-0.00014874951788079738,99.17130223988312,99.01169533225192,0.27599125455610973
2025-10-11 09:25:00,99.25177026361979,99.27235833526734,99.14541273448414,99.15160252744727,2530.4583969818664,-0.0010092287110493592,99.16736229739595,99.02441416817877,0.22826265764791337
2025-10-11 09:30:00,99.15160252744727,99.4015063917558,99.06625325602188,99.32243700359365,932.4971020228426,0.0017229623303274266,99.1983772386355,99.05150715321648,0.22944383922930253
2025-10-11 09:35:00,99.32243700359365,99.521340816772,99.25433520784175,99.51177892511075,2583.7905275625535,0.0019063358414197484,99.26105757593056,99.0933500415705,0.2330362643430541
2025-10-11 09:40:00,99.51177892511075,99.58059808585975,99.31890901983242,99.41626816955568,3133.577177372472,-0.0009597934695444454,99.29209969465559,99.1227062350237,0.24240274527908362
2025-10-11 09:45:00,99.41626816955568,99.48461973281088,99.37995122123426,99.44347504313963,3747.360109823812,0.00027366621263169577,99.3223747643524,99.15186703576151,0.23943188914569596
2025-10-11 09:50:00,99.44347504313963,99.46986505676202,99.14421324130429,99.15135204503724,1688.869525330735,-0.0029375783375998887,99.28817022048938,99.15182021842294,0.2537849004569931
2025-10-11 09:55:00,99.15135204503724,99.23232644060269,98.85724287101591,98.948185734069,836.3818097713656,-0.002049052350551528,99.22017332320532,99.13330799257258,0.26054025332332537
2025-10-11 10:00:00,98.948185734069,98.96480362135414,98.80712856985636,98.84269571405947,4203.901744326406,-0.0010661137364664786,99.14467780137615,99.10688869452594,0.25115256275337167
2025-10-11 10:05:00,98.84269571405947,98.8466635399846,98.37776175785423,98.37809464562916,2661.007283961949,-0.004700408715828108,98.99136117022675,99.04063469008076,0.2611674354070824
2025-10-11 10:10:00,98.37809464562916,98.52207124751268,98.37307488996028,98.50671778626915,5088.936652760195,0.001307436793762884,98.89443249343523,98.99209678973425,0.2407721522470833
2025-10-11 10:15:00,98.50671778626915,98.5973391506059,98.25328151192338,98.27321424997264,4545.801815692905,-0.002370432611541684,98.77018884474272,98.9267438315741,0.24181514695000114
2025-10-11 10:20:00,98.27321424997264,98.2826777844107,97.93901592668853,97.95207646216771,2920.261562281,-0.003267805884399677,98.60656636822772,98.83813770708261,0.2581275401897502
2025-10-11 10:25:00,97.95207646216771,97.97322779682855,97.94966927114707,97.9606311322224,2304.93961504443,8.733525989113033e-05,98.47737932102666,98.75836438209531,0.24338655484922356
2025-10-11 10:30:00,97.9606311322224,98.38798004910012,97.94684267960335,98.36190057208657,1886.200432870199,0.004096231672114703,98.45428357123865,98.72232221754906,0.2660204207756668
2025-10-11 10:35:00,98.36190057208657,98.52696364827915,98.27461576904423,98.430521665846,2901.914421655118,0.0006976389573638553,98.44953119016013,98.69579489466696,0.2749777263793608
2025-10-11 10:40:00,98.430521665846,98.49688619742969,98.00022948887727,98.07970207526967,1846.1178074555041,-0.0035641342201487847,98.37556536718205,98.63978645653992,0.28650655300925365
2025-10-11 10:45:00,98.07970207526967,98.11735361501489,98.02079133333618,98.08196314524913,1916.1238823462954,2.3053393634286934e-05,98.31684492279547,98.58907524642258,0.27433202963414416
2025-10-11 10:50:00,98.08196314524913,98.14122533914468,97.78460424880777,97.82413339694891,2532.689770104674,-0.0026287172486383348,98.21830261762616,98.51953507828861,0.28111288851340027
2025-10-11 10:55:00,97.82413339694891,97.86413942340855,97.77263774498327,97.79349426927392,568.6395055646989,-0.00031320622642938556,98.13334094795572,98.45353136837818,0.2801724004311613
2025-10-11 11:00:00,97.79349426927392,97.81791400366367,97.53113792369518,97.62662741992226,3950.3427594848017,-0.0017063185092067723,98.03199824234903,98.3783582821549,0.27739556218192973
2025-10-11 11:05:00,97.62662741992226,97.71122602022996,97.55887999721553,97.6577055382201,534.0331708323006,0.00031833649404044984,97.95713970152325,98.31284439634265,0.2614857374267621
2025-10-11 11:10:00,97.6577055382201,97.85603294338104,97.57059341560685,97.75885623490545,2412.6991962269526,0.0010357676962393647,97.9174830081997,98.262481836212,0.2706117714465058
2025-10-11 11:15:00,97.75885623490545,98.18143603495137,97.67319334340301,98.16696063961842,2621.5373340898846,0.004174602899734481,97.96737853448344,98.25379809106713,0.2734218364049334
2025-10-11 11:20:00,98.16696063961842,98.19622945450577,97.91678551535578,97.97272432869559,4027.9882664921042,-0.001978632216554921,97.96844769332588,98.22824593085153,0.2827395208047605
2025-10-11 11:25:00,97.97272432869559,98.2934133178957,97.87619259767872,98.21194943137662,4566.259916656574,0.00244175207253039,98.01714804093604,98.22676443089927,0.28796545520007805
2025-10-11 11:30:00,98.21194943137662,98.25317524118091,98.12318263868217,98.19616376915458,4565.884874480755,-0.00016073056602006197,98.05295118657975,98.22398255255884,0.2727033655412622
2025-10-11 11:35:00,98.19616376915458,98.25804291080888,97.90072495328576,97.99617163696274,1222.9290505993386,-0.0020366593206430084,98.04159527665635,98.20327246932283,0.29654332495852237
2025-10-11 11:40:00,97.99617163696274,98.05507751837008,97.78526824432994,97.83630073616982,2343.2460836123246,-0.0016313994528804887,98.00053636855905,98.16991140267255,0.28430560385447734
2025-10-11 11:45:00,97.83630073616982,98.00256040367697,97.83521603326078,97.9482184691991,1653.5552774371272,0.0011439285028886914,97.99007278868707,98.14975749962952,0.2782339246531395
2025-10-11 11:50:00,97.9482184691991,98.10247253404988,97.87461332477497,98.0425146400691,2963.2005482100517,0.0009627145071520182,98.00056115896348,98.14000814876039,0.25903410327617443
2025-10-11 11:55:00,98.0425146400691,98.12513559096156,97.87316474261729,97.94125069281976,2966.000884909289,-0.001032857506981455,97.98869906573474,98.12193928912941,0.270134715180857
2025-10-11 12:00:00,97.94125069281976,97.99465679700361,97.87219056280296,97.9266858587851,4228.329797494743,-0.00014870990447468646,97.97629642434481,98.10418897727993,0.25340936831398153
2025-10-11 12:05:00,97.9266858587851,97.94486032331905,97.75897249736848,97.76761745151568,2558.7707308010904,-0.0016243622039738836,97.93456062977899,98.07359156584681,0.26015123599436
2025-10-11 12:10:00,97.76761745151568,97.95361048197897,97.72661736723795,97.87644869680234,10425.299731003186,0.0011131624982130273,97.92293824318367,98.05566948684276,0.2558810241923979
2025-10-11 12:15:00,97.87644869680234,97.88963894909051,97.76227841794855,97.79350731239454,4693.186659490417,-0.0008474090091349362,97.89705205702585,98.03183656189292,0.2540963462015071
2025-10-11 12:20:00,97.79350731239454,97.94468498054255,97.72571863800191,97.89879016939788,1235.6771042060886,0.0010765833018651083,97.89739967950025,98.01974143530245,0.24934826154196799
2025-10-11 12:25:00,97.89879016939788,98.32161305839006,97.84545691328063,98.30245991551742,3618.1401823204924,0.0041233374326796746,97.9784117267037,98.04544311532199,0.2470563653677585
2025-10-11 12:30:00,98.30245991551742,98.39119315790057,98.23193225545884,98.29082714048887,3731.498964151153,-0.00011833656084025979,98.04089480946074,98.06775075397351,0.23847186274574028
2025-10-11 12:35:00,98.29082714048887,98.29389033135033,98.22752824489949,98.2356157645155,3074.581193075443,-0.0005617144303248223,98.0798390004717,98.08301120947733,0.2134105317624448
2025-10-11 12:40:00,98.2356157645155,98.43280034296762,98.19380131668211,98.34684108592558,3094.9298832113077,0.0011322301035572302,98.13323941756248,98.1069957436999,0.22119670489007096
2025-10-11 12:45:00,98.34684108592558,98.58952922499522,98.26506663930965,98.51409839673282,2784.911605794831,0.0017006881864269907,98.20941121339655,98.1440050757938,0.21884989261595983
2025-10-11 12:50:00,98.51409839673282,98.60077235232461,98.12363153065014,98.18973829802938,2403.6554025625055,-0.00329252466380181,98.20547663032312,98.14816264145158,0.23365928887555448
2025-10-11 12:55:00,98.18973829802938,98.39256641409195,98.12124039425862,98.31485448047292,7130.063881470605,0.0012742286985609752,98.22735220035308,98.16331644499897,0.24108654954820707
2025-10-11 13:00:00,98.31485448047292,98.37265543967479,98.228826090456,98.3454662395343,2611.474635991719,0.00031136453614410975,98.25097500818933,98.17987551722945,0.23508441668705565
2025-10-11 13:05:00,98.3454662395343,98.53397249507663,98.32709478288115,98.44937067232955,3136.858423994958,0.0010565248889276013,98.29065414101738,98.204375076784,0.23186347839071328
2025-10-11 13:10:00,98.44937067232955,98.50832508644663,98.2749942420898,98.31720100511959,1692.9581048999821,-0.0013425140892964205,98.29596351383783,98.21463197935996,0.23978237911615402
2025-10-11 13:15:00,98.31720100511959,98.40453980991207,98.11341092831448,98.20103680719792,4039.524676825171,-0.001181524664393252,98.27697817250986,98.21339605461796,0.247299597376655
2025-10-11 13:20:00,98.20103680719792,98.39974538221807,98.10323725627818,98.35015939279795,2665.5051711633655,0.0015185439018612357,98.29161441656748,98.2258290853616,0.2522649553194317
2025-10-11 13:25:00,98.35015939279795,98.59491164372584,98.31737104321748,98.59381995264665,1852.0280553837372,0.002477480070729232,98.35205552378332,98.25928280056932,0.2629921031313174
2025-10-11 13:30:00,98.59381995264665,98.64999261312809,98.19851278915775,98.25495827441432,2263.551823601657,-0.003436946437363808,98.33263607390953,98.25888966182795,0.2796002089477249
2025-10-11 13:35:00,98.25495827441432,98.5680279011918,98.2044059938672,98.50354970867569,3662.295192603912,0.0025300650331261387,98.36681880086277,98.28113148426866,0.2715620491059515
2025-10-11 13:40:00,98.50354970867569,98.57368355668036,98.2519762785809,98.33185132365962,8124.307227452519,-0.0017430679962688878,98.35982530542215,98.28574237875874,0.2831653616529327
2025-10-11 13:45:00,98.33185132365962,98.39270728531187,97.69330243631576,97.78242060904662,1592.2820007427108,-0.005587515207097438,98.24434436614705,98.23998585423945,0.3283827018347379
2025-10-11 13:50:00,97.78242060904662,97.93138286647893,97.6977254661342,97.91080357251475,4527.047240867703,0.001312945237686769,98.17763620742059,98.21006019226448,0.3280011571246817
2025-10-11 13:55:00,97.91080357251475,97.9708231279002,97.6906186102948,97.73792938166254,1546.4456106850919,-0.0017656293743333329,98.08969484226898,98.16713920948249,0.32483986654752683
2025-10-11 14:00:00,97.73792938166254,97.83744698788243,97.68641489753952,97.82531987631366,5253.668987446764,0.0008941308170122841,98.03681984907793,98.13606472464895,0.3015463857381298
2025-10-11 14:05:00,97.82531987631366,98.08717109108527,97.73610913952066,98.0343704135705,6841.032324698632,0.002136977804122253,98.03632996197645,98.12681978727818,0.3072418094332211
2025-10-11 14:10:00,98.0343704135705,98.08507287847914,97.94313800716712,98.03287414049551,2314.363069568356,-1.5262739676669135e-05,98.03563879768026,98.11827927393429,0.30710648958273723
2025-10-11 14:15:00,98.03287414049551,98.12368250513931,97.74607529000066,97.84285169291633,1906.4302978894455,-0.001938354345368376,97.99708137672748,98.09324040293265,0.3193014540786783
2025-10-11 14:20:00,97.84285169291633,97.87242093249634,97.71237612135072,97.76090079688686,3243.503894211828,-0.0008375767326025407,97.94984526075936,98.06302771147394,0.31406673742073515
2025-10-11 14:25:00,97.76090079688686,97.81810530697734,97.68117645960344,97.81688760023158,1961.8169889364704,0.0005726911565702153,97.9232537286538,98.04065133772463,0.30305244926190106
2025-10-11 14:30:00,97.81688760023158,97.89054313137679,97.50710903623808,97.59170524047337,2051.0713420221946,-0.002302080604716261,97.85694403101772,97.99983805615632,0.3092614470618165
2025-10-11 14:35:00,97.59170524047337,97.76553755457729,97.49519131153708,97.68869173300027,5888.124587327715,0.0009937985230190627,97.82329357141424,97.9715520267785,0.30874756438552
2025-10-11 14:40:00,97.68869173300027,97.83682406066086,97.6513294953319,97.75539587361727,5111.408483495229,0.0006828235636455737,97.80971403185485,97.9519014674002,0.2897486173397072
2025-10-11 14:45:00,97.75539587361727,98.02953607529226,97.70108175098675,97.95113952009177,4436.650870751912,0.002002382014058446,97.83799912950224,97.95183219946307,0.287236647124058
2025-10-11 14:50:00,97.95113952009177,98.32374232104003,97.90826186153241,98.2329208612072,3192.228070430568,0.0028767540887835175,97.91698347584324,97.97738571416708,0.29393473151035465
2025-10-11 14:55:00,98.2329208612072,98.28353991240908,98.19504117619128,98.26851942094241,5497.949381050995,0.00036238930312881834,97.98729066486308,98.00385241478303,0.2502985805976183
2025-10-11 15:00:00,98.26851942094241,98.33130216111081,98.15016953471263,98.23890727001877,4637.963890834698,-0.000301339137885992,98.03761398589423,98.02522103798627,0.24654681103000797
2025-10-11 15:05:00,98.23890727001877,98.24679915495695,98.14893855590412,98.20699832875603,1230.1636279518304,-0.00032480961107428374,98.07149085446659,98.04174624623806,0.2335222454191097
2025-10-11 15:10:00,98.20699832875603,98.22861653076698,97.939447598595,97.9511389118792,1950.9933426804203,-0.0026053073735164967,98.04742046594912,98.0335092158418,0.24338916269261546
2025-10-11 15:15:00,97.9511389118792,98.15288417049666,97.87091459793564,98.10440868710411,3751.185700538479,0.0015647574589490176,98.05881811018013,98.0399546223202,0.23845399276378845
2025-10-11 15:20:00,98.10440868710411,98.31585638421897,98.02347819284299,98.2297011623536,2796.919068649457,0.001277133993530244,98.09299472061483,98.05720430777778,0.24919994419692923
2025-10-11 15:25:00,98.2297011623536,98.437519490866,98.17471663117222,98.35008121038254,2506.6939631436403,0.0012254954113111172,98.14441201856837,98.08382948074184,0.24099963309372388
2025-10-11 15:30:00,98.35008121038254,98.44396814535703,98.3407489556894,98.43886364558642,2254.278918355221,0.0009027184737546712,98.20330234397198,98.11610531390953,0.23694066013100976
2025-10-11 15:35:00,98.43886364558642,98.65479112047888,98.42844433280754,98.60317891679674,4115.331617573287,0.0016692113777532214,98.28327765853695,98.16038473235382,0.24332765586653998
2025-10-11 15:40:00,98.60317891679674,98.65531330728665,98.51111739449323,98.51205065003688,3139.1307289281913,-0.0009241919759681583,98.32903225683694,98.1923543612341,0.22623921427044788
2025-10-11 15:45:00,98.51205065003688,98.59180833270595,98.44788762574288,98.58492381497413,2497.2840130001505,0.0007397385848368909,98.38021056846438,98.22804249339228,0.21720881883636675
2025-10-11 15:50:00,98.58492381497413,98.62902578561335,98.5120940103848,98.53405992452495,8107.741982592023,-0.0005159398463870923,98.41098043967649,98.25586225985889,0.21231147668633707
2025-10-11 15:55:00,98.53405992452495,98.60925289927981,98.197006200278,98.22300631425556,1950.6365101123572,-0.0031568130909013226,98.37338561459231,98.25287535571313,0.21829664630750148
2025-10-11 16:00:00,98.22300631425556,98.3973930459051,98.1382854592822,98.37128585343319,3832.5125866697595,0.0015096212663581188,98.37296566236049,98.26363994641495,0.20712715538716456
2025-10-11 16:05:00,98.37128585343319,98.46898802811481,98.3025969839731,98.42960156886518,2102.1425935939637,0.0005928123733065505,98.38429284366143,98.2787273666377,0.2126908916674434
2025-10-11 16:10:00,98.42960156886518,98.76860090605595,98.4114027339049,98.69264168665968,1150.4837232862144,0.002672368003140413,98.44596261226108,98.31635594118515,0.22526700207836317
2025-10-11 16:15:00,98.69264168665968,98.77247651185034,98.5338819231951,98.54226372651374,7350.508571511245,-0.001523699817696511,98.46522283511162,98.33689301257866,0.23531942990710775
2025-10-11 16:20:00,98.54226372651374,98.62136096645487,98.51642165257523,98.55884799992143,2777.3547630259645,0.00016829604659496233,98.48394786807359,98.35707073870073,0.22216017145765424
2025-10-11 16:25:00,98.55884799992143,98.89747803471172,98.54617326962355,98.89543181952737,3159.619982992132,0.0034150543196915795,98.56624465836435,98.4060126551395,0.22711268520959343
2025-10-11 16:30:00,98.89543181952737,99.03120115939146,98.8032378259919,99.03086089899439,1840.141901724782,0.001369416938429957,98.65916790649037,98.46281704094449,0.22251162392556267
2025-10-11 16:35:00,99.03086089899439,99.12567535775332,98.99271205285145,98.99692511337761,2345.613496904164,-0.00034267889129413476,98.72671934786783,98.51137232025658,0.21323737001185553
2025-10-11 16:40:00,98.99692511337761,99.1738995858472,98.97787547455171,99.15416714508052,3842.1476148351603,0.0015883526839124418,98.81220890731038,98.56980821342239,0.21986629298527408
2025-10-11 16:45:00,99.15416714508052,99.24756483330796,99.06273754983992,99.10568792867026,1913.909775008708,-0.0004889276750146276,98.87090471158236,98.6185245511722,0.21690061411361025
2025-10-11 16:50:00,99.10568792867026,99.10647959766334,98.73389487482186,98.76124225242869,1275.8961661680291,-0.003475538926579924,98.84897221975163,98.63149888765005,0.2332141005456145
2025-10-11 16:55:00,98.76124225242869,98.97197490778616,98.72428037619882,98.94659576533087,1416.4196766119924,0.0018767839354270066,98.86849692886749,98.66014405834831,0.2406265165902052
2025-10-11 17:00:00,98.94659576533087,99.13933940068183,98.8678603713428,99.07107404280262,2122.968233911954,0.0012580349683477543,98.90901235165452,98.69750132966233,0.2516656061695254
2025-10-11 17:05:00,99.07107404280262,99.09978709577312,98.85996749881632,98.89476794335019,2259.1608906271235,-0.0017795920873560078,98.90616346999366,98.7154346581794,0.23934938459488211
2025-10-11 17:10:00,98.89476794335019,98.93812623515882,98.79868864036904,98.91579341095103,2855.115490298573,0.0002126044485273315,98.90808945818513,98.73364909024954,0.2308015280353735
2025-10-11 17:15:00,98.91579341095103,98.95672887746873,98.72128898158302,98.75684344777001,9538.121082108355,-0.0016069219858617645,98.87784025610212,98.73575766820595,0.23573358887423165
2025-10-11 17:20:00,98.75684344777001,98.8836341055342,98.66393780778462,98.81478681135715,2940.2263993286647,0.0005867275782036607,98.86522956715314,98.74294213576515,0.22591202641698313
2025-10-11 17:25:00,98.81478681135715,98.81807711668118,98.6515673654968,98.69810088305692,1441.4953465140604,-0.0011808549313878647,98.8318038303339,98.73886565824621,0.22076310945477826
2025-10-11 17:30:00,98.69810088305692,98.8309913050739,98.603923084491,98.75679433635952,1231.9109217759503,0.0005946766227258315,98.81680193153903,98.7404955380747,0.22948660279072491
2025-10-11 17:35:00,98.75679433635952,98.79523795936244,98.53923370258953,98.63554599879674,6437.862434302413,-0.0012277467932971797,98.78055074499058,98.7309546708676,0.22267942362534907
2025-10-11 17:40:00,98.63554599879674,98.75475945411665,98.57274963156065,98.69688837692276,7247.409821295735,0.0006219094496293653,98.76381827137702,98.72785773505443,0.2193970299936662
2025-10-11 17:45:00,98.69688837692276,98.73579491792762,98.36323747841857,98.45212551067769,5325.207910686482,-0.002479945115496651,98.70147971923716,98.702791169202,0.23651089675132145
2025-10-11 17:50:00,98.45212551067769,98.67406345640174,98.3558204744184,98.63274065015278,1838.3675456475073,0.001834547893590166,98.68773190542029,98.69642294019752,0.24524081608616857
2025-10-11 17:55:00,98.63274065015278,98.66972451058115,98.50701748081104,98.59399218644907,1574.9816224909246,-0.00039285599739291577,98.66898396162605,98.68711105349311,0.24366079796488752
2025-10-11 18:00:00,98.59399218644907,98.80859705678485,98.57372064157326,98.80577328572666,2609.0082796892757,0.0021480122123169743,98.69634182644619,98.6978985291507,0.23382449027703803
2025-10-11 18:05:00,98.80577328572666,98.89513334841324,98.55647921619172,98.5768311514942,3613.2594357100515,-0.002317092682128985,98.67243969145579,98.6868924039092,0.24032160460805077
2025-10-11 18:10:00,98.5768311514942,98.74093376046356,98.51481450150898,98.64590818526665,10369.872285233158,0.0007007430951628812,98.66713339021797,98.68316656585078,0.23708162100916144
2025-10-11 18:15:00,98.64590818526665,98.64650039277595,98.45706890596566,98.50132952953835,2463.10291658008,-0.0014656325679192062,98.63397261808205,98.66663592618602,0.23348247028441044
2025-10-11 18:20:00,98.50132952953835,98.56151133479533,98.37027879056893,98.43590433573128,4895.226944189165,-0.0006642062002569782,98.5943589616119,98.64566032705376,0.23718210952988272
2025-10-11 18:25:00,98.43590433573128,98.50490639194929,98.29055201553115,98.38366526761457,3136.3638218468514,-0.0005306911992044583,98.55222022281244,98.62184259437747,0.23567600099648445
2025-10-11 18:30:00,98.38366526761457,98.47342316117962,98.03782913880406,98.0790193451547,3796.73040536486,-0.0030965091779331377,98.4575800472809,98.57249502626631,0.251097267041198
2025-10-11 18:35:00,98.0790193451547,98.20863944186878,98.01688085855363,98.11636004940269,6356.207961349916,0.00038072061178118233,98.38933604770526,98.5310282101878,0.2529007550505388
2025-10-11 18:40:00,98.11636004940269,98.2397480607241,98.06468566324821,98.18475490259536,2193.03323342248,0.0006970789902747132,98.34841981868328,98.49954881858848,0.24918605340003808
2025-10-11 18:45:00,98.18475490259536,98.24912291514354,97.75949796894186,97.84053053951473,1876.4168010548915,-0.0035058840185741014,98.24684196284959,98.4396380659454,0.26587324550209346
2025-10-11 18:50:00,97.84053053951473,97.90720647993814,97.74440326417869,97.84123197011004,2139.2481262204774,7.169120930239359e-06,98.16571996430169,98.38523751177856,0.26450134501662603
2025-10-11 18:55:00,97.84123197011004,98.15634475280751,97.77977794345085,98.12964893196266,2892.436422365274,0.002947805910096468,98.1585057578339,98.36200218634075,0.2647877285771695
2025-10-11 19:00:00,98.12964893196266,98.2648963216443,98.06681517186641,98.1835992569775,7308.475462126771,0.0005497861818730687,98.16352445766262,98.34578373821681,0.2562047405624942
2025-10-11 19:05:00,98.1835992569775,98.24101503009476,98.10680693584543,98.14424054081621,2842.9132555188326,-0.0004008685407659307,98.15966767429335,98.3274616293622,0.2541691023110104
2025-10-11 19:10:00,98.14424054081621,98.23464597170316,97.74314146677771,97.80701480406111,2009.1570455806352,-0.003436021664611655,98.0891371002469,98.28014828160755,0.2724996801477145
2025-10-11 19:15:00,97.80701480406111,97.90345138886565,97.7337588491393,97.79716852134138,6921.301412944152,-0.00010067051672579819,98.03074338446581,98.23624103067426,0.26043099496948735
2025-10-11 19:20:00,97.79716852134138,97.83067132204104,97.69719940689426,97.7829896040632,2738.5526908609545,-0.00014498290178077688,97.98119262838529,98.1950363555278,0.2538133275546447
2025-10-11 19:25:00,97.7829896040632,98.02319956488354,97.69784563493577,98.01808020520434,5624.350458967722,0.0024042075425700915,97.9885701437491,98.17894943277112,0.2635220734930357
2025-10-11 19:30:00,98.01808020520434,98.09524407470653,97.65794053994296,97.67796886586716,4661.996520955914,-0.003469883705385257,97.92644988817271,98.13340574487076,0.28109857281711975
2025-10-11 19:35:00,97.67796886586716,97.7132684402007,97.53789648703804,97.54904927208682,2844.1942448027844,-0.001319843105638041,97.85096976495554,98.08028242916312,0.2783141140131562
2025-10-11 19:40:00,97.54904927208682,97.7225161319101,97.46000078338955,97.62540324668774,7679.503581353213,0.0007827239237150341,97.80585646130199,98.03892977621081,0.2659513515949407
2025-10-11 19:45:00,97.62540324668774,97.62603984480313,97.31369413904436,97.35866166577546,5754.709670674404,-0.0027322968412049065,97.71641750219669,97.97708722071668,0.274564717483771
2025-10-11 19:50:00,97.35866166577546,97.4432110464282,97.14365801889616,97.16043973015674,2847.2346641063937,-0.0020359969234088338,97.6052219477887,97.90284653975668,0.2834569053449251
2025-10-11 19:55:00,97.16043973015674,97.27893110801409,97.09277378637849,97.24708458719554,5181.805237879465,0.0008917709438063248,97.53359447567009,97.84323181679657,0.2617806464473479
2025-10-11 20:00:00,97.24708458719554,97.41897885886785,97.23668686372834,97.35632078212187,3030.311954980366,0.001123285036153332,97.49813973696045,97.79896717728069,0.2631727021173518
2025-10-11 20:05:00,97.35632078212187,97.49142613739309,97.28202937521486,97.4052554355201,1076.874528460102,0.0005026345799132859,97.47956287667239,97.76317520075699,0.2512319844617496
2025-10-11 20:10:00,97.4052554355201,97.79374920552151,97.36376535715597,97.73053156351843,5620.026847143332,0.00333941045115016,97.5297566140416,97.76020759737166,0.26779646293229575
2025-10-11 20:15:00,97.73053156351843,97.74846272898766,97.64037719710673,97.65421473303365,7039.913492005611,-0.0007808903652096744,97.55464823784001,97.75057188243184,0.2659305656202672
2025-10-11 20:20:00,97.65421473303365,97.74525769530071,97.4916657329049,97.52093242042618,2312.669982221065,-0.0013648393258994806,97.54790507435726,97.72969556770406,0.2489368125824356
2025-10-11 20:25:00,97.52093242042618,97.6152053312153,97.21572238723918,97.24772177569325,3158.13777271266,-0.0028015589879214486,97.48786841462446,97.68587976843034,0.26535041288599054
2025-10-11 20:30:00,97.24772177569325,97.31309746505181,97.13723906642385,97.21212986693655,8492.69344615724,-0.0003659922115070158,97.43272070508688,97.64281159556727,0.26837801884893203
2025-10-11 20:35:00,97.21212986693655,97.22396343675555,97.05127831831787,97.14284683297588,1694.5165204173609,-0.0007126994754205196,97.37474593066469,97.5973602535135,0.257473103741069
2025-10-11 20:40:00,97.14284683297588,97.34480290579931,97.10620140839428,97.25977616001732,5853.363321961062,0.0012036843767044836,97.35175197653523,97.5666707904684,0.2432801010726016
2025-10-11 20:45:00,97.25977616001732,97.71318813738998,97.18011240241795,97.6840618152289,3986.7250266430906,0.004362395966380994,97.41821394427397,97.57734270181025,0.26883037120184283
2025-10-11 20:50:00,97.6840618152289,98.26898575159544,97.67453787943113,98.23350406200345,3682.7830802504027,0.005624686735629769,97.58127196781987,97.63699373455509,0.2925398371763969
2025-10-11 20:55:00,98.23350406200345,98.25925813324821,98.02507988608926,98.10529044810126,9240.111106566581,-0.0013051923081279782,97.68607566387615,97.67956616305929,0.2869564472764097
2025-10-11 21:00:00,98.10529044810126,98.16491762819963,98.0578837811017,98.0649845923072,4294.731375788169,-0.0004108428364052452,97.76185744956237,97.71460420208183,0.2732050772454023
2025-10-11 21:05:00,98.0649845923072,98.14579372392942,97.90681276810075,97.99164473395118,2650.661917538672,-0.0007478699829599478,97.80781490644014,97.73978970497905,0.276978193973478
2025-10-11 21:10:00,97.99164473395118,98.0354204236535,97.82297004590319,97.8585486511885,2702.9558207971,-0.0013582390939965716,97.81796165538982,97.75058597281627,0.27913236415996423
2025-10-11 21:15:00,97.8585486511885,98.14661667783184,97.7692985644074,98.09030884476819,3031.1258976397926,0.0023683183204135094,97.8724310932655,97.78146987026643,0.29112674639183617
2025-10-11 21:20:00,98.09030884476819,98.56337372177424,98.00211946530958,98.5428485715781,1396.802431109093,0.0046135008864747196,98.00651458892803,97.85068611584022,0.30050320411320236
2025-10-11 21:25:00,98.5428485715781,98.85186413010595,98.46359924161091,98.79674513564825,3857.594040440221,0.0025765092825149605,98.16456069827208,97.93669148127731,0.32051601529992474
2025-10-11 21:30:00,98.79674513564825,98.830664123575,98.5790114097576,98.65718101272924,1517.7692673782865,-0.0014126388751712904,98.26308476116353,98.00219052959112,0.32037749754432504
2025-10-11 21:35:00,98.65718101272924,98.67948047403394,98.33851448769946,98.35334656573079,848.2895127982526,-0.003079699256349655,98.28113712207698,98.03411380560381,0.31619771485563725
2025-10-11 21:40:00,98.35334656573079,98.42452221600898,98.20586293153097,98.27105197458869,2876.2046335268956,-0.0008367238534898735,98.27912009257933,98.05565363914789,0.31925492098778313
2025-10-11 21:45:00,98.27105197458869,98.36511447611807,98.22368710739345,98.34342278026412,3858.569616926249,0.0007364407342880241,98.2919806301163,98.08181447015845,0.31702222457970713
2025-10-11 21:50:00,98.34342278026412,98.7159773433649,98.2967869630766,98.65141436823376,2707.9711235980517,0.0031317965072032994,98.3638673777398,98.13359627907438,0.32992143049994077
2025-10-11 21:55:00,98.65141436823376,98.7132490333535,98.54936610099094,98.64334033993397,3921.543768821255,-8.184401968780453e-05,98.41976197017864,98.17993664824343,0.3035505160278364
2025-10-11 22:00:00,98.64334033993397,98.68804906753137,98.40827276944452,98.44263953917863,4987.127669248289,-0.0020346107508495415,98.42433748397865,98.20381872923754,0.28107397502230314
2025-10-11 22:05:00,98.44263953917863,98.47942778341961,98.39789526652243,98.41994069826256,1656.2696464020316,-0.00023057936095904896,98.42345812683544,98.22346618096708,0.27017070857503406
2025-10-11 22:10:00,98.41994069826256,98.48747519912126,98.39795621019752,98.4090281788182,2459.897117599393,-0.0001108771186706381,98.420572137232,98.240335453499,0.2689196472768773
2025-10-11 22:15:00,98.4090281788182,98.44359483775683,98.23449634775038,98.28185210020065,1043.2073994873097,-0.001292321253152262,98.39282812982574,98.24410969410823,0.26678518543243357
2025-10-11 22:20:00,98.28185210020065,98.36707744944377,98.15686345000826,98.18424760158943,1672.8748427987782,-0.0009931080512372015,98.35111202417849,98.23866768569744,0.2666254441242332
2025-10-11 22:25:00,98.18424760158943,98.31988174455414,98.10986414896651,98.23847511918706,3704.040705960046,0.0005523036426136052,98.3285846431802,98.23865017965103,0.2546754071358898
2025-10-11 22:30:00,98.23847511918706,98.37827431755615,98.20494029858284,98.34108271695683,2133.0515081901563,0.0010444746586841802,98.33108425793554,98.24796222849702,0.22696681874365002
2025-10-11 22:35:00,98.34108271695683,98.4844646190494,98.24497518432418,98.44653126478738,4482.012744604098,0.001072273610552399,98.35417365930591,98.26601395906887,0.21634000061723466
2025-10-11 22:40:00,98.44653126478738,98.76730898656545,98.44345655636722,98.73283639686224,5572.321880977051,0.0029082297608311602,98.42990620681718,98.30845236250462,0.22149712321586484
2025-10-11 22:45:00,98.73283639686224,98.82234793589284,98.38527284302673,98.38767803765599,4409.969108162793,-0.0034958821381254612,98.42146057298494,98.31565469660929,0.22836205939669543
2025-10-11 22:50:00,98.38767803765599,98.45214589880544,98.30769441016535,98.44735175400389,3500.23748613677,0.0006065161566783939,98.42663880918873,98.32762715637243,0.2230615025511296
2025-10-11 22:55:00,98.44735175400389,98.92978795635086,98.41616524113005,98.84232663620539,1553.368225440019,0.004012041717368353,98.50977637459206,98.37441801817542,0.24964688444371522
2025-10-11 23:00:00,98.84232663620539,99.20536482877768,98.7965308157217,99.13198406418717,1213.1354289642452,0.002930499896546035,98.63421791251109,98.44328765872194,0.24890714392712102
2025-10-11 23:05:00,99.13198406418717,99.42895584175092,99.10755116417918,99.39862756424812,5076.62003053618,0.002689782743461544,98.7870998428585,98.5301367410425,0.26015869715634715
2025-10-11 23:10:00,99.39862756424812,99.50081438230019,99.30074101119263,99.46188776126256,4520.877531129285,0.0006364292804099669,98.92205742653931,98.61484137924433,0.25446563094354147
2025-10-11 23:15:00,99.46188776126256,99.48182492657565,99.362085538072,99.40056348460718,1844.9131837665448,-0.0006165605543561048,99.01775863815288,98.68627066155004,0.2571946932011469
2025-10-11 23:20:00,99.40056348460718,99.4759253141931,99.17033569208388,99.20309409622925,3060.4141869678615,-0.00198660230340153,99.05482572976817,98.73325461015725,0.2726283098572527
2025-10-11 23:25:00,99.20309409622925,99.28763797308287,98.98133860933588,98.98951426402058,3374.5502914916137,-0.002152955350379404,99.04176343661865,98.75655094232664,0.27957122941014795
2025-10-11 23:30:00,98.98951426402058,99.07124499392125,98.84549331604855,98.89114236653161,3696.0203700660054,-0.0009937607858808706,99.01163922260125,98.76878652634527,0.2806810635842335
2025-10-11 23:35:00,98.89114236653161,99.01389352855657,98.89084042947164,98.98099674735754,2784.12662734371,0.0009086191005145405,99.0055107275525,98.78807836461911,0.2744693138340405
2025-10-11 23:40:00,98.98099674735754,99.05095794435198,98.85886555037648,98.86799735905892,8773.178795109443,-0.0011416271002709921,98.9780080538538,98.79534372775,0.2758091977627686
2025-10-11 23:45:00,98.86799735905892,99.5467730429596,98.85111713987135,99.47833751437636,2903.276834121495,0.006173283282970399,99.07807394595832,98.85743407198875,0.3083925169315559
2025-10-11 23:50:00,99.47833751437636,99.55769112238644,99.24179427424298,99.2717245323248,926.4460078269215,-0.0020769645654935553,99.11680406323163,98.8950968411102,0.3078242610705014
2025-10-11 23:55:00,99.2717245323248,99.62872179719207,99.18868373152708,99.53557104943613,3365.069890172632,0.00265782143258142,99.20055746047254,98.95332176913983,0.30803590198470737
2025-10-12 00:00:00,99.53557104943613,99.64713101935091,99.46847641105516,99.55456539032602,1717.933555402129,0.00019082967716599342,99.27135904644324,99.00798028015676,0.31047898196011153
2025-10-12 00:05:00,99.55456539032602,99.61489293082266,99.34867239376834,99.44369440088627,5250.705696852513,-0.001113670568547498,99.30582611733185,99.04759065476853,0.2928073978053618
2025-10-12 00:10:00,99.44369440088627,99.56080006516517,99.35250975451287,99.52543004366807,2954.6739081878673,0.000821928864109811,99.3497469025991,99.09103059921394,0.27848284763367054
2025-10-12 00:15:00,99.52543004366807,99.56752086982425,99.32091937281356,99.39282247510239,5904.4452375509845,-0.0013323988502987882,99.35836201709976,99.1184662242947,0.27313976330788137
2025-10-12 00:20:00,99.39282247510239,99.48590458701389,99.30910183146605,99.30946569630642,2872.800157273759,-0.0008386599426417618,99.3485827529411,99.13582981265941,0.2714775764821868
2025-10-12 00:25:00,99.30946569630642,99.40112034920821,99.161234350092,99.23028762242485,2579.7266064961955,-0.0007972862740365239,99.32492372683785,99.14441688627444,0.2800594772402261
2025-10-12 00:30:00,99.23028762242485,99.39499433458582,99.22163856725895,99.39497008978087,2055.1865197634665,0.001659598811026619,99.33893299942646,99.16719445022957,0.2706142018986292
2025-10-12 00:35:00,99.39497008978087,99.46944237657735,99.20805752681953,99.22170985357558,5844.8319232637605,-0.0017431489344862383,99.31548837025629,99.1721503959883,0.2674060223279743
2025-10-12 00:40:00,99.22170985357558,99.27447273718414,98.99211806011874,99.06875159153003,11535.176574151848,-0.0015415805902888602,99.26614101451105,99.16275050467391,0.27144909369888076
2025-10-12 00:45:00,99.06875159153003,99.21377587920318,99.03703281655265,99.14186180662696,2843.592268049392,0.0007379745270070792,99.24128517293424,99.16085153212418,0.2752840910964238
2025-10-12 00:50:00,99.14186180662696,99.30850645090378,99.07833529327046,99.25907592189535,3710.6702803507105,0.0011822868073327886,99.24484332272647,99.16978102210338,0.27800400278626825
2025-10-12 00:55:00,99.25907592189535,99.36679080747392,99.17270527237683,99.28393392128324,2478.078829415853,0.00025043553102843674,99.25266144243783,99.18015855839245,0.24217754792975654
2025-10-12 01:00:00,99.28393392128324,99.37187704922047,99.07080289616708,99.13532533166958,2983.7507717712574,-0.0014968040018588091,99.22919422028419,99.17608281050855,0.2411187839947512
2025-10-12 01:05:00,99.13532533166958,99.19540543681259,98.96778557128295,99.05409834103834,4116.884603623747,-0.0008193546584881473,99.19417504443503,99.16499331328399,0.22594605541365503
2025-10-12 01:10:00,99.05409834103834,99.3352986388824,99.00358564779751,99.2545318179641,3685.657316367654,0.00202347485144605,99.20624639914085,99.17313317734582,0.23687879704145182
2025-10-12 01:15:00,99.2545318179641,99.36828330042312,99.19489822286441,99.31668047712098,2352.476259561309,0.0006261543731913566,99.22833321473688,99.18618293187083,0.23024769279176485
2025-10-12 01:20:00,99.31668047712098,99.37293897881027,99.29057249389167,99.3707609662283,4019.0521692154093,0.0005445257417737714,99.25681876503518,99.20296275317605,0.22125313381078573
2025-10-12 01:25:00,99.3707609662283,99.49058880570624,99.31108974017263,99.40370545744986,2878.068420117702,0.00033153103489613756,99.28619610351812,99.22121208992822,0.2164601029909942
2025-10-12 01:30:00,99.40370545744986,99.61545775136709,99.38480511754388,99.55501195759132,3579.3331014844725,0.0015221414477977202,99.33995927433277,99.25155753244304,0.22030652286780647
2025-10-12 01:35:00,99.55501195759132,99.64853592388015,99.48218071450624,99.59437848902368,2733.201758326333,0.00039542490788035956,99.39084311727096,99.28272307395038,0.21505432360049884
2025-10-12 01:40:00,99.59437848902368,99.71509443637596,99.58615516071964,99.67716170591164,3351.9401757930746,0.0008312037099271752,99.44810683499911,99.3185811314014,0.21188171705260267
2025-10-12 01:45:00,99.67716170591164,99.68916177735768,99.6180642573077,99.68650179854797,2898.9225420687167,9.370343694059535e-05,99.49578582770889,99.35202846477836,0.19828976493061493
2025-10-12 01:50:00,99.68650179854797,99.7768878349811,99.592637668517,99.59287282803511,5087.702362406729,-0.0009392341874134846,99.51520322777414,99.3739234068926,0.1912822998876647
2025-10-12 01:55:00,99.59287282803511,99.62261741092054,99.50422644560778,99.5557978672708,1338.0343960415967,-0.00037226520042588085,99.52332215567347,99.39045744874517,0.18711429293496654
2025-10-12 02:00:00,99.5557978672708,100.03486335115309,99.4886351942732,99.94659458079916,3658.558826899834,0.00392540386296103,99.60797664069861,99.44101536984098,0.20968979288115008
2025-10-12 02:05:00,99.94659458079916,100.00954862063425,99.61848784060346,99.64105464520549,2472.2592615681515,-0.0030570319766789478,99.6145922416,99.45920075851048,0.22375945323355698
2025-10-12 02:10:00,99.64105464520549,99.65729837558729,99.13343944843966,99.18847016885628,3325.0169431094755,-0.0045421485948812235,99.52936782705126,99.43458888672373,0.2396726513831453
2025-10-12 02:15:00,99.18847016885628,99.27083172744372,99.09610245654139,99.13643590473252,5693.555535651506,-0.0005245999261322964,99.45078144258751,99.40748407017907,0.23589475176690858
2025-10-12 02:20:00,99.13643590473252,99.18990303460996,98.85694555195508,98.85871208912378,2132.8737872836714,-0.002801430302332264,99.33236757189478,99.35759570826495,0.23598364402190697
2025-10-12 02:25:00,98.85871208912378,98.94247958719674,98.53872048483755,98.63217950927438,1666.9831163038389,-0.0022914781617342506,99.19232995937071,99.29164878108399,0.25243893150765573
2025-10-12 02:30:00,98.63217950927438,98.64495899769823,98.49017698389349,98.50179927034182,1877.1831494788653,-0.0013218833810754171,99.05422382156495,99.21984428010742,0.25761146928523715
2025-10-12 02:35:00,98.50179927034182,98.58798530403251,98.3747643532748,98.43040405309218,1216.204497554982,-0.0007248113006920187,98.92945986787039,99.1480769867424,0.26002017537267363
2025-10-12 02:40:00,98.43040405309218,98.60162616011652,98.38680308644045,98.56425938959315,5823.295291699871,0.0013598982731877207,98.85641977221495,99.09500265972882,0.2588894925050208
2025-10-12 02:45:00,98.56425938959315,98.63595769292758,98.46153466108858,98.52816983292425,789.2734279741115,-0.00036615256780092587,98.79076978435681,99.04347240274659,0.2594657655382418
2025-10-12 02:50:00,98.52816983292425,98.85290426590645,98.50634060722534,98.7576563577685,4600.509089356336,0.0023291463267143264,98.78414709903916,99.0174891259304,0.2750103643257264
2025-10-12 02:55:00,98.7576563577685,98.80709521071327,98.43544439684526,98.50457603918882,2003.0694106974013,-0.0025626399806698563,98.7282328870691,98.97086066349934,0.29647845674129975
2025-10-12 03:00:00,98.50457603918882,98.75153646383882,98.45390471415058,98.66126295421255,1464.3965336927477,0.0015906562042498074,98.7148389004978,98.94271541720053,0.30457714125730967
2025-10-12 03:05:00,98.66126295421255,98.68459347671008,98.50563575950311,98.54455001954958,1065.7879697569695,-0.0011829661527558155,98.68078112430815,98.90651856286863,0.3089033378211821
2025-10-12 03:10:00,98.54455001954958,98.59551354356603,98.24259120079319,98.29161937319995,4228.159356903068,-0.0025666629590317402,98.60294877408651,98.8506186365351,0.2950957796706786
2025-10-12 03:15:00,98.29161937319995,98.47075810377424,98.21409058245358,98.37770191546386,2151.446772859217,0.000875787201521927,98.55789940236198,98.8076262073468,0.2854962611913844
2025-10-12 03:20:00,98.37770191546386,98.59791603787303,98.36541697019761,98.54009638654051,2551.608808691751,0.0016507243807768468,98.5543387991977,98.78330531454623,0.2646848426576552
2025-10-12 03:25:00,98.54009638654051,98.70368060158022,98.52006555912715,98.69354657046627,4284.45310288957,0.0015572359836530936,98.58218035345142,98.77514542872078,0.265319540625565
2025-10-12 03:30:00,98.69354657046627,98.76593474535022,98.45592619866976,98.54243669709717,3512.451641675973,-0.0015311018665359333,98.57423162218058,98.75399008948227,0.263680330913107
2025-10-12 03:35:00,98.54243669709717,98.63966713604502,98.28956116740218,98.30033994491974,4453.253927076396,-0.0024567765958700694,98.51945328672842,98.71274916724931,0.2598479642190818
2025-10-12 03:40:00,98.30033994491974,98.40769059123265,98.21310175153145,98.33346193370255,2445.058929992163,0.00033694683865159725,98.48225501612325,98.67826850965415,0.26269130892597203
2025-10-12 03:45:00,98.33346193370255,98.36336669397737,98.10834169415553,98.14978382109074,1747.5477081180145,-0.0018679105667576135,98.41576077711676,98.63022444705747,0.2656773124305524
2025-10-12 03:50:00,98.14978382109074,98.28676442171836,98.13601714219405,98.2324544808381,2646.420814924436,0.0008422907980933925,98.37909951786104,98.59406354103753,0.2611004699911409
2025-10-12 03:55:00,98.2324544808381,98.27745098268909,97.94192029606486,98.0297726627837,10465.711187589044,-0.0020632877303695674,98.30923414684557,98.54276437028717,0.27260815961865703
2025-10-12 04:00:00,98.0297726627837,98.27383533786234,97.9323282709241,98.23580554399494,1446.5051076338289,0.002101737825303207,98.29454842627545,98.51485902244242,0.27224697449416624
2025-10-12 04:05:00,98.23580554399494,98.28252416950575,97.91288265620837,97.91416376580467,3334.0392644741787,-0.003274180696225093,98.2184714941813,98.46025036274808,0.27210345302483524
2025-10-12 04:10:00,97.91416376580467,97.94203456559222,97.72561861390504,97.75502462239251,2436.7440899472967,-0.0016252923713141465,98.12578211982355,98.39613893180666,0.2663023245961885
2025-10-12 04:15:00,97.75502462239251,97.9295961191331,97.68996165479582,97.91144577212424,4056.8001393214226,0.0016001341141895775,98.0829148502837,98.35207591729008,0.2706363779626386
2025-10-12 04:20:00,97.91144577212424,98.02391558523549,97.86736269957193,98.01242455824848,3500.5468467659884,0.001031327699513973,98.06881679187666,98.32119852101357,0.2566099881691183
2025-10-12 04:25:00,98.01242455824848,98.49323201278118,98.00317747287478,98.43550030877195,2643.209393120139,0.004316552237436433,98.14215349525573,98.33158959262796,0.2732804894966705
2025-10-12 04:30:00,98.43550030877195,98.51455840601473,98.26467409102035,98.35091826522357,1876.0723300523705,-0.000859263612041028,98.1839064492493,98.3333467446821,0.2745222928765959
2025-10-12 04:35:00,98.35091826522357,98.59658375474217,98.309447702258,98.51015801765014,4011.50559192041,0.0016190977698566922,98.24915676292949,98.34942049677011,0.28191665073596034
2025-10-12 04:40:00,98.51015801765014,98.56787204171665,98.32559628121523,98.38614614106439,1954.316080040814,-0.0012588739992025477,98.27655463855648,98.35275919170594,0.27707859458031486
2025-10-12 04:45:00,98.38614614106439,98.42930447034593,98.11776831320108,98.1633770869092,4196.717595592741,-0.0022642319360267615,98.25391912822703,98.33554263672441,0.2743236080447439
2025-10-12 04:50:00,98.1633770869092,98.24917468279467,98.07812692268475,98.22848125578491,1551.1331229003322,0.0006632225867502228,98.24883155373861,98.32580978391172,0.27264210235965336
2025-10-12 04:55:00,98.22848125578491,98.47087022726274,98.220005940766,98.3813433240155,2607.148371859526,0.0015561888596500317,98.27533390779399,98.33085828755752,0.2723449085507172
2025-10-12 05:00:00,98.3813433240155,98.64963551791408,98.36875724056276,98.55800061320828,4374.334356015379,0.0017956381080399542,98.33186724887686,98.35150758988941,0.281639979824075
2025-10-12 05:05:00,98.55800061320828,98.74100802677846,98.51500264713096,98.69629627486827,2654.4887566335615,0.0014031906166880326,98.40475305407514,98.38285201579657,0.2738167436114521
2025-10-12 05:10:00,98.69629627486827,98.88473063874808,98.6793263788194,98.80478933258404,3695.431681912353,0.0010992616927956167,98.48476030977693,98.42120995368634,0.26409511453934137
2025-10-12 05:15:00,98.80478933258404,98.87785452531973,98.67323672144069,98.7115319230221,4058.486143253524,-0.0009438551530941419,98.53011463242596,98.44760285998959,0.252307706723746
2025-10-12 05:20:00,98.7115319230221,99.07511112878716,98.67288839951856,99.03164897187816,3379.9248153307376,0.003242954927552999,98.6304215003164,98.50069796107036,0.26557961940813307
2025-10-12 05:25:00,99.03164897187816,99.20230221768067,99.02685354749221,99.17376885427372,2563.679924470761,0.0014350955868251969,98.73909097110787,98.56188622408884,0.26099491982607503
2025-10-12 05:30:00,99.17376885427372,99.27309393064508,99.09119766945652,99.20257977433825,4320.018918069278,0.0002905094804541708,98.83178873175395,98.62013109229332,0.2628051609350034
2025-10-12 05:35:00,99.20257977433825,99.3158966684561,99.15536765222797,99.31524070568626,3696.8481535118403,0.0011356653385858895,98.92847912654042,98.68332287532904,0.23926762352941364
2025-10-12 05:40:00,99.31524070568626,99.32843778515124,99.19592401171691,99.25747706064628,4457.945772724295,-0.0005816191415289884,98.9942787133616,98.73551871035788,0.23088401341798154
2025-10-12 05:45:00,99.25747706064628,99.30153660881572,99.12554514975362,99.14183341288921,2250.4718790762886,-0.0011650875196677069,99.02378965326713,98.77245641058799,0.2229451138878338
2025-10-12 05:50:00,99.14183341288921,99.17151642014271,99.05209075357821,99.07694412469812,3458.7337072798628,-0.0006545096651668914,99.03442054755334,98.80013711187073,0.2141701071780529
2025-10-12 05:55:00,99.07694412469812,99.52463801188217,99.07479571522818,99.43718150742538,3012.772780653583,0.0036359355439330443,99.11497273952776,98.85805023873932,0.22404911714299253
2025-10-12 06:00:00,99.43718150742538,99.47932980333213,99.32416797829781,99.40136947533418,2023.0921750209104,-0.0003601472964972485,99.17225208668904,98.90744289661158,0.22291440749473526
2025-10-12 06:05:00,99.40136947533418,99.42336323965769,99.2132760700372,99.3007311032377,4269.16914401642,-0.0010124445229243717,99.19794788999877,98.94319636994123,0.22000175628928936
2025-10-12 06:10:00,99.3007311032377,99.31485562831617,99.0081583637818,99.0538419011303,1972.8059898091824,-0.0024862777883348786,99.16912669222508,98.95325505459478,0.2218459696595068
2025-10-12 06:15:00,99.0538419011303,99.18728720383778,99.00763859842888,99.12956226988757,3634.918832664108,0.0007644364650980506,99.16121380775758,98.96928298325776,0.21853477149960657
2025-10-12 06:20:00,99.12956226988757,99.17401940436994,99.06185292695636,99.11177739756302,2462.3223146750743,-0.00017941037887503342,99.15132652571867,98.98223702092187,0.21187492989138487
2025-10-12 06:25:00,99.11177739756302,99.20493429776074,98.708787386,98.79855963166112,4458.094767354743,-0.0031602476933240142,99.08077314690716,98.96553907644362,0.23269843759722061
2025-10-12 06:30:00,98.79855963166112,98.80572508902411,98.67003282574451,98.73256968150483,2850.286561766008,-0.0006679242126840235,99.0111324538267,98.94436004054009,0.21366054716943442
2025-10-12 06:35:00,98.73256968150483,98.80766266622187,98.66593777564077,98.7537099707986,2593.271332041822,0.00021411667256265865,98.9596479572211,98.92702821601813,0.21125170576890895
2025-10-12 06:40:00,98.7537099707986,98.78000355824256,98.51958180007267,98.56550499433926,3462.3298013888975,-0.0019058015796569183,98.88081936464474,98.89416246859278,0.21686066983900382
2025-10-12 06:45:00,98.56550499433926,98.84918073638642,98.49643524784747,98.83655860366352,5032.872608213941,0.0027499844833120957,98.8719672124485,98.88892575359921,0.2305904178612041
2025-10-12 06:50:00,98.83655860366352,99.08887492054713,98.81433028079286,99.0123697715104,4686.7162254456525,0.001778807056120657,98.90004772426089,98.90014793704567,0.24073547974119996
2025-10-12 06:55:00,99.0123697715104,99.02439201961108,98.63093481388715,98.72417332053773,1180.184381344221,-0.0029107115771265235,98.86487284351627,98.88415024463586,0.25626874735990207
2025-10-12 07:00:00,98.72417332053773,98.74414632774608,98.24258119430597,98.30994499862257,1938.3210031200185,-0.004195814540479792,98.75388727453753,98.83194976772556,0.2835644235653031
2025-10-12 07:05:00,98.30994499862257,98.40433654286602,98.0103884496309,98.09616405131068,1722.6649100850223,-0.002174560745760612,98.62234262989217,98.76506015714239,0.27957198046395504
2025-10-12 07:10:00,98.09616405131068,98.2478790080586,98.03228142627475,98.18793096952203,4441.500857999502,0.0009354791708608978,98.53546029781815,98.71259386735872,0.28388882023177836
2025-10-12 07:15:00,98.18793096952203,98.27694296474873,98.12863434857077,98.24011158819533,2845.697358266613,0.0005314361771153742,98.47639055589359,98.66964093288932,0.2794760664144543
2025-10-12 07:20:00,98.24011158819533,98.57014795478018,98.1986640533037,98.50744461519423,4465.464778300216,0.0027212207180657977,98.48260136775372,98.65489581309886,0.28410368333889124
2025-10-12 07:25:00,98.50744461519423,98.6037371979476,98.45261172948089,98.58239593849683,8545.680946787354,0.0007608696337153553,98.50256028190235,98.64830491540776,0.2820663164144485
2025-10-12 07:30:00,98.58239593849683,98.7689884259525,98.50959431954863,98.69832608963691,2232.619667611736,0.001175972140222692,98.54171344344927,98.65285229488313,0.29258257562804096
2025-10-12 07:35:00,98.69832608963691,98.75913056007025,98.62665173320428,98.73741769065116,1992.6374310463668,0.0003960715704411921,98.58085429288965,98.66054005813477,0.26660628384984214
2025-10-12 07:40:00,98.73741769065116,98.81135547131308,98.66855046940728,98.78643538513309,3427.2458034741753,0.0004964449712012708,98.62197051133835,98.67198508786188,0.26711433660885675
2025-10-12 07:45:00,98.78643538513309,99.04570923728284,98.7333375575122,99.01753274767286,2109.3863529930063,0.002339363310750242,98.70108295860526,98.70339851148105,0.2793033929795377
2025-10-12 07:50:00,99.01753274767286,99.0300965615016,98.81092558493607,98.88268288119077,3362.0756843771196,-0.001361878676837236,98.73740294312236,98.71969709054557,0.2763569085792262
2025-10-12 07:55:00,98.88268288119077,98.89301983816279,98.83791616468855,98.88779891744565,1409.6590988179328,5.173844505224068e-05,98.76748213798703,98.7349790748092,0.25509677893174704
2025-10-12 08:00:00,98.88779891744565,98.95840665836566,98.52351089543447,98.58850187068677,2617.7105207173017,-0.00302663270934711,98.73168608452698,98.72166296534353,0.26655043058724154
2025-10-12 08:05:00,98.58850187068677,98.61372345652099,98.44913812522287,98.50765781617807,2117.5865560189336,-0.0008200150420658581,98.6868804308572,98.70220795178302,0.2502024395568258
2025-10-12 08:10:00,98.50765781617807,98.73992740914127,98.46274447189623,98.66909122280619,2594.56678224306,0.001638790427129777,98.683322589247,98.69919734005785,0.2341751398286068
2025-10-12 08:15:00,98.66909122280619,98.92772566174456,98.57471691576967,98.87416517237028,5214.921214482387,0.0020784011185530638,98.72149110587166,98.7151035066317,0.23125090073859006
2025-10-12 08:20:00,98.87416517237028,99.01944310721763,98.82374933986003,99.01193466347985,6714.997248146466,0.001393382091968931,98.77957981739331,98.74208815725426,0.2298291997081431
2025-10-12 08:25:00,99.01193466347985,99.05317368473104,98.78214864570701,98.87961224679658,3994.924178510458,-0.0013364289581150324,98.79958630327397,98.75459034721264,0.23859465848286224
2025-10-12 08:30:00,98.87961224679658,98.93979693977009,98.7679753902295,98.85820155561017,4933.974554136114,-0.00021653292018353199,98.81130935374121,98.76400954797604,0.22433306191601332
2025-10-12 08:35:00,98.85820155561017,98.92345698000084,98.75399112898944,98.79261882291094,1849.2213997690897,-0.0006634020411785402,98.80757124757515,98.76661039115194,0.22564308924063425
2025-10-12 08:40:00,98.79261882291094,98.86737904744558,98.50307477695276,98.55997855355739,1253.9900761516576,-0.002354834522309446,98.7580527087716,98.74782567864334,0.2331366723898449
2025-10-12 08:45:00,98.55997855355739,98.72557229354102,98.52691449694387,98.68064378594197,4325.885215246146,0.0012242822508226059,98.74257092420568,98.7417182338523,0.23786374165635799
2025-10-12 08:50:00,98.68064378594197,98.74334528754913,98.48105623607735,98.52268527184387,3276.1740728449704,-0.0016007041303940373,98.69859379373332,98.72180614639699,0.24639831662535677
2025-10-12 08:55:00,98.52268527184387,98.59762111859642,98.46950098150289,98.59366555723176,5050.097605183713,0.0007204461103758053,98.67760814643302,98.71015700192741,0.23323749214842085
2025-10-12 09:00:00,98.59366555723176,98.64246999512591,98.26931090806865,98.30449271985017,2035.5537846357695,-0.0029329758230129954,98.60298506111646,98.67327843082948,0.24423664289783073
2025-10-12 09:05:00,98.30449271985017,98.31908088798465,98.30092662305876,98.30300191092866,5864.779835155849,-1.5165216566082051e-05,98.54298843107891,98.63961692902032,0.2415973994300923
2025-10-12 09:10:00,98.30300191092866,98.34912277900625,98.18481582773295,98.26394170442335,5079.093229973861,-0.0003973450021466096,98.4871790857478,98.60546463587514,0.22226962716881463
2025-10-12 09:15:00,98.26394170442335,98.5385801101007,98.18205704394829,98.53453211308947,6822.830621764475,0.00275371009927583,98.49664969121613,98.5990162247128,0.23597946537269263
2025-10-12 09:20:00,98.53453211308947,98.65302789404613,98.49036817782338,98.55651788495902,4068.245010279387,0.00022312758175302427,98.50862332996472,98.59515273928064,0.22779923529967153
2025-10-12 09:25:00,98.55651788495902,98.63541085041153,98.26815366067294,98.35352104026745,2023.7617454725905,-0.0020596998458135563,98.47760287202527,98.57318622118852,0.22881698128279332
2025-10-12 09:30:00,98.35352104026745,98.42170046425743,97.88649191196316,97.96592437686316,5356.943545490502,-0.003940851931936495,98.37526717299285,98.51798059897712,0.2530680373496982
2025-10-12 09:35:00,97.96592437686316,97.96677497355687,97.84284130876931,97.86790861320614,3138.058729726051,-0.0010005087409777902,98.27379546103552,98.45888314572521,0.24256151061852194
2025-10-12 09:40:00,97.86790861320614,97.88213342136935,97.63501045665896,97.71913046815538,3211.272242426538,-0.0015201933622466246,98.1628624624595,98.39163290230977,0.24794018313064978
2025-10-12 09:45:00,97.71913046815538,98.03699633616894,97.6376882331981,97.96566611425902,2601.5452519223036,0.0025229005305564822,98.12342319281942,98.3529086488506,0.2643574868420383
2025-10-12 09:50:00,97.96566611425902,98.21060046915021,97.86788498432671,98.17396260062023,4383.247327494653,0.0021262192625552956,98.13353107437959,98.3366408262842,0.26281543072280095
2025-10-12 09:55:00,98.17396260062023,98.46173948671208,98.16419674951553,98.38143046714218,2876.644502693801,0.0021132677242126086,98.18311095293211,98.34071261181674,0.2698786407656156
2025-10-12 10:00:00,98.38143046714218,98.42991878675623,98.27317304635525,98.33250417124728,9691.973323821941,-0.0004973123043909844,98.21298959659515,98.33996638994678,0.26233983283198675
2025-10-12 10:05:00,98.33250417124728,98.3745047577107,98.06073915504957,98.14290011611295,3558.043593446911,-0.0019281930907010247,98.19897170049872,98.3220512741437,0.27560022322967165
2025-10-12 10:10:00,98.14290011611295,98.22325195959355,98.07484981834844,98.20559536623006,3960.6307808742417,0.0006388159514638669,98.200296433645,98.31146437342427,0.2595461556716612
2025-10-12 10:15:00,98.20559536623006,98.22336092836387,98.20039056161639,98.21258609633968,2089.2942764637432,7.118464160371651e-05,98.20275436618394,98.30247543914385,0.2598901629446319
2025-10-12 10:20:00,98.21258609633968,98.2412690079552,97.94097432515453,97.9817474777329,2583.5697189554253,-0.0023503975180976244,98.15855298849374,98.27331835174284,0.2696035723394437
2025-10-12 10:25:00,97.9817474777329,98.19262681067363,97.90584802746844,98.11022217638775,3443.827088347045,0.001311210526063089,98.14888682607254,98.25849142671056,0.26462183784321425
2025-10-12 10:30:00,98.11022217638775,98.17666167032432,97.91292751134506,97.92613358353596,3274.3111156009463,-0.0018763446740629464,98.10433617756523,98.22827707733106,0.2718414408972509
2025-10-12 10:35:00,97.92613358353596,98.00873587195439,97.70558641501765,97.71244058694829,7970.71640060613,-0.002182185579760243,98.02595705944185,98.18138285093262,0.26726231712568954
2025-10-12 10:40:00,97.71244058694829,97.91461489176737,97.70876450378945,97.82276970661572,3116.738959001186,0.0011291204989323234,97.98531958887664,98.14878165599472,0.24373673396023626
2025-10-12 10:45:00,97.82276970661572,97.89907988804165,97.36071605675295,97.42086082059548,3443.3333353495414,-0.004108541265245513,97.8724278352204,98.08260703459479,0.27333888871031825
2025-10-12 10:50:00,97.42086082059548,97.99504396927118,97.35050898981024,97.99186306463224,3035.0845031306353,0.0058611907062522395,97.89631488110278,98.07435758278001,0.30172546119250093
