timestamp,open,high,low,close,volume,ret_1,ema9,ema21,atr,ret_fut,vol_proxy,dir
2025-08-30 19:50:00,100.10408250073046,100.1305905998076,100.03993119856702,100.10408250073046,4056.030892142906,0.0,100.10408250073046,100.10408250073046,0.0,0.007387183493977156,0.0,1
2025-08-30 20:50:00,100.10408250073046,100.10618722213498,99.9339334155324,99.97183836854484,2438.863003388407,-0.0013210663229907,100.07763367429334,100.0920603068954,0.0,0.006477422815658773,0.0,1
2025-08-30 21:50:00,99.97183836854484,100.05935423143252,99.75729446832622,99.77892603918482,8174.183144221497,-0.00192966671923,100.01789214727164,100.06359355528537,0.0,0.00827417013912668,0.0,1
2025-08-30 22:50:00,99.77892603918482,99.8477645489222,99.66617450078398,99.74080405480996,3197.371804221104,-0.000382064488847,99.96247452877932,100.03424905524211,0.0,0.009317524006447364,0.0,1
2025-08-30 23:50:00,99.74080405480996,99.76794395393438,99.45754911584888,99.5147854014306,10425.303769392389,-0.0022660600696097,99.87293670330958,99.9870250867138,0.0,0.00946358950142323,0.0,1
2025-08-31 00:50:00,99.5147854014306,99.58304256353014,99.38159439280358,99.42635360289596,2191.433881737504,-0.000888629746604,99.78362008322686,99.93605495182126,0.0,0.007919983162412825,0.0,1
2025-08-31 01:50:00,99.42635360289596,99.51911509274753,99.3483249707401,99.42590994003424,2720.530220607054,-4.462226015911064e-06,99.71207805458836,99.8896781325679,0.0,0.008362847900204695,0.0,1
2025-08-31 02:50:00,99.42590994003424,99.4300255381502,99.3603389748292,99.3911451246286,9220.869089653,-0.000349655491477,99.6478914685964,99.84435695002796,0.0,0.007624700838875231,0.0,1
2025-08-31 03:50:00,99.3911451246286,100.0962837536876,99.34062149190808,100.00275227535327,4143.259242811844,0.0061535376210604,99.71886362994778,99.85875652505752,0.0,0.0033149087994568394,0.0,1
2025-08-31 04:50:00,100.00275227535327,100.50041660324943,99.94835607278478,100.4501444107654,2150.1066923893413,0.0044737982228753,99.86511978611132,99.91251906012188,0.0,-0.0011361382418696442,0.0,0
2025-08-31 05:50:00,100.4501444107654,100.53146352152064,100.36048146037191,100.36515214362174,3317.1775657356297,-0.0008461139368411,99.9651262576134,99.95366752225824,0.0,0.0006564287290578008,0.0,0
2025-08-31 06:50:00,100.36515214362174,100.7062724265753,100.32121330500672,100.60935204216376,1895.3682896877233,0.0024331144159732,100.09397141452348,100.013275205886,0.0,-0.003528677904848454,0.0,-1
2025-08-31 07:50:00,100.60935204216376,100.84476114068822,100.57416704787803,100.84356972665958,2937.8410988822184,0.0023279911831424,100.2438910769507,100.08875652595631,0.0,-0.010488033831719257,0.0,-1
2025-08-31 08:50:00,100.84356972665958,100.9328150523054,100.58442366741086,100.6193982353166,5819.159695843861,-0.0022229626732829,100.3189925086239,100.13699668135273,0.2844022975638803,-0.009573649437814802,0.0,-1
2025-08-31 09:50:00,100.6193982353166,100.69016557329292,100.59619943049309,100.60451384953237,3127.181891542338,-0.0001479275969176,100.3760967768056,100.17949824209632,0.2846384933895405,-0.007253167486428791,0.0,-1
2025-08-31 10:50:00,100.60451384953237,100.69038507050227,100.54945392720268,100.670141391013,2819.9765813248796,0.0006523319776565,100.43490569964708,100.2241021647251,0.28240116029647,-0.008316631119987039,0.0,-1
2025-08-31 11:50:00,100.670141391013,100.74911813207116,100.44101800466125,100.45655247979197,7694.9138923224655,-0.0021216709172131,100.43923505567606,100.24523401154936,0.2828326148895864,-0.006951124809440379,0.0,-1
2025-08-31 12:50:00,100.45655247979197,100.4979324502525,100.16783379796256,100.213808649331,1356.0060112277797,-0.0024164061424445,100.39414977440704,100.2423771604386,0.2934403723289946,-0.0032027044473147415,0.0,-1
2025-08-31 13:50:00,100.213808649331,100.29927867046992,100.2023584566442,100.2573937022022,2971.1070202396086,0.0004349206307858,100.3667985599661,100.24374230059892,0.2781921848818679,-0.002583035836711267,0.0,-1
2025-08-31 14:50:00,100.2573937022022,100.29230658390937,100.126252839351,100.14897287223712,1499.1576855638082,-0.001081424780372,100.32323342242032,100.23512689802058,0.2756640115841376,-0.003452771797023413,0.0,-1
2025-08-31 15:50:00,100.14897287223712,100.42275313690337,100.0592506062775,100.33425227884074,2425.374312552736,0.0018500380112731,100.3254371937044,100.24413829627696,0.2894291836283114,-0.00794435845432162,0.0,-1
2025-08-31 16:50:00,100.33425227884074,100.33672360760018,100.29225670772666,100.336019160299,5977.934164841148,1.7609952913666405e-05,100.32755358702332,100.25249110209714,0.2876277790963491,-0.009207036294560544,0.0,-1
2025-08-31 17:50:00,100.336019160299,100.45788131305092,100.26120061426852,100.43103471288508,2666.686395797793,0.0009469735134128,100.34824981219568,100.2687223394415,0.2477005245965569,-0.007517332299420754,0.0,-1
2025-08-31 18:50:00,100.43103471288508,100.51478069027996,100.19524676265476,100.25433404459146,4245.487010711414,-0.0017594229592354,100.32946665867485,100.26741431263694,0.2310914815365957,-0.006822527557092228,0.0,-1
2025-08-31 19:50:00,100.25433404459146,100.29203090752011,99.77778114764286,99.78591895565503,8141.173978039798,-0.0046722677218929,100.22075711807088,100.22364200745676,0.2556106028743475,-0.000732485856943188,0.0,0
2025-08-31 20:50:00,99.78591895565503,99.81350368478464,99.62536225561934,99.6561033899678,1912.4461194872497,-0.0013009407243613,100.10782637245028,100.17204758768504,0.2415450534169717,0.0033143526356127495,0.0,1
2025-08-31 21:50:00,99.6561033899678,99.89976070064942,99.62403289801856,99.87481246069096,4395.178172125294,0.0021946379928914,100.06122359009842,100.14502621250377,0.2419117469755929,0.005865428152341368,0.0,1
2025-08-31 22:50:00,99.87481246069096,99.9015296077216,99.79843550739434,99.83290496026702,2948.052050555923,-0.0004196002915192,100.01555986413214,100.1166515532095,0.224390512363645,0.00431835290039051,0.0,1
2025-08-31 23:50:00,99.83290496026702,99.85080991377794,99.68158228710392,99.75826644557884,8891.641992890474,-0.0007476344068909,99.9641011804215,100.08407108887944,0.2297663326403725,0.004717381172870239,0.0,1
2025-09-01 00:50:00,99.75826644557884,99.98078084768066,99.7128922225224,99.89285343868744,3984.984386187377,0.0013491312339717,99.94985163207468,100.0666876661347,0.238834724201707,0.006284290363779643,0.0,1
2025-09-01 01:50:00,99.89285343868744,100.06836655553134,99.83989631229954,99.99842526137414,3327.224727398654,0.0010568506059493,99.95956635793458,100.06048199297464,0.2331468753318404,0.005785209324541629,0.0,1
2025-09-01 02:50:00,99.99842526137414,100.0508205716623,99.75636059282417,99.803181323203,2563.8451675627316,-0.0019524701280125,99.92828935098828,100.0370910229954,0.230601255799569,0.009683269825750518,0.0,1
2025-09-01 03:50:00,99.803181323203,99.8985066829868,99.53116867551614,99.53716101349129,3300.67501820654,-0.0026654491989613,99.85006368348888,99.9916428403132,0.2499168124884931,0.0126988613093586,0.002185344657964024,1
2025-09-01 04:50:00,99.53716101349129,99.5800417288887,99.34234992999689,99.4122217902384,4468.394931306752,-0.001255201795799,99.76249530483878,99.93896819939732,0.2550338163694557,0.014869741297083294,0.002184261314981888,1
2025-09-01 05:50:00,99.4122217902384,99.72543579925382,99.37836145337774,99.67606125177366,8972.41496590475,0.0026539942150369,99.74520849422576,99.91506756779516,0.253860374601614,0.00836972137767944,0.0022154244248559717,1
2025-09-01 06:50:00,99.67606125177366,99.68961050303432,99.50135331025518,99.5703460878543,4630.150997019283,-0.0010605872923923,99.71023601295148,99.8837292514369,0.2641311098091594,0.008350196109610186,0.002222141032992831,1
2025-09-01 07:50:00,99.5703460878543,99.75422124987256,99.49034107776868,99.71282718129794,1584.580515926202,0.0014309591062173,99.71075424662078,99.86819269960608,0.2689310721892641,0.0032488761170326175,0.0021992540865089405,1
2025-09-01 08:50:00,99.71282718129794,99.99547283032702,99.66742531390992,99.98639885889324,2910.4047814711644,0.002743595636877,99.76588316907528,99.87893871408671,0.2695391856743998,-0.0005189321524313728,0.0022417972473633787,0
2025-09-01 09:50:00,99.98639885889324,100.547647741673,99.94852690531856,100.46062099740772,2947.1219230229613,0.0047428664691058,99.90483073474178,99.93181892166136,0.2756014054227681,-0.004744936578590431,0.002382029101133758,-1
2025-09-01 10:50:00,100.46062099740772,100.47812988853214,100.2545790538776,100.2640186749566,2097.9204530328548,-0.0019570088309149,99.97666832278476,99.96201889923366,0.278130648671999,-0.0038379355073933086,0.0024134828942422065,-1
2025-09-01 11:50:00,100.2640186749566,100.2657159455634,100.13160453725398,100.2288642135474,4979.295751636943,-0.0003506189146793,100.02710750093728,99.98627756417126,0.2680151919347519,-0.005250971346284272,0.002163468071864534,-1
2025-09-01 12:50:00,100.2288642135474,100.56333071749776,100.20112786052556,100.52060913496264,3220.0024587594794,0.0029107874633165,100.12580782774236,100.03485316151593,0.2865229602665319,-0.01060202801567589,0.002076812132897216,-1
2025-09-01 13:50:00,100.52060913496264,100.6372099824118,100.48754277166697,100.57693708363573,1765.398053195589,0.0005603621899807,100.21603367892104,100.08413351807226,0.2851257877001621,-0.01117849480870281,0.0020726822857560366,-1
2025-09-01 14:50:00,100.57693708363573,100.78745991434585,100.50891173825572,100.76960245742389,2832.524458254028,0.0019156019200299,100.3267474346216,100.14644887619514,0.2858871841952931,-0.014345581700398014,0.002055581062561589,-1
2025-09-01 15:50:00,100.76960245742389,100.83643673616749,100.74808132455748,100.8011696163289,2845.187902869895,0.0003132607267988,100.42163187096308,100.20596894348002,0.275878981936593,-0.012708213547680813,0.0020140491848264956,-1
2025-09-01 16:50:00,100.8011696163289,100.90151028441272,100.76526448683433,100.89045581002752,4682.026661210718,0.0008857654533023,100.51539665877596,100.26819502225706,0.2645779689894689,-0.014137083679215956,0.001978584728200279,-1
2025-09-01 17:50:00,100.89045581002752,100.959659639297,100.4452879022863,100.5103221124755,4024.8355345471705,-0.0037677865017062,100.51438174951588,100.29020657591327,0.275080378242328,-0.007098980496766605,0.0020925827329472614,-1
2025-09-01 18:50:00,100.5103221124755,100.57067850663248,100.38637196090744,100.40177800438964,3801.2058830426663,-0.0010799299594763,100.49186100049064,100.30034943304749,0.2712671458732743,-0.0048089302692317926,0.0020968398185910644,-1
2025-09-01 19:50:00,100.40177800438964,100.4690046589832,99.94475025273914,100.03678180408906,6697.964836239884,-0.0036353559424476,100.40084516121031,100.2763887395058,0.2839228644709877,-0.0032152186145855133,0.002160462192039258,-1
2025-09-01 20:50:00,100.03678180408906,100.0970070130086,99.92669746855086,99.93451270171953,4485.278911564622,-0.0010223149977957,100.30757866931218,100.24530909970704,0.2826408895908879,-0.004021287699209952,0.002126631439760226,-1
2025-09-01 21:50:00,99.93451270171953,100.01882698023228,99.93221096194488,99.9839417221292,3624.083165070508,0.0004946141135164,100.24285127987558,100.22154842901814,0.2699791643182812,-0.0019725310024522047,0.0021271283524560004,-1
2025-09-01 22:50:00,99.9839417221292,100.03407070072628,99.84064428576468,99.87921183757004,3324.5612800980784,-0.001047467050761,100.17012339141448,100.19042692070468,0.2603633713571734,-0.004085571673562938,0.0021266226822805527,-1
2025-09-01 23:50:00,99.87921183757004,99.96599622409502,99.6598217922888,99.70256531949144,6019.303444478382,-0.0017686014419685,100.07661177702988,100.14607586604892,0.2394386281751599,-0.0014924073587465614,0.002116755075198926,-1
2025-09-02 00:50:00,99.70256531949144,99.71875656222473,99.4403579191054,99.45488682076096,1121.0590632803105,-0.0024841737816554,99.95226678577608,100.08324049829548,0.2433563287797864,0.00042947089010580974,0.0021545065503509597,0
2025-09-02 01:50:00,99.45488682076096,99.5455622325904,99.37757062695636,99.45263831457108,4232.386631891812,-2.260830273670411e-05,99.8523410915351,100.0259130270478,0.2457763428744032,-0.002352376359902708,0.002143581137372162,-1
2025-09-02 02:50:00,99.45263831457108,99.48826242245607,99.22469380047728,99.32400389245429,2315.268386308015,-0.0012934239281808,99.74667365171894,99.96210310572113,0.2387310403748778,-0.004883581825118721,0.0021349377908721247,-1
2025-09-02 03:50:00,99.32400389245429,99.59388964717,99.27437028496692,99.5201668269886,1770.6942293902623,0.001974980134175,99.70137228677288,99.9219270803818,0.2508633369076086,-0.009749942687787616,0.002014702037784804,-1
2025-09-02 04:50:00,99.5201668269886,99.59859639913137,99.42404488559028,99.46415899380692,3347.8521272724074,-0.000562778730858,99.6539296281797,99.88031179978408,0.2434350038683927,-0.009138332810655125,0.002004487899736634,-1
2025-09-02 05:50:00,99.46415899380692,99.80704222621917,99.39053654155111,99.79680129607532,3431.6699816755786,0.0033443433859337,99.68250396175884,99.87271993581057,0.2668743090868243,-0.013356684301603527,0.0020558184125710386,-1
2025-09-02 06:50:00,99.79680129607532,99.99717819110192,99.78564918825992,99.91895285505964,706.1192137213326,0.0012240027475622,99.729793740419,99.87692292846955,0.2722516808913673,-0.015978744084037766,0.0020660801998473267,-1
2025-09-02 07:50:00,99.91895285505964,100.00548046425274,99.67814952091152,99.71514168108932,1557.4283168131562,-0.002039764910927,99.72686332855308,99.86221554234407,0.258891624200691,-0.016405265213559006,0.002094183476924082,-1
2025-09-02 08:50:00,99.71514168108932,99.7814436069458,99.51818353995444,99.53264727506556,2656.562392555264,-0.0018301574158857,99.68802011785556,99.8322547907733,0.2645311614339972,-0.013350931034525892,0.0021029531762362247,-1
2025-09-02 09:50:00,99.53264727506556,99.8240600204893,99.53171495823936,99.78672029733492,4165.739998652374,0.00255266014946,99.70776015375144,99.8281152913698,0.2479662082915601,-0.014455310784034725,0.0021459285493952134,-1
2025-09-02 10:50:00,99.78672029733492,99.83674853532564,99.45843335870993,99.47114815890868,2207.879221949975,-0.0031624662829473,99.6604377547829,99.79566373387334,0.2628237534457004,-0.011029513988607187,0.00219047584838721,-1
2025-09-02 11:50:00,99.47114815890868,99.64261374770916,99.44104388582385,99.55376847732272,1357.942902865672,0.0008305958053491,99.63910389929087,99.7736732560051,0.271034742274125,-0.013292158151277933,0.0021452039567371106,-1
2025-09-02 12:50:00,99.55376847732272,99.63261125424393,99.43918829442644,99.49759979952924,1493.8451368866677,-0.0005642044359804,99.61080307933857,99.74857566905274,0.2710344954781161,-0.01075277605785152,0.002135540194906251,-1
2025-09-02 13:50:00,99.49759979952924,99.56768960023705,99.18587734697172,99.21868827926993,3816.1031316442386,-0.0028031984773631,99.53238011932484,99.7004040881634,0.2764371970109098,-0.007301149502279003,0.002137053877804051,-1
2025-09-02 14:50:00,99.21868827926993,99.288119497907,98.78462059425216,98.83894699224707,4220.674974243622,-0.0038273161398181,99.39369349390928,99.62208980671646,0.2925157870491607,-0.004728389532759114,0.0022294095531509303,-1
2025-09-02 15:50:00,98.83894699224707,98.86426808148346,98.5442202603927,98.5498509041464,1418.2663345429,-0.0029249207614825,99.22492497595672,99.52461354284644,0.3033769452960685,-0.0021888411041351974,0.0022576530494501736,-1
2025-09-02 16:50:00,98.5498509041464,98.60823207625316,98.53841303932526,98.5552224061896,3054.5963705482386,5.450543043883371e-05,99.09098446200328,99.43648707587764,0.2895376892210016,0.0016469608633895572,0.0021871950651200676,1
2025-09-02 17:50:00,98.5552224061896,98.56562356127696,98.44525253420538,98.46384692685378,4848.280514093264,-0.0009271500495349,98.9655569549734,99.3480652441482,0.2753128081401804,0.0006113831119956004,0.001972201911163568,0
2025-09-02 18:50:00,98.46384692685378,98.55421557004352,98.231964200238,98.3223734782436,1687.954669930046,-0.0014368060260258,98.83692025962743,99.25482053815688,0.2858627978733555,0.0007589899042643733,0.0019629933873189153,0
2025-09-02 19:50:00,98.3223734782436,98.4132914156726,97.99501356124487,98.07928833600344,1685.511240384771,-0.0024723278501199,98.68539387490264,99.14795397432476,0.2859893814276181,0.0034143998863949143,0.001989634267715637,1
2025-09-02 20:50:00,98.07928833600344,98.21910628034088,98.01549424921468,98.20379376561236,4005.531249089868,0.0012694365112275,98.5890738530446,99.06212122807815,0.285423883447919,0.0016937306498592264,0.0019139184320392923,1
2025-09-02 21:50:00,98.20379376561236,98.42353824348956,98.16130634617195,98.3442722433174,2866.703422534903,0.001430479132408,98.54011353109917,98.99686222946356,0.2807739515890891,-0.0020943973766219814,0.0019388118525196776,-1
2025-09-02 22:50:00,98.3442722433174,98.42871024431749,98.26338097256416,98.37402973882718,3919.051980860724,0.0003025849379021,98.50689677264478,98.94024109395114,0.2737788947863738,-0.0036740254329649114,0.0018889576663869351,-1
2025-09-02 23:50:00,98.37402973882718,98.44179427951993,98.21676872247,98.23048404216644,1027.8672209325691,-0.0014591828457349,98.45161422654913,98.87571772560707,0.2689703587006572,-0.001710544679196846,0.0018827547775273471,-1
2025-09-03 00:50:00,98.23048404216644,98.4436912808212,98.143200099926,98.42772439059117,1429.0220302104874,0.0020079342003449,98.44683625935754,98.83499105878744,0.2634115018634771,-0.0022162360596819086,0.0019252385692282718,-1
2025-09-03 01:50:00,98.42772439059117,98.56055740012812,98.42242298954557,98.49427780272296,4256.206381085703,0.0006761653034637,98.45632456803062,98.80401712641792,0.2588803981989928,-0.003703144166092298,0.001861251606268107,-1
2025-09-03 02:50:00,98.49427780272296,98.52369471871155,98.30186769298876,98.37159794986,2632.474805990782,-0.0012455530981064,98.4393792443965,98.7647062921854,0.2609092600493728,-0.003355204900965747,0.001862769028360747,-1
2025-09-03 03:50:00,98.37159794986,98.4682916212529,98.33390069431944,98.334140939681,4162.534564516661,-0.0003807705776834,98.4183315834534,98.72556398741226,0.2432363081685236,-0.0022280433683088408,0.0017807963491445033,-1
2025-09-03 04:50:00,98.334140939681,98.7281647094215,98.27715055731512,98.71753900037524,1514.259951761146,0.003898931307382,98.47817306683778,98.72483444313616,0.2394873973436355,-0.0038487395445224726,0.0019424921974882468,-1
2025-09-03 05:50:00,98.71753900037524,98.8109685363798,98.46851283684414,98.52404606000697,1943.1466511483725,-0.0019600664920096,98.48734766547165,98.70658095376078,0.2410879600897004,-0.0033999578841139577,0.0019552251320834172,-1
2025-09-03 06:50:00,98.52404606000697,98.60617505217404,98.34322980814277,98.3969991670769,2880.710112979134,-0.0012895013756608,98.46927796579268,98.67843715497132,0.254882689168515,-0.003309920667707189,0.0019580462922313777,-1
2025-09-03 07:50:00,98.3969991670769,98.42247048103935,98.36746904594412,98.41417024695558,2847.5482224143016,0.0001745081661435,98.45825642202529,98.65441289060628,0.2502134325987778,0.00021779490882400943,0.0019464187331085043,0
2025-09-03 08:50:00,98.41417024695558,98.4206963949424,98.35989994205109,98.37012454104564,2888.45784993395,-0.0004475545117073,98.44063004582937,98.62856849519166,0.2315380813906194,0.0027459805080007893,0.0019091652638284866,1
2025-09-03 09:50:00,98.37012454104564,98.43901751187624,98.08381493346944,98.1383002575252,1935.1822246171992,-0.0023566533498055,98.38016408816851,98.5839986554038,0.2270327045319819,0.00785339362061288,0.0019409343188914149,1
2025-09-03 10:50:00,98.1383002575252,98.18867082559338,97.93774407527684,98.01260105162348,3764.753120732427,-0.0012808374057005,98.30665148085951,98.53205341869648,0.2304123273312898,0.009679013038309758,0.0019407515873407937,1
2025-09-03 11:50:00,98.01260105162348,98.07578879287884,97.95149215852987,98.06245641035318,2354.6868843374486,0.0005086627453487,98.25781246675828,98.48936278157436,0.2205598085478166,0.01018717214846876,0.0018994103553674347,1
2025-09-03 12:50:00,98.06245641035318,98.23141030916044,97.96576221438748,98.2095853185243,2278.719779200301,0.0015003591951179,98.24816703711149,98.46392846675164,0.2277254387635058,0.006234350082648499,0.0019305434260895571,1
2025-09-03 13:50:00,98.2095853185243,98.24909204062006,98.0574368050413,98.12953929248434,1603.869355968539,-0.0008150530905954,98.22444148818606,98.43352945090916,0.2253418443727081,0.009779584971991051,0.001806723995158713,1
2025-09-03 14:50:00,98.12953929248434,98.22196065678006,97.98991075215048,98.0415410823028,4734.387793385349,-0.0008967555622495,98.18786140700942,98.3978941446722,0.2204531817823069,0.008025146174382769,0.0017791934879729766,1
2025-09-03 15:50:00,98.0415410823028,98.13037315888882,97.96668526273952,98.115048209082,1394.9637890177864,0.0007497549096815,98.17329876742394,98.37218087780036,0.2222784307513592,0.006647017484900708,0.0017742530935462332,1
2025-09-03 16:50:00,98.115048209082,98.40774535802984,98.0488035377414,98.33760090428656,4392.433315506793,0.0022682829929443,98.20615919479648,98.36903724384456,0.2320723446489054,0.0036164115547048237,0.0018226893552659026,1
2025-09-03 17:50:00,98.33760090428656,98.34047923500376,98.18217988670594,98.18906845283044,2697.832010727827,-0.00151043395497,98.20274104640328,98.35267644466148,0.2337800890320756,0.003526571289121483,0.0017522680663958966,1
2025-09-03 18:50:00,98.18906845283044,98.2269155662994,98.00430077873604,98.07131290589342,3327.2370721609936,-0.001199273491362,98.17645541830132,98.3270979411371,0.2174658487075729,0.00344229604448798,0.0016893826434121008,1
2025-09-03 19:50:00,98.07131290589342,98.50422128586116,98.02300592202876,98.4356043521915,3131.1937705993546,0.0037145566374505,98.22828520507936,98.33696216032386,0.2273772533001964,-0.0004027436216641478,0.0018304645517185864,0
2025-09-03 20:50:00,98.4356043521915,98.65431588116432,98.41984562044604,98.64024698560496,2590.6540984853777,0.002078949326925,98.31067756118448,98.36453350807668,0.2253433259206951,-0.000576429607820339,0.0018795250272771577,0
2025-09-03 21:50:00,98.64024698560496,98.96495733762924,98.58499699138532,98.90901895870545,3489.01857639555,0.0027247698714674,98.43034584068867,98.41403218540655,0.2485546767170287,-0.003419005104695727,0.0018930536744201079,-1
2025-09-03 22:50:00,98.90901895870545,99.00425482400054,98.82784144651929,98.9612662951208,4513.03562768464,0.0005282363222829,98.53652993157512,98.46378074083512,0.2568130284734532,-0.0026772728117889777,0.0017686048948245684,-1
2025-09-03 23:50:00,98.9612662951208,99.12232671212254,98.9365222333818,99.06143553510717,2885.7153628971178,0.0010122065302564,98.64151105228152,98.51811299485986,0.2447131642115932,0.0020395902720511394,0.001690920613477031,1
2025-09-04 00:50:00,99.06143553510717,99.08540585585776,98.79934267404592,98.82185825487171,1603.0575798634668,-0.0024184717184976,98.67758049279958,98.54572620031549,0.2472229093184026,0.006635592765143805,0.0017514757841857213,1
2025-09-04 01:50:00,98.82185825487171,99.1170110982471,98.79003651999908,99.08920546025752,1739.8292655271214,0.002705344850896,98.75990548629116,98.59513340576476,0.2616999053111917,0.004342198242896611,0.0018007205045085493,1
2025-09-04 02:50:00,99.08920546025752,99.12260881713136,98.74694737625582,98.82833878065004,2751.585331793972,-0.002632644780991,98.77359214516297,98.61633389439068,0.2695580014613747,0.006743446740327785,0.001847571442225089,1
2025-09-04 03:50:00,98.82833878065004,98.86720387462276,98.6941394903327,98.76722065005964,4464.851059792336,-0.0006184271773103,98.7723178461423,98.63005087217876,0.2682300835121834,0.004565513814144273,0.0017904843880880363,1
2025-09-04 04:50:00,98.76722065005964,98.80538570031456,98.65197507686956,98.69323014045878,6945.358796236586,-0.0007491403434649,98.7565003050056,98.6357944420224,0.2626129919990013,0.008217625245555693,0.0017878753448111774,1
2025-09-04 05:50:00,98.69323014045878,98.73924298246268,98.46876271123216,98.53533920254178,524.2490085433042,-0.0015998152830979,98.71226808451284,98.62666214752416,0.2702410187905185,0.008685591408095217,0.0017984639189355918,1
2025-09-04 06:50:00,98.53533920254178,98.57143313277884,98.36220599634336,98.40890339838712,8803.356226051632,-0.0012831518638685,98.65159514728772,98.6068658976026,0.2595471128010221,0.010468806976410727,0.0018134117174777437,1
2025-09-04 07:50:00,98.40890339838712,98.47331442484791,98.3759823726897,98.395960040394,2802.454202161165,-0.000131526290266,98.60046812590898,98.58769263785636,0.2551923059339072,0.008657673288675172,0.001793731804671955,1
2025-09-04 08:50:00,98.395960040394,98.67741739836168,98.37093307185684,98.58338782671974,1296.048912367795,0.0019048321318153,98.59705206607111,98.5873012913894,0.2611829872868704,0.007876322377938338,0.0017901982982397317,1
2025-09-04 09:50:00,98.58338782671974,98.6721279962619,98.53555537629092,98.57084851798518,2772.2801565988316,-0.0001271949464406,98.59181135645396,98.58580558471628,0.2365656484396276,0.006898828429614756,0.0017867772198625392,1
2025-09-04 10:50:00,98.57084851798518,98.76410443311012,98.47664805229952,98.69631998744866,4063.233511896528,0.0012729064561169,98.61271308265287,98.59585234860104,0.2403503713033653,0.003898902191375786,0.0017844338902115709,1
2025-09-04 11:50:00,98.69631998744866,99.32479710931466,98.64399138593907,99.26348027536,3750.153523588456,0.005746519100038,98.74286652119432,98.65654579648822,0.26183932681277,-0.0035920298192424482,0.0020409800890844243,-1
2025-09-04 12:50:00,99.26348027536,99.54687688008998,99.25627933364234,99.4775998625458,3877.273791972209,0.0021570832152151,98.88981318946462,98.73118707522072,0.2699953388817978,-0.00550471170845912,0.0019635495287258567,-1
2025-09-04 13:50:00,99.4775998625458,99.60391018778796,99.40887144440472,99.51947043409706,2720.2522201322245,0.0004209045213103,99.01574463839113,98.80284919875491,0.270654929213405,-0.003758711006319859,0.0019221048242443872,-1
2025-09-04 14:50:00,99.51947043409706,99.56779526088994,99.43426782321566,99.49478241965244,3143.761478400973,-0.0002480722047345,99.11155219464338,98.86575221883652,0.2597595189178636,-0.004103305962869119,0.001902763540078018,-1
2025-09-04 15:50:00,99.49478241965244,99.560288170262,99.14094817113448,99.21814376032212,4027.21348284735,-0.0027804338338418,99.13287050777912,98.89778781351704,0.2663570489806862,-0.0014722831402110836,0.00198155226983769,-1
2025-09-04 16:50:00,99.21814376032212,99.5347201055725,99.1677442112758,99.50425412002645,2862.606693911214,0.0028836495913031,99.2071472302286,98.9529211141088,0.2657366527964839,-0.00415681885838648,0.0020302913470545024,-1
2025-09-04 17:50:00,99.50425412002645,99.56009208583018,99.33361195325962,99.39117689811312,1784.6410123145183,-0.0011364059045847,99.24395316380551,98.99276254901828,0.2695520633879472,-0.0023194791509318913,0.001988648178149009,-1
2025-09-04 18:50:00,99.39117689811312,99.45227158261362,99.29832528808495,99.43912721282508,2206.4551453264685,0.0004824403554564,99.28298797360944,99.03334115481888,0.2695903256082061,-0.00561552908644003,0.0019649047298441135,-1
2025-09-04 19:50:00,99.43912721282508,99.52836753580272,99.19251799953156,99.24784011534928,2353.641172548869,-0.0019236602616834,99.2759584019574,99.05284106032164,0.274259558825396,-0.0042959708752902115,0.002009248258358428,-1
2025-09-04 20:50:00,99.24784011534928,99.39302292717429,99.24053550378764,99.35986237035232,2269.2851182004065,0.0011287122709455,99.2927391956364,99.08075208850624,0.2702067221790502,-0.0039573397321577275,0.00200361475011006,-1
2025-09-04 21:50:00,99.35986237035232,99.40173024039754,99.16877651987852,99.25087189007232,5654.321569084856,-0.0010969266430116,99.2843657345236,99.09621752501224,0.2798939842048215,-0.005420090258636878,0.0020095847813351134,-1
2025-09-04 22:50:00,99.25087189007232,99.26110039079732,99.0255480534698,99.08112728572844,4614.255621613309,-0.0017102580673739,99.24371804476456,99.09484568507736,0.2748274135492973,-0.003983516963626754,0.002030989556967057,-1
2025-09-04 23:50:00,99.08112728572844,99.16141386975752,98.8679176817244,98.90692289424912,2504.9722654821403,-0.0017581995305416,99.17635901466149,99.07776179500206,0.2860362398394481,-0.0011958385337967892,0.0020624809542542344,0
2025-09-05 00:50:00,98.90692289424912,98.93133753191894,98.8939555155189,98.93000435385304,2754.019519807918,0.0002333654604602,99.1270880824998,99.06432930035214,0.2681737852386945,-0.0038582245609304344,0.002029456193046171,-1
2025-09-05 01:50:00,98.93000435385304,99.15596499879172,98.91013085084448,99.1454055052333,3826.720564749098,0.002177308621253,99.13075156704652,99.07169986443223,0.2371043869938134,-0.004752694846230421,0.002034497688863868,-1
2025-09-05 02:50:00,99.1454055052333,99.23598304775749,99.07387614131903,99.08652488567552,1968.8379678333577,-0.0005938814739595,99.12190623077232,99.07304759363618,0.2279264841360141,-0.0026858417025653614,0.0020228403141793515,-1
2025-09-05 03:50:00,99.08652488567552,99.10525053241436,98.98633557643838,99.07206656006076,2411.3818660204447,-0.0001459161639935,99.11193829663002,99.07295840876569,0.2224890707497816,-0.0020113473595348985,0.00192694412660877,-1
2025-09-05 04:50:00,99.07206656006076,99.10244358397831,98.99464409861318,99.09063296001064,2320.3660541704603,0.0001874029743653,99.10767722930616,99.0745651861516,0.2206513598705573,-0.0014340153356020569,0.0018963173974931504,-1
2025-09-05 05:50:00,99.09063296001064,99.227483937679,99.05259218860252,99.16064113551136,3572.0528344955324,0.0007065064921822,99.1182700105472,99.08239027245702,0.2031907705811956,-0.0033645244450027922,0.0018404575644560273,-1
2025-09-05 06:50:00,99.16064113551136,99.1886919772124,98.79789098751992,98.88072390163126,4476.030234786812,-0.0028228663174693,99.070760788764,99.06405696601831,0.2048925631094635,0.0020418649864681893,0.0019082804399609056,1
2025-09-05 07:50:00,98.88072390163126,98.94769246830975,98.77532652691784,98.82147428477828,4040.112310511723,-0.0005992029034084,99.02090348796686,99.04200399499648,0.2010272637395605,0.002712579546674254,0.0019013117458483379,1
2025-09-05 08:50:00,98.82147428477828,99.01553255729594,98.72343234211482,98.9666616392124,2998.7672841795843,0.0014691883063364,99.01005511821596,99.0351546899252,0.2108954009290227,0.006714605517645911,0.0018706342418951178,1
2025-09-05 09:50:00,98.9666616392124,99.06044071123588,98.6342942472702,98.71292320617972,3394.1075215925325,-0.0025638778638173,98.95062873580872,99.0058609186756,0.2173451814786286,0.011188736263447518,0.0018610129119752618,1
2025-09-05 10:50:00,98.71292320617972,98.79867450372797,98.65312917688868,98.68643593441048,3736.346716547322,-0.0002683262830127,98.8977901755291,98.9768222837424,0.2168493174395302,0.01164783207422282,0.0018039847154556177,1
2025-09-05 11:50:00,98.68643593441048,98.86567570823242,98.67979451184448,98.7886461845929,2818.2162080231683,0.0010357071791542,98.87596137734188,98.9597153656379,0.2134869942873101,0.012783540985021657,0.001810660688347429,1
2025-09-05 12:50:00,98.7886461845929,98.84706201237093,98.47889710201332,98.54831018124204,2341.006568242591,-0.002432830215142,98.81043113812191,98.9223148943292,0.2229593209323173,0.013892671559183833,0.00185724637350845,1
2025-09-05 13:50:00,98.54831018124204,98.74273183407703,98.4923815517478,98.67419764746116,2296.7496642243805,0.0012774188211608,98.78318443998975,98.89975878097756,0.2198774705248993,0.008398624190058879,0.00184913766369587,1
2025-09-05 14:50:00,98.67419764746116,98.87595196334064,98.63194935652147,98.82039416497528,3282.8744631825884,0.0014816083738167,98.79062638498688,98.89254381588644,0.2346360841262651,0.008241610174093417,0.0018496375549292357,1
2025-09-05 15:50:00,98.82039416497528,98.90780095311833,98.8016104237465,98.87279822058152,2318.8546120773676,0.0005302959581274,98.8070607521058,98.8907487617678,0.2246615399423066,0.009496204133777164,0.0018502951440546745,1
2025-09-05 16:50:00,98.87279822058152,99.0341181881494,98.84735232015706,98.94853547273146,3603.915303023326,0.0007660069656465,98.83535569623096,98.89600209912813,0.2264228943390134,0.013782904526086437,0.0018263051432409702,1
2025-09-05 17:50:00,98.94853547273146,99.04541389402686,98.7815879090477,98.82701273442878,3337.952262840883,-0.0012281408483926,98.83368710387052,98.88973033870091,0.236773682124954,0.014408755002964346,0.001841364694273977,1
2025-09-05 18:50:00,98.82701273442878,99.11865710274976,98.81235362743014,99.08262498960264,1406.2826509689712,0.0025864614147628,98.88347468101696,98.90726621605562,0.2509525385502747,0.012709468866493934,0.0018829242767089377,1
2025-09-05 19:50:00,99.08262498960264,99.12567961117482,98.98658245702956,99.08953539469536,2261.976590612716,6.974386370384167e-05,98.92468682375264,98.9238361413865,0.2483957817694733,0.013273947471650338,0.001578978932392531,1
2025-09-05 20:50:00,99.08953539469536,99.64213935234166,99.02957014232268,99.63118373151806,2188.7384615931956,0.0054662516547807,99.06598620530572,98.9881404677621,0.2642363689356526,0.007129206101938124,0.0018186120480281856,1
2025-09-05 21:50:00,99.63118373151806,99.88788047127886,99.62613658523742,99.81739606972762,2076.752053579973,0.0018690166194488,99.21626817819012,99.06352734066805,0.2706205078391903,0.007314982565449046,0.0018459555418583109,1
2025-09-05 22:50:00,99.81739606972762,99.86597426580109,99.75413463045872,99.83591896817804,2026.778840665516,0.0001855678386708,99.34019833618773,99.13374476135075,0.2577447521364218,0.010097696318841054,0.0018449467062997612,1
2025-09-05 23:50:00,99.83591896817804,100.10446880654234,99.83560223307715,100.05151489194846,2982.268166204494,0.0021595025718061,99.48246164733986,99.21717840958692,0.2465104742435307,0.008897404089616812,0.001801572863723987,1
2025-09-06 00:50:00,100.05151489194846,100.09129013061622,99.90108684071988,99.91740948730262,3116.7469644796524,-0.0013403635596188,99.56945121533242,99.28083578028834,0.2497003287476066,0.01139757081284909,0.0017575727234854402,1
2025-09-06 01:50:00,99.91740948730262,100.01689135033166,99.44805921175784,99.50292515075778,3482.070772022884,-0.004148269442449,99.55614600241748,99.30102572305827,0.2770539674751698,0.016239135649311454,0.0019023177943456942,1
2025-09-06 02:50:00,99.50292515075778,99.70779751191569,99.47633046323284,99.63483333093326,3562.1396187286255,0.0013256713807723,99.57188346812065,99.33137186922872,0.2672898344984022,0.015946314233447723,0.0019144902602184193,1
2025-09-06 03:50:00,99.63483333093326,99.82632100615706,99.55709439449124,99.81171449576192,2003.7770921286383,0.0017752944318294,99.6198496736489,99.37503938073176,0.2686381437367292,0.014001889118024247,0.0019022855676023244,1
2025-09-06 04:50:00,99.81171449576192,100.39713378346868,99.7901411869488,100.3123336901482,5172.559833838228,0.0050156356587536,99.75834647694876,99.46024795431508,0.2945660001439236,0.007520794242988016,0.002080631316306571,1
2025-09-06 05:50:00,100.3123336901482,100.31795192169676,100.22415330567785,100.250986948594,3133.6355075816637,-0.0006115573160095,99.85687457127784,99.53213331743132,0.2936808634758593,0.006520929377321849,0.0020718678480757713,1
2025-09-06 06:50:00,100.250986948594,100.36808884636764,100.17970195220924,100.34191252711848,3253.8552299020807,0.0009069793853608,99.95388216244596,99.60574960922106,0.2937966510591486,0.0042931518432729465,0.0020407470437421482,1
2025-09-06 07:50:00,100.34191252711848,100.48452662874554,100.30292455703386,100.40484468251478,2478.0806756640623,0.0006271771566972,100.04407466645974,99.67839461588412,0.2879235143971854,0.0038681536057429966,0.002002685843839528,1
2025-09-06 08:50:00,100.40484468251478,100.42908183552886,100.25210541513232,100.34147497452012,3146.743956299156,-0.000631141935382,100.1035547280718,99.7386746484874,0.2786858676169643,0.0060844739873815445,0.0020118159327680114,1
2025-09-06 09:50:00,100.34147497452012,100.60711373445956,100.25506771418378,100.5475585817062,2341.0132795836025,0.0020538227810427,100.1923554987987,99.8122095515073,0.2938965009120013,0.0015650257630910325,0.0020085011740310216,1
2025-09-06 10:50:00,100.5475585817062,100.8686085097515,100.48063790579704,100.84403175963112,867.6488434679753,0.0029485865406069,100.3226907509652,99.90601157042764,0.2778537433359643,-0.0014055253993406902,0.0020468853393496955,-1
2025-09-06 11:50:00,100.84403175963112,100.9541620928649,100.78605727256222,100.94171364972044,6920.393241962019,0.0009686432442741,100.44649533071625,100.0001663049088,0.2711652386403388,-0.0017188445933632446,0.0020441142324666016,-1
2025-09-06 12:50:00,100.94171364972044,101.0846842001013,100.89791935600732,101.0562252373706,3523.7415602998226,0.0011344327682758,100.56844131204711,100.09617166240533,0.2765170392654537,9.586852496945575e-05,0.0020450060432669467,0
2025-09-06 13:50:00,101.0562252373706,101.14378983115174,100.99663002834473,101.1187666497842,3719.3400778365535,0.000618877385007,100.67850637959457,100.18913484307612,0.2678236985041562,0.0014084765323914006,0.002044939649554308,1
2025-09-06 14:50:00,101.1187666497842,101.26402710252788,101.11503501400747,101.22364169182552,2677.4522528793427,0.001037147163835,100.78753344204075,100.28318092023515,0.2648800412630184,0.0019225682459451665,0.0019472228700502627,1
2025-09-06 15:50:00,101.22364169182552,101.2401921587735,101.1328790986577,101.20926705481148,4220.591172963704,-0.000142008692572,100.8718801645949,100.367370568833,0.2319143928017309,0.005196162504955915,0.0019387848673724625,1
2025-09-06 16:50:00,101.20926705481148,101.26901969730844,100.99011302093976,101.06676211186574,1181.587449427424,-0.0014080226751228,100.91085655404908,100.4309516181996,0.2353029376364322,0.005759070164301772,0.001970723506423068,1
2025-09-06 17:50:00,101.06676211186574,101.0935819147164,100.85745658882875,100.9047165544926,1797.1066649136385,-0.0016033516260645,100.90962855413778,100.4740211578626,0.2329385600808484,0.006606575082249266,0.0019268904333020064,1
2025-09-06 18:50:00,100.9047165544926,100.92373730697749,100.75247151180145,100.7726955938418,3600.2643494282097,-0.0013083725435124,100.8822419620786,100.50117337931526,0.2018152171277165,0.008218820004675331,0.0019521525651929295,1
2025-09-06 19:50:00,100.7726955938418,100.84061955487498,100.67595620214288,100.7932260445075,4760.397043036211,0.0002037302916699,100.8644387785644,100.52772362160546,0.2068769840358005,0.008637238007532355,0.0019524699446302272,1
2025-09-06 20:50:00,100.7932260445075,100.98944032538208,100.7274354022254,100.95200006885808,2099.925139589057,0.0015752449899804,100.88195103662314,100.56629420771934,0.212135414678536,0.007386288851241263,0.001876754177441572,1
2025-09-06 21:50:00,100.95200006885808,100.9798980385162,100.61492846152552,100.70491810130248,4916.440823373315,-0.0024475192902276,100.846544449559,100.57889637986324,0.2252330936270366,0.006989851486984833,0.00195710815888479,1
2025-09-06 22:50:00,100.70491810130248,100.7098278082426,100.64614195746198,100.70229291162104,6001.92780644898,-2.60681377922678e-05,100.81769414197142,100.59011424638668,0.2171409100830428,0.005125945904423945,0.001954306198674361,1
2025-09-06 23:50:00,100.70229291162104,100.78307615230892,100.61037180506528,100.7682105309688,2644.599658322413,0.000654579130642,100.80779741977088,100.60630481771231,0.204330790580747,0.005057933233433065,0.0019543040565785834,1
2025-09-07 00:50:00,100.7682105309688,101.07036636017828,100.68715422648206,101.06591334862308,3116.136707404347,0.0029543326817615,100.85942060554132,100.64808741143148,0.2039908998480147,0.001096852152445038,0.0019982584253523165,0
2025-09-07 01:50:00,101.06591334862308,101.2830692934968,100.9943815329553,101.2611900595948,1519.1687179733112,0.0019321718322391,100.93977449635204,100.70382401580996,0.2126039670079293,-0.004184179437339841,0.0019797466281934054,-1
2025-09-07 02:50:00,101.2611900595948,101.4222128936994,101.2514445825691,101.41825105108116,4880.20282833385,0.0015510482485336,101.03546980729786,100.76877192810736,0.2114613575105234,-0.007583226630441864,0.0019573097957609332,-1
2025-09-07 03:50:00,101.41825105108116,101.7414715029118,101.34855657626204,101.73516685343576,4529.403495926833,0.0031248399481369,101.17540921652544,100.85662601222812,0.2290152949278621,-0.006363121059595911,0.001998138331229922,-1
2025-09-07 04:50:00,101.73516685343576,101.7680163193918,101.54907752764274,101.64881268614678,1843.7492505469284,-0.0008488133450783,101.27008991044973,100.92864298258436,0.2340114880156239,-0.00659003467194097,0.0018297900330926371,-1
2025-09-07 05:50:00,101.64881268614678,101.69646118981652,101.55056371307477,101.57135114056292,3235.140993225609,-0.0007620506677539,101.33034215647235,100.98707099694604,0.2367675177746215,-0.004471518123966067,0.0018313545729041348,-1
2025-09-07 06:50:00,101.57135114056292,101.61350381101188,101.52329079408636,101.60092824031352,3438.12992560733,0.0002911952968871,101.3844593732406,101.04287620088854,0.2232893992429672,-0.004125141001467769,0.001830778852625349,-1
2025-09-07 07:50:00,101.60092824031352,101.75892599133832,101.54494973948066,101.66380112740092,3892.345429120147,0.000618821975117,101.44032772407266,101.09932392148058,0.2217073225265388,-0.0045584716521844815,0.0018071770336512644,-1
2025-09-07 08:50:00,101.66380112740092,101.70452116615805,101.6465335799374,101.6976607014772,13969.81531067784,0.0003330543782624,101.49179431955358,101.15371817420754,0.2136160218868679,-0.007588811512955096,0.0017761113767418117,-1
2025-09-07 09:50:00,101.6976607014772,101.71169927178384,101.3571122235483,101.40883052283957,2180.937069658459,-0.0028400867497383,101.47520156021078,101.17691020590136,0.2271820001371125,-0.004304296870579205,0.0016766697349599802,-1
2025-09-07 10:50:00,101.40883052283957,101.42199007706256,101.1494554615881,101.21848741753747,4381.826635562764,-0.0018769874804857,101.42385873167612,101.18068995241372,0.2279341210169525,-0.00418826394782279,0.0017264603789587955,-1
2025-09-07 11:50:00,101.21848741753747,101.3395234998925,101.1792166599502,101.27788941188696,1186.500072078788,0.0005868690183488,101.39466486771828,101.1895262669113,0.2133153540849243,-0.00013793109803750259,0.001710727688779793,0
2025-09-07 12:50:00,101.27788941188696,101.28706793123813,101.07683090977906,101.17676771321835,4786.365377504843,-0.0009984578001756,101.35108543681832,101.18836639839375,0.2237832948476708,-0.001788161117664444,0.001512676360774357,-1
2025-09-07 13:50:00,101.17676771321835,101.2545966812748,100.80413664870994,100.83749507034688,1876.2047070306637,-0.0033532662738655,101.24836736352404,101.15646900493496,0.2436229866563297,0.0008047998245155341,0.0016367352589913436,0
2025-09-07 14:50:00,100.83749507034688,100.93566212978354,100.6420271516182,100.64917346889776,3475.2707468536337,-0.001867575164553,101.12852858459878,101.11035122893156,0.2372246184041243,0.0025114165656443532,0.0016703243067876174,1
2025-09-07 15:50:00,100.64917346889776,101.15856618307603,100.61805903073426,101.08781367072916,16016.35185202708,0.0043581103223557,101.12038560182486,101.10830236000407,0.2552117178184311,-0.0006030824098899323,0.0018310158788529688,0
2025-09-07 16:50:00,101.08781367072916,101.14997013594382,100.8911829475517,100.97894348618344,5464.487259117366,-0.001076986241886,101.0920971786966,101.09654246238402,0.2614987804799905,0.0017420077418863755,0.0018393276347687811,1
2025-09-07 17:50:00,100.97894348618344,101.1530837843253,100.9580859604988,101.11717300306218,2481.7653985964157,0.0013688944655836,101.09711234356972,101.09841796608204,0.2473618445640438,-0.0016156480953928298,0.001820947147376828,-1
2025-09-07 18:50:00,101.11717300306218,101.19744571047036,101.10317865428148,101.18181008544222,5819.288055161299,0.0006392295241293,101.11405189194424,101.10599906784203,0.2384567205954571,-0.0032107679185914284,0.0017520674428842223,-1
2025-09-07 19:50:00,101.18181008544222,101.22970587746448,101.13503235567975,101.20036957190834,2652.0633503789645,0.000183427104639,101.13131542793704,101.11457820457537,0.2347978666699534,-0.00586535912642705,0.0017450807091616023,-1
2025-09-07 20:50:00,101.20036957190834,101.27175001600004,100.86847017497136,100.92589632310523,4502.365416162451,-0.0027121763484081,101.0902316069707,101.09742530625988,0.257159782677321,-0.002297583956153204,0.001801770675810936,-1
2025-09-07 21:50:00,100.92589632310523,101.018511094702,100.8255947238478,100.97233681097102,4381.044539966713,0.0004601444184066,101.06665264777077,101.08605362486998,0.2556555054627897,-0.00432187841915288,0.0018001195069517458,-1
2025-09-07 22:50:00,100.97233681097102,100.99180037770512,100.69525596771852,100.79455767583345,3474.0517151996137,-0.0017606716923903,101.0122336533833,101.05955399313936,0.2726952785889298,-0.001922784626536611,0.0018138214190490868,-1
2025-09-07 23:50:00,100.79455767583345,101.27378561021646,100.78811746409332,101.26392004139346,1998.8016109592152,0.0046566240914469,101.06257093098534,101.07813272479883,0.2820582141523299,-0.006785516488158172,0.0020015432886760316,-1
2025-09-08 00:50:00,101.26392004139346,101.28127684551764,100.97781885644908,100.9958473511826,6024.647382594443,-0.0026472675569074,101.0492262150248,101.07065223628828,0.2842670265519099,-0.003619620649959021,0.0020416278099558054,-1
2025-09-08 01:50:00,100.9958473511826,101.07663209097706,100.9090386602182,100.91864906868408,1289.9914829658806,-0.0007643708580421,101.02311078575669,101.05683376650607,0.2847874973245205,-0.00020832937214776415,0.002025964659028501,0
2025-09-08 02:50:00,100.91864906868408,100.96059285825535,100.88089421965596,100.90194547046596,3432.468165637134,-0.0001655154758042,100.99887772269854,101.0427530123206,0.2754633271202574,1.962018492918105e-05,0.0020120672544621026,0
2025-09-08 03:50:00,100.90194547046596,101.12365531430444,100.8262357590645,101.02684938845012,4005.922132318655,0.0012378742293004,101.00447205584886,101.04130722833236,0.2645318644541916,0.0019795783364571218,0.0020230236008039553,1
2025-09-08 04:50:00,101.02684938845012,101.18133852393396,100.97767993040245,101.15484958750388,1701.3345338846473,0.0012669918920424,101.03454756217988,101.05162926098431,0.2581049798374906,-0.0010076067123344634,0.002016369206508074,0
2025-09-08 05:50:00,101.15484958750388,101.216700239535,100.91836037832908,100.95380323508827,2774.5281944681815,-0.001987510764293,101.01839869676157,101.04273598590288,0.2408073161849283,0.0010622330255189993,0.0019994499141049523,0
2025-09-08 06:50:00,100.95380323508827,101.00364232077044,100.8394129757868,100.85693877567488,2127.07085538979,-0.0009594929196262,100.98610671254424,101.0258453304276,0.234053184512896,0.0017466092734832461,0.0020078245300702816,1
2025-09-08 07:50:00,100.85693877567488,100.91427966166832,100.5811352727229,100.60679306064196,7743.071797043667,-0.0024802033263106,100.91024398216378,100.98774966953798,0.2439207963071043,0.004445966434615922,0.002053328307943353,1
2025-09-08 08:50:00,100.60679306064196,100.7039909263398,100.5617312166389,100.69401060295289,4806.2857297519795,0.000866915042788,100.8669973063216,100.96104611803024,0.2473488429865357,0.005907379248885958,0.001986953723509096,1
2025-09-08 09:50:00,100.69401060295289,100.78514562499338,100.44559414122172,100.53594664757624,3317.453621511596,-0.0015697453545663,100.80078717457256,100.92240071162531,0.2648401259856022,0.006644178271915324,0.0019669992465502577,1
2025-09-08 10:50:00,100.53594664757624,100.68105808060224,100.44614668799716,100.6007514498958,3541.10757816523,0.0006445933467629,100.7607800296372,100.89315986964992,0.2528138082410608,0.008086778680702622,0.0019470570290854156,1
2025-09-08 11:50:00,100.6007514498958,100.68765319007372,100.52684490576988,100.57679204229706,1358.1628374656418,-0.0002381633064706,100.72398243216918,100.8643991580724,0.2505203734874622,0.011335518083243068,0.0018471605668192882,1
2025-09-08 12:50:00,100.57679204229706,100.72601924043124,100.49303113505653,100.63028069655016,2397.4530236237965,0.0005318190525565,100.70524208504538,100.84311566157037,0.2459806374437566,0.008029117659766438,0.001851400988038801,1
2025-09-08 13:50:00,100.63028069655016,100.9978688817526,100.58300395993726,100.8976247498856,4029.036672294463,0.0026566958919809,100.74371861801345,100.8480710332354,0.2409232642789151,0.005076850328906479,0.001921948347852209,1
2025-09-08 14:50:00,100.8976247498856,100.9496748559331,100.84490404745846,100.9039251852958,1200.548104923293,6.2443842715032e-05,100.7757599314699,100.85314868342267,0.2267313228079197,0.004422703925851534,0.0019204636379280043,1
2025-09-08 15:50:00,100.9039251852958,101.27992599121504,100.89924807255144,101.2268399509,1898.831486976669,0.0032002200609264,100.86597593535592,100.88712061682972,0.2419516433725458,0.002692937733298262,0.0020087318406190264,1
2025-09-08 16:50:00,101.2268399509,101.23087927525825,100.95832805040234,101.05292528207433,3507.784339669708,-0.0017180687346362,100.90336580469962,100.9021937682156,0.2557268281051544,0.005274512668164588,0.0020260428710071865,1
2025-09-08 17:50:00,101.05292528207433,101.13105953918549,101.01282170231144,101.06103969893634,1887.308625198261,8.029868348069513e-05,100.93490058354696,100.91663430737202,0.2429281339361629,0.007093353546582248,0.001968078248224457,1
2025-09-08 18:50:00,101.06103969893634,101.09065457781485,100.93456862574084,101.0330964402356,13834.532892883108,-0.0002764988247101,100.95453975488468,100.92722177399598,0.2395300881177685,0.009911030935587428,0.0019417671230643927,1
2025-09-08 19:50:00,101.0330964402356,101.05724445250672,101.0299333151492,101.05408748568392,4929.108062622876,0.0002077640514634,100.97444930104454,100.93875502051306,0.2201708935571683,0.010846242068619283,0.0019388760717591789,1
2025-09-08 20:50:00,101.05408748568392,101.33803902588498,100.95620424894528,101.28884831167586,4319.648828546944,0.0023231205370608,101.03732910317082,100.97058168334604,0.2357141386968858,0.007276758179295628,0.001975975042077436,1
2025-09-08 21:50:00,101.28884831167586,101.34565166391282,101.14107739115664,101.2039253998385,4063.4026031900976,-0.0008384231161958,101.07064836250436,100.99179474848172,0.2265305589690821,0.004573200425014079,0.0018847108894572827,1
2025-09-08 22:50:00,101.2039253998385,101.43059515886556,101.1847472736464,101.41428746198348,7824.0033931372045,0.002078595877718,101.1393761824002,101.03020317698189,0.2339297143632442,0.0006602006363487511,0.0018798939966917017,0
2025-09-08 23:50:00,101.41428746198348,101.74078430372472,101.4142028012606,101.71688208724709,3770.260310192457,0.0029837474860434,101.25487736336956,101.09262853246052,0.2330032871269927,-0.003324524658657624,0.0017965910878773928,-1
2025-09-09 00:50:00,101.71688208724709,101.7884560477446,101.37116744994044,101.43825306039808,1818.072051942166,-0.0027392603974037,101.29155250277528,101.1240489440912,0.246030230355498,0.001812400746977083,0.001857565162391093,1
2025-09-09 01:50:00,101.43825306039808,101.49833195431368,101.37675811967318,101.40986688928292,3878.932406737917,-0.0002798369476872,101.3152153800768,101.1500323936541,0.2432277696652594,0.004013377406326901,0.001845305086390525,1
2025-09-09 02:50:00,101.40986688928292,101.50659703364748,101.28671562005282,101.35019337134663,3626.105922339811,-0.0005884389731173,101.3222109783308,101.1682288461716,0.2422915773952537,0.00531874525584719,0.0018463220715876924,1
2025-09-09 03:50:00,101.35019337134663,101.59868263116552,101.2645145365923,101.49943752782632,1512.7655417708372,0.0014725591685145,101.3576562882299,101.19833872632204,0.2365275183065307,0.00200365314588824,0.001863232389879563,1
2025-09-09 04:50:00,101.49943752782632,101.61865558725964,101.44767309943002,101.58593021662972,7737.7542618028365,0.0008521494395443,101.40331107390988,101.23357431635,0.2412569239747445,0.001653573494963645,0.001795375385241888,1
2025-09-09 05:50:00,101.58593021662972,101.85859320105108,101.57949011467171,101.77790138330607,1722.5151829096408,0.0018897416824059,101.47822913578912,101.2830585951642,0.2340015788115833,0.0011435311517520308,0.0018195456064284262,0
2025-09-09 06:50:00,101.77790138330607,102.03491946799252,101.70148035668812,102.03443858457295,1661.2154768439234,0.0025205589600507,101.58947102554588,101.35136586692862,0.2383507135579035,6.737148774438317e-05,0.0018243279123163674,0
2025-09-09 07:50:00,102.03443858457295,102.18533627963392,101.97501999770866,102.15014458057708,1823.339097902348,0.0011339896373148,101.70160573655214,101.42398211362394,0.244927745347276,-0.0015493138523209327,0.0016567647318204155,-1
2025-09-09 08:50:00,102.15014458057708,102.17967608553228,102.01433672443096,102.02590276709928,2022.7576487831232,-0.0012162666434585,101.76646514266156,101.47870217303078,0.245588703134943,0.001286432141111682,0.0015934847910024602,1
2025-09-09 09:50:00,102.02590276709928,102.11731936107752,101.63557674690216,101.66675123449012,3544.3542276546673,-0.0035201995068743,101.74652236102727,101.49579754225437,0.2780480943362186,0.007615406813876291,0.001723088380757972,1
2025-09-09 10:50:00,101.66675123449012,101.68045299889052,101.39116312123272,101.48124123910074,9488.099444827416,-0.0018246869614384,101.693466136642,101.49447424196764,0.2714377443875112,0.011070419698654854,0.001760011303774471,1
2025-09-09 11:50:00,101.48124123910074,101.5777110737138,101.34660843233202,101.37872180454626,3691.779467047755,-0.0010102303963047,101.63051727022284,101.48395129311116,0.2733326278607698,0.010749021496589073,0.0017613073740841366,1
2025-09-09 12:50:00,101.37872180454626,101.68229225377878,101.3410210239794,101.6220998260168,4011.197295081656,0.0024006814954695,101.62883378138164,101.49651025064804,0.2801485810450716,0.01058258453687766,0.0017963796393476864,1
2025-09-09 13:50:00,101.6220998260168,101.87240486668875,101.55869065358452,101.816862957835,3685.1285499584046,0.0019165430762762,101.66643961667232,101.52563322402864,0.2792294889479367,0.010356095541869781,0.001779327815874826,1
2025-09-09 14:50:00,101.816862957835,101.96679584550866,101.7599532704832,101.88924923151968,2939.1997027400544,0.0007109458254932,101.7110015396418,101.55868922470964,0.2641976301780297,0.010474373980345453,0.0017666248151356927,1
2025-09-09 15:50:00,101.88924923151968,101.98759483737334,101.68193961944192,101.70280719513484,3554.239462395949,-0.0018298499379573,101.70936267074042,101.57179085838467,0.2773463004130941,0.01394069494700001,0.0017368643309902227,1
2025-09-09 16:50:00,101.70280719513484,101.80722783497608,101.6878737550918,101.75391001829716,3233.5691401581057,0.0005024721005415,101.71827214025176,101.58834714564944,0.2701657765766398,0.011778721231821221,0.0017344918431070689,1
2025-09-09 17:50:00,101.75391001829716,101.96164545059165,101.67347095292251,101.89428758409782,2382.9422468223647,0.0013795790822723,101.753475229021,101.6161599127811,0.2668805196549186,0.013608641923784859,0.0017085230698999706,1
2025-09-09 18:50:00,101.89428758409782,102.09963392657176,101.86731897471748,102.04131279650156,3794.123120462833,0.0014429190869251,101.81104274251712,101.65481017493752,0.2712614099423933,0.013395578110407813,0.0017176987758272303,1
2025-09-09 19:50:00,102.04131279650156,102.1360781334168,101.8925318457127,101.9918819465618,11132.08286558667,-0.0004844199725101,101.84721058332606,101.685453063267,0.2687216386084472,0.013073895701136706,0.0017214096837097081,1
2025-09-09 20:50:00,101.9918819465618,102.25591603784808,101.90236128151116,102.15715216764482,5115.350474621027,0.0016204252527629,101.90919890018982,101.7283348000286,0.2701584703964853,0.016099045202404794,0.0017340309847063984,1
2025-09-09 21:50:00,102.15715216764482,102.52980197767428,102.12351974987494,102.44098490458592,1674.519335295106,0.0027783932002658,102.01555610106904,101.79312117317018,0.2841560379589175,0.00960751893471623,0.001739102639175398,1
2025-09-09 22:50:00,102.44098490458592,102.69544308070988,102.35848588114628,102.60468117115802,3695.7176529612343,0.0015979567818931,102.13338111508683,101.86689935480544,0.2964144549919366,0.003973677416130972,0.0017484831562690913,1
2025-09-09 23:50:00,102.60468117115802,102.6444956412326,102.403662016831,102.46844386452004,3708.918809300088,-0.0013277884116293,102.20039366497348,101.92158521932494,0.2792066700080958,0.005245511982941098,0.0017076565344848812,1
2025-09-10 00:50:00,102.46844386452004,102.72589889968924,102.39205243090136,102.69752428824064,2222.5438804207274,0.0022356192314534,102.29981978962692,101.9921251346809,0.2823892836602429,0.005250403539472925,0.0016937490990048564,1
2025-09-10 01:50:00,102.69752428824064,102.93367280682372,102.6818334681184,102.8712881183998,2655.4675136142523,0.0016919962906938,102.4141134553815,102.07204904229172,0.2838704763262072,0.004590082340875323,0.0017046098948428885,1
2025-09-10 02:50:00,102.8712881183998,102.98428046226634,102.81481010155495,102.95647533254726,2721.62556453042,0.000828095143996,102.52258583081463,102.15245143231492,0.2715989856770641,0.006823021602872181,0.0016983728030903244,1
2025-09-10 03:50:00,102.95647533254726,103.1741340728333,102.86901522527668,103.12061500549576,3272.419342334373,0.0015942627447018,102.64219166575089,102.24046630260408,0.2709850309950923,0.0042696661585761575,0.0017059523400369979,1
2025-09-10 04:50:00,103.12061500549576,103.16909609054204,102.87081925706474,102.95244095865051,2544.0413675157643,-0.001630847981621,102.7042415243308,102.3051912713356,0.277516049455937,0.007354218325976047,0.0017227888356420988,1
2025-09-10 05:50:00,102.95244095865051,103.3221658130322,102.85459696290503,103.28093045790897,4749.170690841324,0.0031906917038555,102.81957931104644,102.39389483375136,0.2890813088984915,0.007146219742227178,0.0017676603517542857,1
2025-09-10 06:50:00,103.28093045790897,103.45696886213696,103.22660840933662,103.40821517255564,2172.9679229559983,0.0012324125478182,102.9373064833483,102.48610577364263,0.2970103355353523,0.00637176182772059,0.0017516492047247223,1
2025-09-10 07:50:00,103.40821517255564,103.48557809969594,103.26846879728,103.3253131734938,2581.155360650416,-0.0008016964505526,103.0149078213774,102.56239735544727,0.291934250160125,0.004320954517937459,0.0017135876266693815,1
2025-09-10 08:50:00,103.3253131734938,103.89628610063652,103.23381123208362,103.80178477814069,3686.655401373554,0.0046113734380541,103.17228321273006,102.6750689393285,0.3226599584957412,-0.0009673544933959111,0.0017585743792213734,0
2025-09-10 09:50:00,103.80178477814069,103.80811904839844,103.3739394439112,103.4251886067477,3469.786144268081,-0.003628031754925,103.2228642915336,102.7432616363666,0.3362766239802519,0.005110900767751447,0.0019129082382653457,1
2025-09-10 10:50:00,103.4251886067477,103.44856262476608,102.9318775596845,103.01239907551717,3321.5168211311016,-0.0039911895428114,103.18077124833032,102.76772867628937,0.3479287888905844,0.0030491319763021885,0.0020701845904188953,1
2025-09-10 11:50:00,103.01239907551717,103.03476438008092,102.942681899735,103.00594331468471,2492.4034258985075,-6.266974549040683e-05,103.1458056616012,102.78938455250712,0.3254859497867701,0.002341745787501237,0.0020649541915205498,1
2025-09-10 12:50:00,103.00594331468471,103.23999063865185,102.99469953484058,103.23672773325872,2556.421984691395,0.0022404961417512,103.16399007593272,102.83005211439364,0.3189383715187465,-0.0022728471821185092,0.002087860959939818,-1
2025-09-10 13:50:00,103.23672773325872,103.44587032084452,103.20784586169954,103.34347580137518,4176.391781472574,0.0010340125114411,103.1998872210212,102.87672699502832,0.3187377168575602,-0.002298489270157633,0.0020750064047279798,-1
2025-09-10 14:50:00,103.34347580137518,103.7452227057274,103.29874683056694,103.6589495878968,791.0633261698957,0.0030526724989197,103.29169969439634,102.94783813983454,0.3267826744556014,-0.006491573212437651,0.0020939384626685893,-1
2025-09-10 15:50:00,103.6589495878968,103.72180697470928,103.54618299993248,103.5609056056363,2471.9284366141596,-0.0009458322957187,103.34554087664434,103.00357154581653,0.3213387198892801,-0.004407380412001505,0.0021057374426568603,-1
2025-09-10 16:50:00,103.5609056056363,103.80233346731428,103.46665906007247,103.7095756866526,5092.483623130915,0.0014355811215329,103.418347838646,103.06775374043796,0.3332104374985962,-0.006724536985179941,0.0020909533385757555,-1
2025-09-10 17:50:00,103.7095756866526,104.11498590658438,103.69474013898298,104.01899868214286,3472.5044208066915,0.0029835528054338,103.53847800734538,103.15423055332025,0.3414337889303657,-0.010136785437746099,0.002000323596811127,-1
2025-09-10 18:50:00,104.01899868214286,104.1359617139902,103.95107439485336,104.06710769066484,2823.132412955621,0.0004625021306825,103.64420394400928,103.23721938398792,0.3333345379060485,-0.009718295007222322,0.0019467204016891354,-1
2025-09-10 19:50:00,104.06710769066484,104.16566873187972,103.66844373195448,103.7717771522681,3090.56992731102,-0.0028378855235852,103.66971858566104,103.28581554474066,0.3354528343201985,-0.0066229380132903914,0.00202637471509211,-1
2025-09-10 20:50:00,103.7717771522681,103.78268754591178,103.63358235296312,103.70137165521304,4291.688411388059,-0.0006784647905927,103.67604919957144,103.32359337296542,0.3296488871879361,-0.006006000647937659,0.0020176368300789563,-1
2025-09-10 21:50:00,103.70137165521304,103.96159454457607,103.6680074583483,103.95378448260276,2814.3462984555704,0.0024340355711873,103.73159625617772,103.38088347384154,0.335111586031639,-0.008501197382724479,0.0020302732502642737,-1
2025-09-10 22:50:00,103.95378448260276,103.99996845870167,103.27208234764876,103.32649747549394,3424.0650323483405,-0.0060342873540482,103.65057650004096,103.37593929217356,0.3397838176387832,-0.0009942072844253413,0.0023490140543849683,0
2025-09-10 23:50:00,103.32649747549394,103.38055395306716,103.24652491551842,103.24715704852947,5192.140812883426,-0.0007678613802164,103.56989260973867,103.36423181547865,0.3183444914288884,0.0018881734372231396,0.002323264362182816,1
2025-09-11 00:50:00,103.24715704852947,103.31573755895838,102.9637540533318,103.00208642753904,3956.3055695809226,-0.0023736306935333,103.45633137329877,103.33130950748414,0.3065800943249601,0.004498159364426657,0.0023771233828323653,1
2025-09-11 01:50:00,103.00208642753904,103.12689615400583,102.90894748974289,103.10594193110492,1965.2750894706044,0.0010082854354505,103.38625348486,103.31082154599513,0.3155705360333191,0.005016409686504408,0.002373008771359092,1
2025-09-11 02:50:00,103.10594193110492,103.17963137926674,102.88575889896303,102.98603992752258,10747.123340635855,-0.001162901005865,103.30621077339252,103.2812959443158,0.3190406343542073,0.003066336793759561,0.002379782001691898,1
2025-09-11 03:50:00,102.98603992752258,103.1341229998179,102.9165187338908,103.10447329882088,3057.7771631792475,0.0011499944204249,103.2658632784782,103.2652211583617,0.3175820491243582,0.004505902918257476,0.002380146919230442,1
2025-09-11 04:50:00,103.10447329882088,103.19523654859928,102.99112103105286,103.01217680923038,2131.3001832410027,-0.0008951744443038,103.21512598462864,103.24221712662248,0.3002705950090702,0.0049060735891381935,0.0023780976989548307,1
2025-09-11 05:50:00,103.01217680923038,103.03911803981786,102.91155008738836,102.9645804110528,2952.065629378339,-0.0004620463293939,103.16501686991349,103.21697742520703,0.2968380219842643,0.005590861219564536,0.0023361652664458756,1
2025-09-11 06:50:00,102.9645804110528,103.13986611532044,102.87036989047336,103.05575283757858,1653.589478498729,0.000885473685823,103.1431640634465,103.20232064451356,0.2921110089560689,0.0037183836247838276,0.002325408443785118,1
2025-09-11 07:50:00,103.05575283757858,103.13399424895748,102.9654127698248,103.08450310465965,7221.456407628014,0.0002789777988074,103.13143187168914,103.19160995907228,0.2741349883511605,0.0014676288842063734,0.002309995253721637,1
2025-09-11 08:50:00,103.08450310465965,103.18513504876108,103.0609391558768,103.0785411498598,1698.626861310468,-5.783560690786338e-05,103.12085372732328,103.1813309764166,0.2697998864759756,0.003846831134548534,0.002279859613999652,1
2025-09-11 09:50:00,103.0785411498598,103.10730030017623,103.04478691639558,103.07005284203495,1963.4989296248284,-8.23479623414114e-05,103.11069355026562,103.17121478238192,0.2387490567513615,0.004411635539069758,0.002261855791572625,1
2025-09-11 10:50:00,103.07005284203495,103.27827942942956,103.01506481030742,103.22376951902964,5555.138397983197,0.0014913805975267,103.13330874401844,103.17599248571352,0.2468997300494655,0.0024120082081697802,0.002272111089815651,1
2025-09-11 11:50:00,103.22376951902964,103.4779581887864,103.21178804808577,103.44210558793732,5821.442048965837,0.0021151724057841,103.19506811280222,103.20018458591568,0.2449413767975262,0.002919253579138914,0.0022851126139448443,1
2025-09-11 12:50:00,103.44210558793732,103.51462234395888,103.35873582994483,103.46540622715855,3163.9570374705672,0.0002252529479056,103.24913573567348,103.22429564421049,0.2040842627233193,0.0013658134658365295,0.0022632180166669486,1
2025-09-11 13:50:00,103.46540622715855,103.66398441741528,103.39889300914535,103.62316357694428,4417.351877383133,0.0015247352283076,103.32394130392764,103.2605563653681,0.2134458606319751,0.001178972588239846,0.002209730831281279,0
2025-09-11 14:50:00,103.62316357694428,103.70031040993486,103.27004043962457,103.30182981099593,9174.1953970321,-0.0031009839388831,103.3195190053413,103.2643084967888,0.2190377509665272,0.006237702642227783,0.0022704070078745217,1
2025-09-11 15:50:00,103.30182981099593,103.64732679699914,103.20412066203424,103.56905204594344,1574.353868950907,0.0025868102766082,103.36942561346174,103.29201245580286,0.2351275703023816,0.0032488756571678046,0.0023118788522535185,1
2025-09-11 16:50:00,103.56905204594344,103.57533751035535,103.48446203026651,103.51756212923378,3925.2868989762287,-0.0004971554310144,103.39905291661616,103.31251697156932,0.2206277845727474,0.0060923977526525785,0.002160002601676023,1
2025-09-11 17:50:00,103.51756212923378,103.61287261681812,103.42903326920984,103.54024109066168,3300.806393166811,0.0002190832257,103.42729055142526,103.33321916421409,0.2182160046928304,0.0029705585463846162,0.00206115107400832,1
2025-09-11 18:50:00,103.54024109066168,103.637479669331,103.39612664937697,103.4389536613696,1869.6930486195351,-0.0009782421619375,103.42962317341414,103.3428313912282,0.2208758262933748,0.004681840042895846,0.0019362464139505303,1
2025-09-11 19:50:00,103.4389536613696,103.53768315929187,103.22876928130576,103.2357928989301,2054.6348520641645,-0.0019640643611361,103.39085711851736,103.3331006192011,0.2338291066902747,0.005244156920432008,0.0019712384309843686,1
2025-09-11 20:50:00,103.2357928989301,103.47668217448576,103.16317807351398,103.47506689125892,4190.262133479424,0.0023177425736737,103.40769907306569,103.34600664393363,0.2369725264134672,0.0022806346634722807,0.001974025510263405,1
2025-09-11 21:50:00,103.47506689125892,103.61397081810776,103.45666227061722,103.52476035016667,4516.25863583659,0.0004802457287609,103.43111132848588,103.3622569808639,0.2361673170104562,0.004288703721934128,0.0019677550379550986,1
2025-09-11 22:50:00,103.52476035016667,103.53391950176366,103.42697095537764,103.47274609838776,5832.752467597656,-0.0005024329600279,103.43943828246628,103.37230144609336,0.2349353636891546,0.004689400278090172,0.00189204885112009,1
2025-09-11 23:50:00,103.47274609838776,103.77126415345838,103.3783501238287,103.74407932490858,2297.2520701963176,0.0026222675704654,103.50036649095472,103.40609943507654,0.2585354098212268,-0.0004408589506740279,0.0019422940959786241,0
2025-09-12 00:50:00,103.74407932490858,103.81055348619132,103.5499390573517,103.60672067223184,2232.8044109106613,-0.0013240143781753,103.52163732721016,103.4243377293634,0.2583496819439048,0.001822413901539921,0.0019403752424038908,1
2025-09-12 01:50:00,103.60672067223184,103.816480569785,103.58692738917254,103.7453324463082,1012.1672503981074,0.0013378646981296,103.56637635102976,103.45351906726746,0.2557341847947479,0.0011387228933663618,0.001878780927480515,0
2025-09-12 02:50:00,103.7453324463082,104.04167800891187,103.67542099826008,103.94619590775494,6131.401864214019,0.001936120466438,103.64234026237482,103.49830787094814,0.2707606488403026,-4.523284249702275e-05,0.001910317652400621,0
2025-09-12 03:50:00,103.94619590775494,104.0045790295436,103.86351233991766,103.90553501797145,4047.27377769391,-0.0003911724659898,103.69497921349416,103.53532852067752,0.2619017403657336,-0.0005134207121239021,0.0018422477293828007,0
2025-09-12 04:50:00,103.90553501797145,104.22094694026588,103.87147126456148,104.14823229211,2969.081206696542,0.0023357492370024,103.78562982921731,103.5910470453532,0.2561307193224544,-0.003421620743966569,0.0018808806266252087,-1
2025-09-12 05:50:00,104.14823229211,104.16180187287311,103.8345892184944,103.84781343872828,5178.400233358059,-0.0028845314679863,103.79806655111952,103.61438944475094,0.2478454707091545,-0.0019120345818830486,0.0019060916788124918,-1
2025-09-12 06:50:00,103.84781343872828,103.95250523185302,103.81732306303616,103.92323829661665,3109.100610378184,0.0007263018391125,103.82310090021896,103.64246661310236,0.251010234189729,-0.002571288408200312,0.0015629012180712891,-1
2025-09-12 07:50:00,103.92323829661665,103.96759187791174,103.67344963481132,103.77717759669731,1869.0160729581592,-0.0014054671728226,103.81391623951464,103.65471306615646,0.2588890124391675,-0.0011927088129913832,0.001579368026794478,0
2025-09-12 08:50:00,103.77717759669731,103.85792194843393,103.70314081270904,103.71105571561624,1477.2807603902645,-0.0006371524318963,103.79334413473497,103.65983512519826,0.2527053064227991,0.001391053897885186,0.0015181074757936912,1
2025-09-12 09:50:00,103.71105571561624,104.06440005244158,103.62691524237222,103.96874737519276,2387.6165245122907,0.0024847077083383,103.82842478282652,103.68791805701592,0.2618889444287455,0.001354200217136059,0.001564699712205491,1
2025-09-12 10:50:00,103.96874737519276,104.0279420691138,103.87226949936722,103.95797122271628,6368.297383402213,-0.0001036479975812,103.85433407080448,103.71246834480688,0.2506152636269456,0.005779550134761724,0.001544667248255199,1
2025-09-12 11:50:00,103.95797122271628,103.99165189459868,103.69620580624986,103.69834281895876,3210.6235005833983,-0.0024974362302753,103.82313582043534,103.7111842060934,0.2604822308311085,0.011043394469815615,0.0016126009271745607,1
2025-09-12 12:50:00,103.69834281895876,103.88915540639348,103.6864887433792,103.79553500027788,1009.605268098325,0.0009372587707481,103.81761565640385,103.71885246011016,0.2673192391616977,0.010699274643326318,0.001605682189182329,1
2025-09-12 13:50:00,103.79553500027788,103.91209966088029,103.70296932594464,103.8634696314447,4600.672359684746,0.0006545043692549,103.82678645141202,103.73199947568604,0.2541918323978385,0.007959335307101245,0.0016021063085415177,1
2025-09-12 14:50:00,103.8634696314447,104.01463974738354,103.83191431234894,103.94149412584729,6532.495112178224,0.000751221720971,103.84972798629909,103.7510444438825,0.2486283328403372,0.00736097348647502,0.0016006255663159085,1
2025-09-12 15:50:00,103.94149412584729,103.97575939565878,103.83488777834911,103.8521877641889,1033.872679823274,-0.0008591983635548,103.85021994187704,103.76023929118308,0.2422939354615668,0.008566466144926732,0.0016129883226962249,1
2025-09-12 16:50:00,103.8521877641889,103.9248425814622,103.70746366613632,103.79187654005186,2064.2651683638537,-0.0005807410073438,103.838551261512,103.7631154047166,0.2316597857954282,0.010846022327632321,0.0016186700074688537,1
2025-09-12 17:50:00,103.79187654005186,103.8879620830446,103.5906282227634,103.6492528281805,2119.182567714658,-0.0013741317396485,103.80069157484571,103.75276426139511,0.2428217265565188,0.01136614067423447,0.0016423067598181802,1
2025-09-12 18:50:00,103.6492528281805,103.71226687685676,103.62072757000904,103.65602167864192,10180.74907413566,6.530534737803073e-05,103.77175759560495,103.74396948114484,0.2243977002096124,0.010304471252372105,0.0016247286888088984,1
2025-09-12 19:50:00,103.65602167864192,103.66460077753467,103.55779774414268,103.65340164239036,11069.693154136705,-2.5276257077266884e-05,103.74808640496204,103.73573604125806,0.2086541558534175,0.011787858702870135,0.001583993466275626,1
2025-09-12 20:50:00,103.65340164239036,103.93659671643186,103.65028649091904,103.85532338392323,1385.36688180472,0.001948047418931,103.7695338007543,103.746607617864,0.2194490170459855,0.009755452769174777,0.0016185176569946903,1
2025-09-12 21:50:00,103.85532338392323,104.19553851135124,103.8072794921921,104.1095418754636,4305.074652565201,0.0024478137784094,103.83753541569617,103.77960164128211,0.2261716439073242,0.004422534937689404,0.0016522571479810509,1
2025-09-12 22:50:00,104.1095418754636,104.58032325691994,104.08503998386364,104.55880152930608,6403.4534386581345,0.0043152591563595,103.98178863841817,103.85043799473884,0.2504932251452822,-0.0015733580164930538,0.0017012790319910496,-1
2025-09-12 23:50:00,104.55880152930608,104.93524664166507,104.47461848326114,104.8435245245747,5119.518683064776,0.0027230896978942,104.15413581564948,103.94071858836028,0.2521463214548944,-0.0007614486777504093,0.0017071433829515686,0
2025-09-13 00:50:00,104.8435245245747,104.94987968449024,104.80534086545408,104.90607193599683,2373.675756032977,0.000596578679568,104.30452303971894,104.02847798359996,0.2513510535470087,0.0003871542488378399,0.0016998724374528732,0
2025-09-13 01:50:00,104.90607193599683,104.98982645186338,104.64485512144527,104.6901538124003,3863.920761915087,-0.0020582042546428,104.38164919425522,104.08863033167272,0.2548885708376726,0.0037987782462751696,0.0017552308241917632,1
2025-09-13 02:50:00,104.6901538124003,104.7525782270466,104.6157851335212,104.70660470825226,3921.656843970364,0.0001571389023025,104.44664029705464,104.14480982045268,0.2501833158741817,0.004639079297717563,0.0017389844337826392,1
2025-09-13 03:50:00,104.70660470825226,104.76514746210027,104.62336404258328,104.7418340147474,10950.340865998232,0.0003364573475885,104.5056790405932,104.19908474720674,0.2453728219157054,0.005198075267592417,0.001685592793915849,1
2025-09-13 04:50:00,104.7418340147474,104.96388707753934,104.69107535228792,104.91760555043211,5355.441698277125,0.001678140709852,104.58806434256098,104.26440482022724,0.2518075569311934,0.0008277186626297617,0.0016664643445944995,0
2025-09-13 05:50:00,104.91760555043211,104.95776623065797,104.75109681808466,104.82734481660488,2578.7185770403767,-0.000860301122521,104.63592043736976,104.31558118353428,0.2565073994500255,0.0011309115498736588,0.00168204318526498,0
2025-09-13 06:50:00,104.82734481660488,104.8839851320302,104.71247261005432,104.72414217416474,1419.9790061022472,-0.0009845011587452,104.65356478472876,104.3527230917734,0.2532312284964553,0.00011585345819042914,0.0016924406399130162,0
2025-09-13 07:50:00,104.72414217416474,104.8956373976384,104.64222648089128,104.87525329502272,5212.8333111006805,0.0014429444607593,104.69790248678756,104.40022583752337,0.2500938753868778,-0.0035028186279700835,0.0016543867596187979,-1
2025-09-13 08:50:00,104.87525329502272,104.9176882598522,104.76689300338964,104.86847908602246,1937.4193745041107,-6.459301682160135e-05,104.73201780663454,104.44279431465964,0.25432644321651,-0.001708036775040167,0.0016282917997923266,-1
2025-09-13 09:50:00,104.86847908602246,104.9512169788309,104.54328762144117,104.56996996175468,1729.5839049065553,-0.0028465095219215,104.69960823765858,104.45435573712282,0.2758354663592074,0.0015157226153932335,0.0017145860371701868,1
2025-09-13 10:50:00,104.56996996175468,104.63598996962703,104.33254935800304,104.39429310072504,4553.146750595819,-0.0016799934158331,104.63854521027189,104.4488954974503,0.2770590653671476,0.00048221132003933853,0.001718955189489728,0
2025-09-13 11:50:00,104.39429310072504,104.8506265323206,104.29444348306328,104.76369156145478,3688.4857248550593,0.0035384928596939,104.66357448050849,104.4775133214507,0.2890536389455868,-0.004162337741882127,0.0018176247946984749,-1
2025-09-13 12:50:00,104.76369156145478,105.04129333481715,104.7205312699964,104.94668676747575,1569.638993517266,0.0017467426289923,104.72019693790192,104.52016545290752,0.2765878383573335,-0.006935149771465254,0.0017987972058922258,-1
2025-09-13 13:50:00,104.94668676747575,105.10623047048256,104.92331087606392,105.08784849130204,1380.0440977846015,0.0013450803276813,104.79372724858196,104.57177300185248,0.2567515123583835,-0.005256746573573001,0.0017152359820979404,-1
2025-09-13 14:50:00,105.08784849130204,105.21910091412504,105.08266021205198,105.1923469504886,6535.843339760257,0.0009943914609233,104.87345118896329,104.62818881536484,0.256173075432448,-0.0035105993135000624,0.0017176731316147686,-1
2025-09-13 15:50:00,105.1923469504886,105.38155847824116,105.18579651083536,105.28628995162173,1471.2527480637211,0.0008930592752849,104.95601894149496,104.6880161913882,0.245515263788714,-0.002981483057162282,0.0016883751344431465,-1
2025-09-13 16:50:00,105.28628995162173,105.34813461728838,104.95315933093296,105.00444781058464,3617.2970373992025,-0.0026769120762691,104.96570471531292,104.71678270222424,0.2639568489908573,-0.0021661102616679084,0.001767496556659525,-1
2025-09-13 17:50:00,105.00444781058464,105.0289839179343,104.85854752549956,104.94589527160056,2732.9422441918755,-0.0005576196075972,104.96174282657044,104.73761111762208,0.2660034899135551,-0.0005182208487103379,0.0017326058248675986,0
2025-09-13 18:50:00,104.94589527160056,105.00576952317395,104.668444378156,104.73627482819164,1857.8296685806888,-0.0019974144092667,104.91664922689468,104.73748963676476,0.2706115913254499,-0.0028259147851381616,0.001778358596982281,-1
2025-09-13 19:50:00,104.73627482819164,104.80510303152636,104.50254657302834,104.50789430416783,3863.3515993182023,-0.0021805293762685,104.83489824234933,104.7166173338014,0.2774606660343579,0.0025690959168995775,0.001763473461959879,1
2025-09-13 20:50:00,104.50789430416783,104.7229288669187,104.41172560256446,104.689359867201,635.2595053750215,0.0017363813924429,104.80579056731966,104.71413938229227,0.287438576204242,0.0010444834199820896,0.0017791875402992515,0
2025-09-13 21:50:00,104.689359867201,104.80599088634168,104.60938919465784,104.72846903011671,4383.640059074988,0.0003735734268059,104.79032625987908,104.71544207754904,0.283380774414007,0.0020494088567533097,0.0017779192869778354,1
2025-09-13 22:50:00,104.72846903011671,104.7774581247008,104.395084364333,104.44463321060572,2883.3548613809808,-0.0027102069011375,104.72118765002442,104.69082308964512,0.2999220961215251,0.008377035769457919,0.0018509148818217495,1
2025-09-13 23:50:00,104.44463321060572,104.49315795964056,104.26121262022272,104.32762969408964,1808.874657048098,-0.0011202444100709,104.64247605883747,104.65780550823096,0.2873518091235313,0.009131847676838722,0.0018560860371322303,1
2025-09-14 00:50:00,104.32762969408964,104.42844717610824,104.21730964608513,104.21886577672426,3981.35334004344,-0.0010425226537236,104.55775400241484,104.6179018962758,0.280758731866327,0.014891911029013993,0.001863685420512783,1
2025-09-14 01:50:00,104.21886577672426,104.62759916685889,104.18508825517058,104.53542830382123,2471.4593787783597,0.0030374781450335,104.55328886269614,104.61040429696176,0.2726392934685415,0.01173203836533121,0.0019113917523854067,1
2025-09-14 02:50:00,104.53542830382123,104.84331378936294,104.44940141342092,104.82305876949876,1943.597083990006,0.0027515118113023,104.60724284405669,104.62973652173784,0.2778643156914891,0.008204469370763467,0.0019605631281210015,1
2025-09-14 03:50:00,104.82305876949876,105.0148287648211,104.77344987747888,104.97238066197949,3783.2743264339942,0.0014245137876491,104.68027040764125,104.66088598903256,0.2820399794717453,0.007734577946924004,0.0019683045576471803,1
2025-09-14 04:50:00,104.97238066197949,105.02072234644002,104.69091032044612,104.77699659866136,2410.520163347845,-0.0018612901992501,104.69961564584528,104.6714414989988,0.2958522168946627,0.008205323962643396,0.001986586570613928,1
2025-09-14 05:50:00,104.77699659866136,104.97920917125646,104.75172034822342,104.89151012068425,4393.375983687808,0.0010929261740675,104.73799454081306,104.69144773733385,0.2981184208680351,0.008747557292652308,0.0019530052257129475,1
2025-09-14 06:50:00,104.89151012068425,104.92344917090864,104.4173600702566,104.44029904061436,1968.9572051674384,-0.0043016930498066,104.67845544077332,104.66861603763208,0.3060551218892239,0.014171034764389967,0.001966379945458115,1
2025-09-14 07:50:00,104.44029904061436,104.88053251071386,104.35385305088806,104.77638510870844,1835.198058230303,0.003217973054284,104.69804137436036,104.67841322591174,0.3315010552742988,0.012163699356144253,0.0019905571641708475,1
2025-09-14 08:50:00,104.77638510870844,104.8854904618832,104.75294176720368,104.79870616783084,1349.1878573080637,0.0002130352092146,104.71817433305446,104.68934894790438,0.316874165964412,0.013574129507013533,0.001987889546129122,1
2025-09-14 09:50:00,104.79870616783084,104.95713987466408,104.76947780300436,104.94310048210124,2088.0355037061663,0.0013778253525302,104.76315956286382,104.712417269195,0.3086674240473895,0.009619725727474826,0.001967500803187403,1
2025-09-14 10:50:00,104.94310048210124,105.3958962263602,104.8775786825476,105.31956963893887,4036.035325273008,0.0035873645347637,104.87444157807884,104.76761293917173,0.3234613011515575,0.006136792390266432,0.002063112085082275,1
2025-09-14 11:50:00,105.31956963893887,105.3406515340825,105.18533416757836,105.2803337169417,4426.281580648534,-0.0003725416096144,104.95562000585144,104.81422391896898,0.3205124207815787,0.006115937436612873,0.0020652333452233908,1
2025-09-14 12:50:00,105.2803337169417,105.80249879981666,105.18213192195356,105.77088385341598,1839.2999245840824,0.0046594660099879,105.11867277536436,104.9011930039187,0.3375119291740986,0.0021415373198494514,0.002198750688393692,1
2025-09-14 13:50:00,105.77088385341598,105.7899611574638,105.73994197743598,105.761841959218,2750.8701464004284,-8.548566362087673e-05,105.24730661213508,104.97943381803682,0.3245172035033842,0.0011680046161575142,0.002190317006212711,0
2025-09-14 14:50:00,105.761841959218,105.8015014584336,105.6041714016574,105.68307634452285,3553.9398772889044,-0.0007447451106754,105.33446055861263,105.04340132044464,0.3235309554143179,0.004269057973230073,0.0021862593517996305,1
2025-09-14 15:50:00,105.68307634452285,105.85525820043397,105.6764372403196,105.78429772248374,7098.691499212289,0.0009577822813457,105.42442799138686,105.11075553881184,0.3046959588733224,0.00483103040750632,0.002179658229929647,1
2025-09-14 16:50:00,105.78429772248374,105.8894124451881,105.61838085962776,105.63672579958616,2924.9251122092965,-0.0013950267296259,105.46688755302672,105.15857101706403,0.2959187595603459,0.009495273809329685,0.002198890386429834,1
2025-09-14 17:50:00,105.63672579958616,105.8678950208021,105.60929041304706,105.80905461497774,908.1994743138712,0.0016313343118805,105.53532096541691,105.21770588960165,0.2971491681612609,0.009694914769875496,0.0021384103067289733,1
2025-09-14 18:50:00,105.80905461497774,105.92169020317112,105.7187802705602,105.9203261491222,3289.9317831095914,0.0010516258230388,105.612322002158,105.28158045864896,0.2880847329196184,0.009490155170161163,0.002108229265526912,1
2025-09-14 19:50:00,105.9203261491222,106.14589698992935,105.8241218134312,106.05085355679437,5589.63083979674,0.0012323168972157,105.70002831308528,105.35151437666218,0.2948194724528424,0.005776865930510855,0.0020376864477167885,1
2025-09-14 20:50:00,106.05085355679437,106.2225258207932,106.04469367896044,106.22125737752044,6054.880543806527,0.0016068123453134,105.80427412597231,105.43058192219476,0.2713725468228937,0.003433838575944703,0.002034815140693594,1
2025-09-14 21:50:00,106.22125737752044,106.31214154582098,105.87243254834158,105.95262432572989,9083.312572807974,-0.0025289952164266,105.83394416592382,105.47804032251612,0.265160370941008,0.005371761777146933,0.00209000106070897,1
2025-09-14 22:50:00,105.95262432572989,106.03726614697258,105.92442391111727,105.96589397244524,1572.5130351903513,0.000125241321768,105.86033412722811,105.52239065432784,0.2637527667392772,0.00782079357042842,0.0020857691812873978,1
2025-09-14 23:50:00,105.96589397244524,105.96940198708648,105.9067005392813,105.92422165126024,2671.136441125678,-0.0003932616394083,105.87311163203456,105.55892074495806,0.2548270078925248,0.006096286071330725,0.002084995082446972,1
2025-09-15 00:50:00,105.92422165126024,106.0153392251704,105.88556637455424,105.99739614854153,2869.9909543669523,0.00069081930592,105.89796853533596,105.59878214528382,0.2270738155213507,0.008034711818061258,0.0020195377444733147,1
2025-09-15 01:50:00,105.99739614854153,105.99961361436785,105.86798131037904,105.8853722788397,1530.9706638644798,-0.0010568549207079,105.8954492840367,105.6248357937889,0.2253820253416835,0.009214189829318986,0.002028255348780981,1
2025-09-15 02:50:00,105.8853722788397,106.18418730066676,105.81717973409168,106.13424352422692,2371.4678782412975,0.0023503836274179,105.94320813207476,105.67114558746508,0.2072849316782543,0.004169793926260157,0.002016327621323175,1
2025-09-15 03:50:00,106.13424352422692,106.30586714278606,106.11628583736342,106.29534488141776,2692.2757120974657,0.0015179017802491,106.01363548194335,105.72789097782442,0.2172536549207403,0.0032404014213878174,0.001968089501779905,1
2025-09-15 04:50:00,106.29534488141776,106.7001468034579,106.26319762555444,106.63977543537432,2300.3934545538996,0.0032403164441567,106.13886347262957,105.8107895648744,0.2343693064298315,-0.0019146784189223442,0.002015172152778949,-1
2025-09-15 05:50:00,106.63977543537432,106.9324129378266,106.5615689694365,106.83486438135104,4526.496931079096,0.0018294200750164,106.27806365437388,105.9038872754632,0.2480852355923854,-0.005866144196889356,0.002026785631265231,-1
2025-09-15 06:50:00,106.83486438135104,106.9866193934375,106.82058925648406,106.92552647995146,3876.2473491944806,0.0008486190264329,106.4075562194894,105.9967635667803,0.240585132120464,-0.007773992875682256,0.0019333909089051231,-1
2025-09-15 07:50:00,106.92552647995146,106.96151290691944,106.62808898692582,106.6634951196082,4553.784049180731,-0.0024505968683948,106.45874399951316,106.0573755261283,0.2459293687089346,-0.005647732063006949,0.0019881149323297143,-1
2025-09-15 08:50:00,106.6634951196082,106.67657837125702,106.52679383707935,106.58600402868872,927.0957555828084,-0.0007265005785961,106.48419600534828,106.1054326627247,0.2421346973922737,-0.007643023723281628,0.00197997839980763,-1
2025-09-15 09:50:00,106.58600402868872,106.6507210191073,106.50891315171216,106.52177658327126,5328.622052930258,-0.0006025879851935,106.49171212093287,106.14328211004712,0.2292798895991999,-0.005473792694664414,0.0019458612942277317,-1
2025-09-15 10:50:00,106.52177658327126,106.82075059415506,106.442863950395,106.79463135470964,1791.5171140853097,0.0025614928720709,106.55229596768824,106.2024956777437,0.2435694968797191,-0.011503994946878482,0.0019393320626419927,-1
2025-09-15 11:50:00,106.79463135470964,106.8326407943944,106.56468451815718,106.56996600832936,5940.966594638629,-0.0021037138621141,106.55582997581648,106.2359020714333,0.2313014453624201,-0.013095038690321914,0.0019896645801090605,-1
2025-09-15 12:50:00,106.56996600832936,106.9356383968603,106.47053005850428,106.84905468005994,4608.402188835351,0.0026188304471144,106.61447491666516,106.29164321767207,0.2564633098267563,-0.013409479672269131,0.001977623380419933,-1
2025-09-15 13:50:00,106.84905468005994,106.90305740363785,106.77758605784516,106.86102019916504,2326.5659310648853,0.0001119852594011,106.66378397316517,106.34340476144418,0.2609468739687212,-0.013018189476961983,0.001977563592228781,-1
2025-09-15 14:50:00,106.86102019916504,106.9570110048151,106.52948735242605,106.57680144824246,4373.728156403704,-0.0026597046368532,106.64638746818062,106.3646226420622,0.2822147883810706,-0.010830979805259378,0.0018648087045853132,-1
2025-09-15 15:50:00,106.57680144824246,106.73818728095196,106.48067117093096,106.63978446805842,6225.843252653677,0.0005909636896594,106.6450668681562,106.3896373535164,0.2912064888119435,-0.009793782702893883,0.0018042586678263329,-1
2025-09-15 16:50:00,106.63978446805842,106.65425157937077,106.40114926853184,106.43559455874949,1759.4123314776343,-0.0019147629595042,106.60317240627484,106.39381528126486,0.2830703991165028,-0.005003526335540465,0.0018556536359647467,-1
2025-09-15 17:50:00,106.43559455874949,106.51977546841184,106.17743165889534,106.20815566163492,3245.1530396721723,-0.0021368687614085,106.52416905734688,106.37693713402578,0.2939820065517783,-0.005737076805124919,0.0019045432555039542,-1
2025-09-15 18:50:00,106.20815566163492,106.22349756278044,106.0680944577717,106.09428819886774,1001.7257627037708,-0.0010721159976636,106.43819288565103,106.35124177628414,0.2738715727735835,-0.0036700743025190885,0.0018276918413981029,-1
2025-09-15 19:50:00,106.09428819886774,106.09842337671536,106.0177128805493,106.0610882782688,4323.326102828254,-0.0003129284447123,106.3627719641746,106.32486418555548,0.253147753329007,-0.002190759735850367,0.0018270874499574368,-1
2025-09-15 20:50:00,106.0610882782688,106.16408067418384,105.76708679173888,105.77136467132766,2879.958309798257,-0.0027316673027247,106.24449050560524,106.2745460478984,0.2696451637212586,-0.0001865697145592149,0.0017130179934436447,0
2025-09-15 21:50:00,105.77136467132766,106.03505783497025,105.73805646686117,105.93869846078708,2653.3254901689993,0.0015820330008917,106.1833320966416,106.2440144490701,0.2670435528723627,-0.00032527052999142825,0.0017354999494465463,0
2025-09-15 22:50:00,105.93869846078708,105.96142277792536,105.5627240320706,105.5660664552513,2188.875737208629,-0.0035174304663908,106.05987896836356,106.18238281326838,0.2848231394207253,0.004065883220302657,0.0018425598387275088,1
2025-09-15 23:50:00,105.5660664552513,105.59369148763204,105.10315209315569,105.174428180224,1728.4622096041464,-0.0037098879230601,105.88278881073563,106.0907505739007,0.3097325342122415,0.007126819168809195,0.0019435840524207506,1
2025-09-16 00:50:00,105.174428180224,105.45929114360304,105.11874674407318,105.4162644533265,1191.916040604286,0.0022993828184936,105.78948393925384,106.0294336538485,0.3070652310529423,-0.00018642135407132,0.00197842417673595,0
2025-09-16 01:50:00,105.4162644533265,105.539393042354,105.40561808099028,105.46988319051084,1366.0028237620263,0.0005086381827548,105.72556378950524,105.97856542990873,0.2974808514191218,-0.00038298273747439104,0.0019572427233871753,0
2025-09-16 02:50:00,105.46988319051084,105.49956955731815,105.4099827046716,105.4224702640474,2601.3529869696745,-0.0004495399542425,105.66494508441367,105.92801132392133,0.2706578881541607,0.0023601784355129496,0.0019467497658442715,1
2025-09-16 03:50:00,105.4224702640474,105.6570801505444,105.342448544235,105.59537759149482,4231.24899077818,0.0016401373162129,105.65103158582993,105.89777189370072,0.2841693353339271,8.707493137083411e-05,0.001957365763198042,0
2025-09-16 04:50:00,105.59537759149482,105.94250985218754,105.53626796595464,105.90304125833588,2835.65742730942,0.0029136092304273,105.70143352033112,105.89825092684936,0.2826492091799153,-0.003309292744744008,0.0020078095359659025,-1
2025-09-16 05:50:00,105.90304125833588,105.90422585370196,105.57476936354504,105.59883131527346,2160.651363270086,-0.0028725326435181,105.68091307931958,105.87103096216065,0.287787807761052,0.00027624672531634253,0.0020221286902567955,0
2025-09-16 06:50:00,105.59883131527346,105.77457377612517,105.55379126671949,105.70491427810502,3444.4833188477783,0.0010045846294912,105.68571331907668,105.85592944542832,0.2854792505158211,0.0011067280055607753,0.002031278072895183,0
2025-09-16 07:50:00,105.70491427810502,105.88788828248086,105.6249048208491,105.8287339165283,1910.029269201586,0.001171370690463,105.714317438567,105.85345712461924,0.2798106542383404,-0.0005745893145625569,0.002042173380992415,0
2025-09-16 08:50:00,105.8287339165283,105.83108597319364,105.64596866235884,105.7516309380124,2334.5132126053,-0.0007285637431578,105.72178013845608,105.84420019856404,0.2819330975116309,0.0011958999375851764,0.002041512580151689,0
2025-09-16 09:50:00,105.7516309380124,106.0014179192545,105.65588140932029,105.90423972419214,3491.831709541843,0.0014430868330455,105.7582720556033,105.84965833725752,0.3008492413522146,-0.0025324824882201336,0.002050364401925438,-1
2025-09-16 10:50:00,105.90423972419214,106.0177330258463,105.88248434103345,105.99528575348506,7155.942350621264,0.0008597014579401,105.80567479517966,105.8628971932782,0.2821531558070639,-0.0035181993006152545,0.002011994949916023,-1
2025-09-16 11:50:00,105.99528575348506,106.04233203860994,105.85487314396308,105.92398731104736,2193.976338523359,-0.0006726567312013,105.8293372983532,105.8684508403481,0.2743286934169049,-0.0011898304033538531,0.001994504943864178,0
2025-09-16 12:50:00,105.92398731104736,106.02648677156212,105.36741132234724,105.39661261056598,2632.1408348105406,-0.0049788033274534,105.74279236079578,105.82555645582244,0.2929270293712004,0.008932472220724463,0.0020769960897191655,1
2025-09-16 13:50:00,105.39661261056598,105.52485914285238,105.36308539256136,105.42949004592543,3075.0224627206176,0.0003119401520135,105.68013189782172,105.78955041855907,0.2694437690722456,0.0082828112702662,0.002042328556524349,1
2025-09-16 14:50:00,105.42949004592543,105.73232784311844,105.33673561529343,105.67128610498312,1483.913353882462,0.0022934385716213,105.678362739254,105.77879911732492,0.2733757568076131,0.005833882001077262,0.0020865809964199034,1
2025-09-16 15:50:00,105.67128610498312,105.77583303834952,105.53830888155144,105.60457230175167,3205.871943272819,-0.000631333313812,105.66360465175354,105.76296031590915,0.2807864136243521,0.008148296312595615,0.0020524718820333567,1
2025-09-16 16:50:00,105.60457230175167,105.62495560688986,105.50181646616504,105.55257709225334,1845.002688986076,-0.0004923575595739,105.6413991398535,105.74383456830408,0.2831830056299407,0.008195360197437385,0.002051355126598255,1
2025-09-16 17:50:00,105.55257709225334,105.68179102137604,105.519368332183,105.62800264662154,4461.832599602238,0.0007145780467516,105.63871984120712,105.73330439360566,0.2723109401216287,0.0043422433904747315,0.002058339952596859,1
2025-09-16 18:50:00,105.62800264662154,105.87427217351818,105.61019183796232,105.821900867062,1340.3491915978402,0.0018356706136832,105.6753560463781,105.74135861846533,0.2621565436446979,0.0023442928144219444,0.0020300360789076806,1
2025-09-16 19:50:00,105.821900867062,105.9249321567952,105.67626735260434,105.76792585684618,2680.5607988408697,-0.0005100551943744,105.69387000847172,105.74377382195448,0.2563857089328363,0.0018099022998110392,0.0020033239242524853,1
2025-09-16 20:50:00,105.76792585684618,105.92198101365454,105.73959976732117,105.8780993068507,2932.4592769420155,0.0010416527421899,105.73071586814751,105.75598522967232,0.253642761570529,0.0005912275565922442,0.001949550008183004,0
2025-09-16 21:50:00,105.8780993068507,105.97111753655444,105.63112089499715,105.63603909166235,4692.562750774966,-0.0022862160992029,105.7117805128505,105.74508103530778,0.2591437029937801,0.00294226708214973,0.0019797227680299627,1
2025-09-16 22:50:00,105.63603909166235,105.67935372313514,105.55010988860042,105.62237321327864,2104.795349176962,-0.0001293675766456,105.69389905293612,105.73392577875968,0.2551527404009164,0.002008156021680252,0.0019348618248766223,1
2025-09-16 23:50:00,105.62237321327864,105.79880027589708,105.55763795948825,105.7979557305002,3267.398156753447,0.0016623610309058,105.71471038844896,105.73974668346337,0.2476974408633897,-0.0003278724694597557,0.0019595187749349907,0
2025-09-17 00:50:00,105.7979557305002,106.4355108631089,105.77087807040164,106.33806492486832,5465.150421500923,0.0051051004779709,105.83938129573284,105.7941392508638,0.2855105914272765,-0.004456670087154779,0.002150300569746043,-1
2025-09-17 01:50:00,106.33806492486832,106.39692087412011,106.2863815015795,106.30274261429624,3419.1354628626627,-0.0003321699581145,105.93205355944552,105.84037592026677,0.2800163398482596,-0.005842521578506732,0.00211656472510306,-1
2025-09-17 02:50:00,106.30274261429624,106.3876742066359,106.20313585796912,106.28775991902168,1648.641046642596,-0.0001409436380106,106.00319483136076,105.88104719288084,0.2461208326662521,-0.0052301195577855175,0.0021073046448994645,-1
2025-09-17 03:50:00,106.28775991902168,106.50326901075488,106.24538016688052,106.46506964883127,1278.9857778121268,0.0016682045980147,106.09556979485488,105.93414014342176,0.2529861964936352,-0.004094418599326466,0.002125049708143571,-1
2025-09-17 04:50:00,106.46506964883127,106.55521442845328,106.40326307069492,106.41761848129214,2327.931587558545,-0.0004456970506444,106.15997953214232,105.9780927195918,0.2355832772031598,-0.0014016163989987174,0.002063594281071264,-1
2025-09-17 05:50:00,106.41761848129214,106.52305762503876,106.03959934961928,106.08666514296289,3176.560406144769,-0.0031099487383045,106.14531665430644,105.98796293989824,0.2531499999618317,0.003494571609223396,0.0021273780858910058,1
2025-09-17 06:50:00,106.08666514296289,106.127024061106,105.99888772214072,106.06997838887312,6270.562557997123,-0.0001572936058199,106.13024900121978,105.99541888980504,0.2535069426932941,0.004545402214978678,0.002026355347402835,1
2025-09-17 07:50:00,106.06997838887312,106.0930238871384,105.85416569619348,105.95935546910071,2055.295403769683,-0.0010429239399564,106.09607029479598,105.99214039701374,0.2589666213898575,0.007676630890594449,0.0019141856510616775,1
2025-09-17 08:50:00,105.95935546910071,105.96924935466808,105.87019905556254,105.94069735680053,4010.518090043922,-0.0001760874461494,106.06499570719689,105.98746375699436,0.2471787616434052,0.006134849636177497,0.0018777041308327914,1
2025-09-17 09:50:00,105.94069735680053,105.97908801914195,105.94016651673556,105.94684853217043,3580.0278935289825,5.806243986872239e-05,106.0413662721916,105.98377146382856,0.2321970972302287,0.0057370552179014656,0.0018766697607049603,1
2025-09-17 10:50:00,105.94684853217043,106.02557463404216,105.79026569533733,105.83447941807104,2120.6408951287262,-0.0010606178065344,105.9999889013675,105.97019945966876,0.2359776466853327,0.010047673944427737,0.0018859766929048333,1
2025-09-17 11:50:00,105.83447941807104,105.9104295970199,105.74028692114716,105.76326749349106,3609.6005084130416,-0.0006728612921944,105.95264461979222,105.95138746274353,0.2238452205650095,0.007956759883392284,0.0018702383416921463,1
2025-09-17 12:50:00,105.76326749349106,105.86551112005792,105.66213705127512,105.86415125179174,4328.596156455486,0.000953863857382,105.93494594619212,105.94345689811152,0.2291402372970168,0.007026848170560651,0.001804416506555519,1
2025-09-17 13:50:00,105.86415125179174,105.89593707596072,105.6428467552992,105.68166654671776,1757.0436866979255,-0.0017237629822389,105.88429006629724,105.91965777525756,0.2299922376007797,0.008347321118985729,0.0017564159686466385,1
2025-09-17 14:50:00,105.68166654671776,105.76925021887202,105.5796625095397,105.731862227116,2283.702264568959,0.0004749705605378,105.85380449846102,105.90258545269924,0.1960604459311404,0.007450137518477673,0.001749378586370639,1
2025-09-17 15:50:00,105.731862227116,106.10185875127392,105.66720302113458,106.02915708748252,1946.953543192071,0.0028117811802834,105.88887501626532,105.91409196495223,0.2192116143310483,0.0015950424068451596,0.0018075915432493239,1
2025-09-17 16:50:00,106.02915708748252,106.31957206672251,105.92582741403896,106.26846180208636,1678.7887639353453,0.0022569708293198,105.96479237342956,105.94630740469172,0.2341549217608189,0.0019758472992303933,0.0018422554641078052,1
2025-09-17 17:50:00,106.26846180208636,106.5137625746396,106.1928308214068,106.45739259108868,4257.082934537362,0.0017778632135863,106.06331241696138,105.99276969436416,0.2386579867149925,0.0015328064524231522,0.0018507430030266492,1
2025-09-17 18:50:00,106.45739259108868,106.5914123885596,106.42248749092025,106.55210910358464,5194.938387909228,0.0008897128718883,106.16107175428604,106.043618731566,0.2398703824207798,0.0018889850289274257,0.0018511142399823086,1
2025-09-17 19:50:00,106.55210910358464,106.8551753874039,106.52129389401316,106.77276633044228,2816.8601242418727,0.0020708855855975,106.2834106695173,106.1099048769184,0.2291863265615837,-0.0005299233226342404,0.0018744342061595147,0
2025-09-17 20:50:00,106.77276633044228,106.77632962624256,106.5607121931952,106.5906276054363,1822.4901767807787,-0.0017058537608953,106.3448540567011,106.1536069431473,0.2354349761388761,0.0013622374273087878,0.0016564764827290202,1
2025-09-17 21:50:00,106.5906276054363,106.60794057915366,106.48145195837928,106.55467145236214,4989.626283718927,-0.0003373294058015,106.38681753583332,106.19006735307592,0.2274085782695526,0.0006116793641659513,0.001660971250213041,0
2025-09-17 22:50:00,106.55467145236214,106.9213051018986,106.50720058818814,106.89786975934206,3648.76134574139,0.0032208658926169,106.48902798053508,106.25441302637284,0.2499124507413331,-0.003971936030509049,0.0017038184104938123,-1
2025-09-17 23:50:00,106.89786975934206,106.92395975739882,106.56473953669628,106.60480041741975,7322.808295072263,-0.0027415826207022,106.512182467912,106.2862664255589,0.2727909306196291,-0.004521435258954765,0.001782529524679567,-1
2025-09-18 00:50:00,106.60480041741975,106.61483242092044,106.5568134367057,106.60804256934335,3312.635774939304,3.0412813596614185e-05,106.53135448819828,106.31551880226658,0.2601273624417664,-0.003189734524740362,0.0017774580112793848,-1
2025-09-18 01:50:00,106.60804256934335,106.70410167712868,106.50539613231646,106.5638253537728,3330.180822345834,-0.0004147643508396,106.5378486613132,106.3380921251308,0.2621675673660135,-0.005740803424892249,0.0017804264962118447,-1
2025-09-18 02:50:00,106.5638253537728,106.60326068954002,106.50027309379104,106.51957914079276,5061.270489297935,-0.0004152085647558,106.53419475720912,106.35459094473642,0.2549971050064538,-0.006227673219064145,0.001761229562622684,-1
2025-09-18 03:50:00,106.51957914079276,106.58512403525371,106.1030904241606,106.1982780893991,3679.86102517674,-0.0030163567485466,106.46701142364712,106.3403806851603,0.2713501971801386,-0.0022789948054553477,0.001847742791691295,-1
2025-09-18 04:50:00,106.1982780893991,106.5738250707944,106.17585401283968,106.4784320553314,8532.851070416978,0.0026380273858723,106.46929554998398,106.3529308097213,0.286234722081739,-0.0043428867490300505,0.0018941576235284156,-1
2025-09-18 05:50:00,106.4784320553314,106.66684820662952,106.45704388903228,106.62057116936045,4257.043848950976,0.0013349099088457,106.49955067385928,106.37726175150668,0.2701739069001608,-0.004969800799052182,0.0018498120913096226,-1
2025-09-18 06:50:00,106.62057116936045,106.76842732909422,106.52452598205714,106.75338444248196,1342.880337680117,0.0012456627427983,106.55031742758382,106.41145472341351,0.2594708136396976,-0.005099406721642552,0.0018556790197730183,-1
2025-09-18 07:50:00,106.75338444248196,106.79297966072392,106.65903846285448,106.7161849513416,4359.606457835537,-0.0003484619371522,106.58349093233538,106.439157471407,0.2461143453994592,-0.004425051032457383,0.0018432705166593203,-1
2025-09-18 08:50:00,106.7161849513416,106.79827312757708,106.61583081566933,106.73582934776076,2070.461281034433,0.0001840807598971,106.61395861542046,106.4661276419846,0.2470798749900587,-0.004003644455798483,0.0016186065535207107,-1
2025-09-18 09:50:00,106.73582934776076,106.76466314591002,106.52205112587204,106.61984874604504,1950.9206142449696,-0.0010866135806921,106.61513664154538,106.48010228780828,0.2405606268934345,-0.0009658716474580942,0.0016308228809844907,0
2025-09-18 10:50:00,106.61984874604504,106.72074666350728,106.3950004624978,106.47327825886026,4157.4880913077,-0.0013747016986854,106.58676496500836,106.47948192154028,0.2484269674621576,-0.0017859389721258667,0.0016510243431309,-1
2025-09-18 11:50:00,106.47327825886026,106.53193306307062,106.03889953273382,106.1227937140386,4038.580350957191,-0.0032917606234454,106.4939707148144,106.4470557208583,0.2746087467166153,0.003805192782162292,0.001725894213986403,1
2025-09-18 12:50:00,106.1227937140386,106.28735930120136,106.11204029065306,106.26799121534494,3907.480598256794,0.0013682027792973,106.44877481492053,106.430777129448,0.2575526393478903,0.0009535686696349188,0.0017438403478198807,0
2025-09-18 13:50:00,106.26799121534494,106.30847177062508,105.86697176865772,105.95206338021224,2922.610732432698,-0.002972935043935,106.34943252797888,106.38725769769928,0.2634297665810926,0.0006393930219059651,0.0017362173736416838,0
2025-09-18 14:50:00,105.95206338021224,106.00196292265343,105.78134372126776,105.85621001047166,3733.3293132983968,-0.0009046862013117,106.25078802447744,106.33898063522405,0.2750440678075868,0.0006000167065371986,0.0017428851875387478,0
2025-09-18 15:50:00,105.85621001047166,106.03909771252808,105.78196549362498,105.95625276528506,3100.756629639269,0.0009450815857048,106.19188097263896,106.30418719250233,0.2792174016712221,-0.0002496211864222442,0.0017422075184679016,0
2025-09-18 16:50:00,105.95625276528506,106.03502932511888,105.85031734653992,106.0160082837008,1048.9621179525036,0.0005639640592813,106.15670643485134,106.277989109884,0.285054857587648,2.644385771444213e-05,0.001744697126994892,0
2025-09-18 17:50:00,106.0160082837008,106.15265166375566,106.01265715260698,106.09068816956756,2005.1046701673529,0.0007044208424344,106.1435027817946,106.2609617516734,0.260623493305903,-0.001738125394902812,0.0017488445757830175,-1
2025-09-18 18:50:00,106.09068816956756,106.26729213102344,106.0178154428699,106.20900551629788,1804.898197490501,0.0011152472358477,106.15660332869524,106.25623845754836,0.2500167526058194,-0.004453363530936505,0.001746814038209871,-1
2025-09-18 19:50:00,106.20900551629788,106.32237434679406,106.15088839060218,106.24396038694276,2876.350910387072,0.0003291140000318,106.17407474034476,106.25512226931149,0.2472797267911519,-0.006547837999542949,0.0017412652345387414,-1
2025-09-18 20:50:00,106.24396038694276,106.31563432678033,106.19116759503976,106.30849703635754,3031.1094962812695,0.0006074382880658,106.20095919954731,106.2599745208611,0.2387486828414,-0.003640548833997892,0.0017371345136815459,-1
2025-09-18 21:50:00,106.30849703635754,106.57025062528086,106.28812762453364,106.51686765708496,3646.059166047491,0.0019600561247345,106.26414089105486,106.283328442336,0.2493330973326694,-0.007348636401325437,0.001732217582570906,-1
2025-09-18 22:50:00,106.51686765708496,106.52626482758616,106.19043294854563,106.28312348172776,1719.4682911431607,-0.0021944334310478,106.26793740918946,106.28330980955344,0.2602894949850076,-0.006406163618017935,0.0017843986061690713,-1
2025-09-18 23:50:00,106.28312348172776,106.57791223968766,106.24972852266946,106.52661140270216,2436.3639621285342,0.002290936820428,106.319672207892,106.30542813620332,0.2664017590550226,-0.007259642161022151,0.0017616994451606833,-1
2025-09-19 00:50:00,106.52661140270216,106.60652953816624,106.2639764906211,106.36932504235293,3287.8533180694913,-0.0014764982972624,106.3296027747842,106.31123694585328,0.2676022480932819,-0.008397903310171206,0.0017410155341428754,-1
2025-09-19 01:50:00,106.36932504235293,106.44247163927837,106.00186048582366,106.01980839019409,616.6732449771873,-0.0032858782550296,106.26764389786618,106.28474344079336,0.2638577926017039,-0.007048693238693615,0.001806040150817279,-1
2025-09-19 02:50:00,106.01980839019409,106.10047634425489,105.90796060673708,105.91972550496864,2757.162362176756,-0.0009440017553803,106.19806021928667,106.251559992082,0.2650861302423816,-0.00744795945736898,0.0018018221658635193,-1
2025-09-19 03:50:00,105.91972550496864,106.0236840336858,105.85790838623488,105.92980383976094,2349.9451818126777,9.515068835619368e-05,106.14440894338152,106.2223094327801,0.2453915334912082,-0.009918117342493482,0.0017552978647679771,-1
2025-09-19 04:50:00,105.92980383976094,106.0205235314756,105.8943657245402,106.0188117559393,2436.1683743648505,0.000840253761944,106.1192895058931,106.20380964397638,0.2386442910304731,-0.014653830293570702,0.0017446716461385202,-1
2025-09-19 05:50:00,106.0188117559393,106.0480785439464,105.90369556515051,105.90628925029732,3030.5877297211946,-0.0010613447158888,106.07668945477394,106.1767623354601,0.2305907738799573,-0.013888510748816252,0.0017516377927606068,-1
2025-09-19 06:50:00,105.90628925029732,105.9330180892757,105.71324359748682,105.73601820447456,3434.3465634419044,-0.0016077519760921,106.00855520471409,106.13669468718868,0.2330952391092385,-0.014553111143105313,0.0016536383210091162,-1
2025-09-19 07:50:00,105.73601820447456,105.83535593195772,105.48848239342595,105.5482921458992,3896.387976361826,-0.0017754220535554,105.9165025929511,106.08320354707143,0.2478723124937423,-0.01184599198641012,0.0016167871357666281,-1
2025-09-19 08:50:00,105.5482921458992,105.99650863730665,105.53875800318936,105.92147576142776,1528.4500220800842,0.003535667019725,105.91749722664645,106.06850102110384,0.2627490229197217,-0.017676019781751595,0.0017535481282911114,-1
2025-09-19 09:50:00,105.92147576142776,105.96185484105531,105.70108606498864,105.73411392606494,2288.936545387271,-0.0017688748576806,105.88082056653016,106.03810219428212,0.2691263671964918,-0.020362388162842304,0.0017750941773852693,-1
2025-09-19 10:50:00,105.73411392606494,105.82568525598188,105.56065304598826,105.6022564028698,2205.1808533516214,-0.0012470669900098,105.82510773379808,105.99847984960827,0.2791667585002823,-0.020950375257101972,0.0017837717585772132,-1
2025-09-19 11:50:00,105.6022564028698,105.81934176178876,105.5564101859131,105.75326632329228,1829.7511610595095,0.0014299876306276,105.81073945169692,105.97618771085229,0.2777959424380277,-0.021730436904927375,0.0017353557869126857,-1
2025-09-19 12:50:00,105.75326632329228,105.7561740332072,105.4687044262796,105.47604573547908,3703.6092064278305,-0.0026213903121035,105.74380070845336,105.93072025854562,0.2743414944299636,-0.019803226774461447,0.001713687159481938,-1
2025-09-19 13:50:00,105.47604573547908,105.52615612718324,105.23202144103894,105.27250728362654,3775.2614218792105,-0.0019297125753368,105.649542023488,105.87088271537117,0.2719094207961134,-0.017839167299867897,0.0017107519852749284,-1
2025-09-19 14:50:00,105.27250728362654,105.30599664344696,105.07707866415429,105.13083968367198,1783.949412957104,-0.0013457226735644,105.5458015555248,105.80360607612576,0.2637926302066528,-0.012208754016587609,0.001691756250885718,-1
2025-09-19 15:50:00,105.13083968367198,105.14136761991148,104.7813039420984,104.87917961521087,4195.763869988963,-0.0023937796865155,105.41247716746204,105.71956730695167,0.258039239089394,-0.007674544210814704,0.0017250483092342574,-1
2025-09-19 16:50:00,104.87917961521087,104.96962857336749,104.4041445904248,104.46523008054174,1602.725558106435,-0.0039469181222419,105.22302775007796,105.60553665000532,0.2846798280483154,-0.006148281340627726,0.0018209403866978548,-1
2025-09-19 17:50:00,104.46523008054174,104.50819862188855,104.36618184331716,104.43540861367732,1891.548492493299,-0.0002854678713809,105.06550392279784,105.4991613739755,0.2829827659854921,-0.00885994954123348,0.001820536789769691,-1
2025-09-19 18:50:00,104.43540861367732,104.53408617931656,104.11552049583136,104.19723017971543,2137.8203472882433,-0.002280629119219,104.89184917418136,105.38080399267912,0.3038690428819097,-0.00423088721856657,0.0018391968030833333,-1
2025-09-19 19:50:00,104.19723017971543,104.34807472025844,104.1437935749307,104.2979679229596,3229.8820433880455,0.0009667986670127,104.77307292393702,105.28236434997734,0.3081474833484715,-0.005291249790848052,0.0017972172873358503,-1
2025-09-19 20:50:00,104.2979679229596,104.39592686318518,104.0158944866454,104.04920566055644,3602.6756736671978,-0.0023851113052069,104.62829947126092,105.17025901457544,0.3195944751163923,-0.005443674149936517,0.0017911094557582828,-1
2025-09-19 21:50:00,104.04920566055644,104.09422923250784,103.482047179454,103.5811148562482,3168.9378701100945,-0.0044987446212256,104.41886254825836,105.0257913638184,0.3385450832965416,-0.0026557103025971474,0.0018731644676369921,-1
2025-09-19 22:50:00,103.5811148562482,103.60221873409624,103.38750408447846,103.38984950323298,5957.29322395408,-0.0018465272678389,104.2130599392533,104.87706937649246,0.3211853701180069,-0.0005317708761246598,0.0018837680106180258,0
2025-09-19 23:50:00,103.38984950323298,103.5074066099657,103.35446488367944,103.455201641964,1755.113951130117,0.0006320943404505,104.06148827979544,104.7478086733535,0.3134834379908347,0.0005388228081417701,0.0018755594770784873,0
2025-09-20 00:50:00,103.455201641964,103.48053532066108,103.36033351879,103.38727968250592,1004.3834053143224,-0.0006565349869321,103.92664656033756,104.62412421964008,0.3031384088392234,-0.0003893747075814913,0.0018604415174440462,0
2025-09-20 01:50:00,103.38727968250592,103.41467171065004,103.3668578618855,103.39453341411736,4535.999015507705,7.016077445598512e-05,103.82022393109352,104.51234323731984,0.2877728569027147,0.0029952766970520184,0.0018474207220794063,1
2025-09-20 02:50:00,103.39453341411736,103.89229484472212,103.38028968813084,103.84732312241673,2444.690988129683,0.0043792422418102,103.82564376935817,104.45188686323772,0.3038111104501197,0.0017950850927683781,0.0020370868748079323,1
2025-09-20 03:50:00,103.84732312241673,104.1636614273993,103.81136223942214,104.07427971445996,4653.501277740491,0.0021854833154986,103.87537095837853,104.41755894062156,0.3079657177238957,-0.00025443530739754916,0.0020930174887843285,0
2025-09-20 04:50:00,104.07427971445996,104.15110027163288,103.75765083930617,103.82294845569317,3119.3557614316674,-0.0024149219140056,103.86488645784144,104.3635034419917,0.3197179643691846,-0.0013385561306414884,0.0021029651844535584,-1
2025-09-20 05:50:00,103.82294845569317,103.84412693316196,103.4478241796873,103.51011616304204,2041.270752095279,-0.003013132426928,103.79393239888157,104.285922780269,0.3223064697735824,0.004624898685510859,0.002080873544044761,1
2025-09-20 06:50:00,103.51011616304204,103.79157871999554,103.48700068175188,103.75638345033803,1669.0900980696952,0.0023791615392267,103.78642260917286,104.23778284118436,0.3036703308665096,0.004686371541988699,0.0021446440770713665,1
2025-09-20 07:50:00,103.75638345033803,103.75974038512204,103.65474634810312,103.74610132200137,4145.204007076223,-9.909875416580503e-05,103.77835835173856,104.19308452125864,0.3010258493270449,0.00825412016473126,0.0020758614658621124,1
2025-09-20 08:50:00,103.74610132200137,103.74854047097833,103.47963604422571,103.48279568938064,2326.094095866926,-0.0025379809869043,103.719245819267,104.12851280926972,0.2903357595604287,0.009438813193751283,0.002095015772545446,1
2025-09-20 09:50:00,103.48279568938064,103.53118212361592,103.2910467846859,103.30603342236996,1754.906814475955,-0.0017081319250522,103.6366033398876,104.0537419559152,0.2928967733891627,0.010576550875429191,0.0020541837696984692,1
2025-09-20 10:50:00,103.30603342236996,103.4337558985465,103.24612169755012,103.33486979238025,3524.2409341517387,0.0002791353907896,103.57625663038613,103.98838994104838,0.2791540465646349,0.010261310552230007,0.002062931535528851,1
2025-09-20 11:50:00,103.33486979238025,103.61286808782536,103.31200430856477,103.51094566422958,2738.2778004486777,0.0017039347144203,103.56319443715482,103.94498591588304,0.2569170270079744,0.00847594160146925,0.002103885627026809,1
2025-09-20 12:50:00,103.51094566422958,103.59915432002654,103.30312645302128,103.3470232907119,811.9217211146888,-0.0015836235720366,103.51996020786623,103.89062567723111,0.2627251139642236,0.009816764065141204,0.0020895045378147977,1
2025-09-20 13:50:00,103.3470232907119,103.7234462353528,103.2772570904661,103.70422865065524,2142.604378361605,0.0034563681523611,103.55681389642406,103.87368049299694,0.2836713581499696,0.007279307190311224,0.0022195178956395307,1
2025-09-20 14:50:00,103.70422865065524,104.11745398275468,103.63136223321575,104.03373790407768,3207.5490945857027,0.0031773945740671,103.6521986979548,103.88823116673154,0.3098063544119591,0.006787167466442368,0.002312438969667464,1
2025-09-20 15:50:00,104.03373790407768,104.07522631032226,103.9370979324007,104.04779954310864,2509.2161481426556,0.0001351642199374,103.73131886698556,103.90273738276582,0.3162573922088886,0.005289545343571067,0.00230321214675129,1
2025-09-20 16:50:00,104.04779954310864,104.14799359791066,103.67002021753504,103.68397561153652,3724.4708574044007,-0.0034966999126337,103.72185021589576,103.8828499490177,0.3138265510506274,0.008295264427917948,0.00224595166731031,1
2025-09-20 17:50:00,103.68397561153652,104.03689080571868,103.63172113551936,103.98883996322157,1231.3626722553695,0.0029403227440587,103.77524816536092,103.8924854048544,0.3176030140664941,0.005054063576992673,0.0023241765014127454,1
2025-09-20 18:50:00,103.98883996322157,104.2954408072497,103.91101000144764,104.24262441303937,1890.8017889819157,0.0024404969793638,103.8687234148966,103.92431622378032,0.3169588264575895,0.0051240343572558356,0.0023776329457522367,1
2025-09-20 19:50:00,104.24262441303937,104.6691807293324,104.17532391557243,104.60243410893555,3102.61153071649,0.0034516561523867,104.0154655537044,103.98596330424895,0.3239269736208255,-0.0012377456033656475,0.002453533388676326,-1
2025-09-20 20:50:00,104.60243410893555,104.64207328949652,104.39914669131096,104.45955046665982,3213.6969734415893,-0.0013659686172018,104.10428253629549,104.02901668264995,0.3195232993309602,-0.0017290466607602362,0.002425739755964016,-1
2025-09-20 21:50:00,104.45955046665982,104.51618096575204,104.30910387451657,104.39865494060044,2514.6370916484816,-0.0005829579563316,104.16315701715648,104.06262016064544,0.3268149460607158,0.001060616518423263,0.002408166909932717,0
2025-09-20 22:50:00,104.39865494060044,104.42749251799128,104.32355919307916,104.39522098219412,3127.0118983891,-3.289274568019085e-05,104.209569810164,104.09285659896804,0.315031295929252,0.0010651574467843705,0.002400201846008484,0
2025-09-20 23:50:00,104.39522098219412,104.44097397480137,104.37173484526288,104.38829839479244,2464.9584863192317,-6.631134391565929e-05,104.2453155270897,104.119714944043,0.3028244238298551,0.005104449163111369,0.0023671358798521276,1
2025-09-21 00:50:00,104.38829839479244,104.45073815898026,104.26361619002869,104.36155663519148,4486.8406105741415,-0.000256175835914,104.26856374871006,104.14170055232924,0.3027878358266552,0.003822675246771823,0.002263505388231151,1
2025-09-21 01:50:00,104.36155663519148,104.54651918766214,104.34646234962013,104.45912358793764,3577.0686020260673,0.0009348936130493,104.3066757165556,104.17055719193,0.2955873400253291,0.0032608250379602133,0.002269310146888094,1
2025-09-21 02:50:00,104.45912358793764,104.82953602610355,104.43684397713186,104.73983230539264,3320.102457118503,0.0026872589756961,104.393307034323,104.22230947497204,0.3024919244515039,0.0028329289560515836,0.002277494308123554,1
2025-09-21 03:50:00,104.73983230539264,104.82368206705276,104.5853328184432,104.5981650966907,6122.516304514742,-0.0013525628749231,104.43427864679654,104.25647816785556,0.2876462175745656,0.0009800583041774669,0.0022880308328333404,0
2025-09-21 04:50:00,104.5981650966907,104.66310839136052,104.45129766247072,104.54406160617202,3801.3932282099418,-0.0005172508568259,104.45623523867164,104.28262211679342,0.268054716099629,0.0015817135743012578,0.0022462325883466088,1
2025-09-21 05:50:00,104.54406160617202,104.6397543353033,104.48817264694212,104.5144061716934,2882.8308121586897,-0.0002836644571007,104.467869425276,104.3036933945116,0.2690156668453158,0.004250525279313244,0.0020824015555242544,1
2025-09-21 06:50:00,104.5144061716934,104.79712838191205,104.51401204625992,104.77676720202228,1793.138775666472,0.0025102858059382,104.52964898062528,104.34670010428528,0.2550973065079235,0.006287719023580607,0.0020811428962434304,1
2025-09-21 07:50:00,104.77676720202228,104.84722251667478,104.44552861453342,104.47296290601588,3535.0307983894577,-0.0028995387443156,104.5183117657034,104.35817854080624,0.2548490373609279,0.010088516513054646,0.002161544530652879,1
2025-09-21 08:50:00,104.47296290601588,104.56627600069903,104.20169465948544,104.27893502974092,2726.6473681204147,-0.0018572066004246,104.47043641851091,104.35097458525485,0.2534312184617531,0.009694869291149377,0.002189077156096955,1
2025-09-21 09:50:00,104.27893502974092,104.56438644246155,104.19727805591984,104.5093818785316,2900.4556520990145,0.0022099079619959,104.47822551051506,104.36537524828,0.2443777593747366,0.008557881542721857,0.002215276846512504,1
2025-09-21 10:50:00,104.5093818785316,104.60260772176883,104.42589888899988,104.506418329232,3639.9214572003934,-2.8356777605376134e-05,104.48386407425843,104.37819734654836,0.2396479189878369,0.010371853823191612,0.0020893183686984443,1
2025-09-21 11:50:00,104.506418329232,105.0053897946306,104.49851634189253,104.92114315717237,4204.458721488865,0.003968414902842,104.57131989084124,104.42755605660508,0.2610619448094492,0.007336031148144073,0.002166331931175021,1
2025-09-21 12:50:00,104.92114315717237,104.99373831348602,104.72804919269136,104.7604969744554,3500.6838690382547,-0.0015311135380626,104.60915530756408,104.4578234127733,0.2726159302296317,0.009849005100250663,0.0021366172684979677,1
2025-09-21 13:50:00,104.7604969744554,104.80768451237226,104.73149790657472,104.79974651357657,2755.133499333366,0.0003746597262777,104.64727354876658,104.48890733102812,0.2731121785338511,0.009003201816345285,0.0020502019819132523,1
2025-09-21 14:50:00,104.79974651357657,105.06276680529672,104.77055929821162,105.03655280918257,3193.0764047169105,0.0022596075227656,104.72512940084978,104.53869328358762,0.2806182884005314,0.0064380978408205,0.002046564134173351,1
2025-09-21 15:50:00,105.03655280918257,105.08598624364092,104.65030399691014,104.70067739699545,3300.466991928801,-0.0031977002596161,104.72023900007892,104.55341911207924,0.2974486747354429,0.011407450935050578,0.002141332456647713,1
2025-09-21 16:50:00,104.70067739699545,104.73558777465732,104.69587885433904,104.7094203675271,2494.439231221655,8.350443138493979e-05,104.71807527356856,104.56760104439267,0.2722355941173414,0.009990049726217975,0.002078948416927953,1
2025-09-21 17:50:00,104.7094203675271,105.00368009425355,104.64124981417216,104.9586472971786,2552.8606799752897,0.0023801767670637,104.76618967829056,104.60315070373684,0.281098524936758,0.009333033402362245,0.0020727058534776876,1
2025-09-21 18:50:00,104.9586472971786,105.48685733998288,104.91935509172228,105.43557407438772,2922.493248829732,0.0045439493504406,104.90006655751002,104.6788255556142,0.3065050620346728,0.002748969758058495,0.002191857591034586,1
2025-09-21 19:50:00,105.43557407438772,105.5860465142634,105.36116308855914,105.52694011746097,3303.9650886749523,0.0008665580272628,105.0254412695002,104.75592687941844,0.3117409004163209,0.0032495571303188253,0.002183623417682249,1
2025-09-21 20:50:00,105.52694011746097,105.61715669609974,105.20102859284452,105.28990567467451,6456.894556244148,-0.0022461983880381,105.07833415053508,104.8044704062599,0.321241740959399,0.009392877212728967,0.002208053034425677,1
2025-09-21 21:50:00,105.28990567467451,105.41508097795428,105.2071664313592,105.40376078875116,2496.790493803456,0.0010813488087684,105.1434194781783,104.85895135012274,0.3074003584203798,0.013093685379028663,0.0021474944435240033,1
2025-09-21 22:50:00,105.40376078875116,105.62668093785436,105.31462988578954,105.5903436237281,3116.8413853550715,0.0017701724642527,105.23280430728826,104.92544155681414,0.3036481949097508,0.009633750511568007,0.002105107680994311,1
2025-09-21 23:50:00,105.5903436237281,105.7831465187363,105.54835613021604,105.69084793147228,7781.595964335113,0.0009518323768538,105.32441303212508,104.99502395451032,0.2941969093367881,0.010983371475667969,0.002105913074917733,1
2025-09-22 00:50:00,105.69084793147228,105.80561207748391,105.62334852278248,105.7922836434616,2263.867866120027,0.0009597397880192,105.41798715439238,105.06750210805136,0.2945936751891064,0.009429211582246744,0.001977048865539316,1
2025-09-22 01:50:00,105.7922836434616,105.79387584469234,105.71890778687916,105.74327978174011,1521.9836270477451,-0.0004632082797895,105.48304567986192,105.12893644202306,0.2637432898373281,0.009782947023140087,0.0019400178570960238,1
2025-09-22 02:50:00,105.74327978174011,105.76582725307132,105.66210163307215,105.7127884130306,5418.120991763834,-0.0002883527801714,105.52899422649568,105.18201389393283,0.2521744683519336,0.011841306892088399,0.0019128792850266055,1
2025-09-22 03:50:00,105.7127884130306,105.96504137129256,105.62396553579887,105.89504523726822,3627.269466373904,0.001724075459305,105.60220442865018,105.24683492514514,0.2710951276159434,0.01293156778586857,0.0018484183241889893,1
2025-09-22 04:50:00,105.89504523726822,105.91857963478432,105.68209910814775,105.75547268380215,3360.9748473751115,-0.0013180272330336,105.6328580796806,105.29307472138667,0.2671146290124743,0.012915415289325383,0.0018469717801355152,1
2025-09-22 05:50:00,105.75547268380215,105.98206337285318,105.67758070543188,105.93822985826992,2473.309436633646,0.0017281107996574,105.69393243539848,105.35172518837608,0.2577432304903685,0.008526631192830703,0.0018529938674484822,1
2025-09-22 06:50:00,105.93822985826992,106.03039217382828,105.63682695087834,105.72541327894174,1289.9903001271396,-0.0020088742242804,105.70022860410712,105.38569683297294,0.2830186806783438,0.011551525182615041,0.0019021938399989876,1
2025-09-22 07:50:00,105.72541327894174,105.88543626239964,105.70302832165537,105.86985593816038,4814.177333945981,0.0013662056712659,105.73415407091778,105.42971129708089,0.2701599421542643,0.007364382917022905,0.0019077746625263236,1
2025-09-22 08:50:00,105.86985593816038,106.3070759299916,105.85583987687602,106.27888083041654,3109.4506062666414,0.0038634688659164,105.84309942281756,105.50690852738413,0.2618552139296203,0.004547142567803419,0.0019960783243943964,1
2025-09-22 09:50:00,106.27888083041654,106.84750199736165,106.21986686490486,106.78388447028546,10195.971394302453,0.0047516838333545,106.03125643231114,105.62299724946608,0.2906231929833731,0.0001804183307521079,0.002128187275836808,0
2025-09-22 10:50:00,106.78388447028546,106.78695241644876,106.51917084388393,106.60757465062984,4785.637848788663,-0.0016510901483892,106.14652007597488,105.7125042859355,0.2800270122197738,0.0006881008057437743,0.0021350419152020217,0
2025-09-22 11:50:00,106.60757465062984,106.92262615729044,106.59133425764792,106.85168977588198,2234.6106155534117,0.002289847846667,106.2875540159563,105.81606660320335,0.2888396802945903,0.0004172403247586498,0.0021271590571912977,0
2025-09-22 12:50:00,106.85168977588198,106.90658784961772,106.73834851332283,106.78982146970486,1260.6543864109303,-0.0005790110227258,106.38800750670602,105.9045897728853,0.2785674148824526,0.0008509792766062674,0.002128297354385403,0
2025-09-22 13:50:00,106.78982146970486,106.84866820636444,106.75988956260824,106.77776068589796,2373.2002394338533,-0.0001129394509787,106.4659581425444,105.98396894679554,0.2681380045421641,0.0034229263359821793,0.002126051214575144,1
2025-09-22 14:50:00,106.77776068589796,106.98632112447908,106.69559775255544,106.9645659830477,3736.004084089432,0.0017494775686415,106.56567971064509,106.07311413190938,0.2758851343437517,0.001212534277901689,0.0021090158481724746,1
2025-09-22 15:50:00,106.9645659830477,107.35499480862568,106.92599785722884,107.26443419294158,3717.143557527704,0.0028034350173626,106.70543060710438,106.18141595563958,0.3011729124568713,-0.0015357721673037172,0.002039363068183167,-1
2025-09-22 16:50:00,107.26443419294158,107.31073392319097,107.0491415215778,107.12134853263235,2126.654342797956,-0.0013339525014587,106.78861419220998,106.26686437172982,0.3124491111435868,-8.120614200524123e-05,0.0020191494443516276,0
2025-09-22 17:50:00,107.12134853263235,107.14124012113984,106.81469309151332,106.84152607349272,1757.8383379155532,-0.0026122006768275,106.79919656846651,106.31910634461735,0.3114113392959317,-0.00028028387049927606,0.0020924335202639767,0
2025-09-22 18:50:00,106.84152607349272,106.95497368621876,106.7697579798463,106.94670305287583,3988.9299838195857,0.0009844204145001,106.8286978653484,106.37616059082266,0.3077495664199249,0.0028099772901930553,0.00208884195833459,1
2025-09-22 19:50:00,106.94670305287583,107.0353065619047,106.61125037877936,106.64952209665906,4070.760612952549,-0.0027787762290329,106.79286271161052,106.4010116368078,0.3162905318273559,0.0037711950419576645,0.0020912833251101525,1
2025-09-22 20:50:00,106.64952209665906,106.76428978073405,106.56729666644988,106.76214605349904,4077.315896347873,0.0010560193297248,106.78671937998824,106.43384203832518,0.3022496669226565,0.0010019680554866905,0.002059483069024981,0
2025-09-22 21:50:00,106.76214605349904,106.80696360477576,106.65831258490584,106.8031502404728,8487.171351495532,0.0003840704640125,106.79000555208516,106.4674155112477,0.2998384582887721,-0.0010831441236940353,0.002059451455700587,0
2025-09-22 22:50:00,106.8031502404728,106.90552930161292,106.67241023607946,106.68093140864532,968.9828057492024,-0.0011443373304279,106.7681907233972,106.48682604737476,0.2842586734614777,-0.0012169277773937948,0.002058553324429859,-1
2025-09-22 23:50:00,106.68093140864532,106.93528419953248,106.6180620413648,106.89627260962509,3601.33629556507,0.0020185538140353,106.79380710064278,106.52404846212478,0.2620863181551129,-0.004694177843375447,0.001961557245454298,-1
2025-09-23 00:50:00,106.89627260962509,106.97025830680757,106.87513173796924,106.88069739472806,2542.502937156542,-0.0001457040036737,106.81118515945984,106.55647109236143,0.249753817888934,-0.006442212300864947,0.001964111713171594,-1
2025-09-23 01:50:00,106.88069739472806,107.14550301537584,106.82375607873657,107.14325309504692,4182.28614068374,0.0024565305683701,106.87759874657726,106.6098149107874,0.2490720348172743,-0.0052638656274097695,0.0019663347122683386,-1
2025-09-23 02:50:00,107.14325309504692,107.22850221331574,107.06797058050172,107.09426418582302,2494.8099595140766,-0.000457228129712,106.92093183442644,106.65385575397244,0.2485214845686414,-0.004440320998831737,0.0018412873022679774,-1
2025-09-23 03:50:00,107.09426418582302,107.18300716150964,106.993346737424,107.09970046036648,1333.715116250698,5.076158452377299e-05,106.95668555961444,106.69438709091736,0.2557273260207426,-0.006298980778010721,0.0018415466150844475,-1
2025-09-23 04:50:00,107.09970046036648,107.19590275262972,107.08315317026778,107.11264962119162,4240.544217110483,0.0001209075354036,106.98787837192988,106.73241095730592,0.2430149124806208,-0.006692776125983846,0.0017755260475115547,-1
2025-09-23 05:50:00,107.11264962119162,107.13403147707506,106.7053295136921,106.8115801170348,3427.3080065043137,-0.0028107744997586,106.95261872095088,106.73960815364492,0.2429938419082,-0.005453747939792697,0.001868008918523679,-1
2025-09-23 06:50:00,106.8115801170348,107.29862888494762,106.73591276050436,107.24722085971544,4331.259260063906,0.0040785909374554,107.0115391487038,106.78575476328768,0.2645026792532081,-0.009808576705724326,0.001964077303639334,-1
2025-09-23 07:50:00,107.24722085971544,107.34162427233844,106.97077291645694,107.05171824561712,4834.519683887106,-0.001822915433436,107.01957496808646,106.80993326168128,0.2676672739857082,-0.007160249630322912,0.0020038122587897173,-1
2025-09-23 08:50:00,107.05171824561712,107.13681358528405,106.7800316683018,106.86911831337984,5984.037338986072,-0.0017057169677401,106.98948363714514,106.81531372092658,0.2799220033149794,-0.0033192042175207437,0.0020350289857594818,-1
2025-09-23 09:50:00,106.86911831337984,106.91105108726764,106.62843295930362,106.68746703589782,3694.120848100617,-0.0016997546190037,106.92908031689568,106.80369129501489,0.2698192850891711,-0.00029132580799284824,0.0020619143510872853,0
2025-09-23 10:50:00,106.68746703589782,106.69005828381056,106.44863022289316,106.5511084198959,1212.7869448995884,-0.0012781127886,106.85348593749572,106.7807292154586,0.2729932098486886,0.001459183601243419,0.0020780735153845624,1
2025-09-23 11:50:00,106.5511084198959,106.63202336230938,106.28894378224211,106.39448249520156,5047.4832650384915,-0.0014699605383465,106.7616852490369,106.7456158772534,0.2868809641484994,0.005995393960302575,0.0020816401285194135,1
2025-09-23 12:50:00,106.39448249520156,106.3971918206632,106.11410026516356,106.19214925124672,1900.03754807432,-0.0019017268490774,106.64777804947887,106.6953007294346,0.2904504277175123,0.008421964611773358,0.0020974087761541876,1
2025-09-23 13:50:00,106.19214925124672,106.65976074286284,106.1118925851578,106.57926540787103,3081.137873948629,0.0036454310356635,106.63407552115731,106.68475206383792,0.3069251419701818,0.007159269355291764,0.002170615886933128,1
2025-09-23 14:50:00,106.57926540787103,106.62678666326627,106.51285087071776,106.61873127570428,3595.0804092122944,0.0003702959265314,106.63100667206672,106.6787501740076,0.3082686579494803,0.006966580247929066,0.0021332651619597556,1
2025-09-23 15:50:00,106.61873127570428,106.67571864495388,106.36566852952404,106.42508150583592,2141.422874010065,-0.0018162828196445,106.58982163882057,106.65568938599198,0.3074331707202345,0.009442266848401326,0.0021543586619816382,1
2025-09-23 16:50:00,106.42508150583592,106.49985058866262,106.37601297372386,106.39576863701603,2380.347210788801,-0.0002754319602591,106.55101103845968,106.63206022699416,0.304812169443431,0.011601001848352999,0.0020467521971879094,1
2025-09-23 17:50:00,106.39576863701603,106.45644116521169,106.16767142706723,106.22905668202552,1392.5941737762782,-0.0015669039955834,106.48662016717286,106.59542354108792,0.3118914061619173,0.012726427801557971,0.0018747369583245058,1
2025-09-23 18:50:00,106.22905668202552,106.2889384510738,106.12415162864924,106.19527826743716,2557.2309937241944,-0.0003179771678616,106.42835178722572,106.55904669802877,0.3156083518806746,0.012720213643765188,0.0018552692265810897,1
2025-09-23 19:50:00,106.19527826743716,106.3126084138466,106.10028807213854,106.28520121962352,4189.900083762892,0.0008467697778418,106.39972167370529,106.53415165453735,0.30015252176104,0.014503948172887249,0.0018118482950570816,1
2025-09-23 20:50:00,106.28520121962352,106.57911773788142,106.27790780001888,106.51439788515135,2086.687748716323,0.0021564306497781,106.42265691599452,106.53235585732044,0.2814735084338459,0.014623747358658568,0.0018556606029188725,1
2025-09-23 21:50:00,106.51439788515135,106.76113217965523,106.49137423951323,106.65638622336088,3607.209859741818,0.0013330436169072,106.4694027774678,106.5436313451423,0.2742525501667369,0.015376483507957728,0.001872338805325443,1
2025-09-23 22:50:00,106.65638622336088,106.81132732992072,106.61584972279329,106.70658604999652,1294.9762644754858,0.0004706687373647,106.51683943197354,106.55844540921996,0.2627308137485369,0.012965721727635326,0.0018465174053238441,1
2025-09-23 23:50:00,106.70658604999652,107.0669210009665,106.62046817412924,107.0323593329628,1363.3173334867088,0.0030529819669578,106.6199434121714,106.60152849319658,0.274433292239484,0.011679125150604763,0.0018595417748636606,1
2025-09-24 00:50:00,107.0323593329628,107.11831051587968,107.02826348874518,107.08649577428888,1404.5281934567297,0.000505795085369,106.71325388459488,106.64561642784132,0.2636203612549914,0.01147677917625023,0.0018474766688348692,1
2025-09-24 01:50:00,107.08649577428888,107.36055849950316,107.01241811994512,107.3422950766151,4498.173362059891,0.0023887167142473,106.83906212299894,106.70895085045711,0.2639818469329061,0.00887986010176367,0.0018315716132209774,1
2025-09-24 02:50:00,107.3422950766151,107.44167695267308,107.29502087853922,107.36149922306886,1230.416452986525,0.0001789056814935,106.94354954301294,106.76827342978548,0.254236455406778,0.008668614294208066,0.0018252263473067377,1
2025-09-24 03:50:00,107.36149922306886,107.53429426297042,107.28538808281874,107.42997552477688,5416.030316254162,0.0006378105950788,107.04083473936574,106.82842816569378,0.2328820284386797,0.00803164536312262,0.0017483423750318365,1
2025-09-24 04:50:00,107.42997552477688,107.6825356240704,107.32586576090392,107.630066145631,1406.7045339920878,0.0018625213296075,107.1586810206188,106.90130434568808,0.2502201763399633,0.005134091744740221,0.001766363677802233,1
2025-09-24 05:50:00,107.630066145631,107.73109233673615,107.47913358292725,107.58097310231692,4062.631774862474,-0.0004561275958675,107.24313943695842,106.96309241447253,0.2460707933670392,0.001010635042727026,0.0017706159439761862,0
2025-09-24 06:50:00,107.58097310231692,107.6591920547322,107.4413136638518,107.54610489495806,4278.068339003413,-0.0003241112843038,107.30373252855836,107.0160935490621,0.2527879916485856,0.005713103315028167,0.0017559805468317536,1
2025-09-24 07:50:00,107.54610489495806,107.87226099900604,107.52923304494148,107.82675626965784,4885.895904697013,0.0026095912536665,107.40833727677824,107.08979016002536,0.2566635785000223,0.004097511320875213,0.0017781089633086297,1
2025-09-24 08:50:00,107.82675626965784,108.15770494749182,107.82171597619026,108.07203752988345,4431.630961391624,0.0022747717608435,107.5410773273993,107.179085375467,0.2688923034198091,0.0010365330406059137,0.0018109290019483236,0
2025-09-24 09:50:00,108.07203752988345,108.31154871754448,108.00246445663468,108.29638638714276,9289.259180586032,0.0020759195661255,107.692139139348,107.28065819471024,0.2758040119342198,-0.0006656554988091479,0.001797836449593996,0
2025-09-24 10:50:00,108.29638638714276,108.3976729788218,108.0072317276088,108.09011395122674,6290.260359008592,-0.0019047028511055,107.77173410172374,107.35424508166628,0.2821776771735368,0.0010429155943445512,0.0018362408928866388,0
2025-09-24 11:50:00,108.09011395122674,108.34307603782123,108.0214150260772,108.28240365277696,10457.831379895628,0.0017789758426658,107.8738680119344,107.43862313358542,0.2858850394308265,0.0018761999888190495,0.0018542757987252086,1
2025-09-24 12:50:00,108.28240365277696,108.41984373653364,108.20685977198322,108.31550383904884,2200.0820645492104,0.0003056838891204,107.96219517735727,107.51833956135482,0.2871354935324675,0.0017855183316533019,0.0018538433454412142,1
2025-09-24 13:50:00,108.31550383904884,108.39099383485342,108.29511676023048,108.29547963989768,1142.722437308941,-0.0001848691871564,108.02885206986537,107.58898865940417,0.2620943683743014,0.0002969304309103915,0.0017653951542439886,0
2025-09-24 14:50:00,108.29547963989768,108.33450717923758,108.18402915394054,108.29217464988156,5657.460030146563,-3.051826380129352e-05,108.0815165858686,107.65291465853846,0.2664108682430535,-0.0015747634791786203,0.00163638185936968,-1
2025-09-24 15:50:00,108.29217464988156,108.34367409511262,108.2534791282252,108.29281498956084,4550.0246302455425,5.913074341501456e-06,108.12377626660708,107.71108741590412,0.2479861959094366,-0.0007047031739094711,0.0015909968507212481,0
2025-09-24 16:50:00,108.29281498956084,108.36045404572616,108.16503438213844,108.18264877971512,3148.5800350886034,-0.0010172993458185,108.13555076922869,107.75395663079604,0.2514693094418559,0.0023461929301673567,0.0015666101760627852,1
2025-09-24 17:50:00,108.18264877971512,108.27502075132726,107.66546113023752,107.6896982036648,1842.078924360764,-0.0045566510120684,108.04638025611592,107.74811495560228,0.2772302695088606,0.0020201927171474843,0.0017587532048228415,1
2025-09-24 18:50:00,107.6896982036648,108.2405238313309,107.67362137692908,108.16052690335182,3570.22412258846,0.0043720867226928,108.0692095855631,107.78560695085224,0.2922468831685287,-0.0002213102596381189,0.0018756004262918918,0
2025-09-24 19:50:00,108.16052690335182,108.32790632921888,108.0733576600744,108.268577624166,2094.2927803403886,0.0009989847859259,108.1090831932837,107.82951337569897,0.2924318771210709,-0.002769435287828026,0.001843721419313537,-1
2025-09-24 20:50:00,108.268577624166,108.33613495698222,108.10831568655792,108.18405776754877,1931.3914515094257,-0.0007806499214449,108.12407810813671,107.86174468404892,0.2931419399456345,-0.0026115382325339054,0.0018059458683143213,-1
2025-09-24 21:50:00,108.18405776754877,108.2990805602802,108.180122731114,108.224298302043,1899.153777009058,0.0003719636268471,108.14412214691798,107.89470410386656,0.277136931024323,-0.0025633089094740935,0.0017173922957060442,-1
2025-09-24 22:50:00,108.224298302043,108.2843597807262,108.1546600970024,108.20284281666096,8662.741049216384,-0.0001982501685728,108.15586628086658,107.9227167141206,0.2624019819116258,-0.003769847975069407,0.0017215019340713308,-1
2025-09-24 23:50:00,108.20284281666096,108.48969681255016,108.09728253393692,108.4855630972996,2116.4825647638513,0.0026128729456553,108.2218056441532,107.97388456713688,0.2683541260332985,-0.00558855809284009,0.0017103995456247045,-1
2025-09-25 00:50:00,108.4855630972996,108.60574939872822,108.44239484400724,108.50890315675574,4855.620663826969,0.0002151443822548,108.27922514667372,108.02252262073858,0.2521336477124407,-0.003935472287140085,0.001704480352956925,-1
2025-09-25 01:50:00,108.50890315675574,108.51269616507838,108.2883392053977,108.3276358633328,2277.901640394323,-0.0016705292206398,108.28890729000554,108.05026018824717,0.2451833582793432,-0.001184330321979843,0.0017088545258013477,0
2025-09-25 02:50:00,108.3276358633328,108.37877687072432,108.0927859227069,108.1216400881621,11134.189314465078,-0.0019015994720921,108.25545384963688,108.0567492700576,0.2503981428127001,-0.00022844339090977162,0.0017588816799804633,0
2025-09-25 03:50:00,108.1216400881621,108.30049483650674,108.10021002448931,108.2165006991261,6986.304252438273,0.0008773508326977,108.24766321953472,108.07127212724563,0.2578558383408764,-0.0006653926963935408,0.0017590488852281512,0
2025-09-25 04:50:00,108.2165006991261,108.46172287821716,108.1657895094688,108.43646614544888,2310.9635093678135,0.0020326423872674,108.28542380471757,108.10447158344591,0.2682455057302582,-0.0004554166924245484,0.0017555675293024716,0
2025-09-25 05:50:00,108.43646614544888,108.4755294559995,107.84355687360156,107.90725214768766,3127.6854853684154,-0.0048804061638395,108.20978947331156,108.08654254383154,0.3069439068381529,0.004318992119117793,0.0019946954586364247,1
2025-09-25 06:50:00,107.90725214768766,108.15147044274768,107.86532319335218,108.13658986906024,3270.6894822918075,0.002125322597027,108.19514955246132,108.09109230067052,0.313424448681565,0.0002962143458364874,0.002018787664229713,0
2025-09-25 07:50:00,108.13658986906024,108.19474415027476,107.88277403018864,107.96873480473069,2171.3620752085963,-0.0015522503949199,108.1498666029152,108.07996889194872,0.2921680557527364,-0.00034721794073744316,0.00198881760151747,0
2025-09-25 08:50:00,107.96873480473069,108.02043044450522,107.80899659631002,107.90153096453815,2294.7630164800053,-0.0006224379707149,108.1001994752398,108.06374726218412,0.2667774410236916,0.0005759487820951037,0.001994570903868314,0
2025-09-25 09:50:00,107.90153096453815,107.97525226553589,107.87393735940606,107.94688599398378,1794.2656222175972,0.0004203372189457,108.0695367789886,108.05312351052952,0.2558321722369295,-0.0017124249176034834,0.0019561139193150475,-1
2025-09-25 10:50:00,107.94688599398378,108.00930867774728,107.70078833940735,107.79493454877182,3158.177998474251,-0.0014076501032224,108.01461633294524,108.02965178673335,0.2615965342309029,0.0032620148941593374,0.0019760788140958815,1
2025-09-25 11:50:00,107.79493454877182,107.95470143565193,107.68857342976295,107.87928522569588,7700.471509955153,0.0007825105815699,107.98755011149538,108.01598209936633,0.2721086897110995,8.929791258238673e-05,0.0019774485884530403,0
2025-09-25 12:50:00,107.87928522569588,108.08834228704714,107.80275672885364,108.08186937547435,5446.679405223816,0.001877878124189,108.00641396429118,108.02197185173978,0.283243395030364,-0.0004122676076062648,0.0019778838429775226,0
2025-09-25 13:50:00,108.08186937547435,108.27699185184754,108.07659406909946,108.19934015947146,7841.088795902184,0.0010868685439646,108.04499920332724,108.03809624335176,0.2695279310399964,-0.0035423766548895452,0.0019818673232283694,-1
2025-09-25 14:50:00,108.19934015947146,108.24163448501828,108.03369430175172,108.09694041406964,3419.4553472779016,-0.0009463989822016,108.05538744547572,108.043445713417,0.2727126187932518,-0.004519261755759785,0.001990019980121061,-1
2025-09-25 15:50:00,108.09694041406964,108.1519152680312,108.06350569795444,108.14449422993164,4762.421116176433,0.0004399182407923,108.07320880236692,108.05263194219106,0.2630020909643998,-0.004196683591134676,0.001940262499450741,-1
2025-09-25 16:50:00,108.14449422993164,108.47657677619608,108.0659759314978,108.38708236869871,2528.7728995468324,0.0022431852910727,108.13598351563328,108.08303652641902,0.271902797870176,-0.005144345850927157,0.001939124863977861,-1
2025-09-25 17:50:00,108.38708236869871,108.47090114684391,108.3357546740821,108.37330271930918,2062.2264134443535,-0.00012713368686,108.18344735636848,108.10942436213632,0.2672500593519191,-0.0006317637604089654,0.0019052581304355289,0
2025-09-25 18:50:00,108.37330271930918,108.44949514121303,108.08745110558084,108.1686214782893,1134.7070103738315,-0.0018886684809267,108.18048218075263,108.1148059181502,0.2719722498436202,0.0039972643841250655,0.00190473657952076,1
2025-09-25 19:50:00,108.1686214782893,108.17893318920308,107.89691931514186,107.93124612296776,2176.1580251390064,-0.0021944936718009,108.13063496919568,108.09811866404272,0.2469751992481395,0.006234755486905108,0.0019161504341037887,1
2025-09-25 20:50:00,107.93124612296776,107.9908991426367,107.8658942261534,107.96367671988337,1735.187513723166,0.0003004745898944,108.09724331933324,108.08589666911914,0.2354650326115544,0.005264384486119322,0.0019161151018071134,1
2025-09-25 21:50:00,107.96367671988337,108.03264916666002,107.70108160037589,107.76203505662998,1561.081601666664,-0.0018676805883199,108.0302016667926,108.0564547043474,0.2368648501971262,0.007720728448452618,0.0019414476615130394,1
2025-09-25 22:50:00,107.76203505662998,108.15853553081504,107.69983868478276,108.14656323078484,7021.405572351084,0.0035683083931439,108.05347397959105,108.06464638856896,0.2545264928997751,0.004294574470238954,0.002049944146030876,1
2025-09-25 23:50:00,108.14656323078484,108.1474108040472,107.84129866378152,107.88891862067742,2918.0178037918304,-0.0023823652126383,108.02056290780833,108.04867113694246,0.2691548667666227,0.004476983006193036,0.002091277364855501,1
2025-09-26 00:50:00,107.88891862067742,108.14514615787247,107.81642910164972,108.03731072176132,3543.3694559915157,0.0013754155939373,108.02391247059892,108.04763837192598,0.2705974894725398,0.0016966475041630957,0.0021007161191174996,1
2025-09-26 01:50:00,108.03731072176132,108.06838866577944,107.74555545343505,107.8160573428161,3801.2937140041154,-0.0020479348982967,107.98234144504237,108.0265855510978,0.2746478613622157,0.006483077476838739,0.0019694243567233015,1
2025-09-26 02:50:00,107.8160573428161,107.85982965215626,107.55918144497444,107.60842204534168,4898.073083365283,-0.001925829070286,107.90755756510224,107.98857068693816,0.2757237648613824,0.007290259358981421,0.0018323002043025872,1
2025-09-26 03:50:00,107.60842204534168,107.7227388319769,107.57108985035102,107.69064600552532,5816.859635410411,0.0007641033909873,107.86417525318686,107.96148662499154,0.272241707638368,0.008288767948290587,0.0018279800983734041,1
2025-09-26 04:50:00,107.69064600552532,107.84233241009358,107.68312163556207,107.8295017312212,1736.6611888884413,0.0012893944910385,107.85724054879374,107.94948799828514,0.268761035585863,0.008792161391309783,0.0018420865029267154,1
2025-09-26 05:50:00,107.8295017312212,108.38236657078409,107.75965129503456,108.30483639405529,6105.010508724266,0.0044082060586618,107.94675971784604,107.9817923979006,0.3069257288482033,0.002464862323624528,0.002006371992848346,1
2025-09-26 06:50:00,108.30483639405529,108.66061361182685,108.22262788768758,108.60100005640436,2877.2871360171903,0.0027345377381995,108.07760778555772,108.03808400321913,0.3088817916654167,-0.0007473842938285902,0.002062047175630352,0
2025-09-26 07:50:00,108.60100005640436,108.71093653940284,108.54728243425866,108.60417105194144,1779.710493715554,2.9198585054013293e-05,108.18292043883449,108.08954646219388,0.3109180511213004,0.00022592543668475962,0.0020111152804011562,0
2025-09-26 08:50:00,108.60417105194144,108.65467830178102,108.48489345338712,108.53203902467192,4269.90993312865,-0.0006641736368949,108.25274415600197,108.1297730587828,0.2971852520328499,0.0011739152414735887,0.0020145943369416293,0
2025-09-26 09:50:00,108.53203902467192,108.6776997491242,108.4313620946512,108.59403646635486,1957.334731796452,0.0005712363117849,108.32100261807255,108.17197882310752,0.2946369506336909,0.00314752971781318,0.001993183640514354,1
2025-09-26 10:50:00,108.59403646635486,108.66935955533798,108.53969723989654,108.61100670027984,1595.861994315895,0.0001562722454857,108.37900343451402,108.211890448305,0.2949696219878431,0.0022271097860830924,0.0019601544803972302,1
2025-09-26 11:50:00,108.61100670027984,108.67861501801508,108.34277146211328,108.37193547589872,3910.757985725721,-0.0022011693993486,108.37758984279095,108.22643999626806,0.2952750498176755,0.005984758410380708,0.001998128290865091,1
2025-09-26 12:50:00,108.37193547589872,108.43933325950856,108.15598296689696,108.22061195535387,3903.093423032827,-0.001396334944839,108.34619426530357,108.22591017436676,0.2827502960019136,0.00822494578792532,0.0019800584007971353,1
2025-09-26 13:50:00,108.22061195535387,108.60381952491988,108.18832449587998,108.51503719581686,5050.76425897678,0.0027206022507471,108.37996285140623,108.25219444904404,0.2905633594857854,0.01061831576489869,0.0018336910600677222,1
2025-09-26 14:50:00,108.51503719581686,108.57758847607045,108.30573740895764,108.39291535126296,1494.1618556893336,-0.0011253909846018,108.38255335137758,108.26498725833666,0.2865015031207879,0.010972789737444533,0.0018122007182799485,1
2025-09-26 15:50:00,108.39291535126296,108.60444169562436,108.36490051238468,108.58326878046664,2322.954716236951,0.0017561427200922,108.4226964371954,108.29392194216666,0.2805520724704514,0.007668197105447527,0.0018107085875866847,1
2025-09-26 16:50:00,108.58326878046664,108.8349408540134,108.51036181199927,108.77755611318662,2551.7080403335563,0.0017892934602363,108.49366837239364,108.33788868498664,0.2822614178156136,0.005118720441610991,0.0018263993568374537,1
2025-09-26 17:50:00,108.77755611318662,108.85875028858928,108.49014846299958,108.5717929047493,5451.058854729481,-0.0018915961691878,108.5092932788648,108.35915270496508,0.2977580495273152,0.007911157154542048,0.0018649413703191846,1
2025-09-26 18:50:00,108.5717929047493,108.67895021590094,108.50114657105328,108.51983337466812,5924.59580440787,-0.0004785730132205,108.51140129802546,108.37376003857445,0.2990861116927569,0.007529525461873909,0.0018465349604695925,1
2025-09-26 19:50:00,108.51983337466812,108.699609246656,108.51946828994252,108.62870749671212,2500.340175672802,0.0010032647365767,108.5348625377628,108.39693708022332,0.2674736603330408,0.009008436774565753,0.0018491490271715571,1
2025-09-26 20:50:00,108.62870749671212,108.6674240309156,108.5964676060526,108.6594464394712,4702.071430824748,0.0002829725536412,108.55977931810448,108.42080156742766,0.2412572818133073,0.0083280438881832,0.0018242939966076008,1
2025-09-26 21:50:00,108.6594464394712,108.99445250732347,108.6518093954306,108.93583942331,2812.9150821768185,0.002543662726947,108.6349913391456,108.4676231906897,0.2540422108667854,0.0046061483047121765,0.0018656670969380796,1
2025-09-26 22:50:00,108.93583942331,109.03778063659642,108.7757757613336,108.85289533617836,2166.928664392886,-0.0007614031118752,108.67857213855216,108.50264793118866,0.2606293556431375,0.0029872746490575697,0.0018622398205114165,1
2025-09-26 23:50:00,108.85289533617836,109.08534980643272,108.805643999559,109.02051532818734,2258.252881325594,0.0015398762843314,108.7469607764792,108.54972678546126,0.2630127951003333,0.0027485645790117363,0.0018765367007222433,1
2025-09-27 00:50:00,109.02051532818734,109.1993488374295,108.91595779145176,109.11072062182276,3073.441641646284,0.0008274157699941,108.81971274554792,108.60072622513049,0.2739934187100701,0.00026151745025804196,0.0018445385173169264,0
2025-09-27 01:50:00,109.11072062182276,109.69340126049406,109.00921048135604,109.66728412600176,2521.702363436894,0.0051009057680779,108.9892270216387,108.6976860343006,0.2988753632269417,-0.003236297576113767,0.002035405934833335,-1
2025-09-27 02:50:00,109.66728412600176,109.77107342761956,109.56125733831443,109.58228802044098,4832.174640258855,-0.0007750361125304,109.10783922139916,108.778104396677,0.2936229201336208,-0.0016890632726203059,0.0020047790233483184,-1
2025-09-27 03:50:00,109.58228802044098,109.67717687340884,109.3165589425593,109.41590668782904,3174.1091329792685,-0.0015183232219143,109.16945271468514,108.83608642314536,0.2897031274057369,-0.0006742491964566444,0.001979874955916366,0
2025-09-27 04:50:00,109.41590668782904,109.50876100702816,109.2584679202372,109.33435801325167,2419.541922370524,-0.0007453091332507,109.20243377439846,108.88138384042774,0.2881632716684633,-0.0032223449959467576,0.0019906652405382347,-1
2025-09-27 05:50:00,109.33435801325167,109.43630443913804,109.30220889983256,109.43072142096916,1646.3129366403907,0.0008813643713514,109.2480913037126,108.93132362047696,0.2806314399588763,-0.005009655716197714,0.0019486888451347166,-1
2025-09-27 06:50:00,109.43072142096916,109.4735513935861,109.27145541722332,109.336936223181,3008.3978495851766,-0.0008570280499876,109.26586028760627,108.96819749345003,0.2718826495552114,-0.0036465644117888996,0.001878366253102403,-1
2025-09-27 07:50:00,109.336936223181,109.61740238034751,109.27816506867283,109.60728234009906,2783.9466932364544,0.0024725964185261,109.33414469810484,109.02629611587268,0.2697851842755676,-0.0022121026946190225,0.0018468693837066113,-1
2025-09-27 08:50:00,109.60728234009906,109.6988241766458,109.56395412308348,109.5643670782848,3574.742492761592,-0.0003915365922595,109.38018917414084,109.07521165791016,0.266718499183756,-0.0019770605742237546,0.0018461293330335582,-1
2025-09-27 09:50:00,109.5643670782848,109.6555124641932,109.3668322850432,109.43761405539207,5882.3937739598005,-0.0011568818063097,109.3916741503911,109.1081573304085,0.2744713007863635,0.00029663480918018514,0.001813824718162545,0
2025-09-27 10:50:00,109.43761405539207,109.52651719527913,109.09600422986804,109.17806883089264,2918.5363318207274,-0.0023716272210401,109.3489530864914,109.1145129213616,0.3001539108255124,0.006051608615929682,0.0018344006492448058,1
2025-09-27 11:50:00,109.17806883089264,109.34006007630208,109.14676204625268,109.320165255004,1994.3854854383344,0.0013015106937959,109.34319552019392,109.13320858805638,0.2894864049795497,0.0017277812584597374,0.0018397807732458075,1
2025-09-27 12:50:00,109.320165255004,109.4140099190628,109.06314814866852,109.1392549792756,2460.9566198293605,-0.0016548664677411,109.30240741201028,109.1337582599854,0.295833326060369,0.003685509005083354,0.0018708943493000692,1
2025-09-27 13:50:00,109.1392549792756,109.384159446383,109.09007676143952,109.3123681602058,5855.544218277142,0.0015861678821527,109.30439956164938,109.1499955236418,0.2968602459224944,0.0026724242520830277,0.0017365317275469044,1
2025-09-27 14:50:00,109.3123681602058,109.42525487005462,109.25433110704392,109.39719660241596,1475.2603249198378,0.0007760187034449,109.3229589698027,109.17246834898488,0.2888268685677043,0.0015437429703546446,0.0016812610069174762,1
2025-09-27 15:50:00,109.39719660241596,109.43637931654035,109.23413925687338,109.3421331006652,1553.6074980090011,-0.0005033355831856,109.3267937959752,109.18789241731946,0.2544018171769175,0.0009190766554671992,0.0016859383874208952,0
2025-09-27 16:50:00,109.3421331006652,109.39214219776264,108.90703477916156,108.98204499182262,3332.4400918179517,-0.0032932237430476,109.2578440351447,109.16917901500156,0.2740654835551999,0.00695236004951183,0.0017908578576210695,1
2025-09-27 17:50:00,108.98204499182262,109.04364408584006,108.83551712384784,108.88251118187496,2185.2337195317477,-0.0009133046636728,109.18277746449075,109.14311830289914,0.2631732714939626,0.007410675245618004,0.0017982950652034781,1
2025-09-27 18:50:00,108.88251118187496,108.97633536674282,108.79817966107362,108.93823204265551,2042.2486726050656,0.0005117521645645,109.13386838012372,109.12449227924064,0.2580206014138357,0.00629583717345672,0.0017998502000190731,1
2025-09-27 19:50:00,108.93823204265551,109.45627649675318,108.841422307418,109.36481977548466,5912.769852161197,0.003915867963252,109.18005865919592,109.14634023344465,0.2923605049873846,0.004706418351625663,0.0018714621726636843,1
2025-09-27 20:50:00,109.36481977548466,109.37266466977762,109.2501343423592,109.34775168779454,3421.5205879154673,-0.0001560656134683,109.21359726491563,109.16465036565826,0.2866772443485002,0.004686810814494846,0.0018481792091117268,1
2025-09-27 21:50:00,109.34775168779454,109.57376112390132,109.28732351876766,109.47007706115453,2884.6893555987094,0.0011186821079709,109.26489322416342,109.1924164288852,0.2829058367384261,0.005779065944388151,0.001802338805657576,1
2025-09-27 22:50:00,109.47007706115453,109.92199304237626,109.40853372964943,109.83877177290024,2248.9284660817007,0.0033679953613237,109.3796689339108,109.25117600561384,0.3099479266787475,0.0040793039971063205,0.0018636750218481782,1
2025-09-27 23:50:00,109.83877177290024,109.86139916503184,109.458011632388,109.50904658770332,1221.0869742229568,-0.0030019016042773,109.4055444646693,109.27461878580378,0.3181413090711648,0.008746599991796833,0.001941474735707359,1
2025-09-28 00:50:00,109.50904658770332,109.56597493889323,109.43010702203225,109.5414886863098,2162.5199690959566,0.0002962503977284,109.4327333089974,109.29887968584978,0.2970952341747304,0.00862174538239513,0.0019215531592758116,1
2025-09-28 01:50:00,109.5414886863098,109.64887629722274,109.48487218060345,109.60449718392977,3054.1965637360695,0.0005752021300386,109.46708608398389,109.32666309476616,0.2950028117868665,0.006808959455022023,0.001883185548087157,1
2025-09-28 02:50:00,109.60449718392977,109.71176937564708,109.5226764905334,109.56607775564744,1567.4036516611682,-0.0003505278457494,109.4868844183166,109.34842806393718,0.2834478914096802,0.006611711424247879,0.00188161851864016,1
2025-09-28 03:50:00,109.56607775564744,109.58055942627408,109.3632762675354,109.442626902657,3128.734648121833,-0.0011267251280616,109.47803291518468,109.35699159472988,0.2779622109664795,0.005081915281367477,0.0018936321952331006,1
2025-09-28 04:50:00,109.442626902657,109.75514653882564,109.3334868844851,109.73972740753786,789.6519896156143,0.0027146689849204,109.53037181365532,109.3917857595306,0.2958719174900405,0.001002458132535411,0.0019437461883383964,0
2025-09-28 05:50:00,109.73972740753786,109.7399204004001,109.61345863065056,109.6894041121712,4652.1688781479015,-0.0004585695313401,109.5621782733585,109.41884197340704,0.2904591824959358,0.0024188636838557986,0.0019045664162640255,1
2025-09-28 06:50:00,109.6894041121712,109.6995047976057,109.58244283036368,109.62408941356033,4245.324729069407,-0.0005954513030635,109.57456050139886,109.43750083160278,0.2641702216845739,0.0068133761455198005,0.0019020400384495426,1
2025-09-28 07:50:00,109.62408941356033,109.95152428751932,109.5668396978332,109.87953637029824,2995.8345807272212,0.0023302082425902,109.63555567517876,109.4776858805751,0.2767814808055675,0.0060189094305587165,0.0019246956159810476,1
2025-09-28 08:50:00,109.87953637029824,109.98893674761096,109.75731079680511,109.8602439129456,2946.0648161877625,-0.0001755782558786,109.68049332273212,109.51246388351788,0.280600784029612,0.004597701537440546,0.001923106387643982,1
2025-09-28 09:50:00,109.8602439129456,110.13697106675414,109.8026740610895,110.1027118554282,4333.290386955933,0.0022070581117108,109.76493702927137,109.56612279005516,0.2605609851960032,0.0034774673108599607,0.001745846017857254,1
2025-09-28 10:50:00,110.1027118554282,110.32391074592984,110.04190946866608,110.28683751363069,2065.926234420875,0.0016723081121221,109.86931712614324,109.6316423103802,0.2719517673278133,0.0025118806418693573,0.0017586900924413916,1
2025-09-28 11:50:00,110.28683751363069,110.49039597657136,110.24070236617206,110.466878413689,2630.8185983048875,0.0016324785814629,109.9888293836524,109.70757286522644,0.2693271962753586,-6.723706064681867e-05,0.0017474454865249044,0
2025-09-28 12:50:00,110.466878413689,110.58014796724568,110.46075639683104,110.48592751057168,4807.036674174362,0.0001724417052082,110.08824900903625,109.77833237843966,0.2411795003959176,0.001061269138292964,0.0017372331214707388,0
2025-09-28 13:50:00,110.48592751057168,110.50323026214942,110.24817746246478,110.35078976134322,5051.485666767739,-0.0012231218244108,110.14075715949764,109.83037395870362,0.2305841623274034,0.0026413584576403526,0.0017553848071262023,1
2025-09-28 14:50:00,110.35078976134322,110.39874129832792,110.18139093051802,110.29049704365448,2753.947775614763,-0.0005463732322997,110.17070513632902,109.8722033300628,0.2364043373951828,0.002782517344755542,0.0017498400919433573,1
2025-09-28 15:50:00,110.29049704365448,110.32624867904944,109.91881981481237,109.99880506074662,1740.286413647263,-0.0026447607974094,110.13632512121256,109.88371257830676,0.2537918193678793,0.0029029071407826734,0.0017759655078334589,1
2025-09-28 16:50:00,109.99880506074662,110.04455134828706,109.83422949406804,109.84973688973976,6577.517248735103,-0.0013551799124047,110.079007474918,109.88062387934612,0.2553081743039748,0.004926384306228604,0.0017928852167805335,1
2025-09-28 17:50:00,109.84973688973976,110.0290138352181,109.83884668271834,109.95472782828192,2445.628703285764,0.0009557686847037,110.0541515455908,109.88736060197664,0.2533713167154801,0.0025891988832904556,0.0017846400615553729,1
2025-09-28 18:50:00,109.95472782828192,110.38263581105764,109.86643255404584,110.370999569345,1351.8984630928765,0.0037858466778541,110.11752115034164,109.93132778082833,0.2601244311919991,-0.0020256069774877705,0.0018353433197956443,-1
2025-09-28 19:50:00,110.370999569345,110.60838142582276,110.2966013902699,110.54089134798284,2477.479818321749,0.0015392791521389,110.20219518986988,109.98674265056962,0.2733614501779523,0.0010022593529288581,0.0018398319196723904,0
2025-09-28 20:50:00,110.54089134798284,110.57861822876228,110.25896721389176,110.36534852528776,2062.335051906799,-0.0015880351655791,110.23482585695346,110.02116136645309,0.2878320964371314,0.006248951292121108,0.0018375206706017502,1
2025-09-28 21:50:00,110.36534852528776,110.54648390686016,110.34050006675804,110.48559043674248,1375.6989252564726,0.001089489709056,110.28497877291127,110.06338219102484,0.2750677571811337,0.005047281042104723,0.001828826309497056,1
2025-09-28 22:50:00,110.48559043674248,110.63252734364784,110.46989155682428,110.56386488583418,6286.2522437362395,0.0007084584404382,110.34075599549584,110.10888061782568,0.2701398883252587,0.003929270169290344,0.00182834003279834,1
2025-09-28 23:50:00,110.56386488583418,110.62934549178657,110.4192321775981,110.45945094548564,1852.1617799701792,-0.0009443767225064,110.36449498549382,110.14075064761296,0.261269624648389,0.003569265597825,0.0018364934626431003,1
2025-09-29 00:50:00,110.45945094548564,110.71188781946674,110.39272571997404,110.60318281565434,1833.8279484492475,0.0013012184013083,110.41223255152592,110.18278993561673,0.2639239690933134,0.0012676135271707523,0.0017209083118107007,1
2025-09-29 01:50:00,110.60318281565434,110.65741652452392,110.50796922562678,110.64226575318663,2474.859637744207,0.0003533617798092,110.45823919185808,110.22456046448671,0.2567635182717304,-0.0008937674523823436,0.0017027021597700832,0
2025-09-29 02:50:00,110.64226575318663,110.70610349043076,110.52837417848956,110.59738226464016,3640.0292232544584,-0.0004056631364237,110.48606780641452,110.25845335540976,0.2609304998093407,-0.0027942811756592745,0.0017102490181334917,-1
2025-09-29 03:50:00,110.59738226464016,110.6011240044916,110.24258243453298,110.31812137743503,6711.225649318703,-0.0025250225772697,110.45247852061864,110.26387772104842,0.268322554828912,-3.749925896634476e-05,0.001670650519582341,0
2025-09-29 04:50:00,110.31812137743503,110.47878274809612,110.22992458498148,110.39089890959671,4221.913845152441,0.0006597060505835,110.44016259841425,110.27542510182552,0.2705731116363919,-0.0013666864090089437,0.0016701222679563377,-1
2025-09-29 05:50:00,110.39089890959671,110.39778385055172,110.13969613227584,110.2394224867874,3081.6893975352523,-0.001372182166334,110.40001457608888,110.27215213682206,0.2599058869248785,0.0006823865444052224,0.0016885874028524804,0
2025-09-29 06:50:00,110.2394224867874,110.2681921267524,110.1410923948036,110.14743130250504,4174.715885467195,-0.000834467218779,110.34949792137212,110.26081387915688,0.2539614496198631,0.0007591753539943902,0.001596805804820472,0
2025-09-29 07:50:00,110.14743130250504,110.68656928698144,110.08775372471486,110.65168199021744,2436.030446848303,0.0045779613900167,110.4099347351412,110.29634734379874,0.2831506217460661,-0.005224042724621736,0.0016833735737986938,-1
2025-09-29 08:50:00,110.65168199021744,111.16240656686716,110.61000471086108,111.05501621256026,3794.93522599306,0.0036450799037874,110.538951030625,110.36531724095887,0.2857362359599408,-0.009487182278367867,0.0017826440768703455,-1
2025-09-29 09:50:00,111.05501621256026,111.10854036429278,110.94083008350547,111.0432422627796,1909.1525108317835,-0.0001060190721876,110.63980927705596,110.42694678839712,0.2754455391909707,-0.008378980040469108,0.0017849258166371409,-1
2025-09-29 10:50:00,111.0432422627796,111.09963312305464,110.9869508680789,110.99830018193153,3083.4166436552205,-0.0004047259421851,110.71150745803106,110.47888800599117,0.2606620563413427,-0.007326414848314977,0.0017856954798462718,-1
2025-09-29 11:50:00,110.99830018193153,111.04375250396976,110.82383515336409,110.8537100637,2859.429801696823,-0.0013026336258712,110.73994797916484,110.51296273851014,0.2616573070915941,-0.0026571595851933028,0.0017908341175739686,-1
2025-09-29 12:50:00,110.8537100637,110.90281468969862,110.64242836006488,110.7433849063396,6567.378772478467,-0.00099523198003,110.7406353645998,110.53391020831282,0.2686394887208913,-0.0015125414008124727,0.0017560330522159156,-1
2025-09-29 13:50:00,110.7433849063396,110.7815778612616,110.45394685159474,110.5433772971986,3018.271850085524,-0.0018060456550987,110.70118375111956,110.53477085275698,0.2770336098264912,0.0024152009027955668,0.0017902860874588256,1
2025-09-29 14:50:00,110.5433772971986,110.63773083351948,110.28232196759888,110.28834208130088,5330.368218204322,-0.0023071053384957,110.61861541715584,110.51236823717004,0.2796226645713418,0.0012851766325523428,0.001841024624893593,1
2025-09-29 15:50:00,110.28834208130088,110.35607884723149,110.2483870524637,110.31398452963282,2781.7814931881403,0.0002325037066297,110.55768923965124,110.49433335466668,0.2766401285621031,-2.7830600794365168e-05,0.0017992487658368252,0
2025-09-29 16:50:00,110.31398452963282,110.4217269434679,110.16474778095608,110.24002916837868,2352.643369782738,-0.0006704078505502,110.49415722539672,110.47121479227684,0.2823008321742922,-0.0006289287397783783,0.001804034405247018,0
2025-09-29 17:50:00,110.24002916837868,110.3635036556626,110.2197935222013,110.31464838535538,2446.476570110902,0.0006768795104612,110.45825545738847,110.4569814825567,0.2669557295673407,0.00011906255222893236,0.0017665303584152435,0
2025-09-29 18:50:00,110.31464838535538,110.32766725675656,110.18728880624296,110.23105251765568,5202.876614396151,-0.0007577948071563,110.41281486944192,110.4364424857475,0.2592071786672686,0.0015822810091334905,0.0017471823682417573,1
2025-09-29 19:50:00,110.23105251765568,110.32910536073416,109.97764736552664,110.07363287594929,3997.3565882549337,-0.0014280879852907,110.3449784707434,110.40345979394766,0.2658764841623856,0.0026764749187291326,0.0017378706256567817,1
2025-09-29 20:50:00,110.07363287594929,110.1655490813354,109.93984907051906,110.0014170308246,2368.2418964191233,-0.0006560685173901,110.27626618275964,110.36691045184556,0.2729193612243524,0.00021697119590990965,0.001739698060689149,0
2025-09-29 21:50:00,110.0014170308246,110.13256804204728,109.98180320431858,110.1128131522308,1039.036042308244,0.0010126789673534,110.24357557665388,110.34381069733512,0.2409157380430733,-0.0012734093602475571,0.001739520258231031,-1
2025-09-29 22:50:00,110.1128131522308,110.28363384435744,110.01234125541076,110.1850805873409,1003.4368022866788,0.0006563035948432,110.2318765787913,110.32938068733564,0.2208365046816892,-0.0015368909060826663,0.0017417974757161555,-1
2025-09-29 23:50:00,110.1850805873409,110.6608672796326,110.11738399949876,110.55915406545,1083.6671164393426,0.0033949557972376,110.29733207612304,110.35026917625513,0.2476774332064419,-0.005986818744683542,0.0017760400703408312,-1
2025-09-30 00:50:00,110.55915406545,110.66734369545966,110.53495907606744,110.57588095180265,2824.895430582958,0.0001512935450169,110.35304185125896,110.37077933766854,0.2490847449504767,-0.0049665839112907895,0.0017544070761581546,-1
2025-09-30 01:50:00,110.57588095180265,110.81555995677463,110.53448052644367,110.81036176184486,3378.697771501073,0.0021205420931207,110.44450583337616,110.41074137623002,0.2534534649308548,-0.0047881195401756615,0.0017822957422100939,-1
2025-09-30 02:50:00,110.81036176184486,110.87043082762244,110.40191576606657,110.43008208138671,5746.726824474541,-0.0034318061453083,110.44162108297829,110.41249962215336,0.2683198029252947,-0.000267125678272806,0.0017762773221807612,0
2025-09-30 03:50:00,110.43008208138671,110.52977961766004,110.27201641883345,110.31091442516734,2157.881212504462,-0.0010791231336,110.41547975141609,110.40326460424552,0.263329245008134,0.0006138724215063451,0.0017642182613452646,0
2025-09-30 04:50:00,110.31091442516734,110.4069737141074,110.1321914144319,110.17069604576068,7110.242508890215,-0.0012711197267952,110.366523010285,110.38212200801962,0.2575702045620553,0.0005997447936352263,0.0017562560475219058,0
2025-09-30 05:50:00,110.17069604576068,110.42783867964714,110.0874847674532,110.32778272894038,3410.426444337999,0.0014258481503506,110.35877495401608,110.37718207355788,0.2741889272353524,0.0002279146106785035,0.001764306671159531,0
2025-09-30 06:50:00,110.32778272894038,110.43948016401538,110.28697307293292,110.40546901867116,3016.3738774535436,0.000704140768619,110.3681137669471,110.37975361402272,0.2667266364189688,-0.0007409311023929277,0.0017642475002936308,0
2025-09-30 07:50:00,110.40546901867116,110.4321759355546,110.33542281915004,110.36824219355516,2087.520821217849,-0.0003371827994292,110.36813945226872,110.37870712125292,0.2633725637720567,-0.0036100749180966174,0.0017574958878776687,-1
2025-09-30 08:50:00,110.36824219355516,110.43175696713602,109.93616913667486,110.02528416982956,1881.7855665341456,-0.0031073977161305,110.2995683957809,110.34657776203262,0.288744662339738,-0.0007977950960922353,0.001821852099358137,0
2025-09-30 09:50:00,110.02528416982956,110.02732433762492,109.939155814567,109.97259446527956,4709.892532784531,-0.0004788872389428,110.23417360968064,110.3125792805096,0.2699382714719119,-0.0013091270225660256,0.00182019606198524,-1
2025-09-30 10:50:00,109.97259446527956,110.09187454070904,109.90996384372065,110.01573813900023,1953.184382924527,0.0003923129569731,110.19048651554456,110.28559372219055,0.2668104633413445,-0.002309195859766633,0.001822583821239189,-1
2025-09-30 11:50:00,110.01573813900023,110.07611926011788,109.7987785629747,109.8972564494946,3830.2205897638446,-0.001076952184386,110.13184050233455,110.25029033376366,0.275851596156665,-0.005396570061828698,0.0017795183905128722,-1
2025-09-30 12:50:00,109.8972564494946,110.05223371526488,109.85186660353033,110.02669656049062,4341.849108063574,0.0011778284115355,110.1108117139658,110.22996362710246,0.270785490641514,-0.004749881485761942,0.0017891529457464523,-1
2025-09-30 13:50:00,110.02669656049062,110.32541867283553,109.97812789557256,110.27978850343904,3908.269136711109,0.0023002775768086,110.14460707186043,110.23449316131487,0.2567717404364527,-0.006544461458242168,0.001822503923786077,-1
2025-09-30 14:50:00,110.27978850343904,110.46513176431328,110.26588962023672,110.400583370809,2445.4306823415964,0.00109534910258,110.19580233165016,110.24959227126888,0.2615472779139064,-0.010300230025757195,0.0018254813608134105,-1
2025-09-30 15:50:00,110.400583370809,110.41283613978554,110.36533141806444,110.3786312533241,2693.087950578,-0.0001988405931803,110.23236811598495,110.26132308781936,0.2448633701560589,-0.012367278432300455,0.001630094042185964,-1
2025-09-30 16:50:00,110.3786312533241,110.45107220737042,110.22878584494929,110.23677034712529,1971.6719477446852,-0.0012852207405366,110.23324856221303,110.25909102048352,0.2272756059321474,-0.011352615790277465,0.0014944019471974112,-1
2025-09-30 17:50:00,110.23677034712529,110.38107220339236,110.17862131487747,110.35292804258808,3209.5613931373327,0.0010537109813453,110.25718445828804,110.26762165885668,0.2233247266241674,-0.010943411088500166,0.0015114706114011018,-1
2025-09-30 18:50:00,110.35292804258808,110.41937975070036,110.30843962854922,110.32366617280094,3800.008408390348,-0.0002651662289908,110.27048080119064,110.27271661466978,0.211621713943855,-0.008904089622261635,0.0015110435031258644,-1
2025-09-30 19:50:00,110.32366617280094,110.38047147200528,109.96166284284692,109.9698045706578,3364.326046864021,-0.0032074858860189,110.21034555508407,110.24517915612324,0.2172256222984551,-0.00468449658160186,0.0015916823357880563,-1
2025-09-30 20:50:00,109.9698045706578,109.9983392667143,109.8388295995641,109.93750653767272,2964.8010500762284,-0.0002936991032328,110.1557777516018,110.21720891808226,0.2177258063032943,-0.0022445193194661206,0.0015858921392088174,-1
2025-09-30 21:50:00,109.93750653767272,109.98208644339311,109.73346243992904,109.82862637012336,2341.5184138138607,-0.0009903823633843,110.09034747530612,110.18188323190418,0.2285737268075465,-0.00381244848718143,0.0015661256377477928,-1
2025-09-30 22:50:00,109.82862637012336,109.88033886454237,109.7047550128906,109.76169025198048,1555.6102385727472,-0.0006094596678037,110.024616030641,110.14368387009291,0.2057162997497325,-0.005079754695040517,0.0015205902990259878,-1
2025-09-30 23:50:00,109.76169025198048,109.7795124798591,109.27829112843206,109.30418820546215,2095.532976363546,-0.004168139589214,109.88053046560525,110.06736608239922,0.2352200732046674,0.002032715117932682,0.0016760709287886577,1
2025-10-01 00:50:00,109.30418820546215,109.59641390402182,109.28757626263182,109.5040827915584,1577.9071349780154,0.0018287916444748,109.80524093079588,110.0161585105046,0.2442862835190677,-0.0028288266294224096,0.0017153469781545391,-1
2025-10-01 01:50:00,109.5040827915584,109.6506640271303,109.44405761823472,109.55806667795518,3171.9811123332915,0.000492985147408,109.75580608022774,109.97451379845464,0.2392338343585263,-0.001970350807198873,0.0017125931259859082,-1
2025-10-01 02:50:00,109.55806667795518,109.589257566466,109.25410271027756,109.26343196711188,2721.0934800786654,-0.0026893018449236,109.65733125760458,109.9098699956053,0.2488615303909459,-0.004073541615868814,0.001765608059507283,-1
2025-10-01 03:50:00,109.26343196711188,109.29467516804324,108.92143546338256,109.01354798763802,4595.15210455444,-0.0022869863684044,109.52857460361128,109.82838617669918,0.2507150252050668,-0.0006746195748161821,0.0017900775398569052,0
2025-10-01 04:50:00,109.01354798763802,109.02583573987944,108.97909592435472,108.98529464741333,2947.070592748932,-0.0002591727427116,109.41991861237167,109.75174149221864,0.2398220017370777,-0.001341360720583773,0.0017889113186375252,-1
2025-10-01 05:50:00,108.98529464741333,109.16316665353185,108.9201408638635,109.14529058619836,2864.904647284044,0.0014680507063145,109.36499300713704,109.69660959167136,0.2537877923047387,-0.0032364552241145317,0.0018013629406662193,-1
2025-10-01 06:50:00,109.14529058619836,109.43989369094176,109.08793666404638,109.34133436174184,5296.870325181857,0.0017961725557791,109.360261278058,109.66431184349594,0.2630499826243288,-0.00689189069643803,0.001831376451782443,-1
2025-10-01 07:50:00,109.34133436174184,109.49392182259022,109.28776391211372,109.45465139706712,3590.6777313613584,0.0010363604577057,109.37913930185982,109.6452518029115,0.2633147699073004,-0.008765311795831288,0.0017247837815110838,-1
2025-10-01 08:50:00,109.45465139706712,109.8000338006428,109.43382000748296,109.69074968031498,2175.022709231726,0.0021570420282219,109.44146137755088,109.64938797358454,0.2815486035507796,-0.012595140742638566,0.0017778035154443503,-1
2025-10-01 09:50:00,109.69074968031498,109.7793788551889,109.38952640588865,109.40991038966936,3007.729279179756,-0.0025602823525602,109.43515117997455,109.6276172841377,0.2794803049894879,-0.007626492802838003,0.0017690458349437835,-1
2025-10-01 10:50:00,109.40991038966936,109.42445884978616,109.2037080332967,109.2041277905874,2195.022863946547,-0.0018808405778696,109.38894650209714,109.58911823926948,0.2838546727994345,-0.008914375069541292,0.001703206328379747,-1
2025-10-01 11:50:00,109.2041277905874,109.538654258838,109.1609471810451,109.52637248128076,4400.573706594758,0.0029508471631338,109.41643169793387,109.58341407945233,0.2930748923943511,-0.012676562696912197,0.0017939302069206512,-1
2025-10-01 12:50:00,109.52637248128076,109.56013863552144,109.1365535122596,109.19431472612716,1753.9947545256591,-0.0030317607315109,109.37200830357254,109.54804141096822,0.3107892689379282,-0.01172084867461276,0.0018531827768013052,-1
2025-10-01 13:50:00,109.19431472612716,109.42572149920296,109.08916542556668,109.34219885284112,1709.6799539646686,0.0013543207545634,109.36604641342626,109.52932845113848,0.2990274633814453,-0.0149147481631976,0.0018511052344400783,-1
2025-10-01 14:50:00,109.34219885284112,109.3868035007705,108.810209707548,108.8183428299012,2914.7449298900005,-0.0047909775771468,109.25650569672126,109.46469339466236,0.3181529027980525,-0.005822216549471904,0.0020054373732543455,-1
2025-10-01 15:50:00,108.8183428299012,109.0035715284056,108.74816168224623,108.9400053142454,3217.2709830700983,0.0011180328718511,109.1932056202261,109.41699447826082,0.3216388626026055,-0.006721746264497397,0.0020244971875201627,-1
2025-10-01 16:50:00,108.9400053142454,108.99002423903964,108.77645453505372,108.83910605405204,2866.292060131441,-0.0009261910709689,109.1223857069913,109.36445916696913,0.3129542088738525,-0.005790643866524614,0.0019664616217543265,-1
2025-10-01 17:50:00,108.83910605405204,108.86299308555157,108.69825695747816,108.79204674029316,3009.4883698814256,-0.0004323750485007,109.05631791365168,109.31242167363492,0.2980610962604778,-0.005014417429023754,0.001966370399533465,-1
2025-10-01 18:50:00,108.79204674029316,108.87253694192532,108.54804527901184,108.58776583671803,8300.70169053364,-0.0018777190952455,108.96260749826494,109.24654387027884,0.3179005139311052,-0.0020485164453850624,0.0019801708311228267,-1
2025-10-01 19:50:00,108.58776583671803,108.69417927029436,108.3867825807531,108.4952472500678,3381.642975327235,-0.0008520166699935,108.86913544862551,109.17824417753238,0.322498435350599,0.00146925420520172,0.0019781114662733323,1
2025-10-01 20:50:00,108.4952472500678,108.56043082497,108.27052020032372,108.30917924992588,8457.180271765137,-0.0017149875672715,108.7571442088856,109.0992382750227,0.3180665494756626,0.0035373575825663472,0.0019697969945466094,1
2025-10-01 21:50:00,108.30917924992588,108.58837068187415,108.27932801368972,108.5754964955234,5158.766708743107,0.0024588612658857,108.72081466621316,109.0516253859773,0.3254154607405165,0.0012629198643310247,0.0019772279855977803,1
2025-10-01 22:50:00,108.5754964955234,108.6175213165293,108.1315041762302,108.23064123632,4083.5359825694977,-0.0031761794358236,108.62277998023454,108.97699046328118,0.3339728426790356,0.005402797266083725,0.0020110151851026365,1
2025-10-01 23:50:00,108.23064123632,108.3295584939041,108.10927512572653,108.13795455355644,1355.29108241922,-0.0008563811662278,108.52581489489891,108.90071447148802,0.3218607654559875,0.007128907184585698,0.002009951187620024,1
2025-10-02 00:50:00,108.13795455355644,108.22027602087924,107.83172152153476,107.91446468709418,2015.903519559262,-0.0020667106880736,108.403544853338,108.81105540017948,0.3338467428027739,0.012534272191949025,0.0020227663997459794,1
2025-10-02 01:50:00,107.91446468709418,107.96675702166534,107.64252196450391,107.71138749334072,1742.6319006748731,-0.0018818347877858,108.26511338133854,108.71108559046688,0.3300273127576685,0.015001992492166938,0.002008910340201951,1
2025-10-02 02:50:00,107.71138749334072,108.25517346282592,107.66598684291472,108.18477887339084,1187.7946551708503,0.004394998440433,108.249046479749,108.66323952527812,0.3418559910897646,0.010322145276152828,0.0022049082738923105,1
2025-10-02 03:50:00,108.18477887339084,108.27482708020524,108.14857083256418,108.20773824047004,2512.086584154512,0.0002122236355086,108.24078483189322,108.6218303175683,0.3268345749472487,0.009524108302684464,0.0021572747460717593,1
2025-10-02 04:50:00,108.20773824047004,108.22222346720396,108.17168141162288,108.20885755214212,5881.654546284289,1.0344100064285657e-05,108.234399375943,108.5842873388932,0.2892594508300052,0.007562994575936788,0.002158892519113852,1
2025-10-02 05:50:00,108.20885755214212,108.26567296868042,108.13891645607931,108.24651800497946,6783.811847529309,0.0003480348438129,108.2368231017503,108.55358103581013,0.2800699270044161,0.00687245635123257,0.00216190638601009,1
2025-10-02 06:50:00,108.24651800497946,108.38767087193648,108.24387102017218,108.3653220126339,4165.091147018944,0.0010975319099775,108.26252288392703,108.53646657915772,0.2750863661314448,0.006720284609670113,0.0021788650552354944,1
2025-10-02 07:50:00,108.3653220126339,108.7466350448706,108.3416307085167,108.65465434833436,13691.933368372009,0.0026699716323155,108.34094917680852,108.54721092181016,0.2922483810086212,0.004494509377118039,0.002131972887198034,1
2025-10-02 08:50:00,108.65465434833436,108.79177666940647,108.5810131713028,108.69230754640714,2164.1756123845203,0.0003465401302742,108.41122085072824,108.56040152404624,0.284124940665064,0.003696595394707236,0.002102732001256332,1
2025-10-02 09:50:00,108.69230754640714,108.7951070780315,108.63042628427742,108.7126186468272,3790.757154919976,0.0001868678738961,108.47150040994804,108.57423944429904,0.2739309481088371,0.0023064777310184414,0.0021000296677231365,1
2025-10-02 10:50:00,108.7126186468272,108.88003896297025,108.65656036319584,108.81538944889807,8950.542557477263,0.0009453438188695,108.54027821773803,108.59616217198987,0.269185803475131,0.003176599663758939,0.002061211876941142,1
2025-10-02 11:50:00,108.81538944889807,108.9205385333799,108.80031675204764,108.9088599946997,2936.200630944834,0.0008589827806066,108.61399457313038,108.62458924678168,0.2556985972714035,-0.00027778700610225915,0.0020296162676486412,0
2025-10-02 12:50:00,108.9088599946997,109.36547552333406,108.89716640343156,109.26709396093068,2154.956100658274,0.0032893004871084,108.74461445069043,108.68299876624975,0.2544337386716456,-0.0015703643485585062,0.0021118510487522736,-1
2025-10-02 13:50:00,109.26709396093068,109.3512965048578,109.25825183104509,109.3272729198367,3176.013286692268,0.000550750978401,108.86114614451972,108.74156914384857,0.2453452605027268,-0.0014392993025189593,0.0020986265634254466,-1
2025-10-02 14:50:00,109.3272729198367,109.37448915193814,109.19919217902805,109.30147787759044,10096.280173770185,-0.0002359433429313,108.94921249113386,108.79246993782508,0.2301125800431285,-0.0027052536369387425,0.0020748252060065024,-1
2025-10-02 15:50:00,109.30147787759044,109.409251614889,109.14690599618471,109.2383204586608,2978.504705745882,-0.000577827675856,109.00703408463926,108.8330018033556,0.2256919058676172,0.0009234190359528327,0.002068194294314398,0
2025-10-02 16:50:00,109.2383204586608,109.28904199042417,108.97728429422573,109.0272405548773,4456.865610521298,-0.0019322880734272,109.01107537868688,108.85065987167576,0.2058755541738496,0.004771996886625329,0.0020530849989553587,1
2025-10-02 17:50:00,109.0272405548773,109.0527636685706,108.9519231925594,108.9904374751416,4783.988082758436,-0.000337558572962,109.00694779797782,108.86336692653629,0.2040601419145754,0.006685517208002034,0.002007310177422959,1
2025-10-02 18:50:00,108.9904374751416,109.19951836877644,108.96149666016332,109.09356781837734,3652.29644855588,0.0009462329505673,109.02427180205773,108.88429428034,0.2174515457025774,0.007074852216040206,0.0019893572398276037,1
2025-10-02 19:50:00,109.09356781837734,109.24192917010092,109.07434179747774,109.14300371117048,3594.869979587262,0.0004531513065504,109.04801818388027,108.9078133195064,0.2203680357041548,0.006211363656491997,0.001916298165294333,1
2025-10-02 20:50:00,109.14300371117048,109.16620191790888,109.04505632389048,109.09409902992329,1441.5502147950283,-0.0004480789384962,109.0572343530889,108.92474838408975,0.2187498744365896,0.0045551363895275365,0.0018421213277128522,1
2025-10-02 21:50:00,109.09409902992329,109.13534507188145,108.86332590379985,108.9633618808168,2220.188953907398,-0.0011983888245928,109.03845985863448,108.92825870197404,0.2092509338457122,0.006505903243266609,0.0018356325977827953,1
2025-10-02 22:50:00,108.9633618808168,109.2354278925546,108.89216297930564,109.16105237843324,3136.6395109894634,0.0018142841245358,109.06297836259424,108.94942176347033,0.2187153206418009,0.005517650765764159,0.0016543380512945652,1
2025-10-02 23:50:00,109.16105237843324,109.1733885534068,108.77298857577252,108.87860652854376,5280.405046250083,-0.0025874232955386,109.02610399578414,108.94298401484062,0.2355524052046707,0.0071285227301896015,0.0017095144262089512,1
2025-10-03 00:50:00,108.87860652854376,109.17884997684634,108.82112287769446,109.09550481210384,5345.773208168476,0.0019921111270213,109.03998415904807,108.95684954186454,0.2451415837316334,0.005378380396234839,0.0017370231458416728,1
2025-10-03 01:50:00,109.09550481210384,109.21053176515636,109.03501077820414,109.16991825217688,4524.27740655221,0.0006820944657728,109.06597097767386,108.9762194246202,0.249091526990202,0.0033216347981885885,0.0017376946609465138,1
2025-10-03 02:50:00,109.16991825217688,109.23650363382252,109.00128082529626,109.00578965703932,1466.8127445765824,-0.0015034232668237,109.05393471354697,108.9789076275674,0.232442504749041,0.0031040468118996856,0.001725098667570848,1
2025-10-03 03:50:00,109.00578965703932,109.37238806968256,108.95675744962476,109.33919320322784,2264.661227773201,0.0030585856699676,109.11098641148314,109.01166086171834,0.2554843580522593,-0.000731293611017092,0.0017911576933913307,0
2025-10-03 04:50:00,109.33919320322784,109.63453223532856,109.2727739936407,109.54751820736251,1711.4486188324263,0.0019053095055079,109.19829277065902,109.0603751658678,0.2688030201078147,-0.001986852452598109,0.0017777328256555326,-1
2025-10-03 05:50:00,109.54751820736251,109.72774822022232,109.4380108174691,109.71909492038934,2443.756923276841,0.0015662309455704,109.30245320060509,109.12025877991522,0.2707595761113107,-0.0031088280165201265,0.0017504803122040714,-1
2025-10-03 06:50:00,109.71909492038934,109.9304233434666,109.69553173475197,109.8653886884129,1492.332059319856,0.0013333482939292,109.41504029816666,109.18799786250592,0.2652691412910378,-0.0063944269284639255,0.0016370398344448802,-1
2025-10-03 07:50:00,109.8653886884129,109.95686527643218,109.77389864484772,109.82093059778242,2474.997838294441,-0.0004046596581619,109.49621835808982,109.2455372020765,0.2711352952605556,-0.007271088685905092,0.0016271521736421738,-1
2025-10-03 08:50:00,109.82093059778242,109.92240353578124,109.57686621187456,109.5910375302972,1400.872326374374,-0.0020933447406961,109.5151821925313,109.27694632282385,0.2788149820672397,-0.003077842402231523,0.0016285052416220296,-1
2025-10-03 09:50:00,109.5910375302972,109.70355360677203,109.53176834303166,109.67226697027444,2006.7070370353008,0.0007412051369144,109.54659914807992,109.31288456350116,0.2791148314327541,-0.004357931276722349,0.001570609377590487,-1
2025-10-03 10:50:00,109.67226697027444,109.84312964591578,109.60213456246484,109.76336494268072,2651.9591740787973,0.000830638181583,109.5899523070001,109.35383732524475,0.2876755092493641,-0.006832004325389329,0.001408234852242196,-1
2025-10-03 11:50:00,109.76336494268072,109.80600955799116,109.57353867762583,109.65475015001384,4918.6692065606185,-0.0009895359232434,109.60291187560286,109.3811930365874,0.2848506315553426,-0.007526763986072216,0.0014307285044679022,-1
2025-10-03 12:50:00,109.65475015001384,109.78364070875202,109.58543855247711,109.6822619365026,1527.333230001699,0.0002508946165225,109.61878188778282,109.40856293657968,0.2744890060571968,-0.007825226368053051,0.0014291583856630202,-1
2025-10-03 13:50:00,109.6822619365026,109.73622963752725,109.51287865666454,109.53254085155872,3871.969802496352,-0.0013650437390739,109.601533680538,109.41983365612325,0.2618426491449424,-0.003233095513198836,0.001463750525042146,-1
2025-10-03 14:50:00,109.53254085155872,109.62887135208592,109.25638315966891,109.34414873090284,2818.008304531048,-0.0017199648541998,109.55005669061096,109.41295320837592,0.262897012949594,0.0013071620777584947,0.0015028053807572821,1
2025-10-03 15:50:00,109.34414873090284,109.35723344566094,109.20395841227062,109.25923414980456,3195.9494902727183,-0.000776580933537,109.4918921824497,109.3989787485058,0.2613080162666006,-0.0006648331736172075,0.0014486819279089526,0
2025-10-03 16:50:00,109.25923414980456,109.40281611361848,109.21949408967488,109.32986345213618,6224.869053811224,0.0006464378309185,109.459486436387,109.39269553974492,0.2576008173678405,-0.0013168535243219814,0.0014507997476528407,-1
2025-10-03 17:50:00,109.32986345213618,109.40500787815463,109.22980459823336,109.3779971241536,3964.811572883428,0.0004402609725977,109.44318857394032,109.39135932014572,0.2404274359295176,0.00016036480688219612,0.0014515083561114483,0
2025-10-03 18:50:00,109.3779971241536,109.39985747311056,109.07488560337536,109.16286248847756,6120.562161873389,-0.0019668913431634,109.38712335684778,109.37058688090316,0.2377998379328992,0.003130885630653335,0.0014934243199306652,1
2025-10-03 19:50:00,109.16286248847756,109.16966069588426,108.96637843724515,109.02241287183732,4414.472344616787,-0.0012866062087284,109.3141812598457,109.3389346982608,0.2316244704961769,0.00514995420147657,0.0015063910025990433,1
2025-10-03 20:50:00,109.02241287183732,109.30178986472488,109.00563237872689,109.2537335880819,1685.301531721434,0.002121772121449,109.30209172549294,109.33118914278998,0.2360006045878455,0.0031302784700515396,0.0014375613375745761,1
2025-10-03 21:50:00,109.2537335880819,109.36019023846704,109.1150702899254,109.19432276785564,4424.1659276836945,-0.0005437875510071,109.28053793396548,109.31874674506868,0.240440127227643,0.0032766658749501243,0.001436986395443497,1
2025-10-03 22:50:00,109.19432276785564,109.298397315455,108.91210558669329,109.01346115862304,3351.8312736972807,-0.0016563279541291,109.227122578897,109.29099350993724,0.2433511561458599,0.0035192533740762144,0.001464993171266722,1
2025-10-03 23:50:00,109.01346115862304,109.02338510328217,108.77351548997672,108.82940472568296,4540.828994690092,-0.0016883826179251,109.1475790082542,109.24903089318686,0.2489286096862224,0.0007279957692769568,0.001490071873461268,0
2025-10-04 00:50:00,108.82940472568296,108.8888081540506,108.79458975992398,108.82397340828938,1865.9656903443424,-4.990670864435387e-05,109.08285788826124,109.21038930365071,0.2384445604487715,-0.0013663805387839068,0.0014527495015502062,-1
2025-10-04 01:50:00,108.82397340828938,109.230110949141,108.8023344241752,109.17841168518228,4498.283391441669,0.0032569870938556,109.10196864764544,109.20748224742631,0.2523949636345222,-0.0015549017803268006,0.0015650109581110735,-1
2025-10-04 02:50:00,109.17841168518228,109.55469727971771,109.09521053276788,109.48707925554866,3129.442476098356,0.0028271850231385,109.1789907692261,109.2329001572556,0.2710581486827337,-0.0015596617155908543,0.0016333919703377098,-1
2025-10-04 03:50:00,109.48707925554866,109.55052870862676,109.12859574568952,109.18659498641776,2373.3315004875385,-0.0027444724178784,109.18051161266445,109.22869059627035,0.2852425759737725,0.002123284913002399,0.0017080662152476902,1
2025-10-04 04:50:00,109.18659498641776,109.21141881081022,109.0915392896033,109.1858920361356,4824.984468185739,-6.4380639605010614e-06,109.18158769735868,109.22479981807628,0.2671990994587666,0.00489237181228841,0.0017059960435064196,1
2025-10-04 05:50:00,109.1858920361356,109.40621613335192,109.14084322008712,109.39553750553958,3814.802659965479,0.0019200783681339,109.22437765899484,109.24032142602748,0.2752060908783735,0.0007513109463219703,0.0017226858608631818,0
2025-10-04 06:50:00,109.39553750553958,109.60573494624006,109.35806128324488,109.50463892604373,8322.970954853741,0.0009973114351087,109.28042991240464,109.26435028966532,0.2798026365249159,-0.0009018224989728596,0.0017027839558319928,0
2025-10-04 07:50:00,109.50463892604373,109.66632675222476,109.42572598173965,109.58387330506174,3747.2008646464,0.0007235709810571,109.34111859093606,109.29339783651952,0.2844738858509044,-0.0007109909419059646,0.0016334234329552651,0
2025-10-04 08:50:00,109.58387330506174,109.63314195505026,109.53936528478104,109.59572819810542,2508.459064446725,0.0001081810004166,109.39204051236996,109.32088241484551,0.2679599430319054,-0.0023881304833104355,0.0016004808541937431,-1
2025-10-04 09:50:00,109.59572819810542,109.66090156546832,109.5057379732833,109.55211607900736,2873.782920604646,-0.000397936304773,109.42405562569743,109.34190365704204,0.264522895428041,-0.0015397069141517283,0.001600159862237834,-1
2025-10-04 10:50:00,109.55211607900736,109.6588528919381,109.33177921119392,109.39710714962526,3297.9165560831543,-0.0014149332293162,109.418665930483,109.34692215636778,0.2667311950527694,-0.000404243659978043,0.0015973548686409257,0
2025-10-04 11:50:00,109.39710714962526,109.42742167395932,108.80551581454483,108.90863207189618,2116.5391537976193,-0.0044651553451132,109.31665915876565,109.307077603234,0.2936444744008314,0.004381251821096388,0.001700239747554899,1
2025-10-04 12:50:00,108.90863207189618,108.97296307074122,108.56888483328562,108.67527844887115,1190.8147468278844,-0.0021426549813882,109.18838301678676,109.24964131647371,0.2949149393075357,0.007991950795708247,0.001695127192715386,1
2025-10-04 13:50:00,108.67527844887115,109.10185116813392,108.58993289079244,109.00864997847974,3147.216943109234,0.0030675930567358,109.15243640912536,109.22773301301972,0.313632701024397,0.0018916369066954708,0.001766257207293238,1
2025-10-04 14:50:00,109.00864997847974,109.40689936375342,108.96949593964314,109.31631644968192,2052.9564666856313,0.0028224041969415,109.18521241723668,109.23578605271628,0.3381459174518021,-0.005049006421436575,0.0018265821153387615,-1
2025-10-04 15:50:00,109.31631644968192,109.44842465858486,109.20871920304872,109.41842923625452,7629.945349192723,0.0009341037997705,109.23185578104024,109.25238997849247,0.3247122696353963,-0.008595131829052693,0.001835985437575965,-1
2025-10-04 16:50:00,109.41842923625452,109.74173695470316,109.31351817147996,109.72007001663276,2178.609525509763,0.0027567639426346,109.32949862815876,109.29490634559616,0.3224788436549194,-0.01168347696886518,0.0018671679369588754,-1
2025-10-04 17:50:00,109.72007001663276,109.82770691089374,109.47176588203864,109.47772757034627,2238.5639457915036,-0.0022087339741008,109.35914441659628,109.31152645693706,0.317765134077623,-0.007201278168633696,0.0019038153248193874,-1
2025-10-04 18:50:00,109.47772757034627,109.58098575892078,109.32316258503238,109.40588517891833,3389.6218171943433,-0.0006562283765144,109.36849256906068,109.32010452257173,0.3276182521263006,-0.007993662391012624,0.0018996750554466071,-1
2025-10-04 19:50:00,109.40588517891833,109.61127820780142,109.37902943382596,109.50596016376288,776.9728993160627,0.0009147129944693,109.39598608800112,109.33700048995271,0.3252522421770619,-0.01113949634184841,0.0019007425872489393,-1
2025-10-04 20:50:00,109.50596016376288,109.5114172493039,109.28722779082696,109.33399929875492,3897.783846656072,-0.0015703333841445,109.38358873015189,109.33672765438928,0.3235747989971865,-0.012452879801528316,0.0019189098237836965,-1
2025-10-04 21:50:00,109.33399929875492,109.38967722691604,109.29888080839974,109.38343792842056,1781.0393293432574,0.0004521798341112,109.38355856980564,109.3409740429376,0.3128744881422715,-0.01232986638533129,0.001907043722842812,-1
2025-10-04 22:50:00,109.38343792842056,109.38776901531266,109.2525569849766,109.35288406264009,4515.855983454227,-0.0002793280807327,109.37742366837251,109.34205677200144,0.3158341567184735,-0.012418310079193806,0.0018829776483749255,-1
2025-10-04 23:50:00,109.35288406264009,109.46639309072624,109.34122220421332,109.3857882144943,2036.0856153745328,0.0003008988024071,109.37909657759688,109.3460323576826,0.3136918205990398,-0.011978154573153876,0.0018781927724578211,-1
2025-10-05 00:50:00,109.3857882144943,109.55729361122452,109.34253885695988,109.54380592694442,1952.2973980386444,0.0014445908836004,109.4120384474664,109.36401177307005,0.305669040136214,-0.01584155948104271,0.0018917855339177555,-1
2025-10-05 01:50:00,109.54380592694442,109.61352189572358,109.14733477277277,109.21485476392807,2129.7239200881713,-0.0030029188801028,109.37260171075874,109.35045204496622,0.294546273245951,-0.012868776214616462,0.001966085747114159,-1
2025-10-05 02:50:00,109.21485476392807,109.32163487015788,108.72729951530928,108.76437766595969,3977.545797135299,-0.0041246870578377,109.25095690179892,109.29717255596562,0.3081360673454512,-0.008315595643863416,0.0020684726322120115,-1
2025-10-05 03:50:00,108.76437766595969,108.79092172302444,108.43382110511408,108.47796341244104,4616.7744024831845,-0.0026333461346902,109.09635820392737,109.22269899746338,0.2970776631003683,-0.002781679992072905,0.002106489291736177,-1
2025-10-05 04:50:00,108.47796341244104,108.48897093126492,108.35316187050464,108.43815810557116,2362.4242415021263,-0.0003669437148126,108.96471818425611,109.15137709820046,0.2755352085753679,-0.0015303389753142937,0.002065284697406466,-1
2025-10-05 05:50:00,108.43815810557116,108.74974706124452,108.34154234319892,108.68934800084232,2961.983662891482,0.0023164345435173,108.90964414757336,109.10937445298607,0.2875708701831883,-0.0018643026297815446,0.002112706805737724,-1
2025-10-05 06:50:00,108.68934800084232,108.73803463052224,108.5256206032664,108.53133146920815,7989.85870574922,-0.0014538364112085,108.83398161190034,109.05682509082445,0.2721562447569486,-0.003725936806895258,0.002108325667757387,-1
2025-10-05 07:50:00,108.53133146920815,108.5814808358533,108.28064409297968,108.28611892110804,8425.278143069363,-0.0022593710477946,108.72440907374188,108.9867608935775,0.2682202243296996,-0.0030909872532628446,0.002124240844261218,-1
2025-10-05 08:50:00,108.28611892110804,108.34421303423863,107.88230475038483,107.97247614726714,2904.3809929161507,-0.0028964264022557,108.57402248844694,108.89455318936746,0.2827977321843714,-0.0010245573186105084,0.0021786361866414855,0
2025-10-05 09:50:00,107.97247614726714,108.05126533553636,107.9085781426494,108.03475475399496,4412.610386516631,0.0005768007639546,108.46616894155656,108.81638969524268,0.2764004763923355,-0.0006387892646489979,0.002089428164940515,0
2025-10-05 10:50:00,108.03475475399496,108.08047171544676,107.92198300137578,107.99490604029609,6697.486130488248,-0.0003688508738658,108.37191636130446,108.7417093629748,0.2717075660776231,0.0004363987487407961,0.0020086208140937694,0
2025-10-05 11:50:00,107.99490604029609,108.1311755444929,107.89351298220446,108.0755483351548,3531.362508402275,0.0007467231355211,108.31264275607454,108.68114926953662,0.2821980049184915,0.0030270116796176083,0.0019731733858833053,1
2025-10-05 12:50:00,108.0755483351548,108.09874717713932,107.75816852725048,107.80846120957293,2017.1103886555163,-0.0024713002126403,108.21180644677422,108.6018139913581,0.2968670491722623,0.0037532493230503228,0.0020084270444514865,1
2025-10-05 13:50:00,107.80846120957293,107.82448218038836,107.78771483707288,107.80939323865924,2187.4125264206277,8.645231328596736e-06,108.13132380515124,108.52977574111274,0.2905525103724439,0.001937656029463719,0.0019653239158251637,1
2025-10-05 14:50:00,107.80939323865924,107.91863531838922,107.77332278857394,107.85993708083312,2569.9126349814073,0.0004688259589957,108.0770464602876,108.46888131745096,0.2855923514832059,-0.0006287815762430204,0.001954923899416112,0
2025-10-05 15:50:00,107.85993708083312,108.23044644179488,107.81369981822776,108.17621243203584,5078.691850709046,0.0029322782838794,108.09687965463726,108.44227505514048,0.2820608872415125,-0.0027639167400527187,0.0020357784056057736,-1
2025-10-05 16:50:00,108.17621243203584,108.32657789279136,108.151893946694,108.27221096581091,3836.313431059826,0.0008874273892274,108.131945916872,108.42681468338326,0.2520857866164253,-0.0022660666887187597,0.0020467083169030914,-1
2025-10-05 17:50:00,108.27221096581091,108.57154700658404,108.19379988742013,108.4867181635351,1910.1736566124264,0.0019811842374948,108.20290036620464,108.43226045430616,0.2535605367059657,-0.00484364624026834,0.002088725045586324,-1
2025-10-05 18:50:00,108.4867181635351,108.59032762390176,108.08206692863948,108.12695058658568,2018.0485927514471,-0.0033162361535087,108.18771041028084,108.4045050117861,0.2801642248846799,-0.0018428509879929722,0.0021475814014298112,-1
2025-10-05 19:50:00,108.12695058658568,108.20174347533148,107.84963404386538,107.9514079078176,4442.815866349806,-0.0016234868163371,108.1404499097882,108.36331436597078,0.2761574187004285,0.004240152860637059,0.0020278869697359153,1
2025-10-05 20:50:00,107.9514079078176,107.97485740703164,107.79751813195722,107.86185215662196,2063.4218263052203,-0.0008295931746635,108.08473035915496,108.3177268923936,0.2736520792588988,0.005606546778683885,0.0020019718086231493,1
2025-10-05 21:50:00,107.86185215662196,108.07256846688789,107.86070739697892,107.96574331244912,4128.545400698295,0.0009631872042796,108.0609329498138,108.28572838512592,0.2672966740471381,0.0053949510718793725,0.0019230684890596042,1
2025-10-05 22:50:00,107.96574331244912,108.10234215919787,107.95072376463834,108.04203488216244,1343.0110645531304,0.0007066275595632,108.05715333628352,108.26357443031104,0.24513311052612,0.004979773184079939,0.001847177332520154,1
2025-10-05 23:50:00,108.04203488216244,108.48395460973356,107.9418968167899,108.4026942822464,5367.499859239527,0.003338139646086,108.12626152547612,108.2762216895779,0.2736595819587413,-0.000935109333015105,0.001947848164726469,0
2025-10-06 00:50:00,108.4026942822464,108.43090454437062,108.21274886727102,108.21309324362684,4878.303349068977,-0.0017490435996536,108.14362786910624,108.27048273994598,0.2779215078893579,0.001987705349830504,0.001882285532614289,1
2025-10-06 01:50:00,108.21309324362684,108.29874210848162,107.95901414896716,108.01829075950096,1717.1443094891508,-0.0018001748059017,108.1185604471852,108.24755619626916,0.2852118934055018,0.0030841641397698627,0.0018711867755064017,1
2025-10-06 02:50:00,108.01829075950096,108.04442599203556,107.71447231441756,107.79211673958196,6060.464718423134,-0.0020938492761616,108.05327170566456,108.2061526092976,0.284452966814727,0.0032907358020033417,0.0018942169898810296,1
2025-10-06 03:50:00,107.79211673958196,107.94933326763002,107.75084576897676,107.87722238761944,6602.966247144051,0.0007895349920914,108.01806184205554,108.17624986187232,0.2960044064817109,-2.051154674564959e-05,0.0018914082148900036,0
2025-10-06 04:50:00,107.87722238761944,108.07365869745792,107.86101258113068,108.02685891522736,1893.940125582688,0.0013871003006569,108.01982125668992,108.16266886672275,0.3008139483754216,-0.0011310756279635514,0.0019079114799310068,0
2025-10-06 05:50:00,108.02685891522736,108.032895833903,107.862882462411,107.96124687898325,2102.869103142306,-0.00060736780559,108.00810638114858,108.14435777692826,0.2831901446557714,-0.0028648760911920146,0.001902296266514615,-1
2025-10-06 06:50:00,107.96124687898325,107.98899577404666,107.91082585793151,107.92768872886852,2940.383824984074,-0.0003108351476556,107.99202285069258,108.12466059074102,0.2762962853713254,-0.0016487646143480417,0.001902236134072716,-1
2025-10-06 07:50:00,107.92768872886852,108.42005985497704,107.8810157158703,108.40913837886772,4115.641508863809,0.0044608538890207,108.0754459563276,108.15052220784344,0.2878175010815259,-0.007421721330853059,0.0020855647473836114,-1
2025-10-06 08:50:00,108.40913837886772,108.5063570206286,108.36645533361131,108.46658467637356,2826.0932759232073,0.0005299027219005,108.1536737003368,108.179255159528,0.2615061433497406,-0.006414098371575139,0.0020673811395362277,-1
2025-10-06 09:50:00,108.46658467637356,108.63770640079984,108.42448617121684,108.54821321505888,2174.7502975721995,0.0007525685346216,108.23258160328125,108.2127968009399,0.2515854860723771,-0.008001776540272565,0.002015326506742696,-1
2025-10-06 10:50:00,108.54821321505888,108.61568682178871,108.44599782518756,108.58005971022207,2816.7786379433446,0.0002933857151579,108.3020772246694,108.24618433814736,0.2510390376100022,-0.007124026339038858,0.0018840923279227998,-1
2025-10-06 11:50:00,108.58005971022207,108.66152390937032,108.21542517502402,108.30132591109908,2084.3319245601415,-0.0025670809158411,108.30192696195536,108.2511972084157,0.2677702993555257,-0.007361778791676432,0.0018811970515080713,-1
2025-10-06 12:50:00,108.30132591109908,108.4693676616489,108.30063572944462,108.42818898798892,2882.555410340994,0.0011713898774792,108.32717936716207,108.26728737019508,0.268992694901578,-0.005781204585038058,0.001892437711978581,-1
2025-10-06 13:50:00,108.42818898798892,108.43315428618132,108.32792409460691,108.35143689830063,4036.45788251173,-0.0007078610313853,108.3320308733898,108.2749373272956,0.2377907233752014,-0.002774144025614711,0.001847958082793417,-1
2025-10-06 14:50:00,108.35143689830063,108.41022710461692,108.1128900557182,108.14683211731062,4083.744881543632,-0.0018883439559926,108.29499112217395,108.26329139911512,0.2434465356465663,-0.0017473198086774833,0.0018598179274226944,-1
2025-10-06 15:50:00,108.14683211731062,108.15263234334628,107.79565005819012,107.87500965892964,6903.467146892035,-0.0025134574269003,108.2109948295251,108.22799305909828,0.2446789874781144,0.00046673535131924737,0.0018698093031133513,0
2025-10-06 16:50:00,107.87500965892964,107.90969752859426,107.78248177202084,107.9046723679429,2378.538787767419,0.0002749729442161,108.14973033720868,108.19860026899325,0.230197707403503,0.0025976735799597694,0.0018005104550581513,1
2025-10-06 17:50:00,107.9046723679429,107.9514445113074,107.56598384005476,107.65195128402436,2061.802825912936,-0.0023420773018686,108.0501745265718,108.14890490672332,0.2435529340177455,0.004304518355240816,0.0018428407622865291,1
2025-10-06 18:50:00,107.65195128402436,107.83970862402543,107.58861810935365,107.749741374784,1463.1281349440544,0.0009083912515586,107.99008789621423,108.11261731291066,0.2462989624709288,0.003113872060415579,0.0018508516832518322,1
2025-10-06 19:50:00,107.749741374784,107.7695453645503,107.53282541504714,107.60455596410188,2302.3912920752396,-0.0013474316395537,107.91298150979178,108.0664299175644,0.2510637180431538,0.0036999101736887585,0.0018580742131115383,1
2025-10-06 20:50:00,107.60455596410188,107.7984078473133,107.57802450457376,107.77086933223052,2716.7788878755578,0.0015455978293719,107.88455907427954,108.03956077344314,0.2612218199448983,0.005495935430246179,0.0018306171568526122,1
2025-10-06 21:50:00,107.77086933223052,107.81926933845206,107.5951353229357,107.67963466906612,3107.3108540647804,-0.0008465614477243,107.84357419323686,108.00684021849978,0.2387282396884436,0.007959319696948297,0.0018365799644955228,1
2025-10-06 22:50:00,107.67963466906612,107.9101946294125,107.64604492324398,107.80653250495205,4772.92552677252,0.0011784757282646,107.8361658555799,107.98863042635908,0.2476030981992463,0.007416563516403185,0.0018471265463960997,1
2025-10-06 23:50:00,107.80653250495205,107.89355295107406,107.47879541675236,107.50403550689632,2361.7937256490495,-0.0028059245671575,107.7697397858432,107.94457634277154,0.2619986199662958,0.009324342929345253,0.0018303490298614466,1
2025-10-07 00:50:00,107.50403550689632,107.80980558053996,107.43464498066228,107.80134344466418,2830.9443643083955,0.0027655514173585,107.7760605176074,107.93155517021631,0.2766751630574749,0.008855371334379525,0.0018950829107379386,1
2025-10-07 01:50:00,107.80134344466418,108.08197403340932,107.74560476178227,108.05085440696244,2229.7773302281867,0.0023145440893908,107.8310192954784,107.94240055537506,0.2688373442918146,0.009073477416913889,0.001907960477708684,1
2025-10-07 02:50:00,108.05085440696244,108.06875151448172,107.91307286983914,107.95786501530633,3305.382017126568,-0.00086060764782,107.856388439444,107.9438064153688,0.2679049666088358,0.009042526424148711,0.001822915565617683,1
2025-10-07 03:50:00,107.95786501530633,107.99259024421842,107.9101429014849,107.92535873946136,2850.148691321757,-0.000301101506966,107.87018249944748,107.94212935392268,0.2662776202630589,0.006586539904036126,0.0018008873152721607,1
2025-10-07 04:50:00,107.92535873946136,108.19197451898268,107.87961633892844,108.18497348450732,4285.375852540377,0.0024055027296474,107.93314069645945,107.96420609306674,0.267350558202741,0.0036597277779826243,0.001843461385945344,1
2025-10-07 05:50:00,108.18497348450732,108.2513606552978,108.06828519286655,108.11534108430394,3279.6090393766726,-0.0006436420693244,107.96958077402834,107.97794563772466,0.2549286422938195,0.0029476717772880523,0.0018409360134315235,1
2025-10-07 06:50:00,108.11534108430394,108.15505081031706,107.98270894284448,108.08526028396794,4368.520441666877,-0.0002782287882026,107.99271667601629,107.98770151465588,0.2581519359294729,0.005244913277024255,0.0018377462447964135,1
2025-10-07 07:50:00,108.08526028396794,108.15446876070044,107.94959710672704,108.00268315544872,2695.1218614805703,-0.0007639999043557,107.99470997190276,107.98906348200067,0.2452527204095267,0.005833292109979515,0.0017388100854228324,1
2025-10-07 08:50:00,108.00268315544872,108.40101771705176,107.92351955519644,108.36317107134197,5844.38287531562,0.003337768149467,108.0684021917906,108.02307326284988,0.2614246952083486,0.00594680866978603,0.0018153518731671616,1
2025-10-07 09:50:00,108.36317107134197,108.62211573146618,108.32141979998394,108.5366913062478,1283.2213997594868,0.0016012842111421,108.16206001468204,108.06976581224968,0.2659944082068546,0.0012075895980598883,0.0018033750111016993,1
2025-10-07 10:50:00,108.5366913062478,108.66385876760526,108.48328554340507,108.6060865007582,2446.787749460432,0.0006393708309626,108.25086531189729,108.11852223847772,0.2631508283111848,-0.001113991230986433,0.0017577625694079873,0
2025-10-07 11:50:00,108.6060865007582,108.6560619489347,108.43847142272372,108.50644000025112,2559.469937331473,-0.0009175038316695,108.30198024956806,108.15378748954804,0.2626834362179449,0.0005634395227311906,0.001766323080493905,0
2025-10-07 12:50:00,108.50644000025112,108.79558854091454,108.40156015598356,108.75596437121166,1653.1477726772284,0.0022996272936421,108.3927770738968,108.20853084242654,0.2719604847009772,-0.0027025967721031607,0.0017935417564090182,-1
2025-10-07 13:50:00,108.75596437121166,109.1330485229128,108.68795038198462,109.03125139430227,2276.2342875403133,0.0025312360998519,108.5204719379779,108.2833236198698,0.2741276708871548,-0.0067868699322297665,0.0018326919053394744,-1
2025-10-07 14:50:00,109.03125139430227,109.10175593736344,108.92118106392148,108.93407686240192,1353.2276252485156,-0.0008912539355248,108.6031929228627,108.34248300555451,0.2602286904274616,-0.0028626534330367104,0.0018418822917692452,-1
2025-10-07 15:50:00,108.93407686240192,109.01995574617364,108.59220362557942,108.63621342145623,3155.9062265224266,-0.0027343458495721,108.60979702258142,108.36918577063648,0.2667560367822596,-0.00019183361275765254,0.0017535782443398537,0
2025-10-07 16:50:00,108.63621342145623,108.6990437016815,108.57610592760726,108.5809010371289,6798.684090637491,-0.0005091523589169,108.60401782549091,108.38843261304488,0.2644174031702359,0.001251608044462893,0.0017543477811504686,1
2025-10-07 17:50:00,108.5809010371289,108.63248190230756,108.40991460369877,108.43402962391002,2859.189943671062,-0.0013526450030899,108.57002018517474,108.3925777958508,0.2744259714470424,0.003048858529833609,0.001765982216997641,1
2025-10-07 18:50:00,108.43402962391002,108.73259570066509,108.41116324963224,108.65215810068194,1149.2427828327989,0.0020116238189107,108.5864477682762,108.4161760053809,0.2750741336597987,0.002540436846781402,0.0018019310060529506,1
2025-10-07 19:50:00,108.65215810068194,108.71677313197942,108.58299823669924,108.63269435495602,2736.2513069124284,-0.0001791381419952,108.59569708561216,108.43585949170593,0.2715526645775818,0.0011230325168554156,0.0017396053179803569,0
2025-10-07 20:50:00,108.63269435495602,109.08662689793957,108.6142804365,109.00758611655452,1293.002443274644,0.0034510030688694,108.67807489180063,108.48783463941942,0.2929815641466504,-0.000682814621299932,0.0018293832121871972,0
2025-10-07 21:50:00,109.00758611655452,109.09427996864494,108.59122111641352,108.66775908567708,3941.0614698150766,-0.0031174622150982,108.67601173057594,108.50419140726102,0.31428064973651,0.003857004980964529,0.0019142291615663683,1
2025-10-07 22:50:00,108.66775908567708,108.7232191165822,108.46517729946662,108.4851002727646,2964.130395352309,-0.0016808924233771,108.63782943901369,108.50245584957952,0.2986051965408153,0.006007793758978863,0.001907642932388035,1
2025-10-07 23:50:00,108.4851002727646,108.63417352572657,108.41532526502426,108.56757681701812,1429.2751764631334,0.0007602568836286,108.62377891461456,108.50837593752848,0.2927589343422485,0.004092247129015902,0.0018499102393388879,1
2025-10-08 00:50:00,108.56757681701812,108.59917777781884,108.4072983351061,108.46204085295506,4462.67504001994,-0.0009720762603087,108.59143130228269,108.50416365711273,0.2935665213788598,0.003802527311964621,0.0018614155039734027,1
2025-10-08 01:50:00,108.46204085295506,108.56337522855554,108.24302117983922,108.2912704725409,1152.816861675527,-0.0015744713917532,108.53139913633431,108.48480973124256,0.3009067729863832,0.006735997801446736,0.00183282216902692,1
2025-10-08 02:50:00,108.2912704725409,108.6358285509153,108.19966275634188,108.62223635329708,4508.218343852101,0.003056256328991,108.54956657972689,108.49730306052024,0.3039165879608449,0.004637422110378209,0.0018982655952303285,1
2025-10-08 03:50:00,108.62223635329708,108.67401792426962,108.6086309118754,108.61537334415928,3263.414094402398,-6.31823590474534e-05,108.56272793261336,108.50803672266925,0.2767943644941338,0.007766983264688276,0.0018767746022851331,1
2025-10-08 04:50:00,108.61537334415928,108.7702413912236,108.5568827530464,108.716801766342,1032.832108567591,0.0009338311793243,108.5935426993591,108.52701536300312,0.2791360619752215,0.0067224188856971345,0.001866702124050563,1
2025-10-08 05:50:00,108.716801766342,108.76567367891076,108.71483146088045,108.76462964005312,4173.251254274241,0.0004399308380496,108.62776008749792,108.54861666091676,0.2522139260778004,0.005388986242803595,0.0018555925392644433,1
2025-10-08 06:50:00,108.76462964005312,109.0095901004433,108.69573273544955,108.92818204660324,3604.8074383138705,0.0015037278855394,108.68784447931898,108.58312260507006,0.265851039714907,0.0007760676514563247,0.0018613565871111644,0
2025-10-08 07:50:00,108.92818204660324,109.01042259510577,108.70833028376876,108.75469240311024,2132.957970988234,-0.0015926975024587,108.70121406407723,108.59871985943734,0.2715313977669211,0.003307053538831317,0.001807087568483307,1
2025-10-08 08:50:00,108.75469240311024,109.03119632154042,108.70072046447817,108.93315414292152,2580.336910214169,0.0016409566876414,108.74760207984608,108.62912297611771,0.2721773553404501,0.0009717735521286297,0.0017694007225466778,0
2025-10-08 09:50:00,108.93315414292152,109.16473519467644,108.87527376365308,109.0868911737408,2513.868320247624,0.0014112969740835,108.81545989862504,108.67073826681072,0.2832978221792491,0.001960146479670355,0.0017437051971213081,1
2025-10-08 10:50:00,109.0868911737408,109.19722501962497,109.03770427597355,109.1368563811255,2299.5239802616043,0.0004580312707338,108.87973919512514,108.71311264083931,0.2609531280515246,9.284180422386434e-05,0.001730933810860646,0
2025-10-08 11:50:00,109.1368563811255,109.16811056963256,108.933805834802,109.01186217155178,5217.382625409642,-0.0011452978738659,108.90616379041047,108.74027168908592,0.2417564053800335,-0.003733604984218597,0.0017473896985291284,-1
2025-10-08 12:50:00,109.01186217155178,109.03280175473456,108.85879969825424,108.87447072560984,3030.58515876075,-0.0012603348223307,108.89982517745035,108.75247160149718,0.2357535653346575,0.003787911668244437,0.0017259195743681028,1
2025-10-08 13:50:00,108.87447072560984,109.08644604483035,108.865140162875,109.02072023235982,2405.535873407097,0.0013432855817829,108.92400418843224,108.77685784066652,0.2359291097098759,0.0061964173284423385,0.0017303250084154081,1
2025-10-08 14:50:00,109.02072023235982,109.17759873531084,108.99604647462216,109.1259635138406,1968.2873910509384,0.0009653511851368,108.96439605351392,108.80859472004596,0.2351914538510158,0.001485385341601031,0.001731762793887654,1
2025-10-08 15:50:00,109.1259635138406,109.51713421786904,109.09168635482628,109.45898713121125,2801.557551289038,0.0030517358715316,109.0633142690534,108.86772130287918,0.2426981548743317,-0.00329657562429464,0.0017865698522634,-1
2025-10-08 16:50:00,109.45898713121125,109.4700210207932,109.4425818280324,109.44764164772864,3187.126622568635,-0.0001036505432761,109.14017974478844,108.92044133422912,0.2135033976020019,-0.0027868838660252138,0.0017070899324976544,-1
2025-10-08 17:50:00,109.44764164772864,109.55497840210032,109.25614915207514,109.350760732887,1577.5871022964654,-0.000885180469703,109.18229594240816,108.95956127956164,0.230177843147071,-0.004384930725121361,0.0017031265199483126,-1
2025-10-08 18:50:00,109.350760732887,109.4593465088281,108.96093304739654,109.01271768502156,1522.4161081247423,-0.0030913643910642,109.14838029093086,108.964393680058,0.2505389019509546,-0.002636010764620722,0.0017995130332419717,-1
2025-10-08 19:50:00,109.01271768502156,109.17013783668696,109.00531337057524,109.11434999348646,3264.842997379611,0.0009322977229,109.14157423144198,108.97802607218786,0.258680491099625,-0.005464320316322602,0.0017948691617959477,-1
2025-10-08 20:50:00,109.11434999348646,109.15885079825188,109.01776192322257,109.03901250106756,4374.1651638308185,-0.0006904453211094,109.1210618853671,108.9835702929951,0.2463398846735966,-0.00593170322437131,0.0017582134307866258,-1
2025-10-08 21:50:00,109.03901250106756,109.38602800653592,108.94552296201375,109.3007174594532,4884.112509524091,0.0024001038929353,109.15699300018431,109.0124018535822,0.2562265084725368,-0.009043611555635822,0.0017524660019479809,-1
2025-10-08 22:50:00,109.3007174594532,109.36092252893552,109.13109828605096,109.14698884377924,4359.978045996697,-0.0014064739852325,109.15499216890332,109.02463703450918,0.2490371074598444,-0.008031436681216642,0.0017639930086770909,-1
2025-10-08 23:50:00,109.14698884377924,109.18155022448909,108.5223754842017,108.60485493960913,2985.9378619560775,-0.004967007426527,109.04496472304449,108.9864750258819,0.2754452009787006,-0.002537041776975224,0.0019158065586414906,-1
2025-10-09 00:50:00,108.60485493960913,109.290828115108,108.60203725334657,109.28687760364532,2319.6701118734413,0.0062798542884243,109.09334729916466,109.01378435113313,0.3132502094151336,-0.011208670198015525,0.002211517568862317,-1
2025-10-09 01:50:00,109.28687760364532,109.70066393619145,109.2447787417236,109.69625811236688,4768.9509279170825,0.0037459255648812,109.21392946180512,109.0758274203362,0.3290773851035108,-0.014133185974589013,0.002278337909010435,-1
2025-10-09 02:50:00,109.69625811236688,109.70230973825556,109.22624440557703,109.28805762043216,4404.836089333738,-0.0037211888441679,109.22875509353052,109.09512107489036,0.350653333403382,-0.009557611136139177,0.0023682400775319936,-1
2025-10-09 03:50:00,109.28805762043216,109.30581527823789,109.0961553289504,109.09814730237451,2867.0102041270616,-0.0017377042120853,109.20263353529931,109.09539618647985,0.3498214810699614,-0.005495179424578001,0.0023918812144103053,-1
2025-10-09 04:50:00,109.09814730237451,109.19235289454706,109.07411846958428,109.14262378104608,2731.277140443176,0.0004076740052081,109.19063158444868,109.09968960416766,0.3452987785181096,-0.005202983478351464,0.0023151078709442038,-1
2025-10-09 05:50:00,109.14262378104608,109.15874441765392,108.80731240402588,108.87126522233396,5580.677225594234,-0.0024862748329792,109.12675831202574,109.07892375127368,0.3400119321313448,-0.0026117768136684205,0.0022898787419091695,-1
2025-10-09 06:50:00,108.87126522233396,108.9732026216334,108.66965293247767,108.72535898772328,3117.7905760383,-0.0013401721226689,109.04647844716526,109.04678150004185,0.3597341104452657,-0.00047342668051819636,0.0022822975456125143,0
2025-10-09 07:50:00,108.72535898772328,108.80809453214688,108.46684398606922,108.51811423401472,2503.6220330194087,-0.0019061307834538,108.94080560453516,108.99872083949391,0.3627642030204409,0.0018292307195209023,0.0023049080777098807,1
2025-10-09 08:50:00,108.51811423401472,108.58990652359478,108.38751184691507,108.39222543903271,1775.4381774481312,-0.001160071715866,108.83108957143467,108.94358489399744,0.3416200041095923,0.003802423075909278,0.002307672903102333,1
2025-10-09 09:50:00,108.39222543903271,108.42384571151312,108.29139877965976,108.3122442279976,6478.710977050812,-0.0007378869721619,108.72732050274726,108.88619028799744,0.3393073230911371,0.0019056330054418869,0.0022941649695312916,1
2025-10-09 10:50:00,108.3122442279976,108.34099713646718,108.23849421489165,108.27038171393497,4674.247978085352,-0.0003864984458685,108.6359327449848,108.8302076903554,0.3365511835587235,-0.0008188985665412707,0.0022263559133790982,0
2025-10-09 11:50:00,108.27038171393497,108.42829455386315,108.1839317089825,108.329319885445,2885.9967357828514,0.0005443609838355,108.57461017307686,108.78467243536356,0.3225410264414726,-0.002342939006428013,0.0022292596725905626,-1
2025-10-09 12:50:00,108.329319885445,108.34976991209768,108.030800022322,108.06191703561517,3106.97113814558,-0.0024684254467083,108.47207154558453,108.7189673990228,0.3289085726479805,-0.003964216085128314,0.0022602636772539185,-1
2025-10-09 13:50:00,108.06191703561517,108.2022191768298,107.96495610711192,108.14590049574828,3166.557525364063,0.0007771790695276,108.40683733561728,108.666870407816,0.2987720247501611,-0.004326144879657101,0.002264060977393915,-1
2025-10-09 14:50:00,108.14590049574828,108.26919603420784,108.0808103115828,108.2435248638721,4474.037898778516,0.0009027098362148,108.37417484126826,108.62838444927564,0.2630288005261312,-0.0034363840229139075,0.0022521404753262962,-1
2025-10-09 15:50:00,108.2435248638721,108.5946991654766,108.2299127963848,108.49863340805892,2789.115420885941,0.002356801891916,108.3990665546264,108.61658890007412,0.2565217415707,-0.008307701157430514,0.0022810826032423916,-1
2025-10-09 16:50:00,108.49863340805892,108.63921849851786,108.44604261142608,108.57475651272937,1348.23661360078,0.0007016042716792,108.434204546247,108.61278595577004,0.2363153526002201,-0.01049110500712902,0.002264321828118838,-1
2025-10-09 17:50:00,108.57475651272937,108.59041805921306,108.49189465427312,108.58691777615152,4065.3369921874746,0.0001120082034973,108.4647471922279,108.61043430307744,0.2283770280039679,-0.011047585418571093,0.002247928343473986,-1
2025-10-09 18:50:00,108.58691777615152,108.71525636465272,108.5414326561112,108.67388550192958,2137.362361892692,0.000800904266915,108.50657485416824,108.6162025938822,0.2323476911167361,-0.011127572292609411,0.00225169023666543,-1
2025-10-09 19:50:00,108.67388550192958,108.78692977175594,108.6503675241564,108.71661890219606,5208.499025895095,0.0003932260272936,108.5485836637738,108.62533134918344,0.216999850686129,-0.00786016365970843,0.002245738082860896,-1
2025-10-09 20:50:00,108.71661890219606,108.82804652510414,108.62773858505057,108.80437853829125,6263.754211595512,0.0008072329417649,108.5997426386773,108.64160836637508,0.2096254400359762,-0.00759247087223347,0.0022404885992550797,-1
2025-10-09 21:50:00,108.80437853829125,108.83298478675002,108.45823105215808,108.51864761549194,4301.9269925553945,-0.0026260976500934,108.58352363404023,108.63043011629478,0.2120185249298539,-0.004039593051309187,0.0022723626342639855,-1
2025-10-09 22:50:00,108.51864761549194,108.52926974953463,108.13177199617,108.18171925355055,3797.87234043432,-0.0031047969113585,108.5031627579423,108.58963821968166,0.2259544589787805,-0.003683721212170199,0.0023217691690975892,-1
2025-10-09 23:50:00,108.18171925355055,108.24019539871291,107.9767891604412,108.07551089634558,5536.428761181814,-0.0009817588215256,108.41763238562297,108.54289937210564,0.2353086951515227,-0.0028702214078409893,0.0022438580750293647,-1
2025-10-10 00:50:00,108.07551089634558,108.0960530518244,107.56904410275688,107.63353624591278,2303.523852247422,-0.0040894985993329,108.26081315768091,108.4602299969972,0.2656305542580912,0.0013386841899418744,0.0023359050595196515,1
2025-10-10 01:50:00,107.63353624591278,107.70767113275296,107.58702067220428,107.67804566206269,2129.0256549893843,0.0004135273977081,108.14425965855727,108.38912233018496,0.2567939553772354,0.003863148655163906,0.0023406245720805838,1
2025-10-10 02:50:00,107.67804566206269,107.9621365418013,107.59402730416129,107.871558544446,4289.35792558924,0.0017971433377481,108.08971943573503,108.34207107693597,0.2603039087961168,0.0023900544132560153,0.0023240906343786286,1
2025-10-10 03:50:00,107.871558544446,107.94441060217842,107.54529148206286,107.59725918571516,2298.3734244146735,-0.0025428329990968,107.99122738573108,108.2743609050068,0.2718650552530925,0.004088744139922218,0.0023444903327691736,1
2025-10-10 04:50:00,107.59725918571516,107.6765118401557,107.4217884629212,107.43568734103086,1443.8360038893284,-0.0015016353195895,107.88011937679104,108.19811785373626,0.2766034591537689,0.006112740224355928,0.002351718192380687,1
2025-10-10 05:50:00,107.43568734103086,107.45950703118328,107.3133009861406,107.38729452668014,3042.7606729074055,-0.0004504351910283,107.78155440676886,108.1244066421857,0.2609905788645465,0.005288943840172866,0.002293139537477211,1
2025-10-10 06:50:00,107.38729452668014,107.55621587882672,107.2923290321408,107.4646089846881,2909.3072557161368,0.0007199590822055,107.71816532235272,108.06442503695864,0.2660413616926981,0.003664216735812742,0.0022983005253576386,1
2025-10-10 07:50:00,107.4646089846881,107.94210924124054,107.4177433761346,107.86208848509465,4653.68621031764,0.003698701406555,107.74694995490113,108.046030804971,0.2964586802759835,0.001119763153685449,0.0022631492294847293,0
2025-10-10 08:50:00,107.86208848509465,108.01327735840157,107.77920201676672,107.9782844634678,2755.099032980367,0.0010772643104273,107.79321685661444,108.03987204665252,0.3007623683540775,0.00201138185438543,0.0019464593357874588,1
2025-10-10 09:50:00,107.9782844634678,108.09912272605416,107.88835612371042,108.08027644064693,1937.2015272327455,0.0009445600815563,107.85062877342096,108.04354517337929,0.3060626794072344,0.00019787971018381256,0.0018136257417802075,0
2025-10-10 10:50:00,108.08027644064693,108.13240812040496,107.72870346741423,107.7832079595672,2958.0041481231015,-0.0027485910553057,107.8371446106502,108.01987815394182,0.3205910160456012,0.005180636952786033,0.0017647367462314348,1
2025-10-10 11:50:00,107.7832079595672,107.81552005011176,107.7514643553372,107.76531025130754,1332.3883575003867,-0.0001660528443945,107.82277773878168,107.9967356173387,0.2983982989157892,0.006146299626532015,0.0017490168356582385,1
2025-10-10 12:50:00,107.76531025130754,107.77951690384502,107.70435158914349,107.77762355919272,1802.884316977928,0.0001142604039878,107.81374690286388,107.97681633932542,0.2753745532969956,0.003675716499679016,0.001745505934492944,1
2025-10-10 13:50:00,107.77762355919272,108.17651459072133,107.69703325031108,108.09402195935276,1900.66825466221,0.0029356594598344,107.86980191416168,107.98747139569154,0.2908084891640336,-0.0016072475186588164,0.0017979950787065076,-1
2025-10-10 14:50:00,108.09402195935276,108.19943321942046,108.07525470103492,108.12937743900996,4128.082715466411,0.0003270808044362,107.92171701913134,108.00037194508413,0.2620348869724651,0.0028094850748900946,0.0017886894544688699,1
2025-10-10 15:50:00,108.12937743900996,108.19397707271256,108.03699666517085,108.03719684868244,2844.85679281349,-0.0008525027380236,107.94481298504157,108.00371966359306,0.2646298831862544,0.006693140451605073,0.0017652479229001326,1
2025-10-10 16:50:00,108.03719684868244,108.10104941180995,108.01951759111677,108.0924137885717,5317.95449814532,0.0005110919340736,107.9743331457476,108.01178276586384,0.2441600676900535,0.006342179325516506,0.0017587212141907743,1
2025-10-10 17:50:00,108.0924137885717,108.12508406655228,107.8580458305814,107.95525989657985,1821.3547163302196,-0.0012688577041136,107.97051849591404,108.00664432320166,0.234725718822578,0.010107562593425712,0.0017675616454906635,1
2025-10-10 18:50:00,107.95525989657985,107.9725499123072,107.81320852618204,107.85838260343736,1919.250518760628,-0.0008973837239175,107.94809131741872,107.99316598504126,0.2279127194576235,0.013201180882268293,0.0017725177953566834,1
2025-10-10 19:50:00,107.85838260343736,107.98934240036068,107.78069362496242,107.98286847745982,4373.737910734665,0.0011541604001255,107.95504674942694,107.9922298479884,0.2323729144830214,0.013132375110779693,0.0017831105122167999,1
2025-10-10 20:50:00,107.98286847745982,108.2636617555422,107.94499836424104,108.19547002550529,2031.514894006691,0.0019688451607473,108.00313140464262,108.01070622776264,0.2362855248126812,0.011394558110507047,0.0017653159282389889,1
2025-10-10 21:50:00,108.19547002550529,108.23558527567776,107.99606936990725,108.1016633344256,2377.7270473970048,-0.0008670112626485,108.02283779059924,108.0189750556411,0.2159390991458646,0.011836686807311425,0.0017670977097415791,1
2025-10-10 22:50:00,108.1016633344256,108.41301897241516,108.0832607389564,108.34159362961236,5331.3375707665355,0.0022194875433552,108.08658895840186,108.04830401691122,0.2227735914190022,0.00835488127436701,0.001804013495382873,1
2025-10-10 23:50:00,108.34159362961236,108.4334116711526,108.29265103073698,108.42766813745826,1691.038787400445,0.0007944733408682,108.15480479421316,108.08279166423368,0.2177731655669938,0.009723179215754385,0.0017596018277256798,1
2025-10-11 00:50:00,108.42766813745826,108.44461381981732,108.10844098388476,108.17378354840544,1009.5445855092994,-0.0023415111051815,108.1586005450516,108.09106365370384,0.2129494643485543,0.01183655606339129,0.0018011455274431984,1
2025-10-11 01:50:00,108.17378354840544,108.20527492644776,107.9051453105529,107.92028811077674,2319.653060122873,-0.0023434091820896,108.11093805819664,108.07553860434682,0.2298118872857182,0.01635119835217136,0.0018430203716797038,1
2025-10-11 02:50:00,107.92028811077674,108.48068976485396,107.88550854563346,108.43316531108202,3236.0240323312432,0.0047523705624175,108.17538350877372,108.10805012314091,0.2669558804656426,0.015164531573695905,0.002034078742192645,1
2025-10-11 03:50:00,108.43316531108202,108.84669667905284,108.43167269394137,108.76030498118838,2863.015750018362,0.0030169705843026,108.29236780325664,108.16734601932706,0.2623517836585876,0.008998598878668718,0.0021048886017002227,1
2025-10-11 04:50:00,108.76030498118838,108.79595332926895,108.738177800879,108.77795526054676,2819.5411790067305,0.0001622860414141,108.38948529471467,108.22285595034704,0.2576087129446185,0.008646516133723692,0.0021001375675191816,1
2025-10-11 05:50:00,108.77795526054676,109.07323914698536,108.70750483757335,109.04642444327406,1574.6294198769149,0.0024680477040064,108.52087312442656,108.2977258133404,0.2725197059353539,0.006233435704598778,0.0020881184900816657,1
2025-10-11 06:50:00,109.04642444327406,109.31584291961222,108.95855786314124,109.28224062185424,3684.695895720763,0.0021625301314014,108.6731466239121,108.38722715956892,0.2922163656337661,0.002207064485335364,0.0020297590679161405,1
2025-10-11 07:50:00,109.28224062185424,109.43131519376976,109.21115411277611,109.4009400118438,1421.612431436951,0.0010861727332285,108.81870530149844,108.47938287341208,0.2888679974211042,0.0001077442006622853,0.002019926898634132,0
2025-10-11 08:50:00,109.4009400118438,109.47824535573932,109.34704409098504,109.42830959600454,3028.509660547795,0.0002501768646392,108.94062616039967,108.56564893910232,0.2868579887517575,0.0026451410431236333,0.0018483595607722745,1
2025-10-11 09:50:00,109.42830959600454,109.43705693365152,109.29113263767977,109.3812288666646,2817.5954465469927,-0.0004302426813843,109.02874670165266,108.63979256888072,0.2823776687927233,0.001777015039050145,0.001855909518538916,1
2025-10-11 10:50:00,109.3812288666646,109.47599492045902,109.24277944481396,109.2467747814635,2659.9084252154203,-0.0012292244893774,109.07235231761484,108.6949727700246,0.2762742462458588,0.005205572013492699,0.001864357408706357,1
2025-10-11 11:50:00,109.2467747814635,109.56762337981188,109.17298547420096,109.4819297867051,3132.487118187654,0.0021525121058447,109.1542678114329,108.76651431699554,0.2873543890916029,0.0028445889939450186,0.0018094283081447162,1
2025-10-11 12:50:00,109.4819297867051,109.54213899348947,109.3781465300576,109.4541886019653,3626.0767150927577,-0.0002533859678381,109.2142519695394,108.8290301610837,0.2755139769468258,0.004995753178719697,0.0017770630627275499,1
2025-10-11 13:50:00,109.4541886019653,109.77209282168393,109.34781303376204,109.68491414789952,1940.8041360333043,0.0021079645181352,109.30838440521144,108.90683779624877,0.2957653446258429,4.8519009945069413e-05,0.0017865773027262882,0
2025-10-11 14:50:00,109.68491414789952,110.1495164073243,109.58653207449213,110.0775034700777,4369.837207098857,0.0035792462913251,109.46220821818468,109.01326194841504,0.3119661658329593,-0.00554192613208182,0.0018595136047885737,-1
2025-10-11 15:50:00,110.0775034700777,110.11352583748682,109.6924394183883,109.73899533963578,3253.1815100497806,-0.0030751799393228,109.5175656424749,109.07923771125328,0.3206059374903631,-0.0033397322158873477,0.0018984801658346734,-1
2025-10-11 16:50:00,109.73899533963578,109.84387769681292,109.6244239384756,109.71850560570056,2915.065382895677,-0.0001867133362375,109.55775363512004,109.13735297438484,0.2937682617129939,-0.002085427497472425,0.0019001110413365615,-1
2025-10-11 17:50:00,109.71850560570056,109.82713072713229,109.6241895616476,109.7261583188576,2429.1731367313764,6.974860908637304e-05,109.59143457186757,109.19088073297328,0.2786194888825081,0.0010532339619051534,0.0018998239591366782,0
2025-10-11 18:50:00,109.7261583188576,109.80163961266337,109.47817596699922,109.5234335740086,3743.677138162392,-0.0018475516499891,109.57783437229575,109.22111280943103,0.2975972115449486,0.005598163121816047,0.0018567064027511003,1
2025-10-11 19:50:00,109.5234335740086,109.5333933251258,109.3585010144968,109.41272732867708,4250.74023996062,-0.0010107996226828,109.54481296357204,109.23853231118068,0.2839656402033026,0.0028911717527901892,0.0018724541244304756,1
2025-10-11 20:50:00,109.41272732867708,109.7649866076626,109.4110566103472,109.71776290899658,9881.392269000433,0.0027879350763568,109.57940295265696,109.28209872916392,0.2837259931207622,-0.003241699776471596,0.0019149653716013662,-1
2025-10-11 21:50:00,109.71776290899658,109.77776552133602,109.4948847944626,109.57560095535044,2623.8667274922327,-0.0012957059082954,109.57864255319564,109.30878074972634,0.2882059678264608,0.0004346555589140877,0.0018915409028191017,0
2025-10-11 22:50:00,109.57560095535044,109.91613367209582,109.53916968009447,109.81546673483022,5811.250826100118,0.0021890437048803,109.62600738952256,109.35484311200852,0.3057604483441066,-0.0010173513294164938,0.001916829733765163,0
