timestamp,open,high,low,close,volume,ret_1,ema9,ema21,atr
2025-04-24 22:50:00,100.13361585735205,100.18714276709319,100.12241763018439,100.13361585735205,2745.9796945078906,0.0,100.13361585735205,100.13361585735205,0.0
2025-04-25 02:50:00,100.13361585735205,100.35032843409267,100.04778326980689,100.2917942961929,1041.8315312928532,0.0015796736938591405,100.16525154512023,100.1479957154285,0.0
2025-04-25 06:50:00,100.2917942961929,100.32989473203442,100.15069882574944,100.15510166118548,3098.3290886115974,-0.0013629493416352778,100.16322156833328,100.1486417104973,0.0
2025-04-25 10:50:00,100.15510166118548,100.5520470075508,100.10820354943203,100.45446910143716,4028.652931051392,0.002989038354375584,100.22147107495407,100.17644420058274,0.0
2025-04-25 14:50:00,100.45446910143716,100.5273793037793,100.36375697848064,100.3887634507839,2113.6511933030947,-0.0006540838973217999,100.25492955012004,100.19574595060102,0.0
2025-04-25 18:50:00,100.3887634507839,100.48706168848007,100.17984467871273,100.22852736688313,2517.731182285213,-0.00159615556953574,100.24964911347267,100.19872607935393,0.0
2025-04-25 22:50:00,100.22852736688313,100.31507413536917,100.2235355961737,100.236691399165,3097.323412817867,8.145417773119945e-05,100.24705757061115,100.20217747206402,0.0
2025-04-26 02:50:00,100.236691399165,100.38566353959862,100.23470742863307,100.34029119561707,4305.019526275188,0.0010335516366908326,100.26570429561234,100.21473326511429,0.0
2025-04-26 06:50:00,100.34029119561707,100.42717625835289,100.13207710821541,100.21619751168063,4254.526454872161,-0.0012367283616360192,100.25580293882601,100.2148663784385,0.0
2025-04-26 10:50:00,100.21619751168063,100.49524375796042,100.21037647929866,100.39808964808583,6776.123986520773,0.0018149973848688994,100.28426028067798,100.23152303931553,0.0
2025-04-26 14:50:00,100.39808964808583,100.47970499774166,100.30845674427353,100.44528591479047,2170.435563201575,0.0004700912823150105,100.31646540750049,100.25095602799507,0.0
2025-04-26 18:50:00,100.44528591479047,100.66887454110164,100.39200470475367,100.65408004462898,1777.7508560142326,0.002078685205950226,100.38398833492619,100.28760366587088,0.0
2025-04-26 22:50:00,100.65408004462898,100.74255130456224,100.27101535421225,100.28860308280308,4069.665599757624,-0.003631019842055605,100.36491128450157,100.28769452195561,0.0
2025-04-27 02:50:00,100.28860308280308,100.3512252312612,99.8811751111033,99.94078089314151,1286.2857253665659,-0.0034682125283407306,100.28008520622957,100.25615691933615,0.26237958856775584
2025-04-27 06:50:00,99.94078089314151,99.94648756540634,99.87520575183875,99.9114814473493,3338.992393596684,-0.00029316806943435747,100.20636445445352,100.22482278551917,0.2628479226148122
2025-04-27 10:50:00,99.9114814473493,99.99990459304051,99.87504099466004,99.96703178213878,3291.039506346686,0.000555995507070417,100.15849791999058,100.20138723975731,0.25015638219300385
2025-04-27 14:50:00,99.96703178213878,100.08017792796788,99.9259345129062,100.01127747217473,1699.2996993181612,0.000442602818621074,100.12905383042742,100.18410453361344,0.24837406139134036
2025-04-27 18:50:00,100.01127747217473,100.09907586936933,99.9381853416367,99.99296058677203,1755.854790900458,-0.00018314819953968442,100.10183518169634,100.1667278111733,0.22816313779233102
2025-04-27 22:50:00,99.99296058677203,100.04009683416523,99.63826789772175,99.66582474970433,1721.10626479554,-0.0032715886713227116,100.01463309529795,100.12119116922158,0.24517789573124663
2025-04-28 02:50:00,99.66582474970433,99.96106649368058,99.63651976046015,99.93431288358823,1743.5810111015335,0.002693883631206262,99.99856905295601,100.10420223416399,0.24641573312075288
2025-04-28 06:50:00,99.93431288358823,99.99750208996882,99.77824567549838,99.81044554418753,2599.3513517463125,-0.0012394875776551295,99.96094435120233,100.07749708052977,0.25553843849753627
2025-04-28 10:50:00,99.81044554418753,99.82570070806104,99.67774835263839,99.68546960006212,2451.723104592859,-0.0012521329149871585,99.90584940097429,100.04185821866906,0.25532388453018584
2025-04-28 14:50:00,99.68546960006212,99.71317324206136,99.39106792608312,99.48139268319729,2069.0302575825767,-0.0020472082609791498,99.82095805741889,99.99090680635344,0.25725289637595444
2025-04-28 18:50:00,99.48139268319729,99.64507959063174,99.45730046991234,99.56087726017408,5050.252765947974,0.0007989893871904741,99.76894189796994,99.95181321124622,0.2503180279514997
2025-04-28 22:50:00,99.56087726017408,99.84640770672776,99.4744594722275,99.75902109397468,1498.0900406975993,0.001990177660676995,99.7669577371709,99.93428665513062,0.26465374088236615
2025-04-29 02:50:00,99.75902109397468,100.19091718346411,99.75129893420504,100.15693811243152,2882.9143267929408,0.003988782308539163,99.84495381222303,99.95452769670342,0.2762786275188733
2025-04-29 06:50:00,100.15693811243152,100.3513807003411,100.07167513186069,100.28551932580436,4676.857865933223,0.0012837973663741842,99.9330669149393,99.98461784480351,0.2625764573853319
2025-04-29 10:50:00,100.28551932580436,100.33883063864184,100.22268922577467,100.2986711424291,2761.7839367496067,0.0001311437255664405,100.00618776043727,100.01316814458765,0.23729726400742276
2025-04-29 14:50:00,100.2986711424291,100.60170972458639,100.2404426849728,100.51698003910428,2861.9477653680074,0.0021765881261295306,100.10834621617067,100.05896922590735,0.25801049443927887
2025-04-29 18:50:00,100.51698003910428,101.00206131362127,100.5123163247033,100.90284769624066,5579.348673670718,0.0038388305835119763,100.26724651218467,100.1356854504831,0.2840734509062425
2025-04-29 22:50:00,100.90284769624066,100.96427831924386,100.70671029740163,100.77462946966287,3025.6680375578685,-0.0012707096925923533,100.36872310368031,100.19377127040853,0.2914537799619958
2025-04-30 02:50:00,100.77462946966287,100.98332916236578,100.68269160333134,100.90617140359426,1672.5337765566512,0.001305308038577202,100.47621276366311,100.25853491887996,0.3014357107692679
2025-04-30 06:50:00,100.90617140359426,100.95871367594373,100.69059561908811,100.76076602249049,3302.6319464441895,-0.0014409959181008736,100.53312341542859,100.30419229193546,0.29188493365584883
2025-04-30 10:50:00,100.76076602249049,100.77359590368005,100.6642244656805,100.75805397112691,2019.5996268363363,-2.691574777202721e-05,100.57810952656826,100.34545244458923,0.2765152697114997
2025-04-30 14:50:00,100.75805397112691,100.76601661453908,100.5292687955453,100.55340094598657,4081.963313613952,-0.002031133165781407,100.57316781045192,100.36435685380717,0.2777646557488812
2025-04-30 18:50:00,100.55340094598657,100.63858704043001,100.46605926010466,100.51035319962615,3926.2983523994703,-0.0004281083081768555,100.56060488828678,100.37762924888162,0.2795200432419317
2025-04-30 22:50:00,100.51035319962615,100.59279255768578,100.36763264484036,100.40727215774056,2757.037957833242,-0.0010255763571027643,100.52993834217754,100.38032405877789,0.27259537158958835
2025-05-01 02:50:00,100.40727215774056,100.60344140389313,100.37659374630715,100.52381605570446,6403.663150878588,0.0011607117239555986,100.52871388488293,100.39336878577122,0.27538598136577264
2025-05-01 06:50:00,100.52381605570446,100.63206187992907,100.4316876224519,100.59505376581627,2260.6181076515068,0.0007086650000667216,100.5419818610696,100.41170378395712,0.263130697292694
2025-05-01 10:50:00,100.59505376581627,100.68890917810752,100.46161849139189,100.50146367781467,6762.314027574912,-0.0009303647097747003,100.53387822441861,100.4198637743078,0.2479644428253057
2025-05-01 14:50:00,100.50146367781467,100.82170864600756,100.5009055311513,100.76531006717806,3540.1174847861603,0.00262529897285102,100.58016459297052,100.45126798275055,0.2508999818521523
2025-05-01 18:50:00,100.76531006717806,100.78855798511704,100.67410817254957,100.69233408586146,1363.5417081815237,-0.0007242173052208756,100.60259849154872,100.47318308303336,0.250779153259317
2025-05-01 22:50:00,100.69233408586146,101.10922965888219,100.63266405072602,101.02290317889955,1928.2382309101713,0.0032829618663543503,100.68665942901889,100.52315763720301,0.25901476529807305
2025-05-02 02:50:00,101.02290317889955,101.13934902584238,100.99724661601276,101.12837939637859,5051.380952997508,0.0010440822245254555,100.77500342249084,100.57817779712806,0.2341831525060485
2025-05-02 06:50:00,101.12837939637859,101.47083437787222,101.07991676713478,101.41037852540306,2333.1174424856285,0.0027885261358648883,100.9020784430733,100.65383240878943,0.24370812314142093
2025-05-02 10:50:00,101.41037852540306,101.48675107216093,101.37990922314403,101.44007723631616,2305.5527703376692,0.00029285672083023684,101.00967820172187,100.72530921129186,0.2298655724258824
2025-05-02 14:50:00,101.44007723631616,101.52821376788314,101.02278919792046,101.10370944730211,1184.423954337795,-0.003315925994717417,101.02848445083792,100.75970923274733,0.2468160376478161
2025-05-02 18:50:00,101.10370944730211,101.41654956732361,101.04020018200848,101.39381030824859,1803.6895091392093,0.0028693394390013616,101.10154962232006,100.81735478506562,0.2658858910275015
2025-05-02 22:50:00,101.39381030824859,101.42482000607143,101.1127171676382,101.18268195144549,2736.933045700405,-0.0020822608023236544,101.11777608814515,100.8505663456456,0.27126839241603407
2025-05-03 02:50:00,101.18268195144549,101.27525332637957,100.76525884577202,100.78082321128592,1668.967698114267,-0.003971615818133878,101.0503855127733,100.84422606070382,0.29537315672190495
2025-05-03 06:50:00,100.78082321128592,100.85932595078704,100.69275580766205,100.72948529481395,5475.541389311228,-0.0005094016384876721,100.98620546918144,100.83379508198655,0.2911881731704448
2025-05-03 10:50:00,100.72948529481395,101.37383778060764,100.67759761095222,101.27567277818052,2698.1535857952013,0.00542231980802832,101.04409893098126,100.87396578164055,0.32471620974683396
2025-05-03 14:50:00,101.27567277818052,101.54851007255544,101.19076528735388,101.51458639499921,2048.737082465471,0.002359042505123421,101.13819642378486,100.9322040192186,0.33595696172714795
2025-05-03 18:50:00,101.51458639499921,101.59426109785255,101.16651001720862,101.25476881701488,3967.6956457626743,-0.0025594112847326933,101.16151090243088,100.96152809174554,0.3502755612934548
2025-05-03 22:50:00,101.25476881701488,101.35493812047069,100.79449858554662,100.87657237304366,2679.923349919095,-0.0037350975997455516,101.10452319655344,100.95380484459082,0.36739244844115554
2025-05-04 02:50:00,100.87657237304366,100.9156426698676,100.69550338777317,100.73905003850273,4183.354749176367,-0.0013632732685679994,101.03142856494331,100.93428168040099,0.3749416962645092
2025-05-04 06:50:00,100.73905003850273,100.78229431426355,100.41613147820344,100.47614043976223,4814.796143678042,-0.002609808198906105,100.9203709399071,100.89263247670655,0.36705578397193406
2025-05-04 10:50:00,100.47614043976223,100.77800652749704,100.44107119838789,100.73460887078679,5462.393756199341,0.0025724359026262356,100.88321852608304,100.8782666943502,0.38097242106332935
2025-05-04 14:50:00,100.73460887078679,100.81065683013304,100.49540776954485,100.57407215999564,2505.9624690674777,-0.0015936599406175533,100.82138925286557,100.85061264577251,0.3755675246240965
2025-05-04 18:50:00,100.57407215999564,100.97934738407255,100.48165829405411,100.92258721521632,2086.8151037514663,0.003465257473777683,100.84162884533573,100.85715578844922,0.40348518469563494
2025-05-04 22:50:00,100.92258721521632,100.92633460028762,100.77443059324563,100.86507884450906,3193.9183963156943,-0.000569826560080422,100.8463188451704,100.85787606627284,0.3782337159155854
2025-05-05 02:50:00,100.86507884450906,101.01245596882397,100.84972357402341,100.93654068029558,2457.701231071936,0.0007084893662423486,100.86436321219544,100.86502739482036,0.3629753594502582
2025-05-05 06:50:00,100.93654068029558,100.94143533555929,100.78120887342854,100.86222637911557,2688.6383780677943,-0.0007362477520940214,100.86393584557948,100.86477275702902,0.3521270468572238
2025-05-05 10:50:00,100.86222637911557,100.92338976836834,100.7993179244921,100.89017118433361,1884.919198826531,0.00027705917488884957,100.8691829133303,100.8670817049658,0.3245611442335589
2025-05-05 14:50:00,100.89017118433361,101.18606261044394,100.87172382491975,101.13774818516619,1891.190418726312,0.0024539258673694775,100.92289596769749,100.89168774862037,0.33511604726207317
2025-05-05 18:50:00,101.13774818516619,101.23337836677719,101.10439197231915,101.17785086528379,1751.1700801502782,0.0003965154537965976,100.97388694721475,100.91770257740795,0.29459792046225985
2025-05-05 22:50:00,101.17785086528379,101.18108422230331,101.05560512507058,101.06889814406796,3443.468931618338,-0.0010768436004920945,100.9928891865854,100.9314476289225,0.27800751417877173
2025-05-06 02:50:00,101.06889814406796,101.18848018023493,101.06834923536096,101.12807647272444,2119.90242884583,0.00058552462471817,101.01992664381322,100.94932297835904,0.2560346473380609
2025-05-06 06:50:00,101.12807647272444,101.16767849156606,100.84818173515507,100.93764870231526,3166.1630811536206,-0.0018830356222641065,101.00347105551363,100.94826168053687,0.2388244488728414
2025-05-06 10:50:00,100.93764870231526,100.97516233747815,100.84972274966094,100.85322581245337,2146.9789261933975,-0.0008363865311630247,100.97342200690159,100.93962205616565,0.2320601849958978
2025-05-06 14:50:00,100.85322581245337,100.93776432246038,100.78542732903956,100.87656474777393,3341.7165851297377,0.0002314148618702827,100.95405055507607,100.93388957358458,0.21678691052166243
2025-05-06 18:50:00,100.87656474777393,100.95405715334851,100.63182535691585,100.65622960143403,2941.351420420898,-0.0021842054880715223,100.89448636434767,100.90864775793453,0.21573665818762727
2025-05-06 22:50:00,100.65622960143403,100.97900113898415,100.60580752640259,100.96478873211079,2421.1147730371176,0.0030654747540073135,100.9085468379003,100.91375148285964,0.21987555475858248
2025-05-07 02:50:00,100.96478873211079,100.98125696459583,100.62840843998511,100.72907490036336,2177.375106911233,-0.0023346142225172395,100.87265245039292,100.8969627026327,0.20952980008660255
2025-05-07 06:50:00,100.72907490036336,100.76925822993807,100.56274729429684,100.62615003150495,2507.387063583172,-0.0010217990084810946,100.82335196661533,100.87234336889382,0.21343029498654836
2025-05-07 10:50:00,100.62615003150495,100.66161855632504,100.02451314758369,100.11771930381896,3116.483877097137,-0.0050526699821746845,100.68222543405606,100.80374118115974,0.2473140816966049
2025-05-07 14:50:00,100.11771930381896,100.17587892305825,99.75313009030702,99.85073797773364,2619.319157094469,-0.00266667407070198,100.51592794279159,100.71710452630282,0.2660656795980673
2025-05-07 18:50:00,99.85073797773364,100.25467704041614,99.80220304089093,100.19939476096135,1609.6731541676215,0.003491779733320044,100.45262130642556,100.67004000218087,0.28952297643013686
2025-05-07 22:50:00,100.19939476096135,100.36332774890528,100.11439632926057,100.29701442881529,4908.6634144708205,0.0009742540669712696,100.42149993090351,100.63612858642036,0.2848510217244597
2025-05-08 02:50:00,100.29701442881529,100.45468086143059,100.28153265448832,100.43367789798299,9236.97663116534,0.0013625876098704026,100.4239355243194,100.6177239783806,0.28800543690190494
2025-05-08 06:50:00,100.43367789798299,100.7634513276852,100.33352796156505,100.72618232907229,4027.9399137326704,0.002912413815875814,100.48438488526999,100.62758382844348,0.3097514561081494
2025-05-08 10:50:00,100.72618232907229,100.8119147158638,100.67640497223886,100.76699392340684,6430.685182579489,0.0004051736439412146,100.54090669289737,100.64025747344014,0.3108499417332179
2025-05-08 14:50:00,100.76699392340684,100.85293681980536,100.73471679160278,100.76544748389674,3214.48508881567,-1.534668694480601e-05,100.58581485109724,100.65163838348165,0.29647303257547414
2025-05-08 18:50:00,100.76544748389674,100.78913717957134,100.72073986201252,100.7723458947815,1610.3552937009983,6.846008286576222e-05,100.62312105983409,100.66261179359982,0.2923985846998747
2025-05-08 22:50:00,100.7723458947815,100.80230333687201,100.45395100530259,100.47647746412032,3263.1041045595034,-0.002936008168055282,100.59379234069134,100.64569049091986,0.3063996802819184
2025-05-09 02:50:00,100.47647746412032,100.87260630054506,100.40204597610968,100.8437825943725,3435.9465242946585,0.0036556330349393207,100.64379039142757,100.663698863961,0.31699457513925566
2025-05-09 06:50:00,100.8437825943725,100.92001562494306,100.8010946537425,100.89049149255823,3027.821934149345,0.00046318074336437753,100.69313061165371,100.68431637565166,0.2988322436120419
2025-05-09 10:50:00,100.89049149255823,100.94782215114064,100.7255958048494,100.7468706967196,5998.260104636705,-0.0014235315312070007,100.7038786286669,100.69000313211238,0.28950208801779304
2025-05-09 14:50:00,100.7468706967196,100.78564657540505,100.66725689494973,100.70065793117102,3609.6742781928037,-0.0004587017465553789,100.70323448916773,100.69097175020862,0.2832077126473708
2025-05-09 18:50:00,100.70065793117102,100.77383866358667,100.54412805207284,100.56367854879392,4967.099795926539,-0.0013602630329458965,100.67532330109297,100.6793996409891,0.2541080842739772
2025-05-09 22:50:00,100.56367854879392,100.93599653311128,100.523496507787,100.88752475662727,5926.2447945118,0.0032203098823222476,100.71776359219984,100.69832010604712,0.2533760266006238
2025-05-10 02:50:00,100.88752475662727,100.98767636877137,100.70778548507835,100.76897185097073,2006.321302897127,-0.001175099755321929,100.72800524395403,100.70474299194926,0.24104866118403936
2025-05-10 06:50:00,100.76897185097073,100.90498380799032,100.76772791770387,100.85057495660988,2146.0112770026253,0.0008098038924106987,100.7525191864852,100.71800044328204,0.23307183765844997
2025-05-10 10:50:00,100.85057495660988,101.17072272790284,100.84804428886491,101.16628297675089,5441.5300003170705,0.003130453349193596,100.83527194453835,100.7587534008701,0.24375256852242547
2025-05-10 14:50:00,101.16628297675089,101.53390226471866,101.13106340481124,101.5153926206794,6416.152069983233,0.003450849765912034,100.97129607976657,100.82753878448914,0.24181796093580182
2025-05-10 18:50:00,101.5153926206794,101.69819351702277,101.49686189887426,101.6254647073245,2270.754688550851,0.0010842896215392805,101.10212980527817,100.90007750474689,0.24651952340177172
2025-05-10 22:50:00,101.6254647073245,101.64932176807731,101.44835457053152,101.48969440114006,2554.5269765733306,-0.0013359870636306947,101.17964272445055,100.95367904078263,0.2524300354977151
2025-05-11 02:50:00,101.48969440114006,101.84521139852318,101.47290558379501,101.7601641747286,4466.738985996979,0.002664997418550863,101.29574701450616,101.02699587114135,0.2741377852955255
2025-05-11 06:50:00,101.7601641747286,101.79616407640533,101.64987781345552,101.71214214198771,6748.228543304301,-0.00047191386855893747,101.37902604000247,101.08928189576375,0.2597044946798387
2025-05-11 10:50:00,101.71214214198771,101.80050103737,101.47647720189825,101.56805910658986,5156.600882937319,-0.001416576549894244,101.41683265331996,101.13280709674794,0.24923760261100775
2025-05-11 14:50:00,101.56805910658986,101.63190785226978,101.51934743056354,101.53241926890945,6027.926278062466,-0.0003508961182668857,101.43994997643786,101.16913547603535,0.2487832776471269
2025-05-11 18:50:00,101.53241926890945,101.6212509815643,101.43584338029932,101.61949860880235,1941.8684603841193,0.0008576505959370095,101.47585970291077,101.21007757901417,0.24615336728810888
2025-05-11 22:50:00,101.61949860880235,101.64167345336847,101.47300623643918,101.52337448499627,1909.0148790312712,-0.000945922043722347,101.48536265932788,101.23855911592163,0.2497446198933925
2025-05-12 02:50:00,101.52337448499627,101.56932631689797,101.45129205300009,101.50112034775067,2361.1004193358663,-0.00021920210354009484,101.48851419701244,101.26242831881518,0.2417677379208243
2025-05-12 06:50:00,101.50112034775067,101.5986110055654,100.99603597604599,101.02348321228685,2325.6744306934866,-0.004705732644402327,101.39550800006732,101.24070603640351,0.25534452393476265
2025-05-12 10:50:00,101.02348321228685,101.22630885973199,100.98080280093195,101.15040434544984,4249.2124131770715,0.0012563527719222645,101.34648726914384,101.23249679177135,0.2528884650138344
2025-05-12 14:50:00,101.15040434544984,101.36615432557022,101.05726191707319,101.33895311956087,2414.4116184478894,0.0018640437013686117,101.34498043922726,101.24217463975222,0.2651482163145898
2025-05-12 18:50:00,101.33895311956087,101.41667508770213,101.2648624425525,101.401564822964,1965.7568528033353,0.000617844387333033,101.35629731597462,101.25666465640784,0.2529435167511401
2025-05-12 22:50:00,101.401564822964,101.43737017871159,101.23033150616182,101.28878796723149,1550.3757504711684,-0.0011121806249184685,101.34279544622599,101.2595849573918,0.23895778908273663
2025-05-13 02:50:00,101.28878796723149,101.63393246096405,101.28620086085401,101.6263743287213,5015.018523053558,0.003332909478579449,101.39951122272507,101.29292944569447,0.24941493065141682
2025-05-13 06:50:00,101.6263743287213,101.72047371146294,101.57100349690614,101.65070762082588,3904.7435226627103,0.00023943875067189424,101.44975050234524,101.32545473434277,0.24573657472363156
2025-05-13 10:50:00,101.65070762082588,101.65474996556198,101.3626385665165,101.41271529891445,1450.1871286430649,-0.002341275604289761,101.44234346165909,101.33338751294019,0.24000840217486846
2025-05-13 14:50:00,101.41271529891445,101.45244900380536,101.2082243722988,101.3007998221067,1735.2787540723564,-0.0011035645429459118,101.41403473374862,101.33042499559168,0.2470039999289213
2025-05-13 18:50:00,101.3007998221067,101.38557771059882,100.77765648969624,100.84324650513578,5564.497532602314,-0.004516778917584285,101.29987708802607,101.28613604191388,0.26728238460255227
2025-05-13 22:50:00,100.84324650513578,100.90440737637121,100.79701294103893,100.87298219259537,3189.217610463694,0.00029487039033471163,101.21449810893994,101.24857660106674,0.2669133855758413
2025-05-14 02:50:00,100.87298219259537,100.99485334166701,100.87153574056744,100.92928337926122,3690.310149761628,0.0005581394090079517,101.1574551630042,101.21954994453897,0.2624783855640262
2025-05-14 06:50:00,100.92928337926122,100.9352507474851,100.80739264149206,100.85483043338326,3538.638243275174,-0.000737674373434305,101.09693021708001,101.18639362534299,0.25956344906857964
2025-05-14 10:50:00,100.85483043338326,100.95560444958285,100.83736780712903,100.94251743966656,1271.1981491498457,0.000869437843546983,101.06604766159732,101.16422306300876,0.25957790467971825
2025-05-14 14:50:00,100.94251743966656,101.09950427145519,100.85573975568663,101.08046540615166,1665.788780646123,0.0013665992287892337,101.0689312105082,101.1566087305672,0.23394858226894297
2025-05-14 18:50:00,101.08046540615166,101.35745694598245,100.99425047116355,101.27582363272421,2594.2439976641217,0.0019327001096363094,101.11030969495141,101.16744644894511,0.24235575484171892
2025-05-14 22:50:00,101.27582363272421,101.3073256753997,100.93687144621413,100.97769612230437,9639.654906239288,-0.0029437184485510137,101.083786980422,101.15019641925049,0.2467530277480431
2025-05-15 02:50:00,100.97769612230437,101.05736782572711,100.932016165897,100.9551745241635,2088.32084160783,-0.0002230353732134427,101.0580644891703,101.13246715606076,0.24486295736807762
2025-05-15 06:50:00,100.9551745241635,101.3052257945128,100.90484098031635,101.29456560404326,5526.233899389578,0.003361799744088678,101.1053647121449,101.14720337860462,0.2586733960571256
2025-05-15 10:50:00,101.29456560404326,101.29932683239421,101.14859804430539,101.15009623917328,4075.9669787377766,-0.0014262301635676877,101.11431101755059,101.14746636592903,0.24460176662703909
2025-05-15 14:50:00,101.15009623917328,101.21057880397538,100.93149032361379,100.96071151567409,3655.6651170951936,-0.0018723138241152348,101.0835911171753,101.13048865226949,0.25386021418452437
2025-05-15 18:50:00,100.96071151567409,101.11458681558629,100.90420318975454,101.05788604906138,2500.8948846658186,0.0009624984999456743,101.07845010355253,101.1238884156142,0.2480225160978295
2025-05-15 22:50:00,101.05788604906138,101.09979212446135,100.9737545625727,101.01021803531134,1802.3952741188382,-0.00047169019275650204,101.0648036899043,101.11355474467757,0.23958058255369355
2025-05-16 02:50:00,101.01021803531134,101.05441883575557,100.81185792313892,100.9010474622368,3123.429240867392,-0.0010807874212921398,101.0320524443708,101.09423590081931,0.21348341767612716
2025-05-16 06:50:00,100.9010474622368,100.93830405789346,100.63661394654149,100.7109242446955,2280.471130977922,-0.0018842541512015254,100.96782680443575,101.05938938662624,0.22736168024896233
2025-05-16 10:50:00,100.7109242446955,101.13876396691185,100.70943114151027,101.07584482172531,3086.551664632561,0.0036234458155022242,100.98943040789366,101.0608853352716,0.24921991055624915
2025-05-16 14:50:00,101.07584482172531,101.3105113951005,101.06479984276761,101.28173025707781,2156.766821419559,0.0020369400395874315,101.0478903777305,101.0809621463449,0.25763801386623847
2025-05-16 18:50:00,101.28173025707781,101.52106867729609,101.27969934578074,101.4436373232623,3017.3590913150633,0.001598581163389623,101.12703976683686,101.11393261697376,0.2664332059420614
2025-05-16 22:50:00,101.4436373232623,101.58452390009514,101.40351111032332,101.50698849414968,4601.995605897206,0.000624496247956019,101.20302951229942,101.14966496944429,0.26195093979943657
2025-05-17 02:50:00,101.50698849414968,101.53253516213067,101.48406147497407,101.49464235748424,2366.9701513085984,-0.00012162844005714213,101.2613520813364,101.18102655017519,0.239470026394987
2025-05-17 06:50:00,101.49464235748424,101.63406552903965,101.4055620461966,101.62636457310094,5829.736455556379,0.0012978243240933107,101.33435457968932,101.22151182498662,0.22933068737052156
2025-05-17 10:50:00,101.62636457310094,101.71704585909937,101.44435815735925,101.54496923407767,3109.3580761263456,-0.0008009273908909931,101.376477510567,101.25091704399489,0.23985469036409363
2025-05-17 14:50:00,101.54496923407767,101.54498875658334,101.36292857802252,101.42672264793782,3270.3174798245977,-0.0011644750796789838,101.38652653804117,101.26689937162607,0.22426007353297756
2025-05-17 18:50:00,101.42672264793782,101.45296177821487,100.84704986617005,100.85359635961328,1876.4588380915482,-0.005650643867434413,101.2799405023556,101.229326370534,0.25677315381554827
2025-05-17 22:50:00,100.85359635961328,100.86332975189563,100.74032488321708,100.8263377587848,9223.257389319884,-0.0002702789172860376,101.18921995364144,101.19269104219316,0.24562432440961654
2025-05-18 02:50:00,100.8263377587848,101.16619445998502,100.81406779210973,101.132097259382,5487.824415037317,0.0030325360158243164,101.17779541478956,101.18718251648305,0.2557488274127268
2025-05-18 06:50:00,101.132097259382,101.15962188836298,101.00038565347572,101.07300516394122,2158.652393905054,-0.0005843060417229928,101.15683736461989,101.17680275716106,0.2581201611983417
2025-05-18 10:50:00,101.07300516394122,101.2625769452826,101.02570871077472,101.17807161977912,1924.278072707299,0.0010395105564287022,101.16108421565174,101.17691810830814,0.2577135413334294
2025-05-18 14:50:00,101.17807161977912,101.2724423430758,101.07679209931774,101.09594196383351,2481.0000398578454,-0.000811733754466526,101.1480557652881,101.16955664062863,0.25013926507672074
2025-05-18 18:50:00,101.09594196383351,101.33265186734674,101.05017456666185,101.32105165455599,4288.973407764481,0.002226693637248145,101.18265494314169,101.18332891462202,0.23964958473981365
2025-05-18 22:50:00,101.32105165455599,101.61283927875398,101.29917116109677,101.57457677634922,3732.969895742389,0.0025021959173656683,101.2610393097832,101.21889690205177,0.24450362512012244
2025-05-19 02:50:00,101.57457677634922,101.60069634395532,101.40469963299498,101.47277935510542,961.0078541478807,-0.0010021939000340874,101.30338731884765,101.24197712505664,0.24126272365190818
2025-05-19 06:50:00,101.47277935510542,101.75268849391969,101.45790111940282,101.7170127980292,3560.332819852957,0.002406886304642253,101.38611241468396,101.28516218623595,0.24938947970512665
2025-05-19 10:50:00,101.7170127980292,101.77539307891186,101.43195217055118,101.51354409021171,3323.77244553883,-0.002000340967754366,101.41159874978952,101.30592417750647,0.2704585669339892
2025-05-19 14:50:00,101.51354409021171,101.58538005891118,101.41522042999333,101.42376197647658,1811.864056369393,-0.0008844348263059576,101.41403139512694,101.31663670468556,0.2662911487964753
2025-05-19 18:50:00,101.42376197647658,101.42592042840137,101.29614011175597,101.29929412975767,5574.331911097423,-0.0012272059751420317,101.39108394205309,101.31506010696484,0.25608347843256596
2025-05-19 22:50:00,101.29929412975767,101.35075517150487,101.10372065634965,101.15121822811119,2408.4671131365017,-0.0014617663718051732,101.34311079926471,101.30016539070542,0.2607245024750234
2025-05-20 02:50:00,101.15121822811119,101.18342624194959,101.13786415093773,101.18270494446652,2196.8027194088318,0.0003112836098950744,101.31102962830508,101.28948716832006,0.22069951525838352
2025-05-20 06:50:00,101.18270494446652,101.27615270525598,101.08158290858047,101.2239104237679,2389.6600186327996,0.00040723836473821606,101.29360578739765,101.28352564608805,0.22581129582959494
2025-05-20 10:50:00,101.2239104237679,101.26714750585279,101.01394867719814,101.06099337433776,2574.7222597544787,-0.0016094719987412853,101.24708330478568,101.2632954395653,0.2187450215995485
2025-05-20 14:50:00,101.06099337433776,101.13524214292863,100.69312796025889,100.70608491422519,4959.710107160844,-0.0035118243771655733,101.13888362667359,101.21263993726164,0.23895058929829713
2025-05-20 18:50:00,100.70608491422519,100.77139825046544,100.53410098606177,100.55885104927242,2220.23494840819,-0.001462015578087228,101.02287711119337,101.15320458380808,0.23898123429085313
2025-05-20 22:50:00,100.55885104927242,100.60546919596571,100.18856843915505,100.23700546914986,1503.0071373661897,-0.003200569385631291,100.86570278278468,101.06991375520278,0.25478484236603954
2025-05-21 02:50:00,100.23700546914986,100.4707003690177,100.13927944354313,100.43024493944796,4513.173365058808,0.0019278256507528901,100.77861121411735,101.01176204467961,0.25828081556530286
2025-05-21 06:50:00,100.43024493944796,100.69150480555139,100.34535353663163,100.62943628821428,7290.8918392728965,0.001983380095173626,100.74877622893675,100.97700515772821,0.26060104065548423
2025-05-21 10:50:00,100.62943628821428,100.79441321872353,100.55773805586892,100.77994146737335,5774.062935899707,0.0014956377051342784,100.75500927662408,100.95909027678687,0.2635066443622175
2025-05-21 14:50:00,100.77994146737335,100.94872586201977,100.71575373284637,100.85718979096536,2142.960889204747,0.0007665049459968376,100.77544537949234,100.94982659625764,0.259091269694827
2025-05-21 18:50:00,100.85718979096536,100.90628145811282,100.71730195297154,100.7418356538605,3911.5951371552296,-0.0011437373710683207,100.76872343436598,100.93091832876699,0.24805831232201264
2025-05-21 22:50:00,100.7418356538605,101.1386277242273,100.70542845762758,101.11757807149424,2662.8904508293977,0.0037297555200874744,100.83849436179163,100.94788739628765,0.2668468578707177
2025-05-22 02:50:00,101.11757807149424,101.13632281588575,100.90203461392234,100.91708041922783,3248.870604725271,-0.0019828169947330165,100.85421157327887,100.94508676200948,0.27431170682200445
2025-05-22 06:50:00,100.91708041922783,100.97462762417643,100.6272904152376,100.70091694951687,5611.114398388395,-0.0021419909178206353,100.82355264852647,100.92288950632833,0.28147618494940574
2025-05-22 10:50:00,100.70091694951687,100.76836144669163,100.46022850404263,100.53921012866893,2175.6876795954086,-0.0016058127944257317,100.76668414455497,100.88800956290474,0.30023124578062976
2025-05-22 14:50:00,100.53921012866893,100.54752578474134,100.23270455223955,100.25524401903576,2808.361331894761,-0.002824431475737188,100.66439611945114,100.83048542255301,0.3088206340539352
2025-05-22 18:50:00,100.25524401903576,100.29587787206746,100.24848538058131,100.29386126434603,2161.806794664348,0.00038518928050224055,100.59028914843013,100.78170140817056,0.29412018139904256
2025-05-22 22:50:00,100.29386126434603,100.34093315153521,99.98094247535208,100.04434902759192,1523.925536860094,-0.002487811652763794,100.4811011242625,100.7146693735725,0.288254216649999
2025-05-23 02:50:00,100.04434902759192,100.06066414938527,99.79656328003108,99.8915567417339,2248.2909722761856,-0.001527245540034361,100.36319224775679,100.63984095249627,0.29016875986075114
2025-05-23 06:50:00,99.8915567417339,100.03211422942478,99.86551802420483,100.00527015055938,4587.914863241227,0.001138368572225712,100.29160782831731,100.58215269777473,0.27228986331855715
2025-05-23 10:50:00,100.00527015055938,100.07758938089049,99.69696459527424,99.72139934556058,4338.411057421624,-0.0028385584536837483,100.17756613176597,100.50390239302799,0.2758044247572481
2025-05-23 14:50:00,99.72139934556058,99.77316384423511,99.62181161040819,99.68409273722374,2049.8720076677723,-0.00037410835168461,100.07887145285753,100.42937424250033,0.26189020796490325
2025-05-23 18:50:00,99.68409273722374,99.81115737868369,99.63529035060458,99.80782373650575,2253.9649057349516,0.0012412311321143843,100.02466190958718,100.37286965104627,0.2575467697666533
2025-05-23 22:50:00,99.80782373650575,99.86650117658438,99.78226969164209,99.85929633721462,2257.1406564086637,0.0005157170929279697,99.99158879511268,100.32618116797066,0.24692243803585967
2025-05-24 02:50:00,99.85929633721462,99.94203124947468,99.6199493638312,99.66172923589835,4136.627998652756,-0.0019784547714927214,99.92561688326981,100.26577644687318,0.25642975092887454
2025-05-24 06:50:00,99.66172923589835,99.74719243950778,99.56682609169206,99.57812722181515,2771.4228481385912,-0.0008388577513571693,99.85611895097888,100.2032628809588,0.2383702567300168
2025-05-24 10:50:00,99.57812722181515,99.57848213449175,99.18094142551199,99.21476806955377,3808.451192503573,-0.0036489855995381903,99.72784877469387,100.11339971628561,0.2500311500883277
2025-05-24 14:50:00,99.21476806955377,99.27521407228097,98.83082866284106,98.8469596600433,1889.617892330292,-0.0037071941674310382,99.55167095176375,99.99826880208177,0.25696316440983324
2025-05-24 18:50:00,98.8469596600433,99.24624628149972,98.7736256069821,99.21707111127652,2388.329885233634,0.0037442876594901975,99.48475098366632,99.92725083019037,0.2687122881147356
2025-05-24 22:50:00,99.21707111127652,99.23219391003572,98.96583830757487,99.02385474885659,1537.6118905566286,-0.0019474104632984934,99.39257173670438,99.84512391370548,0.2652504573975258
2025-05-25 02:50:00,99.02385474885659,99.37467963729324,99.00896034071125,99.28740574821143,3662.0577719388084,0.002661490001810707,99.3715385390058,99.79442226229692,0.28798808633294265
2025-05-25 06:50:00,99.28740574821143,99.34821326610633,99.03320410266346,99.11077330790273,3842.5845457790515,-0.00177900146526766,99.31938549278519,99.73227235735199,0.2847751211372095
2025-05-25 10:50:00,99.11077330790273,99.48950575985755,99.10761838211903,99.40374000872674,1866.439989711808,0.0029559521235280606,99.3362563959735,99.70240578020423,0.29318844316466147
2025-05-25 14:50:00,99.40374000872674,99.52529472982674,99.35893223341506,99.46525003981499,3854.5452997034317,0.0006187899075311698,99.36205512474181,99.68084616744157,0.2931717496783567
2025-05-25 18:50:00,99.46525003981499,99.50945915380622,98.99208108146625,99.00667714453947,1947.8712950119007,-0.004610382973872396,99.29097952870136,99.61955807445047,0.3029398415871936
2025-05-25 22:50:00,99.00667714453947,99.08847186544565,98.73924290031452,98.75179104576675,6329.102840113067,-0.002574433423319644,99.18314183211444,99.54067016275195,0.31707389382320833
2025-05-26 02:50:00,98.75179104576675,98.98433480490925,98.71782277821403,98.96298399028841,2285.6467584483084,0.002138623940742379,99.13911026374925,99.48815323798253,0.3235485365815021
2025-05-26 06:50:00,98.96298399028841,99.03242885775971,98.86164395725885,98.8843346157155,2075.1792085916722,-0.0007947352777946115,99.08815513414251,99.43326063595825,0.32973092340711424
2025-05-26 10:50:00,98.8843346157155,99.02600406797539,98.85951122282225,98.95002707903264,2809.2771923916985,0.0006643364044711664,99.06052952312054,99.38933031260137,0.318617420514947
2025-05-26 14:50:00,98.95002707903264,99.03203229883192,98.89829092952218,99.01431864617504,2293.4619670620177,0.0006497377417700179,99.05128734773145,99.35523834292624,0.3152870649073774
2025-05-26 18:50:00,99.01431864617504,99.03009356659288,98.95352888187763,98.96286232870608,5445.046915111151,-0.0005196856189340071,99.03360234392638,99.31956779617896,0.29236020603134094
2025-05-26 22:50:00,98.96286232870608,99.02069475464748,98.94037377562404,99.01314536010808,3600.8951758791677,0.0005081000106381683,99.02951094716272,99.2917112110816,0.26635560385873547
2025-05-27 02:50:00,99.01314536010808,99.05523249002867,98.8436021286787,98.85167021624243,3279.8759972774355,-0.0016308455132737487,98.99394280097867,99.25170748427804,0.24771343863247455
2025-05-27 06:50:00,98.85167021624243,98.96296740551414,98.78395189624733,98.9030110165536,2595.723776897903,0.0005193721077132452,98.97575644409366,99.220007805394,0.2414748605471857
2025-05-27 10:50:00,98.9030110165536,98.95571620565143,98.73977349844932,98.82913466998595,1400.9909912543255,-0.0007469575072420742,98.94643208927212,99.18447388399326,0.23077653273433693
2025-05-27 14:50:00,98.82913466998595,99.10185718919782,98.75622471139373,99.02045672009166,3697.205701413695,0.0019358871323176263,98.96123701543604,99.16956323272947,0.23296391233156705
2025-05-27 18:50:00,99.02045672009166,99.39932173021907,98.92181656491978,99.3293092158686,1282.0525588198893,0.0031190776735154913,99.03485145552256,99.18408559483304,0.23979375430019342
2025-05-27 22:50:00,99.3293092158686,99.42125057607163,98.89802461468676,98.90374025330476,3905.7750710450127,-0.004284424868383763,99.008629215079,99.1585996546941,0.26528400179827827
2025-05-28 02:50:00,98.90374025330476,99.07529060630083,98.81048754117917,99.00638249844317,1364.1700696082817,0.001037799428773134,99.00817987175184,99.14476173139856,0.24724292985411317
2025-05-28 06:50:00,99.00638249844317,99.18095770103294,98.99900391775908,99.11607085935779,1711.3796342606518,0.0011078918161295803,99.02975806927303,99.14215347030394,0.23529470257859333
2025-05-28 10:50:00,99.11607085935779,99.20101131687228,98.89016851746001,98.89694662951456,4275.133116778782,-0.0022107840630019027,99.00319578132134,99.11986193932309,0.23846118634409663
2025-05-28 14:50:00,98.89694662951456,99.20118690731458,98.83864284450136,99.17111383664596,1775.2598593202672,0.0027722514847550173,99.03677939238626,99.12452120271607,0.25215826936640745
2025-05-28 18:50:00,99.17111383664596,99.23417194814357,98.99363429235228,99.0840295002299,2869.7378096338484,-0.0008781219958817754,99.046229413955,99.12084013885368,0.25744718441198905
2025-05-28 22:50:00,99.0840295002299,99.12582764397558,98.94213010384921,99.0310945317923,5695.646328287092,-0.0005342431944340698,99.04320243752247,99.11268144730265,0.26101548232746247
2025-05-29 02:50:00,99.0310945317923,99.07963540567971,98.92659147843321,98.93872278328801,2916.160918251346,-0.0009327549992355078,99.02230650667558,99.09686702330131,0.26647828536540885
2025-05-29 06:50:00,98.93872278328801,99.02930015159164,98.84305329046283,99.00701878586314,3748.142902463421,0.000690285872445795,99.01924896251309,99.08869900171602,0.2740444198015065
2025-05-29 10:50:00,99.00701878586314,99.00773897752043,98.67467091209872,98.6965494024762,1975.4626002734612,-0.003135832057103327,98.95470905050571,99.05304903814876,0.2827185415209164
2025-05-29 14:50:00,98.6965494024762,99.0311813812017,98.60925322617281,98.98413076446477,2919.1851623219345,0.0029137934783904917,98.96059339329753,99.04678374054112,0.3000694447896371
2025-05-29 18:50:00,98.98413076446477,99.17615420869065,98.92886902141649,99.14906167224754,2889.9867922230146,0.001666235855273035,98.99828704908754,99.05608173433261,0.30230819336621245
2025-05-29 22:50:00,99.14906167224754,99.18063465809786,98.93618221560371,98.98209722358452,3435.2807425689102,-0.0016839740673991743,98.99504908398694,99.04935586971914,0.2950810479869312
2025-05-30 02:50:00,98.98209722358452,99.04582220946781,98.65894314161957,98.73375880864124,5715.480625613279,-0.0025089225416422556,98.94279102891781,99.02066522780297,0.2886077553118562
2025-05-30 06:50:00,98.73375880864124,98.82837388431298,98.66768126895857,98.79483253398126,3227.30626280377,0.0006185698395053674,98.9131993299305,99.00013498291008,0.26271251630968045
2025-05-30 10:50:00,98.79483253398126,98.87538576459333,98.71588467066732,98.80888656920459,1948.161722560802,0.0001422547603235902,98.89233677778533,98.9827487634823,0.25519094693856303
2025-05-30 14:50:00,98.80888656920459,98.97837374207877,98.78782448774236,98.89387807023385,2199.2567455475587,0.0008601604975049248,98.89264503627504,98.97466960955063,0.2558049091573175
2025-05-30 18:50:00,98.89387807023385,99.08589718422569,98.82755132388341,99.0319069789536,1783.5985861543186,0.0013957275355478416,98.92049742481076,98.97987300676908,0.2520551277951749
2025-05-30 22:50:00,99.0319069789536,99.11107199213957,99.00268342659596,99.0978319328984,2060.340221183059,0.0006656940773523967,98.9559643264283,98.99059654550811,0.23390116370448868
2025-05-31 02:50:00,99.0978319328984,99.14621341055226,98.66126176283844,98.75407907547692,4816.495735234455,-0.00346882318933317,98.91558727623803,98.96909495732345,0.25135930598467027
2025-05-31 06:50:00,98.75407907547692,99.01411699224006,98.71413359810198,98.9307774651039,1634.2861197861037,0.0017892768712057805,98.91862531401121,98.96561154893985,0.2596654384140779
2025-05-31 10:50:00,98.9307774651039,98.93894338969494,98.54368839758351,98.55384427724351,2276.0377816222112,-0.003810070005700106,98.84566910665768,98.9281781606038,0.27696622876157306
2025-05-31 14:50:00,98.55384427724351,98.61078288823568,98.42836463599234,98.44319100546642,12345.75956840809,-0.0011227697162762285,98.76517348641943,98.88408841922768,0.27669275669832516
2025-05-31 18:50:00,98.44319100546642,98.48599069131475,98.06620945515684,98.15336084201118,2697.270639041013,-0.0029441362119106973,98.64281095753779,98.81765863948073,0.282886554608054
2025-05-31 22:50:00,98.15336084201118,98.23349745351229,98.07409117016005,98.18248751762954,2493.2476823706934,0.0002967465950070025,98.55074626955614,98.75991581022153,0.26413499234543586
2025-06-01 02:50:00,98.18248751762954,98.38137752890539,98.10818847033522,98.33702400359587,3519.6801038986396,0.0015739719971810118,98.5080018163641,98.72147110052829,0.26598526886657936
2025-06-01 06:50:00,98.33702400359587,98.41238258301158,98.28189644726032,98.32775313313817,1921.8435232406873,-9.427650014459665e-05,98.47195207971892,98.68567855803828,0.25784481838494394
2025-06-01 10:50:00,98.32775313313817,98.39261383987335,98.07941213470883,98.1444489433185,3067.2749606433604,-0.0018642161951111236,98.40645145243884,98.63647586579103,0.25258214962182074
2025-06-01 14:50:00,98.1444489433185,98.54127922495617,98.05726782005053,98.53755146614395,3670.142267279908,0.004005346477134797,98.43267145517987,98.62748273855038,0.2756763488754806
2025-06-01 18:50:00,98.53755146614395,98.55128877746817,98.29828036076255,98.35536547618531,6624.339852242653,-0.001848899097327772,98.41721025938097,98.6027448056081,0.2823554433597388
2025-06-01 22:50:00,98.35536547618531,98.39037609649061,98.09186272222873,98.16506300935943,4022.912139164813,-0.0019348458104399002,98.36678080937666,98.56295555140368,0.29006716621155804
2025-06-02 02:50:00,98.16506300935943,98.21184996485712,98.13321323267586,98.17777831707721,1518.571207352664,0.0001295298686516677,98.32898031091678,98.52793943919218,0.2772307999143432
2025-06-02 06:50:00,98.17777831707721,98.23836983361637,97.83517608199467,97.85828393819057,3933.9943592711884,-0.003254243316189065,98.23484103637153,98.46706166637385,0.2982883132056356
2025-06-02 10:50:00,97.85828393819057,97.94427814557798,97.69775910698532,97.74352393628632,3895.269281206055,-0.001172716271794938,98.1365776163545,98.40128550909316,0.281257412554124
2025-06-02 14:50:00,97.74352393628632,97.7679827807269,97.63992019028939,97.73702681329168,3033.1047937492535,-6.647113520152903e-05,98.05666745574194,98.34089835492938,0.26897735514694027
2025-06-02 18:50:00,97.73702681329168,97.7700871117286,97.6712509416176,97.71230057252149,7575.549638878236,-0.00025298744576529586,97.98779407909785,98.28375310198321,0.2478045821469093
2025-06-02 22:50:00,97.71230057252149,97.7938820439986,97.67346573572598,97.67385637694419,1663.3006947734327,-0.0003934427431555587,97.92500653866712,98.22830794516148,0.2433758718632859
2025-06-03 02:50:00,97.67385637694419,97.90213694976728,97.57757926090146,97.88520325106244,3598.3741775163576,0.002163801880644689,97.9170458811462,98.19711660933429,0.23657418991385068
2025-06-03 06:50:00,97.88520325106244,97.96268589852437,97.78991696082711,97.95210204412,3678.5605238388825,0.0006834413255083494,97.92405711374096,98.17484255795117,0.23752866522420898
2025-06-03 10:50:00,97.95210204412,98.13286754448805,97.91919033259978,98.04029080895698,4361.866070525291,0.0009003253937038824,97.94730385278417,98.16261058076988,0.2332778190326447
2025-06-03 14:50:00,98.04029080895698,98.07385314384695,97.94311189243709,97.97545468375527,3946.340203972113,-0.000661321224842637,97.9529340189784,98.145596408314,0.2332960415796878
2025-06-03 18:50:00,97.97545468375527,98.02752405421975,97.73536836977979,97.7774540675128,3103.0478088844625,-0.002020920616103039,97.91783802868528,98.11212892278662,0.23179275438507677
2025-06-03 22:50:00,97.7774540675128,97.90705879430148,97.77497951392638,97.85451760579983,2275.4488997386584,0.0007881524327051359,97.9051739441082,98.08870971215146,0.20665474549003754
2025-06-04 02:50:00,97.85451760579983,98.04117710598707,97.78887576627315,97.95118926033786,1611.7044733846224,0.000987912023923787,97.91437700735413,98.07620785289568,0.20660423999063024
2025-06-04 06:50:00,97.95118926033786,97.95405536819662,97.74483603226263,97.82908426518973,3364.8753571160514,-0.0012465902259092276,97.89731845892126,98.05374207219513,0.20022609439578076
2025-06-04 10:50:00,97.82908426518973,97.89703717259489,97.66118380233497,97.73249880874054,1945.2733405574636,-0.0009872877495957777,97.86435452888513,98.0245381391538,0.21145585425854158
2025-06-04 14:50:00,97.73249880874054,97.80006064575998,97.70676191169508,97.77618789212217,1188.2542922529303,0.0004470271804584147,97.84672120153255,98.0019608439691,0.18932049586162744
2025-06-04 18:50:00,97.77618789212217,97.95365832284168,97.72227318336921,97.90038543613147,1141.3081252043269,0.001270222808710253,97.85745404845234,97.99272671598386,0.18823950306732737
2025-06-04 22:50:00,97.90038543613147,97.92944173796695,97.60726072826029,97.66035944057077,3834.1313143525267,-0.002451736982356345,97.81803512687603,97.96251150912812,0.2021051044436959
2025-06-05 02:50:00,97.66035944057077,97.73787095182412,97.44026462811308,97.48360201885407,4810.508412521499,-0.0018099198357370838,97.75114850527164,97.91897428273957,0.21630297255798428
2025-06-05 06:50:00,97.48360201885407,97.48472087465865,97.42550898009041,97.43253089848008,3125.798075295241,-0.0005238944736993822,97.68742498391333,97.8747521568978,0.21193122872195755
2025-06-05 10:50:00,97.43253089848008,97.6942123474817,97.41288434519213,97.60272076960023,1898.2110742429852,0.001746745871740396,97.67048414105072,97.85002203077984,0.20884339396651086
2025-06-05 14:50:00,97.60272076960023,97.68867135473232,97.43281513799182,97.51467878708563,3086.8515648558364,-0.0009020443469237582,97.6393230702577,97.8195362813531,0.21477819961245664
2025-06-05 18:50:00,97.51467878708563,97.59716418180007,97.30091021963094,97.34929426885472,2432.3488028960023,-0.0016959961339975127,97.58131730997711,97.7767870074896,0.22067653891823266
2025-06-05 22:50:00,97.34929426885472,97.91274678192069,97.26500301048416,97.86397383345111,2859.0537867216085,0.0052869367822532265,97.63784861467191,97.78471308257701,0.25760529034870877
2025-06-06 02:50:00,97.86397383345111,97.93801789258696,97.8515648125252,97.88429577888188,2998.267679798612,0.00020765501986819146,97.68713804751391,97.79376605496836,0.2429122471788371
2025-06-06 06:50:00,97.88429577888188,97.97528885820972,97.88300197563477,97.96358879554235,4581.67960363061,0.0008100688269709888,97.74242819711961,97.80920448592963,0.24006993305025556
2025-06-06 10:50:00,97.96358879554235,97.97012386478589,97.77136115063304,97.78515125635843,2253.762208423624,-0.0018214679696588743,97.75097280896738,97.80701782869588,0.2362457455101788
2025-06-06 14:50:00,97.78515125635843,97.8618368245759,97.74631789009958,97.79895661135488,3275.10712028312,0.00014118048414379913,97.76056956944488,97.80628499075578,0.229552859691774
2025-06-06 18:50:00,97.79895661135488,97.85019198213917,97.7198425732067,97.76835060691347,6873.026808097755,-0.00031294816940674597,97.7621257769386,97.80283641040648,0.2220168624540985
2025-06-06 22:50:00,97.76835060691347,97.93543441894666,97.67886898658479,97.86744616462141,7461.919666177615,0.001013575017812851,97.78318985447517,97.80871002442602,0.23367876947531027
2025-06-07 02:50:00,97.86744616462141,97.90258169962922,97.69432035380605,97.70834119780905,5646.867542299409,-0.0016257190010326994,97.76822012314194,97.79958558564266,0.2320270699289324
2025-06-07 06:50:00,97.70834119780905,97.79870250744284,97.62331033948672,97.77075859318887,4724.486593521057,0.0006388133767767368,97.76872781715133,97.79696494996504,0.22154215266103602
2025-06-07 10:50:00,97.77075859318887,97.810805795024,97.61382682438156,97.69161700991646,5048.480088387225,-0.0008094606650410618,97.75330565570437,97.78738786450607,0.21435448458470724
2025-06-07 14:50:00,97.69161700991646,98.2015154884145,97.63887847066006,98.17653959287584,3508.613251768817,0.004963809565258437,97.83795244313866,97.82276529435786,0.25031342195515044
2025-06-07 18:50:00,98.17653959287584,98.3797101290703,98.16349754537767,98.35087498807917,3794.8396159124577,0.0017757337539729967,97.94053695212676,97.87077526651434,0.24566232062679813
2025-06-07 22:50:00,98.35087498807917,98.4490517788083,98.30453432722567,98.37587182748445,2496.816856077266,0.00025415980700027596,98.0276039271983,97.91669313569344,0.23770955168695046
2025-06-08 02:50:00,98.37587182748445,98.4295162192046,97.94665837099828,97.99602547651767,4203.875485571716,-0.003861173923143335,98.02128823706218,97.92390516667746,0.25103840068960687
2025-06-08 06:50:00,97.99602547651767,98.42222357271599,97.9867783729045,98.32510398148106,3944.8730719898776,0.00335808011971106,98.08205138594596,97.96037778620506,0.23587421700210495
2025-06-08 10:50:00,98.32510398148106,98.53614204528148,98.2926773268886,98.4382320007214,1996.8579090413425,0.0011505507206139853,98.15328750890106,98.0038190784338,0.24708933402575692
2025-06-08 14:50:00,98.4382320007214,98.50159947397833,98.18001442041101,98.19503882903307,1848.9068147744308,-0.0024705154363859894,98.16163777292746,98.02120269212465,0.26346777481092587
2025-06-08 18:50:00,98.19503882903307,98.2612997022177,98.11013769839319,98.20200625452497,1925.874537866267,7.095496447684368e-05,98.16971146924698,98.03763937961558,0.26006772407318735
2025-06-08 22:50:00,98.20200625452497,98.22117448972448,97.86316110090974,97.92338856092955,5405.864351024251,-0.002837189424351294,98.1204468875835,98.02725294155321,0.2773887565259311
2025-06-09 02:50:00,97.92338856092955,97.98818478075755,97.77656792720721,97.77693425894896,3877.21882900955,-0.0014956008378883556,98.05174436185659,98.0044966976801,0.28319357399863676
2025-06-09 06:50:00,97.77693425894896,98.07261000439274,97.76153579525725,98.04215628291949,4092.7000118962737,0.002712521373068766,98.04982674606917,98.00792029633823,0.28708705805389606
2025-06-09 10:50:00,98.04215628291949,98.0681562178808,97.83113459418827,97.85905267260475,3059.9992471455294,-0.001867600808231562,98.0116719313763,97.99438687599881,0.2891413636159927
2025-06-09 14:50:00,97.85905267260475,97.86044386233239,97.71335976395561,97.76488827185283,4578.898941491603,-0.0009622451697642864,97.9623151994716,97.973523366531,0.28711935864603993
2025-06-09 18:50:00,97.76488827185283,98.03055091337559,97.72168508888724,98.0019584633438,5508.342436035766,0.0024249011652501817,97.97024385224604,97.97610837533216,0.2951112767778911
2025-06-09 22:50:00,98.0019584633438,98.20572017348488,97.92162365550895,98.14906756724852,3257.6276097908235,0.001501083307021256,98.00600859524654,97.99183193823364,0.2752155267937115
2025-06-10 02:50:00,98.14906756724852,98.30816628741492,98.12225329961493,98.22702014773755,7819.671702382386,0.0007942263988969245,98.05021090574475,98.01321268455217,0.27305126994423695
2025-06-10 06:50:00,98.22702014773755,98.31338077158748,98.01251675073468,98.0901111366069,1849.1274229312291,-0.0013938019388630707,98.05819095191718,98.02020345292078,0.28421888203496337
2025-06-10 10:50:00,98.0901111366069,98.10624621694528,97.60807154662214,97.61293424440673,3050.845160458382,-0.0048646788822128695,97.9691396104151,97.9831789794195,0.28531294075759306
2025-06-10 14:50:00,97.61293424440673,97.78920339934008,97.52007896354382,97.78240579990562,2556.896356623215,0.0017361588073416812,97.93179284831321,97.96492687219097,0.273432886185076
2025-06-10 18:50:00,97.78240579990562,97.86706766573153,97.71855175072783,97.75765926840837,2924.096527106203,-0.0002530775479986369,97.89696613233225,97.94608436275618,0.2666508288001341
2025-06-10 22:50:00,97.75765926840837,98.00887953200946,97.66219658582953,97.94119586741897,1942.3556139541297,0.001877465156020941,97.9058120793496,97.94563995408916,0.26844353541532023
2025-06-11 02:50:00,97.94119586741897,98.02627077486528,97.8520751011567,97.88910626485458,1415.4793035659027,-0.0005318456866190147,97.9024709164506,97.94050052779511,0.2700887975498968
2025-06-11 06:50:00,97.88910626485458,97.92286131079629,97.5737460675966,97.61852957699713,3769.507048174769,-0.002764114396195949,97.84568264855992,97.91123044135892,0.26945321572025044
2025-06-11 10:50:00,97.61852957699713,97.68156656747723,97.56891741977992,97.57352768041166,1588.3206346307193,-0.00046099748460126655,97.79125165493026,97.88053019036371,0.2623840938736056
2025-06-11 14:50:00,97.57352768041166,97.70371335676862,97.47886547674405,97.62222129138897,1548.5571609258973,0.0004990453059849909,97.75744558222202,97.8570475631842,0.25622507036568215
2025-06-11 18:50:00,97.62222129138897,98.10558274321019,97.59509738586492,98.04484902787205,4591.335794160195,0.004329216554308735,97.81492627135204,97.87412042361036,0.2757581941980212
2025-06-11 22:50:00,98.04484902787205,98.18311547834537,97.97494523622798,98.10118133864134,1954.4321824645938,0.0005745565557786492,97.87217728480991,97.89476232497681,0.28012149017949334
2025-06-12 02:50:00,98.10118133864134,98.41380550596658,98.08449706352262,98.36995878068768,5024.794970230965,0.002739798220355194,97.97173358398547,97.9379620027687,0.2815816771763226
2025-06-12 06:50:00,98.36995878068768,98.46250758323644,98.11464239153166,98.18139357122219,1584.4731624996336,-0.001916898327525951,98.01366558143282,97.96009214535538,0.28613658244266965
2025-06-12 10:50:00,98.18139357122219,98.25176841281696,98.12009937888345,98.24225925192108,4216.050161518201,0.0006199309103791517,98.05938431553048,97.98574370049771,0.282262014309349
2025-06-12 14:50:00,98.24225925192108,98.28328508256058,98.1110849427031,98.20758341674777,1794.0361414519978,-0.0003529625177327578,98.08902413577394,98.00591094742953,0.2730717370953976
2025-06-12 18:50:00,98.20758341674777,98.26933710307392,98.05649779457907,98.11439170292657,1336.086316053614,-0.0009489258423734936,98.09409764920447,98.01577283429289,0.2526906398219485
2025-06-12 22:50:00,98.11439170292657,98.19964763613233,97.64615405855784,97.65839182509058,4249.416740981686,-0.004647634968952152,98.0069564843817,97.98328365163813,0.27300272137753623
2025-06-13 02:50:00,97.65839182509058,97.83164356767622,97.6172576623421,97.82478188657868,1704.3320941462955,0.0017037968614730392,97.97052156482111,97.96887440026909,0.2777077206868524
2025-06-13 06:50:00,97.82478188657868,97.84938579809857,97.4163565609627,97.42892814758203,1698.8402277938933,-0.004046558871509842,97.8622028813733,97.91978837729754,0.2838753128979913
2025-06-13 10:50:00,97.42892814758203,97.48155651359889,97.36977294512086,97.45532999402265,3846.3505760886387,0.0002709857015015249,97.78082830390318,97.8775648879089,0.2794173053815235
2025-06-13 14:50:00,97.45532999402265,97.47193813417537,97.28603281358151,97.36581981955698,3328.3212845240464,-0.0009184738738370335,97.69782660703395,97.83104260896782,0.2677594537668213
2025-06-13 18:50:00,97.36581981955698,97.40309109372619,97.01741747587893,97.10359221106812,3186.3747351250067,-0.0026932203618768025,97.57897972784079,97.7649107546133,0.2872612016346748
2025-06-13 22:50:00,97.10359221106812,97.19841930251727,97.01221226981757,97.09023254428473,5096.6129229311855,-0.00013758159177412743,97.48123029112958,97.70357637185614,0.28450114111146974
2025-06-14 02:50:00,97.09023254428473,97.35283551794356,96.99619321532518,97.33721960122175,2875.1884485689075,0.0025438919082243494,97.45242815314802,97.67027121088938,0.2735123514881203
2025-06-14 06:50:00,97.33721960122175,97.37592036756811,96.95329970902482,96.9671483116461,1003.2875010852232,-0.003801950488125594,97.35537218484764,97.60635094732181,0.28883023837568494
2025-06-14 10:50:00,96.9671483116461,97.0742731214009,96.91905479768145,97.00922289884548,3428.6399770064686,0.0004339055848496809,97.28614232764721,97.55206657927852,0.276395229895363
2025-06-14 14:50:00,97.00922289884548,97.14536339117113,96.980980865038,97.0728149871321,2854.3042308413205,0.0006555262106668902,97.2434768595442,97.50849825271975,0.26328932521167303
2025-06-14 18:50:00,97.0728149871321,97.16295535457351,97.06793178273381,97.08703585903572,2496.8601204933357,0.0001464969559759055,97.21218865944252,97.47018348965756,0.26067179220497294
2025-06-14 22:50:00,97.08703585903572,97.20396538902861,97.0483205993328,97.12455594746093,1649.5074436965315,0.00038645827522931775,97.1946621170462,97.43876280400332,0.2594892671934253
2025-06-15 02:50:00,97.12455594746093,97.1879549246255,97.02085391281379,97.0838780181608,2508.9375285366227,-0.0004188222937372421,97.17250529726913,97.40650055074491,0.2562222460017724
2025-06-15 06:50:00,97.0838780181608,97.18975649409748,97.05189281955647,97.11381749404512,3255.091120009439,0.0003083877209635322,97.16076773662434,97.37989300013584,0.22653439578509552
2025-06-15 10:50:00,97.11381749404512,97.14247665944686,96.92488560120593,96.93681893216865,4028.102729747919,-0.0018225888595855277,97.1159779757332,97.33961353941154,0.22676333527843845
2025-06-15 14:50:00,96.93681893216865,97.0986940595806,96.87822561272621,97.09722726037903,1707.7874093117396,0.001654771942976918,97.11222783266237,97.31757842313586,0.21158042168690372
2025-06-15 18:50:00,97.09722726037903,97.1929043974129,97.00307917933526,97.12858178776497,2653.372665010194,0.0003229188749320766,97.1154986236829,97.3003969108294,0.21715482522973314
2025-06-15 22:50:00,97.12858178776497,97.29106659364771,97.08709238867608,97.24325717755697,3332.1546161977376,0.0011806554536395453,97.14105033445772,97.29520238962282,0.2184454598281452
2025-06-16 02:50:00,97.24325717755697,97.509118763161,97.18018718500856,97.48387019928141,2382.9306151158758,0.0024743414475012493,97.20961430742246,97.31235400868269,0.21439245699280057
2025-06-16 06:50:00,97.48387019928141,97.58099660295316,97.47114254308146,97.51522058000116,4826.222634579207,0.0003215955691506789,97.2707355619382,97.33079642425709,0.20893867321937268
2025-06-16 10:50:00,97.51522058000116,97.75672313670798,97.50044126911483,97.67818505939904,1791.1791919362704,0.0016711696741145143,97.35222546143036,97.36237720927,0.20177007071757
2025-06-16 14:50:00,97.67818505939904,97.7241071947512,97.38914385346261,97.44102283114279,2450.839870750223,-0.002427995853035436,97.36998493537286,97.36952681125842,0.19550883377080502
2025-06-16 18:50:00,97.44102283114279,97.70162075357038,97.4253061795521,97.65375224270666,3171.533525239351,0.002183160699498421,97.42673839683962,97.39536548684463,0.20415856593500742
2025-06-16 22:50:00,97.65375224270666,97.93731538772762,97.6006964273176,97.87962294735816,3612.9414250150935,0.002312975174677545,97.51731530694333,97.43938889234586,0.21646116838335722
2025-06-17 02:50:00,97.87962294735816,97.98624008403753,97.80528394182507,97.9502287026944,3038.06650257944,0.0007213529559080278,97.60389798609356,97.48582887510481,0.22259920912426878
2025-06-17 06:50:00,97.9502287026944,98.02696864923551,97.6421964822327,97.70135739544223,2200.7803833511707,-0.0025407935290030492,97.6233898679633,97.50542237695367,0.2389654503604827
2025-06-17 10:50:00,97.70135739544223,97.88075922298194,97.63694406012264,97.82952740291758,2868.2688913795987,0.001311854931109968,97.66461737495416,97.53488647022311,0.24444503257816713
2025-06-17 14:50:00,97.82952740291758,98.31207710628337,97.73581369180235,98.23358078302282,3039.5892339181632,0.00413017818680772,97.77841005656789,97.59840413502309,0.2757592997167393
2025-06-17 18:50:00,98.23358078302282,98.26928551399917,98.13240463881911,98.17761967881953,1184.3562882567885,-0.0005696738707601234,97.85825198101823,97.65106009355003,0.26999428664096264
2025-06-17 22:50:00,98.17761967881953,98.26998830983894,98.11184438774777,98.22446024496362,1967.6640337604865,0.00047710024237024307,97.9314936338073,97.70318738004217,0.26554253487216173
2025-06-18 02:50:00,98.22446024496362,98.43161125825327,98.1818837522514,98.40323747703,4790.3739540642155,0.0018200887194546045,98.02584240245186,97.76682829795016,0.26982126972389253
2025-06-18 06:50:00,98.40323747703,98.68595611617819,98.3616447867256,98.58992382349335,4949.927377816352,0.0018971565494165787,98.13865868666016,97.84165516390863,0.2784167786153893
2025-06-18 10:50:00,98.58992382349335,98.90105614787242,98.52342822995014,98.80944060930537,9594.028212392395,0.0022265641081640197,98.27281507118921,97.92963565894469,0.28189508859894985
2025-06-18 14:50:00,98.80944060930537,98.9565798807118,98.76195682770822,98.93175150496957,1888.6596227998186,0.001237846251430863,98.4046023579453,98.02073709949241,0.28795001667979797
2025-06-18 18:50:00,98.93175150496957,98.99267877615853,98.81572308228796,98.85610949576491,2904.4752025247917,-0.0007645877896022002,98.49490378550922,98.09668004460809,0.28228386141389955
2025-06-18 22:50:00,98.85610949576491,98.9296336097796,98.638855723773,98.71236968172187,4550.397819595876,-0.0014540306590682395,98.53839696475175,98.15265182980025,0.279127757465186
2025-06-19 02:50:00,98.71236968172187,98.74373782397592,98.53300031178671,98.62978876572367,5300.839504407072,-0.0008365812335825451,98.55667532494614,98.1960279148842,0.27444368162025207
2025-06-19 06:50:00,98.62978876572367,98.68007864520834,98.10685518331658,98.14964089288492,5425.7823571956815,-0.004868183120408598,98.4752684385339,98.19181091288426,0.2913440031546618
2025-06-19 10:50:00,98.14964089288492,98.2977806150923,98.1083203901197,98.23850378410509,2391.0440776169203,0.0009053817254121022,98.42791550764815,98.19605571935888,0.29195143763752796
2025-06-19 14:50:00,98.23850378410509,98.40769801475949,98.20664645900598,98.31535017437466,8162.079552698512,0.0007822430850377149,98.40540244099346,98.20690066981486,0.27882853683400655
2025-06-19 18:50:00,98.31535017437466,98.3662493485208,98.18009671136056,98.18757394775325,6321.4483727652,-0.0012996569344947417,98.36183674234542,98.20514369508199,0.2747097849983596
2025-06-19 22:50:00,98.18757394775325,98.5443251454695,98.09905372763981,98.47353899710104,3090.7610083671584,0.002912436246769401,98.38417719329655,98.22954326799281,0.2653532138089787
2025-06-20 02:50:00,98.47353899710104,98.70947841332199,98.4280018101625,98.67989659979092,1394.7976145162427,0.0020955639940589688,98.44332107459543,98.27048447997446,0.2756814800932241
2025-06-20 06:50:00,98.67989659979092,98.9738259795956,98.62643592975772,98.887819442209,1486.9512734820755,0.0021070435780989882,98.53222074811815,98.32660584017759,0.28919906064656076
2025-06-20 10:50:00,98.887819442209,98.9749991889073,98.83917338440631,98.95509345598576,4256.517148700685,0.0006803063729814429,98.61679528969168,98.38374107797833,0.2810632248250694
2025-06-20 14:50:00,98.95509345598576,98.97858423008529,98.71872313592378,98.76953795006504,1417.5451849421743,-0.0018751486097403625,98.64734382176636,98.4188135208953,0.27645963658999256
2025-06-20 18:50:00,98.76953795006504,98.8111583887761,98.69801948067702,98.71708340873991,2596.283099572301,-0.0005310801529886389,98.66129173916107,98.4459289652448,0.25756756445976337
2025-06-20 22:50:00,98.71708340873991,98.7584277445208,98.67100387475783,98.7555687016806,2571.87932541408,0.00038985443665651154,98.68014713166498,98.4740780321935,0.24991047994257695
2025-06-21 02:50:00,98.7555687016806,98.85025084594515,98.58842285536315,98.62734490625715,2326.4492183733782,-0.0012983955953996817,98.66958668658341,98.48801138438111,0.25597278685053687
2025-06-21 06:50:00,98.62734490625715,98.6941282921023,98.48130482995397,98.57243990803384,3270.1684538259587,-0.0005566914355800145,98.65015733087351,98.49568670471318,0.2504046137178041
2025-06-21 10:50:00,98.57243990803384,98.60137067052277,98.38867630798723,98.41820786213479,1090.3248648495937,-0.001564656876130388,98.60376743712577,98.48864317356968,0.2505443887425421
2025-06-21 14:50:00,98.41820786213479,98.46151665653262,98.40985383092578,98.43983899637956,4931.1975028490315,0.00021978793065469127,98.57098174897654,98.48420643018876,0.2132900575793337
2025-06-21 18:50:00,98.43983899637956,98.49041283515773,98.24103141778107,98.29950495843217,5742.9007056011515,-0.0014255817500123946,98.51668639086766,98.4674153873018,0.21757014275105238
2025-06-21 22:50:00,98.29950495843217,98.30103471355861,98.17462770070767,98.23496808876054,1821.919902351996,-0.0006565330079629783,98.46034273044624,98.44628381470713,0.2122383896865827
2025-06-22 02:50:00,98.23496808876054,98.56529633162312,98.16646169009515,98.48124225718612,2236.5803127622594,0.0025069908731794044,98.46452263579422,98.4494618549325,0.22742996142713526
2025-06-22 06:50:00,98.48124225718612,98.77184428282058,98.40242261981525,98.76072403467819,3790.3598780421903,0.002837918887763413,98.52376291557103,98.47775841672755,0.22201212179682375
2025-06-22 10:50:00,98.76072403467819,98.77587920079486,98.4110055112614,98.4590522264887,2543.3752786287814,-0.0030545726667978723,98.51082077775456,98.47605785397856,0.22796905653782215
2025-06-22 14:50:00,98.4590522264887,98.54391962969758,98.25970933196695,98.31286870475344,7879.353220093437,-0.001484713882873634,98.47123036315435,98.46122247677627,0.22345621710159033
2025-06-22 18:50:00,98.31286870475344,98.33470117170388,98.260553583436,98.30246434638555,5115.110412496202,-0.00010582905885025973,98.4374771598006,98.44678991946802,0.2190506302277961
2025-06-22 22:50:00,98.30246434638555,98.3693622528727,98.14669651193257,98.21478144831383,2675.039930256145,-0.0008919704979394316,98.39293801750324,98.42569824027218,0.21639381928341198
2025-06-23 02:50:00,98.21478144831383,98.33078263204578,98.11948160520681,98.32188558569285,4294.862651308236,0.001090509348996349,98.37872753114117,98.41626072621952,0.22340539919340432
2025-06-23 06:50:00,98.32188558569285,98.39165603146013,97.92138719669661,97.94979437733143,1874.0021352002186,-0.0037844189637425973,98.29294090037922,98.37385469450241,0.2507514681220146
2025-06-23 10:50:00,97.94979437733143,98.1550960031599,97.94129882779009,98.09561845919833,3410.566169394403,0.0014887635323168613,98.25347641214304,98.34856049129294,0.2473206956068574
2025-06-23 14:50:00,98.09561845919833,98.12174121766462,97.89650643616436,97.99363078492978,3777.27245999204,-0.0010396761432416302,98.20150728670039,98.31629415435083,0.2482072184177093
2025-06-23 18:50:00,97.99363078492978,97.99843997887105,97.94449593918476,97.94690710081649,3227.6893548444727,-0.00047680327526422595,98.15058724952361,98.28271351312043,0.2368679096427623
2025-06-23 22:50:00,97.94690710081649,98.05494818071728,97.92572500323975,97.99045329242807,3233.8610142064026,0.00044458975684413815,98.11856045810451,98.2561444021484,0.2424079347763828
2025-06-24 02:50:00,97.99045329242807,98.04257588387826,97.76243043566876,97.82347424408245,5581.788950820897,-0.0017040338393712329,98.05954321530011,98.21681075141512,0.24460536555015722
2025-06-24 06:50:00,97.82347424408245,97.8914900687535,97.63280055440165,97.71970377587455,4286.702880412508,-0.0010607931174982932,97.991575327415,98.17161920818415,0.2540541156573651
2025-06-24 10:50:00,97.71970377587455,97.87199052626165,97.69754132023753,97.78596250824295,2256.419946210975,0.0006780488459150469,97.9504527635806,98.13655950818949,0.23802658454994738
2025-06-24 14:50:00,97.78596250824295,97.83358618703366,97.62229279008972,97.70324188106116,2082.40115012388,-0.0008459356032294307,97.90101058707671,98.09716699663237,0.2267317084027058
2025-06-24 18:50:00,97.70324188106116,97.79260248379505,97.01364875168187,97.01954811393372,3740.46361847155,-0.006997656924830897,97.72471809244811,97.99920164365976,0.25630885430125666
2025-06-24 22:50:00,97.01954811393372,97.05163144273217,96.86388763658672,96.87097392951263,2610.083451141678,-0.0015313840077528784,97.55396925986102,97.8966354878282,0.24941839061660026
2025-06-25 02:50:00,96.87097392951263,96.93851474607382,96.58652334333993,96.66948932653445,4453.065793178989,-0.002079927503617296,97.3770732731957,97.78507674589241,0.2692643773641724
2025-06-25 06:50:00,96.66948932653445,97.21410798670743,96.62186883440235,97.14555500488011,11726.621920282347,0.004924673562074933,97.33076961953259,97.72693840580038,0.2956624781759548
2025-06-25 10:50:00,97.14555500488011,97.31444064636403,97.070996697404,97.26578604159211,1172.992867297448,0.001237638064921942,97.3177729039445,97.68501546359963,0.2979584011846025
2025-06-25 14:50:00,97.26578604159211,97.32604573838384,97.09122183846449,97.11180270177535,7618.302313626394,-0.0015831192661200921,97.27657886351068,97.63290521252469,0.2811409058385905
2025-06-25 18:50:00,97.11180270177535,97.19092948714695,97.04509017654135,97.16946987002582,3194.1725478083113,0.0005938224463566399,97.25515706481372,97.59077472684297,0.2762867726411469
2025-06-25 22:50:00,97.16946987002582,97.24193429111912,97.11971891150495,97.16583876284157,2824.357958486895,-3.736880718918645e-05,97.23729340441929,97.55214418466102,0.26892824393499787
2025-06-26 02:50:00,97.16583876284157,97.47299827193014,97.09401459323561,97.40658538011921,1925.1667894093616,0.0024776878411478798,97.27115179955928,97.5389115660663,0.29214536100701494
2025-06-26 06:50:00,97.40658538011921,97.58604243169376,97.31748102301324,97.57327393498223,4011.553303688148,0.001711265765169001,97.33157622664388,97.54203541778593,0.3020980918072281
2025-06-26 10:50:00,97.57327393498223,97.60297803906451,97.29338793511715,97.37717772368576,3284.675500515849,-0.0020097328232230316,97.34069652605226,97.5270483546859,0.30420128150278963
2025-06-26 14:50:00,97.37717772368576,97.43927428667311,97.29206493355812,97.32028159092346,2387.544007096809,-0.0005842861139778721,97.3366135390265,97.50825137616204,0.2962384128430143
2025-06-26 18:50:00,97.32028159092346,97.45796529661168,97.28570555259432,97.36933099670925,3344.5569323906307,0.0005039998341966889,97.34315703056306,97.49562225075724,0.2960820226996737
2025-06-26 22:50:00,97.36933099670925,97.45680820402917,97.30799987982677,97.4442372285066,3557.7447702387053,0.0007693000560913266,97.36337307015178,97.49095088509809,0.29161880321813527
2025-06-27 02:50:00,97.4442372285066,97.47930165240422,97.24318605303638,97.27439207293095,1792.3203682856415,-0.0017429984615442429,97.34557687070762,97.47126372035562,0.25284465087918206
2025-06-27 06:50:00,97.27439207293095,97.30447108155914,97.17534350668645,97.23782852171384,2529.7930072231406,-0.0003758805420207567,97.32402720090887,97.45004233866091,0.2486577772168427
2025-06-27 10:50:00,97.23782852171384,97.31980006466978,97.13433954057311,97.18568189728325,4364.827848317743,-0.0005362791952819856,97.29635814018376,97.42600957126294,0.23676271445704142
2025-06-27 14:50:00,97.18568189728325,97.33411437847107,97.15185348857365,97.29051828645548,6664.826334034224,0.0010787225764701258,97.2951901694381,97.41369218173499,0.2074785528564941
2025-06-27 18:50:00,97.29051828645548,97.35634361211491,97.07796530534027,97.16604923112591,1887.4536086861633,-0.0012793544275618851,97.26936198177567,97.39117918622507,0.20997386412896596
2025-06-27 22:50:00,97.16604923112591,97.25809110321127,97.07532580621391,97.20882350814864,3469.733380052993,0.00044021834129526205,97.25725428705027,97.37460139730904,0.20625539249168107
2025-06-28 02:50:00,97.20882350814864,97.21958917941386,97.02206105421178,97.11533137187806,1889.9282309313953,-0.0009617659477459961,97.22886970401584,97.35103139499712,0.20994745067714454
2025-06-28 06:50:00,97.11533137187806,97.20395886758511,96.87511426995074,96.90794324692877,3977.7247566498554,-0.002135482853424575,97.16468441259843,97.31075065426363,0.22470668053573004
2025-06-28 10:50:00,96.90794324692877,97.00596632877425,96.86056512299074,97.00040363385249,2648.4904363262613,0.0009541053480839334,97.13182825684925,97.2825372887717,0.2080222181849436
2025-06-28 14:50:00,97.00040363385249,97.26120962300284,96.96550195856693,97.25395218823374,2432.887176504181,0.0026138917456295374,97.15625304312616,97.27993864326825,0.20996123645318626
2025-06-28 18:50:00,97.25395218823374,97.36718557211941,97.18512770047543,97.33764309623888,3912.5864112071704,0.0008605399176289108,97.19253105374871,97.28518450262922,0.2008517912886591
2025-06-28 22:50:00,97.33764309623888,97.3948108925134,97.10171568591545,97.16519103244792,1658.7373829660821,-0.001771689331130144,97.18706304948856,97.27427600534001,0.21127220939458521
2025-06-29 02:50:00,97.16519103244792,97.24463042275559,97.07512596338772,97.10167562954072,1434.5061031249934,-0.0006536847427798254,97.16998556549899,97.25858506208553,0.2110754033481937
2025-06-29 06:50:00,97.10167562954072,97.21603901526738,97.0116495881903,97.12609201884571,3038.2127342750387,0.0002514517813074768,97.16120685616833,97.24654023997282,0.21504548212495678
2025-06-29 10:50:00,97.12609201884571,97.23584065139404,97.09739030310368,97.23305528533682,2646.0371987750596,0.001101282510886481,97.17557654200203,97.2453143350059,0.20806939276228015
2025-06-29 14:50:00,97.23305528533682,97.57275214808939,97.23077565004844,97.5109612826215,1711.2486296420377,0.002858143215485054,97.24265349012593,97.2694640575164,0.22327288727429817
2025-06-29 18:50:00,97.5109612826215,97.7042873207829,97.44558478424086,97.63344602563903,4424.1833557145765,0.0012561125580798915,97.32081199722856,97.30255332734573,0.22850445959182406
2025-06-29 22:50:00,97.63344602563903,97.67843169267863,97.62606665735814,97.64958608138483,2861.6566575411275,0.00016531277346865103,97.38656681405982,97.33410175953111,0.21922618426490054
2025-06-30 02:50:00,97.64958608138483,97.72389050059729,97.52516726081498,97.57474748235694,4327.649885462459,-0.0007663995520217348,97.42420294771925,97.35597864342436,0.2135365366225912
2025-06-30 06:50:00,97.57474748235694,97.82992282097601,97.49623353540287,97.77406796698784,4634.794551491415,0.0020427466098944524,97.49417595157297,97.39398676374832,0.22431682152086146
2025-06-30 10:50:00,97.77406796698784,97.83363050583894,97.47854088256034,97.56107456145716,2456.7972289927147,-0.002178424299606685,97.50755567354982,97.40917656354003,0.23557121424061275
2025-06-30 14:50:00,97.56107456145716,97.72455329588261,97.5403876836893,97.63466820759564,2268.240769932119,0.0007543341078322108,97.53297818035898,97.42967580390872,0.22523700099482266
2025-06-30 18:50:00,97.63466820759564,97.88651800954962,97.58220758695214,97.8626788851438,6331.811317682178,0.0023353454437244903,97.59891832131595,97.46903972038464,0.23658765933867748
2025-06-30 22:50:00,97.8626788851438,97.91460394178229,97.7368010139948,97.76847110802443,4700.0256161032685,-0.0009626527517189176,97.63282887865765,97.49626075562462,0.2281658924352184
2025-07-01 02:50:00,97.76847110802443,97.78434661821936,97.3810897211044,97.47000068522021,5505.209652104496,-0.0030528289889532045,97.60026323997016,97.49387347649694,0.2439658228260027
2025-07-01 06:50:00,97.47000068522021,97.49712939009248,97.23677242661272,97.32227566219798,2342.2919862755525,-0.0015155947674537762,97.54466572441574,97.47827367519703,0.24162737688898922
2025-07-01 10:50:00,97.32227566219798,97.47073233203716,97.2632594900022,97.43890785732938,2896.32493195076,0.0011984121244372758,97.52351415099847,97.47469496448178,0.2443394042223527
2025-07-01 14:50:00,97.43890785732938,97.63042928013255,97.40016879657841,97.58741350077979,2864.57029613816,0.0015240897780570695,97.53629402095474,97.48494210414523,0.24618733682785582
2025-07-01 18:50:00,97.58741350077979,97.6406958660356,97.49078756636985,97.51676565460451,1724.8267905025987,-0.0007239442428168541,97.5323883476847,97.48783515418698,0.24700576192609805
2025-07-01 22:50:00,97.51676565460451,97.58581564716482,97.43770890698026,97.48664834838803,2568.8164643547316,-0.0003088423412560548,97.52324034782538,97.48772726275071,0.23315792207921301
2025-07-02 02:50:00,97.48664834838803,97.49840092627284,97.18250432901162,97.27897199777044,1386.1003978812134,-0.0021303055765690138,97.4743866778144,97.46874951138886,0.23724321213058325
2025-07-02 06:50:00,97.27897199777044,97.69399908261977,97.1868047156805,97.5976803731847,4386.876490400568,0.0032762309147507107,97.49904541688846,97.48047049882484,0.26973102153192485
2025-07-02 10:50:00,97.5976803731847,97.69029146553724,97.47952697990003,97.51889615248068,5898.864465781161,-0.0008072345613417964,97.50301556400692,97.48396374006629,0.27059111052156076
2025-07-02 14:50:00,97.51889615248068,97.5210637877417,97.27723413389386,97.3246132001347,3956.2307146438793,-0.001992259551853337,97.46733509123248,97.46947732734523,0.2641725653983248
2025-07-02 18:50:00,97.3246132001347,97.411371292921,97.10195813428162,97.1660945434647,1801.340244614523,-0.001628762257128491,97.40708698167893,97.44189707426519,0.260909960781238
2025-07-02 22:50:00,97.1660945434647,97.23886260222993,97.09582310339827,97.20996956385054,2136.084839673806,0.0004515466078161001,97.36766349811326,97.42081275513658,0.25797238125540545
2025-07-03 02:50:00,97.20996956385054,97.27414447050857,96.97167994241273,97.0426538406054,940.3502499122196,-0.0017211786403784624,97.30266156661169,97.38643467199738,0.2578405316481453
2025-07-03 06:50:00,97.0426538406054,97.07845022333805,96.94723919813774,96.95418599053222,2287.1221474321665,-0.0009116388162516698,97.2329664513958,97.34713933731872,0.25451253860620476
2025-07-03 10:50:00,96.95418599053222,97.03022859841236,96.65236034579705,96.66749574085755,3770.2257170094745,-0.002956966187129595,97.11987230928816,97.28535355582225,0.2526990639990875
2025-07-03 14:50:00,96.66749574085755,96.90619914747523,96.6265444209855,96.81420253519005,2736.7680893483675,0.0015176434768289226,97.05873835446855,97.24252164485569,0.254077475642657
2025-07-03 18:50:00,96.81420253519005,96.95328375300471,96.72632491471396,96.93408116159972,3284.9558370399905,0.001238233887906004,97.03380691589479,97.21448160092332,0.25546933251807097
2025-07-03 22:50:00,96.93408116159972,97.02769307680379,96.75091793986826,96.8243928263152,3386.6287293885316,-0.0011315765721413573,96.99192409797888,97.17901898504985,0.2587918077595991
2025-07-04 02:50:00,96.8243928263152,96.83764953998006,96.74528210497853,96.81864421185536,2047.9937203051156,-5.937155185842258e-05,96.95726812075418,97.14625764203217,0.25468174599786914
2025-07-04 06:50:00,96.81864421185536,96.85076795509205,96.39809666259274,96.47035087115152,1768.5486943303451,-0.0035973788265585283,96.85988467083365,97.0848115719521,0.27643635687749474
2025-07-04 10:50:00,96.47035087115152,96.59080128214845,96.40435157766343,96.57711491136173,8649.37817393893,0.0011067031398361848,96.80333071893928,97.03865733008024,0.26719015025062326
2025-07-04 14:50:00,96.57711491136173,96.65459269298688,96.5095215349777,96.58046031333413,3247.21821347988,3.463969673833667e-05,96.75875663781825,96.99700305583059,0.2413242067556171
2025-07-04 18:50:00,96.58046031333413,96.6342355296376,96.39035018097411,96.43387444342257,8626.566037579603,-0.001517759072963587,96.69378019893912,96.94580954561168,0.24368998268606593
2025-07-04 22:50:00,96.43387444342257,96.51230590758182,96.39551713819878,96.45576935719478,3064.5503898730835,0.000227045878832266,96.64617803059026,96.90126043757378,0.23461563379572276
2025-07-05 02:50:00,96.45576935719478,96.51884350680419,96.16328462363296,96.21567519558444,5552.248211696439,-0.002489163304698061,96.56007746358911,96.83893450648384,0.23791175697656847
2025-07-05 06:50:00,96.21567519558444,96.44415477265912,96.12671670708434,96.35566562537343,2908.189544898969,0.0014549648953190442,96.51919509594597,96.79500097183744,0.25036879745822
2025-07-05 10:50:00,96.35566562537343,96.56676347535608,96.28531178143787,96.5567871455041,2372.063177083292,0.0020872827645923575,96.52671350585761,96.7733451694435,0.24886788073124677
2025-07-05 14:50:00,96.5567871455041,96.84631906900987,96.4970448593699,96.76767445302417,5820.359587548197,0.002184075441556299,96.57490569529094,96.77282964976901,0.2644438224769366
2025-07-05 18:50:00,96.76767445302417,96.79523315691274,96.47945761178633,96.5333549758861,3928.302345617056,-0.002421464383251526,96.56659555140997,96.75105922487056,0.2600086290848722
2025-07-05 22:50:00,96.5333549758861,96.86250342459535,96.51400044101817,96.82101628350811,3876.5306650599287,0.002979916192634935,96.61747969782961,96.75741895747397,0.26492636173397494
2025-07-06 02:50:00,96.82101628350811,96.89817394220951,96.71880877129949,96.79680634369903,5279.645134847746,-0.0002500483958791655,96.6533450270035,96.76099962894898,0.26152681406392225
2025-07-06 06:50:00,96.79680634369903,96.81270977034991,96.70114383115083,96.71971970788418,1813.6644290539039,-0.0007963758178254343,96.66661996317964,96.75724690885218,0.2497261570827476
2025-07-06 10:50:00,96.71971970788418,97.05076015045621,96.70130724639085,96.96266752358414,2164.6696274721944,0.0025118746873307174,96.72582947526055,96.77592151019145,0.26808940487302074
2025-07-06 14:50:00,96.96266752358414,96.97124708339767,96.47527075517014,96.55609462970897,1883.710111723189,-0.0041930869298359985,96.69188250615024,96.7559372483294,0.27118262171075
2025-07-06 18:50:00,96.55609462970897,96.6370917848138,96.40878118371616,96.46804309842122,1321.9434355769652,-0.0009119210094963304,96.64711462460444,96.7297650528832,0.27417268575450954
2025-07-06 22:50:00,96.46804309842122,96.53249147035756,96.25658861139108,96.31395299803918,1864.3915346438434,-0.0015973175720463972,96.5804822992914,96.69196395698829,0.28351780725145864
2025-07-07 02:50:00,96.31395299803918,96.46251955757832,96.2471111095129,96.38221373498,1353.937560980895,0.0007087315473617295,96.54082858642913,96.66380484589662,0.2814837429230244
2025-07-07 06:50:00,96.38221373498,96.38387402377982,95.7942930391685,95.88146143998051,2328.632048235602,-0.005195484473685119,96.4089551571394,96.59268271808607,0.31525461543933125
2025-07-07 10:50:00,95.88146143998051,95.97308404509415,95.56134378250853,95.57630971034997,3479.35432060386,-0.0031825936426882473,96.24242606778152,96.50028517192824,0.31926757111178816
2025-07-07 14:50:00,95.57630971034997,95.61407126524729,95.19476129080313,95.19856797705401,4029.07709340931,-0.0039522527542728,96.03365444963603,96.3819472451215,0.3265441360310299
2025-07-07 18:50:00,95.19856797705401,95.27299840333123,95.15133413523944,95.16080928674286,2662.255489326741,-0.000396630864450076,95.8590854170574,96.2709347034507,0.31513074847199973
2025-07-07 22:50:00,95.16080928674286,95.18809050205968,95.03614065272347,95.0782081439259,3931.981875788958,-0.000868016397044924,95.70290996243111,96.16250501622117,0.30103615130744493
2025-07-08 02:50:00,95.0782081439259,95.10935108607356,94.82316573107094,94.90365525241698,3976.951142705426,-0.001835887475337028,95.54305902042829,96.0480641286026,0.2989225662986022
2025-07-08 06:50:00,94.90365525241698,95.0094006647156,94.86956843771308,94.94848550600351,2036.0595913527202,0.0004723764692444732,95.42414431754334,95.94810243563904,0.2840175122575549
2025-07-08 10:50:00,94.94848550600351,95.01732756457255,94.70137720611936,94.77649833212884,2749.0047792878945,-0.0018113735354293725,95.29461512046045,95.84159297168357,0.29377359708206746
2025-07-08 14:50:00,94.77649833212884,94.95162464035062,94.76369058274717,94.94805667771531,4060.9090219083173,0.0018101359367095338,95.22530343191143,95.76036239950463,0.2992284626823789
2025-07-08 18:50:00,94.94805667771531,95.04284300649955,94.88721635658197,94.97953453680434,9418.919689339169,0.0003315271548514076,95.17614965289002,95.68937804835005,0.28538373024325175
2025-07-08 22:50:00,94.97953453680434,95.22151319081016,94.92834448243403,95.18624174209616,1180.568266331718,0.002176334157667714,95.17816807073125,95.64363838414515,0.2708974716824376
2025-07-09 02:50:00,95.18624174209616,95.20468149094613,95.07072471952581,95.13022887062009,2241.945427160553,-0.0005884555420082593,95.16858023070903,95.5969647920065,0.2641579124197711
2025-07-09 06:50:00,95.13022887062009,95.22983651900623,95.11198152758276,95.21159597887522,1483.8641301176804,0.0008553233732444543,95.17718338034227,95.56193126354002,0.2528687790238422
2025-07-09 10:50:00,95.21159597887522,95.2705896318525,94.84308557605658,94.92343209635266,4290.593767334618,-0.003026562884068329,95.12643312354434,95.5038858847048,0.26801846529030676
2025-07-09 14:50:00,94.92343209635266,94.94199314724938,94.63439303530723,94.71973323759848,1451.686350562443,-0.002145928083883586,95.04509314635517,95.43259928042241,0.2478769743853653
2025-07-09 18:50:00,94.71973323759848,95.01078419671187,94.66286078736132,94.96917111451341,5951.687372594653,0.0026334309482189955,95.02990873998682,95.39046944715795,0.2433186277257166
2025-07-09 22:50:00,94.96917111451341,95.18468763699461,94.9374101472805,95.11711373802521,2084.3062198141806,0.0015577963014272722,95.04734973959451,95.36561892814588,0.23103059310214138
2025-07-10 02:50:00,95.11711373802521,95.13430417659097,95.03998735961225,95.06682954281017,2845.2993856054773,-0.0005286556040118295,95.05124570023764,95.33845625675173,0.2290772037369219
2025-07-10 06:50:00,95.06682954281017,95.12311334007747,94.96306840227008,95.00046397621146,2055.8371542783975,-0.0006980938242904244,95.0410893554324,95.30772968579352,0.22965542434200614
2025-07-10 10:50:00,95.00046397621146,95.05182321041343,94.94789150368493,95.02188805485068,4433.177540184222,0.00022551551584615304,95.03724909531606,95.28174408298052,0.21663730660814093
2025-07-10 14:50:00,95.02188805485068,95.3139572887957,95.00998695985282,95.27391410450583,2983.188435022339,0.0026522946956144544,95.08458209715401,95.28103226675555,0.22836145674673855
2025-07-10 18:50:00,95.27391410450583,95.47572566086916,95.24688991871594,95.40772011895471,1688.8315432512045,0.0014044349464021888,95.14920970151415,95.29254934422819,0.2221389841538835
2025-07-10 22:50:00,95.40772011895471,95.46330463741167,95.32251996834643,95.3812003325589,3963.4398905967587,-0.00027796268858271134,95.19560782772311,95.30060852498552,0.2187711706868691
2025-07-11 02:50:00,95.3812003325589,95.46041702286149,95.31799789991629,95.40083319949852,3640.193818926098,0.00020583581325417377,95.23665290207819,95.30971985903216,0.21782777590312769
2025-07-11 06:50:00,95.40083319949852,95.61967930117697,95.38294366567976,95.61622927279872,5566.61607859574,0.0022578007557834123,95.3125681762223,95.33758435119275,0.21379684212606215
2025-07-11 10:50:00,95.61622927279872,95.64862658316046,95.58121165882147,95.5850619205815,6509.074922294811,-0.00032596299241527404,95.36706692509415,95.36008231204627,0.20904385304882464
2025-07-11 14:50:00,95.5850619205815,95.66372694410778,95.40740299912774,95.42420639498332,11016.320309591045,-0.0016828521357430404,95.37849481907199,95.36591177413146,0.21893449258857953
2025-07-11 18:50:00,95.42420639498332,95.4846897293045,95.26600684446022,95.34358818437828,4054.378103175379,-0.000844840252287149,95.37151349213325,95.36388235688116,0.2040186946634626
2025-07-11 22:50:00,95.34358818437828,95.47235888138256,95.31848873114463,95.41565058766753,1817.0122143666463,0.0007558180330899944,95.38034091124011,95.36858855967992,0.1930379831131615
2025-07-12 02:50:00,95.41565058766753,95.50312465154406,95.1354395079908,95.2052031868959,5763.079799074259,-0.002205585765809648,95.34531336637127,95.35373534397228,0.19444953555621275
2025-07-12 06:50:00,95.2052031868959,95.20838302474284,94.76566541850778,94.78248207033066,2042.4453245458226,-0.004440105187690224,95.23274710716315,95.30180322818667,0.20840954387913818
2025-07-12 10:50:00,94.78248207033066,94.82621635995262,94.43730466928751,94.45852816424618,2843.6417589817347,-0.0034178668780175947,95.07790331857976,95.22514185873753,0.22945203485673765
2025-07-12 14:50:00,94.45852816424618,94.53666577082298,94.43268094286105,94.48231889332746,2639.0952514769683,0.00025186427889201113,94.9587864335293,95.1576124982457,0.22544774129634756
2025-07-12 18:50:00,94.48231889332746,94.48307212796529,94.0679535878307,94.11711450545013,2407.3949521721715,-0.0038653199048771514,94.79045204791346,95.06302177162792,0.2476753722539249
2025-07-12 22:50:00,94.11711450545013,94.4069321517402,94.08297645824487,94.34440539578884,4718.465896558134,0.0024149793747187953,94.70124271748854,94.997693010188,0.24910289829338492
2025-07-13 02:50:00,94.34440539578884,94.38003146600347,94.15585112956934,94.19114343623588,3026.2507595502584,-0.001624494413950739,94.59922286123802,94.92437032164689,0.24877036931344979
2025-07-13 06:50:00,94.19114343623588,94.22856444789693,93.94443254838319,93.96582043063664,3227.179926653939,-0.002392188876566448,94.47254237511775,94.83722942246413,0.2590094572026282
2025-07-13 10:50:00,93.96582043063664,94.05057638318226,93.91564398700729,93.97370852933726,3563.3184732763057,8.394646760345736e-05,94.37277560596166,94.75872752308896,0.258474691004755
2025-07-13 14:50:00,93.97370852933726,94.00347520718358,93.72186262331874,93.7681441550255,2844.7394650058322,-0.0021874668726901136,94.25184931577444,94.66867448962864,0.2616801873167286
2025-07-13 18:50:00,93.7681441550255,93.84448253620359,93.66821900743619,93.67866030167004,3848.9142160746915,-0.0009543097409234758,94.13721151295356,94.57867319981422,0.2694550876330431
2025-07-13 22:50:00,93.67866030167004,93.73234415220162,93.35688083223788,93.41639626260294,1681.2461585863718,-0.0027996134682384266,93.99304846288344,94.47301166006774,0.27796504298902186
2025-07-14 02:50:00,93.41639626260294,93.55810029881968,93.38554195895904,93.48235466738369,2185.5178162006805,0.0007060688211020238,93.89090970378349,94.38295193346009,0.2746704326330475
2025-07-14 06:50:00,93.48235466738369,93.5179529451825,93.22286413655539,93.22990527488697,3540.566030100243,-0.0027005031419560233,93.7587088180042,94.27812950995344,0.28475747966084597
2025-07-14 10:50:00,93.22990527488697,93.24581372528283,92.95413663714143,92.96219463464693,2456.0618680719626,-0.0028715103748169213,93.59940598133275,94.15849906674376,0.27932833284571296
2025-07-14 14:50:00,92.96219463464693,93.01739270824916,92.77347627744889,92.82477677203458,1568.6033559139871,-0.0014782123330072672,93.44448013947311,94.03725158540655,0.26512824888608477
2025-07-14 18:50:00,92.82477677203458,93.01095664421094,92.77137448756835,92.96342694592894,2232.6016285899727,0.001493676351464579,93.34826950076429,93.93963116363585,0.2544618535987614
2025-07-14 22:50:00,92.96342694592894,93.10814842238459,92.8942124313733,93.10116567311675,2995.5398774140203,0.0014816442520768636,93.29884873523478,93.8634070281341,0.26231550810228704
2025-07-15 02:50:00,93.10116567311675,93.16105358664682,93.06007426238907,93.07441369923978,2118.399411126494,-0.00028734306046063196,93.25396172803579,93.79168036187099,0.23987699268251308
2025-07-15 06:50:00,93.07441369923978,93.3891274184535,93.04211053424008,93.2995727744079,1725.4917939413049,0.002419129664310349,93.26308393731021,93.74694330846525,0.2415242205909485
2025-07-15 10:50:00,93.2995727744079,93.36540661640299,93.09871063717999,93.14368200823341,5561.65703176913,-0.001670862593888045,93.23920355149485,93.69210137208053,0.24456105221872498
2025-07-15 14:50:00,93.14368200823341,93.26768742407886,93.09916158302809,93.25826991730615,1450.6407147127954,0.0012302273927995433,93.24301682465712,93.65266214891922,0.23630347661422693
2025-07-15 18:50:00,93.25826991730615,93.5800147964846,93.20260989135453,93.53339145224791,5189.087350539495,0.002950103354755651,93.30109175017529,93.64181935831273,0.2536229415395915
2025-07-15 22:50:00,93.53339145224791,93.64279991540377,93.49370969359104,93.59920092463925,1713.8922118090181,0.0007035933517383075,93.36071358506808,93.6379449552515,0.244157058535869
2025-07-16 02:50:00,93.59920092463925,93.90170166376997,93.55915099656531,93.84531079786326,3919.7780445185836,0.002629401434977696,93.45763302762712,93.65679639548893,0.2560347112813882
2025-07-16 06:50:00,93.84531079786326,93.90852509279634,93.7809342994578,93.80136413049587,5291.026411268723,-0.0004682883672477711,93.52637924820088,93.66993891685318,0.23832953080815958
2025-07-16 10:50:00,93.80136413049587,93.89345941247507,93.37508230248606,93.46127087073293,2948.4798693070315,-0.00362567498794375,93.51335757270729,93.65096909447861,0.2630308715316139
2025-07-16 14:50:00,93.46127087073293,93.73287893363754,93.38108094539537,93.6430514690906,1620.4986069526979,0.0019449831643001403,93.53929635198395,93.65024931035242,0.26708152721840356
2025-07-16 18:50:00,93.6430514690906,93.72257743792743,93.59613288767943,93.63207184723888,1353.1927233382698,-0.00011724972306503822,93.55785145103494,93.64859681370574,0.2552792030831605
2025-07-16 22:50:00,93.63207184723888,93.65246186392969,93.37877623821763,93.37977927219704,2051.9246789667136,-0.002694510225657032,93.52223701526736,93.62415885538677,0.25740557414828863
2025-07-17 02:50:00,93.37977927219704,93.41124859619117,93.26598702342262,93.3361362563279,1247.7441980452234,-0.0004673711611795639,93.48501686347947,93.59797498274504,0.2506683895858574
2025-07-17 06:50:00,93.3361362563279,93.41069452184912,93.24181479361121,93.25986684514223,5952.841712612531,-0.0008171477226807111,93.43998685981202,93.5672378793266,0.24745008510204514
2025-07-17 10:50:00,93.25986684514223,93.42488083048899,93.25360669905696,93.36567220351458,3764.144935693136,0.0011345218683191938,93.42512392855254,93.54891372698005,0.2524711427573507
2025-07-17 14:50:00,93.36567220351458,93.36616528243326,93.22487864791421,93.26011922807561,5517.4790240092125,-0.0011305330208396525,93.39212298845716,93.5226596816251,0.23777612492203865
2025-07-17 18:50:00,93.26011922807561,93.27513682267595,92.88879450351679,92.92738965686695,2874.667948318312,-0.003567758372632346,93.29917632213912,93.4685442248289,0.24632229206033532
2025-07-17 22:50:00,92.92738965686695,93.09970392777544,92.88450437668924,93.07001657623289,3620.169223413521,0.0015348211102517162,93.25334437295787,93.4323144385929,0.2496561284914378
2025-07-18 02:50:00,93.07001657623289,93.10142528154249,92.85633082446547,92.90174375519294,3598.032365283828,-0.0018080239719535651,93.1830242494049,93.384080740102,0.2402053822019334
2025-07-18 06:50:00,92.90174375519294,93.14749777054482,92.86168899535956,93.10272131710094,652.3211948626787,0.0021633346564258193,93.16696366294411,93.35850261073826,0.24997099315711427
2025-07-18 10:50:00,93.10272131710094,93.16194946483152,92.98702855970286,93.05636535919554,4074.4130903491687,-0.0004979012133009553,93.1448440021944,93.33103558787073,0.237997438723114
2025-07-18 14:50:00,93.05636535919554,93.28125670568043,92.99941878377469,93.19788424153053,3318.49084908887,0.0015207866951254534,93.15545205006163,93.31893092002161,0.24901509076362874
2025-07-18 18:50:00,93.19788424153053,93.45401754735258,93.16904150114217,93.43688629156216,8783.792443551627,0.0025644578949048924,93.21173889836174,93.32965413561621,0.23234358620801437
2025-07-18 22:50:00,93.43688629156216,93.55201171607513,93.40504729999078,93.50986662531653,4209.769802496241,0.0007810655582705106,93.2713644437527,93.34603708922533,0.2177126167681698
2025-07-19 02:50:00,93.50986662531653,93.55238389840777,93.3983852192345,93.4738806131157,3697.869132831872,-0.0003848365258077857,93.3118676776253,93.35765922776082,0.21968076883426083
2025-07-19 06:50:00,93.4738806131157,93.48394586118815,93.3925552898041,93.44366689590366,1009.9613846520575,-0.0003232316558792192,93.33822752128097,93.3654781066829,0.20665969352511734
2025-07-19 10:50:00,93.44366689590366,93.45589424550514,93.10805322542636,93.19680434391321,2261.2414177635637,-0.00264183288382136,93.30994288580742,93.35014412824928,0.2211296540472765
2025-07-19 14:50:00,93.19680434391321,93.41832738666501,93.1050370338341,93.35455859115987,6270.512053323608,0.0016927001774065253,93.31886602687791,93.35054544305933,0.23144469866106274
2025-07-19 18:50:00,93.35455859115987,93.40620074465266,93.25929284736432,93.32473107096102,3069.66495311873,-0.00031950791315371596,93.32003903569453,93.34819868195949,0.22970425336508526
2025-07-19 22:50:00,93.32473107096102,93.53843989876081,93.29110960251133,93.49612665086376,1166.5548208664786,0.001836550482769761,93.35525655872839,93.3616466791326,0.2372788006315452
2025-07-20 02:50:00,93.49612665086376,93.5997229994359,93.45048455855934,93.57909396863536,2338.0093653411914,0.0008873877533068786,93.40002404070978,93.38141461454194,0.22034280932564546
2025-07-20 06:50:00,93.57909396863536,93.63324791343656,93.41382320642093,93.49861562715762,2038.0959118568933,-0.0008600034266704748,93.41974235799935,93.39206925205245,0.2206446061777478
2025-07-20 10:50:00,93.49861562715762,93.60362600570336,93.41553363237735,93.51861065859953,2146.7209987100823,0.00021385377000271433,93.43951601811939,93.403573016284,0.216573028766962
2025-07-20 14:50:00,93.51861065859953,93.63301866096322,93.43478039576009,93.59166301396674,4242.903344924126,0.000781153129336909,93.46994541728887,93.42067210698242,0.21031799233966705
2025-07-20 18:50:00,93.59166301396674,93.67918676359572,93.06683473733061,93.14089108296344,2313.5132920305564,-0.0048163684294831866,93.40413455042379,93.39523746843524,0.24156307242084246
2025-07-20 22:50:00,93.14089108296344,93.45403113761695,93.0488397609294,93.4287369073653,3155.356316832236,0.0030904345132953814,93.4090550218121,93.39828287197433,0.2503740334766858
2025-07-21 02:50:00,93.4287369073653,93.68827979094387,93.37198065892939,93.62024650507344,3257.927290121339,0.002049793286812873,93.45129331846437,93.41846138407425,0.2526113967484055
2025-07-21 06:50:00,93.62024650507344,93.6680898905547,93.47673072963465,93.54477414265688,4948.063704945829,-0.000806154280019622,93.46998948330287,93.42994436212722,0.25578244995095545
2025-07-21 10:50:00,93.54477414265688,93.94986880363759,93.53178191074244,93.94207623421745,4325.904779848261,0.00424718638963939,93.56440683348579,93.4765018050445,0.27464589378823234
2025-07-21 14:50:00,93.94207623421745,93.996096602503,93.72421732538245,93.81486985373695,3707.219300117739,-0.0013540937733093061,93.61449943753603,93.50726253674381,0.2875379441979819
2025-07-21 18:50:00,93.81486985373695,93.87334395926555,93.6429435697838,93.70124494419046,4581.294829382011,-0.0012111609782504695,93.63184853886692,93.52489730105714,0.2791493277267664
2025-07-21 22:50:00,93.70124494419046,93.71850213759761,93.63019818616505,93.68705421868871,2811.940402487656,-0.00015144649903209295,93.64288967483128,93.53963883902364,0.26307887048402684
2025-07-22 02:50:00,93.68705421868871,93.87668982080883,93.62959781943486,93.8294760330172,3552.578126725821,0.0015201867057965668,93.68020694646847,93.56598767484122,0.27023487791871453
2025-07-22 06:50:00,93.8294760330172,93.87410764928772,93.56087986125715,93.6329599141334,7044.214937407174,-0.002094396422022582,93.67075754000146,93.57207606023142,0.27494184161736357
2025-07-22 10:50:00,93.6329599141334,93.69731762231841,93.34464979408936,93.42622231426732,4176.506268364591,-0.00220795754033265,93.62185049485464,93.55881662878014,0.28947251214254116
2025-07-22 14:50:00,93.42622231426732,93.44227603823752,93.17440973714079,93.25740174723592,3195.4677737114343,-0.0018069933991714526,93.5489607453309,93.53141527591248,0.2929326260054767
2025-07-22 18:50:00,93.25740174723592,93.68356973796644,93.16491658460825,93.59595129695593,1496.2960623331535,0.003630270020149373,93.55835885565591,93.53728218691643,0.316544110293489
2025-07-22 22:50:00,93.59595129695593,93.68444514503945,93.57033224731228,93.61762616492905,3639.2029378688726,0.00023157911931837027,93.57021231751054,93.54458618491758,0.31053515547377736
2025-07-23 02:50:00,93.61762616492905,93.7009272819746,93.6110701058608,93.69510112887922,3553.9025111560068,0.0008275681313867356,93.59519007978427,93.55826936164136,0.27321409474868324
2025-07-23 06:50:00,93.69510112887922,93.74256431613863,93.48366695626943,93.5648498453872,7313.022290508177,-0.0013901610855070468,93.58912203290487,93.55886758743644,0.2627645221188004
2025-07-23 10:50:00,93.5648498453872,93.6472779412475,93.453656694953,93.48515558453498,6519.312246905802,-0.000851754275071448,93.5683287432309,93.55216649626358,0.2540018159959447
2025-07-23 14:50:00,93.48515558453498,93.52780016725225,93.4381902664251,93.52479226887415,2714.3245073650764,0.0004239890717552264,93.55962144835955,93.54967793013726,0.24673401170359557
2025-07-23 18:50:00,93.52479226887415,93.62963950550454,93.5143388457363,93.57826600173613,2278.5026983315943,0.000571759974705266,93.56335035903487,93.55227684573715,0.22510642362310204
2025-07-23 22:50:00,93.57826600173613,93.62292599590663,93.36074389352699,93.39625648856605,1218.714496242014,-0.0019449977109716743,93.52993158494111,93.53809317690342,0.22441376828446583
2025-07-24 02:50:00,93.39625648856605,93.47332291597567,93.11651272907787,93.18160650137447,901.7517882596161,-0.002298271850091349,93.4602665682278,93.50568529730987,0.23344303952846904
2025-07-24 06:50:00,93.18160650137447,93.22507760532233,92.8067170770855,92.84614555698835,3211.471028878274,-0.0036000768497287394,93.33744236597991,93.44572713909882,0.2570185093002024
2025-07-24 10:50:00,92.84614555698835,92.8956557062344,92.60732274041568,92.62736577528034,3841.016512572487,-0.0023563690274436278,93.19542704784,93.37133065147896,0.25996429247482666
2025-07-24 14:50:00,92.62736577528034,92.70424305436467,92.58658861729126,92.70168469815717,3006.790602174545,0.0008023430468391268,93.09667857790343,93.31045374663152,0.24599476740645798
2025-07-24 18:50:00,92.70168469815717,92.73763104749871,92.31280193351064,92.38939215744497,4476.253114924751,-0.0033687903486224746,92.95522129381175,93.22672087488729,0.2511491449606739
2025-07-24 22:50:00,92.38939215744497,92.47087567699914,91.94662264494372,92.03858518975007,2755.4042577584023,-0.003797048118869384,92.77189407299942,93.11870853987482,0.269462482886295
2025-07-25 02:50:00,92.03858518975007,92.30449732266065,91.97680980770163,92.24241259844135,1364.71080360337,0.002214586504899696,92.6659977780878,93.03904527247177,0.25582208014349767
2025-07-25 06:50:00,92.24241259844135,92.4682356058772,92.22616283880373,92.44770898517818,4234.43362201424,0.0022256181397872776,92.62234001950588,92.98528742817234,0.2649620708110904
2025-07-25 10:50:00,92.44770898517818,92.4556449185207,92.20533356521547,92.25073128985765,2082.905557124673,-0.002130693096484504,92.54801827357625,92.91850959741646,0.27642308346762184
2025-07-25 14:50:00,92.25073128985765,92.27674539371351,92.16807861709655,92.20117182862523,6105.040170219561,-0.000537225673330477,92.47864898458604,92.8532970729809,0.2656923275210334
2025-07-25 18:50:00,92.20117182862523,92.3982386526886,92.16694035791605,92.38508830876432,1551.383615173331,0.0019947303975804687,92.45993684942171,92.8107326398703,0.2683835452694662
2025-07-25 22:50:00,92.38508830876432,92.45959414751731,92.27846058038587,92.31893435008396,3026.458901722897,-0.0007160674941313339,92.43173634955417,92.76602370443517,0.27492095000548644
2025-07-26 02:50:00,92.31893435008396,92.38722056911395,92.14012272228837,92.18780734172827,2803.429768070174,-0.0014203696054206905,92.382950547989,92.71345858055273,0.28433503479529676
2025-07-26 06:50:00,92.18780734172827,92.27812048531484,91.929774765924,91.99624243944973,1892.1316265609269,-0.0020779852325637505,92.30560892628115,92.64825711317972,0.29048957886752597
2025-07-26 10:50:00,91.99624243944973,92.07217910742283,91.97036538320233,91.9790431826223,3371.0239977762462,-0.00018695607963281624,92.24029577754939,92.58741948312904,0.27227554581914654
2025-07-26 14:50:00,91.9790431826223,92.16636490368658,91.9085038862771,92.14275082366146,3212.729032970745,0.0017798363124317262,92.22078678677181,92.54699505954108,0.26081129504576445
2025-07-26 18:50:00,92.14275082366146,92.16653927415867,91.47646244436548,91.55698775632659,1952.8708913729804,-0.006357125895404159,92.08802698068277,92.45699439561248,0.2895072853296554
2025-07-26 22:50:00,91.55698775632659,91.63237657444745,91.4882236364895,91.59179396372029,4042.6904058398186,0.00038015893976695025,91.98878037729028,92.37833981089501,0.29140003539283704
2025-07-27 02:50:00,91.59179396372029,91.61189708232952,91.26546181233813,91.30288846884615,5306.601174713401,-0.003154272695964244,91.85160199560146,92.28057150707238,0.28580047510736
2025-07-27 06:50:00,91.30288846884615,91.33212000987385,91.02640428644412,91.08619743118231,2537.537521862998,-0.0023733207272820245,91.69852108271763,92.17199204562783,0.2701906673483815
2025-07-27 10:50:00,91.08619743118231,91.15112237891708,90.99915118845539,91.14019968334783,4875.4029455703985,0.000592869761703696,91.58685680284368,92.07819273996601,0.25763950131285795
2025-07-27 14:50:00,91.14019968334783,91.32566593258242,91.11085156051412,91.25845563082736,1093.8013051381447,0.001297516879383398,91.52117656844042,92.00367118458976,0.2556924730982035
2025-07-27 18:50:00,91.25845563082736,91.53072935386277,91.21531925334214,91.4766200715495,2755.2031661976926,0.002390621660361081,91.51226526906224,91.95575744704064,0.26034238361358825
2025-07-27 22:50:00,91.4766200715495,91.55633585258269,91.28021632405036,91.35141365315775,2372.453639060738,-0.0013687258918598788,91.48009494588135,91.9008171021422,0.27230329446468665
2025-07-28 02:50:00,91.35141365315775,91.44390270250277,91.32588228911675,91.40317562441945,3943.078629227481,0.0005666247427569271,91.46471108158897,91.85557696780377,0.26421201722279114
2025-07-28 06:50:00,91.40317562441945,91.40515490466075,90.88288490085634,90.95503817336336,1742.2568697302936,-0.004902865223167963,91.36277649994385,91.77370980467282,0.28857890555657456
2025-07-28 10:50:00,90.95503817336336,91.00433408678312,90.93089301821324,90.96622044462808,2815.4993539013385,0.00012294284614999818,91.2834652888807,91.70030168103239,0.2761748499668814
2025-07-28 14:50:00,90.96622044462808,91.05252958379889,90.66516772508535,90.68211693555332,1731.8633011288077,-0.0031231759183365515,91.16319561821523,91.60773943144338,0.2789617170613588
2025-07-28 18:50:00,90.68211693555332,90.76363215697741,90.56978810447134,90.58491129506905,2436.443717826381,-0.0010719383685469097,91.047538753586,91.51475505540934,0.2855353119388998
2025-07-28 22:50:00,90.58491129506905,90.61635037034422,90.50137541854535,90.54474062607132,1885.2271077958444,-0.0004434587220257802,90.94697912808307,91.42657192546952,0.2753291643952847
2025-07-29 02:50:00,90.54474062607132,90.9678395479398,90.47211551801927,90.90172594475517,5180.660946211085,0.00394264002763145,90.9379284914175,91.37885865449549,0.26144682154723853
2025-07-29 06:50:00,90.90172594475517,90.93993269808978,90.82607192290448,90.82777699454047,3843.6820072518967,-0.0008135043580981272,90.91589819204209,91.32876032177231,0.25928309563490615
2025-07-29 10:50:00,90.82777699454047,91.17626000990485,90.79649519423886,91.10736372615887,2527.5156487911295,0.0030782073597948045,90.95419129886545,91.30863335853472,0.2616637774688065
2025-07-29 14:50:00,91.10736372615887,91.34491604604847,91.09297566042359,91.26248218113963,1405.9943829000524,0.0017025896550690867,91.0158494753203,91.30443779695335,0.25782268191131713
2025-07-29 18:50:00,91.26248218113963,91.45962849440066,91.23369870691566,91.43131469572184,1819.994464542537,0.0018499662791013893,91.09894251940061,91.31597206047776,0.2631054388415533
2025-07-29 22:50:00,91.43131469572184,91.47717080439668,91.22090226947022,91.28786225574424,977.7938759334429,-0.0015689639862993543,91.13672646666934,91.3134166236838,0.26606645047427896
2025-07-30 02:50:00,91.28786225574424,91.53467141927358,91.25976645543909,91.50773520543241,1677.1824904196615,0.002408567187959676,91.21092821442197,91.33108194929731,0.26317322642526925
2025-07-30 06:50:00,91.50773520543241,91.71652814860842,91.43834684147849,91.64547437304074,1757.2645774601572,0.0015052188462441052,91.29783744614573,91.35966307872853,0.2633204963250973
2025-07-30 10:50:00,91.64547437304074,91.99647180790402,91.57180745162674,91.97710686766328,1513.9125673321403,0.003618645622070149,91.43369133044925,91.41579433226805,0.28522363510304416
2025-07-30 14:50:00,91.97710686766328,92.05003500149311,91.83913448020621,91.91085799691756,1809.4587635881123,-0.0007202756533867261,91.52912466374292,91.46080011996345,0.2629829577803652
2025-07-30 18:50:00,91.91085799691756,92.17895178335671,91.9055961077101,92.11032893715225,4216.625158451773,0.0021702652394059996,91.6453655184248,91.51984819425334,0.27726257257156056
2025-07-30 22:50:00,92.11032893715225,92.16273547597557,92.00088259743636,92.08402256485458,1873.6098533011443,-0.00028559633432223563,91.73309692771076,91.5711367733989,0.26115478827339444
2025-07-31 02:50:00,92.08402256485458,92.23417145912862,92.07638833658697,92.20380718285715,7902.348851350575,0.0013008186943419542,91.82723897874004,91.62865226516783,0.2585790075616501
2025-07-31 06:50:00,92.20380718285715,92.43192452751587,92.11637813211982,92.34505591301009,1655.1850866903903,0.0015319186318718536,91.93080236559405,91.69377986951713,0.2729055392471632
2025-07-31 10:50:00,92.34505591301009,92.52248571822189,92.29144364349861,92.44219533218826,4697.491695720132,0.0010519179204317997,92.03308095891289,91.76181763885087,0.25399968530450173
2025-07-31 14:50:00,92.44219533218826,92.58978885280249,92.40650245434267,92.55952353075246,3949.863136879053,0.0012692061037991031,92.1383694732808,91.83433635629646,0.2589586583955383
2025-07-31 18:50:00,92.55952353075246,92.61353659912089,92.32738583597715,92.36068338539563,7872.225636597972,-0.0021482408051805013,92.18283225570377,91.88218608621456,0.2522719403582343
2025-07-31 22:50:00,92.36068338539563,92.44161070264191,91.72551488751976,91.76604709307425,5088.763249005104,-0.00643819719089922,92.09947522317788,91.87162799592907,0.28542589960803916
2025-08-01 02:50:00,91.76604709307425,91.84991202117565,91.7014436724307,91.80425859007735,1299.8786686265973,0.0004164012531164829,92.04043189655778,91.865503504488,0.27989293969803597
2025-08-01 06:50:00,91.80425859007735,92.09570502333477,91.76827731407768,92.03807455155975,5718.932714324693,0.002546896680756694,92.03996042755817,91.88119178149452,0.28497573786450964
2025-08-01 10:50:00,92.03807455155975,92.32415238282042,92.00289862227487,92.30281224360557,2530.09475349824,0.0028763932028752492,92.09253079076765,91.91952091441371,0.2882863662010138
2025-08-01 14:50:00,92.30281224360557,92.39087767291096,92.2183069298187,92.26606790342572,1959.6516765464282,-0.0003980847309709157,92.12723821329926,91.95102518614208,0.28074275448403796
2025-08-01 18:50:00,92.26606790342572,92.34253417272089,92.07223671349742,92.11583795372255,1806.90559939433,-0.001628225339140088,92.12495816138393,91.96600816501302,0.26971654755162333
2025-08-01 22:50:00,92.11583795372255,92.20696622946494,91.71133978245766,91.79334190656228,2043.6343374200333,-0.003500983699700866,92.0586349104196,91.95031123242659,0.2900541136745076
2025-08-02 02:50:00,91.79334190656228,91.8740992070194,91.7556797325032,91.79898614125985,2363.23589177209,6.148849775300391e-05,92.00670515658766,91.93655440595688,0.27898724216519255
2025-08-02 06:50:00,91.79898614125985,92.0802348182049,91.78831530778713,92.03462142716471,9753.42136359361,0.0025668615287566254,92.01228841070308,91.94546958970305,0.2882777158708042
2025-08-02 10:50:00,92.03462142716471,92.05041911438198,91.96437545580808,92.04499066291119,4617.440961633194,0.00011266668548959302,92.0188288611447,91.95451695999469,0.28315346844453665
2025-08-02 14:50:00,92.04499066291119,92.11716516247643,91.91420707424203,91.95282800385903,1234.2364566210515,-0.0010012783790666058,92.00562868968757,91.9543634185278,0.2751114465044182
2025-08-02 18:50:00,91.95282800385903,91.97042313729024,91.86697428312858,91.88091024766139,1526.6595710982103,-0.0007821157626018982,91.98068500128234,91.94768585753995,0.265997645035731
2025-08-02 22:50:00,91.88091024766139,92.15584135822421,91.87302314081349,92.15009932665005,2930.4118921081845,0.002929760689821981,92.01456786635589,91.9660870820045,0.2731070606750815
2025-08-03 02:50:00,92.15009932665005,92.39184250291052,92.12884383997412,92.35718816311548,3057.146962448502,0.002247299112845713,92.08309192570782,92.00164172574186,0.27145333923170006
2025-08-03 06:50:00,92.35718816311548,92.70417988170205,92.35540668390921,92.62034974473923,3287.7219208280935,0.0028493892771936924,92.19054348951411,92.05788790928707,0.2452160094224638
2025-08-03 10:50:00,92.62034974473923,92.63023008131928,92.4181101900531,92.4583755806974,2757.7470816157443,-0.0017487967221914147,92.24410990775078,92.09429587941528,0.24976254817398008
2025-08-03 14:50:00,92.4583755806974,92.55994997085328,92.45687960126752,92.55854482664516,4336.256739564577,0.001083398289431603,92.30699689152966,92.13650032916345,0.2337370239117423
2025-08-03 18:50:00,92.55854482664516,92.75446045822052,92.55156800394396,92.72706707287496,2144.9888505721015,0.0018207097631603997,92.39101092779873,92.19018821495541,0.22528264489252944
2025-08-03 22:50:00,92.72706707287496,92.81160150743048,92.44084319007564,92.51430537716968,6255.408750807562,-0.0022944939640771045,92.41566981767292,92.21965341152034,0.23943890019699918
2025-08-04 02:50:00,92.51430537716968,92.77361095312376,92.44813422606002,92.73734250052708,2655.3329900259096,0.0024108393015340734,92.48000435424376,92.2667160559755,0.24338027647130442
2025-08-04 06:50:00,92.73734250052708,92.75611470669591,92.49239125942583,92.53481263364746,2776.588141860203,-0.0021839084603751946,92.49096601012451,92.29108847212748,0.22681577649007575
2025-08-04 10:50:00,92.53481263364746,92.60750458505154,92.46269491264611,92.46322125202549,2418.6280914618387,-0.0007736697096411005,92.48541705850471,92.30673690666366,0.2287007906250206
2025-08-04 14:50:00,92.46322125202549,92.46603666880205,92.42331594400801,92.42352155751391,3152.0209529277013,-0.0004293566022686157,92.47303795830655,92.3173536931046,0.21090087736618252
2025-08-04 18:50:00,92.42352155751391,92.54268604870653,92.34470837562786,92.48334250726238,1421.758683280042,0.0006472481110908479,92.47509886809772,92.33244358530075,0.21889616411652316
2025-08-04 22:50:00,92.48334250726238,92.48822806127646,92.41720541174853,92.46617976758576,1675.3925434913417,-0.00018557655045037258,92.47331504799533,92.34460142005393,0.2094722042089186
2025-08-05 02:50:00,92.46617976758576,92.73009839194614,92.45558781411567,92.68893533486899,2145.2532449306727,0.0024090491014459037,92.51643910537007,92.37590450321893,0.221690898756691
2025-08-05 06:50:00,92.68893533486899,92.78077282448605,92.23843352684756,92.32714863188262,2380.5198145942754,-0.003903235069852684,92.47858101067258,92.37147215127926,0.24022811877296033
2025-08-05 10:50:00,92.32714863188262,92.56576103407639,92.2832992696611,92.55931876715778,6863.485680894383,0.0025146464362377774,92.49472856196962,92.38854911635913,0.24161834030716683
2025-08-05 14:50:00,92.55931876715778,92.58433121475296,92.15623382089622,92.19166784524697,2668.6605846325792,-0.0039720573444979035,92.4341164186251,92.3706508189853,0.2472843543117317
2025-08-05 18:50:00,92.19166784524697,92.28654312360659,92.15848788090692,92.28456480260694,2899.4452883917365,0.0010076502522538,92.40420609542147,92.36282481749635,0.24127973655698096
2025-08-05 22:50:00,92.28456480260694,92.3192178417832,91.8594227520376,91.89103745629612,2651.0779479010266,-0.00426428132540424,92.3015723675964,92.31993505738723,0.26676007371125465
2025-08-06 02:50:00,91.89103745629612,92.09622956243169,91.81276541795162,92.0697036910868,1957.8098619180944,0.001944327104541177,92.2551986322945,92.29718675135992,0.272515194440076
2025-08-06 06:50:00,92.0697036910868,92.23114567939689,92.05387996690763,92.21798293915728,4703.812684240285,0.0016105107557202736,92.24775549366706,92.28998640479604,0.2586942940925344
2025-08-06 10:50:00,92.21798293915728,92.37468488270814,92.217590295777,92.31445187316294,1955.4658521006,0.001046096769100835,92.26109476956624,92.29221053828394,0.24666699836877676
2025-08-06 14:50:00,92.31445187316294,92.47895393101145,92.2275962533204,92.45873538864424,4101.211207386778,0.0015629569645232433,92.30062289338184,92.30734916104396,0.24578372911313145
2025-08-06 18:50:00,92.45873538864424,92.51335956219641,92.23406930273548,92.31639401662243,2405.66730869488,-0.001539512425986489,92.30377711802996,92.308171420642,0.2553894853313819
2025-08-06 22:50:00,92.31639401662243,92.51494623762319,92.31024470918612,92.4288356302463,1955.101979935813,0.0012180026616250839,92.32878882047324,92.31914089424238,0.26695954273445566
2025-08-07 02:50:00,92.4288356302463,92.49478681150039,92.24396630359028,92.25670578724208,3615.0084039336143,-0.001862295914803136,92.31437221382701,92.31346497542417,0.27073403093670123
2025-08-07 06:50:00,92.25670578724208,92.31079428615544,92.16815958111273,92.24429206554831,2849.5198506907036,-0.0001345563077268519,92.30035618417128,92.30717652907181,0.27584917775918527
2025-08-07 10:50:00,92.24429206554831,92.28434068721069,92.21036576385744,92.25982911877124,3317.0179386548143,0.00016843376294639612,92.29225077109128,92.30287221904449,0.26152520243938376
2025-08-07 14:50:00,92.25982911877124,92.27507165505533,92.0515286352977,92.13382953404458,3389.5272102823565,-0.0013657036429630676,92.26056652368194,92.28750470222631,0.2387540397336078
2025-08-07 18:50:00,92.13382953404458,92.24258415828758,92.12811125718818,92.20401301890661,3035.388264382603,0.0007617558633672417,92.24925582272688,92.27991454919724,0.22675483521104464
2025-08-07 22:50:00,92.20401301890661,92.361975244508,92.19243230439251,92.29481708967519,5590.001040956698,0.0009848169054200717,92.25836807611654,92.28126932560433,0.20828665994381218
2025-08-08 02:50:00,92.29481708967519,92.32486950556945,92.03017965522237,92.06575933642227,8133.693079292394,-0.002481805159550432,92.2198463281777,92.26167750840595,0.22018913191862716
2025-08-08 06:50:00,92.06575933642227,92.36058111952161,91.98595295265902,92.29249281923425,1735.7482722535651,0.0024627340766665284,92.23437562638901,92.26447890029944,0.21410578028412683
2025-08-08 10:50:00,92.29249281923425,92.46433676942573,92.21431501803299,92.40353105057704,2574.254325846682,0.0012031122787015125,92.26820671122663,92.27712000487013,0.2117170379207463
2025-08-08 14:50:00,92.40353105057704,92.4141711020913,91.97916779700788,92.00557362056193,3660.1627000771673,-0.004306734012115676,92.2156800930937,92.25243396993302,0.2301268659631869
2025-08-08 18:50:00,92.00557362056193,92.2790219384636,91.98685951114793,92.21899126697343,6055.485119555048,0.0023196164972749678,92.21634232786964,92.24939372420943,0.23977456884779663
2025-08-08 22:50:00,92.21899126697343,92.24850404443984,92.12075931049694,92.12265133252907,4170.678465553119,-0.0010446864915867327,92.19760412880153,92.23787168860211,0.23094507286578647
2025-08-09 02:50:00,92.12265133252907,92.14608807401764,92.10370889042412,92.12855168496328,2812.574147879647,6.404887776101376e-05,92.18379364003388,92.22793350645313,0.2140228531609714
2025-08-09 06:50:00,92.12855168496328,92.52995420705449,92.0470901696663,92.52176230014409,1357.4571821586533,0.004268064655194026,92.25138737205593,92.25464521497048,0.23389160380033655
2025-08-09 10:50:00,92.52176230014409,92.5868124710977,92.49158959104628,92.5331328206389,2996.9114334170313,0.00012289563246659085,92.30773646177254,92.27996227003125,0.22277748752471638
2025-08-09 14:50:00,92.5331328206389,92.57578952785845,92.18447905588006,92.20058389776358,4074.725524959983,-0.0035938362048101302,92.28630594897075,92.27274605437054,0.24054004230583612
2025-08-09 18:50:00,92.20058389776358,92.22204975698462,92.12686305740026,92.1356436026945,6159.400241890371,-0.0007043371345791805,92.2561734797155,92.26028219512726,0.242055169179487
2025-08-09 22:50:00,92.1356436026945,92.35506210772678,92.09128267018134,92.28055515160239,2009.4984983130541,0.0015728066060163304,92.26104981409289,92.26212519117045,0.24492919902147342
2025-08-10 02:50:00,92.28055515160239,92.41241732868481,92.19597729935948,92.38553903776389,9086.338761157678,0.0011376598893346745,92.2859476588271,92.27334463176986,0.25221256532332503
2025-08-10 06:50:00,92.38553903776389,92.41159890330441,92.09028274430698,92.17784267828526,1727.8995539277482,-0.002248147942219947,92.26432666271873,92.26466263599853,0.26305350952917805
2025-08-10 10:50:00,92.17784267828526,92.26073968022743,92.1176161277226,92.2247839384004,4781.503701681683,0.0005092466774143656,92.25641811785506,92.26103729985324,0.2522273453975887
2025-08-10 14:50:00,92.2247839384004,92.47810042401467,92.15113501782142,92.44156812291631,6884.264917320675,0.0023506065859768555,92.29344811886732,92.27744919285897,0.24882286249263583
2025-08-10 18:50:00,92.44156812291631,92.44970077720558,92.26152171205968,92.32442927447113,1942.8182531490813,-0.001267166393038921,92.29964434998809,92.28172010936916,0.2444055277607191
2025-08-10 22:50:00,92.32442927447113,92.36032211682019,92.12312034142208,92.16696075979628,1759.899432016292,-0.001705599654525991,92.27310763194973,92.27128744122616,0.23027684706891044
2025-08-11 02:50:00,92.16696075979628,92.46801909109382,92.16027822035157,92.40341000271421,5991.2705533718345,0.002565444720849186,92.29916810610263,92.28329858317962,0.23138959302795165
2025-08-11 06:50:00,92.40341000271421,92.41610048566797,92.34830388812952,92.38969377723552,3669.979631273523,-0.00014843852059454044,92.31727324032921,92.29297087354833,0.22710758328477607
2025-08-11 10:50:00,92.38969377723552,92.43371268486584,92.11603561942185,92.17591460680119,5414.338616369593,-0.002313885474604871,92.28900151362362,92.28232939475313,0.2467717177026663
2025-08-11 14:50:00,92.17591460680119,92.60040954678148,92.14565570403906,92.56619353802662,1956.4633707850478,0.0042340662730635525,92.34443991850422,92.30813522595982,0.2447638466565404
2025-08-11 18:50:00,92.56619353802662,92.75362369658944,92.52107202210664,92.69431202909256,1635.4071647998258,0.0013840743166488867,92.41441434062189,92.34324220806279,0.254573046258782
2025-08-11 22:50:00,92.69431202909256,92.76976271625374,92.46612498334531,92.53739435572095,2192.8636362990683,-0.001692851157062969,92.43901034364171,92.36089240330443,0.248310707753785
2025-08-12 02:50:00,92.53739435572095,92.60256468177525,92.32397329942108,92.34730554781339,3440.856278883341,-0.0020541837084459003,92.42066938447606,92.35965723462343,0.26141104223734246
2025-08-12 06:50:00,92.34730554781339,92.50913520696388,92.29721136356291,92.44461734090301,2532.7097330959136,0.0010537588780998863,92.42545897576144,92.36738088064884,0.2577070712270232
2025-08-12 10:50:00,92.44461734090301,92.45542012478295,92.35808113036107,92.36393494866385,3472.2703224175993,-0.0008727646298932745,92.41315417034193,92.36706761410474,0.24919985444820522
2025-08-12 14:50:00,92.36393494866385,92.45501034459612,92.1396884088338,92.2127868546761,3888.418615875187,-0.0016364406093326567,92.37308070720876,92.35304209052032,0.24877169564569662
2025-08-12 18:50:00,92.2127868546761,92.26853979212531,92.11452108105462,92.17232500544313,6222.446273769464,-0.00043878783640638463,92.33292956685564,92.33661326460421,0.24954992125754366
2025-08-12 22:50:00,92.17232500544313,92.2141407836465,92.08247721949569,92.19463987176273,3613.624841582968,0.00024209941886876862,92.30527162783706,92.32370659252771,0.23559978968308368
2025-08-13 02:50:00,92.19463987176273,92.23180868991237,92.06975511414198,92.1250445108805,5289.535703244191,-0.0007548742636126482,92.26922620444574,92.30564640328706,0.2337336832991182
2025-08-13 06:50:00,92.1250445108805,92.17961154983422,91.96464632839125,92.04054724849978,2091.9142347599823,-0.0009172018622009004,92.22349041325656,92.28154648012458,0.23214535801660827
2025-08-13 10:50:00,92.04054724849978,92.06246286144828,92.01719605722343,92.04876807252207,8365.824483596925,8.931741789952596e-05,92.18854594510967,92.26038480670616,0.21339721040822265
2025-08-13 14:50:00,92.04876807252207,92.08645282440095,92.04153052375369,92.08141628057157,1566.8864787209593,0.000354683813082568,92.16712001220205,92.24411494069392,0.21176333205885203
2025-08-13 18:50:00,92.08141628057157,92.17883370103968,92.05810238812192,92.10483468427483,4330.673565935197,0.0002543228009428411,92.15466294661661,92.23145309920127,0.19769577830697824
2025-08-13 22:50:00,92.10483468427483,92.15330254410628,91.86151082402918,91.91801921811211,3870.8456458751803,-0.002028291639663782,92.10733420091572,92.20295911001135,0.18605562668802683
2025-08-14 02:50:00,91.91801921811211,92.13080497913842,91.90111548335841,92.07458339196515,2447.0642660234894,0.0017033023033441452,92.10078403912561,92.19128859018896,0.18585118535211262
2025-08-14 06:50:00,92.07458339196515,92.14911943886956,91.84300307388166,91.91954977107036,2076.960006070026,-0.0016837830287518285,92.06453718551457,92.16658506117818,0.18602823050064643
2025-08-14 10:50:00,91.91954977107036,91.99712166262525,91.91545715862502,91.94891468051617,4747.876776842514,0.00031946315575881457,92.0414126845149,92.14679684475436,0.1719620249039368
2025-08-14 14:50:00,91.94891468051617,92.02548720522164,91.75778816559026,91.79294121793788,3923.605061567574,-0.0016963056401506638,91.9917183911995,92.1146281514074,0.1759459674918235
2025-08-14 18:50:00,91.79294121793788,91.89382481945923,91.77055016765786,91.85729775532224,4184.729644441843,0.000701105515636069,91.96483426402405,92.09123447903602,0.17779851444750147
2025-08-14 22:50:00,91.85729775532224,92.00093857780767,91.82758747253126,91.91699045268462,2786.9032949736015,0.0006498416437350496,91.95526550175617,92.07539411300407,0.16765774084136556
2025-08-15 02:50:00,91.91699045268462,92.07901961176951,91.90893735747544,92.0189024577534,1705.6137145848202,0.001108739576512141,91.96799289295562,92.07025850798128,0.16880513678589285
2025-08-15 06:50:00,92.0189024577534,92.118292850315,91.98745152791733,92.03522757792048,1438.8352517919302,0.00017741050730935015,91.9814398299486,92.06707387797574,0.16874640523209702
2025-08-15 10:50:00,92.03522757792048,92.26199300578416,92.00791104122692,92.23620452406342,2339.376362106545,0.002183695867680635,92.03239276877157,92.08244939125645,0.17531986157401544
2025-08-15 14:50:00,92.23620452406342,92.78800990105617,92.23368055597923,92.71281272159861,7026.788051104424,0.005167257260795477,92.16847675933698,92.13975514856028,0.19956015611929903
2025-08-15 18:50:00,92.71281272159861,92.91867997291378,92.67335124457765,92.88349564728765,3047.4261203530227,0.0018409853037417712,92.31148053692712,92.20736792117185,0.21385029355581914
2025-08-15 22:50:00,92.88349564728765,93.00597266463454,92.80053891339456,92.96338757291882,2540.974623314251,0.0008601304793109943,92.44186194412546,92.27609698042157,0.22531539716958499
2025-08-16 02:50:00,92.96338757291882,93.21093667618746,92.96298290956214,93.14192903368951,2520.6614078073926,0.0019205567420899072,92.58187536203828,92.35480898526411,0.23440271529155357
2025-08-16 06:50:00,93.14192903368951,93.31941290413472,93.0948380088146,93.28387123199944,4317.413030999635,0.0015239344920436881,92.72227453603051,92.43926918951277,0.22960151352319766
2025-08-16 10:50:00,93.28387123199944,93.44262723927605,93.26881477545066,93.42376630049478,3608.9178029928066,0.001499670485880733,92.86257288892337,92.52876892687478,0.2256102969550103
2025-08-16 14:50:00,93.42376630049478,93.50650982510108,93.38807973443515,93.44715917279655,4322.9712296962425,0.00025039530333770266,92.97949014569801,92.6122589492313,0.2122041345034406
2025-08-16 18:50:00,93.44715917279655,93.52160152839433,93.19255190650108,93.23562903256614,4697.90096822252,-0.0022636337166682674,93.03071792307163,92.66892895680719,0.22987450006722757
2025-08-16 22:50:00,93.23562903256614,93.26569526798892,93.15841972347069,93.17890706285769,1930.118815826712,-0.0006083722531504687,93.06035575102885,92.71529060281178,0.21841567898771683
2025-08-17 02:50:00,93.17890706285769,93.23875239631671,93.04565748290618,93.10385112677793,1442.9986078724623,-0.000805503503374716,93.06905482617867,92.7506142868087,0.22340284053122872
2025-08-17 06:50:00,93.10385112677793,93.2531024545466,93.06597644097518,93.24873792969309,2872.9243953663504,0.001556184853383602,93.10499144688156,92.79589825434364,0.22438676255230153
2025-08-17 10:50:00,93.24873792969309,93.30499296222541,93.12506689554412,93.20415895101826,2454.0420390170443,-0.00047806522280702257,93.1248249477089,92.83301286313224,0.22508989200853133
2025-08-17 14:50:00,93.20415895101826,93.23561093540407,92.93661589927679,92.94988477578218,2760.6181320349588,-0.0027281419423537123,93.08983691332357,92.84363758246405,0.23710087156064624
2025-08-17 18:50:00,92.94988477578218,93.38644051495564,92.91901398202978,93.29639293383826,2774.971897443039,0.0037279030403527535,93.1311481174265,92.8847971598617,0.2523397693012614
2025-08-17 22:50:00,93.29639293383826,93.36605601700067,93.20802686040294,93.28341546891869,3380.685178027359,-0.00013909932111499934,93.16160158772495,92.9210351879578,0.22403261298131838
2025-08-18 02:50:00,93.28341546891869,93.36889106744799,92.93237391291387,93.02293417356788,3385.0449544551616,-0.002792364473807263,93.13386810489354,92.93029873210416,0.2376889291383171
2025-08-18 06:50:00,93.02293417356788,93.10513538529668,92.91643005673664,92.9666229864192,1673.7457006067134,-0.0006053473549180177,93.10041908119867,92.93360093704189,0.2364940418040352
2025-08-18 10:50:00,92.9666229864192,93.14695462850386,92.94840628407115,93.084365835655,2774.3044663762284,0.001266506682220836,93.09720843208994,92.9473068369158,0.2329650830759919
2025-08-18 14:50:00,93.084365835655,93.1306795615522,92.91456247455169,92.95658071051878,5204.911301339105,-0.001372788265666891,93.06908288777572,92.94814991633424,0.2323609539103058
2025-08-18 18:50:00,92.95658071051878,93.04292968562825,92.84387510309485,92.8969618476172,3645.476889201827,-0.000641362477469265,93.03465867974403,92.94349645554179,0.23416396238945023
2025-08-18 22:50:00,92.8969618476172,93.10112601936774,92.81539719350896,93.01194751859977,2341.122347030863,0.0012377764427988769,93.03011644751518,92.94971927945615,0.24611387204608295
2025-08-19 02:50:00,93.01194751859977,93.34784010148257,92.9754680854053,93.29784041401898,2136.2186638967855,0.0030737222802699193,93.08366124081594,92.98136665532549,0.24920832877351376
2025-08-19 06:50:00,93.29784041401898,93.36789417029236,93.21432100873832,93.2375332380978,2633.255705293118,-0.000646394125025429,93.11443564027232,93.0046545264866,0.25251530141892836
2025-08-19 10:50:00,93.2375332380978,93.47375040197463,93.22581949699061,93.47205857804848,3130.4037158461456,0.002515353332565917,93.18596022782755,93.04714580390132,0.2564321579598915
2025-08-19 14:50:00,93.47205857804848,93.67270432478672,93.39327326076078,93.61351243519587,2336.484629643162,0.0015133277184569138,93.27147066930122,93.09863367947355,0.26302537584949953
2025-08-19 18:50:00,93.61351243519587,93.62341267790003,93.12956476122883,93.20325371704037,3546.534409039735,-0.004382473293473632,93.25782727884905,93.10814459197962,0.2854483651344931
2025-08-19 22:50:00,93.20325371704037,93.24928226778863,92.76341815331328,92.7917126259319,3931.8063297542662,-0.004415522792346804,93.16460434826563,93.07937804961165,0.29879615644506935
2025-08-20 02:50:00,92.7917126259319,92.88042455556865,92.61313649190737,92.63491458874125,1182.461825227171,-0.0016897849253276753,93.05866639636076,93.03897228044161,0.2845005514975999
2025-08-20 06:50:00,92.63491458874125,92.7029189248575,92.52897680387845,92.6001639445499,1921.7731547311687,-0.000375135491252121,92.96696590599859,92.99908061354236,0.2856371918105509
2025-08-20 10:50:00,92.6001639445499,92.65928659398674,92.36239944712878,92.43991227186233,1467.2481880018208,-0.001730576554740626,92.86155517917135,92.94824712793508,0.2756636198336823
2025-08-20 14:50:00,92.43991227186233,92.48249187687303,92.26916839058741,92.28607955296613,2085.8852825129297,-0.0016641374392890596,92.7464600539303,92.88805007566516,0.277422059671224
2025-08-20 18:50:00,92.28607955296613,92.37432917239519,92.14932382820109,92.15197811564667,2107.537262219021,-0.00145310579850233,92.62756366627359,92.82113444293621,0.27931184536846637
2025-08-20 22:50:00,92.15197811564667,92.2960945154618,92.14343348781051,92.2550008850272,5914.448042329272,0.0011179659024924682,92.55305111002431,92.76966775585358,0.2747792697006649
2025-08-21 02:50:00,92.2550008850272,92.28107908436398,92.11963320541997,92.19482072652796,3347.1262349416656,-0.0006523240791491691,92.48140503332505,92.71740893500579,0.27209293372999355
2025-08-21 06:50:00,92.19482072652796,92.23006665970867,92.06987716072861,92.15247665295902,2980.00026664444,-0.00045928907106984607,92.41561935725184,92.66605145481972,0.2631258389529419
2025-08-21 10:50:00,92.15247665295902,92.17767552305645,92.05533766198516,92.1047956363455,2693.180768251878,-0.0005174143804412834,92.35345461307058,92.61502819859479,0.24526625645251393
2025-08-21 14:50:00,92.1047956363455,92.1274561596329,91.96720961323511,92.04969492366975,4238.012774089728,-0.0005982393456830382,92.29270267519043,92.56363426451068,0.24574292679849613
2025-08-21 18:50:00,92.04969492366975,92.1341877015017,91.98668485421273,92.12474478357228,2364.800561669199,0.0008153189422819285,92.2591110968668,92.523735220789,0.23856949410599324
2025-08-21 22:50:00,92.12474478357228,92.23224750133477,92.09778108308132,92.22429593598883,3310.8057696128226,0.0010806125178466353,92.25214806469121,92.49651346762535,0.2282148765508154
2025-08-22 02:50:00,92.22429593598883,92.27841939212526,92.00976787724125,92.10052257489541,3524.01009359376,-0.0013420906046204273,92.22182296673206,92.460514295559,0.21212941928030205
2025-08-22 06:50:00,92.10052257489541,92.10566742129365,91.8494970299829,91.90497959998442,1370.006974647156,-0.002123147289983973,92.15845429338253,92.41001114141585,0.19572272476854483
2025-08-22 10:50:00,91.90497959998442,92.26274984299303,91.83396352702853,92.24174939346929,2334.7877291200484,0.0036643258608037854,92.17511331339989,92.39471461887526,0.2072583142187747
2025-08-22 14:50:00,92.24174939346929,92.25691928110483,91.94603327902583,91.96952902265582,5558.339546190344,-0.0029511622730861164,92.13399645525108,92.3560613828553,0.21704002001162845
2025-08-22 18:50:00,91.96952902265582,92.19439751239047,91.90029439034655,92.13600649005424,2835.093924112553,0.0018101372179193387,92.13439846221172,92.33605639260065,0.21684116109634033
2025-08-22 22:50:00,92.13600649005424,92.3735705385187,92.12890993722642,92.32088197318372,5788.20654616229,0.0020065497754064854,92.17169516440613,92.33467689992638,0.2190795264539592
2025-08-23 02:50:00,92.32088197318372,92.37216802399698,92.02812029543584,92.07348174034755,4083.8047360114183,-0.002679786279641827,92.15205247959442,92.31093188541921,0.2275825539087474
2025-08-23 06:50:00,92.07348174034755,92.08883430620293,91.82680906935761,91.8752456117761,3542.2550652577456,-0.00215302087880731,92.09669110603076,92.27132404236075,0.23539428313689217
2025-08-23 10:50:00,91.8752456117761,92.47858467232523,91.7921004957291,92.41776932797083,2641.156655357319,0.005905004254216584,92.16090675041877,92.28463725014348,0.27289701868347194
2025-08-23 14:50:00,92.41776932797083,92.4692841135824,92.1703676104546,92.23476919701677,5133.987077647884,-0.001980140099515193,92.17567923973839,92.28010379076832,0.28280609040831045
2025-08-23 18:50:00,92.23476919701677,92.39111557786109,92.1552317449574,92.3775659044679,3376.104136173319,0.001548187399332157,92.2160565726843,92.28896398292282,0.29091651696776716
2025-08-23 22:50:00,92.3775659044679,92.49229826679841,92.33646141180256,92.42519108585235,1511.166489641467,0.0005155492128219308,92.25788347531791,92.30134826500732,0.2906015390104863
2025-08-24 02:50:00,92.42519108585235,92.67515761586225,92.36553161406263,92.61704538311417,2378.0086946341635,0.0020757792870951253,92.32971585687717,92.33004800301703,0.3021817643326748
2025-08-24 06:50:00,92.61704538311417,92.6525193418318,92.4411021595287,92.51387949112362,3284.6173308790076,-0.0011138974641633492,92.36654858372647,92.34675995648126,0.30767824747907874
2025-08-24 10:50:00,92.51387949112362,92.5534154673023,92.47009852187549,92.50947013411216,1821.757860489468,-4.7661572898149984e-05,92.39513289380362,92.36155179081135,0.2944400639464218
2025-08-24 14:50:00,92.50947013411216,92.5925452740734,92.48869379134581,92.52377478904987,1748.8869363946635,0.00015462908734598102,92.42086127285287,92.37629933610576,0.2835601419047679
2025-08-24 18:50:00,92.52377478904987,92.62407582235109,92.4590297792083,92.54529033086094,2178.065747571249,0.00023254068330147426,92.4457470844545,92.39166215381077,0.2647215509889317
2025-08-24 22:50:00,92.54529033086094,92.85630105952266,92.52266249615234,92.8310454223268,2961.432461658933,0.003087732400473886,92.52280675202896,92.43160608731222,0.2663467339383122
2025-08-25 02:50:00,92.8310454223268,93.02565231069806,92.77233757458906,92.96402632662077,3002.0258998264385,0.0014325046506693528,92.61105066694732,92.48000792724936,0.26343327780010384
2025-08-25 06:50:00,92.96402632662077,93.03590402543804,92.90476895465888,93.01880148964004,1394.3142976276595,0.0005892081613034783,92.69260083148588,92.52898916019396,0.2553243113348813
2025-08-25 10:50:00,93.01880148964004,93.09079214590011,92.9377107426717,93.00601203889481,2649.509065239672,-0.0001374931792327283,92.75528307296767,92.57235487643949,0.24168385952540103
2025-08-25 14:50:00,93.00601203889481,93.03542710722961,92.83343158605506,92.91158632980306,3525.0218221700366,-0.0010152645729210041,92.78654372433475,92.60319409947255,0.23739602269177493
2025-08-25 18:50:00,92.91158632980306,92.91421001432094,92.79966796045936,92.8557888651921,868.63973703637,-0.0006005436653820917,92.80039275250623,92.6261572599925,0.19654301392502202
2025-08-25 22:50:00,92.8557888651921,92.92570647979662,92.4677207686561,92.47155145112717,1648.0285561589592,-0.004138001720310203,92.73462449223042,92.61210218645928,0.20790510021164518
2025-08-26 02:50:00,92.47155145112717,92.54514905425927,92.29315721453263,92.32505216501627,1588.9381811354388,-0.0015842633092224556,92.6527100267876,92.58600672996447,0.20905567212757095
2025-08-26 06:50:00,92.32505216501627,92.38356383346878,92.06749205699207,92.09562609578127,2874.3621947450606,-0.0024849817449866807,92.54129324058634,92.54142667231145,0.2205010236619184
2025-08-26 10:50:00,92.09562609578127,92.30850771455175,92.07034416359257,92.29809071804934,6871.118145641153,0.002198417349999815,92.49265273607895,92.51930522192397,0.21539656288760206
2025-08-26 14:50:00,92.29809071804934,92.31614973301566,92.19324287012562,92.21255568273948,5799.998363947012,-0.0009267259446477105,92.43663332541107,92.49141890017992,0.2090743972152406
2025-08-26 18:50:00,92.21255568273948,92.33152488002945,92.15904570583477,92.30089819092142,3671.0695368384568,0.0009580312304311445,92.40948629851314,92.47409883570187,0.2154431278415164
2025-08-26 22:50:00,92.30089819092142,92.36659413959228,91.98051526252335,92.02809543948246,2748.1052185613653,-0.0029555806799915763,92.333208126707,92.43355307240918,0.23560222743732595
2025-08-27 02:50:00,92.02809543948246,92.13288270373022,91.98787975118309,92.0848984489471,2073.2942581531493,0.0006172355213196479,92.28354619115503,92.40185719754899,0.23417057810906425
2025-08-27 06:50:00,92.0848984489471,92.1598313716607,92.03749626177435,92.12969296691176,1006.4727324039189,0.00048644803566233463,92.25277554630638,92.37711499476379,0.21907747428878008
2025-08-27 10:50:00,92.12969296691176,92.36457448249843,92.10637908037491,92.29058241216147,2598.497509949991,0.001746336496611267,92.26033691947741,92.3692483963454,0.21942609328981685
2025-08-27 14:50:00,92.29058241216147,92.55380623156961,92.23209760480371,92.51572263345761,1940.3403327192464,0.0024394712376034633,92.31141406227346,92.38256423608287,0.2330384901460119
2025-08-27 18:50:00,92.51572263345761,92.5259905796223,92.3396918707218,92.34782700434444,4708.872698582678,-0.0018147794162336472,92.31869665068766,92.37940630592483,0.23541115483687594
2025-08-27 22:50:00,92.34782700434444,92.38174447808093,92.20905005250927,92.29846917039904,1523.7954887961077,-0.0005344774809165065,92.31465115462994,92.37204838451339,0.23331821943666955
2025-08-28 02:50:00,92.29846917039904,92.68246565087124,92.23980842232788,92.65216846423486,1336.5238642695742,0.00383212524557508,92.38215461655093,92.39751384630625,0.25675501762822456
2025-08-28 06:50:00,92.65216846423486,92.76322195196089,92.57586624889863,92.680442708181,1720.9761982803802,0.0003051654852208596,92.44181223487695,92.42323465193122,0.2374243027654909
2025-08-28 10:50:00,92.680442708181,92.75005238226089,92.49049513211251,92.58096135606537,1808.500244862687,-0.0010733801998428216,92.46964205911463,92.43757344321614,0.23796468922418615
2025-08-28 14:50:00,92.58096135606537,92.65523967275143,92.1590924539579,92.16098342054013,2383.580402161842,-0.004536331545640482,92.40791033139973,92.41242889570013,0.2508272208182447
2025-08-28 18:50:00,92.16098342054013,92.16537402437638,91.91701075270157,91.99335321683101,4572.94152544866,-0.001818884711160318,92.324998908486,92.37433110671202,0.25155577229793175
2025-08-28 22:50:00,91.99335321683101,92.04885191189446,91.94542492917392,91.97746687156771,2431.214879047647,-0.00017269014236120928,92.25549250110234,92.33825253988071,0.25016435228582373
2025-08-29 02:50:00,91.97746687156771,92.05492376188846,91.91107283583521,92.01577170554421,6691.189941437589,0.0004164588923718515,92.20754834199072,92.30893610039557,0.24811947741857868
2025-08-29 06:50:00,92.01577170554421,92.10321148067345,91.84726119180434,91.93064724567687,2585.4969256553723,-0.0009251072755195322,92.15216812272796,92.27454620451205,0.2388245782614494
2025-08-29 10:50:00,91.93064724567687,92.00768709141482,91.76675034466463,91.81416710718332,3972.184414813319,-0.0012670436027961696,92.08456791961903,92.23269355930034,0.24567699213309677
2025-08-29 14:50:00,91.81416710718332,91.82613774485685,91.72520604117933,91.79664221191464,3289.4415360245894,-0.00019087354186009264,92.02698277807816,92.19305252771983,0.2441481774038944
2025-08-29 18:50:00,91.79664221191464,91.93921191215277,91.72178983439902,91.92533354905275,4360.004823734205,0.001401917695867505,92.00665293227308,92.16871443875009,0.24123579709176823
2025-08-29 22:50:00,91.92533354905275,91.92817058344535,91.76092633023099,91.85102928020319,3582.580393476369,-0.0008083111149105315,91.9755282018591,92.13983396979127,0.23020262755237297
2025-08-30 02:50:00,91.85102928020319,91.92218638799203,91.37237214824422,91.44189614868662,5047.873220768431,-0.00445431188657075,91.86880179122461,92.07638507696358,0.256168022612894
2025-08-30 06:50:00,91.44189614868662,91.45384310535714,91.05015803101847,91.09016608631711,3391.994715535247,-0.0038464869735158613,91.71307465024312,91.98672880508663,0.27266735466768005
2025-08-30 10:50:00,91.09016608631711,91.09669135957627,90.93142011334768,90.95992317670988,2231.9127278421856,-0.0014298240436164678,91.56244435553647,91.89338283887055,0.25285407021662515
2025-08-30 14:50:00,90.95992317670988,90.9901538680123,90.57140406330403,90.6532867985461,3856.94867384838,-0.0033711151840801756,91.3806128441384,91.78064683520469,0.26938222033419784
2025-08-30 18:50:00,90.6532867985461,91.13749490804022,90.60444766201387,91.05011442500074,3208.4567099125575,0.004377421276919424,91.31451316031087,91.71423479791342,0.2889172200397679
2025-08-30 22:50:00,91.05011442500074,91.09688143770643,90.90744148061158,90.91269623672817,7221.631747901804,-0.0015092588201607304,91.23414977559433,91.64136765598748,0.2670095584898614
2025-08-31 02:50:00,90.91269623672817,91.29452832875951,90.87504609021354,91.23534095999015,1506.2180562907463,0.003548951209431106,91.2343880124735,91.60445613816954,0.2792323418378016
2025-08-31 06:50:00,91.23534095999015,91.27564532409342,90.9984103706187,91.02451206833871,2410.2532824545565,-0.0023108248342481597,91.19241282364655,91.5517339500031,0.2916471968916718
2025-08-31 10:50:00,91.02451206833871,91.04991820241919,90.82837652096491,90.9179734036482,7404.224581409264,-0.0011704392835472088,91.13752493964688,91.49411935487993,0.2971965365631744
2025-08-31 14:50:00,90.9179734036482,90.92200126157294,90.7962613549953,90.84966956253412,3386.945131875551,-0.0007512688476990492,91.07995386422434,91.43553301012122,0.2878957949709268
2025-08-31 18:50:00,90.84966956253412,90.9346594419744,90.70495614378976,90.75343865419883,5704.468732582255,-0.00105923234282157,91.01465082221924,91.37352443231009,0.2870934057876734
2025-08-31 22:50:00,90.75343865419883,90.93651325607352,90.69106767474466,90.9003678754662,7865.358140969631,0.001618993433705862,90.99179423286864,91.33051019986974,0.2974158256199126
2025-09-01 02:50:00,90.9003678754662,90.92947893581629,90.64809429468204,90.68152864367268,3262.457632717863,-0.002407462553873696,90.92974111502946,91.27151187657908,0.3019845801470912
2025-09-01 06:50:00,90.68152864367268,90.93114442261097,90.6775165433135,90.84069747971407,3240.788604742572,0.0017552509140734696,90.91193238796639,91.23234693140954,0.3081548391530272
2025-09-01 10:50:00,90.84069747971407,90.97815789167755,90.83289566761536,90.89344172335723,2563.522054467098,0.0005806234992300485,90.90823425504456,91.20153736704114,0.2792582666040551
2025-09-01 14:50:00,90.89344172335723,90.96184693641531,90.77930041247544,90.84301747563967,3328.4803614161765,-0.0005547622222407123,90.8951908991636,91.168944649641,0.2634626558612843
2025-09-01 18:50:00,90.84301747563967,90.87514194698122,90.75969817468662,90.76917932577881,1107.8122997076678,-0.0008128104053859442,90.86998858448665,91.13260234747172,0.2599035505802852
2025-09-01 22:50:00,90.76917932577881,90.81920695070335,90.52057490323682,90.55695486287831,3109.7264745695015,-0.0023380674417998737,90.80738184016498,91.08027075796322,0.2513237107773035
2025-09-02 02:50:00,90.55695486287831,90.6095984929552,90.4476058583638,90.49608736585442,4440.053947022697,-0.0006721460225341813,90.74512294530287,91.02716317686242,0.22481980996052084
2025-09-02 06:50:00,90.49608736585442,90.85930087497024,90.42544385881078,90.82830343448171,2180.730504212433,0.0036710544985687488,90.76175904313864,91.00908501846416,0.2422781713222792
2025-09-02 10:50:00,90.82830343448171,90.8289495815727,90.61615985939434,90.65147523831058,3957.9210964618173,-0.0019468402412545771,90.73970228217303,90.97657503845019,0.22751442015316417
2025-09-02 14:50:00,90.65147523831058,90.66337249398458,90.26424092680777,90.34040696441191,1187.0134740846265,-0.0034314750320489917,90.65984321862081,90.91874157717398,0.23622132113188496
2025-09-02 18:50:00,90.34040696441191,90.61298649453941,90.26091704544888,90.52991667224552,1534.150160296061,0.002097729180124963,90.63385790934575,90.88339385854411,0.245544733105903
2025-09-02 22:50:00,90.52991667224552,90.81687362366448,90.51511027475897,90.81430625893793,3589.236951552937,0.003141387920658545,90.66994757926419,90.87711316767081,0.2581178361293216
2025-09-03 02:50:00,90.81430625893793,90.87495300905006,90.63008054979052,90.66743206412123,3159.57807423785,-0.001617302392840192,90.6694444762356,90.85805124916631,0.2592013476346712
2025-09-03 06:50:00,90.66743206412123,90.79940950933127,90.60385906576387,90.7504349895276,5423.079526216245,0.0009154657137269151,90.685642578894,90.84826795283551,0.25563740922313777
2025-09-03 10:50:00,90.7504349895276,91.0491481233569,90.67477122211125,90.99940584096666,1784.5310493343648,0.0027434673064408166,90.74839523130854,90.86200776084743,0.2622797135168093
2025-09-03 14:50:00,90.99940584096666,91.00524075048239,90.56658154033435,90.64913383083211,3239.648963651018,-0.003849168100577449,90.72854295121326,90.8426555853915,0.2754962371489924
2025-09-03 18:50:00,90.64913383083211,90.67964241573995,90.44877708519206,90.50650194852687,2560.9424827010016,-0.0015734500295547793,90.68413475067598,90.81209616385834,0.2816107447551133
2025-09-03 22:50:00,90.50650194852687,90.77694198395174,90.43746313812012,90.6906886451642,2815.3310987663335,0.002035065908768452,90.68544552957363,90.80105911670432,0.29282019631880934
2025-09-04 02:50:00,90.6906886451642,90.84993774837879,90.66334317575622,90.78244511909132,2852.8434846961245,0.0010117518710892615,90.70484544747717,90.79936693510314,0.29790239634223575
2025-09-04 06:50:00,90.78244511909132,90.85758546952154,90.70839487954593,90.85157312794449,2337.8180130076753,0.0007614689025228216,90.73419098357064,90.80411295263417,0.2872280065214556
2025-09-04 10:50:00,90.85157312794449,90.93764505061048,90.68127654138763,90.7208350707531,3904.0977336244355,-0.0014390290964723107,90.73151980100714,90.79654223609953,0.2939691404237022
2025-09-04 14:50:00,90.7208350707531,90.79724503185203,90.33380239900981,90.41872154027416,1602.2427787155318,-0.003330144946784408,90.66896014886055,90.7621949001154,0.2960823987581845
2025-09-04 18:50:00,90.41872154027416,90.57921305445855,90.35655548482653,90.48965912728677,3360.7939587250744,0.0007845453441963635,90.6330999445458,90.73741892076734,0.2967872450048747
2025-09-04 22:50:00,90.48965912728677,90.52847108446093,90.41545488312644,90.44251902644275,5956.7851829756255,-0.0005209446173037868,90.5949837609252,90.7106098394651,0.27635043315899466
2025-09-05 02:50:00,90.44251902644275,90.44357182809671,90.3086185178045,90.31967476900468,1540.5523061184851,-0.0013582578057358408,90.5399219625411,90.67507028760507,0.26084213753054236
2025-09-05 06:50:00,90.31967476900468,90.57732616595221,90.24630193571456,90.55131915104336,1957.067441977224,0.002564716742294637,90.54220140024155,90.66382018428128,0.2629322004828388
2025-09-05 10:50:00,90.55131915104336,90.62263130047423,90.33952675533241,90.36448925692827,3899.1018123960557,-0.0020632487286402768,90.5066589715789,90.63660828179464,0.2656630637601438
2025-09-05 14:50:00,90.36448925692827,90.46522324045559,90.35865654748352,90.40431247246697,3624.5194288536895,0.0004406954088511661,90.48618967175652,90.61549048094666,0.25930708157476295
2025-09-05 18:50:00,90.40431247246697,90.43792662515432,90.36184041324493,90.43620264833542,6154.56171932176,0.0003527506044378459,90.4761922670723,90.59919158707291,0.23800060376502938
2025-09-05 22:50:00,90.43620264833542,90.76558261602285,90.41957329542718,90.71156805368285,4158.893712120146,0.00304485811305244,90.52326742439442,90.609407629492,0.23138275451128923
2025-09-06 02:50:00,90.71156805368285,90.79024528109528,90.66252993482826,90.71453416708934,4357.522930541088,3.269829273300218e-05,90.5615207729334,90.6189645874554,0.22401489849122772
2025-09-06 06:50:00,90.71453416708934,90.92251670985407,90.65199252440252,90.85072510310104,4558.2669196748175,0.001501313292981754,90.61936163896694,90.64003372524137,0.21908956560693685
2025-09-06 10:50:00,90.85072510310104,90.91149684233994,90.78545297371582,90.88000623223249,867.6577078698901,0.0003222993443170452,90.67149055762005,90.6618494076951,0.21476451532133364
2025-09-06 14:50:00,90.88000623223249,90.90794884670416,90.7663530344902,90.76956474868123,3012.6920544707023,-0.0012152451141898002,90.6911053958323,90.67164171142112,0.2142220311955023
2025-09-06 18:50:00,90.76956474868123,91.08895950771473,90.73773961974047,91.06086709414485,1741.4708706455517,0.003209251319758577,90.7650577354948,90.70702583712327,0.22099712967774618
2025-09-06 22:50:00,91.06086709414485,91.14391338765914,90.97133429618157,91.02412541542645,3941.3530672095862,-0.000403484832627532,90.81687127148115,90.73585307151447,0.20022116243741447
2025-09-07 02:50:00,91.02412541542645,91.19878877057141,91.01702401384779,91.17585039836496,4015.0759248728255,0.0016668655946545652,90.88866709685792,90.77585282850087,0.1973002472296719
2025-09-07 06:50:00,91.17585039836496,91.22661294329379,91.15994967412202,91.225145559593,1252.2473127916362,0.0005406602846331765,90.95596278940494,90.81669762223652,0.19398932350376338
2025-09-07 10:50:00,91.225145559593,91.2425588590402,90.96536276256573,91.0126533599663,3888.669261796426,-0.00232931609287379,90.96730090351721,90.83451178021195,0.20414952251678237
2025-09-07 14:50:00,91.0126533599663,91.25771636024719,90.9301468097443,91.1742025254034,4265.089530964272,0.0017750187416045726,91.00868122789446,90.86539275704754,0.2039027596785843
2025-09-07 18:50:00,91.1742025254034,91.25968653829285,90.99951030573494,91.08444954483713,2243.4405999754804,-0.0009844120165599657,91.023834891283,90.88530701048296,0.20226502306544855
2025-09-07 22:50:00,91.08444954483713,91.08690202642322,90.81687385874,90.89248757928044,1709.2476785211193,-0.002107516338035187,90.9975654288825,90.88595978946455,0.21394084268767394
2025-09-08 02:50:00,90.89248757928044,90.96979014557937,90.83201909637724,90.93037147238161,2198.16782567227,0.00041679894686708074,90.98412663758232,90.88999721518428,0.21834690249429858
2025-09-08 06:50:00,90.93037147238161,91.00062004760105,90.91466696979775,90.96013311008716,2272.4393840785037,0.0003273013980218398,90.9793279320833,90.89637320563,0.19977145658055764
2025-09-08 10:50:00,90.96013311008716,91.03067048070938,90.93809346853733,90.93999949077818,1236.7262408207164,-0.00022134553480268604,90.97146224382227,90.90033923155256,0.19726157557377327
2025-09-08 14:50:00,90.93999949077818,90.99878787201195,90.89236404666754,90.9002991700934,1420.4757716625043,-0.0004365551012434077,90.95722962907651,90.90033558960172,0.185540121280406
2025-09-08 18:50:00,90.9002991700934,90.98052792631533,90.71581473674095,90.79216524584834,3167.9700480585743,-0.0011895882107354483,90.92421675243088,90.89050192198778,0.1954450727768529
2025-09-08 22:50:00,90.79216524584834,90.86907046001267,90.49595528171712,90.57285200160548,3175.4367610736517,-0.0024155525275666445,90.8539438022658,90.86162465649848,0.211982170354109
2025-09-09 02:50:00,90.57285200160548,90.92655130328777,90.55351942713922,90.86529565111391,6529.210235112821,0.0032288223573133656,90.85621417203542,90.8619583832817,0.21354016950941457
2025-09-09 06:50:00,90.86529565111391,91.07852971654515,90.80312029214755,91.05083898637355,2921.57140487479,0.00204196039786253,90.89513913490305,90.87912934719914,0.22088519328941608
2025-09-09 10:50:00,91.05083898637355,91.29332392833655,91.02612720373774,91.21692806037967,2907.111623414972,0.0018241355692611982,90.95949691999837,90.90983832112464,0.22698747670907185
2025-09-09 14:50:00,91.21692806037967,91.25897544797488,91.16043457379044,91.23570521764671,1275.7585399455556,0.0002058516732179605,91.01473857952804,90.93946258444483,0.22926444849569094
2025-09-09 18:50:00,91.23570521764671,91.43818968196479,91.14858205365526,91.42486807883505,5328.091654191353,0.002073342456630156,91.09676447938945,90.98359035666212,0.23015098648390925
2025-09-09 22:50:00,91.42486807883505,91.48796687158345,91.419876158903,91.44278203882477,4471.404526516231,0.00019594187408911168,91.16596799127652,91.02533505504054,0.21161678378230725
2025-09-10 02:50:00,91.44278203882477,91.49993900818933,91.27098943261174,91.3345001545746,1534.3917159444575,-0.0011841490584155734,91.19967442393614,91.05344097318,0.20938630828371277
2025-09-10 06:50:00,91.3345001545746,91.36680374479423,91.22320220838265,91.24477966841174,3037.573693457989,-0.0009823285397195791,91.20869547283127,91.07083540001925,0.20035583462145265
2025-09-10 10:50:00,91.24477966841174,91.35804910956524,91.1758771368548,91.29860220220417,1712.7754745862185,0.0005898697326907065,91.22667681870585,91.09154147294515,0.20352732915776123
2025-09-10 14:50:00,91.29860220220417,91.34434748013794,91.1100771541701,91.11168819411728,2378.965764707185,-0.0020472822538172286,91.20367909378814,91.0933729930517,0.2141214183123716
2025-09-10 18:50:00,91.11168819411728,91.15526074359971,90.82060291005708,90.89003234464144,3757.498167578475,-0.0024327926950885592,91.1409497439588,91.07488747955986,0.2314129055531282
2025-09-10 22:50:00,90.89003234464144,91.25800464177556,90.83664188087808,91.25393835865016,1834.5724545553778,0.004003805528738802,91.16354746689707,91.09116483220443,0.25390854380691913
2025-09-11 02:50:00,91.25393835865016,91.36232366425523,91.19214122002411,91.34283609201002,1537.088039192087,0.0009741796897626553,91.19940519191967,91.11404403764129,0.24715634771097175
2025-09-11 06:50:00,91.34283609201002,91.3844446036366,91.06791529775819,91.1248714949199,2112.161389429366,-0.0023862254164143115,91.18449845251972,91.11502835193934,0.24311449968117568
2025-09-11 10:50:00,91.1248714949199,91.26595284882491,91.04663307301306,91.1871638907151,7940.370001838296,0.0006835937848062024,91.1850315401588,91.12158612819168,0.23213506394284064
2025-09-11 14:50:00,91.1871638907151,91.58207685809298,91.12148537324391,91.52495596200976,2396.9240095867845,0.003704381810794022,91.253016424529,91.15825611308424,0.2453623539750883
2025-09-11 18:50:00,91.52495596200976,91.8883962548372,91.49376293737085,91.84876694719009,4474.941206021891,0.0035379529197996362,91.37216652906122,91.22102982527568,0.25446496775134214
2025-09-11 22:50:00,91.84876694719009,91.92458116096216,91.76316324649856,91.89290549582793,5129.684537846261,0.00048055679030745146,91.47631432241457,91.28210943168952,0.2589561849141394
2025-09-12 02:50:00,91.89290549582793,91.92093535532997,91.85568837299678,91.89238311710265,1680.7680282015224,-5.684646953496575e-06,91.55952808135218,91.33758885763616,0.2429304244872585
2025-09-12 06:50:00,91.89238311710265,91.96794415769739,91.6596827706367,91.74908325489852,2382.944177412744,-0.0015594313406968041,91.59743911606145,91.37499743920547,0.26008547265727444
2025-09-12 10:50:00,91.74908325489852,91.93050279777758,91.6975384317061,91.88366361386913,2250.543344675319,0.0014668305578238172,91.65468401562299,91.42123981872035,0.26037224340683757
2025-09-12 14:50:00,91.88366361386913,92.2101031990333,91.81331040287569,92.18598993050723,7870.89082937091,0.0032903163059387897,91.76094519859984,91.49076255615552,0.278457333388697
2025-09-12 18:50:00,92.18598993050723,92.4027594567842,92.10192662779568,92.37750358899011,5946.033157774201,0.0020774703252333104,91.8842568766779,91.5713753773223,0.28693310883713047
2025-09-12 22:50:00,92.37750358899011,92.41170706772361,92.30736516054543,92.38481130322478,1682.459034762677,7.910707640657044e-05,91.98436776198727,91.64532409785889,0.2776525074950119
2025-09-13 02:50:00,92.38481130322478,92.39048310415441,92.08164992203133,92.09005179761853,1791.6797460255518,-0.00319056240358373,92.00550456911353,91.68575388874612,0.2758078895364723
2025-09-13 06:50:00,92.09005179761853,92.7994364753226,92.05753712550319,92.70925099647378,3779.779533424176,0.006723844614791252,92.14625385458558,91.77879908035773,0.29870336017375265
2025-09-13 10:50:00,92.70925099647378,92.79006545955887,92.35989434776224,92.43821542339867,3624.9935726251897,-0.0029235008390415818,92.2046461683482,91.83874602063418,0.3172739792855757
2025-09-13 14:50:00,92.43821542339867,92.48682379497367,92.31880478758013,92.32965219004221,1460.416157903949,-0.0011744410345786438,92.22964737268701,91.88337385421671,0.30666610082237106
2025-09-13 18:50:00,92.32965219004221,92.41615764712719,92.29629083736617,92.40612806114005,4090.5676517594343,0.0008282915540549496,92.26494351037762,91.93089696393702,0.2995623175330258
2025-09-13 22:50:00,92.40612806114005,92.53444045035867,92.3226962648165,92.44407246090053,2844.4122852898795,0.0004106264439016627,92.3007693004822,91.97754928184278,0.28178751043967665
2025-09-14 02:50:00,92.44407246090053,92.55716942653362,92.43422855849852,92.53046936747835,3607.9098065617377,0.0009345856827582821,92.34670931388143,92.02781474417328,0.2623809069088726
2025-09-14 06:50:00,92.53046936747835,92.61192534582514,92.20701600191256,92.28768165781922,2426.7249356312586,-0.0026238676980542275,92.33490378266899,92.05143900905018,0.279773151869514
2025-09-14 10:50:00,92.28768165781922,92.30087010718559,91.84510730830829,91.93008389643548,3181.4570709209947,-0.003874815738785453,92.25393980542229,92.04040672608521,0.3076671387655218
2025-09-14 14:50:00,91.93008389643548,92.1299939624437,91.92966857208525,92.0826693044916,758.68499356693,0.0016597984205912741,92.21968570523616,92.04424877866761,0.29995742471536296
2025-09-14 18:50:00,92.0826693044916,92.11526832667245,91.94683741613954,91.96525843234849,6136.524151591701,-0.0012750593898930296,92.16880025065863,92.03706783809314,0.295347892176894
2025-09-14 22:50:00,91.96525843234849,92.06607750811274,91.91780156363316,92.03302919842687,1495.060364042402,0.0007369170405608916,92.1416460402123,92.03670068903257,0.27759668848560587
2025-09-15 02:50:00,92.03302919842687,92.03832000997399,91.83820445486259,91.90110637072151,3634.782485053823,-0.0014334291596654891,92.09353810631414,92.02437393282247,0.2704025974943828
2025-09-15 06:50:00,91.90110637072151,91.9565493383749,91.59496548650598,91.61964458890023,1792.0433714751393,-0.0030626593404206037,91.99875940283137,91.98758035610227,0.28877702211514944
2025-09-15 10:50:00,91.61964458890023,91.91334749843685,91.53515050059747,91.87248500247983,3526.1686658898816,0.002759674682368596,91.97350452276106,91.97711714213659,0.2937315803805995
2025-09-15 14:50:00,91.87248500247983,92.05927549075216,91.79398384028904,92.02225253957191,4386.426892964335,0.0016301674771073138,91.98325412612324,91.98122036008526,0.2596881732837214
2025-09-15 18:50:00,92.02225253957191,92.10325680630693,91.91674909217645,91.96615800053306,7054.132025353698,-0.0006095758090113312,91.9798349010052,91.97985105467141,0.24228364487899615
2025-09-15 22:50:00,91.96615800053306,91.98696348857688,91.87658232454916,91.8912554761727,3078.34364084292,-0.0008144574698871754,91.96211901603871,91.97179691117152,0.2381666560671515
2025-09-16 02:50:00,91.8912554761727,91.91242076365653,91.59306265856954,91.65175175437298,2037.5502992226043,-0.0026063820823715167,91.90004556370558,91.94270189691711,0.25241603430472076
2025-09-16 06:50:00,91.65175175437298,91.72424109979353,91.58974822611182,91.63547998836948,3253.193961665478,-0.00017753906163309185,91.84713244863836,91.91477263250368,0.24689808345754471
2025-09-16 10:50:00,91.63547998836948,91.66709599979059,91.6327854306964,91.66173110759651,2319.043401338329,0.00028647330957798367,91.81005218042999,91.89176885751212,0.24056734781890807
2025-09-16 14:50:00,91.66173110759651,91.9353732589732,91.63310545812757,91.85734420644563,3799.291321837175,0.0021340759822603417,91.81951058563313,91.8886393437788,0.2332358090284115
2025-09-16 18:50:00,91.85734420644563,91.85971902893715,91.55280012110474,91.64025617759572,3103.5926267404857,-0.002363317062183068,91.78365970402565,91.86605905594398,0.22260410252520504
2025-09-16 22:50:00,91.64025617759572,92.08334387674864,91.61258610908847,92.08316171078565,3043.4654532961154,0.004833089208432506,91.84356010537765,91.88579566092959,0.24192070090389908
2025-09-17 02:50:00,92.08316171078565,92.15733350226802,91.92817065218354,91.94992082128695,3408.0319766026714,-0.001446962582770328,91.86483224855951,91.89162522096207,0.24625869658615432
2025-09-17 06:50:00,91.94992082128695,91.97454964854391,91.82449196095722,91.86866755136376,1880.5323061124532,-0.0008836687318211078,91.86559930912037,91.88953816008949,0.24638596395094833
2025-09-17 10:50:00,91.86866755136376,92.1100781047068,91.85194872200779,92.0346683778398,5024.073816227703,0.0018069362591246474,91.89941312286426,91.9027318162486,0.2505298087786351
2025-09-17 14:50:00,92.0346683778398,92.0571217425851,91.89113152840224,91.94993328550353,4232.838616639701,-0.0009206866698143745,91.90951715539212,91.90702285890814,0.23655883465820235
2025-09-17 18:50:00,91.94993328550353,92.08005826917554,91.92248776679844,92.0622994935975,2957.996769841308,0.0012220368637470003,91.9400736230332,91.92113891660716,0.22079979926803922
2025-09-17 22:50:00,92.0622994935975,92.08897129147513,91.98663276459462,92.00103529628315,3862.813351199031,-0.0006654645566245287,91.9522659576832,91.92840222385043,0.20916029044071088
2025-09-18 02:50:00,92.00103529628315,92.44527010727832,91.92358493519805,92.41217226634568,2870.297665698061,0.0044688298206481125,92.0442472194157,91.97238131862272,0.23310153743712395
2025-09-18 06:50:00,92.41217226634568,92.53756072029256,92.40858387815126,92.51100198819779,1797.1629168422457,0.0010694448515642385,92.13759817317212,92.02134683403864,0.23442980015952283
2025-09-18 10:50:00,92.51100198819779,92.51725601355147,92.45209552297592,92.47923108660933,1203.8185755535353,-0.00034342835885092793,92.20592475585957,92.06297267518143,0.21627282769441994
2025-09-18 14:50:00,92.47923108660933,92.50336229145,92.27826848524464,92.3075982552533,2473.799234152676,-0.0018559067732223378,92.22625945573832,92.08521136427886,0.22274432287468113
2025-09-18 18:50:00,92.3075982552533,92.37871308336183,92.26218069109248,92.26625925445812,3642.8001223324245,-0.00044783963158556706,92.23425941548228,92.10167026338607,0.22861731024433546
2025-09-18 22:50:00,92.26625925445812,92.27671089307123,91.91188713481361,91.99602899291506,4600.610619333943,-0.0029288091196782995,92.18661333096884,92.09206651152506,0.2330855929166203
2025-09-19 02:50:00,91.99602899291506,92.55236085366653,91.94448260950041,92.47350795621173,2122.4367739287504,0.005190212757264279,92.24399225601742,92.12674300649657,0.25458268836902775
2025-09-19 06:50:00,92.47350795621173,92.60988562526441,92.46307242299558,92.56782115114987,5426.493468232495,0.0010198942056225402,92.30875803504391,92.16684101964687,0.23144379084107466
2025-09-19 10:50:00,92.56782115114987,92.61250271962832,92.50991369132971,92.55548895471158,3717.561425722095,-0.0001332233629887103,92.35810421897745,92.20217265010729,0.2224028035706555
2025-09-19 14:50:00,92.55548895471158,92.55663971772968,92.34872564951779,92.42653261653895,4041.645562497866,-0.0013932867691480721,92.37178989848975,92.22256901069198,0.22653540218674095
2025-09-19 18:50:00,92.42653261653895,92.51377568433448,92.39660152442305,92.40502166483466,3142.51928450648,-0.0002327356776817835,92.37843625175874,92.23915561561404,0.21646717198762794
2025-09-19 22:50:00,92.40502166483466,92.71001486811451,92.37332902349661,92.62185303735507,6241.7493107763685,0.0023465323487166234,92.42711960887802,92.27394629031777,0.22865971701870283
2025-09-20 02:50:00,92.62185303735507,92.68103249789785,92.52016791861759,92.60320888766891,6253.389834719955,-0.00020129320538031514,92.46233746463619,92.30387925371332,0.2288950082260714
2025-09-20 06:50:00,92.60320888766891,92.660146801004,92.30330413588088,92.30824083747981,4561.812792487529,-0.0031852897295050475,92.43151813920493,92.30427576132846,0.2470738752434006
2025-09-20 10:50:00,92.30824083747981,92.37229146829945,91.90300175927244,91.94922140931796,2785.59712638748,-0.0038893540262993076,92.33505879322753,92.27199809296386,0.24333134216816785
2025-09-20 14:50:00,91.94922140931796,91.95725206460638,91.7454657990942,91.83504408116667,1572.5565953008222,-0.001241743283969976,92.23505585081536,92.23227500098228,0.24924630098037323
2025-09-20 18:50:00,91.83504408116667,91.87563477565679,91.80627830287021,91.8198724950992,3923.8235822694064,-0.00016520475619374864,92.15201917967214,92.19478386408382,0.24954601399544682
2025-09-20 22:50:00,91.8198724950992,92.03419966758351,91.74823087267858,91.94493372692614,1353.7181562902135,0.0013620279404504831,92.11060208912295,92.1720702152513,0.2538942274739873
2025-09-21 02:50:00,91.94493372692614,92.18994392713459,91.91074971961602,92.14124081776473,3927.743590948459,0.0021350506534880687,92.11672983485131,92.16926754275251,0.2655129285632175
2025-09-21 06:50:00,92.14124081776473,92.4090795064373,92.07980846761302,92.39826437196092,2885.1814851159015,0.002789451844961821,92.17303674227324,92.1900854363169,0.26297344860369315
2025-09-21 10:50:00,92.39826437196092,92.6085576099215,92.37443943347587,92.5672431382061,3561.7995490126805,0.0018288088785405332,92.25187802145982,92.22437250012501,0.236276300909373
2025-09-21 14:50:00,92.5672431382061,92.69593962636748,92.50111216872196,92.65803733016685,3247.0135791676016,0.0009808458033604417,92.33310988320123,92.26379657558336,0.23970589057913624
2025-09-21 18:50:00,92.65803733016685,92.66810262157345,92.56658834555564,92.64722800829641,10716.072476699414,-0.00011665822180029206,92.39593350822027,92.29865397855727,0.23962912255907906
2025-09-21 22:50:00,92.64722800829641,92.74404256992443,92.62293575053401,92.73946020242279,4294.766947965298,0.0009955202773916927,92.46463884706078,92.33872727163595,0.23342860478611677
2025-09-22 02:50:00,92.73946020242279,92.79945429701934,92.42741242827215,92.50397738068624,1787.3933949375396,-0.002539186892209222,92.47250655378588,92.35375000882233,0.25163344113152825
2025-09-22 06:50:00,92.50397738068624,92.90243613439809,92.46764193395084,92.83147411525287,6153.422288730577,0.003540353007945418,92.54430006607929,92.39717947304328,0.2586411808336239
2025-09-22 10:50:00,92.83147411525287,93.11360958108511,92.75258165122261,93.04405217239491,2034.4086064049218,0.0022899351665806034,92.64425048734242,92.45598608207524,0.2729385630180699
2025-09-22 14:50:00,93.04405217239491,93.0875339537557,92.85472798943904,92.9153356259461,1715.560951130522,-0.0013833936016708348,92.69846751506316,92.49774513151804,0.26407879867475054
2025-09-22 18:50:00,92.9153356259461,92.97657894967163,92.7679292448395,92.85889876063027,5553.667260810444,-0.0006074009735382857,92.73055376417659,92.53057727961915,0.24546165551797422
2025-09-22 22:50:00,92.85889876063027,93.22146471583027,92.83950361404106,93.1386597691307,2151.9315889517775,0.003012753890411668,92.81217496516742,92.58585750593838,0.25761700096633333
2025-09-23 02:50:00,93.1386597691307,93.21400787829195,93.01132483668422,93.07728497017268,1885.7351785657559,-0.0006589615859853293,92.86519696616847,92.63053272995968,0.267140327310701
2025-09-23 06:50:00,93.07728497017268,93.27693308108589,93.0080578614484,93.1945571128585,2235.421851468908,0.0012599437416271897,92.93106899550648,92.68180767385958,0.2659193576487401
2025-09-23 10:50:00,93.1945571128585,93.21263392199555,92.9879492296251,93.03476966440147,1904.595570412322,-0.001714557731773314,92.95180912928548,92.7138951275452,0.26202582085244536
2025-09-23 14:50:00,93.03476966440147,93.52773944510095,93.01049619898612,93.46456975009207,2549.147610158429,0.004619779113131495,93.0543612534468,92.78213827504946,0.2754524070874851
2025-09-23 18:50:00,93.46456975009207,93.49736496906003,93.2944304133372,93.36467479558485,1771.1518512349103,-0.0010688002392170715,93.11642396187442,92.83509614055268,0.2732250056072851
2025-09-23 22:50:00,93.36467479558485,93.4407216065688,93.31377848798667,93.41264498649343,2685.5324955907477,0.0005137937984962537,93.17566816679822,92.88760058109274,0.2683761242456149
2025-09-24 02:50:00,93.41264498649343,93.46320780240136,93.38532632871319,93.39056999663406,1176.152616413506,-0.00023631693399295273,93.21864853276539,92.93332507341468,0.2666880669363546
2025-09-24 06:50:00,93.39056999663406,93.43696716579282,92.84896113236836,92.92621367557649,4425.470947915996,-0.004972197097354747,93.16016156132761,92.93267858270211,0.3000380107959292
2025-09-24 10:50:00,92.92621367557649,93.1830779526174,92.9009786895188,93.10623608536883,4468.161178076411,0.001937261862630546,93.14937646613586,92.94845653748999,0.29361353896388714
2025-09-24 14:50:00,93.10623608536883,93.33218657531381,93.10456812128001,93.3169552224048,2241.900950620606,0.002263211852348457,93.18289221738965,92.98195641793679,0.2788152713629271
2025-09-24 18:50:00,93.3169552224048,93.36693986034983,92.99362120563538,93.05602419877016,2905.974053602085,-0.002796180211974919,93.15751861366576,92.988689852558,0.2796931802809236
2025-09-24 22:50:00,93.05602419877016,93.16953715003262,92.98419708259362,93.16240836050859,3203.196419616882,0.0011432270253797228,93.15849656303433,93.00448244418986,0.27630275907537694
2025-09-25 02:50:00,93.16240836050859,93.24689841860999,92.93761165369173,93.02425757795785,4872.804928244029,-0.0014829026533549339,93.13164876601904,93.00628018362332,0.2834911205100994
2025-09-25 06:50:00,93.02425757795785,93.06396799336159,92.45013496836151,92.46488745089768,1601.2234313912359,-0.006013164110354796,92.99829650299478,92.95706266246644,0.3000534007394476
2025-09-25 10:50:00,92.46488745089768,92.81263592336327,92.44855716206013,92.80574948466186,1796.227509046131,0.003686394296918305,92.9597870993282,92.94330691902965,0.3115816664319776
2025-09-25 14:50:00,92.80574948466186,92.84307274119894,92.41802266404196,92.49573160804947,1650.2330762129998,-0.0033405029142470344,92.86697600107246,92.90261825439508,0.32273701339765637
2025-09-25 18:50:00,92.49573160804947,92.58076851487739,92.44271132348693,92.57347546478213,3055.5783502137792,0.0008405129121211719,92.8082758938144,92.87269618261209,0.31654933475622876
2025-09-25 22:50:00,92.57347546478213,93.03114158959058,92.53762009206638,93.0106404466822,4044.5109296368782,0.004722356805825889,92.84874880438797,92.88523657025482,0.31485492414261224
2025-09-26 02:50:00,93.0106404466822,93.2893257853311,92.96894696834633,93.24348880705259,3463.808994308777,0.002503459381121731,92.9276968049209,92.91780495541825,0.32324379994703634
2025-09-26 06:50:00,93.24348880705259,93.30179787193728,93.15447807939628,93.23537101887781,4920.794831302063,-8.706010766679206e-05,92.98923164771229,92.94667459755094,0.3246992766583838
2025-09-26 10:50:00,93.23537101887781,93.31524352694832,93.15456655031753,93.29935264044713,2847.3111845409376,0.0006862376464009667,93.05125584625925,92.97873623781423,0.330613241154286
2025-09-26 14:50:00,93.29935264044713,93.31193362477968,93.15421770905797,93.21108514625315,1716.5348166051442,-0.0009460675952825959,93.08322170625803,92.99985886585414,0.2998782327469464
2025-09-26 18:50:00,93.21108514625315,93.52374707296711,93.17870110877264,93.44191331499154,2123.616563112998,0.002476402547789247,93.15496002800474,93.04004563395753,0.30437442568236556
2025-09-26 22:50:00,93.44191331499154,93.65149322202792,93.42035581194905,93.58546619862469,3599.7632582036686,0.0015362793690796295,93.24106126212874,93.08962932165454,0.30462577968558485
2025-09-27 02:50:00,93.58546619862469,93.69830913199667,93.53985753750521,93.66421059051194,2090.371083427621,0.0008414168896708762,93.32569112780538,93.14186398245975,0.2892781325267992
2025-09-27 06:50:00,93.66421059051194,93.74854524997163,93.31986430393421,93.36780926569665,2538.34170695327,-0.0031645099333738047,93.33411475538364,93.16240446275401,0.3066596238552575
2025-09-27 10:50:00,93.36780926569665,93.40383166527724,93.03942724267989,93.08584946025084,6411.41576827933,-0.003019882416255837,93.28446169635708,93.1554449170719,0.310596599403764
2025-09-27 14:50:00,93.08584946025084,93.41841205605546,93.00175554977092,93.3514207174531,2647.179946906048,0.002852971302750529,93.2978535005763,93.17326089892474,0.2965125623526542
2025-09-27 18:50:00,93.3514207174531,93.46588882051044,93.3447501265138,93.38188397729714,2477.4653066529336,0.0003263288293837707,93.31465959592047,93.19222663332222,0.2791597004021895
2025-09-27 22:50:00,93.38188397729714,93.45230332392387,93.37823303152719,93.4456932799385,4501.385581693793,0.0006833156488561531,93.34086633272409,93.21526905574189,0.25408971577645395
2025-09-28 02:50:00,93.4456932799385,93.4713603695804,93.22770528987056,93.2321249595253,1321.6005755319504,-0.002285480613573143,93.31911805808434,93.21680141063128,0.2616324220849811
2025-09-28 06:50:00,93.2321249595253,93.29704356390954,93.11283216349666,93.1819332637452,4583.379762081047,-0.0005383519446959806,93.29168109921652,93.21363157909617,0.23953884371988668
2025-09-28 10:50:00,93.1819332637452,93.19852595862783,93.04513318864156,93.04610206047744,3521.109502844362,-0.0014576989176999788,93.24256529146871,93.1984016228581,0.22761126893427935
2025-09-28 14:50:00,93.04610206047744,93.06212707257127,92.8347865024911,92.86332094802403,4701.8098164866515,-0.0019644145042702066,93.16671642277977,93.16793974332772,0.2333270387585062
2025-09-28 18:50:00,92.86332094802403,92.93550045517331,92.61701618669773,92.69390609913587,2493.580042943087,-0.0018243462236610108,93.072154358051,93.12484577567392,0.24459898817599118
2025-09-28 22:50:00,92.69390609913587,92.74453655290256,92.60358592938279,92.61240763724948,1970.3761068872454,-0.0008792213567873075,92.9802050138907,93.0782604903626,0.24340146730442416
2025-09-29 02:50:00,92.61240763724948,92.88502590302886,92.52455056645043,92.83647306953637,2785.4287300445767,0.002419388913465381,92.95145862501984,93.05627981574203,0.24450356533185008
2025-09-29 06:50:00,92.83647306953637,92.98084809493541,92.79816787345976,92.90992799283954,1642.3895120726022,0.000791229145986172,92.94315249858379,93.04297510456907,0.24104233757447702
2025-09-29 10:50:00,92.90992799283954,92.97704407377134,92.62277438517823,92.68987386888543,3579.894995575672,-0.0023684672747897872,92.89249677264412,93.01087499223419,0.2550293442960237
2025-09-29 14:50:00,92.68987386888543,92.77133955667597,92.37617878387752,92.4269550494108,3806.950485236879,-0.0028365430709997863,92.79938842799746,92.95779136106843,0.2526350462075259
2025-09-29 18:50:00,92.4269550494108,92.73729285939893,92.37082096445508,92.66315730453904,1266.2877409707314,0.0025555559522865146,92.77214220330578,92.93100644683848,0.25278272280370523
2025-09-29 22:50:00,92.66315730453904,92.88590878804303,92.61961710416612,92.81250721513861,5557.266539448258,0.0016117507210413606,92.78021520567235,92.92023378941121,0.24204237834601677
2025-09-30 02:50:00,92.81250721513861,92.90161158825167,92.7234990247606,92.77464217017732,4852.131344298574,-0.0004079735166890863,92.77910059857335,92.90699818766268,0.2461119404527616
2025-09-30 06:50:00,92.77464217017732,92.83006553760734,92.47509950939018,92.54104643090882,2424.3770759353147,-0.0025178834841530495,92.73148976504045,92.8737298461396,0.26617592158279585
2025-09-30 10:50:00,92.54104643090882,92.58725326770511,92.41459620084919,92.43548497674617,1846.797020571905,-0.001140698730281442,92.67228880738159,92.83388940346747,0.261104634950373
2025-09-30 14:50:00,92.43548497674617,92.76943566366981,92.41291328039114,92.68185143536772,1519.0899719756214,0.002665280099774847,92.67420133297883,92.82006777000385,0.2734125622979298
2025-09-30 18:50:00,92.68185143536772,92.90949470564,92.64394269760125,92.82305314249888,2392.8909738044817,0.0015235097804409126,92.70397169488284,92.82033916750339,0.28142393644453584
2025-09-30 22:50:00,92.82305314249888,93.16168669822721,92.78649699975566,93.14208165886238,6810.926726301859,0.0034369534890621445,92.79159368767876,92.84958848489966,0.2919845884724919
2025-10-01 02:50:00,93.14208165886238,93.18928000916773,92.9754743657592,93.03785038970408,5532.547504585688,-0.0011190566852484762,92.84084502808382,92.86670320351824,0.28450754382484533
2025-10-01 06:50:00,93.03785038970408,93.07148052210829,92.9149896627942,92.93873063256726,5533.215347625538,-0.0010653702414838984,92.8604221489805,92.8732511516136,0.2856175606672967
2025-10-01 10:50:00,92.93873063256726,93.01742695683528,92.67210997529546,92.68247767333914,5191.8603210827005,-0.0027572246520259913,92.82483325385223,92.8559081081341,0.28453482102168187
2025-10-01 14:50:00,92.68247767333914,92.73310032361279,92.57415256479011,92.62965744467554,1233.3616040786762,-0.0005699052290094597,92.7857980920169,92.8353398660015,0.2828396451178981
2025-10-01 18:50:00,92.62965744467554,92.68351776643969,92.55174550025015,92.64605764994513,3087.070989602847,0.0001770513431875731,92.75785000360256,92.81813239181456,0.26694697208907214
2025-10-01 22:50:00,92.64605764994513,92.64877883224702,92.24048297561252,92.26809576027762,1824.6653382138095,-0.004079632736188388,92.65989915493758,92.76812906167483,0.2678851923630755
2025-10-02 02:50:00,92.26809576027762,92.31996966661366,91.9834098286002,92.06137547223699,2976.6522630698296,-0.00224043084814185,92.54019441839746,92.7038787353623,0.265748616868047
2025-10-02 06:50:00,92.06137547223699,92.23108489148693,92.05528083492,92.16572965808723,2353.2007483287584,0.001133528423999275,92.46530146633542,92.65495609197365,0.2592852149173349
2025-10-02 10:50:00,92.16572965808723,92.1978990962557,92.09489749394359,92.16706614997989,1994.1255085583573,1.4500963618546692e-05,92.40565440306432,92.6106024608833,0.2539201462616946
2025-10-02 14:50:00,92.16706614997989,92.35593094041491,92.11362302590787,92.285691950983,4165.3455510537315,0.001287073636585978,92.38166191264806,92.58106514180145,0.24587313813954279
2025-10-02 18:50:00,92.285691950983,92.38907246652833,92.23430716089067,92.34267687841668,2427.7985737241647,0.0006174838832433416,92.37386490580178,92.55939348149374,0.24459515519538197
2025-10-02 22:50:00,92.34267687841668,92.39125436357291,92.00145727029027,92.05606711623176,2752.6856141407347,-0.0031037627657500844,92.31030534788778,92.5136365391972,0.24697192019566522
2025-10-03 02:50:00,92.05606711623176,92.12786818097925,92.04564445483588,92.07903536874352,2584.558513475507,0.00024950286527847254,92.26405135205893,92.47412734188322,0.23387704291742345
2025-10-03 06:50:00,92.07903536874352,92.10681012628693,91.85654993450272,91.93812168682966,1827.0265792624193,-0.001530355757415891,92.19886541901307,92.42539955506017,0.22495350672546977
2025-10-03 10:50:00,91.93812168682966,92.16571382075912,91.88539869210646,92.16197694177748,3314.9910648135624,0.0024348469474972934,92.19148772356596,92.40145204476174,0.2297041842429073
2025-10-03 14:50:00,92.16197694177748,92.34125508118505,92.13285154718972,92.28004708332688,4289.876594064022,0.0012811155475103142,92.20919959551814,92.39041523008584,0.233412232434425
2025-10-03 18:50:00,92.28004708332688,92.34490272207529,92.27018477153776,92.34311701679886,2951.701500558372,0.0006834623026907849,92.23598307977429,92.38611539251428,0.21408373021997562
2025-10-03 22:50:00,92.34311701679886,92.41866558088137,92.21449072484143,92.26168839121743,2520.274774035017,-0.0008818050355242635,92.24112414206292,92.37480384694184,0.21731423716406592
2025-10-04 02:50:00,92.26168839121743,92.54281002781161,92.21837665570014,92.4820143766058,2821.061481050856,0.0023880549904324866,92.2893021889715,92.38455025872948,0.23107574472991793
2025-10-04 06:50:00,92.4820143766058,92.55806348416156,92.39124201600055,92.54117892038161,2361.8097336445467,0.000639741080193934,92.33967753525353,92.39878922797058,0.21382757412466954
2025-10-04 10:50:00,92.54117892038161,92.61558379515886,92.46234549193836,92.57226574112637,2726.8235785459437,0.000335924191883441,92.3861951764281,92.41455982007565,0.20073317878231478
2025-10-04 14:50:00,92.57226574112637,92.67612766261341,92.51103359257333,92.65547102530124,2571.80078857827,0.0008988143858068565,92.44005034620274,92.43646083873251,0.19996817974468278
2025-10-04 18:50:00,92.65547102530124,92.7821930567634,92.60557258219707,92.75450872660316,6923.776919195684,0.0010688813105799166,92.50294202228282,92.46537428308439,0.20522667061998487
2025-10-04 22:50:00,92.75450872660316,93.1429010008358,92.72304362284322,93.14179733327515,1864.645388038128,0.004175415427119855,92.6307130844813,92.52686728764718,0.21790877515466686
2025-10-05 02:50:00,93.14179733327515,93.21994405209254,92.61620647398541,92.66130836680614,3167.9406142341845,-0.005158682570293838,92.63683214094627,92.53908920393435,0.24997822318819982
2025-10-05 06:50:00,92.66130836680614,92.73806807733587,92.57078536045175,92.70683533554596,2073.4559011860865,0.0004913266339776623,92.6508327798662,92.55433885226267,0.234084339159734
2025-10-05 10:50:00,92.70683533554596,92.86370385573215,92.67446821545212,92.84741889401607,4154.244995773007,0.001516431425593101,92.69015000269619,92.58098249242207,0.2417280473123528
2025-10-05 14:50:00,92.84741889401607,92.99909698265803,92.80416678295263,92.99714432778812,1515.658446906682,0.0016125966187918728,92.75154886771458,92.61881538654625,0.23777590502100918
2025-10-05 18:50:00,92.99714432778812,93.07097652977113,92.94186792033649,93.06498254049825,2475.096960281015,0.0007294655465013289,92.81423560227131,92.65937603690551,0.22697543936257908
2025-10-05 22:50:00,93.06498254049825,93.15644350895946,93.06397390064015,93.0665341481188,2576.061878140625,1.667230335411496e-05,92.86469531144081,92.69639041065217,0.21869444467143392
2025-10-06 02:50:00,93.0665341481188,93.47157705698439,93.01484962271822,93.43138007812473,2095.186783617632,0.003920269873005644,92.9780322647776,92.76320765314968,0.24598083636633664
2025-10-06 06:50:00,93.43138007812473,93.57084827832439,93.38699628486326,93.56609751133492,5060.80424444147,0.0014418863672733817,93.09564531408907,92.83619764025742,0.24452920332499314
2025-10-06 10:50:00,93.56609751133492,93.7900281502974,93.51468986001804,93.75561557258031,2443.766496246888,0.0020254992597339427,93.22763936578733,92.91978108865041,0.24102241176555697
2025-10-06 14:50:00,93.75561557258031,93.90722750084913,93.71272682857067,93.81709948060134,2370.81368920146,0.0006557890708256409,93.34553138875013,93.00135548791867,0.24299949777394605
2025-10-06 18:50:00,93.81709948060134,93.90867573576995,93.66074200039418,93.73270630177828,3666.9695303837602,-0.0008995500744564122,93.42296637135577,93.06784192554227,0.24976345721360868
2025-10-06 22:50:00,93.73270630177828,93.84979754464392,93.66455821782648,93.77147816671298,1821.0589217225058,0.0004136428623950916,93.49266873042721,93.13180885655778,0.25120240412627687
2025-10-07 02:50:00,93.77147816671298,94.01752421488922,93.7383047218347,93.93013122657659,1254.468394065432,0.0016919116874913875,93.5801612296571,93.20438361746858,0.25853090544686197
2025-10-07 06:50:00,93.93013122657659,94.27823467027807,93.91746952065478,94.19674001331674,3138.9220355466314,0.0028383734086034895,93.70347698638903,93.29459783527295,0.2543100319919124
2025-10-07 10:50:00,94.19674001331674,94.25079708694489,94.14420113481168,94.23243140284741,1373.1534033017276,0.0003789025981750793,93.80926786968071,93.37985543232517,0.21879991585091776
2025-10-07 14:50:00,94.23243140284741,94.45654103004141,94.16665398190948,94.4103842807524,1116.5970716199035,0.0018884462096093735,93.92949115189505,93.47353987309128,0.22755736808290447
2025-10-07 18:50:00,94.4103842807524,94.49934780476374,94.347159226585,94.40032682247188,2985.6162279509745,-0.00010652915309194988,94.02365828601042,93.55779323212587,0.22491114936138348
2025-10-07 22:50:00,94.40032682247188,94.50440463434015,94.34715173595632,94.42345961897134,3274.027343427349,0.00024504996198748685,94.10361855260261,93.63649017638456,0.22221991355270024
2025-10-08 02:50:00,94.42345961897134,94.52259238726927,94.34751659420242,94.47494125822034,3240.6455234199375,0.0005452208535543512,94.17788309372617,93.71271300200598,0.2255032838121441
2025-10-08 06:50:00,94.47494125822034,94.56763470739092,94.3116498872309,94.31456388535416,3508.6793652487063,-0.001697565203325535,94.20521925205176,93.767426718674,0.2371829418007668
2025-10-08 10:50:00,94.31456388535416,94.40344738430525,94.15558938112312,94.2384730172281,5246.6728579277,-0.0008067775006471711,94.21187000508704,93.81024910945165,0.2222636967233354
2025-10-08 14:50:00,94.2384730172281,94.32687271361021,94.1758189154245,94.22035736459205,1112.7198161682288,-0.00019223202643303683,94.21356747698805,93.84753167810076,0.21992096848937695
2025-10-08 18:50:00,94.22035736459205,94.4208376398512,94.13979181158993,94.35491958569028,7704.541559265583,0.0014281650469392115,94.2418378987285,93.89365785151799,0.22032864977379876
2025-10-08 22:50:00,94.35491958569028,94.52768509344943,94.34356252364738,94.44041720112301,2096.127813227018,0.0009061277971318393,94.28155375920741,93.94336324693663,0.21958735673976953
2025-10-09 02:50:00,94.44041720112301,94.48862752179653,94.31543724287363,94.34084569810369,3964.9201459789983,-0.001054331460726865,94.29341214698667,93.97949801522454,0.2142485384217078
2025-10-09 06:50:00,94.34084569810369,94.35534539924535,93.97117560289749,94.01398818486848,1449.0552664331094,-0.003464644723253585,94.23752735456304,93.98263348519217,0.22845785767388094
2025-10-09 10:50:00,94.01398818486848,94.05985009265854,93.85342910826866,93.91541022152283,3453.9711635866056,-0.0010485457031330636,94.17310392795501,93.97652227940404,0.22325796419783472
2025-10-09 14:50:00,93.91541022152283,94.19362902405848,93.84319857069966,94.17856855962141,1299.850496236171,0.002802078354104509,94.1741968542883,93.99489012306016,0.2225197716075158
2025-10-09 18:50:00,94.17856855962141,94.19922964270982,94.0072083822005,94.05589039835147,2939.3238260693774,-0.001302612294348915,94.15053556310093,94.0004356026321,0.22862157934866698
2025-10-09 22:50:00,94.05589039835147,94.48990624714301,94.0272687412447,94.45809796940196,2547.8533207491396,0.0042762613733924315,94.21204804436114,94.04204127233844,0.24096089776055152
2025-10-10 02:50:00,94.45809796940196,94.77775898814035,94.36740324519636,94.70100612054976,2451.751305609435,0.0025715968918460508,94.30983965959886,94.10194716763037,0.25940140952949825
2025-10-10 06:50:00,94.70100612054976,94.85369509048584,94.61285262785144,94.85068481513089,3192.655929683434,0.001580539644854495,94.41800869070528,94.17001422649405,0.26537209269025347
2025-10-10 10:50:00,94.85068481513089,95.04378070035679,94.77844323360911,94.97190733216593,3851.137873015463,0.0012780352326533517,94.52878841899741,94.24291359973694,0.27181935509602695
2025-10-10 14:50:00,94.97190733216593,95.09197191572521,94.9455158991107,95.03669450989464,5345.167289361694,0.0006821720185330449,94.63036963717686,94.31507550066037,0.2639958691284901
2025-10-10 18:50:00,95.03669450989464,95.22312150889971,94.96981576081612,95.21497915227009,4275.558470118298,0.001875955843107402,94.7472915401955,94.39688492353397,0.2643849937643087
2025-10-10 22:50:00,95.21497915227009,95.30221647381627,95.11826751455612,95.20000248749561,821.5793605572015,-0.0001572931581544923,94.83783372965553,94.46989561116685,0.26673464812676834
2025-10-11 02:50:00,95.20000248749561,95.39346496630175,95.18352465243206,95.30233075992943,5705.971166252317,0.0010748767831940675,94.93073313571031,94.54557153378163,0.2616556828130844
2025-10-11 06:50:00,95.30233075992943,95.43895615511866,95.25700549583595,95.35514989628956,3063.8479079590456,0.000554227120564077,95.01561648782616,94.61916956673689,0.26150054634741643
2025-10-11 10:50:00,95.35514989628956,95.43415022388527,95.26321292018879,95.37510345960897,6280.158754496457,0.00020925522471637592,95.08751388218273,94.68789082972526,0.2613396195455288
2025-10-11 14:50:00,95.37510345960897,95.70733346477273,95.30147473965968,95.6689173954579,1560.5485129967358,0.0030806145963799825,95.20379458483777,94.77707506297368,0.26288882874304215
2025-10-11 18:50:00,95.6689173954579,96.11124965738371,95.64975360024012,96.04518725443315,2701.6617156919147,0.0039330418825573865,95.37207311875684,94.89235798946999,0.2811084767968787
2025-10-11 22:50:00,96.04518725443315,96.28754476739188,95.9883293289519,96.22222531577646,3227.2503346871863,0.0018432788399309619,95.54210355816078,95.0132550191342,0.27745026144553214
2025-10-12 02:50:00,96.22222531577646,96.28439241885526,96.01112302804228,96.02596996291808,2804.990308131562,-0.0020396052181740343,95.63887683911224,95.10532001402365,0.2832536993243652
2025-10-12 06:50:00,96.02596996291808,96.1568429558334,96.00392581156079,96.13972126510721,3406.048647889344,0.0011845889422732458,95.73904572431124,95.19935649139488,0.2611308163511004
2025-10-12 10:50:00,96.13972126510721,96.22077343867589,95.99829549187677,96.06964002561342,1854.7583980339466,-0.0007289519729367644,95.80516458457168,95.27847317632383,0.24771097376932363
