timestamp,open,high,low,close,volume,ret_1,ema9,ema21,atr
2025-10-01 19:05:00,99.98111845259724,99.99413241408591,99.95081131840897,99.98111845259724,3254.7331715580954,0.0,99.98111845259724,99.98111845259724,0.0
2025-10-01 19:20:00,99.98111845259724,100.02259907337806,99.74629994431818,99.78492013522424,3792.289947648211,-0.0019623536964734623,99.94187878912265,99.96328224192698,0.0
2025-10-01 19:35:00,99.78492013522424,99.80932410222472,99.62296193634906,99.63606734449556,3333.165785066276,-0.00149173633177202,99.88071650019724,99.93353543306957,0.0
2025-10-01 19:50:00,99.63606734449556,100.00033297432323,99.55381508377373,99.92140132207751,1705.6509639938922,0.0028637619406977066,99.8888534645733,99.93243233207029,0.0
2025-10-01 20:05:00,99.92140132207751,100.09298393185615,99.8731484424132,100.04386746840012,1846.5389975521805,0.001225624788105728,99.91985626533867,99.94256279900937,0.0
2025-10-01 20:20:00,100.04386746840012,100.08227227410077,99.8622157872531,99.88028909565324,2571.230435197517,-0.0016350664652038382,99.91194283140159,99.93690155324971,0.0
2025-10-01 20:35:00,99.88028909565324,99.94224205175247,99.44784970326718,99.50865906951779,4016.121124704596,-0.0037207544101073298,99.83128607902484,99.89797041836499,0.0
2025-10-01 20:50:00,99.50865906951779,99.52888197252736,99.2077149278914,99.27943208438123,2393.1591602268363,-0.002303588323669614,99.72091528009612,99.8417396607301,0.0
2025-10-01 21:05:00,99.27943208438123,99.58550711996645,99.23153200839148,99.4950822910552,2198.567925983804,0.0021721539108994214,99.67574868228795,99.81022535439601,0.0
2025-10-01 21:20:00,99.4950822910552,99.55090224622462,99.27144115860565,99.34963604725719,2032.7336926165967,-0.0014618435449154088,99.6105261552818,99.76835359920157,0.0
2025-10-01 21:35:00,99.34963604725719,99.6154506797207,99.34040501193522,99.6109189594682,1758.9160900627528,0.002629933260014372,99.61060471611908,99.75404135922581,0.0
2025-10-01 21:50:00,99.6109189594682,99.65584012632308,99.36934834006514,99.42847746523142,2511.6351069033085,-0.0018315411216214272,99.57417926594155,99.72444464158995,0.0
2025-10-01 22:05:00,99.42847746523142,99.76211041390673,99.39177584071892,99.71305399655496,2503.0055729286364,0.002862122991102334,99.60195421206424,99.72340912840495,0.0
2025-10-01 22:20:00,99.71305399655496,99.85245591537017,99.68893344960603,99.80977518894332,1809.0889048259035,0.0009699952865920292,99.64351840744007,99.73126058845389,0.2811987387687976
2025-10-01 22:35:00,99.80977518894332,99.820690371427,99.60025689781548,99.62247461889669,2695.783647511121,-0.0018765754124990819,99.6393096497314,99.72137095485778,0.2938496229069817
2025-10-01 22:50:00,99.62247461889669,99.9307888903777,99.55634859882382,99.8636719885466,3017.7210395634556,0.002421114016416537,99.68418211749444,99.73430741246585,0.3008597059422676
2025-10-01 23:05:00,99.8636719885466,99.9336653402685,99.56349127331148,99.65238890242706,3734.861306493716,-0.0021157151736195257,99.67782347448097,99.7268602751896,0.31398912744807866
2025-10-01 23:20:00,99.65238890242706,99.69886070366921,99.52832118407449,99.59263214891331,1526.3849802537322,-0.0005996519920086207,99.66078520936745,99.71465771825538,0.29427638666559475
2025-10-01 23:35:00,99.59263214891331,99.66539190500296,99.49689534564247,99.5465951333544,1449.5988548607966,-0.0004622532266249646,99.63794719416484,99.6993793014462,0.29060932023113295
2025-10-01 23:50:00,99.5465951333544,99.5698607672534,99.24315963043792,99.3368172402394,2508.6940350182003,-0.002107333684632673,99.57772120337975,99.66641911406376,0.29822679522883433
2025-10-02 00:05:00,99.3368172402394,99.55389119776662,99.28117390153564,99.47735824547493,5327.52338258806,0.0014147927137191374,99.5576486117988,99.64923176237386,0.28239286292495486
2025-10-02 00:20:00,99.47735824547493,99.55313853188757,99.30776694829702,99.38114027225248,4986.356859120432,-0.0009672349057060492,99.52234694388954,99.62485980872646,0.27697890142171183
2025-10-02 00:35:00,99.38114027225248,99.89410659757561,99.34883145479998,99.80021243186515,3864.9436465600006,0.004216817783179172,99.57792004148467,99.64080095628452,0.29064318936461675
2025-10-02 00:50:00,99.80021243186515,99.8798976056853,99.79570672335498,99.83354329696708,1534.2637703285798,0.0003339758933347259,99.62904469258116,99.65832298725566,0.2766953175582846
2025-10-02 01:05:00,99.83354329696708,99.92748747520871,99.70165952331156,99.79465128519261,1827.677882867629,-0.0003895685807602245,99.66216601110345,99.67071646888628,0.2731797664234037
2025-10-02 01:20:00,99.79465128519261,99.89595576809005,99.79261314518814,99.87397625920106,2093.5167552548505,0.0007948820200969209,99.70452806072298,99.68919463164217,0.2600976833265441
2025-10-02 01:35:00,99.87397625920106,99.9038608626207,99.58400340625617,99.65511230827596,3219.492478713666,-0.002191401195012821,99.69464491023358,99.68609623860887,0.25649217498202453
2025-10-02 01:50:00,99.65511230827596,99.67716476213013,99.36366398254553,99.43129295238687,4646.977527832994,-0.0022459395278862093,99.64197451866424,99.66293230349777,0.2672049116834856
2025-10-02 02:05:00,99.43129295238687,99.55147945859947,99.40851672598524,99.47666928243586,790.536136540823,0.0004563586442623002,99.60891347141857,99.64599930158305,0.26167128732653666
2025-10-02 02:20:00,99.47666928243586,99.6828470147956,99.41246155516065,99.58650538564626,5099.25530493755,0.001104139332395171,99.60443185426412,99.6405907637706,0.2542387993323274
2025-10-02 02:35:00,99.58650538564626,99.61024423799569,99.47010924079534,99.55124037740184,832.3246610300446,-0.0003541143261113211,99.59379355889168,99.63246800137344,0.23780743720685088
2025-10-02 02:50:00,99.55124037740184,99.73481871976435,99.51975974320627,99.67375679191942,3442.3487127876924,0.001230686971383843,99.60978620549723,99.6362215277867,0.24098739841851927
2025-10-02 03:05:00,99.67375679191942,99.78418353658219,99.59077184754139,99.7243977671607,3546.4097882089786,0.0005080672874304692,99.63270851782993,99.64423754954797,0.24276705053854133
2025-10-02 03:20:00,99.7243977671607,99.82198894665129,99.50569990690572,99.57263195459093,1943.7664924798316,-0.001521852384850808,99.62069320518214,99.63772795000642,0.24202332931926154
2025-10-02 03:35:00,99.57263195459093,99.59382027879468,99.42616315512137,99.47355140732803,3245.6729610800353,-0.0009950580326940628,99.59126484561132,99.62280280976293,0.2345190312794279
2025-10-02 03:50:00,99.47355140732803,99.74321957259288,99.3927829281513,99.66160024806243,5191.278312957802,0.0018904406053059652,99.60533192610154,99.62632984960834,0.24202367848307205
2025-10-02 04:05:00,99.66160024806243,99.76091093515124,99.63233379397927,99.74022865722871,2023.459413747303,0.000788953909736323,99.63231127232699,99.63668428666473,0.21225953551138182
2025-10-02 04:20:00,99.74022865722871,99.77436023488444,99.73773462300476,99.76606161409968,3267.549180181923,0.00025900238267695386,99.65906134068153,99.64844586188609,0.20886201619347947
2025-10-02 04:35:00,99.76606161409968,99.7962597159772,99.76173797156031,99.78193024267948,1457.5314845621256,0.00015905838441510056,99.68363512108112,99.66058080559458,0.19519728708774714
2025-10-02 04:50:00,99.78193024267948,99.95493514242962,99.68420172891557,99.94873525822604,1567.68301351518,0.0016716956180429232,99.73665514851011,99.68677666492471,0.20715377213147182
2025-10-02 05:05:00,99.94873525822604,99.99618774840657,99.76364972584885,99.85120348390318,1691.5185890251857,-0.0009758179938033074,99.75956481558873,99.7017245575591,0.20091666971669955
2025-10-02 05:20:00,99.85120348390318,99.93138423195657,99.63844448953905,99.72675058164194,2353.8746041315467,-0.001246383597983347,99.75300196879938,99.70399965065754,0.19944802420476496
2025-10-02 05:35:00,99.72675058164194,99.87063068123324,99.63410656059482,99.84334240901164,5509.571588321298,0.0011691128678081864,99.77107005684184,99.71666717414428,0.2061309804922067
2025-10-02 05:50:00,99.84334240901164,100.02402362287962,99.76558355226678,99.96352786171951,1419.5486277731145,0.0012037402775992856,99.80956161781738,99.73910905483294,0.2052777384191994
2025-10-02 06:05:00,99.96352786171951,100.02770061864464,99.8607381035433,99.91371481117493,4019.531139935262,-0.0004983122505789472,99.83039225648889,99.75498230540948,0.20719398969784208
2025-10-02 06:20:00,99.91371481117493,100.050123033496,99.84792408435221,100.02176673228387,5534.8578885979805,0.001081452344286804,99.8686671516479,99.77923543512533,0.206275416311107
2025-10-02 06:35:00,100.02176673228387,100.04586704810994,99.73230853583365,99.81876144043125,7521.231137092767,-0.0020296111385033067,99.85868600940458,99.78282870833496,0.21485733225649892
2025-10-02 06:50:00,99.81876144043125,100.07152421446,99.79620216116898,100.03054456440917,2502.4253935203806,0.002121676535771444,99.89305772040551,99.80534833161443,0.21193111893831684
2025-10-02 07:05:00,100.03054456440917,100.25334082405583,99.97267227638282,100.21908960941595,3613.622641506236,0.0018848747232937946,99.95826409820761,99.84296117505092,0.22000336350972358
2025-10-02 07:20:00,100.21908960941595,100.29194752980698,100.10477656863476,100.20186512712709,3202.0127464859556,-0.00017186827735093946,100.00698430399152,99.87558880705784,0.2083415289904837
2025-10-02 07:35:00,100.20186512712709,100.27285009422987,100.05183254494074,100.10293343409897,2041.3945072462423,-0.000987323867700507,100.02617413001302,99.89625650042521,0.21494441528456626
2025-10-02 07:50:00,100.10293343409897,100.29446138169098,100.07590072794767,100.28981187253527,5246.789861698765,0.0018668627584157438,100.07890167851748,99.93203426152613,0.22793977541768232
2025-10-02 08:05:00,100.28981187253527,100.58571637685502,100.26418101653454,100.55507286465162,4081.471863239125,0.002644944557812945,100.17413591574432,99.98867413453753,0.2484407479822244
2025-10-02 08:20:00,100.55507286465162,100.65924444874634,100.47470810250329,100.63805242680309,3631.8899168915473,0.0008252150765497568,100.26691921795607,100.04770852474348,0.2422838146057243
2025-10-02 08:35:00,100.63805242680309,100.72576069170857,100.39905684415243,100.42079307917331,4341.032981640817,-0.0021588190787753536,100.29769399019952,100.08162530241891,0.2490099449627548
2025-10-02 08:50:00,100.42079307917331,100.47884097292987,100.33629548663677,100.43140973563315,2621.1483508219158,0.0001057216950226536,100.32443713928625,100.11342388725657,0.2382674980967252
2025-10-02 09:05:00,100.43140973563315,100.4808967055331,100.2820769278263,100.35142350027542,1252.0111201205566,-0.0007964264921530573,100.32983441148409,100.13506021571283,0.2355743307444667
2025-10-02 09:20:00,100.35142350027542,100.43319864124315,100.31775372289712,100.42362591405877,2528.905680288356,0.0007194956609972714,100.34859271199903,100.161293461017,0.2253603912968367
2025-10-02 09:35:00,100.42362591405877,100.51965935466366,100.25062746028394,100.30847491381118,4810.923859254742,-0.0011466524854035764,100.34056915236147,100.1746735930892,0.2326510612452921
2025-10-02 09:50:00,100.30847491381118,100.36950558473136,100.14833252537117,100.23732107428422,3390.660337654883,-0.0007093502277658592,100.31991953674603,100.18036881865238,0.23400635483217716
2025-10-02 10:05:00,100.23732107428422,100.37303934241211,100.18924185877013,100.27948890132608,3599.704859921029,0.00042067990834082636,100.31183340966204,100.18937973525908,0.22473770992972675
2025-10-02 10:20:00,100.27948890132608,100.32044287370516,100.09019557823622,100.14931626415407,2653.845923538105,-0.0012980983309567318,100.27932998056045,100.18573760152226,0.22151808437100687
2025-10-02 10:35:00,100.14931626415407,100.31384524745066,100.12006116533857,100.28686503110103,8095.691831796215,0.0013734369047928574,100.28083699066858,100.19493100421124,0.21531205111665588
2025-10-02 10:50:00,100.28686503110103,100.31169136936835,100.1421383606985,100.22666823024737,1647.1536189282115,-0.0006002461123397751,100.27000323858434,100.19781620657815,0.2140536259379157
2025-10-02 11:05:00,100.22666823024737,100.3070216613855,99.94220779522276,99.96363215745386,3109.740987013573,-0.0026244120196557974,100.20872902235824,100.17652674756685,0.22432479142888845
2025-10-02 11:20:00,99.96363215745386,100.00497644147455,99.50964854601948,99.5617737853011,3421.0439213876875,-0.004020045725427246,100.07933797494682,100.1206401146336,0.24409388012258607
2025-10-02 11:35:00,99.5617737853011,99.56767740486967,99.25201915951433,99.3339426241688,3421.144752798877,-0.002288339715839194,99.93025890479123,100.04912216095498,0.2436740861965043
2025-10-02 11:50:00,99.3339426241688,99.38105131133166,98.59192888014476,98.64246277113719,2680.8703133364575,-0.006961163875754295,99.67269967806043,99.92124403460791,0.2868588065496362
2025-10-02 12:05:00,98.64246277113719,98.754843890435,98.55409433321387,98.67872714790425,2670.714613760605,0.0003676345434644457,99.47390517202919,99.80828795399849,0.27786207152570647
2025-10-02 12:20:00,98.67872714790425,98.79950375582126,98.62353457868343,98.76493237097777,3927.2264974216373,0.0008735948016871387,99.33211061181892,99.71343744645115,0.2802494780146156
2025-10-02 12:35:00,98.76493237097777,98.93923072255853,98.69348563458155,98.85814816657967,5319.257086993306,0.0009438147059297464,99.23731812277107,99.63568387555374,0.2836012858910572
2025-10-02 12:50:00,98.85814816657967,98.90478844611,98.67545524585906,98.74133833081086,7014.801461414306,-0.0011815903689798013,99.13812216437904,99.55437973512257,0.2917361631699801
2025-10-02 13:05:00,98.74133833081086,98.942517466116,98.71465515112128,98.85254354446326,3074.9200840184876,0.0011262275307615255,99.0810064403959,99.49057644506263,0.28879547892819446
2025-10-02 13:20:00,98.85254354446326,99.13290907768432,98.7746690403421,99.04849754244471,1259.8660370884138,0.001982285846729992,99.07450466080566,99.45038745391554,0.29858597735548237
2025-10-02 13:35:00,99.04849754244471,99.06968743085154,98.7229399763241,98.72510931053536,4310.87332474775,-0.0032649483831974635,99.0046255907516,99.38445307724461,0.31022526099015835
2025-10-02 13:50:00,98.72510931053536,98.85510202465218,98.63974527678596,98.78381717496849,1630.7884970976359,0.0005946599081341208,98.96046390759498,99.32984981340132,0.30916165044710703
2025-10-02 14:05:00,98.78381717496849,98.838931872791,98.73867807671087,98.7533746107537,2271.6291283664855,-0.0003081735964998167,98.91904604822673,99.27744297679699,0.3024809157305382
2025-10-02 14:20:00,98.7533746107537,98.77683346274283,98.48795153027822,98.58502622986892,2700.8812880814253,-0.0017047354740872267,98.85224208455517,99.21449599980353,0.31100441028730635
2025-10-02 14:35:00,98.58502622986892,98.6137578107027,98.5067435765719,98.61361015740108,5666.497608934788,0.00028994187682740424,98.80451569912437,99.15987001413058,0.29259015085645196
2025-10-02 14:50:00,98.61361015740108,98.71204597952415,98.57419096547247,98.67851907304285,2798.6532887656062,0.0006582145764479908,98.77931637390807,99.11611083766805,0.26705637361335227
2025-10-02 15:05:00,98.67851907304285,98.83098214255678,98.60986877024,98.81378365585068,4625.697234351182,0.0013707601621757437,98.7862098302966,99.08862654841192,0.2603031683963124
2025-10-02 15:20:00,98.81378365585068,99.46290343619289,98.74557153709578,99.40240670685627,4641.090207666242,0.005956892138202496,98.90944920560854,99.1171520173614,0.2551752732470415
2025-10-02 15:35:00,99.40240670685627,99.42512615710457,99.34174428744753,99.40956735071065,5263.135894893222,7.203692638446668e-05,99.00947283462897,99.14373522948407,0.24679186699246408
2025-10-02 15:50:00,99.40956735071065,99.93460448619183,99.35877528294846,99.83760879011349,2729.3254847742387,0.004305837464242623,99.17510002572588,99.20681464408673,0.2753532974285743
2025-10-02 16:05:00,99.83760879011349,100.21285353277261,99.78418022811347,100.11597619703012,9211.765227754238,0.002788201863907158,99.36327525998674,99.28946569435432,0.2884195986201569
2025-10-02 16:20:00,100.11597619703012,100.41444349396193,100.02624872523344,100.37145919357215,2974.5047315261986,0.0025518704031735062,99.56491204670382,99.38782873973776,0.29976685351140936
2025-10-02 16:35:00,100.37145919357215,100.63887015639801,100.37031605714256,100.55259686141859,1861.7368279211037,0.001804673054489614,99.76244900964679,99.49371675079965,0.3026734095300329
2025-10-02 16:50:00,100.55259686141859,100.60156154493976,100.52661223904461,100.53176397463722,4657.19368727888,-0.0002071839756668803,99.91631200264489,99.58808468023942,0.2824383572838138
2025-10-02 17:05:00,100.53176397463722,100.5426345608309,100.25672934976937,100.26760895128139,5461.188361641562,-0.0026275777218279783,99.9865713923722,99.6498596139705,0.2780924827505343
2025-10-02 17:20:00,100.26760895128139,100.54667055048799,100.24848024677142,100.5091429020519,2736.1266717357034,0.002408893094158371,100.09108569430815,99.72797627652336,0.284009165311273
2025-10-02 17:35:00,100.5091429020519,100.8131988855769,100.48076226829436,100.78495795476132,2070.2451085086313,0.0027441787358410963,100.22986014639879,99.82406551999954,0.3005936525400169
2025-10-02 17:50:00,100.78495795476132,100.79792300133944,100.70883918267674,100.72364109795724,1901.6644629819784,-0.0006083929392678433,100.32861633671048,99.90584511799568,0.28632235869702377
2025-10-02 18:05:00,100.72364109795724,100.8254735910231,100.66392520776245,100.79761103849975,4293.670753239666,0.0007343850930743301,100.42241527706834,99.98691474713242,0.29021765506344266
2025-10-02 18:20:00,100.79761103849975,100.8498498339676,100.38226765427558,100.45333147797773,1123.5217685458958,-0.0034155527792273377,100.42859851725022,100.02931626811835,0.3137695954663237
2025-10-02 18:35:00,100.45333147797773,100.55202344783237,100.20150412314162,100.23946814913911,1303.1229379019771,-0.0021289819430776458,100.39077244362801,100.04842098457478,0.3230128777787503
2025-10-02 18:50:00,100.23946814913911,100.61227839726138,100.18356176669798,100.53626218863194,3253.0524290089165,0.002960850101990209,100.4198703926288,100.0927701849436,0.30239750145491434
2025-10-02 19:05:00,100.53626218863194,100.59754028763508,100.19509536866015,100.2263813418849,3152.9155554476583,-0.003082279368668228,100.38117258248002,100.10491665375645,0.32518771926333506
2025-10-02 19:20:00,100.2263813418849,100.5670712594672,100.16986399146568,100.50553153452483,1657.9709569386962,0.0027851967605985184,100.40604437288899,100.14133618837175,0.3124290096032029
2025-10-02 19:35:00,100.50553153452483,100.65089009186138,100.49306539010652,100.59911750634602,5448.090492592207,0.000931152448947925,100.4446589995804,100.18295267182395,0.29308268082432576
2025-10-02 19:50:00,100.59911750634602,100.74027029990026,100.51010239281993,100.7098504110121,5612.876073792277,0.00110073435444491,100.49769728186675,100.2308524662956,0.28179504784945764
2025-10-02 20:05:00,100.7098504110121,100.7647221227354,100.31130689216789,100.35400247475228,3974.104444726424,-0.0035333975257390016,100.46895832044386,100.24204792160984,0.29499941437174776
2025-10-02 20:20:00,100.35400247475228,100.68579663281393,100.2614262334578,100.65753994653133,2428.218122437593,0.003024667320622454,100.50667464566136,100.27981992387542,0.31995806390467557
2025-10-02 20:35:00,100.65753994653133,100.94576690654135,100.63378933869235,100.85022608515986,5295.457192665466,0.0019142742682851654,100.57538493356107,100.33167502944673,0.3218203751037803
2025-10-02 20:50:00,100.85022608515986,101.01002006306275,100.81065137832584,100.98856694087661,6615.55554052633,0.001371745618100384,100.65802133502419,100.39139247594035,0.3147616880338049
2025-10-02 21:05:00,100.98856694087661,101.04874064015983,100.8482971597996,100.8893797547064,2371.905341913296,-0.000982162527648156,100.70429301896064,100.43666404673726,0.3053336068250689
2025-10-02 21:20:00,100.8893797547064,101.02199367412571,100.81264804688952,100.9732957894083,2138.892821574704,0.0008317628169181024,100.75809357305017,100.48544875061644,0.31392373600888945
2025-10-02 21:35:00,100.9732957894083,101.05071402740181,100.90441540120217,100.93215084839007,5345.764477158548,-0.00040748339149043744,100.79290502811816,100.52605803223223,0.3128344676473885
2025-10-02 21:50:00,100.93215084839007,101.21756120870734,100.93125425050589,101.12536558553653,2880.439202888045,0.0019143031781487796,100.85939713960184,100.58054053707806,0.29988623754091953
2025-10-02 22:05:00,101.12536558553653,101.39214304789456,101.1004506893632,101.29185872599582,2823.125476225855,0.0016464033479164364,100.94588945688064,100.64520582697968,0.29568431138667756
2025-10-02 22:20:00,101.29185872599582,101.38067158439229,101.20167323391571,101.22893378139229,7422.608582771736,-0.0006212241081857695,101.00249832178297,100.69827200465355,0.2778472913804758
2025-10-02 22:35:00,101.22893378139229,101.34892449655528,101.12782951270182,101.26367260446456,7031.411180695078,0.00034317088775526194,101.0547331783193,100.74967205918182,0.2648937245860848
2025-10-02 22:50:00,101.26367260446456,101.35409872851079,101.20964373328202,101.23425137624844,3599.276650331234,-0.00029054079769597063,101.09063681790514,100.7937247243697,0.24683999081660243
2025-10-02 23:05:00,101.23425137624844,101.26326997276591,101.00218812353997,101.05253619282509,5381.0790906919365,-0.0017949970583372998,101.08301669288913,100.81725303968382,0.2542155013502513
2025-10-02 23:20:00,101.05253619282509,101.5927564125786,100.98190815446074,101.58818386347524,2324.7829865507892,0.005300685077592071,101.18405012700636,100.88733766002849,0.2814069549957888
2025-10-02 23:35:00,101.58818386347524,101.68648511354274,101.34640720973866,101.40672762413976,2950.9155334912653,-0.0017861943430285132,101.22858562643304,100.93455492949315,0.27331143165554395
2025-10-02 23:50:00,101.40672762413976,101.53684100674427,101.40417000741924,101.43736528833296,2774.911914959221,0.00030212654437233866,101.27034155881303,100.98026496211494,0.25247576022475066
2025-10-03 00:05:00,101.43736528833296,101.45482606422757,101.41516721443047,101.44152238941786,5613.972529362795,4.0981950517826604e-05,101.304577724934,101.02219745550612,0.23302442322104408
2025-10-03 00:20:00,101.44152238941786,101.52777139821032,101.3701964963374,101.45026169362032,4878.7910770293665,8.615115385302019e-05,101.33371451867127,101.06111238624376,0.23003915301647332
2025-10-03 00:35:00,101.45026169362032,101.4679243700878,101.13086347118255,101.1899970841983,4825.056183659975,-0.0025654404934708497,101.30497103177669,101.0728291769669,0.23979754005540294
2025-10-03 00:50:00,101.1899970841983,101.20294420943031,101.07792613847636,101.10465050898769,2619.4887766730344,-0.0008434289719327914,101.26490692721889,101.07572202533242,0.2337741431781006
2025-10-03 01:05:00,101.10465050898769,101.66052096822759,101.09810563457349,101.58011275596192,1708.9539445646003,0.004702674353559644,101.3279480929675,101.12157572811692,0.2634967651391337
2025-10-03 01:20:00,101.58011275596192,101.65943882588843,101.55181348485877,101.61011474963561,3594.41974348733,0.0002953530258995585,101.38438142430113,101.1659883664368,0.25073379248400585
2025-10-03 01:35:00,101.61011474963561,101.6611071948304,101.35727610570947,101.43977733125358,4943.313317803193,-0.0016763825018969447,101.39546060569162,101.19087827232924,0.2516008446689741
2025-10-03 01:50:00,101.43977733125358,101.51462324348252,101.30151569137718,101.32348130373157,2612.669115552882,-0.0011464538919702116,101.38106474529962,101.20293309336581,0.2540372162138859
2025-10-03 02:05:00,101.32348130373157,101.3956669043741,101.07910373840286,101.09600198134684,3206.009977882895,-0.002245080009665501,101.32405219250907,101.19321208318227,0.26085637207944096
2025-10-03 02:20:00,101.09600198134684,101.16176482923869,100.70205285438448,100.77151140641843,1792.9521311445058,-0.0032097270769252395,101.21354403529095,101.15487565802192,0.28337472776697276
2025-10-03 02:35:00,100.77151140641843,100.85295125425712,100.69390160791966,100.71541709802273,4621.212606936758,-0.0005566484774597313,101.11391864783731,101.11492487984017,0.27608671327493844
2025-10-03 02:50:00,100.71541709802273,101.08318698296553,100.6948322027707,101.00977987777723,1372.0036943343055,0.0029227181720155038,101.0930908938253,101.105366243289,0.2601943219947224
2025-10-03 03:05:00,101.00977987777723,101.14367957974683,100.9455899951622,101.12671685458795,6007.720407554787,0.0011576797509331715,101.09981608597784,101.10730720795253,0.2500522991933331
2025-10-03 03:20:00,101.12671685458795,101.34382845902027,101.04173670828618,101.28065809137254,1721.821360495693,0.0015222607988543135,101.13598448705679,101.12306637917253,0.26215378143683765
2025-10-03 03:35:00,101.28065809137254,101.46351565062503,101.23962843173894,101.38278738637187,3154.311610096953,0.0010083790619448418,101.18534506691981,101.14667737982701,0.2753129506574794
2025-10-03 03:50:00,101.38278738637187,101.45828537815886,101.18423065733272,101.2046785581648,1948.16091906501,-0.001756795535008293,101.1892117651688,101.15195021422136,0.2836329377255668
2025-10-03 04:05:00,101.2046785581648,101.48404260017445,101.17993088888143,101.47218825237462,1447.5254548589517,0.0026432542252092794,101.24580706260997,101.18106276314438,0.2812794243246931
2025-10-03 04:20:00,101.47218825237462,101.49379951039344,101.1645092125395,101.25073378410573,3765.6430242775245,-0.0021824154192684464,101.24679240690912,101.18739649232269,0.29587029767469225
2025-10-03 04:35:00,101.25073378410573,101.29673930236709,101.02732242722193,101.07291957669528,5515.721790062277,-0.0017561769753648981,101.21201784086637,101.17698949999293,0.2749418363526246
2025-10-03 04:50:00,101.07291957669528,101.1701131315543,100.63692789543738,100.6839300416204,4697.476175429645,-0.003848602936414758,101.10640028101717,101.13216591286815,0.3053389717160004
2025-10-03 05:05:00,100.6839300416204,100.92317701638603,100.58518863493185,100.83888476726837,2942.4043045875346,0.001539021426596232,101.05289717826741,101.1055039905409,0.3077787783112334
2025-10-03 05:20:00,100.83888476726837,100.90449052704926,100.50209998459862,100.56410599533953,2579.722954889303,-0.0027249287074426753,100.95513894168185,101.05628599097713,0.3212989919073266
2025-10-03 05:35:00,100.56410599533953,100.64951491636513,100.48367287023488,100.49906627721813,2696.6428603893573,-0.0006467488322763337,100.86392440878912,101.00562965336267,0.3105331976329708
2025-10-03 05:50:00,100.49906627721813,100.53128585589174,100.48663667768156,100.51534350750086,5561.209285479909,0.0001619639951462304,100.79420822853147,100.96105818555705,0.28088585501553964
2025-10-03 06:05:00,100.51534350750086,100.5449048836072,100.4231938661138,100.51231141438211,4782.296899984519,-3.0165475368604255e-05,100.7378288657016,100.92026302454114,0.2782188100981062
2025-10-03 06:20:00,100.51231141438211,100.77193768381308,100.43365021095944,100.73526111131781,4878.546065491855,0.0022181332196864467,100.73731531482485,100.90344466879357,0.2746425738594494
2025-10-03 06:35:00,100.73526111131781,100.82228472732645,100.70028548342556,100.7011363583139,3536.198648868637,-0.00033875678315065105,100.73007952352268,100.88505300420451,0.26920754952489595
2025-10-03 06:50:00,100.7011363583139,100.89504004888008,100.6991893861131,100.8368363682776,6856.129476171398,0.001347551923156498,100.75143089247366,100.8806696736657,0.26161890038438734
2025-10-03 07:05:00,100.8368363682776,101.108282811099,100.79725342994092,101.10459178743467,5785.508755520633,0.0026553333960137593,100.82206307146588,100.90102622946287,0.2678433405466722
2025-10-03 07:20:00,101.10459178743467,101.17881524299708,101.01193629707994,101.0581393235018,1774.552719600414,-0.00045944959681487596,100.86927832187307,100.91530923801186,0.2601879280531715
2025-10-03 07:35:00,101.0581393235018,101.28182849366709,101.00078953805041,101.2734167789283,4297.490775645402,0.0021302337136581695,100.95010601328411,100.94786446900426,0.2585398740762902
2025-10-03 07:50:00,101.2734167789283,101.34396119505853,101.20847581465758,101.24569102325187,5557.15443071926,-0.00027377130700501073,101.00922301527767,100.97493961029949,0.24469666568679063
2025-10-03 08:05:00,101.24569102325187,101.32856315504604,100.99901639590962,101.02379166809476,1108.8665266864302,-0.0021916918430251453,101.01213674584109,100.97938070646269,0.24899165740045248
2025-10-03 08:20:00,101.02379166809476,101.2168473492464,100.97133925481927,101.15125042974395,1868.9246880003225,0.001261670736611764,101.03995948262167,100.99500522676098,0.2284432901368955
2025-10-03 08:35:00,101.15125042974395,101.28950737111387,101.06018337810119,101.20601437703436,3038.1237239163675,0.0005414065279247815,101.07317046150422,101.01418787678583,0.22068154810535998
2025-10-03 08:50:00,101.20601437703436,101.28249460277048,101.0404931840077,101.0899979822663,4449.893587070662,-0.0011463389353112419,101.07653596565665,101.02107970455677,0.20922518212765542
2025-10-03 09:05:00,101.0899979822663,101.18430380065242,100.87811185727628,100.91421188320662,4145.623411029124,-0.0017389069400368662,101.04407114916664,101.0113644480704,0.21925017478807568
2025-10-03 09:20:00,100.91421188320662,101.27248408654621,100.8794145327112,101.18354460646941,2093.171851550328,0.0026689275795415135,101.0719658406272,101.02701718974303,0.2441373444755643
2025-10-03 09:35:00,101.18354460646941,101.2114857095381,100.76704576428712,100.81063766487325,2029.6552673731078,-0.003685450465750084,101.01970020547641,101.00734632384578,0.2671894107439629
2025-10-03 09:50:00,100.81063766487325,100.97879839992082,100.77523871215618,100.92529886895345,3848.372804823678,0.0011373919135533317,101.00081993817183,100.9998874643101,0.25756599752332016
2025-10-03 10:05:00,100.92529886895345,100.94327235554637,100.73471486850727,100.80644306562756,6678.003896388215,-0.001177661147976572,100.96194456366298,100.98230160988442,0.26374872917604975
2025-10-03 10:20:00,100.80644306562756,100.95300110129197,100.79256079055602,100.91488302950076,4787.422888057874,0.0010757245328316678,100.95253225683054,100.97617264803135,0.26121941831669104
2025-10-03 10:35:00,100.91488302950076,101.12611083437264,100.83107965886191,101.06808788854495,1839.5434360758309,0.001518159209473735,100.97564338317342,100.98452857898712,0.26007668934188033
2025-10-03 10:50:00,101.06808788854495,101.13181078171489,100.74246225390108,100.80557474251239,2671.6817269319586,-0.0025973890623324225,100.94162965504123,100.9682600483985,0.2759673737630714
2025-10-03 11:05:00,100.80557474251239,101.00564049607505,100.73035447294802,100.97299781409927,1609.4186842788204,0.0016608513171472161,100.94790328685283,100.9686907543713,0.27555645001381024
2025-10-03 11:20:00,100.97299781409927,101.02494933766386,100.5167876746783,100.60609835866488,6630.820952158576,-0.0036336393231573005,100.87954230121525,100.93572780930707,0.3021761844841393
2025-10-03 11:35:00,100.60609835866488,101.1150369672639,100.53698884325736,101.03716247040502,1714.6705408322453,0.0042846717919959865,100.9110663350532,100.94494914213415,0.31992628197486234
2025-10-03 11:50:00,101.03716247040502,101.18979547046894,101.01404824637197,101.08979526540665,3171.3788492270437,0.0005209251102735735,100.9468121211239,100.95811697152256,0.31494336266556544
2025-10-03 12:05:00,101.08979526540665,101.1334489232856,100.9967908167497,101.03456729136657,4424.907325306645,-0.0005463259065376924,100.96436315517244,100.96506700059928,0.30832437077436686
2025-10-03 12:20:00,101.03456729136657,101.04639183454331,100.97752759303097,101.02104951943109,2633.5954323155556,-0.00013379353520170945,100.97570042802417,100.97015632049307,0.2959574295421926
2025-10-03 12:35:00,101.02104951943109,101.10752792331704,100.87570468823647,100.94657207523706,3645.568987757853,-0.0007372467871629151,100.96987475746675,100.96801229819707,0.2906453789496522
2025-10-03 12:50:00,100.94657207523706,101.35206313197733,100.87880887649487,101.27121885892494,1926.6141554979972,0.003216025834398062,101.0301435777584,100.9955765309905,0.29637285763875504
2025-10-03 13:05:00,101.27121885892494,101.386759666565,101.18278057985367,101.35265277500669,6439.795177890404,0.0008041170729384817,101.09464541720806,101.02803800771925,0.27919708202878013
2025-10-03 13:20:00,101.35265277500669,101.35665306833207,101.13412812490259,101.20760532143302,2203.885390691629,-0.001431116498703422,101.11723739805305,101.04436230896594,0.28055174314769715
2025-10-03 13:35:00,101.20760532143302,101.48131737452053,101.10843695145978,101.4343678778425,5595.236588035704,0.0022405683415716027,101.18066349401094,101.07981736068199,0.292289095720672
2025-10-03 13:50:00,101.4343678778425,101.55863657161825,101.35270437358258,101.54789245832225,2914.0889234939486,0.0011191924675517662,101.25410928687322,101.12236964228565,0.29553851624208044
2025-10-03 14:05:00,101.54789245832225,101.6240243590787,101.44905469802092,101.46152012970025,2061.0015931418106,-0.0008505575697442813,101.29559145543863,101.15320150477788,0.286962693781156
2025-10-03 14:20:00,101.46152012970025,101.58185422266214,101.44408411161379,101.49511104350597,2665.184994432437,0.00033107047640124065,101.3354953730521,101.1842841901168,0.26899280686933785
2025-10-03 14:35:00,101.49511104350597,101.62733820422899,101.42600025999946,101.53867479475818,1358.2615196700629,0.0004292201940006013,101.37613125739333,101.21650151781147,0.263710801233803
2025-10-03 14:50:00,101.53867479475818,101.63350991626018,101.4219952434903,101.43956602773292,1981.7472450852104,-0.0009760691404097077,101.38881821146126,101.2367801096225,0.2425217305041118
2025-10-03 15:05:00,101.43956602773292,101.5191726227415,101.21986582519837,101.26571595622092,1697.9729116722233,-0.0017138290148488444,101.36419776041319,101.23941064113144,0.22261163575672477
2025-10-03 15:20:00,101.26571595622092,101.30078623603062,101.13299323199594,101.13955532148671,3040.0964576916413,-0.0012458375822745893,101.3192692726279,101.2303328848001,0.22204347718084705
2025-10-03 15:35:00,101.13955532148671,101.24674441590142,101.10750584842962,101.1939454579049,3384.007897869942,0.0005377731417277598,101.29420450968331,101.22702493690053,0.2222277958191248
2025-10-03 15:50:00,101.1939454579049,101.23858990000252,100.87405910176467,100.96944559343643,2492.2664921401165,-0.0022185108353330873,101.22925272643394,101.20360863294925,0.24334683558523246
2025-10-03 16:05:00,100.96944559343643,101.14016422359167,100.91765021678519,101.03921958695845,3276.9305457527817,0.0006910406718778628,101.19124609853885,101.18866417422282,0.24268189070851168
2025-10-03 16:20:00,101.03921958695845,101.32268757283964,100.96028672965515,101.26804895985981,2094.056871094351,0.0022647579211003688,101.20660667080305,101.1958809729171,0.2347637898300852
2025-10-03 16:35:00,101.26804895985981,101.30958990554653,101.12351434447443,101.16721988426256,7481.469751972731,-0.000995665233337495,101.19872931349497,101.19327541940305,0.23348496657014042
2025-10-03 16:50:00,101.16721988426256,101.22719708504059,100.99212693522234,101.05794524493032,5034.425984280521,-0.0010801387984887834,101.17057249978204,101.18097267626916,0.2343810527407665
2025-10-03 17:05:00,101.05794524493032,101.14167577369048,100.88650465909137,100.89213737387657,2120.2609274957676,-0.0016407207830309023,101.11488547460095,101.1547149215062,0.22597324499350638
2025-10-03 17:20:00,100.89213737387657,101.08535320968937,100.89127215871952,101.03426465503848,2019.5494869538118,0.0014087052258120458,101.09876131068846,101.14376489728186,0.22512673448880552
2025-10-03 17:35:00,101.03426465503848,101.11860172687825,100.64806665189364,100.69676463960316,5495.429236491926,-0.0033404510498260542,101.01836197647141,101.10312851022016,0.2462385497692929
2025-10-03 17:50:00,100.69676463960316,100.90716036728318,100.67068427846452,100.85626205088364,3674.8461571293933,0.0015839377943405175,100.98594199135387,101.08068610482593,0.25328897675288636
2025-10-03 18:05:00,100.85626205088364,100.95582826016337,100.81240309104052,100.87788847530912,4442.7724851621715,0.0002144281771474521,100.96433128814492,101.06224995668804,0.2491523499595516
2025-10-03 18:20:00,100.87788847530912,100.89210148888074,100.33142512451822,100.35290222857583,2222.911974850406,-0.00520417560942299,100.8420454762311,100.99776379958692,0.2740924707875974
2025-10-03 18:35:00,100.35290222857583,100.5425449124597,100.3172687190922,100.49338838625847,2096.2849601973035,0.001399921223629974,100.77231405823659,100.95191148928433,0.268804570489339
2025-10-03 18:50:00,100.49338838625847,100.63708982972753,100.4459449627901,100.60321659537695,1333.014070541347,0.0010928898993467495,100.73849456566467,100.92021195347456,0.27047256069667874
2025-10-03 19:05:00,100.60321659537695,100.61895115076118,100.46494669449034,100.4785048623926,3353.261970320801,-0.001239639617945154,100.68649662501026,100.8800567633762,0.27152726703946783
2025-10-03 19:20:00,100.4785048623926,100.5662814063492,100.3661049789713,100.41609225617836,3729.8004522209717,-0.0006211538109540671,100.63241575124388,100.83787817181276,0.25978766912090073
2025-10-03 19:35:00,100.41609225617836,100.62853201350777,100.34348685900729,100.621313405452,3059.3360282504905,0.0020437077829127404,100.63019528208551,100.81819046577996,0.2642541796704724
2025-10-03 19:50:00,100.621313405452,100.68508476087035,100.3501489743495,100.43415808614866,2413.0550631293368,-0.0018599967836754328,100.59098784289814,100.78327843126803,0.2622923899087845
2025-10-03 20:05:00,100.43415808614866,100.50415100150398,100.13366037730879,100.21525681065955,2821.3929244024985,-0.002179550062054947,100.51584163645043,100.7316401021218,0.2754648944175772
2025-10-03 20:20:00,100.21525681065955,100.59628131743615,100.19210268434796,100.51827151169425,4758.550654299899,0.0030236384227124713,100.51632761149921,100.71224295753747,0.2875440717940023
2025-10-03 20:35:00,100.51827151169425,100.61294119718872,100.03008627287608,100.04462314032938,2869.4708493053795,-0.004712062436427522,100.42198671726524,100.65155024688218,0.3109500582021119
2025-10-03 20:50:00,100.04462314032938,100.15588445904817,99.99236184424265,100.13541483315993,5710.308726367146,0.0009075119679664567,100.36467234044419,100.60462884563469,0.3087673127618018
2025-10-03 21:05:00,100.13541483315993,100.23161709083593,99.77239162962577,99.80990312331193,2938.3465659747358,-0.0032507151479859164,100.25371849701774,100.53238105269625,0.3079594832064834
2025-10-03 21:20:00,99.80990312331193,99.82508094745931,99.71460948723096,99.81674764553048,4750.346987086132,6.857558222561622e-05,100.1663243267203,100.46732347022663,0.2989591525928899
2025-10-03 21:35:00,99.81674764553048,99.85986611401076,99.38340255539386,99.47905885680568,6764.1235609525365,-0.0033830874746991757,100.02887123273739,100.37748123264291,0.322747608985322
2025-10-03 21:50:00,99.47905885680568,99.69130663665258,99.4010948233373,99.62806935454405,2588.914427321784,0.0014979081974717534,99.94871085709873,100.30935288008847,0.30342871248194775
2025-10-03 22:05:00,99.62806935454405,99.93904133727058,99.53905040201204,99.93057949123441,1385.444603359962,0.003036394649120755,99.94508458392588,100.2749189356472,0.3159083369027361
2025-10-03 22:20:00,99.93057949123441,100.00788760242214,99.80593900463425,99.87150450628481,5569.018472265286,-0.0005911602359394141,99.93036856839767,100.23824489661425,0.3166800319634829
2025-10-03 22:35:00,99.87150450628481,99.87194084907652,99.40742855819353,99.4335946613981,3339.43994947324,-0.004384732632711552,99.83101378699776,100.16509487523096,0.3388591630072081
2025-10-03 22:50:00,99.4335946613981,99.89894958770068,99.42980990346781,99.80567568291133,2839.5205061262423,0.0037420051319705383,99.82594616618047,100.1324204032019,0.3580708242111338
2025-10-03 23:05:00,99.80567568291133,99.9141670926232,99.7894268979364,99.87870603498503,2827.6378634235466,0.0007317254412035901,99.83649813994138,100.10935546063673,0.34662046993872864
2025-10-03 23:20:00,99.87870603498503,99.89373328389051,99.54420859179169,99.54497063111967,3434.883449481072,-0.0033414069636471533,99.77819263817705,100.05804774886245,0.3476625346228691
2025-10-03 23:35:00,99.54497063111967,99.64239158786151,99.4205492406575,99.51578525815776,1877.391962391052,-0.00029318782030740564,99.7257111621732,100.00875115879839,0.3370448005520704
2025-10-03 23:50:00,99.51578525815776,99.8134845768681,99.43849206831047,99.72419400932891,6459.037331918152,0.002094228072767601,99.72540773160435,99.98288232702843,0.33496007737131656
2025-10-04 00:05:00,99.72419400932891,99.74733831405835,99.5022637159659,99.51521373619829,4059.3142822853324,-0.0020955824733069894,99.68336893252314,99.94036700058933,0.310832911212732
2025-10-04 00:20:00,99.51521373619829,99.61146339949214,99.23583092723862,99.30533512672783,2967.5172571434214,-0.0021090102868775995,99.60776217136409,99.88263683023828,0.3259836153161605
2025-10-04 00:35:00,99.30533512672783,99.47236989224243,99.30195296946489,99.43413822086148,3837.11182881245,0.001297041029762358,99.57303738126357,99.84186422938585,0.3053544339995448
2025-10-04 00:50:00,99.43413822086148,99.66776434660069,99.39103991156247,99.62281590781114,4286.197195544781,0.0018975141769779214,99.5829930865731,99.82195074560633,0.31722964648596375
2025-10-04 01:05:00,99.62281590781114,99.76452150931483,99.60058708475796,99.67811554695196,3861.442486932907,0.000555090102973832,99.60201757864887,99.80887481845593,0.2949061369102474
2025-10-04 01:20:00,99.67811554695196,100.00114967142312,99.59828598551175,99.9173925749327,1941.6909472550485,0.0024004971067901337,99.66509257790564,99.81874006904472,0.3029526992385395
2025-10-04 01:35:00,99.9173925749327,99.97010043539343,99.72119757654706,99.73049842303371,3229.4242440413764,-0.0018704866798724407,99.67817374693126,99.81071810122553,0.2921606937805277
2025-10-04 01:50:00,99.73049842303371,99.73181575647824,99.47747159267057,99.48231700903943,2653.9621047948863,-0.002488520742587097,99.6390023993529,99.78086345648134,0.29590323421051223
2025-10-04 02:05:00,99.48231700903943,99.55937244815469,99.2564177114625,99.34477852046504,2049.0448317371956,-0.0013825420708878378,99.58015762357535,99.74121937138895,0.28436340891116885
2025-10-04 02:20:00,99.34477852046504,99.43735931024025,99.23427875033502,99.28143636213565,2858.721945904167,-0.0006375992706686429,99.52041337128742,99.69942091600228,0.26535918574490885
2025-10-04 02:35:00,99.28143636213565,99.37047678573175,99.16183207005163,99.24112838115501,3029.982977858907,-0.0004059971577528021,99.46455637326095,99.65775795828888,0.2713523658158599
2025-10-04 02:50:00,99.24112838115501,99.24643597389662,99.13832652074471,99.21943725907816,3278.3778813797485,-0.00021856988559754154,99.4155325504244,99.617910621997,0.25410842017679464
2025-10-04 03:05:00,99.21943725907816,99.4637652055524,99.18258433013655,99.38711236946764,3341.7918795157384,0.0016899421627605271,99.40984851423306,99.59692896267615,0.25834688647764026
2025-10-04 03:20:00,99.38711236946764,99.60684187579078,99.35516225136307,99.58362229992329,7682.389094447422,0.0019772174255865416,99.44460327137111,99.59571926606225,0.2495388233255024
2025-10-04 03:35:00,99.58362229992329,99.63876444543601,99.1046077916855,99.188915607059,3385.561817077444,-0.003963570351714241,99.3934657385087,99.55873711524377,0.27018754158679215
2025-10-04 03:50:00,99.188915607059,99.27439118737269,99.09861484995757,99.1396582108075,2281.7024293879335,-0.0004966018223915292,99.34270423296846,99.52063903302229,0.25591210338404935
2025-10-04 04:05:00,99.1396582108075,99.2130544800887,98.69585404634091,98.77217730120333,3102.377733713736,-0.0037066993798059444,99.22859884661544,99.45259705740239,0.280682354167639
2025-10-04 04:20:00,98.77217730120333,98.85191424766693,98.70242809998612,98.80493155497585,4011.5288276528113,0.00033161417179905506,99.14386538828752,99.3937183753636,0.2715939050706808
2025-10-04 04:35:00,98.80493155497585,98.93815381270002,98.72856326454908,98.9039909819502,2171.2922878700892,0.0010025757360019316,99.09589050702006,99.3491977032351,0.2748550567559716
2025-10-04 04:50:00,98.9039909819502,99.0803526751991,98.86792149042294,99.02461368480127,6081.897278353818,0.001219593887501258,99.0816351425763,99.31969006519566,0.26125273524631304
2025-10-04 05:05:00,99.02461368480127,99.28241063595986,99.02295102224801,99.25998239605481,6389.3754834812835,0.0023768707849012305,99.11730459327201,99.31426209527376,0.26200678916527564
2025-10-04 05:20:00,99.25998239605481,99.31883885882782,99.16970718133427,99.23018049498022,961.5630927182408,-0.00030024084585955624,99.13987977361366,99.30661831342888,0.2544916115714092
2025-10-04 05:35:00,99.23018049498022,99.56901563547963,99.18127248116886,99.54614051245309,7089.198796681978,0.0031841120906643816,99.22113192138156,99.32839305879472,0.26054792711559366
2025-10-04 05:50:00,99.54614051245309,99.57002203936199,99.35807342685281,99.38363969487423,3173.7598739153705,-0.0016324170554712358,99.2536334760801,99.33341548025649,0.2611813594444468
2025-10-04 06:05:00,99.38363969487423,99.54178346369156,99.34880473796534,99.48493083206142,2773.5621173608924,0.0010191932746492771,99.29989294727636,99.34718960314784,0.2600623601620252
2025-10-04 06:20:00,99.48493083206142,99.55157941422351,99.23582624781127,99.26692368027797,1469.9551223164374,-0.0021913585299814242,99.29329909387668,99.33989270106876,0.27489405396633415
2025-10-04 06:35:00,99.26692368027797,99.58869080755191,99.19490146218622,99.53096736110436,3602.274565797198,0.0026599361704491287,99.34083274732222,99.35726312470835,0.28293751610560797
2025-10-04 06:50:00,99.53096736110436,99.53324613111099,99.31416531737881,99.40515021051452,3596.638061266292,-0.0012641005500666491,99.3536962399607,99.36161649614527,0.2806090296273557
2025-10-04 07:05:00,99.40515021051452,99.49883923681949,99.39213447524156,99.48038610583552,5804.6375526487855,0.0007568611401085334,99.37903421313567,99.37241373338983,0.25007675161502824
2025-10-04 07:20:00,99.48038610583552,99.74750315296664,99.4443310732881,99.64963085949846,4795.673080479824,0.001701287663709694,99.43315354240823,99.39761529030879,0.25917644749098756
2025-10-04 07:35:00,99.64963085949846,99.68534834348036,99.57952306123491,99.6247914550795,2261.551260557876,-0.00024926740023734073,99.4714811249425,99.41826766892432,0.22979250809796323
2025-10-04 07:50:00,99.6247914550795,99.76566575650946,99.62023443519428,99.73342529593023,2724.605780807751,0.0010904297942717633,99.52386995914006,99.44691836228849,0.22950287764327623
2025-10-04 08:05:00,99.73342529593023,99.96869238831799,99.69522284699487,99.91058060948198,1965.0161855396925,0.001776288270718629,99.60121208920845,99.48906947566971,0.23406566286986066
2025-10-04 08:20:00,99.91058060948198,99.97336154243376,99.66732838900245,99.72557496544937,7996.516948333748,-0.0018517122301164868,99.62608466445664,99.51056997474058,0.24075151777380097
2025-10-04 08:35:00,99.72557496544937,99.74666949690689,99.48079097082824,99.48611587056662,5356.550679140508,-0.002401180388939439,99.59809090567865,99.50834687436112,0.2412100115142865
2025-10-04 08:50:00,99.48611587056662,100.09957774524734,99.41369292739648,100.00221372347045,2410.4645579388693,0.005187636972130649,99.67891546923701,99.55324386064379,0.27954952153980933
2025-10-04 09:05:00,100.00221372347045,100.15646817666867,99.97238768750823,100.09998999775931,1601.7730381858726,0.0009777410984044277,99.76313037494148,99.60294805492701,0.26500218831478556
2025-10-04 09:20:00,100.09998999775931,100.12608475130939,100.03630567689433,100.03724705746295,2614.6654080929593,-0.0006268026629948631,99.81795371144578,99.64242978243028,0.25627579273663464
2025-10-04 09:35:00,100.03724705746295,100.05540464507777,99.86151304755514,99.95278295923242,1117.9133846749678,-0.0008443264955303453,99.84491956100311,99.67064370759411,0.25634099786495007
2025-10-04 09:50:00,99.95278295923242,100.3240465117799,99.9018453940346,100.26814604094683,3399.6159477477904,0.0031551205717106345,99.92956485699186,99.72496210153527,0.2639444229601691
2025-10-04 10:05:00,100.26814604094683,100.34274139136204,100.2240274437619,100.23379519218676,5027.69178799159,-0.0003425898464906041,99.99041092403084,99.77121965523085,0.24429618026263
2025-10-04 10:20:00,100.23379519218676,100.49625375000697,100.1660691073793,100.42703411109164,3090.608445268393,0.0019278818938699427,100.077735561443,99.8308391512182,0.2522321680408796
2025-10-04 10:35:00,100.42703411109164,100.529988576071,100.33287302637808,100.45827798298296,20995.269257997756,0.0003111101723540788,100.153844045751,99.887879045015,0.25869008147766487
2025-10-04 10:50:00,100.45827798298296,101.05132433528654,100.425576152699,100.99034612719959,3092.0977246004754,0.005296409165074012,100.32114446204072,99.9881033252136,0.2817312316854504
2025-10-04 11:05:00,100.99034612719959,100.99994267514636,100.6631252686746,100.7551047192618,3251.0999850304156,-0.0023293454964645743,100.40793651348494,100.05783072467253,0.2982306691301864
2025-10-04 11:20:00,100.7551047192618,100.91744650941112,100.66624738719014,100.88133418607936,1185.302409363153,0.0012528344560733817,100.50261604800383,100.1326946757095,0.3057855120520289
2025-10-04 11:35:00,100.88133418607936,101.0506881035436,100.85234338231051,101.02023306966888,3359.114000491225,0.0013768541495824405,100.60613945233685,100.21337998425126,0.30041945347417
2025-10-04 11:50:00,101.02023306966888,101.34998632856198,100.99565623179107,101.2925725481316,3199.4970214859427,0.002695890419050162,100.7434260714958,100.31148839914947,0.30386923514128383
2025-10-04 12:05:00,101.2925725481316,101.32269976019694,100.88002632803017,100.93454252204839,5945.100007223702,-0.0035346128257636167,100.78164936160633,100.36812968304936,0.31649744271900665
2025-10-04 12:20:00,100.93454252204839,100.95493120549617,100.9105560791506,100.95146227376199,1553.2244605047597,0.00016763093477045743,100.81561194403747,100.42115991856869,0.2706753218972001
2025-10-04 12:35:00,100.95146227376199,101.00215839971412,100.7074542829679,100.77992817761947,2177.3204791818935,-0.0016991739622091995,100.80847519075388,100.45377521484603,0.27857700958189874
2025-10-04 12:50:00,100.77992817761947,100.86919408684427,100.70581164283894,100.86127242313287,3649.563657945734,0.0008071472860156081,100.81903463722969,100.49082041559937,0.2838343931240611
2025-10-04 13:05:00,100.86127242313287,100.95640318588306,100.78226431377668,100.91215216876483,2271.6275102484565,0.0005044527439481694,100.83765814353673,100.52912330225078,0.2824234841657573
2025-10-04 13:20:00,100.91215216876483,100.97361672526684,100.82445914493925,100.92891463122571,2612.2779164278404,0.00016610945362494078,100.85590944107453,100.56546796852122,0.2629203743502058
2025-10-04 13:35:00,100.92891463122571,101.08873007979606,100.92437032341164,101.05591591090347,9478.694522409567,0.0012583240406556229,100.89591073504032,100.61005414510142,0.26618078926336913
2025-10-04 13:50:00,101.05591591090347,101.12307679390982,100.94067906907769,100.9490437035603,3233.6791651468143,-0.001057555180019154,100.90653732874432,100.64087137768858,0.2556245808494018
2025-10-04 14:05:00,100.9490437035603,101.0205062754395,100.724968105404,100.79738888161698,1520.450380555122,-0.0015022908229687104,100.88470763931886,100.65510024168208,0.26265476801672855
2025-10-04 14:20:00,100.79738888161698,100.98525005340572,100.70951579901116,100.94993108871999,4194.8593964199235,0.0015133547485259857,100.8977523291991,100.68190304595825,0.2376537731458015
2025-10-04 14:35:00,100.94993108871999,100.95221451999424,100.70916488627736,100.78023161674017,2040.162015694512,-0.0016810261299801121,100.87424818670732,100.69084200693842,0.23095607509188198
2025-10-04 14:50:00,100.78023161674017,100.78967343649353,100.74043404307731,100.75566051516608,2108.984659715199,-0.0002438087428447977,100.85053065239909,100.69673459859548,0.21653038017725582
2025-10-04 15:05:00,100.75566051516608,100.7912129642816,100.7087661306811,100.7210815265922,4394.955146652194,-0.0003431964854091474,100.82464082723772,100.6989479556861,0.2082519596320702
2025-10-04 15:20:00,100.7210815265922,100.74754140660265,100.51697432163932,100.60041059731661,5485.147064820912,-0.0011980702296542356,100.7797947812535,100.68999001401613,0.19941174450295712
2025-10-04 15:35:00,100.60041059731661,100.78592683884094,100.58957929615462,100.69289784348474,2467.601711859697,0.0009193525714159545,100.76241539369975,100.69025436214964,0.18181703811149572
2025-10-04 15:50:00,100.69289784348474,100.75559849300055,100.5853009606332,100.64414955329686,2740.2751341737644,-0.00048412838672751146,100.73876222561918,100.6860630158903,0.19081149568447944
2025-10-04 16:05:00,100.64414955329686,100.74843065491002,100.54598042216676,100.65994952219594,805.198922452037,0.00015698844860057015,100.72299968493454,100.68368906191807,0.18422193254141103
2025-10-04 16:20:00,100.65994952219594,100.99082654337113,100.62871697912455,100.95287203101162,2657.9592090771307,0.0029100204222840542,100.76897415414996,100.70816024092657,0.19841672684435707
2025-10-04 16:35:00,100.95287203101162,101.1130816500572,100.88103282080984,101.065282288692,2610.331604637556,0.0011134924189759587,100.82823578105838,100.74062588163252,0.20255315235442697
2025-10-04 16:50:00,101.065282288692,101.11772883477168,100.92548837574321,100.97132212530764,3238.317815769923,-0.0009296977286025188,100.85685304990824,100.76159826742116,0.2056305008330617
2025-10-04 17:05:00,100.97132212530764,101.13361108602852,100.93568050397297,101.12766335151562,1630.1650552183196,0.0015483725766605172,100.91101511022973,100.79487691142975,0.2080284169524274
2025-10-04 17:20:00,101.12766335151562,101.20414695622091,101.03952102965903,101.07175071217875,1417.2047038006267,-0.00055289163700456,100.94316223061954,100.82004725695239,0.206759002790267
2025-10-04 17:35:00,101.07175071217875,101.30001126867592,100.97210404306853,101.27371048496376,4793.6350284991895,0.001998182195934506,101.00927188148839,100.86128936858978,0.2090710781882592
2025-10-04 17:50:00,101.27371048496376,101.7606154815306,101.24172896339616,101.70533678479971,5048.393644683943,0.004261977741005563,101.14848486215065,100.93802095188158,0.22643909702682258
2025-10-04 18:05:00,101.70533678479971,101.78716244016643,101.24778979452657,101.31628459687259,4025.757991790415,-0.00382528783863445,101.18204480909505,100.97240855597167,0.24760502644989252
2025-10-04 18:20:00,101.31628459687259,101.32657876025372,101.05446857177618,101.06983425598055,814.4201558358351,-0.002432484983757921,101.15960269847216,100.98126543779065,0.2635243689542729
2025-10-04 18:35:00,101.06983425598055,101.09233495590533,101.0360881295653,101.06319439955851,2546.8089941846342,-6.569572880887886e-05,101.14032103868944,100.98871352522409,0.26165293986423926
2025-10-04 18:50:00,101.06319439955851,101.06594597800698,100.99843343473195,101.04564930286526,2701.8367982624964,-0.0001736052061038773,101.1213866915246,100.99388950500965,0.25000618688650383
2025-10-04 19:05:00,101.04564930286526,101.06544394097678,100.8560455249432,100.91142809924413,3129.3564815939735,-0.0013283224418580986,101.07939497306852,100.98639301357642,0.2509383921255944
2025-10-04 19:20:00,100.91142809924413,100.99419093809637,100.85783916220144,100.8684208691781,1980.2657686607122,-0.000426187904344566,101.03720015229044,100.97566827317657,0.24851369523470726
2025-10-04 19:35:00,100.8684208691781,100.95797398787752,100.62239518279694,100.71497647881418,1758.4311666679027,-0.0015212331970867465,100.9727554175952,100.95196901914362,0.25802287897308773
2025-10-04 19:50:00,100.71497647881418,100.91402666215781,100.69794829038285,100.83479848547832,3070.4389918131947,0.0011897138921472816,100.94516403117183,100.94131715244677,0.24759207951082882
2025-10-04 20:05:00,100.83479848547832,100.92179069996673,100.8286372415193,100.85750903478629,7041.667591710066,0.00022522531555657643,100.92763303189473,100.93369823265945,0.23767098159654815
2025-10-04 20:20:00,100.85750903478629,101.31619693328969,100.79120621670971,101.31003214988333,3878.7144848423745,0.004486756805990089,101.00411285549245,100.96791040695253,0.2614388571359417
2025-10-04 20:35:00,101.31003214988333,101.45759416648848,101.26491170361294,101.35735868537661,5999.3788647165475,0.0004671455974198935,101.07476202146928,101.00331479590017,0.26106399148022674
2025-10-04 20:50:00,101.35735868537661,101.36211551960754,101.06862224656071,101.16639965948733,2039.4984234930619,-0.0018840173852797681,101.0930895490729,101.01814069258991,0.2702688019434376
2025-10-04 21:05:00,101.16639965948733,101.23518328565292,101.0737064582045,101.19542870187192,2259.445407685749,0.00028694351565650145,101.11355737963271,101.03425778434281,0.25838091636065436
2025-10-04 21:20:00,101.19542870187192,101.19757070977244,101.06825871244656,101.09178704015456,11502.43447591505,-0.0010241733549318788,101.10920331173709,101.03948771668934,0.23055416487432723
2025-10-04 21:35:00,101.09178704015456,101.13074526416248,100.78170681964022,100.79066299293177,2922.9847389656625,-0.0029787192020176434,101.04549524797604,101.01686728725683,0.2169588647944991
2025-10-04 21:50:00,100.79066299293177,100.83673742078574,100.77623458963637,100.80416033186272,5082.017805786857,0.00013391457631239945,100.99722826475337,100.9975302913119,0.2018440535567722
2025-10-04 22:05:00,100.80416033186272,100.88363661937309,100.73773764590689,100.76373838367634,3553.2471433378355,-0.00040099484042421807,100.95053028853798,100.97627648152685,0.20824777835149888
2025-10-04 22:20:00,100.76373838367634,100.84726793015511,100.64607711121866,100.70118001180677,2651.473206914194,-0.0006208421092056549,100.90066023319174,100.95126771155229,0.21779622661302916
2025-10-04 22:35:00,100.70118001180677,101.0490989521987,100.6397553362699,100.95333808456073,1314.6311993079034,0.002504023018641721,100.91119580346555,100.95145592728032,0.23207802660554527
2025-10-04 22:50:00,100.95333808456073,101.10327652331475,100.9156836550029,101.00257241902611,2897.3858604085995,0.00048769397227999,100.92947112657767,100.9561028810754,0.235738104635326
2025-10-04 23:05:00,101.00257241902611,101.23616824773069,100.92818768094226,101.13879797529535,3330.2341356540974,0.0013487335322914795,100.97133649632121,100.97271152600447,0.23376680190017193
2025-10-04 23:20:00,101.13879797529535,101.21428492120023,100.9766217852948,101.02257919079808,2093.905899380256,-0.0011491018958486032,100.9815850352166,100.97724495007662,0.23530857076663483
2025-10-04 23:35:00,101.02257919079808,101.09801697439134,100.84116455875703,100.90910518291602,3570.0681545801267,-0.0011232539179953926,100.9670890647565,100.97105042578929,0.2470013534228406
2025-10-04 23:50:00,100.90910518291602,101.14332090981371,100.890317615991,101.0660454770943,1485.1284981536007,0.001555263956545927,100.98688034722406,100.97968633954429,0.2275736803687504
2025-10-05 00:05:00,101.0660454770943,101.08910891087072,100.4251175451831,100.4832755957032,5805.885466021062,-0.005766228198996637,100.8861593969199,100.93455809010419,0.2612386019981849
2025-10-05 00:20:00,100.4832755957032,100.66621015172365,100.39130713667396,100.60779221865326,2915.300803859641,0.0012391775866369414,100.83048596126658,100.90485210179047,0.2599107264269601
2025-10-05 00:35:00,100.60779221865326,100.69454881636621,100.56580448425358,100.65815021925822,1878.1800671440024,0.0005005377763931396,100.79601881286492,100.88242465792389,0.2575726910458321
2025-10-05 00:50:00,100.65815021925822,100.73254948119532,100.43869693404791,100.48275527996269,1915.900272914266,-0.0017424812487958352,100.73336610628448,100.84609107810924,0.2693255874616562
2025-10-05 01:05:00,100.48275527996269,100.56270619013138,100.32021760232143,100.39202208254636,3664.9808400880243,-0.0009029728251731539,100.66509730153686,100.80481207851261,0.2617148834107762
2025-10-05 01:20:00,100.39202208254636,100.77094124081044,100.33358235090893,100.735940405951,1846.2982918030775,0.0034257535237396386,100.67926592241969,100.79855101737064,0.28863317332164434
2025-10-05 01:35:00,100.735940405951,101.15243073377793,100.64555619740015,101.07696626884237,4699.951280794129,0.003385344510778321,100.75880599170424,100.82386149477716,0.31441714210104266
2025-10-05 01:50:00,101.07696626884237,101.13989773014765,100.54953720932212,100.60685353947999,2231.022870801903,-0.004651037191915619,100.72841550125939,100.80413349884105,0.34221497795026223
2025-10-05 02:05:00,100.60685353947999,100.89858661823736,100.50827915103211,100.84846744648868,4506.254705360513,0.002401565087351454,100.75242589030526,100.80816385771811,0.34085525304143666
2025-10-05 02:20:00,100.84846744648868,101.15803133696721,100.77672547082123,101.15546024038406,3681.832669180208,0.003044099743590767,100.83303276032103,100.83973625614229,0.3546918957438742
2025-10-05 02:35:00,101.15546024038406,101.24434251064146,100.8329848804755,100.86016298028059,2795.2278687032563,-0.0029192419213133203,100.83845880431295,100.84159323106395,0.3620759716994125
2025-10-05 02:50:00,100.86016298028059,100.90724836170888,100.77785750021307,100.79089255155466,1260.3114853000586,-0.0006867967161571231,100.8289455537613,100.83698407838129,0.3543422378130105
2025-10-05 03:05:00,100.79089255155466,100.88905770962602,100.46079572987283,100.54420005925637,2626.351638175534,-0.002447567295548181,100.77199645486031,100.81036734936993,0.3665857781072158
2025-10-05 03:20:00,100.54420005925637,100.58152643305253,100.37079206784061,100.44327979983747,1295.6382678780296,-0.0010037402392124584,100.70625312385576,100.77699575395788,0.36356656892073047
2025-10-05 03:35:00,100.44327979983747,100.4461261136801,100.08934027398583,100.13663902493587,2472.2472392185673,-0.0030528749709554104,100.5923303040718,100.71878150586497,0.34162331706406235
2025-10-05 03:50:00,100.13663902493587,100.23610548060498,99.85451027869512,99.86702030366786,3935.0938419015592,-0.002692508195735188,100.44726830399101,100.64134866930159,0.34924418755407466
2025-10-05 04:05:00,99.86702030366786,100.1607251935534,99.80981354463624,100.06643654702043,1081.8424971440338,0.00199681779576677,100.3711019525969,100.5890839309124,0.3651132816115411
2025-10-05 04:20:00,100.06643654702043,100.33611645252134,100.01031535186524,100.30930649899442,3234.8466522629033,0.002427087046912746,100.35874286187641,100.56364961891985,0.36739532114787565
2025-10-05 04:35:00,100.30930649899442,100.39700706012741,100.26526891367313,100.32168207129013,7370.272762922936,0.0001233741187895987,100.35133070375916,100.54165256913534,0.35948457533675693
2025-10-05 04:50:00,100.32168207129013,100.40752139954407,99.92617970367837,99.9995748642646,2536.8269558947154,-0.0032107436834704073,100.28097953586025,100.49237277778344,0.3626262043341981
2025-10-05 05:05:00,99.9995748642646,100.45534080459602,99.95039033372367,100.38265280648018,5722.714335893696,0.0038307957082373,100.30131418998425,100.48239823493769,0.36248877108380995
2025-10-05 05:20:00,100.38265280648018,100.495255419621,100.30326262978261,100.48175503575123,5823.882712190144,0.0009872445736427427,100.33740235913766,100.48233976228437,0.3340339331561576
2025-10-05 05:35:00,100.48175503575123,100.82802032181088,100.44353802712638,100.75592908986705,2510.7393458405986,0.0027285953954354625,100.42110770528355,100.50721151933733,0.33361784940467587
2025-10-05 05:50:00,100.75592908986705,100.89587283707245,100.73474557862266,100.82734206159915,2483.4870123509354,0.0007087719043155083,100.50235457654668,100.53631429590659,0.3178908059978046
2025-10-05 06:05:00,100.82734206159915,100.93909092698442,100.73783131784774,100.89514054451327,5501.5927101367715,0.000672421602393225,100.58091177014,100.56893486396174,0.30288380449571306
2025-10-05 06:20:00,100.89514054451327,100.8961471118785,100.8268704969582,100.86560562702516,2907.136282194473,-0.0002927288403457018,100.63785054151704,100.59590493333114,0.29858992974032056
2025-10-05 06:35:00,100.86560562702516,100.9028071420038,100.48233317116936,100.51605217727682,3486.2442978435793,-0.0034655366175155855,100.613490868669,100.58864559187165,0.29803364338898114
2025-10-05 06:50:00,100.51605217727682,100.76431949349538,100.49380562380266,100.70019108293364,2217.3599153478385,0.0018319353144915507,100.63083091152194,100.59878609105911,0.30230360799475264
2025-10-05 07:05:00,100.70019108293364,100.75923744553465,100.67021914501363,100.75611269216674,1024.135870358373,0.0005553277370351495,100.65588726765091,100.61308850934162,0.2831773551966634
2025-10-05 07:20:00,100.75611269216674,101.16965829776436,100.72006799030983,101.10759389647312,3174.3170402260125,0.003488435539193979,100.74622859341537,100.65804354453539,0.288034148449854
2025-10-05 07:35:00,101.10759389647312,101.16810245341989,100.82282316544718,100.88096538162267,1369.6732259419068,-0.0022414588866835894,100.77317595105684,100.67830916608878,0.2876318369538221
2025-10-05 07:50:00,100.88096538162267,100.97714727007573,100.7035296141792,100.70427508400661,2400.847497674062,-0.001751473104442014,100.7593957776468,100.68066970408131,0.2839044480424247
2025-10-05 08:05:00,100.70427508400661,100.71847039830425,100.68136428860988,100.68929098042973,2616.5827660759905,-0.0001487931228776329,100.74537481820339,100.68145345647662,0.2771450168452877
2025-10-05 08:20:00,100.68929098042973,101.11444309088937,100.59484014406702,101.10165237457285,4070.11367707707,0.0040953848232307966,100.81663032947729,100.71965335812173,0.27987796334219134
2025-10-05 08:35:00,101.10165237457285,101.19795060914547,100.8788283880908,100.96864257889028,3027.1638786239782,-0.0013156045678638373,100.84703277935989,100.74228874182796,0.26660451692664316
2025-10-05 08:50:00,100.96864257889028,101.04411144045625,100.845014221174,100.86055792687598,1208.078532106906,-0.0010704774200549494,100.84973780886311,100.75304048592324,0.2671119761726329
2025-10-05 09:05:00,100.86055792687598,100.96754158865213,100.7738062294507,100.89274402152641,4808.769483808157,0.0003191147789778359,100.85833905139577,100.7657408073417,0.25348719506669887
2025-10-05 09:20:00,100.89274402152641,101.13835778307019,100.80243453139315,101.07580894929957,1416.2980025388374,0.0018144508760125078,100.90183303097653,100.79392882024696,0.26597262315436054
2025-10-05 09:35:00,101.07580894929957,101.2057393678097,100.99411080757143,101.14831634350013,2057.721478655909,0.0007173565559779327,100.95112969348126,100.82614586781543,0.2667132625187593
2025-10-05 09:50:00,101.14831634350013,101.15035912661557,100.8949811547069,100.96580262247625,3312.0340387995666,-0.0018044167972510738,100.95406427928026,100.83884193642095,0.2800062165893564
2025-10-05 10:05:00,100.96580262247625,101.19491141625451,100.91003429220409,101.11115439783896,2535.160396913823,0.0014396139245897999,100.98548230299201,100.86359761473167,0.2703207275333556
2025-10-05 10:20:00,101.11115439783896,101.35042840057423,101.01995289793041,101.26623886817234,3162.4114218921313,0.001533801797209966,101.04163361602808,100.90020136504447,0.2746037013155771
2025-10-05 10:35:00,101.26623886817234,101.56273891528588,101.21616823669616,101.46706585673616,2530.124797680615,0.0019831583636205075,101.1267200641697,100.9517345006528,0.29300029974905534
2025-10-05 10:50:00,101.46706585673616,101.5158436179746,101.12289792512128,101.15252116837759,2720.5701340018068,-0.0030999683069842243,101.13188028501129,100.96998783408233,0.2889542558489688
2025-10-05 11:05:00,101.15252116837759,101.3870870346981,101.05387064544378,101.37419136733638,3000.3949405351973,0.0021914451206788144,101.18034250147632,101.0067336098327,0.2880926202262261
2025-10-05 11:20:00,101.37419136733638,101.4474686078616,101.29467176948013,101.38411318976645,4763.069691596005,9.787325843246819e-05,101.22109663913434,101.04104084437212,0.27946256183229273
2025-10-05 11:35:00,101.38411318976645,101.46012924087361,101.16358811858308,101.17157823185137,3694.018056306865,-0.002096333944523132,101.21119295767775,101.0529078795975,0.29799363416059066
2025-10-05 11:50:00,101.17157823185137,101.48741603575581,101.16553306400884,101.39818634116227,3543.322655038646,0.0022398396196963155,101.24859163437466,101.08429683064884,0.28387077879806405
2025-10-05 12:05:00,101.39818634116227,101.4216631738611,101.35703962149955,101.39137247065138,2522.965332594145,-6.719913596842098e-05,101.27714780163001,101.1122127979218,0.2656923024628414
2025-10-05 12:20:00,101.39137247065138,101.46388707985389,101.29671644338062,101.32319781023912,2933.741029792696,-0.0006723911389204806,101.28635780335183,101.131393253587,0.2634118322622001
2025-10-05 12:35:00,101.32319781023912,101.43916737515443,101.30881449751065,101.36222773131591,3803.3073816391284,0.0003852022233830077,101.30153178894466,101.15237820610781,0.25888451215093916
2025-10-05 12:50:00,101.36222773131591,101.37769720814764,101.19251759347914,101.20721345959669,2389.9242113386035,-0.0015293100318407582,101.28266812307507,101.15736322915225,0.24811710950747162
2025-10-05 13:05:00,101.20721345959669,101.24090292512474,101.07921136110437,101.10276780166654,3418.1027398351216,-0.001031998158627645,101.24668805879337,101.15240000847173,0.24455018120619343
2025-10-05 13:20:00,101.10276780166654,101.20238067213238,101.06146611704591,101.17842897138996,2459.759093005601,0.000748359034757895,101.23303624131269,101.15476627782793,0.23637422286175028
2025-10-05 13:35:00,101.17842897138996,101.261389158527,101.12559953331673,101.22178666658603,6851.379397027637,0.0004285270648778372,101.23078632636737,101.1608590404423,0.22572511580173885
2025-10-05 13:50:00,101.22178666658603,101.46035195332149,101.19189688724664,101.45894732150988,2969.447462089649,0.002342980327990407,101.27641852539587,101.18795797508481,0.22129508461824088
2025-10-05 14:05:00,101.45894732150988,101.77413523806482,101.45051284025462,101.77054457373575,1880.8980671255124,0.0030711658306334932,101.37524373506385,101.24092039314398,0.21965592170541828
2025-10-05 14:20:00,101.77054457373575,101.840629073602,101.68750184145867,101.78697311241534,3408.9230157659167,0.00016142724546086562,101.45758961053416,101.29056154944138,0.20252603165470515
2025-10-05 14:35:00,101.78697311241534,101.84049092403819,101.736000934754,101.7825170394308,3985.7964670331044,-4.377842122893494e-05,101.52257509631349,101.33528477580406,0.18618843165683888
2025-10-05 14:50:00,101.7825170394308,102.19167031382615,101.68459332649002,102.15452931553908,4240.477989811395,0.0036549722578009813,101.64896594015862,101.4097615521436,0.21149415658217258
2025-10-05 15:05:00,102.15452931553908,102.15568035918817,101.82653102368315,101.89675406974632,4338.5644410002815,-0.0025233853801678308,101.69852356607616,101.4540335991984,0.21382331466892168
2025-10-05 15:20:00,101.89675406974632,102.17704611165392,101.88389022213981,102.10923797384703,2435.639632905061,0.002085286288464827,101.78066644763034,101.51359763325736,0.21177138022371725
2025-10-05 15:35:00,102.10923797384703,102.38514412179744,102.02553752270268,102.32126622027431,4250.610096221356,0.0020764844654073134,101.88878640215914,101.5870220502589,0.2328415978475178
2025-10-05 15:50:00,102.32126622027431,102.51176333994329,102.28401852594078,102.41233383586888,2414.741091215319,0.0008900165034950724,101.9934958889011,101.66205039440526,0.23716832481389158
2025-10-05 16:05:00,102.41233383586888,102.4445312050107,102.04459044448558,102.13092645335864,3311.8105812663507,-0.0027477880053122794,102.0209820017926,101.70467549067374,0.2564246021625597
2025-10-05 16:20:00,102.13092645335864,102.17830296895015,101.9023212990817,101.98429592442156,3051.361037727176,-0.0014357113367031715,102.0136447863184,101.73009553010536,0.26291046324827
2025-10-05 16:35:00,101.98429592442156,102.03065472267477,101.87974390883974,101.88403045195629,5670.369227445018,-0.0009831461947785725,101.98772191944597,101.74408961390999,0.2621404096636023
2025-10-05 16:50:00,101.88403045195629,101.956853001405,101.85898857484577,101.87722085705606,4744.87136508605,-6.683672475482627e-05,101.965621706968,101.756192454196,0.2590654004830851
2025-10-05 17:05:00,101.87722085705606,101.92442830787417,101.74037674972172,101.79328334381346,3299.3909162278633,-0.0008239085492955933,101.9311540343371,101.75956435325213,0.26251268140752665
2025-10-05 17:20:00,101.79328334381346,101.81444028543761,101.3771367083784,101.47081398089448,4240.395745638132,-0.0031678844843802123,101.83908602364858,101.73331431940143,0.27457328933498104
2025-10-05 17:35:00,101.47081398089448,101.76254751026708,101.40057818235746,101.72908073686011,1526.143246336828,0.002545231932546299,101.81708496629089,101.7329294482613,0.27731235577065405
2025-10-05 17:50:00,101.72908073686011,101.92057338028873,101.72748988826396,101.82988844832501,2700.766930601547,0.000990942911650361,101.81964566269772,101.74174390281254,0.28016637433361374
2025-10-05 18:05:00,101.82988844832501,101.83798576108576,101.6611374779459,101.71540144843848,3890.186660325763,-0.0011242966248030672,101.79879681984588,101.73934913423308,0.28533482389473314
2025-10-05 18:20:00,101.71540144843848,102.04728541459214,101.63783847315972,102.01236440119168,5551.186905144517,0.00291954756629198,101.84151033611504,101.76416870395659,0.278361249187325
2025-10-05 18:35:00,102.01236440119168,102.25871506251289,101.96713544536998,102.2519849731637,5964.447940079062,0.002348936556647807,101.92360526352478,101.80851563752087,0.275677697875746
2025-10-05 18:50:00,102.2519849731637,102.31186567531566,102.2098439342074,102.29406326709962,1501.0611218655147,0.00041151566834574105,101.99769686423976,101.85265633111894,0.2620252587038995
2025-10-05 19:05:00,102.29406326709962,102.36126663754041,101.95502705123597,102.01601112474528,2043.2740675364894,-0.002718164998767536,102.00135971634087,101.86750676690315,0.26535618636173347
2025-10-05 19:20:00,102.01601112474528,102.25789985437993,101.98937834333886,102.21178057534077,1625.0558971880407,0.0019190071091497174,102.04344388814086,101.89880438585202,0.26826880757877397
2025-10-05 19:35:00,102.21178057534077,102.39917554846976,102.13501138901599,102.39282264790282,988.7136935424172,0.0017712446798499037,102.11331964009325,101.94371513694755,0.25857047893081997
2025-10-05 19:50:00,102.39282264790282,102.43090998776974,101.94754065663977,102.04895657238298,4277.706808905585,-0.0033583025316362702,102.10044702655121,101.95328254016894,0.27338388330664287
2025-10-05 20:05:00,102.04895657238298,102.11060325658579,101.9215693953777,101.92195215635974,3567.727202121115,-0.0012445439942656567,102.06474805251293,101.950434323459,0.2761069581190045
2025-10-05 20:20:00,101.92195215635974,101.96387863774297,101.76742628408992,101.85653612387078,3369.418597333699,-0.0006418247600732396,102.0231056667845,101.94189812349644,0.28314895291142
2025-10-05 20:35:00,101.85653612387078,101.9416939922489,101.6672817010955,101.74262936708153,2291.9158536638347,-0.0011183058164350168,101.96701040684391,101.92378278200418,0.2896032909829164
2025-10-05 20:50:00,101.74262936708153,101.7493739801266,101.58873756023142,101.61474427179478,9623.393173282475,-0.0012569470248833259,101.89655717983409,101.89568837198514,0.26984135118548586
2025-10-05 21:05:00,101.61474427179478,101.70033295242887,101.151580264853,101.20643280072127,1641.395561883612,-0.004018230562893188,101.75853230401154,101.83302877459752,0.2831830197330752
2025-10-05 21:20:00,101.20643280072127,101.24806867090662,101.06967611304856,101.14555923690136,3876.438721764682,-0.0006014791958903754,101.63593769058951,101.77053154389787,0.282133667292596
2025-10-05 21:35:00,101.14555923690136,101.40561991839611,101.06236420102923,101.35755017590986,3513.206885400883,0.0020958996184101686,101.5802601876536,101.7329877831717,0.29401991259452637
2025-10-05 21:50:00,101.35755017590986,101.39398839343154,101.28198723481164,101.32606455865871,1513.078373835612,-0.00031063909098538733,101.52942106185462,101.69599476276142,0.27277378525077517
2025-10-05 22:05:00,101.32606455865871,101.39128324277007,101.27987106167133,101.34321036078298,4708.536969434505,0.00016921413260195806,101.4921789216403,101.66392345349064,0.25990468267619143
2025-10-05 22:20:00,101.34321036078298,101.43030348512264,100.9818423028217,101.05807819329802,6264.145820436618,-0.002813530047744539,101.40535877597185,101.60884661165494,0.28465035704709657
2025-10-05 22:35:00,101.05807819329802,101.21779633798053,101.02120894856353,101.12456979289388,8699.611934776127,0.0006579543247269282,101.34920097935625,101.56482144631302,0.2696752001265657
2025-10-05 22:50:00,101.12456979289388,101.17070574404266,101.04098545381272,101.0836119662718,3135.229717766198,-0.00040502349434923257,101.29608317673937,101.52107512994563,0.2597608272114848
2025-10-05 23:05:00,101.0836119662718,101.16896452044512,100.85619674368068,100.88519500244728,5429.321122210335,-0.001962899425188014,101.21390554188096,101.4632678456276,0.26323251416224636
2025-10-05 23:20:00,100.88519500244728,101.17870990311762,100.82350493165409,101.11034154439476,2183.3934058196182,0.002231710430276923,101.19319274238373,101.4311836364246,0.25407791704321575
2025-10-05 23:35:00,101.11034154439476,101.2940365759867,101.01152776892616,101.29261279096258,6342.076886407146,0.0018026963788644323,101.21307675209951,101.41858628683714,0.2607546988898193
2025-10-05 23:50:00,101.29261279096258,101.37849751520938,101.2103458924623,101.36677977072253,1917.8379647482595,0.0007322052192790807,101.24381735582412,101.41387660355399,0.25873321811082156
2025-10-06 00:05:00,101.36677977072253,101.71230550760657,101.31355671700788,101.62657178797485,2607.328955064791,0.0025628910954844653,101.32036824225428,101.43321252941043,0.2676143966426281
2025-10-06 00:20:00,101.62657178797485,101.66442242930462,101.48035069189186,101.49190833361878,3997.1610876203426,-0.001325081147448559,101.35467626052719,101.43854851161119,0.2692883478938839
2025-10-06 00:35:00,101.49190833361878,101.51328620652627,101.30554652844063,101.38529737081596,1949.5949648694996,-0.0010504380551440429,101.36080048258495,101.43370749881161,0.2449302757874392
2025-10-06 00:50:00,101.38529737081596,101.66688490866387,101.29430839271767,101.58124810490588,1924.0442223925004,0.0019327332381660067,101.40489000704915,101.44712028118381,0.2588005585080211
2025-10-06 01:05:00,101.58124810490588,101.63335395201277,101.45843131116051,101.50185742767732,2288.828677008761,-0.0007815485506397213,101.42428349117479,101.4520963854105,0.24677676732840478
2025-10-06 01:20:00,101.50185742767732,101.5149744394679,101.28313702082777,101.35750204826894,2051.8617874692354,-0.0014221944609362769,101.41092720259363,101.4434969002158,0.25533650018699305
2025-10-06 01:35:00,101.35750204826894,101.43737159605558,101.21081093480808,101.24543041140979,2910.281810906934,-0.0011057063818106228,101.37782784435686,101.42549085577889,0.2635613916261903
2025-10-06 01:50:00,101.24543041140979,101.26760394912618,101.08603678341484,101.09164981464451,7042.698402651736,-0.0015188892589066416,101.32059223841439,101.39514167022122,0.24449753329836252
2025-10-06 02:05:00,101.09164981464451,101.40279819327702,101.08017883567084,101.34599916813778,3307.6938049310415,0.0025160273272779587,101.32567362435907,101.39067417003182,0.2534998167404469
2025-10-06 02:20:00,101.34599916813778,101.44108065592371,101.28669001955531,101.35758716892485,3136.3217912266177,0.00011434097924123421,101.33205633327223,101.38766626084026,0.2552619843217658
2025-10-06 02:35:00,101.35758716892485,101.40101403234249,101.28340764475544,101.40039127963101,1902.1588877498407,0.000422307909074604,101.34572332254399,101.38882308073033,0.24132188509480962
2025-10-06 02:50:00,101.40039127963101,101.48648886168615,101.31037086718221,101.44185933463321,1895.9217484925618,0.0004089535994771243,101.36495052496184,101.39364455835786,0.22852995816912422
2025-10-06 03:05:00,101.44185933463321,101.62765613178979,101.44023586958488,101.57177008639128,3173.5460766007454,0.0012806424548028605,101.40631443724773,101.40983778817908,0.22173791925086508
2025-10-06 03:20:00,101.57177008639128,101.80976065512111,101.52921066413305,101.72970276422262,2517.400439179241,0.0015548875213753366,101.47099210264271,101.43891642236485,0.2297663741252214
2025-10-06 03:35:00,101.72970276422262,101.76386093236904,101.60338465967098,101.64798073501653,2384.6420272816167,-0.0008033251546551989,101.50638982911748,101.45792226896955,0.212746908560891
2025-10-06 03:50:00,101.64798073501653,101.71283146211329,101.45974095388576,101.55766338339687,4305.325276998004,-0.0008885307014125932,101.51664453997337,101.4669896430084,0.21767682076194564
2025-10-06 04:05:00,101.55766338339687,101.59748939186217,101.25974539440465,101.35018073579431,3047.02106360173,-0.0020430033607535814,101.48335177913756,101.45637065144348,0.2269628435742226
2025-10-06 04:20:00,101.35018073579431,101.3518211170349,100.88061485908959,100.9381737821234,1527.4601695210968,-0.004065182229373132,101.37431617973473,101.40926184514164,0.23400782514558724
2025-10-06 04:35:00,100.9381737821234,100.98251365041347,100.71278127154301,100.81094440242582,2430.259499042477,-0.001260468412795035,101.26164182427296,101.35486935034929,0.2407799492897443
2025-10-06 04:50:00,100.81094440242582,100.85561846085636,100.71515427629713,100.76401618631448,5442.224863464938,-0.0004655071568817615,101.16211669668127,101.30115542634613,0.23425328971253684
2025-10-06 05:05:00,100.76401618631448,100.81587527158102,100.69796050827813,100.78242184718557,6571.58300286058,0.0001826610487325464,101.08617772678214,101.25399782824061,0.22649286843077882
2025-10-06 05:20:00,100.78242184718557,101.0693691955366,100.72569801635196,101.01765361866677,2304.190226601636,0.0023340555542301633,101.07247290515907,101.23251199100663,0.2380717265360143
2025-10-06 05:35:00,101.01765361866677,101.36850888179971,100.96873277479695,101.31279902553518,1597.7185159730245,0.0029217210685030803,101.1205381292343,101.2398108123274,0.24358292292148423
2025-10-06 05:50:00,101.31279902553518,101.35928013772308,101.20521756846142,101.24944156792218,6352.029956506552,-0.000625364793218619,101.14631881697188,101.2406863355633,0.24355948955671636
2025-10-06 06:05:00,101.24944156792218,101.31031074961577,101.18165958428563,101.1828028899351,2092.91716779957,-0.0006581634126087144,101.15361563156453,101.23542420414255,0.2443484022526517
2025-10-06 06:20:00,101.1828028899351,101.30380441497745,101.14996323382924,101.22006533161183,7324.409934439393,0.00036826852599913806,101.166905571574,101.23402794300338,0.24275720129867093
2025-10-06 06:35:00,101.22006533161183,101.5766185839311,101.18102807212716,101.48909770572199,4146.077265918073,0.0026578956773912754,101.2313439984036,101.25721610325053,0.25762650484145816
2025-10-06 06:50:00,101.48909770572199,101.57848096027259,101.39234030812618,101.42504354561225,3620.698409293465,-0.0006311432612738921,101.27008390784533,101.27247314346523,0.25088298063848263
2025-10-06 07:05:00,101.42504354561225,101.48843608708081,101.33052927241896,101.46566804800628,5927.7963459123675,0.00040053719450217073,101.30920073587752,101.29003631660532,0.2506994479216108
2025-10-06 07:20:00,101.46566804800628,101.73738551401995,101.40167611442664,101.71505508539971,3060.149423680143,0.002457846503069794,101.39037160578197,101.32867438649572,0.256600797304881
2025-10-06 07:35:00,101.71505508539971,101.79663534940606,101.53442592478787,101.56843381634371,2814.3514661959434,-0.001441490337225848,101.42598404789432,101.35047069830009,0.25120547067350024
2025-10-06 07:50:00,101.56843381634371,101.96169349919843,101.56764231781385,101.90067385053041,2735.3320518080377,0.003271095375827704,101.52092200842154,101.40048916668466,0.24569439377630534
2025-10-06 08:05:00,101.90067385053041,102.34451648385124,101.8226112820122,102.28424740327584,10403.049164495998,0.003764190542135726,101.6735870873924,101.48083082455659,0.26370673827406066
2025-10-06 08:20:00,102.28424740327584,102.36547834132107,102.18636012917362,102.35016590251855,2795.1122321096996,0.0006444638438098949,101.80890285041764,101.55986128618949,0.266467740244647
2025-10-06 08:35:00,102.35016590251855,102.36333538632084,102.03589216821545,102.04590294912256,933.9348119137404,-0.0029727646331886293,101.85630287015863,101.60404689191067,0.2814340584448252
2025-10-06 08:50:00,102.04590294912256,102.12042637970129,101.66170358873303,101.75448665446987,3088.922977744374,-0.002855737332227659,101.83593962702088,101.6177232339615,0.2896520307150833
2025-10-06 09:05:00,101.75448665446987,101.78208760564488,101.56044114136517,101.63450276862156,3953.231677710293,-0.0011791508148013552,101.79565225534103,101.61924864620332,0.276928484806293
2025-10-06 09:20:00,101.63450276862156,101.69752704543826,101.55952746583196,101.62380766078196,4180.321203311715,-0.00010523107358473283,101.76128333642922,101.6196631020741,0.2757811284023392
2025-10-06 09:35:00,101.62380766078196,102.06755679025252,101.52836166197193,102.0366034475699,2444.2713288890673,0.004061998819861579,101.81634735865735,101.65756676984644,0.30510569718451463
2025-10-06 09:50:00,102.0366034475699,102.32554155935978,101.93821392064191,102.23489806221471,2430.8490789838334,0.0019433674578035465,101.90005749936883,101.710051432789,0.3217833012966328
2025-10-06 10:05:00,102.23489806221471,102.42968842947249,102.21518888021969,102.41399427459434,1747.2922130935567,0.0017518109351528643,102.00284485441394,101.77404623658948,0.30884823254298105
2025-10-06 10:20:00,102.41399427459434,102.66236989508401,102.37592628538182,102.65348514376645,2083.411491465388,0.0023384584388923546,102.13297291228444,101.85399522815102,0.31601272951125126
2025-10-06 10:35:00,102.65348514376645,103.02224840020868,102.60087179008849,102.93297472171395,2586.4995249989133,0.002722650648987468,102.29297327417035,101.95208427302038,0.334832000615418
2025-10-06 10:50:00,102.93297472171395,103.2860363601674,102.88478222471394,103.21065445917112,6850.076799042037,0.0026976752416598693,102.47650951117052,102.06649974448862,0.3395137674625711
2025-10-06 11:05:00,103.21065445917112,103.27375370922229,103.08682752830418,103.18376232303439,932.1239026861434,-0.0002605558144908038,102.6179600735433,102.16806906981097,0.3341363929125651
2025-10-06 11:20:00,103.18376232303439,103.25129627241992,102.63366236401662,102.73474113396112,1869.8373887536948,-0.00435166521324859,102.64131628562687,102.21958471200644,0.3501065876996167
2025-10-06 11:35:00,102.73474113396112,102.76240853175854,102.51222789759173,102.55894453721308,2980.610867857977,-0.0017111699003438119,102.62484193594412,102.25043560520703,0.33069769000874366
2025-10-06 11:50:00,102.55894453721308,102.57764408743164,102.05593911933862,102.13978332372069,1971.964550994961,-0.0040870273712723115,102.52783021349944,102.24037630689008,0.35516817257628475
2025-10-06 12:05:00,102.13978332372069,102.1707363448562,101.91464435153037,101.94340744190764,2366.295454802865,-0.0019226189387014925,102.41094565918108,102.21337913734622,0.35007165652060174
2025-10-06 12:20:00,101.94340744190764,102.02580779579057,101.92359637504299,101.98657311459766,1701.9700018594203,0.0004234277995329716,102.3260711502644,102.19276040800544,0.32460655864769655
2025-10-06 12:35:00,101.98657311459766,102.09650945394604,101.97141527481287,102.00248693614395,2691.720038505516,0.00015603839858813195,102.26135430744031,102.1754628196544,0.31770996685151587
2025-10-06 12:50:00,102.00248693614395,102.09563025005366,101.8051453531176,101.80520037625756,2260.845949033055,-0.0019341348021240101,102.17012352120376,102.14180259752742,0.3286017752322132
2025-10-06 13:05:00,101.80520037625756,102.00954439050321,101.74397142220977,101.93697479377816,8312.82794691202,0.0012943780576393227,102.12349377571866,102.12318188809566,0.30905733523313067
2025-10-06 13:20:00,101.93697479377816,102.03376822060814,101.78048682331571,101.85433132187323,2953.2331599030313,-0.0008107310627191167,102.06966128494958,102.09874092752997,0.29948260370274227
2025-10-06 13:35:00,101.85433132187323,102.0254705532776,101.84139837670634,101.95961824507482,1609.3987515529257,0.0010337009907694927,102.04765267697464,102.08609341094314,0.2973092199397748
2025-10-06 13:50:00,101.95961824507482,101.95990962747453,101.81046729496228,101.8832685817215,1773.6829082916622,-0.0007488225698315532,102.01477585792401,102.0676547901048,0.2875234144262078
2025-10-06 14:05:00,101.8832685817215,101.96956644489114,101.34922189408411,101.38228929355736,2078.1028262295767,-0.004917189005987699,101.88827854505068,102.0053488358732,0.3017354101895537
2025-10-06 14:20:00,101.38228929355736,101.4240066270565,101.27126719935144,101.31605525247221,1322.8211972775362,-0.0006533097797127851,101.77383388653499,101.94268578283675,0.28398435963609664
2025-10-06 14:35:00,101.31605525247221,101.35151329395497,101.18474490687532,101.24438815405239,3177.5396834476915,-0.0007073617132175025,101.66794474003848,101.87920418021999,0.28254451721906343
2025-10-06 14:50:00,101.24438815405239,101.31090651993574,100.95445506687084,101.03258287784269,4223.129132916643,-0.0020920199141054585,101.54087236759932,101.80223860727659,0.2638886275520349
2025-10-06 15:05:00,101.03258287784269,101.33668784574608,100.98545765287727,101.27051205987934,2729.539609118654,0.0023549747542763733,101.48680030605533,101.75389983024047,0.27110645317360643
2025-10-06 15:20:00,101.27051205987934,101.38471719267284,101.2301503754784,101.37138847845833,4512.804509520727,0.0009961085070779863,101.46371794053593,101.71912607098754,0.24488229953799337
2025-10-06 15:35:00,101.37138847845833,101.39960920474698,101.21866008547323,101.27700386901455,4568.412161846973,-0.0009310774061641602,101.42637512623166,101.67893314353545,0.2395149513914165
2025-10-06 15:50:00,101.27700386901455,101.31552054768281,101.16449738758254,101.2091466352056,1578.62117850556,-0.0006700162052257763,101.38292942802646,101.63622527914183,0.24300150420232264
2025-10-06 16:05:00,101.2091466352056,101.48219667637206,101.18896375474566,101.45060805737248,1648.762758714123,0.0023857668026507906,101.39646515389566,101.6193509862537,0.25501141438041025
2025-10-06 16:20:00,101.45060805737248,101.63413438056138,101.42398247331731,101.55134897078078,4261.476311658952,0.0009930045303556678,101.42744191727269,101.61316898484708,0.24927334368812484
2025-10-06 16:35:00,101.55134897078078,101.83285396524498,101.51926876792804,101.75182397801825,4012.162578185901,0.001974124512074793,101.4923183294218,101.62577398422627,0.25270278861837475
2025-10-06 16:50:00,101.75182397801825,101.81606327677221,101.71011853454131,101.8062237441661,1602.3637114629685,0.0005346318524923621,101.55509941237067,101.64217850785717,0.242178741828266
2025-10-06 17:05:00,101.8062237441661,101.90143407160534,101.54773918821743,101.60870474511225,4551.734158442046,-0.0019401466019426383,101.565820478919,101.63913543851672,0.25429464945802593
2025-10-06 17:20:00,101.60870474511225,101.7062471206734,101.42745608756023,101.43589868479825,7453.583470233275,-0.001700701339983568,101.53983612009485,101.62065936999686,0.26353384235809124
2025-10-06 17:35:00,101.43589868479825,101.44972109292145,101.4000832703923,101.44601524567993,3351.834763979333,9.973353628112136e-05,101.52107194521187,101.6047826314226,0.22276907605252813
2025-10-06 17:50:00,101.44601524567993,101.54071922359964,101.37081961814818,101.4638248846186,1430.9335449018997,0.00017555779687894457,101.50962253309322,101.59196829080405,0.22399480303441419
2025-10-06 18:05:00,101.4638248846186,101.83338194820668,101.45409511061004,101.74125003417984,5889.338927751021,0.0027342271974934995,101.55594803331056,101.60553935838367,0.23917469235705674
2025-10-06 18:20:00,101.74125003417984,101.78800174076977,101.66557892807391,101.76091953451724,2813.081541248826,0.00019332866787857839,101.5969423335519,101.61966482894127,0.2224583609021248
2025-10-06 18:35:00,101.76091953451724,102.11134892444225,101.68921856866133,102.06357869986189,3992.030927577148,0.0029742180665142115,101.6902696068139,101.66002063538859,0.22752265825298984
2025-10-06 18:50:00,102.06357869986189,102.14844685616207,101.738755245096,101.78071044161608,2245.194924578175,-0.00277149069089222,101.70835777377434,101.67099243595473,0.24574585781524913
2025-10-06 19:05:00,101.78071044161608,101.84115647268153,101.63019067277993,101.67990561988552,4340.81201035673,-0.0009904118500763115,101.70266734299658,101.67180272540298,0.2478899064315243
2025-10-06 19:20:00,101.67990561988552,101.81852953933162,101.60367876966718,101.76302044558336,898.7713105486645,0.000817416432392859,101.71473796351394,101.68009524541938,0.2524490214003937
2025-10-06 19:35:00,101.76302044558336,101.79554408602029,101.32841574940669,101.34369482112551,2331.6204216374285,-0.0041206090642924575,101.64052933503626,101.64951338866538,0.26487012247090796
2025-10-06 19:50:00,101.34369482112551,101.44062317155088,100.92533027246319,101.00117528407763,6720.836310606137,-0.003379781422538808,101.51265852484454,101.59057356097559,0.2866659076025958
2025-10-06 20:05:00,101.00117528407763,101.01328852934137,100.96588618940771,101.00230204234633,2043.4342904404027,1.115589264699679e-05,101.41058722834491,101.53709433200929,0.26765284636093256
2025-10-06 20:20:00,101.00230204234633,101.00803791892874,100.91858849787538,100.99284397814985,2486.684741531959,-9.364206562845201e-05,101.3270385783059,101.48761702711298,0.26647460913396515
2025-10-06 20:35:00,100.99284397814985,101.31853487165851,100.93830528648974,101.2256502246194,2734.27863111954,0.002305175666900805,101.30676090756862,101.46380186324991,0.26836994497545624
2025-10-06 20:50:00,101.2256502246194,101.29025629049832,101.06210340688064,101.09362490888354,2316.6140127653543,-0.0013042674010282918,101.2641337078316,101.43014941285297,0.26475293429720737
2025-10-06 21:05:00,101.09362490888354,101.4142989233371,101.01348011604493,101.31342055857095,2095.1540004450394,0.0021741791323193205,101.27399107797949,101.41953769882733,0.28983729035170874
2025-10-06 21:20:00,101.31342055857095,101.38062620437631,101.22661051539929,101.25807259259317,2935.4263201101385,-0.0005463043856641647,101.27080738090223,101.40485905280603,0.288702724889249
2025-10-06 21:35:00,101.25807259259317,101.52698225599617,101.21978765306162,101.4371137930657,2720.1246051667363,0.0017681671780669372,101.30406866333493,101.40779130192054,0.2835532795562433
2025-10-06 21:50:00,101.4371137930657,101.44074556649166,101.24954909652548,101.25791670084818,5090.692277515791,-0.0017665831125981413,101.29483827083759,101.3941663381867,0.28846568364697994
2025-10-06 22:05:00,101.25791670084818,101.32577257118275,101.18201481162313,101.2436899719143,2959.97553161715,-0.00014049991741293955,101.28460861105295,101.38048666852556,0.26858192677402976
2025-10-06 22:20:00,101.2436899719143,101.26767380413335,101.2014863869227,101.25764997447908,5178.473248759332,0.00013788516171864273,101.27921688373819,101.36931969633952,0.2440459129272148
2025-10-06 22:35:00,101.25764997447908,101.30778677387863,100.79939438727978,100.8808065059936,3141.3260628674884,-0.0037216296110017533,101.19953480818927,101.32490940630807,0.2652906691198759
2025-10-06 22:50:00,100.8808065059936,101.09318105338737,100.80124671821193,100.99305451840537,2428.7525834621283,0.0011126795700735492,101.1582387502325,101.29474078013509,0.27079663808494764
2025-10-06 23:05:00,100.99305451840537,101.07354690177428,100.95573483112148,100.99317145048656,2496.525617297812,1.1578229981434873e-06,101.12522529028331,101.26732538653067,0.24584547623060513
2025-10-06 23:20:00,100.99317145048656,101.03370663131903,100.88684551154049,100.94533432720188,1569.9299664117168,-0.0004736669083427181,101.08924709766703,101.23805347204623,0.219528920565666
2025-10-06 23:35:00,100.94533432720188,101.32914242497507,100.84765609075686,101.26052021852381,5452.956650588309,0.003122342339273443,101.1235017218384,101.24009590354419,0.2505349201574205
2025-10-06 23:50:00,101.26052021852381,101.42211355957522,101.19988652538376,101.33981919782377,3401.6169245382666,0.0007831184268936031,101.16676521703548,101.2491616575696,0.26001903538157073
2025-10-07 00:05:00,101.33981919782377,101.38061001012508,101.23241794822071,101.25282639776441,1606.3735046071336,-0.0008584266357288817,101.18397745318127,101.24949481576913,0.24344492657697003
2025-10-07 00:20:00,101.25282639776441,101.27360395055346,101.16055472872623,101.17553767953194,3872.366180742431,-0.0007633240570376065,101.18228949845141,101.24277143974756,0.2352232364490813
2025-10-07 00:35:00,101.17553767953194,101.27221862191514,100.81139975925234,100.88199127816763,1034.933859459793,-0.0029013574634424444,101.12222985439466,101.20997324324028,0.23950895468984104
2025-10-07 00:50:00,100.88199127816763,101.0138419918372,100.81849108441348,100.94346910412631,2694.6586604448894,0.0006094033749706185,101.086477704341,101.18574559422991,0.24246147029317605
2025-10-07 01:05:00,100.94346910412631,101.00834579804453,100.92659709365368,100.94159977822636,5696.2250289840085,-1.8518542274525984e-05,101.05750211911807,101.16355052004776,0.22635819182576813
2025-10-07 01:20:00,100.94159977822636,101.01449161379612,100.76850506273783,100.84508772859063,2859.103046120116,-0.0009561176942685101,101.01501924101258,101.13459935718802,0.230271769046634
2025-10-07 01:35:00,100.84508772859063,100.9904770902919,100.81319167393883,100.89249679561519,3057.775407851238,0.000470117762722877,100.9905147519331,101.11259003340867,0.23266660167473777
2025-10-07 01:50:00,100.89249679561519,101.0754986705957,100.83420158022008,101.06989610109474,5450.221895293829,0.0017583002811292214,101.00639102176544,101.10870876683467,0.24517443547223547
2025-10-07 02:05:00,101.06989610109474,101.13418450565779,100.98032635368817,101.12545738055798,2262.873268147994,0.0005497312415128075,101.03020429352395,101.11023136808224,0.2198505615701468
2025-10-07 02:20:00,101.12545738055798,101.16847829428015,100.97457148410591,100.98548660207412,3072.281271692906,-0.0013841299916905747,101.021260755234,101.09889093480876,0.21284859549863253
2025-10-07 02:35:00,100.98548660207412,101.04814892754645,100.9541087659485,101.00202410484009,1061.3798955821153,0.00016376118314043175,101.01741342515523,101.09008485935706,0.21115060199471408
2025-10-07 02:50:00,101.00202410484009,101.04785092450932,100.91941823725816,100.97175729556118,2172.743003589848,-0.00029966537351266975,101.00828219923642,101.07932780810289,0.20983428538561505
2025-10-07 03:05:00,100.97175729556118,101.01496685205787,100.75044493011488,100.83411749627888,2162.0607071552254,-0.0013631514689737,100.97344925864492,101.05703596157343,0.19433682736595564
2025-10-07 03:20:00,100.83411749627888,100.87588309783872,100.65674438218508,100.71847590171441,5200.1838468213655,-0.0011468498702210672,100.92245458725883,101.02625777431352,0.1941162331846828
2025-10-07 03:35:00,100.71847590171441,100.76117007229864,100.30569301541752,100.4041873934884,2001.9772960595737,-0.0031204652911220876,100.81880114850475,100.96970592151123,0.2160651613973081
2025-10-07 03:50:00,100.4041873934884,100.47138766048612,100.26606713463329,100.270389841188,6908.827219841863,-0.001332589364784531,100.7091188870414,100.90613173239093,0.2226559688277072
2025-10-07 04:05:00,100.270389841188,100.30822346124474,99.99150467371959,100.0539075993399,2763.685727790733,-0.002158984743063086,100.5780766295011,100.82865681120447,0.2123631063178745
2025-10-07 04:20:00,100.0539075993399,100.14441386021069,99.666480138938,99.71423959523747,1845.943584597589,-0.003394849958910151,100.40530922264838,100.72734615520747,0.23254759302137273
2025-10-07 04:35:00,99.71423959523747,99.87840282063746,99.64925059662214,99.8610308514327,3147.358654900498,0.0014721192960112095,100.29645354840525,100.64859021850067,0.24307641585169243
2025-10-07 04:50:00,99.8610308514327,99.89437247965213,99.764750819509,99.8170772535426,4357.7351407526785,-0.0004401476483403277,100.20057828943273,100.57299813077721,0.23476463792918065
2025-10-07 05:05:00,99.8170772535426,99.88348834251984,99.76854367834073,99.83367594777289,3096.327839213615,0.0001662911265987166,100.12719782110076,100.50578702323136,0.23031172705961162
2025-10-07 05:20:00,99.83367594777289,100.22387446704614,99.81395921402382,100.14544117745157,5078.938719377166,0.003122846341366614,100.13084649237094,100.47302830997866,0.24235588153437554
2025-10-07 05:35:00,100.14544117745157,100.23911613297322,100.09571610141526,100.12214996908861,2690.9216964059765,-0.00023257382551933325,100.12910718771448,100.44113027898865,0.241608872933543
2025-10-07 05:50:00,100.12214996908861,100.47607120052348,100.10399401413204,100.4085001089128,5506.393555097302,0.002860007899476713,100.18498577195415,100.43816389989084,0.2543353283776284
2025-10-07 06:05:00,100.4085001089128,100.41591732245035,100.34896631007499,100.39645235846903,1620.507412232806,-0.00011998735595797339,100.22727908925714,100.43437194157977,0.2524003891474444
2025-10-07 06:20:00,100.39645235846903,100.42831557712408,100.21042010207805,100.30266522135365,3138.4699234530904,-0.0009341678407173148,100.24235631567645,100.42239860337739,0.25879058827564955
2025-10-07 06:35:00,100.30266522135365,100.36062289195573,100.22512299157705,100.27429936367109,3731.4902103297427,-0.0002828026316146204,100.24874492527537,100.40893503613135,0.24957472959248456
2025-10-07 06:50:00,100.27429936367109,100.27945368801744,100.12597182277877,100.21643971005889,2515.3823454653225,-0.0005770137909650863,100.24228388223209,100.39143546103385,0.244884954562844
2025-10-07 07:05:00,100.21643971005889,100.38602995320561,100.12582487424498,100.36250117184437,3323.312275034284,0.0014574600954500028,100.26632734015455,100.38880507110753,0.23093695613995127
2025-10-07 07:20:00,100.36250117184437,100.46867684518887,100.28881180940887,100.4173887692607,2036.3367953375785,0.0005468934788934732,100.29653962597578,100.39140358912145,0.22911870684903488
2025-10-07 07:35:00,100.4173887692607,100.76402921721424,100.32723308077367,100.68022234954464,4082.7616650920727,0.002617411023183136,100.37327617068956,100.417659840069,0.2376956603429942
2025-10-07 07:50:00,100.68022234954464,100.80828669306516,100.65632813655346,100.71585810008375,2541.6574801694996,0.00035394985934167345,100.4417925565684,100.44476877279762,0.21441172000292344
2025-10-07 08:05:00,100.71585810008375,100.91937098748653,100.65559349032095,100.8558660462346,4232.182905218589,0.0013901281167829627,100.52460725450165,100.48214125220098,0.2168849537993702
2025-10-07 08:20:00,100.8558660462346,100.88993842611896,100.81082958647595,100.8738452773293,5319.577991907653,0.00017826658775055293,100.59445485906718,100.51775070903082,0.21327689519221898
2025-10-07 08:35:00,100.8738452773293,100.88813770632066,100.64155235445936,100.72895635249579,3814.17041098948,-0.0014363378776249824,100.62135515775292,100.53695122207309,0.22267980145523275
2025-10-07 08:50:00,100.72895635249579,100.83863589692791,100.63921686584472,100.79365291551086,2285.661211826211,0.0006422836625912254,100.65581470930451,100.56028773965834,0.2076443570310096
2025-10-07 09:05:00,100.79365291551086,100.97156679197148,100.7418552404003,100.89118728062523,5674.631476715315,0.0009676637595039672,100.70288922356866,100.59036951610987,0.21380946560338288
2025-10-07 09:20:00,100.89118728062523,101.21358567790173,100.80655081545842,101.21035811322325,4373.692900686515,0.003163515478415979,100.80438300149959,100.64673211584746,0.21630644246423106
2025-10-07 09:35:00,101.21035811322325,101.28357547462936,100.9388304541227,100.96288125047434,1674.8183155437835,-0.002445173274380319,100.83608265129455,100.67547294626807,0.2361488716164664
2025-10-07 09:50:00,100.96288125047434,101.24248125524171,100.88956275416456,101.23096788246933,3835.560036429171,0.0026552989442714114,100.91505969752951,100.72597248592272,0.24579337347583216
2025-10-07 10:05:00,101.23096788246933,101.36278178469666,101.20093083275611,101.26167943555235,3719.167814632907,0.000303381008059489,100.98438364513409,100.77467311770724,0.2476755914445375
2025-10-07 10:20:00,101.26167943555235,101.33423466476901,101.11006139102079,101.11440932398925,3147.168199704316,-0.0014543518573265635,101.01038878090513,100.80555822736923,0.25272497776664793
2025-10-07 10:35:00,101.11440932398925,101.33018616201252,101.05762730530208,101.23689997847347,4727.130588763649,0.0012114065176580535,101.0556910204188,100.84477111383325,0.25360739046306385
2025-10-07 10:50:00,101.23689997847347,101.33231809643826,100.92266811886402,100.95703090571955,1629.720553906088,-0.0027644966688374906,101.03595899747896,100.85497654945927,0.27002060059122357
2025-10-07 11:05:00,100.95703090571955,100.9937377331415,100.78800682616647,100.81038756294778,2524.0578755143224,-0.0014525322452154654,100.99084471057273,100.85092300523095,0.2535159413436848
2025-10-07 11:20:00,100.81038756294778,100.88715374567057,100.73709700681385,100.77071010742564,1666.9797983492194,-0.0003935849914014078,100.94681778994332,100.84363092361228,0.2533800972254718
2025-10-07 11:35:00,100.77071010742564,101.39192218038848,100.71862597514436,101.3231325722565,2052.7878948835337,0.005481974516622357,101.02208074640596,100.88722198257993,0.2826314335167958
2025-10-07 11:50:00,101.3231325722565,101.40834442196721,101.24936756614598,101.26913589569648,5446.483631164227,-0.0005329155859005175,101.07149177626407,100.92194142922689,0.28833629181524045
2025-10-07 12:05:00,101.26913589569648,101.39374906856693,101.25830985039076,101.3754778801657,1934.8395146135001,0.001050092740780828,101.1322889970444,100.96317201567587,0.28039728226630295
2025-10-07 12:20:00,101.3754778801657,101.45243459121602,101.11272178169739,101.12275547640624,2526.8197315305983,-0.0024929342780332098,101.13038229291678,100.97767960301499,0.2904182664402626
2025-10-07 12:35:00,101.12275547640624,101.36608431146621,101.09814621697612,101.30603697574783,4203.459477371491,0.001812465438447708,101.165513229483,101.00753027326343,0.29314873379161305
2025-10-07 12:50:00,101.30603697574783,101.78172351332213,101.28461005893242,101.68124167304713,1565.2049934021431,0.0037036756001926907,101.26865891819583,101.06877676415286,0.2995829189306422
2025-10-07 13:05:00,101.68124167304713,101.75818886911928,101.64389158849545,101.73696887424444,5178.745902348166,0.0005480578352543564,101.36232090940555,101.12952150143391,0.28312236608186836
2025-10-07 13:20:00,101.73696887424444,101.82794106789726,101.68148302941621,101.80348157003019,1765.7077047335717,0.0006537711563625592,101.45055304153048,101.19079059857903,0.268375190182146
2025-10-07 13:35:00,101.80348157003019,101.94231537790556,101.78274448631771,101.92876657983902,3599.901803838879,0.0012306554537886427,101.5461957491922,101.25787932414812,0.2682123287283815
2025-10-07 13:50:00,101.92876657983902,102.16880079098064,101.91435314388342,102.130160806871,3272.3372153245573,0.0019758330625361253,101.66298876072796,101.3371776407593,0.27037478396759596
2025-10-07 14:05:00,102.130160806871,102.38587742297919,102.04253122066233,102.34359476061199,2967.965918059681,0.002089822948037723,101.79910996070477,101.42867010620044,0.275431022939483
2025-10-07 14:20:00,102.34359476061199,102.36388212058557,102.17973731077576,102.23570493972305,3554.6711847496654,-0.0010541922153634031,101.88642895650842,101.50203690924795,0.25932351095630984
2025-10-07 14:35:00,102.23570493972305,102.31163828766411,101.87105658152146,101.96797638326626,1934.6335285021507,-0.0026187383029699918,101.90273844186,101.54439504324961,0.27609856803971106
2025-10-07 14:50:00,101.96797638326626,102.0195321440595,101.87798558939498,101.93836648137051,4380.498730819409,-0.00029038432403971637,101.9098640497621,101.58021062853332,0.2754906977402679
2025-10-07 15:05:00,101.93836648137051,102.0263783384592,101.74417009533181,101.81933079245947,3955.8826708775687,-0.0011677221542764071,101.89175739830158,101.60194882525388,0.24755584330335875
2025-10-07 15:20:00,101.81933079245947,101.91012962756186,101.74456856971874,101.79470435341361,2068.8770697199893,-0.0002418640827256402,101.87234678932398,101.61947205508659,0.24802614344777904
2025-10-07 15:35:00,101.79470435341361,101.85980954433961,101.5219982813165,101.53089585414585,2724.904180380258,-0.0025915739030181184,101.80405660228837,101.61141967318288,0.2624812895082747
2025-10-07 15:50:00,101.53089585414585,101.55679348432606,101.36074867333105,101.39682458108612,8149.22103216567,-0.0013204972922954417,101.72261019804793,101.5919110284468,0.252219289613731
2025-10-07 16:05:00,101.39682458108612,101.48944249362899,101.20153314862476,101.25624647927044,2262.1386451648477,-0.0013864152294360554,101.62933745429244,101.56139606943077,0.25364580750759763
2025-10-07 16:20:00,101.25624647927044,101.35313344223934,100.96971885993567,101.00727943903914,2168.643463240174,-0.002458782039508778,101.50492585124178,101.51102183030426,0.24552445950145138
2025-10-07 16:35:00,101.00727943903914,101.07554720050639,101.00048101147682,101.04441542349308,3527.072157517807,0.0003676565160468659,101.41282376569204,101.4686030660487,0.24272223867328993
2025-10-07 16:50:00,101.04441542349308,101.14518318156085,100.8892365480165,100.96829944476886,4368.468031903219,-0.0007532922864188496,101.32391890150741,101.42312091865962,0.2505428526063836
2025-10-07 17:05:00,100.96829944476886,101.04157728816104,100.73314837358718,100.81561862402164,1903.876973856401,-0.0015121659133294774,101.22225884601026,101.36789343732889,0.26117556853395535
2025-10-07 17:20:00,100.81561862402164,101.01349465879154,100.7680408750517,100.94198232693637,4303.412168103868,0.001253413951522564,101.16620354219549,101.32917424547502,0.2605331497227143
2025-10-07 17:35:00,100.94198232693637,101.0403004167826,100.94051108503294,101.00161138367483,1534.8197361762343,0.0005907260325572761,101.13328511049136,101.29939580349318,0.24313623039648544
2025-10-07 17:50:00,101.00161138367483,101.02142328129148,100.79204451200056,100.8387407963234,1550.4889136814904,-0.001612554345620576,101.07437624765777,101.25751807556865,0.24636722750227896
2025-10-07 18:05:00,100.8387407963234,100.9318192836985,100.48900602801844,100.52123271958766,2559.2973189424,-0.0031486715743214155,100.96374754204375,101.19058304320674,0.24652662389780847
2025-10-07 18:20:00,100.52123271958766,100.54582325201008,100.35699181612158,100.37480048175324,1017.4610028041675,-0.0014567294279299592,100.84595812998566,101.11642099216552,0.24990411541380755
2025-10-07 18:35:00,100.37480048175324,100.43443228018575,100.30437430558511,100.38107526543017,3712.257853634205,6.251353573616392e-05,100.75298155707456,101.04957138064412,0.23903623909046803
2025-10-07 18:50:00,100.38107526543017,100.38667770806329,100.08233720830738,100.16995287910049,2614.6047225676302,-0.0021032090538124493,100.63637582147976,100.96960606232197,0.24894905636995293
2025-10-07 19:05:00,100.16995287910049,100.21122431499596,99.83725417632378,99.92104507276515,5645.165767768381,-0.002484854980772111,100.49330967173684,100.87428233599863,0.251531833202029
2025-10-07 19:20:00,99.92104507276515,100.01935185966269,99.56559678976714,99.613163391941,5033.694802359708,-0.0030812496066263684,100.31728041577767,100.75963515926611,0.2699397088377812
2025-10-07 19:35:00,99.613163391941,99.79811675135997,99.5754527577677,99.71306306166615,3020.179653623787,0.0010028761894858018,100.19643694495538,100.66449224130247,0.2652793265940697
2025-10-07 19:50:00,99.71306306166615,99.75555031388669,99.60068031384148,99.6434958704442,2848.6589728091044,-0.0006976737960494583,100.08584873005314,100.57167438940625,0.24895471357560797
2025-10-07 20:05:00,99.6434958704442,99.65917266033463,99.56041061427354,99.58569188529806,4373.5291522774905,-0.0005801079602957282,99.98581736110214,100.48203961630551,0.2506472747921456
2025-10-07 20:20:00,99.58569188529806,99.78173910559741,99.51671246204326,99.76433184636524,3384.6844053781824,0.0017938316005570165,99.94152025815477,100.41679345540184,0.25129584693570245
2025-10-07 20:35:00,99.76433184636524,99.84832183771562,99.67695630190747,99.76773007203008,2602.973264260763,3.406253118676261e-05,99.90676222092983,100.35778769327713,0.24150560559529513
2025-10-07 20:50:00,99.76773007203008,99.82930786813318,99.66473550780545,99.7473726584296,1247.7191444302193,-0.00020404807832929972,99.8748843084298,100.3022954173819,0.2357283610658588
2025-10-07 21:05:00,99.7473726584296,100.15886425515177,99.7334091072702,100.1131516061862,3997.8419116624063,0.0036670534572289526,99.92253776798108,100.28510052545501,0.2589902050752804
2025-10-07 21:20:00,100.1131516061862,100.14771257324388,100.03539209640881,100.10165631806174,3538.6434997817714,-0.00011482295722409219,99.95836147799722,100.26842377932834,0.250628898471291
2025-10-07 21:35:00,100.10165631806174,100.46745087648765,100.0341665716683,100.37725466696934,1356.4430654293592,0.0027531847028774425,100.04214011579164,100.27831749638662,0.24994825912409727
2025-10-07 21:50:00,100.37725466696934,100.43439617063089,100.3183435640201,100.37640173884267,4320.5296984956885,-8.497225088444083e-06,100.10899244040185,100.2872342457008,0.2447497713185466
2025-10-07 22:05:00,100.37640173884267,100.40241333323291,99.88214813833899,99.89856429701277,1516.1102867576024,-0.0047604559792164824,100.06690681172404,100.25190061400188,0.27262171562521026
2025-10-07 22:20:00,99.89856429701277,99.90548498325228,99.791313441065,99.86016515580435,1664.423770144594,-0.0003843813119700501,100.02555848054011,100.21628829962029,0.2590382186560224
2025-10-07 22:35:00,99.86016515580435,100.30284714679503,99.77931759473294,100.26932287175285,1689.1102103462815,0.004097306621815733,100.07431135878267,100.22110962435961,0.2697210338981587
2025-10-07 22:50:00,100.26932287175285,100.7174378518062,100.20610305648847,100.6571140745564,1243.464406336526,0.0038674959768059125,100.19087190193741,100.26074639255931,0.2738338714283139
2025-10-07 23:05:00,100.6571140745564,100.68582413337765,100.14940968231261,100.2317628377367,3477.009594088291,-0.004225744406944232,100.19905008909727,100.25811152393908,0.29624461839065525
2025-10-07 23:20:00,100.2317628377367,100.41523007292284,100.13369500485553,100.36707961428138,4056.4175682310142,0.001350038877034887,100.23265599413409,100.2680177139702,0.3052921232493771
2025-10-07 23:35:00,100.36707961428138,100.59242504214846,100.34219069666216,100.58614137326822,13250.071711182865,0.002182605689322825,100.30335306996092,100.29693804663366,0.31611157320832056
2025-10-07 23:50:00,100.58614137326822,100.65629629681654,100.30949993720262,100.33888154976518,12056.57266013844,-0.0024581897677681264,100.31045876592178,100.30075109237288,0.3219522672125897
2025-10-08 00:05:00,100.33888154976518,100.42341631411172,100.17889013827161,100.22162260071819,2449.647726681422,-0.0011686292216525063,100.29269153288107,100.29355759313154,0.3271780272148724
2025-10-08 00:20:00,100.22162260071819,100.44129002481026,100.20311068390824,100.39282836768307,3833.8248089158074,0.0017082717533616343,100.31271889984147,100.30258220899985,0.332435668684464
2025-10-08 00:35:00,100.39282836768307,100.41414246344416,100.23465332174456,100.2743009891542,8591.80297956768,-0.001180635912505279,100.30503531770403,100.30001118901389,0.3148666682428955
2025-10-08 00:50:00,100.2743009891542,100.3007342397241,100.23372102664234,100.24057638041856,1685.9063326766936,-0.00033632354853596613,100.29214353024693,100.29460802459613,0.3116304351176587
2025-10-08 01:05:00,100.24057638041856,100.29529824715819,99.74072664916359,99.82170479405048,4205.990132149436,-0.004178662987515569,100.19805578300765,100.25161682181925,0.3202938132016046
2025-10-08 01:20:00,99.82170479405048,99.91557721994388,99.79699820556705,99.90028744235524,4166.278385276067,0.000787230076533918,100.13850211487717,100.21967778732252,0.32047427089917896
2025-10-08 01:35:00,99.90028744235524,100.31890990371882,99.88607606780812,100.26476250279921,3099.8981314512707,0.0036483885059319654,100.16375419246158,100.2237763978204,0.31422917382894866
2025-10-08 01:50:00,100.26476250279921,100.36215829641095,100.17505666239357,100.3507009871778,1985.0342242081163,0.0008571155232746097,100.20114355140484,100.23531499685289,0.3194384661025274
2025-10-08 02:05:00,100.3507009871778,100.59267871542542,100.26192923648885,100.51541700924585,2172.8178376898877,0.0016414038013456977,100.26399824297305,100.26077881616133,0.305668460879276
2025-10-08 02:20:00,100.51541700924585,100.88513271089796,100.4251760431206,100.785848833907,5015.684244539332,0.002690451203483324,100.36836836115984,100.30851245413821,0.30199859462639317
2025-10-08 02:35:00,100.785848833907,100.80794550855207,100.49113868186117,100.59111220848523,4464.886828670342,-0.0019321822227512664,100.41291713062492,100.33420334089703,0.2863123357425254
2025-10-08 02:50:00,100.59111220848523,100.67794970999248,100.22109651437064,100.28438575571931,4815.0053050621655,-0.0030492400971786626,100.3872108556438,100.32967446951724,0.2988350591392767
2025-10-08 03:05:00,100.28438575571931,100.41915202163698,100.19793515438609,100.3193885398452,3845.7428513705404,0.00034903523476881304,100.37364639248409,100.3287393850016,0.29676238212246125
2025-10-08 03:20:00,100.3193885398452,100.44040252092934,100.24274755812667,100.36979976135811,2292.6487840246014,0.0005025072645141737,100.3728770662589,100.33247214648856,0.28610942520737226
2025-10-08 03:35:00,100.36979976135811,100.5344030785793,100.34568618591169,100.46384897150172,1855.9091354291006,0.0009370269779078733,100.39107144730747,100.34441549421702,0.2821230478379085
2025-10-08 03:50:00,100.46384897150172,100.54419709748325,100.1424628210482,100.17036926184181,2582.1078271155798,-0.0029212469227926086,100.34693101021435,100.32859310945564,0.29380554323312474
2025-10-08 04:05:00,100.17036926184181,100.43939251937537,100.09577344486101,100.42804714409883,5940.642626569691,0.0025723962500672215,100.36315423699125,100.3376343853323,0.30552910986275045
2025-10-08 04:20:00,100.42804714409883,100.46284452584979,100.40478118539961,100.42095878949931,1053.397336513052,-7.058142422455838e-05,100.37471514749286,100.34520933116566,0.3048898332462094
2025-10-08 04:35:00,100.42095878949931,100.42464061838739,100.31291203415748,100.32717407305461,4498.386524325471,-0.0009339157639521867,100.36520693260522,100.34356976224647,0.2732581894058746
2025-10-08 04:50:00,100.32717407305461,100.47373830128372,100.23790465135522,100.42501767942528,2687.440763287377,0.0009752453138909267,100.37716908196924,100.35097411835363,0.2816335205167074
2025-10-08 05:05:00,100.42501767942528,100.51049124576258,100.3695306832953,100.44691169475917,4936.00369989819,0.00021801355717721016,100.39111760452724,100.35969571620868,0.26078542955646355
2025-10-08 05:20:00,100.44691169475917,100.50696156982279,100.37801706739263,100.48433437683204,1649.8944993335547,0.00037256179848110804,100.4097609589882,100.37102650353808,0.25663134872880483
2025-10-08 05:35:00,100.48433437683204,100.702722347083,100.39587815091116,100.62224046583546,5384.914215833203,0.001372413818120588,100.45225686035766,100.39386413647419,0.2549238285313241
2025-10-08 05:50:00,100.62224046583546,100.83439419920023,100.57635587979162,100.73787177774167,4626.860568451626,0.0011491625645672077,100.50937984383447,100.4251375584076,0.2405010893621277
2025-10-08 06:05:00,100.73787177774167,100.84593780386224,100.70144184445955,100.82856723555929,2610.5175033461305,0.0009003114341914475,100.57321732217943,100.46181298360321,0.22819317027011315
2025-10-08 06:20:00,100.82856723555929,101.07376917640055,100.74757752942925,101.03405673096908,831.5804668060201,0.0020380086819018484,100.66538520393736,100.51383514245465,0.21886020250936053
2025-10-08 06:35:00,101.03405673096908,101.23541682863585,100.96096265156945,101.15191052745631,3888.155947566778,0.0011664759418801296,100.76269026864115,100.57184199563662,0.22266286749618303
2025-10-08 06:50:00,101.15191052745631,101.17173680473354,101.06708942590825,101.10030624203891,1674.6577167001342,-0.0005101661960541515,100.8302134633207,100.61988419985501,0.21601946864065574
2025-10-08 07:05:00,101.10030624203891,101.19837267963632,101.07057074194958,101.16787671934668,7319.1814408258015,0.0006683508667719718,100.8977461145259,100.66970170162698,0.21166840042773621
2025-10-08 07:20:00,101.16787671934668,101.32977128113222,101.11649290853526,101.25283592882326,6866.352482754718,0.0008397844477083805,100.96876407738537,100.72271390409936,0.1982072644393012
2025-10-08 07:35:00,101.25283592882326,101.31167043812401,101.08628074106255,101.15920402134606,7750.38671427511,-0.0009247336789955929,101.00685206617752,100.76239482384906,0.1897623089069508
2025-10-08 07:50:00,101.15920402134606,101.20449084343801,100.73203111551128,100.81243376360851,1995.3197905481325,-0.0034279654638679213,100.96796840566373,100.76694381837265,0.21936205086956204
2025-10-08 08:05:00,100.81243376360851,101.08319032154556,100.80260089257774,101.075008627117,1563.7473373426164,0.0026045880821030654,100.98937644995439,100.79494971007668,0.23142353977941252
2025-10-08 08:20:00,101.075008627117,101.22608832072127,101.02351366689537,101.12534286749997,4461.95439982701,0.0004979889793397252,101.01656973346351,100.82498545166061,0.2290478972006562
2025-10-08 08:35:00,101.12534286749997,101.12889070523941,101.01733953011146,101.03176522734232,4578.091175304978,-0.0009253628962253568,101.01960883223929,100.84378361308622,0.22694722667641848
2025-10-08 08:50:00,101.03176522734232,101.2073387199495,100.96003892500364,101.14984015370914,1670.1392673124717,0.001168691115127185,101.04565509653327,100.87160693496102,0.23540117614182574
2025-10-08 09:05:00,101.14984015370914,101.3735958716682,101.11303482999567,101.27616112207886,1893.1779810296766,0.0012488499060183678,101.09175630164239,100.90838458833537,0.2320952365347324
2025-10-08 09:20:00,101.27616112207886,101.43751465720769,101.18982750790967,101.37203293089658,3490.621819670793,0.0009466374688329449,101.14781162749324,100.95053443765912,0.23135586724111842
2025-10-08 09:35:00,101.37203293089658,101.54442186202806,101.30582139593577,101.50210296744054,3919.6095377704182,0.001283095867601114,101.2186698954827,101.0006770312756,0.23807761771894725
2025-10-08 09:50:00,101.50210296744054,101.57719454083495,101.2318258472833,101.32048132545579,5078.4248090449955,-0.0017893387099872093,101.23903218147733,101.02975014892834,0.23944740676040105
2025-10-08 10:05:00,101.32048132545579,101.39385063453642,101.1159617809688,101.20002273184076,3050.0760626499773,-0.001188886906568265,101.23123029155002,101.04522947464766,0.2396927407962021
2025-10-08 10:20:00,101.20002273184076,101.25927554375119,101.07510951973157,101.10092627266518,1744.5575394228322,-0.0009792138035202846,101.20516948777306,101.05029281992198,0.24537264402436826
2025-10-08 10:35:00,101.10092627266518,101.22496444440144,101.09142105044228,101.13183081208777,3672.3856534048696,0.000305680081894133,101.19050175263601,101.05770536466432,0.24578274804382666
2025-10-08 10:50:00,101.13183081208777,101.14542590278404,100.79514187688322,100.81163486964392,2756.335090757898,-0.003166124254576186,101.1147283760376,101.03533531966245,0.25556886613695945
2025-10-08 11:05:00,100.81163486964392,100.81568742165189,100.37569540547332,100.42325723719729,3645.5268051225808,-0.0038525080259717015,100.97643414826955,100.97969185762017,0.2708976032167527
2025-10-08 11:20:00,100.42325723719729,100.65089590681741,100.32968273517092,100.61948211822104,3796.252950464329,0.0019539784550133277,100.90504374225985,100.94694551767479,0.260094277768164
2025-10-08 11:35:00,100.61948211822104,100.82577148728343,100.57471135772974,100.74758484215087,3155.5065631370217,0.0012731403624133275,100.87355196223807,100.92882181989988,0.2579850420957267
2025-10-08 11:50:00,100.74758484215087,100.84361328999651,100.66272747432245,100.6812897302085,1864.7990300815509,-0.0006580317736274433,100.83509951583216,100.9063189026552,0.2564358393705949
2025-10-08 12:05:00,100.6812897302085,100.872034813892,100.6649890069902,100.8547326499136,2862.544721925527,0.0017226926688151956,100.83902614264845,100.90162924331506,0.26325688449729817
2025-10-08 12:20:00,100.8547326499136,101.14554785450295,100.82076840317157,101.08225674339322,5884.2483099448455,0.002255958520750889,100.88767226279741,100.91804992514034,0.26879114566769247
2025-10-08 12:35:00,101.08225674339322,101.5094240920909,101.01582694860097,101.41053859787566,5347.395927508792,0.003247670412778847,100.99224552981306,100.96282162266174,0.2854365815117918
2025-10-08 12:50:00,101.41053859787566,101.6098156711699,101.35286200391793,101.57954551550006,1825.4791457165206,0.0016665616804834027,101.10970552695046,101.01888743110158,0.28609847565135943
2025-10-08 13:05:00,101.57954551550006,101.6211473425336,101.08517605423202,101.11572569962813,1214.5681590061617,-0.004566074926975916,101.110909561486,101.02769091005854,0.3073392486663086
2025-10-08 13:20:00,101.11572569962813,101.21064498713027,100.63241132769379,100.70489110475675,3228.5666239410957,-0.0040630138589103915,101.02970587014016,100.99834547321292,0.32397246051522494
2025-10-08 13:35:00,100.70489110475675,101.03276025726501,100.65971883900005,100.9651148636691,2943.9146504770906,0.0025840230405655973,101.01678766884595,100.99532450870893,0.3307690722793209
2025-10-08 13:50:00,100.9651148636691,101.03846997501276,100.69624090049287,100.77486308376382,1536.6005982387107,-0.0018843318324569536,100.96840275182953,100.97528256098664,0.34205929017219766
2025-10-08 14:05:00,100.77486308376382,100.8387371161683,100.45675182584516,100.48910958781751,2682.315624388155,-0.002835563226801785,100.87254411902713,100.93108501797127,0.3598051399124823
2025-10-08 14:20:00,100.48910958781751,100.53809317928953,100.24303801338368,100.31637903763364,1870.2009898042345,-0.0017188982059087587,100.76131110274844,100.8752026561224,0.3558602213414131
2025-10-08 14:35:00,100.31637903763364,100.33087064423049,100.25644173866156,100.26217923363181,4188.268399539914,-0.00054028867989242,100.66148472892512,100.81947325407779,0.32974857058358154
2025-10-08 14:50:00,100.26217923363181,100.26299739800714,100.1765436368616,100.25346931620886,5448.704342006082,-8.687141541829924e-05,100.57988164638188,100.76801835063516,0.3129800412620857
2025-10-08 15:05:00,100.25346931620886,100.31186464495195,100.18897047899318,100.2321927376465,2582.5345314473984,-0.00021222785313546044,100.5103438646348,100.71930693127256,0.30382532957673397
2025-10-08 15:20:00,100.2321927376465,100.29872531170291,99.91892962919903,99.97030780972794,2272.575112723217,-0.0026127825877663158,100.40233665365344,100.65121610204122,0.31803317720743557
2025-10-08 15:35:00,99.97030780972794,100.23481013065059,99.87750993369298,100.14104612189188,2190.7590499602475,0.001707890231656517,100.35007854730112,100.60483701293673,0.32876563363999317
2025-10-08 15:50:00,100.14104612189188,100.15257577673738,99.95721463874231,100.02231178300427,3455.0075738569044,-0.0011856710458475472,100.28452519444176,100.55188017385196,0.3195214684016849
2025-10-08 16:05:00,100.02231178300427,100.24184650941791,99.99858161910417,100.21219355723143,1694.9702998247524,0.0018983941766823609,100.27005886699969,100.520999572341,0.3016405931748147
2025-10-08 16:20:00,100.21219355723143,100.22100225527626,99.95127259807576,100.02316786491915,7868.932349194976,-0.0018862544127858927,100.22068066658359,100.47574214439355,0.30255316388542447
2025-10-08 16:35:00,100.02316786491915,100.21644036119925,100.02248206358121,100.2051819447604,1215.9873445401922,0.0018197192083244662,100.21758092221896,100.45114576260872,0.2781236645508857
2025-10-08 16:50:00,100.2051819447604,100.30047517254256,100.10518173407586,100.19313058237867,3808.93832383317,-0.00012026685793919967,100.21269085425091,100.42768983713326,0.2507707916244734
2025-10-08 17:05:00,100.19313058237867,100.21859521897369,100.0490359233737,100.12059307101279,1350.862573311338,-0.0007239768928692936,100.1942712976033,100.39977194930412,0.2362363542912616
2025-10-08 17:20:00,100.12059307101279,100.45908096111822,100.12034091495708,100.37000353157947,1268.8995039218028,0.002491100511058386,100.22941774439853,100.39706572951097,0.23598713797992182
2025-10-08 17:35:00,100.37000353157947,100.44006604038171,99.93616323544605,100.00449164167429,1676.2250300361234,-0.003641644685109302,100.18443252385369,100.36137717607127,0.24469553188081608
2025-10-08 17:50:00,100.00449164167429,100.05271087748262,99.91589672219483,99.96519435486879,1999.060452359825,-0.00039295521791471444,100.14058489005672,100.32536055596195,0.23339260255095493
2025-10-08 18:05:00,99.96519435486879,100.03682803528395,99.82001309754482,99.86190955678012,6226.124689383144,-0.0010332075954557762,100.0848498234014,100.28322864694542,0.24356303342025548
2025-10-08 18:20:00,99.86190955678012,99.94305695449565,99.77659759092775,99.84506343856245,3796.857067752582,-0.0001686941326521918,100.03689254643362,100.24339544618333,0.24927771930756595
2025-10-08 18:35:00,99.84506343856245,99.93447911896524,99.6433323851198,99.70631862910487,936.5632959873248,-0.0013896010947296311,99.97077776296787,100.19457028099437,0.2612957598708994
2025-10-08 18:50:00,99.70631862910487,99.97773262581451,99.61505598244695,99.93152689485247,4118.460848622017,0.0022587160858416055,99.9629275893448,100.17065724589055,0.26007297136116236
2025-10-08 19:05:00,99.93152689485247,100.00862258219797,99.88799861473734,99.9100370648386,1803.1464621515288,-0.0002150455485031566,99.95234948444357,100.14696450215855,0.24316752639709246
2025-10-08 19:20:00,99.9100370648386,99.98383057440965,99.60980653217577,99.6462308754321,1398.5486278764988,-0.0026404373089693456,99.89112576264128,100.10144326336524,0.25592916241415103
2025-10-08 19:35:00,99.6462308754321,99.70071223599808,99.37633969313205,99.43704676618752,3866.777481213179,-0.002099267653244974,99.80030996335053,100.04104358180362,0.2617225661678861
2025-10-08 19:50:00,99.43704676618752,99.52584261727662,99.26174462808889,99.34902516045716,3569.7216637710794,-0.0008851993154758153,99.71005300277186,99.97813281622666,0.2613203041669741
2025-10-08 20:05:00,99.34902516045716,99.60120592601064,99.2875680902679,99.53187394736167,2566.4354249768144,0.0018404688582418505,99.67441719168983,99.93756382814803,0.26986884260445265
2025-10-08 20:20:00,99.53187394736167,99.61990128414318,99.38343410386909,99.38963591946712,4066.1055891194437,-0.0014290701285275542,99.6174609372453,99.88775220008613,0.27280982416212296
2025-10-08 20:35:00,99.38963591946712,99.39121919059883,99.28185678420867,99.29674134757637,3303.0844352084523,-0.0009346504897755903,99.55331701931152,99.83402394076705,0.2685100463614205
2025-10-08 20:50:00,99.29674134757637,99.50903117722531,99.21015951022177,99.4830688603426,4522.37076740375,0.0018764715763834872,99.53926738751774,99.80211893345573,0.2656623049930208
2025-10-08 21:05:00,99.4830688603426,99.64338087665112,99.4662012022271,99.62576658894537,2850.7448561456335,0.0014343921054857933,99.55656722780327,99.7860869021366,0.24232493852790377
2025-10-08 21:20:00,99.62576658894537,99.79409199230865,99.60902425414434,99.73915751189615,3223.5654463216524,0.0011381686368210353,99.59308528462185,99.78182059393292,0.2457716230190832
2025-10-08 21:35:00,99.73915751189615,99.83874149218732,99.7290259927685,99.79092961949499,1496.118004979086,0.0005190750442489733,99.63265415159648,99.78264868716583,0.23812166313906147
2025-10-08 21:50:00,99.79092961949499,100.16374933829808,99.76319963325265,100.09309496819402,1278.024210388854,0.0030279841048801437,99.724742314916,99.81087107635021,0.2548424018160276
2025-10-08 22:05:00,100.09309496819402,100.46035773095474,100.00124012126379,100.37432127857882,3559.4566662284024,0.002809647463435594,99.85465810764858,99.86209382200735,0.26684032151927845
2025-10-08 22:20:00,100.37432127857882,100.69257784965095,100.35433031247976,100.6175220623855,1155.620409510573,0.002422938264575736,100.00723089859596,99.93076911658719,0.2650953853623942
2025-10-08 22:35:00,100.6175220623855,100.63237188470471,100.50218322673335,100.55247293707865,3096.716775818265,-0.00064649897923863,100.11627930629251,99.98728764572277,0.26577857754173195
2025-10-08 22:50:00,100.55247293707865,100.55754084486658,100.48874795515859,100.51312385760434,1717.1895374066464,-0.0003913288089784084,100.19564821655489,100.035090937712,0.24397635236131116
2025-10-08 23:05:00,100.51312385760434,100.52921055961731,100.44457353321614,100.46904778372874,8728.501401143914,-0.0004385106360642599,100.25032812998967,100.07454156007715,0.22685238689953532
2025-10-08 23:20:00,100.46904778372874,100.68001298997967,100.46739835766262,100.66040335997502,3133.8868489062797,0.001904622174365489,100.33234317598675,100.12780172370422,0.22317500426591558
2025-10-08 23:35:00,100.66040335997502,100.71306190419396,100.5677327018355,100.57456251303509,1747.5607718390852,-0.0008527767033970068,100.38078704339642,100.16841634091612,0.21115295902418194
2025-10-08 23:50:00,100.57456251303509,100.76775806443698,100.48570416089714,100.76687874802728,2269.1839838709407,0.0019121757051367982,100.4580053843226,100.22282201428986,0.21440915354316356
2025-10-09 00:05:00,100.76687874802728,101.19688377561063,100.72735247194362,101.14571733039502,1258.0058702785632,0.0037595545984414613,100.59554777353709,100.30672158848124,0.24013550334865283
2025-10-09 00:20:00,101.14571733039502,101.2082548466072,100.75606727409297,100.84433601493679,2632.580977260586,-0.00297967450736214,100.64530542181704,100.35559562724993,0.2510866394565596
2025-10-09 00:35:00,100.84433601493679,100.94075330150653,100.4898474582109,100.50894106642485,4518.0806253841765,-0.0033258679839218708,100.6180325507386,100.36953612172037,0.2706385086616742
2025-10-09 00:50:00,100.50894106642485,100.59986585909058,100.3778123132585,100.45425380380155,2161.728237189428,-0.0005441034602798878,100.5852768013512,100.3772377291823,0.27328035206651535
2025-10-09 01:05:00,100.45425380380155,100.52492104920253,100.24030361968359,100.29922250137706,1464.200478548907,-0.0015433025138714696,100.52806594135637,100.37014543574546,0.2857733470736668
2025-10-09 01:20:00,100.29922250137706,100.52035319118947,100.24509195373045,100.44693231495896,1562.0374474422356,0.0014726915114409156,100.5118392160769,100.3771260611285,0.2768241708174953
2025-10-09 01:35:00,100.44693231495896,100.5381820923421,100.30172802303414,100.35740550048213,4243.782272294971,-0.0008912847054015627,100.48095247295795,100.37533328288791,0.26091963221870984
2025-10-09 01:50:00,100.35740550048213,100.83905336710276,100.34957374819842,100.77441706578219,2908.5531012477463,0.004155264509085432,100.53964539152281,100.41161362678739,0.2717219237710781
2025-10-09 02:05:00,100.77441706578219,101.1550821476925,100.74605182457829,101.09376631370597,2371.9257492317797,0.003168951577416035,100.65046957595945,100.47362750741634,0.2916391855669959
2025-10-09 02:20:00,101.09376631370597,101.26212949819818,101.04852574728687,101.16732934607408,6920.087176967028,0.0007276713001258539,100.75384152998238,100.53669131093068,0.30198281851008957
2025-10-09 02:35:00,101.16732934607408,101.17658689520479,101.13673744981544,101.14295535480076,2702.4621840896452,-0.00024092749537696356,100.83166429494607,100.59180622400977,0.298783705580674
2025-10-09 02:50:00,101.14295535480076,101.35662837827867,101.12095088374234,101.27311320516964,4692.611767566583,0.0012868701523729431,100.91995407699079,100.65374322229702,0.3004310528820509
2025-10-09 03:05:00,101.27311320516964,101.32696378289931,101.14302578743043,101.17699505498952,6153.8695930680415,-0.000949098404681159,100.97136227259054,100.70131157072362,0.303188823818509
2025-10-09 03:20:00,101.17699505498952,101.24775903912646,101.03511847111491,101.11404441715656,4874.565808658464,-0.0006221833115199749,100.99989870150375,100.73883273858115,0.29823072842363174
2025-10-09 03:35:00,101.11404441715656,101.15228020709426,100.89706439487881,100.97650865716237,9237.344766962597,-0.001360204319656888,100.99522069263548,100.76043964027035,0.28292247903423473
2025-10-09 03:50:00,100.97650865716237,101.05583096295356,100.95648696083968,101.01973054898075,3583.810043071384,0.0004280390795161626,101.00012266390455,100.7840115410622,0.25771936686278096
2025-10-09 04:05:00,101.01973054898075,101.118906442785,100.75297915325251,100.78125356870204,3444.284756597162,-0.002360697053760963,100.95634884486405,100.78376081630218,0.2516494701654141
2025-10-09 04:20:00,100.78125356870204,100.86135165138343,100.2770523729343,100.34244066599234,2373.3447404490016,-0.00435411236883021,100.83356720908972,100.74364080263764,0.2775241653523456
2025-10-09 04:35:00,100.34244066599234,100.3802547592114,99.97865146714454,100.07268692300745,1617.020871157722,-0.0026883314895918,100.68139115187327,100.68264499539853,0.28588029839148177
2025-10-09 04:50:00,100.07268692300745,100.14434305439515,99.86766516822554,99.93505131198907,4987.311102790153,-0.0013753564059320045,100.53212318389645,100.6146819332704,0.2859814875850952
2025-10-09 05:05:00,99.93505131198907,100.18036249640431,99.88702380617164,100.09220944401088,2882.5783719562564,0.0015726027050426694,100.44414043591934,100.56718443424681,0.29004467479400375
2025-10-09 05:20:00,100.09220944401088,100.17209773308352,99.81345168881994,99.83157010548905,3183.7002340652,-0.002603992258434662,100.32162636983328,100.50031040435974,0.28069941946252086
2025-10-09 05:35:00,99.83157010548905,99.85778380951471,99.59622470475257,99.63271147395717,3841.1807287323318,-0.0019919413400164565,100.18384339065807,100.42143777432314,0.2701657610088018
2025-10-09 05:50:00,99.63271147395717,99.73071523481872,99.6079357638151,99.72512483372509,2727.3789880131644,0.0009275403469479748,100.09209967927148,100.35813659790513,0.2636783124439666
2025-10-09 06:05:00,99.72512483372509,99.81830784487218,99.64188653619767,99.80337000846059,2719.8694047966865,0.0007846084411120557,100.03435374510931,100.30770327159199,0.2734334455357634
2025-10-09 06:20:00,99.80337000846059,99.93275295583963,99.78651666906605,99.88094455985004,2158.8010789002738,0.0007772738674343138,100.00367190805747,100.26890702506999,0.2670447878384244
2025-10-09 06:35:00,99.88094455985004,99.8840428955196,99.70600348435839,99.72867803364875,2868.118836201426,-0.0015244802386710221,99.94867313317573,100.21979529857715,0.2666234603878763
2025-10-09 06:50:00,99.72867803364875,99.81924416675332,99.6026461636862,99.64495026326748,4663.046368426568,-0.0008395556025823092,99.88792855919408,100.16753665900355,0.26690613432041693
2025-10-09 07:05:00,99.64495026326748,99.7016415341227,99.62097606292096,99.62772341696807,1468.3211781713742,-0.00017288228107792403,99.83588753074888,100.1184627279094,0.2544382528194374
2025-10-09 07:20:00,99.62772341696807,99.65067672027965,99.51974583503049,99.60446609435914,4883.6957217951385,-0.00023344227702148945,99.78960324347094,100.07173576122301,0.2566944587576714
2025-10-09 07:35:00,99.60446609435914,99.77141251055264,99.55084644109212,99.76694179864968,2253.2009526214465,0.0016312090276817681,99.7850709545067,100.04402721917089,0.24631151446681596
2025-10-09 07:50:00,99.76694179864968,99.85787756005212,99.49409961186534,99.54473579923425,4311.392865508899,-0.0022272507847729273,99.7370039234522,99.99863709008574,0.23055999087664855
2025-10-09 08:05:00,99.54473579923425,99.61935575838442,99.52342660891154,99.57211272933223,3056.7522375019416,0.0002750213748439201,99.70402568462822,99.95986214819905,0.2087261235485077
2025-10-09 08:20:00,99.57211272933223,99.86657246627584,99.49422158564948,99.80003356661081,3233.1517333756774,0.0022890027240671795,99.72322726102475,99.94533227714557,0.2155599088668469
2025-10-09 08:35:00,99.80003356661081,100.00933985481532,99.74576672023227,100.00500834739971,5056.432960828521,0.002053854828135915,99.77958347829974,99.9507573744414,0.21343379774901702
2025-10-09 08:50:00,100.00500834739971,100.25993669514125,99.91852647472753,100.23571628827226,2243.638936401258,0.0023069638679606985,99.87081004029426,99.9766627302442,0.2122026674740271
2025-10-09 09:05:00,100.23571628827226,100.30352786757551,100.20822645974147,100.21604215100801,1967.5269562723097,-0.00019627871174843214,99.93985646243702,99.99842449576818,0.2003271176934486
2025-10-09 09:20:00,100.21604215100801,100.57833367124812,100.13425444336566,100.51725192979023,1974.6096554169196,0.0030056044153923267,100.05533555590767,100.04559062613382,0.22327710032765172
2025-10-09 09:35:00,100.51725192979023,100.68149516588679,100.46965455159767,100.61598507234166,7951.574011371438,0.0009822507147367876,100.16746545919447,100.09744466669817,0.2258070507286953
2025-10-09 09:50:00,100.61598507234166,100.64970822716872,100.260013008018,100.34117485537183,3130.1915345003904,-0.002731277905516083,100.20220733842996,100.11960195657758,0.24319697446991842
2025-10-09 10:05:00,100.34117485537183,100.4189021246604,100.18242529064077,100.21487606913955,2116.6956700078426,-0.0012586935165381785,100.20474108457188,100.12826323953776,0.24737107610266357
2025-10-09 10:20:00,100.21487606913955,100.43964574436397,100.17639664839797,100.41177171189901,7354.623236641859,0.0019647346829387846,100.24614721003731,100.15403673702514,0.25070329702401245
2025-10-09 10:35:00,100.41177171189901,100.4358659928881,100.36672129157108,100.39486012751335,12194.003148359881,-0.00016842232835190263,100.27588979353253,100.17592977252406,0.24988038488938916
2025-10-09 10:50:00,100.39486012751335,100.43976933808065,100.08380783097682,100.11175330221329,5081.292700508058,-0.002819933460144197,100.24306249526869,100.17009554795035,0.2659540007361514
2025-10-09 11:05:00,100.11175330221329,100.20049343133192,100.03373404050605,100.17760583191546,3480.0488716941272,0.0006577901947573128,100.22997116259805,100.17077830103808,0.26211066654796256
2025-10-09 11:20:00,100.17760583191546,100.21654023440674,100.06662544758426,100.07994448782398,4987.2243685997455,-0.0009748819936398201,100.19996582764324,100.16252068165498,0.24683472645051246
2025-10-09 11:35:00,100.07994448782398,100.13157977063587,99.86262882924362,99.8966602596293,2031.779695069149,-0.0018313781960278552,100.13930471404046,100.13835155237992,0.25919342587332445
2025-10-09 11:50:00,99.8966602596293,100.38819527255238,99.84600565217198,100.29823843516645,2690.353779733006,0.004019935946741882,100.17109145826566,100.15288672354232,0.27132476442718456
2025-10-09 12:05:00,100.29823843516645,100.37763771088396,100.20388806255512,100.31262794133823,4086.864709556469,0.00014346718742297426,100.19939875488018,100.16740865243285,0.26490880112331183
2025-10-09 12:20:00,100.31262794133823,100.38352993126321,100.2182069059674,100.29194930237463,1651.2679613424618,-0.00020614193235668488,100.21790886437907,100.17873052970029,0.25233114432917503
2025-10-09 12:35:00,100.29194930237463,100.381177353966,100.25115412152377,100.29332721625981,6424.699233335589,1.3739027855841357e-05,100.23299253475523,100.18914841029661,0.254811274658331
2025-10-09 12:50:00,100.29332721625981,100.37721510654717,99.94490871607502,100.0250517130478,2248.0569308792533,-0.0026749087966094764,100.19140437041375,100.17423052872853,0.25397035770045207
2025-10-09 13:05:00,100.0250517130478,100.03626585030072,99.71382271867782,99.78536072897587,3153.3178954181226,-0.0023963095241334997,100.11019564212619,100.13887872875101,0.2618705375100084
2025-10-09 13:20:00,99.78536072897587,99.8321820518091,99.48642559541788,99.52560834802675,3624.7493240145595,-0.0026031111081977754,99.9932781833063,100.08312687595789,0.2587320544557587
2025-10-09 13:35:00,99.52560834802675,99.52945983738807,99.38009259235625,99.47909274971613,3630.4601285854337,-0.0004673731623721089,99.89044109658828,100.02821468266318,0.25250994095662904
2025-10-09 13:50:00,99.47909274971613,99.52329044642511,99.33528364828233,99.4163840721626,3442.0188175290637,-0.0006303704207606398,99.79562969170314,99.9725937180722,0.2471354911121131
2025-10-09 14:05:00,99.4163840721626,99.59122484654138,99.40207263124796,99.56355572179328,3525.44225079109,0.0014803560902381108,99.74921489772117,99.93540844568321,0.25570745639614195
2025-10-09 14:20:00,99.56355572179328,99.80324972904306,99.5161029837584,99.77751810903625,3467.859535457966,0.00214900307338195,99.7548755399842,99.9210547787153,0.2507921162662013
2025-10-09 14:35:00,99.77751810903625,100.36413857226917,99.73657256642657,100.27625804548231,4185.429442916732,0.004998520166647591,99.85915204108383,99.95334598478503,0.2837068744816814
2025-10-09 14:50:00,100.27625804548231,100.33028097942963,100.2158492970142,100.31364647245174,3105.5109300168183,0.0003728542298861992,99.95005092735742,99.98610057457292,0.28117236702403503
2025-10-09 15:05:00,100.31364647245174,100.41945542062038,100.29140963866244,100.39805228368701,2643.1017963361196,0.000841419031242685,100.03965119862335,100.02355072994692,0.2711077127787271
2025-10-09 15:20:00,100.39805228368701,100.43689947591294,100.12477379173353,100.20113632107946,3893.04336079857,-0.001961352417984563,100.07194822311457,100.03969487459533,0.25467457447865627
2025-10-09 15:35:00,100.20113632107946,100.26503792372505,99.94024552886768,100.01118889730493,2289.2543728330566,-0.0018956613741970552,100.05979635795265,100.03710342211438,0.2654633420878371
2025-10-09 15:50:00,100.01118889730493,100.04054044126606,99.83715767417225,99.88741697360281,1972.8335577168173,-0.001237580765380275,100.02532048108269,100.02349556315879,0.2681818950734091
2025-10-09 16:05:00,99.88741697360281,99.93567652852175,99.76927267883187,99.77936289478218,4556.7503990713985,-0.001081758664849497,99.97612896382259,100.00130168421546,0.27078051059109903
2025-10-09 16:20:00,99.77936289478218,99.83028343476825,99.53137155534097,99.62217252663531,990.1507250551305,-0.001575379553311329,99.90533767638514,99.96683539716273,0.2612523312307512
2025-10-09 16:35:00,99.62217252663531,99.91954593745938,99.53609547109923,99.82405546724297,4744.79083783574,0.002026486027030705,99.88908123455671,99.95385540353365,0.26560999799769697
2025-10-09 16:50:00,99.82405546724297,99.87704038449822,99.68971190629063,99.75560068256286,1887.8099866035743,-0.0006857543941658495,99.86238512415795,99.93583224708176,0.2542937138417238
2025-10-09 17:05:00,99.75560068256286,100.00082530612767,99.71705714583516,99.90619974772589,2809.7521790453393,0.0015096802999789993,99.87114804887155,99.93313838350396,0.26389377921748697
2025-10-09 17:20:00,99.90619974772589,100.10446113921013,99.81303677623124,100.01933720146536,3800.5381466287613,0.0011324367659379941,99.90078587939031,99.94097463968227,0.27128074813435177
2025-10-09 17:35:00,100.01933720146536,100.09468430342473,99.85938350279547,99.91828783826945,1191.1018820603208,-0.0010102982685474826,99.90428627116614,99.93891220319018,0.2745770756583405
2025-10-09 17:50:00,99.91828783826945,99.96415543795783,99.84779802002213,99.89919806466652,2743.4703203083013,-0.00019105385026041422,99.90326862986622,99.93530182696075,0.26237783799055797
2025-10-09 18:05:00,99.89919806466652,100.38603861540206,99.88930423478796,100.31451946407306,4191.824139019549,0.004157404738501347,99.9855187967076,99.96977615760733,0.2530327219028083
2025-10-09 18:20:00,100.31451946407306,100.32710200941422,100.15821123444462,100.24245468776793,2255.9687570449496,-0.0007183882920451801,100.03690597491966,99.99456511489466,0.25692265708524886
2025-10-09 18:35:00,100.24245468776793,100.48064687926376,100.14442080361765,100.42117556514161,2371.167524101632,0.001782886082851265,100.11375989296405,100.03334788309893,0.2717926780629755
2025-10-09 18:50:00,100.42117556514161,100.49575028285585,100.32240300227126,100.34601316840106,1534.8244782702136,-0.0007484715879649828,100.16021054805147,100.06177199994457,0.2618799349490603
2025-10-09 19:05:00,100.34601316840106,100.51817127049532,100.325316635487,100.4553960832531,4466.7440359691345,0.0010900574063514856,100.2192476550918,100.09755600751807,0.2524558092455566
2025-10-09 19:20:00,100.4553960832531,100.65208102467669,100.41582512724938,100.58537022958835,2134.3006410874623,0.0012938493242067306,100.29247216999111,100.141902754979,0.25480388998366366
2025-10-09 19:35:00,100.58537022958835,100.8711038031377,100.58232760901824,100.7792839447073,1322.5197220327875,0.00192785207904822,100.38983452493436,100.19984649949976,0.26354477172863355
2025-10-09 19:50:00,100.7792839447073,101.17123226439283,100.72530711750574,101.07162452334113,3915.0759112324304,0.0029008003152137807,100.52619252461572,100.27909904712169,0.2740457194043344
2025-10-09 20:05:00,101.07162452334113,101.1961870700387,100.97130276940227,101.14740424406705,759.0664595013956,0.0007497625677166386,100.650434868506,100.35803588320763,0.2627195647097835
2025-10-09 20:20:00,101.14740424406705,101.15819881140303,101.12359094537754,101.14009925748182,2420.322523636764,-7.22211967753017e-05,100.74836774630117,100.42913255359619,0.25181094955391864
2025-10-09 20:35:00,101.14009925748182,101.3691581209342,101.0641303080442,101.28323363998976,5772.558036713664,0.0014152090373527049,100.85534092503889,100.50677810690469,0.2533294961680253
2025-10-09 20:50:00,101.28323363998976,101.35425761436518,101.11537998705766,101.1620958209637,6109.3520439796175,-0.0011960303267630756,100.91669190422385,100.56635244454641,0.24957615790578455
2025-10-09 21:05:00,101.1620958209637,101.65358278440235,101.06530472924256,101.57165537595283,2789.4556641996564,0.00404854754802586,101.04768459856966,100.65774362012881,0.2747888189436795
2025-10-09 21:20:00,101.57165537595283,101.66403290678893,101.31135188198998,101.37780209522573,2946.5782407438082,-0.001908537180078218,101.11370809790088,100.72320348150126,0.29166907657676894
2025-10-09 21:35:00,101.37780209522573,101.43360130342359,101.18868455117715,101.26826390611268,2303.330428243384,-0.0010804948109859325,101.14461925954325,100.7727544291932,0.27368210312193597
2025-10-09 21:50:00,101.26826390611268,101.35309976781336,101.26071498223027,101.26455968701318,4251.062306103576,-3.6578281848886895e-05,101.16860734503724,100.81746399808593,0.26821738959432856
2025-10-09 22:05:00,101.26455968701318,101.4883849032585,101.18265722114492,101.40080576867217,3435.294294020843,0.001345446838262987,101.21504702976424,100.87049506813922,0.2660389329134339
2025-10-09 22:20:00,101.40080576867217,101.49069248814709,101.09840637693895,101.1841321654633,2665.649298962945,-0.0021368035644921957,101.20886405690405,100.89900753153232,0.2816774208151155
2025-10-09 22:35:00,101.1841321654633,101.21175181480022,101.0949000734961,101.21169327575512,8163.986803553585,0.00027238569627452414,101.20942990067427,100.92743350827985,0.27624864269338695
2025-10-09 22:50:00,101.21169327575512,101.26709613535114,101.14067303345755,101.2181055029499,3919.1382830533908,6.335460841766505e-05,101.2111650211294,100.95385823506803,0.268403443012407
2025-10-09 23:05:00,101.2181055029499,101.3110150121332,101.07338437186542,101.0912011883051,1645.2830779591986,-0.0012537708941913195,101.18717225456454,100.96634395808958,0.26475018916585824
2025-10-09 23:20:00,101.0912011883051,101.10091817330165,100.99969915703826,101.0343218726077,3838.418204665118,-0.0005626534755626134,101.15660217817319,100.97252376850032,0.24012832269273637
2025-10-09 23:35:00,101.0343218726077,101.05796948450867,100.9215851528558,100.99315471227905,5731.597982101504,-0.000407457184505744,101.12391268499437,100.97439930884384,0.23380689633676813
2025-10-09 23:50:00,100.99315471227905,101.20875693053809,100.91801977675733,101.2027504487396,2575.980763514931,0.0020753459683249265,101.13968023774342,100.99515850337981,0.2521018454621447
2025-10-10 00:05:00,101.2027504487396,101.28536036092513,101.03196619701397,101.07329041242691,4382.695044250004,-0.00127921460373992,101.12640227268012,101.00226140420227,0.2484137276779411
2025-10-10 00:20:00,101.07329041242691,101.15427399022508,100.91116841667568,100.9361128729035,2898.193270371651,-0.0013572086053958987,101.0883443927248,100.99624790135692,0.24871572383807564
2025-10-10 00:35:00,100.9361128729035,100.98255515105107,100.58631225969154,100.6247414170033,2528.1573498116663,-0.003084837002711338,100.9956237975805,100.9624745845975,0.23499892642377165
2025-10-10 00:50:00,100.6247414170033,100.81774366345024,100.59860975782608,100.77751201084885,2204.465145545302,0.0015182209831718918,100.95200144023418,100.9456598051658,0.22545984648271503
2025-10-10 01:05:00,100.77751201084885,100.9918782930429,100.68154815604964,100.9851442881895,3454.257748083759,0.0020603036649515793,100.95863000982526,100.9492493036225,0.2301322311074878
2025-10-10 01:20:00,100.9851442881895,101.11283680275876,100.89797589145974,101.02023664601418,2220.1523735043634,0.0003475001998762828,100.97095133706304,100.95570269838537,0.23888052580148308
2025-10-10 01:35:00,101.02023664601418,101.10652456043358,100.60120958646678,100.68042998042696,1470.8443963376853,-0.0033637484613893154,100.91284706573583,100.9306779058437,0.25313676093385595
2025-10-10 01:50:00,100.68042998042696,100.74847188020892,100.41800787215777,100.51848566135055,5350.450650665314,-0.001608498484838572,100.83397478485878,100.89320588361704,0.24872089642264278
2025-10-10 02:05:00,100.51848566135055,100.61651290263954,100.48609177436953,100.57412082565342,2391.9319744806908,0.0005534819186423512,100.78200399301771,100.86419815107489,0.24969013834877835
2025-10-10 02:20:00,100.57412082565342,100.67348542724754,100.23061919326142,100.32769700496891,2227.1586707514894,-0.002450171263358003,100.69114259540795,100.81542531961071,0.2722932192125305
2025-10-10 02:35:00,100.32769700496891,100.51544700793767,100.30770537591268,100.46366447941078,2286.6385733376956,0.0013552336842250767,100.64564697220852,100.78344706141071,0.2701582900523312
2025-10-10 02:50:00,100.46366447941078,100.6817741451107,100.41489874318395,100.59285807597749,1525.3195298786031,0.0012859733639636328,100.63508919296233,100.76612079000769,0.28199088902828506
2025-10-10 03:05:00,100.59285807597749,100.77650171154968,100.57565202853284,100.71734445952775,2389.095643129904,0.001237527056406229,100.65154024627542,100.76168657814587,0.2865955569828539
2025-10-10 03:20:00,100.71734445952775,100.80700327604237,100.33787862590077,100.42388774823425,1941.5656771840452,-0.0029136660906644574,100.60600974666718,100.73097759360844,0.29933752100862826
2025-10-10 03:35:00,100.42388774823425,100.44915724725014,100.24961729980153,100.26646789949503,1982.2256653672105,-0.0015675538188073546,100.53810137723276,100.68874943959813,0.295490791261304
2025-10-10 03:50:00,100.26646789949503,100.30055858843936,100.11951570018235,100.12709933211205,7132.44573673078,-0.001389981818474717,100.45590096820862,100.63769033891757,0.2910577423118476
2025-10-10 04:05:00,100.12709933211205,100.13102145087943,100.02605106032445,100.1245710557864,3273.9247866608075,-2.5250669823839722e-05,100.38963498572419,100.59104313136018,0.27025256368295103
2025-10-10 04:20:00,100.1245710557864,100.1410503976443,99.61509121988955,99.70325664166339,3081.9500220642026,-0.004207902312892586,100.25235931691203,100.51033526866047,0.2921686545494221
2025-10-10 04:35:00,99.70325664166339,100.05450527503397,99.68271657080346,100.01146038055684,2238.6233687491367,0.0030912103503413224,100.204179529641,100.46498300610558,0.2965585522092259
2025-10-10 04:50:00,100.01146038055684,100.03900760199657,99.80958511462913,99.8797562292544,1619.5059594363527,-0.001316890592351072,100.13929486956368,100.41178057184638,0.29759866478554137
2025-10-10 05:05:00,99.8797562292544,100.14102781370768,99.83023871139238,100.12041211189853,2205.4097677962436,0.0024094560472469606,100.13551831803066,100.38529253003294,0.28370395966757656
2025-10-10 05:20:00,100.12041211189853,100.14949774108592,99.67958653696947,99.74285401511601,2611.9885363717804,-0.0037710401787055536,100.05698545744774,100.32688902867686,0.2936644736722412
2025-10-10 05:35:00,99.74285401511601,99.80874858441652,99.57836093481436,99.6043456315502,2507.366035228957,-0.0013886547054771103,99.96645749226823,100.2612032653017,0.3008049394816804
2025-10-10 05:50:00,99.6043456315502,100.08215724135266,99.51375042903295,100.00460353701348,3351.9660149604324,0.004018478339729015,99.97408670121729,100.2378760172755,0.30977212364836504
2025-10-10 06:05:00,100.00460353701348,100.20532546202975,99.9965978907769,100.17617619158554,1553.9201283633163,0.0017156475652500003,100.01450459929094,100.23226694221277,0.30984254787892646
2025-10-10 06:20:00,100.17617619158554,100.26899929181934,99.8921961117643,99.94429112806932,5795.596920597205,-0.002314772557027278,100.00046190504663,100.20608732274519,0.31769453203094755
2025-10-10 06:35:00,99.94429112806932,99.98455028282808,99.55199150843961,99.6390220947267,3500.476926291002,-0.00305439190069845,99.92817394298265,100.15453593837987,0.33424518141463516
2025-10-10 06:50:00,99.6390220947267,99.78439201545945,99.61659118047635,99.70694118020069,7273.55835996077,0.0006816514659229167,99.88392739042627,100.11384550581812,0.3127220517604568
2025-10-10 07:05:00,99.70694118020069,99.7699270994157,99.60816430661629,99.64639018512959,1859.3151427452083,-0.000607289666640809,99.83641994936694,100.0713495675737,0.31002368357122784
2025-10-10 07:20:00,99.64639018512959,99.72463722374866,99.2958426531256,99.39221178703309,3276.3189868774703,-0.002550803873820895,99.74757831690017,100.00960976934273,0.32772023231165953
2025-10-10 07:35:00,99.39221178703309,99.58493590792051,99.36491621825328,99.54882261157096,2019.9608204279682,0.0015756850735291206,99.70782717583434,99.96772002772711,0.3359380393911055
2025-10-10 07:50:00,99.54882261157096,99.55828523953261,99.49689639576866,99.55514254392575,3372.0986280113166,6.348575692816105e-05,99.67729024945262,99.93021298374516,0.30275444410604785
2025-10-10 08:05:00,99.55514254392575,99.58343401202644,99.43852946913223,99.46233123507017,3186.561030226161,-0.000932260318090905,99.63429844657614,99.88767827932016,0.2865484325820264
2025-10-10 08:20:00,99.46233123507017,99.54929217131831,99.39097636934939,99.43678091146033,4466.797511992692,-0.0002568844234049905,99.59479493955298,99.84668760951472,0.28146938362498936
2025-10-10 08:35:00,99.43678091146033,99.82799839704515,99.43427393196929,99.74869630760705,2067.8651515721385,0.0031368211368834054,99.6255752131638,99.83777930934129,0.28739333810788686
2025-10-10 08:50:00,99.74869630760705,99.76602682025468,99.72890245912293,99.75863981864748,2194.1413768523435,9.968562405826553e-05,99.65218813426054,99.8305848101873,0.25647999218040746
2025-10-10 09:05:00,99.75863981864748,99.80468099226583,99.56637451931941,99.6363322896783,791.2696215317185,-0.0012260344486606511,99.6490169653441,99.81292549014103,0.25704562241928286
2025-10-10 09:20:00,99.6363322896783,99.7123432930192,99.52850049420968,99.54115091646246,1284.270256644418,-0.0009552878054474023,99.62744375556778,99.7882187107157,0.2295767643114124
2025-10-10 09:35:00,99.54115091646246,99.805999237253,99.51870975786485,99.75404537162157,3333.588701136721,0.002138758224101478,99.65276407877855,99.78511204352532,0.2351883291782195
2025-10-10 09:50:00,99.75404537162157,100.04059805977217,99.71945697346897,99.95865375728854,2184.6568643290257,0.0020511287026478975,99.71394201448055,99.80088856295833,0.23121246533880274
2025-10-10 10:05:00,99.95865375728854,100.26785673566539,99.91158256240094,100.24207692083968,4257.560885865802,0.002835403968518113,99.81956899575239,99.840996595493,0.2257635652585159
2025-10-10 10:20:00,100.24207692083968,100.2857514230007,99.98444262383269,100.02171361895331,5200.311425214724,-0.0021983114142815063,99.85999792039259,99.85742541580757,0.23529984841458124
2025-10-10 10:35:00,100.02171361895331,100.22298958975227,100.00151004940976,100.19552189034002,4346.53242119483,0.0017377053951390664,99.92710271438207,99.88816145894688,0.239565330381946
2025-10-10 10:50:00,100.19552189034002,100.28576274245785,99.99542847969163,100.00931077372326,5587.202144800237,-0.001858477435953243,99.94354432625032,99.89917503301746,0.2296753083921723
2025-10-10 11:05:00,100.00931077372326,100.47400289913162,99.93242088313427,100.39077842774245,1394.3720303734246,0.0038143213973576007,100.03299114654875,99.94386625071972,0.25264404598718115
2025-10-10 11:20:00,100.39077842774245,100.43017641725127,100.14785831782002,100.22350660123016,1933.857169557238,-0.001666207087264393,100.07109423748504,99.96928810076612,0.26842470710627403
2025-10-10 11:35:00,100.22350660123016,100.44730515600183,100.18617450643964,100.38187476933133,3010.5943728630054,0.0015801499415830644,100.1332503438543,100.00679597972659,0.27672657186827265
2025-10-10 11:50:00,100.38187476933133,100.47548796535513,100.2563130796768,100.26364386228994,4176.770969511809,-0.001177811306205201,100.15932904754143,100.03014578723234,0.28107364927608713
2025-10-10 12:05:00,100.26364386228994,100.45800024904634,100.18959265006714,100.41508364655982,2030.0703328787386,0.0015104157243466254,100.21047996734512,100.0651401380803,0.27212244455489654
2025-10-10 12:20:00,100.41508364655982,100.51583360098701,100.4109998986687,100.4775290077764,3700.341613764873,0.0006218723218551769,100.26388977543138,100.10263003532539,0.27695882606822203
2025-10-10 12:35:00,100.4775290077764,100.54885642735005,100.19389957244016,100.26774994023029,1876.7420565206999,-0.002087820725864664,100.26466180839117,100.11764093577129,0.2852909962084697
2025-10-10 12:50:00,100.26774994023029,100.51328174840812,100.23284306693466,100.49882531109968,1887.3938538361738,0.002304583188583953,100.31149450893288,100.15229406080114,0.2921907021130364
2025-10-10 13:05:00,100.49882531109968,100.55686776458009,100.04975845973719,100.144573820931,4462.502902268279,-0.0035249316504155637,100.27811037133252,100.15159222081294,0.30789211821694706
2025-10-10 13:20:00,100.144573820931,100.15494080135919,99.94163331913981,100.03560705093552,1600.548144620116,-0.0010880946000161318,100.22960970725312,100.14104811446045,0.30018971792524546
2025-10-10 13:35:00,100.03560705093552,100.05038135994704,99.86352473901367,99.90331659785441,2618.4983701016595,-0.001322433651187338,100.16435108537338,100.11943615840535,0.28808846418731093
2025-10-10 13:50:00,99.90331659785441,99.93919179522398,99.84451446749098,99.92053134180921,2159.8116401698,0.00017231403862294492,100.11558713666055,100.10135390235115,0.273329073370524
2025-10-10 14:05:00,99.92053134180921,100.12719172660383,99.84376241924419,100.09276853217479,2239.1198006105105,0.00172374173808576,100.1110234157634,100.1005734141533,0.27775405672889014
2025-10-10 14:20:00,100.09276853217479,100.18576078548693,99.5896407252775,99.64261299455985,2599.785914548317,-0.0044973832197501284,100.0173413315227,100.05894064873571,0.29959589940340486
2025-10-10 14:35:00,99.64261299455985,99.68052067993644,99.34703723343868,99.42907215598417,3947.0067244580614,-0.0021430674302703734,99.899687496415,100.0016798766674,0.28473171586771934
2025-10-10 14:50:00,99.42907215598417,99.52110214015396,99.1922131326107,99.26078920018162,2039.5997664046124,-0.0016924924687876652,99.77190783716833,99.93432617880505,0.288058209304291
2025-10-10 15:05:00,99.26078920018162,99.34635040736943,99.14058646685866,99.21932414392917,2736.006331908343,-0.00041773853085957935,99.6613910985205,99.86932599381633,0.2841034443720462
2025-10-10 15:20:00,99.21932414392917,99.58735159004041,99.20718149845256,99.51858517031594,2126.854249668257,0.0030161566707778142,99.6328299128796,99.83744046440721,0.29560310193701256
2025-10-10 15:35:00,99.51858517031594,99.59892692631378,99.48364912064362,99.53797146418206,2340.519968026447,0.00019480073830369093,99.6138582231401,99.81021600984128,0.2846652595577958
2025-10-10 15:50:00,99.53797146418206,99.69212949630426,99.49240229261646,99.68589368821677,3423.225405479832,0.0014860883927891866,99.62826531615544,99.79891398060269,0.29144336679847427
2025-10-10 16:05:00,99.68589368821677,99.9454827734663,99.62809002994219,99.89780046501,2819.8682530284414,0.0021257448667311163,99.68217234592635,99.80790366100335,0.28876021598520446
2025-10-10 16:20:00,99.89780046501,99.96540259501035,99.58408834254577,99.67000959504294,3213.452539846908,-0.0022802390934206773,99.67973979574967,99.79536783682514,0.29596561391314175
2025-10-10 16:35:00,99.67000959504294,99.71098660919013,99.50453586195759,99.53286691641054,1912.5981120666197,-0.0013759673465429945,99.65036521988185,99.77150411678744,0.27449000265525875
2025-10-10 16:50:00,99.53286691641054,99.78810338984285,99.46925576831048,99.72898280933926,1993.408897810646,0.0019703631474154992,99.66608873777334,99.76763854338306,0.2820285840347582
2025-10-10 17:05:00,99.72898280933926,99.77279974015501,99.63335443147116,99.76790644243071,7988.843420869775,0.00039029409500623835,99.68645227870482,99.76766289784193,0.2786420617312209
2025-10-10 17:20:00,99.76790644243071,100.05277880725815,99.7049613798872,99.98817609709057,5205.091635677667,0.0022078207563367425,99.74679704238197,99.78770955231907,0.2967234974196466
2025-10-10 17:35:00,99.98817609709057,100.04739685921922,99.66505239348493,99.70212127497632,2525.3865939308466,-0.0028608864895833808,99.73786188890085,99.77992879983337,0.3037888658749789
2025-10-10 17:50:00,99.70212127497632,99.85300477732518,99.67553345340768,99.84918292286544,2813.8666467164953,0.001475010220530093,99.76012609569378,99.78622462919992,0.2738853847112698
2025-10-10 18:05:00,99.84918292286544,99.92155229063444,99.40941762998958,99.43606590227039,3059.3585869296658,-0.004137410126973107,99.6953140570091,99.75439201766088,0.2866461857217776
2025-10-10 18:20:00,99.43606590227039,99.51811655817411,99.42137344073203,99.48108225278497,3898.7154986524415,0.00045271652801348594,99.65246769616428,99.72954567539942,0.2700643364288372
2025-10-10 18:35:00,99.48108225278497,99.58012595963034,99.3881587262833,99.41909751271399,4837.6677427671475,-0.00062308067692185,99.60579365947423,99.70132311515529,0.2690788573457143
2025-10-10 18:50:00,99.41909751271399,99.58663076024247,99.35001951124845,99.49198030937913,2459.824531603577,0.0007330864842725049,99.58303098945522,99.68229195099381,0.2588246543032976
2025-10-10 19:05:00,99.49198030937913,99.55633513872657,99.43677195372314,99.45356403900163,5187.1855776279535,-0.00038612429120454816,99.55713759936451,99.66149850444907,0.25913075282710246
2025-10-10 19:20:00,99.45356403900163,99.47647717274864,99.2020787671588,99.23809821216936,3368.262739668172,-0.002166496785854455,99.49332972192549,99.62300756878727,0.2644644101058203
2025-10-10 19:35:00,99.23809821216936,99.29869256001919,98.76931382936793,98.82806915280898,2483.6474267836807,-0.004131770627886722,99.3602776081022,99.55074044006197,0.27960626632918817
2025-10-10 19:50:00,98.82806915280898,98.83187677571871,98.62262961389334,98.6437850344663,1849.9368142582923,-0.0018646941088946711,99.21697909337502,99.46828994864418,0.26731575985495937
2025-10-10 20:05:00,98.6437850344663,98.78891668579656,98.59542311370019,98.72460003683827,6387.82797303735,0.0008192609635135906,99.11850328206768,99.40068177484365,0.26639024734523326
2025-10-10 20:20:00,98.72460003683827,98.77957585668698,98.54047908326078,98.60179212234407,1415.6593608154253,-0.0012439444115081022,99.01516105012296,99.32805544279823,0.2606937581947924
2025-10-10 20:35:00,98.60179212234407,98.70327804493779,98.52020596518093,98.69424053274368,1816.4588220289531,0.000937593611735732,98.9509769466471,99.27043590552054,0.26380995612857866
2025-10-10 20:50:00,98.69424053274368,98.72744662246039,98.36535348271616,98.37988745195796,6667.919183536821,-0.0031851208245675666,98.83675904770928,99.18947695519667,0.26482964986952695
2025-10-10 21:05:00,98.37988745195796,98.40804614380163,98.32935182499092,98.39716673025845,5853.636162201982,0.0001756383214905899,98.74884058421912,99.11744875292955,0.2431403536606993
2025-10-10 21:20:00,98.39716673025845,98.41367407616447,98.34286114761561,98.40834619886118,4467.475877052471,0.00011361575718304984,98.68074170714755,99.05298488437788,0.23552189684865357
2025-10-10 21:35:00,98.40834619886118,98.62915129450718,98.38568478011504,98.58981078090657,4020.6272695266603,0.0018439958505012122,98.66255552189936,99.01087814769866,0.21633131497345914
2025-10-10 21:50:00,98.58981078090657,98.70502801359972,98.57858108113219,98.62247698199191,1951.367678959275,0.00033133445359712077,98.65453981391788,98.97556895081622,0.21845301604670503
2025-10-10 22:05:00,98.62247698199191,98.91895290917044,98.60088138319631,98.86689166970923,2378.491051940433,0.002478285835002536,98.69701018507615,98.96568919798831,0.22746046552006863
2025-10-10 22:20:00,98.86689166970923,98.9325382493458,98.78115460127664,98.84710981288221,4600.04523679286,-0.00020008575664653971,98.72703011063737,98.95490925388775,0.22137277973972097
2025-10-10 22:35:00,98.84710981288221,99.00653553528116,98.81544788237336,98.91643582301242,4766.116546078817,0.0007013458487703517,98.76491125311239,98.95141166926271,0.22648167030431868
2025-10-10 22:50:00,98.91643582301242,98.9844419262459,98.87909576162379,98.95014650833379,1763.7868211433158,0.00034079963598454555,98.80195830415667,98.95129665463281,0.2144065102351951
2025-10-10 23:05:00,98.95014650833379,99.2799309582058,98.92452255508513,99.22112543789791,1817.8312393821075,0.00273853995295803,98.88579173090493,98.97582654402055,0.2019800582687239
2025-10-10 23:20:00,99.22112543789791,99.22994930727126,98.81533471827736,98.90963814728097,1575.1337545399556,-0.0031393243045998442,98.89056101418014,98.96980941704422,0.21664916020933284
2025-10-10 23:35:00,98.90963814728097,99.06109628130672,98.85097030111986,98.98878902057106,1765.4421913943163,0.0008002341811446101,98.91020661545832,98.97153483554665,0.21783718935865334
2025-10-10 23:50:00,98.98878902057106,99.07830145677104,98.95517513302907,99.00391059981754,1755.8679783666996,0.00015276052365220671,98.92894741233017,98.974478086844,0.20955358580978004
2025-10-11 00:05:00,99.00391059981754,99.16415511063776,98.92771335905397,99.10840063249428,3189.800413013763,0.0010554131856377325,98.964838056363,98.98665286372129,0.21336570522599022
2025-10-11 00:20:00,99.10840063249428,99.13661968308656,98.86270341328158,98.95311348505737,3787.900900995107,-0.0015668414225826766,98.96249314210189,98.9836038292973,0.20706735737318688
2025-10-11 00:35:00,98.95311348505737,99.04224338032846,98.74129786099648,98.77828019820413,3778.9532471346115,-0.0017668295690326241,98.92565055332234,98.96493804465246,0.2229424431247062
2025-10-11 00:50:00,98.77828019820413,99.2394708418396,98.7239277637154,99.17103771632638,6800.516425135621,0.00397615262519424,98.97472798592315,98.983674378441,0.2547088823800883
2025-10-11 01:05:00,99.17103771632638,99.21431439363224,99.14850860373477,99.20489579636967,2120.272513070084,0.0003414109685948574,99.02076154801246,99.00378541643451,0.2420188306304689
2025-10-11 01:20:00,99.20489579636967,99.27787656253048,99.15018134930966,99.21894150441464,12030.198052737256,0.000141582811334251,99.06039753929291,99.02334506079634,0.24210799354141802
2025-10-11 01:35:00,99.21894150441464,99.27811360300618,99.0660861495798,99.10958781087412,6159.486656344389,-0.001102145335179383,99.07023559360915,99.03118531080341,0.2345334169308637
2025-10-11 01:50:00,99.10958781087412,99.30947081535861,99.03923112512251,99.25446357671997,3917.928612318171,0.001461773467591465,99.10708119023133,99.05148333497763,0.24302313422850222
2025-10-11 02:05:00,99.25446357671997,99.31531365578331,99.09793434984711,99.13145906495102,2330.2279195870947,-0.0012392844345370246,99.11195676517528,99.0587538558843,0.2449011094448171
2025-10-11 02:20:00,99.13145906495102,99.13897736269809,98.6743020210339,98.74830681547651,1540.1485127261415,-0.003865092404455206,99.03922677523553,99.03053139766541,0.27056747923353647
2025-10-11 02:35:00,98.74830681547651,98.83843751659721,98.40609391720852,98.44340782033927,2338.9411352863026,-0.003087637702051671,98.92006298425629,98.9771565269994,0.2760628503955382
2025-10-11 02:50:00,98.44340782033927,98.61863611998653,98.43221370958669,98.61749335581807,2074.782783021826,0.0017683818483458236,98.85954905856865,98.94445987507382,0.2597634090673913
2025-10-11 03:05:00,98.61749335581807,98.63507416673833,98.28057212607513,98.36451196472993,1845.220073401469,-0.002565279064388415,98.7605416398009,98.89173733776983,0.2700759848157018
2025-10-11 03:20:00,98.36451196472993,98.4428815292569,98.34637162927703,98.37283532969516,8218.134457140586,8.461755971733709e-05,98.68300037777976,98.84456442794486,0.268174811689837
2025-10-11 03:35:00,98.37283532969516,98.42194930940589,98.02076053606787,98.1062764033004,2949.3956884983622,-0.0027096802232180472,98.5676555828839,98.77744733479535,0.27994245610085294
2025-10-11 03:50:00,98.1062764033004,98.20286315947627,97.84123673627388,97.87423664110884,2732.4923796416174,-0.002365187740259178,98.42897179452889,98.69533727173294,0.2862074670578098
2025-10-11 04:05:00,97.87423664110884,97.94234751545508,97.40923627813027,97.49501042029898,2580.242220106969,-0.003874627622388771,98.24217951968292,98.58621664887531,0.3027907326287271
2025-10-11 04:20:00,97.49501042029898,97.57295378514333,97.42113376698316,97.43072506422925,3327.3805937541056,-0.000659370728744002,98.0798886285922,98.48117195936203,0.2768105140598668
2025-10-11 04:35:00,97.43072506422925,97.46070234322526,97.25866065709798,97.33579739092959,1485.7037510507307,-0.0009743094207406156,97.93107038105968,98.37704699859545,0.28654164950485395
2025-10-11 04:50:00,97.33579739092959,97.44628967700147,97.29384157514565,97.40347353188491,1411.0756334129094,0.0006952852164299195,97.82555101122473,98.28854031980357,0.288309712978783
2025-10-11 05:05:00,97.40347353188491,97.47813734566712,97.16991254072556,97.22512846300427,7752.277755921686,-0.001830992904193085,97.70546650158064,98.19186651464,0.2951809523727249
2025-10-11 05:20:00,97.22512846300427,97.28480539724283,97.11607281983288,97.20191231636596,3190.249116439443,-0.0002387875131184547,97.60475566453772,98.10187067843327,0.28793044431371484
2025-10-11 05:35:00,97.20191231636596,97.2228737916675,96.73188332865901,96.78241424533445,6142.247942314933,-0.004315738868039598,97.44028738069707,97.9819200936061,0.3074740983903063
2025-10-11 05:50:00,96.78241424533445,96.8686785213089,96.60809658912744,96.64559040529458,1628.680282549182,-0.001413726254989145,97.28134798561658,97.86043557648688,0.2928959977129679
2025-10-11 06:05:00,96.64559040529458,96.71957216709184,96.61194326183987,96.62052942556213,938.52274058763,-0.00025930805148344227,97.1491842736057,97.74771683549372,0.2697020909889168
2025-10-11 06:20:00,96.62052942556213,96.75708706393573,96.55222603222235,96.67838554781399,4726.5325656239265,0.000598797404607776,97.05502452844736,97.6505049002501,0.271019135368455
2025-10-11 06:35:00,96.67838554781399,96.8191847394801,96.60518140028334,96.76746304710852,2427.510771045278,0.0009213796733342772,96.9975122321796,97.57022836814632,0.26098351383513674
2025-10-11 06:50:00,96.76746304710852,96.8564649725891,96.69538702891747,96.7357955210883,1923.9167809370754,-0.0003272538622284271,96.94516888996135,97.49437083659559,0.26559551695597705
2025-10-11 07:05:00,96.7357955210883,96.75576634391133,96.50994109196873,96.56563222046334,1655.5909280195433,-0.0017590520624588546,96.86926155606176,97.40994005331083,0.2544981225705903
2025-10-11 07:20:00,96.56563222046334,96.8909755036985,96.48737682419493,96.82324427169675,2096.93561322543,0.0026677405336639204,96.86005809918876,97.35660407316409,0.25749614087781836
2025-10-11 07:35:00,96.82324427169675,97.02258667091392,96.79097995379595,96.92714903822541,1460.873021111042,0.0010731386591125158,96.8734762869961,97.31756270635148,0.23596010372018636
2025-10-11 07:50:00,96.92714903822541,96.9475363804285,96.660144507639,96.72625285752102,2827.771818044028,-0.002072651292210792,96.84403160110108,97.2638072655487,0.24564380762228158
2025-10-11 08:05:00,96.72625285752102,96.77147353395159,96.43870426541997,96.47259177981145,3000.4115934976767,-0.0026224636044075433,96.76974363684316,97.19187858502714,0.2549814920797339
2025-10-11 08:20:00,96.47259177981145,96.54914888763678,96.25693634723274,96.26762147833048,13826.506076927926,-0.0021246480238531484,96.66931920514062,97.10785521169107,0.26496466626174914
2025-10-11 08:35:00,96.26762147833048,96.35487728790302,96.1787185462542,96.28234748851511,4514.355433557113,0.0001529695027102651,96.59192486181553,97.03280905503871,0.2555313760265534
2025-10-11 08:50:00,96.28234748851511,96.30654036947955,96.20995073945393,96.22323911461064,2156.0044509427953,-0.0006139066552312,96.51818771237456,96.95921178772707,0.2503783083562437
2025-10-11 09:05:00,96.22323911461064,96.30252071856872,96.21925275912339,96.29494584915903,1793.8576232550724,0.0007452122294802077,96.47353933973146,96.89882397512997,0.22125527238744627
2025-10-11 09:20:00,96.29494584915903,96.37753148701754,95.933925882899,95.9863578314031,1600.9042970992282,-0.003204612817783059,96.37610303806579,96.81587250751843,0.23432839181152332
2025-10-11 09:35:00,95.9863578314031,96.07510630316538,95.73916916750231,95.83294287637905,3834.8663946991555,-0.0015982995760034369,96.26747100572845,96.72651526832394,0.2506361225551735
2025-10-11 09:50:00,95.83294287637905,95.87121973257278,95.32032056017661,95.41351676907752,3983.978959698328,-0.004376638081985851,96.09668015839827,96.60715176839244,0.2753531326039444
2025-10-11 10:05:00,95.41351676907752,95.5049334042505,95.29219138530001,95.37164141200404,1380.6982337763588,-0.0004388828594886762,95.95167240911942,96.4948326450844,0.2752630383006393
2025-10-11 10:20:00,95.37164141200404,95.49121916600609,95.30216461074232,95.48492184169724,4623.034530916137,0.0011877789667458227,95.85832229563499,96.4030225720492,0.2772613677000777
2025-10-11 10:35:00,95.48492184169724,95.89272038688651,95.43926206018719,95.81158689053412,2251.0880308477936,0.0034211165756456996,95.84897521461482,96.34925569191145,0.2920923016112716
2025-10-11 10:50:00,95.81158689053412,96.14320751105329,95.76598349500864,96.05779910755675,2081.998982886889,0.002569754087299758,95.89073999320321,96.3227596387883,0.2902083970784913
2025-10-11 11:05:00,96.05779910755675,96.14136679530793,95.87201508956177,95.88062208394896,2467.663671122621,-0.0018444834802991972,95.88871641135236,96.28256531562108,0.2929044676947906
2025-10-11 11:20:00,95.88062208394896,95.95466417284739,95.63207257196665,95.70336768006933,1360.6061673880945,-0.001848698934435733,95.85164666509576,96.22991098511638,0.2954187339870223
2025-10-11 11:35:00,95.70336768006933,95.77870790081475,95.64516817409203,95.6531919115707,5457.926847948942,-0.0005242842515883472,95.81195571439075,96.17748197843041,0.2811880524292434
2025-10-11 11:50:00,95.6531919115707,95.71579673116794,95.4226514713677,95.47115550149806,5267.916948374132,-0.0019030876694730026,95.74379567181222,96.11327048052746,0.2812546752432579
2025-10-11 12:05:00,95.47115550149806,95.57538438418804,95.42204537663028,95.56042178822551,4493.197765875496,0.0009350079221157603,95.70712089509489,96.06301150850001,0.2796246942367538
2025-10-11 12:20:00,95.56042178822551,95.69286210442979,95.47055539604844,95.67442471765023,3622.271175848927,0.0011929931585836773,95.70058165960596,96.02768543660457,0.28860448554787765
2025-10-11 12:35:00,95.67442471765023,95.70643883502652,95.5968781011367,95.65582159577211,3381.28661757566,-0.00019444195178608403,95.69162964683919,95.99387963289253,0.29048254086534187
2025-10-11 12:50:00,95.65582159577211,95.71647741685396,95.42817715649836,95.44346700498102,1930.9542428994891,-0.002219986063038304,95.64199711846756,95.94384212126421,0.2793893020251324
2025-10-11 13:05:00,95.44346700498102,95.57398888460534,95.36947459427479,95.4798275604882,8427.209094281798,0.00038096432001255565,95.6095632068717,95.90165897937548,0.2700019559299522
2025-10-11 13:20:00,95.4798275604882,95.8429205678565,95.4149378440385,95.7511752453404,1672.8067264521994,0.0028419373158199424,95.63788561456545,95.88797863991775,0.26122220960293924
2025-10-11 13:35:00,95.7511752453404,95.79108197737847,95.66924047271058,95.75257757959469,2853.97935875293,1.464560879482768e-05,95.66082400757129,95.87566945261565,0.2547293157256111
2025-10-11 13:50:00,95.75257757959469,95.83571508779119,95.60575829187967,95.61115571198397,4093.040293658026,-0.0014769510250850493,95.65089034845383,95.85162274892186,0.25765090434330773
2025-10-11 14:05:00,95.61115571198397,95.65288594306948,95.49395802297565,95.55626581800765,5636.317518262709,-0.0005740950788386545,95.63196544236459,95.82477211883874,0.2366130181572014
2025-10-11 14:20:00,95.55626581800765,95.64600592503899,95.55186818954883,95.5621455397547,5758.179906723683,6.153151440901894e-05,95.61800146184261,95.80089697528564,0.21639256954616673
2025-10-11 14:35:00,95.5621455397547,95.65203877432191,95.51695323366019,95.64996506259823,4465.965113200654,0.0009189781408476261,95.62439418199374,95.78717589231405,0.2068021291829924
2025-10-11 14:50:00,95.64996506259823,95.68300186884355,95.55028943744384,95.60544614443691,5660.94819473019,-0.00046543580159363884,95.62060457448237,95.7706550061434,0.19323933136291874
2025-10-11 15:05:00,95.60544614443691,95.97297848323495,95.55974095237276,95.90250513697231,2088.7990258189434,0.003107134630035757,95.67698468698036,95.7826413816733,0.2132177459443097
2025-10-11 15:20:00,95.90250513697231,95.99370069796798,95.81537085190766,95.89826113461979,2517.22369043389,-4.425330022883589e-05,95.72123997650826,95.7931522683048,0.20501664496288693
2025-10-11 15:35:00,95.89826113461979,95.98550871412542,95.8347231383725,95.89319499805558,3415.8476173634103,-5.2828242183666774e-05,95.75563098081773,95.8022470619185,0.20483425697682683
2025-10-11 15:50:00,95.89319499805558,95.97007560826223,95.53684981859058,95.55894950157223,2766.8851005872884,-0.003485601835355734,95.71629468496863,95.78012910188701,0.21989990564041964
2025-10-11 16:05:00,95.55894950157223,95.80415782960132,95.48425519882595,95.784384076876,3194.0703451032055,0.0023591152527273618,95.72991256335011,95.7805159177951,0.2349243268465305
2025-10-11 16:20:00,95.784384076876,95.8438105945524,95.64558238211877,95.67242444734839,3360.4096587671775,-0.001168871425197504,95.71841494014977,95.77068942048176,0.22849060913781777
2025-10-11 16:35:00,95.67242444734839,95.93817153037568,95.5859145832162,95.88158406769524,1597.5455489337887,0.0021862059162298664,95.75104876565887,95.78077075204662,0.23904365605417052
2025-10-11 16:50:00,95.88158406769524,95.92535105889797,95.85642961700407,95.86691972457604,3122.21949384142,-0.00015294222828921011,95.7742229574423,95.78860247682202,0.21339642163102163
2025-10-11 17:05:00,95.86691972457604,95.95727641108114,95.7306949174403,95.78014431047829,2205.488348409833,-0.0009051653515836922,95.7754072280495,95.78783355260896,0.2208778494148039
2025-10-11 17:20:00,95.78014431047829,95.91188470342392,95.69891837897572,95.88765763982269,4979.603878863182,0.0011225012252631394,95.79785731040414,95.79690846962839,0.21966424431028134
2025-10-11 17:35:00,95.88765763982269,96.06835368572814,95.84956556107433,96.06281704629473,3524.796641673064,0.001826714832580123,95.85084925758227,95.82108197659805,0.2239399732074229
2025-10-11 17:50:00,96.06281704629473,96.24879294196823,96.05933663150623,96.22399012955411,3740.173665203945,0.0016777884327681125,95.92547743197665,95.85770999050314,0.2307484428482687
2025-10-11 18:05:00,96.22399012955411,96.43129600377391,96.19631609575212,96.3524806255842,6050.808459856249,0.0013353270411786688,96.01087807069817,95.90268913914687,0.23788375480255905
2025-10-11 18:20:00,96.3524806255842,96.39760551871139,96.25222297634762,96.29200983878098,4267.6654916908,-0.0006275996882550983,96.06710442431473,95.9380819300227,0.23878876272856278
2025-10-11 18:35:00,96.29200983878098,96.52761761526502,96.28857611265208,96.4655833657852,4422.513837396561,0.0018025745572745056,96.14680021260884,95.98603660600111,0.2263461892821874
2025-10-11 18:50:00,96.4655833657852,96.55103210923184,96.16803105430324,96.23110873392817,868.551289293676,-0.002430655822273309,96.16366191687271,96.0083158903581,0.24096556134420716
2025-10-11 19:05:00,96.23110873392817,96.25863489139797,96.11630854043857,96.14373554500145,917.5418464472683,-0.0009079515977343799,96.15967664249847,96.02062676805295,0.24036133100181342
2025-10-11 19:20:00,96.14373554500145,96.23121079437662,96.00109255775554,96.02116553739623,6969.329233264616,-0.0012748621312705932,96.13197442147802,96.02067574708416,0.2258536486410583
2025-10-11 19:35:00,96.02116553739623,96.1164736392065,95.9338853628998,96.05601160695709,11444.716344713768,0.00036289988114424077,96.11678185857384,96.0238880979817,0.21604548046472466
2025-10-11 19:50:00,96.05601160695709,96.07999291616899,96.04130365662014,96.05505278247509,2853.291667242528,-9.981931020863755e-06,96.1044360433541,96.02672125111745,0.20464984097295513
2025-10-11 20:05:00,96.05505278247509,96.0746950394283,95.97852317220406,96.06581066890676,5696.445473730648,0.0001119970904188694,96.09671096846463,96.03027483455284,0.18635804954900895
2025-10-11 20:20:00,96.06581066890676,96.12998015384059,95.89200247698989,95.98760600756388,2835.6113570843727,-0.0008140738187534247,96.0748899762845,96.02639585028112,0.19843349490306597
2025-10-11 20:35:00,95.98760600756388,96.2113079797136,95.92485016914378,96.19652805930023,1922.1220615187003,0.002176552374062668,96.09921759288765,96.0418624147374,0.20271037468370728
2025-10-11 20:50:00,96.19652805930023,96.21764700391736,96.00550763643881,96.00642855290258,4759.401582177855,-0.0019761576663189784,96.08065978489064,96.03864115457058,0.20265130632873252
2025-10-11 21:05:00,96.00642855290258,96.08390552116332,95.97255436664832,96.01621775212107,2924.5863149658885,0.0001019639972659192,96.06777137833673,96.03660266343881,0.19497723703310246
2025-10-11 21:20:00,96.01621775212107,96.06770917189489,95.93176055793937,96.02403432725085,3248.702865817403,8.140890479513274e-05,96.05902396811956,96.03546008742173,0.1911552587112106
2025-10-11 21:35:00,96.02403432725085,96.24531756677148,95.9814383587901,96.23644541826955,4078.117483008099,0.00221206172503452,96.09450825814956,96.05373148113516,0.19321949442260994
2025-10-11 21:50:00,96.23644541826955,96.2873039796848,95.74925172640661,95.8296083482588,961.6224671141434,-0.004227473991194608,96.04152827617142,96.03335665087367,0.22126733091649697
2025-10-11 22:05:00,95.8296083482588,95.87898345002688,95.55193394296305,95.59745127495009,2326.2011088740087,-0.0024226027561859986,95.95271287592716,95.99372888942607,0.22755361694870402
2025-10-11 22:20:00,95.59745127495009,95.72400273023929,95.55127404525433,95.7113134438989,1607.0381512343777,0.0011910586258343514,95.90443298952151,95.9680547580145,0.21253416195272987
2025-10-11 22:35:00,95.7113134438989,95.77769414058227,95.36661050623172,95.38943801553556,3354.480704522593,-0.003362982042368623,95.80143399472432,95.91545323597096,0.23173111076638264
2025-10-11 22:50:00,95.38943801553556,95.44155960757672,95.20069709886093,95.23786897391298,2726.531981195989,-0.0015889499380202787,95.68872099056206,95.85385466669295,0.2324985587731478
2025-10-11 23:05:00,95.23786897391298,95.27487562047321,95.00453950943901,95.0936597743978,3606.224617438428,-0.0015142001923066362,95.56970874732922,95.78474604012067,0.2387662612536831
2025-10-11 23:20:00,95.0936597743978,95.40893044517736,95.03423473523728,95.33292870688703,2337.54924233284,0.0025161396990804885,95.52235273924079,95.74367173709942,0.2627667219959144
2025-10-11 23:35:00,95.33292870688703,95.68859752126585,95.26776670001856,95.66189127407998,2083.104714316087,0.003450670945024381,95.55026044620863,95.7362371495522,0.28595664728327513
2025-10-11 23:50:00,95.66189127407998,95.97851699952339,95.62253596538926,95.95123516268686,5137.2164961184835,0.0030246515592911027,95.63045538950428,95.75578242347352,0.2943854585178057
2025-10-12 00:05:00,95.95123516268686,96.0299834975468,95.74002931282583,95.81904170837791,5979.093369246136,-0.0013777149828745339,95.66817265327902,95.76153326755573,0.29463519952860245
2025-10-12 00:20:00,95.81904170837791,95.91467115565393,95.73488542526935,95.78240425984045,4904.191569710646,-0.00038236083229648,95.6910189745913,95.7634306304907,0.2923242254504613
2025-10-12 00:35:00,95.78240425984045,96.13297787862415,95.72125451607148,96.1076264374364,1790.7703432414557,0.0033954271675378234,95.77434046716033,95.79472115839485,0.31377938316743786
2025-10-12 00:50:00,96.1076264374364,96.12438972811373,95.94436135980457,96.03951076675497,2441.2627962956117,-0.0007087436575676787,95.82737452707926,95.81697475915486,0.3169279370498401
2025-10-12 01:05:00,96.03951076675497,96.07538436296106,96.00373668849946,96.02360132060477,6012.6044124926775,-0.00016565521859890353,95.86661988578436,95.83575899201394,0.30319711322699916
2025-10-12 01:20:00,96.02360132060477,96.15206076331756,95.96145680949238,96.12704902911847,1183.7211195289208,0.0010773154421517273,95.91870571445119,95.86223990447799,0.27837937755178543
2025-10-12 01:35:00,96.12704902911847,96.1327979171032,95.94538319559884,96.00678113460233,4700.3638092653455,-0.0012511347818416896,95.93632079848142,95.87538001630747,0.26840546429753787
2025-10-12 01:50:00,96.00678113460233,96.0136796637343,95.4156799599291,95.50912059757722,1826.4202235912992,-0.005183597774488291,95.85088075830059,95.84208370551382,0.29878196564184073
2025-10-12 02:05:00,95.50912059757722,95.5311631620584,95.20406268976363,95.25287934153513,2418.5913822299226,-0.002682898286978763,95.73128047494751,95.78851967242484,0.29278316835214263
2025-10-12 02:20:00,95.25287934153513,95.26668245080215,95.1808246783707,95.24347427377295,829.6768222199058,-9.873788411651763e-05,95.6337192347126,95.73897009072921,0.2817114014746898
2025-10-12 02:35:00,95.24347427377295,95.26463992738233,95.04839702432571,95.1126115808277,2962.6610592994575,-0.0013739806736688953,95.52949770393563,95.6820284080109,0.27784760090486316
2025-10-12 02:50:00,95.1126115808277,95.2668913801607,95.07147517974593,95.2207533147101,6042.726715854009,0.0011369862743226822,95.46774882609053,95.64009430861991,0.2650419216530549
2025-10-12 03:05:00,95.2207533147101,95.44753343846135,95.18544724420619,95.35395366391488,1884.1948183849113,0.0013988583850470526,95.44498979365541,95.61408152273764,0.2537030197250455
2025-10-12 03:20:00,95.35395366391488,95.41802247612765,95.13458181368536,95.16470896184683,2475.519889593945,-0.001984655012156722,95.3889336272937,95.57322947174755,0.24852156460419955
2025-10-12 03:35:00,95.16470896184683,95.18701607179399,94.77533734911027,94.79030219434937,7262.758347749441,-0.003934302658851863,95.26920734070484,95.50205426471135,0.25721617445868156
2025-10-12 03:50:00,94.79030219434937,94.83112878712663,94.54075930196262,94.57366359845044,6973.757526710149,-0.0022854510523107052,95.13009859225396,95.41765511323308,0.2651150140857835
2025-10-12 04:05:00,94.57366359845044,94.63242929902869,94.33410888121779,94.36478561749992,2526.155928236922,-0.0022086273599105644,94.97703599730315,95.32193970453007,0.257014803747086
2025-10-12 04:20:00,94.36478561749992,94.4172800092836,94.30892606187193,94.41374378090126,1196.3625604998715,0.0005188181489628185,94.86437755402278,95.23937643874562,0.25189520225440887
2025-10-12 04:35:00,94.41374378090126,94.87279854885405,94.37844542968632,94.84350673531236,560.1642412250427,0.004551910952799609,94.8602033902807,95.20338828388805,0.28208844830484636
2025-10-12 04:50:00,94.84350673531236,94.89906366659935,94.65199090251267,94.69727173185144,2464.3523166059213,-0.0015418557210145067,94.82761705859485,95.15737768824835,0.2861219347520958
2025-10-12 05:05:00,94.69727173185144,94.71427961553464,94.43898654039619,94.50476189112828,3972.105749025404,-0.002032897434133929,94.76304602510154,95.09804897941925,0.2923989600116731
2025-10-12 05:20:00,94.50476189112828,94.55525301609462,94.44115405855446,94.46313303481023,3294.8244049156738,-0.0004404948013732035,94.70306342704329,95.04032934809115,0.25783462099274196
2025-10-12 05:35:00,94.46313303481023,94.49070295466369,94.23727271901105,94.3221993517675,3149.255276367269,-0.0014919437722946682,94.62689061198813,94.97504480297081,0.2525724612325898
2025-10-12 05:50:00,94.3221993517675,94.64563099303554,94.23214588241828,94.55395419279878,4188.7832415203575,0.0024570551007507824,94.61230332815026,94.93676383840972,0.2759744139601474
2025-10-12 06:05:00,94.55395419279878,94.78232582983304,94.48881209840887,94.77083497781065,9141.787522786733,0.0022937251737737974,94.64400965808234,94.92167939653707,0.2814937588435435
2025-10-12 06:20:00,94.77083497781065,95.09049007268997,94.7436535944716,95.0697367345817,1573.9890973035806,0.003153942421642908,94.72915507338222,94.93513915454113,0.29230949297237274
2025-10-12 06:35:00,95.0697367345817,95.12975088380485,94.99983589385353,95.07519970307752,2148.5919866928766,5.746274980311661e-05,94.79836399932128,94.94787193168081,0.2828686926649553
2025-10-12 06:50:00,95.07519970307752,95.39904884674318,95.0452417334328,95.3822522094034,1468.135692410794,0.0032295751918989257,94.91514164133771,94.98736104783741,0.28789486772696193
2025-10-12 07:05:00,95.3822522094034,95.59694323461817,95.29505911912075,95.54095554050254,4720.402320159313,0.0016638664680586057,95.04030442117069,95.03768781989787,0.28005239578508323
2025-10-12 07:20:00,95.54095554050254,95.59858557210308,95.46383189232692,95.490624502744,3789.812253728268,-0.0005268006529116631,95.13036843748536,95.07886388197478,0.26893698111452224
2025-10-12 07:35:00,95.490624502744,95.53907717025203,95.46135380227147,95.49821973815281,3665.8390224658174,7.953906939417443e-05,95.20393869761885,95.11698714162733,0.25318004898378327
2025-10-12 07:50:00,95.49821973815281,95.61759614622139,95.42968737787574,95.5540923110367,3855.988528945426,0.0005850640256654938,95.27396942030242,95.15672397521,0.25886253619335314
2025-10-12 08:05:00,95.5540923110367,95.6282467219062,95.54914594937092,95.62205420828298,2955.2951395382256,0.0007112400484643455,95.34358637789853,95.19902672367118,0.22920165429103484
2025-10-12 08:20:00,95.62205420828298,95.7024912928945,95.57542270098115,95.67750915583528,6745.016965022129,0.0005799388855578513,95.4103709334859,95.24252512659518,0.22062992770722595
2025-10-12 08:35:00,95.67750915583528,95.6857837333167,95.63521614180907,95.6771480788004,3671.2284854903055,-3.7738966875977553e-06,95.4637263625488,95.28203630406838,0.20457810744788166
2025-10-12 08:50:00,95.6771480788004,95.76897300906501,95.59445136609786,95.69386381946669,2242.86599187921,0.00017470985498557745,95.50975385393238,95.31947516910459,0.2088940135498092
2025-10-12 09:05:00,95.69386381946669,95.89730074124806,95.61344371383454,95.88000851089757,3897.964404852629,0.001945210319671764,95.58380478532543,95.37043274563122,0.21106735581844305
2025-10-12 09:20:00,95.88000851089757,95.89864815301583,95.66303515962792,95.755631563355,1934.4880319498748,-0.0012972146068221946,95.61817014093134,95.40545081996974,0.1983622045877748
2025-10-12 09:35:00,95.755631563355,95.92788590123982,95.72575661950488,95.92595362242811,3155.702778083121,0.0017787158446176399,95.6797268372307,95.45276925655686,0.19183474389568694
2025-10-12 09:50:00,95.92595362242811,95.97610158489532,95.88853304105405,95.94590854229617,6287.686434959779,0.00020802420111043496,95.7329631782438,95.49760010071498,0.1733156057258936
2025-10-12 10:05:00,95.94590854229617,95.99402450780514,95.90749301770212,95.97017111403915,1613.6894579370437,0.00025287760688907923,95.78040476540288,95.54056110192626,0.17021678430815765
2025-10-12 10:20:00,95.97017111403915,96.17934891935971,95.95984813617137,96.12529184604598,1738.9702649683334,0.0016163431846183407,95.84938218153151,95.59371844230077,0.16062347501372592
2025-10-12 10:35:00,96.12529184604598,96.7255637824489,96.08359193135294,96.62905641280285,2352.814359915604,0.0052407078000209495,96.00531702778578,95.68784007598278,0.18491545612790766
2025-10-12 10:50:00,96.62905641280285,97.24992287472259,96.60771038709093,97.18880601969747,2193.6856266489453,0.005792766975839525,96.24201482616812,95.82429152541138,0.22116251383187194
