timestamp,open,high,low,close,volume,ret_1,ema9,ema21,atr,ret_fut,vol_proxy,dir
2025-04-24 22:50:00,100.13361585735204,100.1871427670932,100.1224176301844,100.13361585735204,2745.9796945078906,0.0,100.13361585735204,100.13361585735204,0.0,0.000824714593810727,0.0,0
2025-04-25 02:50:00,100.13361585735204,100.35032843409267,100.04778326980689,100.2917942961929,1041.8315312928532,0.0015796736938591,100.16525154512024,100.1479957154285,0.0,0.0010598609052603347,0.0,0
2025-04-25 06:50:00,100.2917942961929,100.32989473203442,100.15069882574944,100.15510166118548,3098.3290886115974,-0.0013629493416352,100.16322156833328,100.1486417104973,0.0,0.0028973487000858444,0.0,1
2025-04-25 10:50:00,100.15510166118548,100.5520470075508,100.10820354943203,100.45446910143716,4028.652931051392,0.0029890383543755,100.22147107495408,100.17644420058274,0.0,0.0019870787728744066,0.0,1
2025-04-25 14:50:00,100.45446910143716,100.5273793037793,100.36375697848064,100.3887634507839,2113.6511933030947,-0.0006540838973217,100.25492955012004,100.19574595060102,0.0,-0.0009977248900960856,0.0,0
2025-04-25 18:50:00,100.3887634507839,100.48706168848008,100.17984467871273,100.22852736688311,2517.731182285213,-0.0015961555695357,100.24964911347269,100.19872607935392,0.0,-0.002870903936244673,0.0,-1
2025-04-25 22:50:00,100.22852736688311,100.31507413536916,100.2235355961737,100.236691399165,3097.323412817867,8.145417773119945e-05,100.24705757061116,100.20217747206402,0.0,-0.0032444202544618106,0.0,-1
2025-04-26 02:50:00,100.236691399165,100.38566353959862,100.23470742863309,100.34029119561708,4305.019526275188,0.0010335516366908,100.26570429561234,100.21473326511428,0.0,-0.003719935521720008,0.0,-1
2025-04-26 06:50:00,100.34029119561708,100.42717625835289,100.1320771082154,100.21619751168063,4254.526454872161,-0.001236728361636,100.255802938826,100.2148663784385,0.0,-0.0020447796323744827,0.0,-1
2025-04-26 10:50:00,100.21619751168063,100.49524375796042,100.21037647929866,100.39808964808584,6776.123986520773,0.0018149973848688,100.28426028067798,100.23152303931552,0.0,-0.004035226792998281,0.0,-1
2025-04-26 14:50:00,100.39808964808584,100.47970499774166,100.30845674427351,100.44528591479047,2170.435563201575,0.000470091282315,100.31646540750047,100.25095602799507,0.0,-0.007760057209129645,0.0,-1
2025-04-26 18:50:00,100.44528591479047,100.66887454110164,100.39200470475367,100.65408004462898,1777.7508560142326,0.0020786852059502,100.3839883349262,100.28760366587088,0.0,-0.007150899006991174,0.0,-1
2025-04-26 22:50:00,100.65408004462898,100.74255130456224,100.27101535421224,100.28860308280308,4069.665599757624,-0.0036310198420556,100.36491128450156,100.2876945219556,0.0,-0.004767815324147828,0.0,-1
2025-04-27 02:50:00,100.28860308280308,100.3512252312612,99.8811751111033,99.94078089314152,1286.285725366566,-0.0034682125283407,100.28008520622956,100.25615691933616,0.2623795885677558,-0.0025546257573511033,0.0,-1
2025-04-27 06:50:00,99.94078089314152,99.94648756540634,99.87520575183876,99.9114814473493,3338.992393596684,-0.0002931680694343,100.20636445445352,100.22482278551917,0.2628479226148122,-0.004304698097972515,0.0,-1
2025-04-27 10:50:00,99.9114814473493,99.99990459304053,99.87504099466004,99.96703178213878,3291.039506346686,0.0005559955070704,100.15849791999058,100.20138723975732,0.2501563821930038,-0.004062884680319789,0.0,-1
2025-04-27 14:50:00,99.96703178213878,100.08017792796788,99.9259345129062,100.01127747217473,1699.2996993181612,0.000442602818621,100.12905383042742,100.18410453361344,0.2483740613913403,-0.00252227933265059,0.0,-1
2025-04-27 18:50:00,100.01127747217473,100.09907586936932,99.9381853416367,99.99296058677204,1755.854790900458,-0.0001831481995396,100.10183518169634,100.1667278111733,0.228163137792331,0.0016398906952772574,0.0,1
2025-04-27 22:50:00,99.99296058677204,100.04009683416524,99.63826789772176,99.66582474970431,1721.10626479554,-0.0032715886713227,100.01463309529797,100.12119116922158,0.2451778957312466,0.006217723855256541,0.0,1
2025-04-28 02:50:00,99.66582474970431,99.96106649368058,99.63651976046016,99.93431288358823,1743.5810111015337,0.0026938836312062,99.998569052956,100.104202234164,0.2464157331207528,0.00364597752591056,0.0,1
2025-04-28 06:50:00,99.93431288358823,99.99750208996882,99.77824567549838,99.81044554418752,2599.3513517463125,-0.0012394875776551,99.96094435120231,100.07749708052977,0.2555384384975362,0.007078763059964244,0.0,1
2025-04-28 10:50:00,99.81044554418752,99.82570070806104,99.6777483526384,99.68546960006212,2451.723104592859,-0.0012521329149871,99.90584940097428,100.04185821866906,0.2553238845301858,0.012212192018181245,0.0,1
2025-04-28 14:50:00,99.68546960006212,99.71317324206136,99.39106792608312,99.48139268319729,2069.0302575825767,-0.0020472082609791,99.82095805741888,99.99090680635344,0.2572528963759544,0.01299978570448812,0.0,1
2025-04-28 18:50:00,99.48139268319729,99.64507959063174,99.45730046991234,99.56087726017408,5050.252765947974,0.0007989893871904,99.76894189796994,99.95181321124622,0.2503180279514997,0.013512276914802834,0.0,1
2025-04-28 22:50:00,99.56087726017408,99.84640770672776,99.4744594722275,99.75902109397468,1498.0900406975993,0.0019901776606769,99.7669577371709,99.93428665513062,0.2646537408823661,0.010041647537540888,0.0,1
2025-04-29 02:50:00,99.75902109397468,100.19091718346412,99.75129893420504,100.15693811243152,2882.9143267929408,0.0039887823085391,99.84495381222304,99.95452769670342,0.2762786275188733,0.006001739570159703,0.0,1
2025-04-29 06:50:00,100.15693811243152,100.3513807003411,100.07167513186069,100.28551932580436,4676.857865933223,0.0012837973663741,99.9330669149393,99.98461784480352,0.2625764573853319,0.0026711894397426494,0.0,1
2025-04-29 10:50:00,100.28551932580436,100.33883063864184,100.22268922577469,100.2986711424291,2761.7839367496067,0.0001311437255664,100.00618776043729,100.01316814458764,0.2372972640074227,0.0021105170665369766,0.0,1
2025-04-29 14:50:00,100.2986711424291,100.6017097245864,100.2404426849728,100.51698003910428,2861.9477653680074,0.0021765881261295,100.10834621617067,100.05896922590736,0.2580104944392788,-0.001091436305796667,0.0,0
2025-04-29 18:50:00,100.51698003910428,101.00206131362128,100.5123163247033,100.90284769624066,5579.348673670718,0.0038388305835119,100.26724651218468,100.1356854504831,0.2840734509062425,-0.003756401818085897,0.0,-1
2025-04-29 22:50:00,100.90284769624066,100.96427831924386,100.70671029740164,100.77462946966288,3025.6680375578685,-0.0012707096925923,100.36872310368032,100.19377127040852,0.2914537799619958,-0.0017819535015076715,0.0,-1
2025-04-30 02:50:00,100.77462946966288,100.98332916236578,100.68269160333134,100.90617140359426,1672.5337765566512,0.0013053080385772,100.47621276366311,100.25853491887996,0.3014357107692679,-0.0040107331409975355,0.0,-1
2025-04-30 06:50:00,100.90617140359426,100.95871367594371,100.69059561908811,100.76076602249049,3302.6319464441895,-0.0014409959181008,100.5331234154286,100.30419229193546,0.2918849336558488,4.5097361472734576e-05,0.001996752403285271,0
2025-04-30 10:50:00,100.76076602249049,100.77359590368005,100.6642244656805,100.75805397112693,2019.5996268363365,-2.691574777202721e-05,100.57810952656826,100.34545244458924,0.2765152697114997,-0.0006522544121813079,0.001981002657560164,0
2025-04-30 14:50:00,100.75805397112693,100.76601661453908,100.5292687955453,100.55340094598655,4081.963313613952,-0.0020311331657814,100.57316781045192,100.36435685380717,0.2777646557488812,0.0046691830260938705,0.0020008521630382613,1
2025-04-30 18:50:00,100.55340094598655,100.63858704043,100.46605926010466,100.51035319962617,3926.2983523994703,-0.0004281083081768,100.56060488828678,100.37762924888162,0.2795200432419317,0.00614888095681998,0.0019331627984305229,1
2025-04-30 22:50:00,100.51035319962617,100.59279255768578,100.36763264484036,100.40727215774056,2757.037957833242,-0.0010255763571027,100.52993834217754,100.38032405877787,0.2725953715895883,0.009990375658115669,0.001938444645084934,1
2025-05-01 02:50:00,100.40727215774056,100.60344140389311,100.37659374630717,100.52381605570446,6403.663150878588,0.0011607117239555,100.52871388488292,100.39336878577122,0.2753859813657726,0.009114866671038113,0.0019260927093466313,1
2025-05-01 06:50:00,100.52381605570446,100.63206187992908,100.4316876224519,100.59505376581627,2260.6181076515068,0.0007086650000667,100.5419818610696,100.41170378395712,0.263130697292694,0.0050564681109470655,0.0019291526126415663,1
2025-05-01 10:50:00,100.59505376581627,100.68890917810752,100.46161849139187,100.50146367781468,6762.314027574912,-0.0009303647097747,100.5338782244186,100.4198637743078,0.2479644428253057,0.008878941637054938,0.0019301721273066392,1
2025-05-01 14:50:00,100.50146367781468,100.82170864600756,100.5009055311513,100.76531006717806,3540.1174847861603,0.002625298972851,100.58016459297052,100.45126798275057,0.2508999818521523,0.004142019550072984,0.0019673770334120554,1
2025-05-01 18:50:00,100.76531006717806,100.78855798511704,100.67410817254957,100.69233408586146,1363.5417081815235,-0.0007242173052208,100.60259849154872,100.47318308303336,0.250779153259317,0.0008788069740146565,0.0019501308388524799,0
2025-05-01 22:50:00,100.69233408586146,101.1092296588822,100.63266405072602,101.02290317889955,1928.2382309101713,0.0032829618663543,100.68665942901887,100.523157637203,0.259014765298073,-0.0029044689357817788,0.0020294448540700877,-1
2025-05-02 02:50:00,101.02290317889955,101.13934902584238,100.99724661601276,101.1283793963786,5051.380952997508,0.0010440822245254,100.77500342249084,100.57817779712806,0.2341831525060485,0.0014564989835799125,0.0020063504554324327,0
2025-05-02 06:50:00,101.1283793963786,101.47083437787222,101.07991676713478,101.41037852540306,2333.1174424856285,0.0027885261358648,100.9020784430733,100.65383240878944,0.2437081231414209,0.0010275858458612674,0.0019359176948572573,0
2025-05-02 10:50:00,101.41037852540306,101.48675107216091,101.37990922314404,101.44007723631616,2305.5527703376692,0.0002928567208302,101.00967820172188,100.72530921129186,0.2298655724258824,-0.0018267771905337016,0.0018065068007480478,-1
2025-05-02 14:50:00,101.44007723631616,101.52821376788314,101.02278919792046,101.10370944730212,1184.423954337795,-0.0033159259947174,101.02848445083792,100.75970923274733,0.2468160376478161,-0.0022465750811729857,0.001922822993351146,-1
2025-05-02 18:50:00,101.10370944730212,101.4165495673236,101.04020018200848,101.3938103082486,1803.6895091392091,0.0028693394390013,101.10154962232006,100.81735478506562,0.2658858910275015,-0.006457596057938164,0.0019727805193746704,-1
2025-05-02 22:50:00,101.3938103082486,101.42482000607144,101.1127171676382,101.18268195144547,2736.933045700405,-0.0020822608023236,101.11777608814516,100.8505663456456,0.271268392416034,-0.006982830441500609,0.002022732048462191,-1
2025-05-03 02:50:00,101.18268195144547,101.27525332637956,100.76525884577202,100.78082321128592,1668.967698114267,-0.0039716158181338,101.0503855127733,100.84422606070382,0.2953731567219049,-0.0004585628398989794,0.0021619823019034,0
2025-05-03 06:50:00,100.78082321128592,100.85932595078704,100.69275580766204,100.72948529481395,5475.541389311228,-0.0005094016384876,100.98620546918144,100.83379508198657,0.2911881731704448,-0.001542876292512152,0.002070136239221168,-1
2025-05-03 10:50:00,100.72948529481395,101.37383778060764,100.67759761095222,101.27567277818052,2698.1535857952013,0.0054223198080283,101.04409893098126,100.87396578164056,0.3247162097468339,-0.003486380818595425,0.0022211548721453884,-1
2025-05-03 14:50:00,101.27567277818052,101.54851007255544,101.19076528735388,101.5145863949992,2048.737082465471,0.0023590425051234,101.13819642378486,100.9322040192186,0.3359569617271479,-0.006398169697139577,0.0022255621963767867,-1
2025-05-03 18:50:00,101.5145863949992,101.59426109785257,101.16651001720862,101.25476881701488,3967.6956457626743,-0.0025594112847326,101.16151090243088,100.96152809174554,0.3502755612934548,-0.0031428459166639167,0.0022708968934704284,-1
2025-05-03 22:50:00,101.25476881701488,101.35493812047068,100.79449858554662,100.87657237304366,2679.923349919095,-0.0037350975997455,101.10452319655344,100.95380484459082,0.3673924484411555,-0.0001422133364628042,0.0023499734695363074,0
2025-05-04 02:50:00,100.87657237304366,100.9156426698676,100.69550338777316,100.73905003850273,4183.354749176367,-0.0013632732685679,101.03142856494333,100.934281680401,0.3749416962645092,0.0015001247855037647,0.0023702576333340507,1
2025-05-04 06:50:00,100.73905003850273,100.78229431426357,100.41613147820344,100.47614043976225,4814.796143678042,-0.0026098081989061,100.9203709399071,100.89263247670657,0.367055783971934,0.006584724915867923,0.0024080419938890462,1
2025-05-04 10:50:00,100.47614043976225,100.77800652749704,100.44107119838787,100.7346088707868,5462.393756199341,0.0025724359026262,100.88321852608304,100.8782666943502,0.3809724210633293,0.0044000964461534675,0.0023489537372334344,1
2025-05-04 14:50:00,100.7346088707868,100.81065683013304,100.49540776954484,100.57407215999564,2505.9624690674777,-0.0015936599406175,100.82138925286556,100.85061264577251,0.3755675246240965,0.004920015402032574,0.002360479149411989,1
2025-05-04 18:50:00,100.57407215999564,100.97934738407255,100.48165829405411,100.92258721521632,2086.8151037514663,0.0034652574737776,100.84162884533572,100.85715578844922,0.4034851846956349,0.002036107705700285,0.002434658399073892,1
2025-05-04 22:50:00,100.92258721521632,100.92633460028762,100.77443059324564,100.86507884450906,3193.9183963156943,-0.0005698265600804,100.8463188451704,100.85787606627284,0.3782337159155854,0.0007194745558873894,0.002410903919734264,0
2025-05-05 02:50:00,100.86507884450906,101.01245596882396,100.8497235740234,100.93654068029558,2457.701231071936,0.0007084893662423,100.86436321219544,100.86502739482036,0.3629753594502582,-0.0008254183002576188,0.002316416371221535,0
2025-05-05 06:50:00,100.93654068029558,100.94143533555928,100.78120887342854,100.86222637911555,2688.6383780677943,-0.000736247752094,100.86393584557948,100.86477275702902,0.3521270468572238,0.0001421579631255554,0.0023087759000443016,0
2025-05-05 10:50:00,100.86222637911555,100.92338976836834,100.7993179244921,100.8901711843336,1884.919198826531,0.0002770591748888,100.8691829133303,100.8670817049658,0.3245611442335589,-0.002318774764214937,0.0022975784506600906,-1
2025-05-05 14:50:00,100.8901711843336,101.18606261044394,100.87172382491975,101.1377481851662,1891.190418726312,0.0024539258673694,100.92289596769749,100.89168774862036,0.3351160472620731,-0.00171013747249682,0.002321948364699103,-1
2025-05-05 18:50:00,101.1377481851662,101.2333783667772,101.10439197231916,101.1778508652838,1751.1700801502782,0.0003965154537965,100.97388694721477,100.91770257740797,0.2945979204622598,-0.0044355158869502365,0.002322294630790183,-1
2025-05-05 22:50:00,101.1778508652838,101.18108422230333,101.05560512507058,101.06889814406796,3443.468931618338,-0.001076843600492,100.9928891865854,100.9314476289225,0.2780075141787717,-0.004380656370982505,0.0022996302298390003,-1
2025-05-06 02:50:00,101.06889814406796,101.18848018023492,101.06834923536096,101.12807647272444,2119.90242884583,0.0005855246247181,101.01992664381322,100.94932297835904,0.2560346473380609,-0.00999086706823693,0.002298215028353765,-1
2025-05-06 06:50:00,101.12807647272444,101.16767849156606,100.84818173515508,100.93764870231526,3166.1630811536206,-0.0018830356222641,101.00347105551364,100.94826168053687,0.2388244488728414,-0.01076813992157799,0.0023178088620628315,-1
2025-05-06 10:50:00,100.93764870231526,100.97516233747815,100.84972274966094,100.85322581245336,2146.9789261933975,-0.000836386531163,100.9734220069016,100.93962205616565,0.2320601849958978,-0.006482995920307655,0.0023170828494239416,-1
2025-05-06 14:50:00,100.85322581245336,100.93776432246038,100.78542732903956,100.87656474777393,3341.7165851297377,0.0002314148618702,100.95405055507608,100.93388957358458,0.2167869105216624,-0.005745143288807708,0.002314605526191403,-1
2025-05-06 18:50:00,100.87656474777393,100.95405715334851,100.63182535691584,100.65622960143403,2941.351420420898,-0.0021842054880715,100.89448636434769,100.90864775793452,0.2157366581876272,-0.0022110077471833023,0.0023428746921546075,-1
2025-05-06 22:50:00,100.65622960143403,100.97900113898416,100.6058075264026,100.9647887321108,2421.1147730371176,0.0030654747540073,100.9085468379003,100.91375148285964,0.2198755547585824,-0.0023632635301364946,0.002359709722482372,-1
2025-05-07 02:50:00,100.9647887321108,100.98125696459584,100.62840843998512,100.72907490036336,2177.375106911233,-0.0023346142225172,100.87265245039292,100.8969627026327,0.2095298000866025,0.0003764456596171417,0.002393996261377403,0
2025-05-07 06:50:00,100.72907490036336,100.76925822993807,100.56274729429684,100.62615003150496,2507.387063583172,-0.001021799008481,100.82335196661532,100.87234336889382,0.2134302949865483,0.0013843066871599419,0.002324324016535748,0
2025-05-07 10:50:00,100.62615003150496,100.66161855632504,100.02451314758368,100.11771930381896,3116.483877097137,-0.0050526699821746,100.68222543405606,100.80374118115974,0.2473140816966049,0.006538568752010754,0.002471040455851291,1
2025-05-07 14:50:00,100.11771930381896,100.17587892305824,99.75313009030702,99.85073797773364,2619.319157094469,-0.0026666740707019,100.5159279427916,100.71710452630282,0.2660656795980673,0.00626674873976607,0.0024382756282268062,1
2025-05-07 18:50:00,99.85073797773364,100.25467704041614,99.80220304089092,100.19939476096135,1609.6731541676215,0.00349177973332,100.45262130642556,100.67004000218088,0.2895229764301368,0.00643105514707365,0.0025347099388728887,1
2025-05-07 22:50:00,100.19939476096135,100.36332774890528,100.11439632926056,100.29701442881527,4908.6634144708205,0.0009742540669712,100.42149993090352,100.63612858642036,0.2848510217244597,0.005917195712382695,0.0024875068536988143,1
2025-05-08 02:50:00,100.29701442881527,100.4546808614306,100.28153265448832,100.433677897983,9236.97663116534,0.0013625876098704,100.4239355243194,100.6177239783806,0.2880054369019049,0.0031184041577638766,0.002440423767167942,1
2025-05-08 06:50:00,100.433677897983,100.7634513276852,100.33352796156504,100.72618232907227,4027.9399137326704,0.0029124138158758,100.48438488527,100.62758382844348,0.3097514561081494,-0.00025340380535676665,0.0024817613374043023,0
2025-05-08 10:50:00,100.72618232907227,100.8119147158638,100.67640497223886,100.76699392340684,6430.685182579489,0.0004051736439412,100.54090669289737,100.64025747344014,0.3108499417332179,-0.0020176782763556833,0.0023822994381624708,-1
2025-05-08 14:50:00,100.76699392340684,100.85293681980536,100.73471679160278,100.76544748389674,3214.48508881567,-1.534668694480601e-05,100.58581485109724,100.65163838348164,0.2964730325754741,0.001211499336119637,0.00238050217359187,0
2025-05-08 18:50:00,100.76544748389674,100.78913717957134,100.72073986201252,100.7723458947815,1610.3552937009983,6.846008286576222e-05,100.62312105983408,100.66261179359982,0.2923985846998747,-3.348184247198294e-05,0.002166658836478151,0
2025-05-08 22:50:00,100.7723458947815,100.802303336872,100.4539510053026,100.47647746412032,3263.1041045595034,-0.0029360081680552,100.59379234069134,100.64569049091986,0.3063996802819184,0.0037232345513220633,0.0021707810154979103,1
2025-05-09 02:50:00,100.47647746412032,100.87260630054506,100.40204597610968,100.8437825943725,3435.9465242946585,0.0036556330349393,100.64379039142756,100.663698863961,0.3169945751392556,0.0031980194919460914,0.002240756469685483,1
2025-05-09 06:50:00,100.8437825943725,100.92001562494306,100.8010946537425,100.89049149255824,3027.821934149345,0.0004631807433643,100.69313061165371,100.68431637565166,0.2988322436120419,0.006193855524702752,0.002143333017913978,1
2025-05-09 10:50:00,100.89049149255824,100.94782215114064,100.7255958048494,100.7468706967196,5998.260104636705,-0.001423531531207,100.7038786286669,100.69000313211238,0.289502088017793,0.008720806954389149,0.002144601410795037,1
2025-05-09 14:50:00,100.7468706967196,100.78564657540504,100.66725689494972,100.70065793117102,3609.674278192804,-0.0004587017465553,100.70323448916773,100.69097175020862,0.2832077126473708,0.007835464893470201,0.002093102777519896,1
2025-05-09 18:50:00,100.70065793117102,100.77383866358667,100.54412805207284,100.56367854879392,4967.099795926539,-0.0013602630329458,100.67532330109296,100.6793996409891,0.2541080842739772,0.011897790963903088,0.002056683532947394,1
2025-05-09 22:50:00,100.56367854879392,100.93599653311128,100.523496507787,100.88752475662729,5926.2447945118,0.0032203098823222,100.71776359219984,100.69832010604712,0.2533760266006238,0.0081736308562399,0.002115427470562519,1
2025-05-10 02:50:00,100.88752475662729,100.98767636877136,100.70778548507836,100.76897185097071,2006.321302897127,-0.0011750997553219,100.72800524395404,100.70474299194926,0.2410486611840393,0.007929893904255803,0.0020347673992205397,1
2025-05-10 06:50:00,100.76897185097071,100.90498380799032,100.76772791770388,100.85057495660988,2146.0112770026253,0.0008098038924106,100.7525191864852,100.71800044328204,0.2330718376584499,0.006760936292062869,0.0020379151175155476,1
2025-05-10 10:50:00,100.85057495660988,101.17072272790284,100.84804428886493,101.16628297675088,5441.5300003170705,0.0031304533491935,100.83527194453836,100.7587534008701,0.2437525685224254,0.0044799079171036205,0.0021089099244280735,1
2025-05-10 14:50:00,101.16628297675088,101.53390226471866,101.13106340481124,101.5153926206794,6416.152069983233,0.003450849765912,100.97129607976656,100.82753878448914,0.2418179609358018,7.862713339146232e-05,0.0021855680679734087,0
2025-05-10 18:50:00,101.5153926206794,101.69819351702276,101.49686189887426,101.6254647073245,2270.754688550851,0.0010842896215392,101.10212980527815,100.90007750474687,0.2465195234017717,-0.0012235551387825838,0.002191089489687791,0
2025-05-10 22:50:00,101.6254647073245,101.64932176807731,101.44835457053152,101.48969440114006,2554.5269765733306,-0.0013359870636306,101.17964272445056,100.95367904078265,0.2524300354977151,-0.004593680093374908,0.002169281132102626,-1
2025-05-11 02:50:00,101.48969440114006,101.84521139852318,101.472905583795,101.7601641747286,4466.738985996979,0.0026649974185508,101.29574701450616,101.02699587114137,0.2741377852955255,-0.00599212701968288,0.0022154915430160215,-1
2025-05-11 06:50:00,101.7601641747286,101.79616407640532,101.64987781345552,101.71214214198773,6748.228543304301,-0.0004719138685589,101.37902604000249,101.08928189576376,0.2597044946798387,-0.003669070521647999,0.002206970558688902,-1
2025-05-11 10:50:00,101.71214214198773,101.80050103737,101.47647720189823,101.56805910658986,5156.600882937319,-0.0014165765498942,101.41683265331996,101.13280709674794,0.2492376026110077,-0.0016392386060181119,0.002224020381410366,-1
2025-05-11 14:50:00,101.56805910658986,101.63190785226978,101.51934743056354,101.53241926890944,6027.926278062466,-0.0003508961182668,101.43994997643786,101.16913547603536,0.2487832776471269,-0.002399541973216346,0.0021954140342675312,-1
2025-05-11 18:50:00,101.53241926890944,101.6212509815643,101.43584338029932,101.61949860880236,1941.868460384119,0.000857650595937,101.47585970291075,101.21007757901415,0.2461533672881088,6.766142337899517e-05,0.002190385557677303,0
2025-05-11 22:50:00,101.61949860880236,101.64167345336848,101.47300623643918,101.52337448499628,1909.0148790312712,-0.0009459220437223,101.48536265932788,101.23855911592165,0.2497446198933925,0.0012542248174425286,0.0022003801727112603,0
2025-05-12 02:50:00,101.52337448499628,101.56932631689796,101.45129205300007,101.50112034775069,2361.1004193358663,-0.00021920210354,101.48851419701244,101.26242831881518,0.2417677379208243,-0.0008709760890655005,0.002158660351253522,0
2025-05-12 06:50:00,101.50112034775069,101.5986110055654,100.996035976046,101.02348321228683,2325.6744306934866,-0.0047057326444023,101.39550800006732,101.24070603640352,0.2553445239347626,0.002745070759806678,0.002267649574862884,1
2025-05-12 10:50:00,101.02348321228683,101.226308859732,100.98080280093195,101.15040434544984,4249.2124131770715,0.0012563527719222,101.34648726914384,101.23249679177135,0.2528884650138344,-0.003036644710435854,0.002235966789108611,-1
2025-05-12 14:50:00,101.15040434544984,101.36615432557022,101.0572619170732,101.33895311956088,2414.4116184478894,0.0018640437013686,101.34498043922726,101.24217463975222,0.2651482163145898,-0.004598142299889085,0.002246067649178801,-1
2025-05-12 18:50:00,101.33895311956088,101.41667508770212,101.2648624425525,101.401564822964,1965.7568528033353,0.000617844387333,101.35629731597462,101.25666465640784,0.2529435167511401,-0.004657536050132305,0.002029676471002631,-1
2025-05-12 22:50:00,101.401564822964,101.4373701787116,101.23033150616182,101.28878796723149,1550.3757504711684,-0.0011121806249184,101.342795446226,101.2595849573918,0.2389577890827366,-0.004284359034769203,0.001971679088971431,-1
2025-05-13 02:50:00,101.28878796723149,101.63393246096405,101.286200860854,101.6263743287213,5015.018523053558,0.0033329094785794,101.39951122272508,101.29292944569448,0.2494149306514168,-0.006729128078925006,0.0019639546632150688,-1
2025-05-13 06:50:00,101.6263743287213,101.72047371146294,101.57100349690614,101.65070762082588,3904.7435226627103,0.0002394387506718,101.44975050234524,101.32545473434276,0.2457365747236315,-0.005609820413659317,0.001961847936422446,-1
2025-05-13 10:50:00,101.65070762082588,101.65474996556198,101.3626385665165,101.41271529891443,1450.1871286430649,-0.0023412756042897,101.44234346165908,101.3333875129402,0.2400084021748684,-0.0013498471644975973,0.0020130898467090133,0
2025-05-13 14:50:00,101.41271529891443,101.45244900380536,101.2082243722988,101.3007998221067,1735.2787540723564,-0.0011035645429459,101.41403473374862,101.33042499559168,0.2470039999289213,-0.003189547371489021,0.001970026971847303,-1
2025-05-13 18:50:00,101.3007998221067,101.38557771059882,100.77765648969624,100.84324650513578,5564.497532602314,-0.0045167789175842,101.29987708802608,101.28613604191388,0.2672823846025522,0.0011099208217379974,0.002136924585232138,0
2025-05-13 22:50:00,100.84324650513578,100.9044073763712,100.79701294103891,100.87298219259536,3189.217610463694,0.0002948703903347,101.21449810893994,101.24857660106674,0.2669133855758413,0.00417934914071405,0.0021374352579210942,1
2025-05-14 02:50:00,100.87298219259536,100.994853341667,100.87153574056744,100.92928337926122,3690.310149761628,0.0005581394090079,101.1574551630042,101.21954994453895,0.2624783855640262,0.0021877977581818975,0.0021394304467225005,1
2025-05-14 06:50:00,100.92928337926122,100.9352507474851,100.80739264149206,100.85483043338326,3538.638243275174,-0.0007376743734343,101.09693021708,101.186393625343,0.2595634490685796,0.0010498365009969923,0.0020747442822415265,0
2025-05-14 10:50:00,100.85483043338326,100.95560444958284,100.83736780712904,100.94251743966656,1271.1981491498457,0.0008694378435469,101.06604766159732,101.16422306300876,0.2595779046797182,0.0011429139308296588,0.001977757887871679,0
2025-05-14 14:50:00,100.94251743966656,101.0995042714552,100.85573975568664,101.08046540615166,1665.788780646123,0.0013665992287892,101.0689312105082,101.1566087305672,0.2339485822689429,-0.0006949648535754527,0.0019905112407297286,0
2025-05-14 18:50:00,101.08046540615166,101.35745694598243,100.99425047116355,101.2758236327242,2594.2439976641217,0.0019327001096363,101.1103096949514,101.16744644894511,0.2423557548417189,-0.0037005492233419535,0.0019981891499063656,-1
2025-05-14 22:50:00,101.2758236327242,101.3073256753997,100.93687144621413,100.97769612230437,9639.654906239288,-0.002943718448551,101.083786980422,101.15019641925048,0.2467530277480431,-0.002641889128523478,0.002070223949029324,-1
2025-05-15 02:50:00,100.97769612230437,101.05736782572713,100.932016165897,100.9551745241635,2088.32084160783,-0.0002230353732134,101.0580644891703,101.13246715606076,0.2448629573680776,0.0011952859091235446,0.002054261142314489,0
2025-05-15 06:50:00,100.9551745241635,101.3052257945128,100.90484098031637,101.29456560404326,5526.233899389578,0.0033617997440886,101.1053647121449,101.14720337860462,0.2586733960571256,-0.00012671308563216854,0.0020612820150764854,0
2025-05-15 10:50:00,101.29456560404326,101.2993268323942,101.1485980443054,101.15009623917328,4075.966978737777,-0.0014262301635676,101.1143110175506,101.14746636592903,0.244601766627039,0.0029020346495265414,0.0020668733477456507,1
2025-05-15 14:50:00,101.15009623917328,101.21057880397538,100.9314903236138,100.96071151567408,3655.6651170951936,-0.0018723138241152,101.0835911171753,101.13048865226948,0.2538602141845243,0.00541078772400283,0.0020922272337030945,1
2025-05-15 18:50:00,100.96071151567408,101.11458681558628,100.90420318975454,101.05788604906138,2500.8948846658186,0.0009624984999456,101.07845010355253,101.1238884156142,0.2480225160978295,0.004321842911010565,0.0020227475722786005,1
2025-05-15 22:50:00,101.05788604906138,101.09979212446136,100.9737545625727,101.01021803531134,1802.3952741188384,-0.0004716901927565,101.0648036899043,101.11355474467756,0.2395805825536935,0.006099843657145776,0.0019212125092092681,1
2025-05-16 02:50:00,101.01021803531134,101.05441883575556,100.81185792313892,100.9010474622368,3123.429240867392,-0.0010807874212921,101.0320524443708,101.09423590081931,0.2134834176761271,0.006381715433448454,0.0019143047920636568,1
2025-05-16 06:50:00,100.9010474622368,100.93830405789346,100.63661394654147,100.7109242446955,2280.471130977922,-0.0018842541512015,100.96782680443576,101.05938938662624,0.2273616802489623,0.007107455408741581,0.0019270104151577498,1
2025-05-16 10:50:00,100.7109242446955,101.13876396691184,100.70943114151028,101.07584482172533,3086.551664632561,0.0036234458155022,100.98943040789366,101.0608853352716,0.2492199105562491,-0.002198828637089756,0.001980312872450979,-1
2025-05-16 14:50:00,101.07584482172533,101.3105113951005,101.0647998427676,101.2817302570778,2156.766821419559,0.0020369400395874,101.0478903777305,101.0809621463449,0.2576380138662384,-0.004496294614409702,0.0020188540727799254,-1
2025-05-16 18:50:00,101.2817302570778,101.52106867729609,101.27969934578074,101.4436373232623,3017.3590913150633,0.0015985811633896,101.12703976683686,101.11393261697376,0.2664332059420614,-0.003071065589727806,0.002027240085938774,-1
2025-05-16 22:50:00,101.4436373232623,101.58452390009514,101.40351111032332,101.50698849414968,4601.995605897206,0.000624496247956,101.20302951229942,101.14966496944427,0.2619509397994365,-0.004275403463806615,0.0020296889006120194,-1
2025-05-17 02:50:00,101.50698849414968,101.53253516213069,101.48406147497408,101.49464235748424,2366.9701513085984,-0.0001216284400571,101.2613520813364,101.1810265501752,0.239470026394987,-0.003119088164182049,0.0020236232836271933,-1
2025-05-17 06:50:00,101.49464235748424,101.63406552903965,101.4055620461966,101.62636457310094,5829.736455556379,0.0012978243240933,101.33435457968932,101.22151182498662,0.2293306873705215,-0.005219340586427035,0.002029955818046958,-1
2025-05-17 10:50:00,101.62636457310094,101.71704585909936,101.44435815735925,101.54496923407768,3109.3580761263456,-0.0008009273908909,101.376477510567,101.25091704399487,0.2398546903640936,-0.0022051075618085836,0.0020348923073727995,-1
2025-05-17 14:50:00,101.54496923407768,101.54498875658334,101.36292857802252,101.42672264793782,3270.3174798245977,-0.0011644750796789,101.38652653804117,101.26689937162608,0.2242600735329775,0.001457743329877692,0.001858500711850644,0
2025-05-17 18:50:00,101.42672264793782,101.45296177821488,100.84704986617004,100.85359635961328,1876.458838091548,-0.0056506438674344,101.2799405023556,101.229326370534,0.2567731538155482,0.0061394240546892576,0.002107423002686033,1
2025-05-17 22:50:00,100.85359635961328,100.86332975189563,100.74032488321708,100.8263377587848,9223.257389319884,-0.000270278917286,101.18921995364144,101.19269104219316,0.2456243244096165,0.008833753749692308,0.002077152429641355,1
2025-05-18 02:50:00,100.8263377587848,101.16619445998502,100.81406779210973,101.132097259382,5487.824415037317,0.0030325360158243,101.17779541478956,101.18718251648303,0.2557488274127268,0.0037717682236075856,0.0021488102164447962,1
2025-05-18 06:50:00,101.132097259382,101.15962188836298,101.00038565347572,101.07300516394122,2158.652393905054,-0.0005843060417229,101.15683736461988,101.17680275716106,0.2581201611983417,0.003470331291391071,0.0021426553492407577,1
2025-05-18 10:50:00,101.07300516394122,101.2625769452826,101.02570871077472,101.17807161977912,1924.278072707299,0.0010395105564287,101.16108421565174,101.17691810830814,0.2577135413334294,0.0011981105000113956,0.002062198882000969,0
2025-05-18 14:50:00,101.17807161977912,101.2724423430758,101.07679209931774,101.09594196383352,2481.0000398578454,-0.0008117337544665,101.1480557652881,101.16955664062864,0.2501392650767207,0.0005467703569888016,0.002064395101627321,0
2025-05-18 18:50:00,101.09594196383352,101.33265186734674,101.05017456666184,101.321051654556,4288.973407764481,0.0022266936372481,101.18265494314169,101.18332891462202,0.2396495847398136,-0.0013654290774750555,0.0020672675259483892,0
2025-05-18 22:50:00,101.321051654556,101.61283927875398,101.29917116109677,101.57457677634922,3732.969895742389,0.0025021959173656,101.2610393097832,101.21889690205175,0.2445036251201224,-0.0034523043433735134,0.002104581199403321,-1
2025-05-19 02:50:00,101.57457677634922,101.60069634395532,101.40469963299498,101.47277935510542,961.0078541478808,-0.001002193900034,101.30338731884764,101.24197712505664,0.2412627236519081,-0.0040580930510103475,0.0019420328252687036,-1
2025-05-19 06:50:00,101.47277935510542,101.75268849391968,101.45790111940282,101.7170127980292,3560.332819852957,0.0024068863046422,101.38611241468396,101.28516218623597,0.2493894797051266,-0.009938631267232712,0.001980987984774142,-1
2025-05-19 10:50:00,101.7170127980292,101.77539307891186,101.43195217055118,101.51354409021172,3323.77244553883,-0.0020003409677543,101.41159874978952,101.30592417750648,0.2704585669339892,-0.00940458782614173,0.002019911435445967,-1
2025-05-19 14:50:00,101.51354409021172,101.58538005891118,101.41522042999333,101.42376197647658,1811.864056369393,-0.0008844348263059,101.41403139512694,101.31663670468556,0.2662911487964753,-0.011700971095924939,0.0020222330909284653,-1
2025-05-19 18:50:00,101.42376197647658,101.42592042840135,101.29614011175596,101.29929412975768,5574.331911097423,-0.001227205975142,101.39108394205309,101.31506010696484,0.2560834784325659,-0.008579025133151785,0.0020330374130594015,-1
2025-05-19 22:50:00,101.29929412975768,101.35075517150489,101.10372065634964,101.1512182281112,2408.4671131365017,-0.0014617663718051,101.34311079926472,101.30016539070542,0.2607245024750234,-0.005158434560028957,0.00203822116618618,-1
2025-05-20 02:50:00,101.1512182281112,101.1834262419496,101.13786415093772,101.18270494446652,2196.802719408832,0.000311283609895,101.31102962830508,101.28948716832006,0.2206995152583835,-0.003980556532010238,0.0020091850388953315,-1
2025-05-20 06:50:00,101.18270494446652,101.27615270525598,101.08158290858049,101.2239104237679,2389.6600186327996,0.0004072383647382,101.29360578739764,101.28352564608804,0.2258112958295949,-0.0036228656971192263,0.0019383278816446096,-1
2025-05-20 10:50:00,101.2239104237679,101.2671475058528,101.01394867719814,101.06099337433776,2574.7222597544787,-0.0016094719987412,101.24708330478568,101.2632954395653,0.2187450215995485,-0.0031580702882572087,0.0019606387541591217,-1
2025-05-20 14:50:00,101.06099337433776,101.13524214292865,100.69312796025888,100.7060849142252,4959.710107160844,-0.0035118243771655,101.1388836266736,101.21263993726164,0.2389505892982971,0.0040860803755753405,0.0019608890537085397,1
2025-05-20 18:50:00,100.7060849142252,100.77139825046544,100.53410098606176,100.55885104927242,2220.23494840819,-0.0014620155780872,101.02287711119337,101.15320458380808,0.2389812342908531,0.0035623852720820803,0.001961632650738396,1
2025-05-20 22:50:00,100.55885104927242,100.60546919596572,100.18856843915503,100.23700546914986,1503.0071373661897,-0.0032005693856312,100.86570278278468,101.06991375520278,0.2547848423660395,0.004628145844897569,0.0020119751353452698,1
2025-05-21 02:50:00,100.23700546914986,100.4707003690177,100.13927944354312,100.43024493944796,4513.173365058808,0.0019278256507528,100.77861121411736,101.0117620446796,0.2582808155653028,0.0010849838042978899,0.002037396736376678,0
2025-05-21 06:50:00,100.43024493944796,100.6915048055514,100.34535353663163,100.62943628821428,7290.891839272896,0.0019833800951736,100.74877622893676,100.9770051577282,0.2606010406554842,-0.0037185169964263354,0.0020724730605131,-1
2025-05-21 10:50:00,100.62943628821428,100.79441321872352,100.55773805586892,100.77994146737336,5774.062935899707,0.0014956377051342,100.75500927662408,100.95909027678688,0.2635066443622175,-0.0048231840180685825,0.002083795299346232,-1
2025-05-21 14:50:00,100.77994146737336,100.94872586201976,100.71575373284637,100.85718979096536,2142.960889204747,0.0007665049459968,100.77544537949234,100.94982659625764,0.259091269694827,-0.008059323931770446,0.0020604856234939677,-1
2025-05-21 18:50:00,100.85718979096536,100.90628145811282,100.71730195297154,100.7418356538605,3911.5951371552296,-0.0011437373710683,100.76872343436598,100.930918328767,0.2480583123220126,-0.008440176879921935,0.0019636557037254376,-1
2025-05-21 22:50:00,100.7418356538605,101.1386277242273,100.70542845762758,101.11757807149424,2662.8904508293977,0.0037297555200874,100.83849436179165,100.94788739628764,0.2668468578707177,-0.011000144012037194,0.0020442721820857555,-1
2025-05-22 02:50:00,101.11757807149424,101.13632281588576,100.90203461392234,100.91708041922784,3248.870604725271,-0.001982816994733,100.85421157327887,100.94508676200948,0.2743117068220044,-0.011848153639603787,0.0020492109179627523,-1
2025-05-22 06:50:00,100.91708041922784,100.97462762417643,100.6272904152376,100.70091694951688,5611.114398388395,-0.0021419909178206,100.82355264852649,100.92288950632832,0.2814761849494057,-0.01009746726341032,0.0020732372521354444,-1
2025-05-22 10:50:00,100.70091694951688,100.76836144669164,100.46022850404265,100.53921012866893,2175.687679595409,-0.0016058127944257,100.76668414455496,100.88800956290474,0.3002312457806297,-0.007274638334905936,0.0020868977541979297,-1
2025-05-22 14:50:00,100.53921012866893,100.54752578474134,100.23270455223955,100.25524401903576,2808.361331894761,-0.0028244314757371,100.66439611945114,100.830485422553,0.3088206340539352,-0.003949396220570334,0.0021125766387960704,-1
2025-05-22 18:50:00,100.25524401903576,100.29587787206746,100.24848538058131,100.29386126434603,2161.806794664348,0.0003851892805022,100.59028914843012,100.78170140817056,0.2941201813990425,-0.006302798800233211,0.0021161204893041775,-1
2025-05-22 22:50:00,100.29386126434603,100.3409331515352,99.98094247535208,100.04434902759192,1523.925536860094,-0.0024878116527637,100.4811011242625,100.7146693735725,0.288254216649999,-0.0046601513259701965,0.002144580610284401,-1
2025-05-23 02:50:00,100.04434902759192,100.06066414938527,99.79656328003108,99.8915567417339,2248.2909722761856,-0.0015272455400343,100.3631922477568,100.63984095249629,0.2901687598607511,-0.006775234006312969,0.0019341150777411522,-1
2025-05-23 06:50:00,99.8915567417339,100.03211422942478,99.86551802420485,100.00527015055938,4587.914863241227,0.0011383685722257,100.29160782831732,100.58215269777472,0.2722898633185571,-0.011582494490262718,0.0019507176086937463,-1
2025-05-23 10:50:00,100.00527015055938,100.07758938089049,99.69696459527424,99.72139934556058,4338.411057421624,-0.0028385584536837,100.17756613176596,100.503902393028,0.2758044247572481,-0.005057372214928857,0.0019072853843798906,-1
2025-05-23 14:50:00,99.72139934556058,99.77316384423511,99.6218116104082,99.68409273722374,2049.8720076677723,-0.0003741083516846,100.07887145285753,100.42937424250032,0.2618902079649032,-0.006623303380084655,0.0019071240730369366,-1
2025-05-23 18:50:00,99.68409273722374,99.81115737868367,99.63529035060458,99.80782373650575,2253.9649057349516,0.0012412311321143,100.02466190958718,100.37286965104629,0.2575467697666533,-0.005214200338324426,0.0019124658263843556,-1
2025-05-23 22:50:00,99.80782373650575,99.86650117658438,99.78226969164209,99.85929633721462,2257.1406564086637,0.0005157170929279,99.99158879511268,100.32618116797066,0.2469224380358596,-0.00749577712608962,0.001918177980707909,-1
2025-05-24 02:50:00,99.85929633721462,99.94203124947468,99.6199493638312,99.66172923589836,4136.627998652756,-0.0019784547714927,99.9256168832698,100.26577644687318,0.2564297509288745,-0.0025886489141780933,0.0018772489505640237,-1
2025-05-24 06:50:00,99.66172923589836,99.74719243950778,99.56682609169206,99.57812722181517,2771.4228481385912,-0.0008388577513571,99.85611895097888,100.2032628809588,0.2383702567300168,-0.0011335539756509583,0.0017951913356537934,0
2025-05-24 10:50:00,99.57812722181517,99.57848213449176,99.180941425512,99.21476806955376,3808.451192503573,-0.0036489855995381,99.72784877469388,100.1133997162856,0.2500311500883277,-0.0020973785361105834,0.0018727359191248807,-1
2025-05-24 14:50:00,99.21476806955376,99.27521407228096,98.83082866284106,98.8469596600433,1889.617892330292,-0.003707194167431,99.55167095176375,99.99826880208175,0.2569631644098332,-0.0009627874706904516,0.0018572247154550017,0
2025-05-24 18:50:00,98.8469596600433,99.24624628149972,98.7736256069821,99.21707111127652,2388.329885233634,0.0037442876594901,99.48475098366632,99.92725083019036,0.2687122881147356,-0.0025609214033657235,0.002017403257315521,-1
2025-05-24 22:50:00,99.21707111127652,99.23219391003572,98.96583830757488,99.0238547488566,1537.6118905566286,-0.0019474104632984,99.39257173670438,99.84512391370548,0.2652504573975258,-0.0014089547765531174,0.00202903761442771,0
2025-05-25 02:50:00,99.0238547488566,99.37467963729324,99.00896034071124,99.28740574821144,3662.057771938808,0.0026614900018107,99.3715385390058,99.79442226229692,0.2879880863329426,-0.003398000649089239,0.002113963715978092,-1
2025-05-25 06:50:00,99.28740574821144,99.34821326610631,99.03320410266346,99.11077330790272,3842.584545779051,-0.0017790014652676,99.3193854927852,99.732272357352,0.2847751211372095,-0.0009732005765712426,0.0021187550452396705,0
2025-05-25 10:50:00,99.11077330790272,99.48950575985756,99.10761838211904,99.40374000872674,1866.439989711808,0.002955952123528,99.3362563959735,99.70240578020424,0.2931884431646614,-0.004435222256043425,0.0022065943238866836,-1
2025-05-25 14:50:00,99.40374000872674,99.52529472982674,99.35893223341506,99.465250039815,3854.545299703432,0.0006187899075311,99.3620551247418,99.68084616744156,0.2931717496783567,-0.004545353070805613,0.0022098747811425605,-1
2025-05-25 18:50:00,99.465250039815,99.50945915380622,98.99208108146624,99.00667714453948,1947.8712950119009,-0.0046103829738723,99.29097952870136,99.61955807445048,0.3029398415871936,-0.001565620953733693,0.0023175459986706686,-1
2025-05-25 22:50:00,99.00667714453948,99.08847186544564,98.73924290031452,98.75179104576677,6329.102840113067,-0.0025744334233196,99.18314183211444,99.54067016275197,0.3170738938232083,0.0015313137026218282,0.0022857685406255696,1
2025-05-26 02:50:00,98.75179104576677,98.98433480490924,98.71782277821404,98.9629839902884,2285.6467584483084,0.0021386239407423,99.13911026374925,99.48815323798252,0.3235485365815021,-0.0013525190420244915,0.002330640305839414,0
2025-05-26 06:50:00,98.9629839902884,99.03242885775973,98.86164395725883,98.8843346157155,2075.179208591672,-0.0007947352777946,99.08815513414253,99.43326063595823,0.3297309234071142,0.0013765790598192496,0.0022788484168355405,0
2025-05-26 10:50:00,98.8843346157155,99.0260040679754,98.85951122282223,98.95002707903264,2809.2771923916985,0.0006643364044711,99.06052952312054,99.38933031260136,0.318617420514947,0.0038330675395674696,0.00224755260282095,1
2025-05-26 14:50:00,98.95002707903264,99.03203229883192,98.89829092952218,99.01431864617504,2293.4619670620177,0.00064973774177,99.05128734773145,99.35523834292624,0.3152870649073774,-0.0011167919386025904,0.002212852567432622,0
2025-05-26 18:50:00,99.01431864617504,99.03009356659288,98.95352888187765,98.96286232870608,5445.046915111151,-0.000519685618934,99.03360234392638,99.31956779617896,0.2923602060313409,0.00043976264138900767,0.0021826032579546433,0
2025-05-26 22:50:00,98.96286232870608,99.02069475464748,98.94037377562404,99.01314536010808,3600.8951758791677,0.0005081000106381,99.02951094716272,99.2917112110816,0.2663556038587354,0.001039513479502041,0.002177986950767369,0
2025-05-27 02:50:00,99.01314536010808,99.05523249002869,98.8436021286787,98.85167021624244,3279.8759972774355,-0.0016308455132737,98.99394280097869,99.25170748427804,0.2477134386324745,0.00045802375592729483,0.002183790459221382,0
2025-05-27 06:50:00,98.85167021624244,98.96296740551414,98.78395189624732,98.9030110165536,2595.723776897903,0.0005193721077132,98.97575644409366,99.220007805394,0.2414748605471857,0.0027107649942779144,0.002048518567624767,1
2025-05-27 10:50:00,98.9030110165536,98.95571620565144,98.73977349844932,98.82913466998596,1400.9909912543255,-0.000746957507242,98.94643208927212,99.18447388399326,0.2307765327343369,0.002579146636213059,0.002034958708873261,1
2025-05-27 14:50:00,98.82913466998596,99.10185718919782,98.75622471139371,99.02045672009166,3697.205701413695,0.0019358871323176,98.96123701543604,99.16956323272947,0.232963912331567,0.00010743044470817864,0.0020660308089472143,0
2025-05-27 18:50:00,99.02045672009166,99.39932173021909,98.92181656491978,99.3293092158686,1282.052558819889,0.0031190776735154,99.03485145552256,99.18408559483304,0.2397937543001934,-0.003932237480195888,0.002153197409687866,-1
2025-05-27 22:50:00,99.3293092158686,99.42125057607164,98.89802461468676,98.90374025330476,3905.7750710450127,-0.0042844248683837,99.008629215079,99.1585996546941,0.2652840017982782,0.0010442328297581849,0.0022211469160068565,0
2025-05-28 02:50:00,98.90374025330476,99.07529060630084,98.81048754117916,99.00638249844316,1364.1700696082817,0.0010377994287731,99.00817987175184,99.14476173139856,0.2472429298541131,-0.003129425478926473,0.0022317648256100844,-1
2025-05-28 06:50:00,99.00638249844316,99.18095770103294,98.99900391775908,99.1160708593578,1711.3796342606518,0.0011078918161295,99.02975806927304,99.14215347030394,0.2352947025785933,-0.0013311675266088896,0.0022137678393582237,0
2025-05-28 10:50:00,99.1160708593578,99.20101131687228,98.89016851746,98.89694662951456,4275.133116778782,-0.0022107840630019,99.00319578132134,99.11986193932309,0.2384611863440966,0.0025492702386196164,0.0022293450149992126,1
2025-05-28 14:50:00,98.89694662951456,99.20118690731458,98.83864284450136,99.17111383664596,1775.2598593202672,0.002772251484755,99.03677939238626,99.12452120271608,0.2521582693664074,-0.001905964405853,0.0022816891495244045,-1
2025-05-28 18:50:00,99.17111383664596,99.23417194814355,98.99363429235228,99.0840295002299,2869.7378096338484,-0.0008781219958817,99.046229413955,99.12084013885368,0.257447184411989,-0.003535087272443338,0.002236061645780235,-1
2025-05-28 22:50:00,99.0840295002299,99.12582764397558,98.9421301038492,99.0310945317923,5695.646328287092,-0.000534243194434,99.04320243752248,99.11268144730263,0.2610154823274624,-0.0023857354998252367,0.0022366477495138763,-1
2025-05-29 02:50:00,99.0310945317923,99.07963540567972,98.9265914784332,98.938722783288,2916.160918251346,-0.0009327549992355,99.02230650667558,99.09686702330131,0.2664782853654088,-0.001312289166778391,0.002224349907133284,0
2025-05-29 06:50:00,98.938722783288,99.02930015159164,98.84305329046283,99.00701878586314,3748.142902463421,0.0006902858724457,99.01924896251307,99.08869900171602,0.2740444198015065,-0.0011427544937395728,0.002226554246029099,0
2025-05-29 10:50:00,99.00701878586314,99.00773897752045,98.67467091209872,98.6965494024762,1975.4626002734612,-0.0031358320571033,98.95470905050573,99.05304903814876,0.2827185415209164,0.003397865259806121,0.0022643576237729264,1
2025-05-29 14:50:00,98.6965494024762,99.0311813812017,98.6092532261728,98.98413076446477,2919.1851623219345,0.0029137934783904,98.96059339329751,99.04678374054112,0.3000694447896371,0.0011486807789846676,0.0023318047288206664,0
2025-05-29 18:50:00,98.98413076446477,99.17615420869063,98.92886902141647,99.14906167224754,2889.9867922230146,0.001666235855273,98.99828704908754,99.0560817343326,0.3023081933662124,-0.003983725010694439,0.002265409301796581,-1
2025-05-29 22:50:00,99.14906167224754,99.18063465809786,98.93618221560372,98.98209722358452,3435.2807425689102,-0.0016839740673991,98.99504908398694,99.04935586971914,0.2950810479869312,-0.0005184751578327651,0.0021859723380641036,0
2025-05-30 02:50:00,98.98209722358452,99.0458222094678,98.65894314161956,98.73375880864124,5715.480625613279,-0.0025089225416422,98.9427910289178,99.02066522780297,0.2886077553118562,-0.0018222190015719786,0.002123210348875291,-1
2025-05-30 06:50:00,98.73375880864124,98.82837388431298,98.66768126895856,98.79483253398126,3227.30626280377,0.0006185698395053,98.9131993299305,99.00013498291008,0.2627125163096804,-0.003559310942643612,0.0021014972499297387,-1
2025-05-30 10:50:00,98.79483253398126,98.87538576459332,98.71588467066732,98.8088865692046,1948.161722560802,0.0001422547603235,98.89233677778532,98.9827487634823,0.255190946938563,-0.006634279060864667,0.0020422126611334647,-1
2025-05-30 14:50:00,98.8088865692046,98.97837374207876,98.78782448774236,98.89387807023384,2199.2567455475587,0.0008601604975049,98.89264503627504,98.97466960955065,0.2558049091573175,-0.007193474120805288,0.0020274975894727576,-1
2025-05-30 18:50:00,98.89387807023384,99.08589718422569,98.8275513238834,99.0319069789536,1783.5985861543186,0.0013957275355478,98.92049742481076,98.97987300676908,0.2520551277951749,-0.007016758502947806,0.0019704270129924,-1
2025-05-30 22:50:00,99.0319069789536,99.11107199213956,99.00268342659596,99.0978319328984,2060.340221183059,0.0006656940773523,98.9559643264283,98.99059654550813,0.2339011637044886,-0.00777089452654911,0.001971008003109374,-1
2025-05-31 02:50:00,99.0978319328984,99.14621341055226,98.66126176283844,98.75407907547692,4816.495735234455,-0.0034688231893331,98.91558727623804,98.96909495732343,0.2513593059846702,-0.00617321469518739,0.0018958967117010104,-1
2025-05-31 06:50:00,98.75407907547692,99.01411699224006,98.71413359810198,98.9307774651039,1634.2861197861037,0.0017892768712057,98.9186253140112,98.96561154893983,0.2596654384140779,-0.0039747590086274265,0.0018672679982478229,-1
2025-05-31 10:50:00,98.9307774651039,98.93894338969494,98.54368839758352,98.55384427724351,2276.0377816222112,-0.0038100700057001,98.84566910665768,98.9281781606038,0.276966228761573,-0.0020139123188319674,0.0019478511384681603,-1
2025-05-31 14:50:00,98.55384427724351,98.61078288823568,98.42836463599234,98.44319100546642,12345.75956840809,-0.0011227697162762,98.76517348641944,98.88408841922768,0.2766927566983251,-0.002825263923957211,0.001952333307554254,-1
2025-05-31 18:50:00,98.44319100546642,98.48599069131475,98.06620945515684,98.15336084201118,2697.270639041013,-0.0029441362119106,98.6428109575378,98.81765863948073,0.282886554608054,0.0002487686092105257,0.0020079235847448064,0
2025-05-31 22:50:00,98.15336084201118,98.23349745351229,98.07409117016005,98.18248751762954,2493.2476823706934,0.000296746595007,98.55074626955614,98.75991581022151,0.2641349923454358,-0.00330205098318348,0.0020037829906926043,-1
2025-06-01 02:50:00,98.18248751762954,98.3813775289054,98.10818847033522,98.33702400359589,3519.6801038986396,0.001573971997181,98.5080018163641,98.72147110052828,0.2659852688665793,-0.006035367383986134,0.002029107017399606,-1
2025-06-01 06:50:00,98.33702400359589,98.41238258301158,98.28189644726032,98.32775313313816,1921.843523240687,-9.427650014459664e-05,98.47195207971892,98.68567855803828,0.2578448183849439,-0.006007727228818371,0.002025152329974901,-1
2025-06-01 10:50:00,98.32775313313816,98.39261383987336,98.07941213470885,98.1444489433185,3067.2749606433604,-0.0018642161951111,98.40645145243884,98.63647586579104,0.2525821496218207,-0.004403187092594352,0.002030827465768301,-1
2025-06-01 14:50:00,98.1444489433185,98.54127922495616,98.05726782005053,98.53755146614397,3670.142267279908,0.0040053464771347,98.43267145517989,98.62748273855038,0.2756763488754806,-0.008765136502265514,0.0021612093786543473,-1
2025-06-01 18:50:00,98.53755146614397,98.55128877746816,98.29828036076256,98.35536547618533,6624.339852242653,-0.0018488990973277,98.41721025938097,98.6027448056081,0.2823554433597388,-0.004780239724051727,0.0021803239203992404,-1
2025-06-01 22:50:00,98.35536547618533,98.3903760964906,98.09186272222873,98.16506300935944,4022.912139164813,-0.0019348458104399,98.36678080937666,98.56295555140368,0.290067166211558,-0.0021694170890426134,0.0021683303655444697,-1
2025-06-02 02:50:00,98.16506300935944,98.21184996485712,98.13321323267586,98.1777783170772,1518.571207352664,0.0001295298686516,98.32898031091678,98.52793943919218,0.2772307999143432,-0.001400393352517959,0.002080267779522105,0
2025-06-02 06:50:00,98.1777783170772,98.23836983361636,97.83517608199467,97.85828393819055,3933.994359271189,-0.003254243316189,98.23484103637152,98.46706166637384,0.2982883132056356,0.0011973513212097942,0.002024844967735519,0
2025-06-02 10:50:00,97.85828393819055,97.94427814557798,97.69775910698532,97.74352393628632,3895.269281206055,-0.0011727162717949,98.1365776163545,98.40128550909316,0.281257412554124,0.00034713431499144853,0.0020143542737303902,0
2025-06-02 14:50:00,97.74352393628632,97.7679827807269,97.6399201902894,97.73702681329168,3033.1047937492535,-6.647113520152903e-05,98.05666745574194,98.34089835492938,0.2689773551469402,0.0012021113833615704,0.001996632539275949,0
2025-06-02 18:50:00,97.73702681329168,97.7700871117286,97.6712509416176,97.71230057252149,7575.549638878236,-0.0002529874457652,97.98779407909784,98.2837531019832,0.2478045821469093,0.002444816941333583,0.0019703114076707537,1
2025-06-02 22:50:00,97.71230057252149,97.7938820439986,97.67346573572598,97.6738563769442,1663.3006947734327,-0.0003934427431555,97.92500653866712,98.22830794516148,0.2433758718632859,0.0015892470513958479,0.0018848307401380172,1
2025-06-03 02:50:00,97.6738563769442,97.90213694976728,97.57757926090146,97.88520325106244,3598.3741775163576,0.0021638018806446,97.9170458811462,98.19711660933427,0.2365741899138506,-0.001560036014127908,0.0019396797239020016,-1
2025-06-03 06:50:00,97.88520325106244,97.96268589852436,97.78991696082711,97.95210204412,3678.5605238388825,0.0006834413255083,97.92405711374096,98.17484255795117,0.2375286652242089,-0.0017959201316434248,0.0019484503777793395,-1
2025-06-03 10:50:00,97.95210204412,98.13286754448804,97.91919033259978,98.04029080895698,4361.866070525291,0.0009003253937038,97.94730385278416,98.16261058076988,0.2332778190326447,-0.0014270191537693044,0.0019574006321675212,0
2025-06-03 14:50:00,98.04029080895698,98.07385314384696,97.94311189243707,97.97545468375527,3946.340203972113,-0.0006613212248426,97.9529340189784,98.145596408314,0.2332960415796878,-0.0032160630864289663,0.0019502872035161455,-1
2025-06-03 18:50:00,97.97545468375527,98.02752405421975,97.7353683697798,97.7774540675128,3103.0478088844625,-0.002020920616103,97.91783802868528,98.11212892278662,0.2317927543850767,-0.0030053149927162792,0.0019079600789873906,-1
2025-06-03 22:50:00,97.7774540675128,97.90705879430148,97.77497951392638,97.85451760579984,2275.4488997386584,0.0007881524327051,97.9051739441082,98.08870971215146,0.2066547454900375,-0.004312388611629636,0.001828132932469329,-1
2025-06-04 02:50:00,97.85451760579984,98.04117710598707,97.78887576627316,97.95118926033786,1611.7044733846224,0.0009879120239237,97.91437700735412,98.07620785289568,0.2066042399906302,-0.0035575728418308916,0.0018077352183336708,-1
2025-06-04 06:50:00,97.95118926033786,97.95405536819662,97.74483603226264,97.82908426518972,3364.8753571160514,-0.0012465902259092,97.89731845892126,98.05374207219512,0.2002260943957807,-0.003213824196205306,0.001799177007884395,-1
2025-06-04 10:50:00,97.82908426518972,97.89703717259488,97.66118380233496,97.73249880874054,1945.2733405574636,-0.0009872877495957,97.86435452888512,98.0245381391538,0.2114558542585415,-0.003920953056114396,0.0017603629269437255,-1
2025-06-04 14:50:00,97.73249880874054,97.80006064575998,97.70676191169508,97.77618789212217,1188.2542922529303,0.0004470271804584,97.84672120153256,98.0019608439691,0.1893204958616274,0.0008978253624063459,0.0017576812371591856,0
2025-06-04 18:50:00,97.77618789212217,97.95365832284168,97.7222731833692,97.90038543613149,1141.3081252043269,0.0012702228087102,97.85745404845234,97.99272671598386,0.1882395030673273,-0.00016434723089120418,0.0017784859020600434,0
2025-06-04 22:50:00,97.90038543613149,97.92944173796695,97.60726072826029,97.66035944057076,3834.1313143525263,-0.0024517369823563,97.81803512687604,97.96251150912812,0.2021051044436959,0.003104937937036034,0.0018057270771482754,1
2025-06-05 02:50:00,97.66035944057076,97.73787095182412,97.44026462811308,97.48360201885409,4810.508412521499,-0.001809919835737,97.75114850527164,97.91897428273955,0.2163029725579842,0.00309333294276537,0.001792301237265076,1
2025-06-05 06:50:00,97.48360201885409,97.48472087465863,97.4255089800904,97.43253089848008,3125.798075295241,-0.0005238944736993,97.68742498391332,97.8747521568978,0.2119312287219575,0.003760814888988051,0.0017798346411735055,1
2025-06-05 10:50:00,97.43253089848008,97.6942123474817,97.41288434519213,97.60272076960024,1898.2110742429852,0.0017467458717403,97.67048414105072,97.85002203077984,0.2088433939665108,0.0016969797153936206,0.0017402020596945426,1
2025-06-05 14:50:00,97.60272076960024,97.68867135473232,97.43281513799182,97.51467878708564,3086.8515648558364,-0.0009020443469237,97.6393230702577,97.8195362813531,0.2147781996124566,0.003617582316053136,0.001697235438851504,1
2025-06-05 18:50:00,97.51467878708564,97.59716418180008,97.30091021963094,97.34929426885472,2432.3488028960023,-0.0016959961339975,97.58131730997712,97.7767870074896,0.2206765389182326,0.0036882335064774008,0.001600580549843391,1
2025-06-05 22:50:00,97.34929426885472,97.91274678192067,97.26500301048416,97.86397383345113,2859.0537867216085,0.0052869367822532,97.63784861467192,97.784713082577,0.2576052903487087,-0.0009524980093378321,0.0018814410734034935,0
2025-06-06 02:50:00,97.86397383345113,97.93801789258696,97.8515648125252,97.88429577888188,2998.267679798612,0.0002076550198681,97.68713804751393,97.79376605496836,0.2429122471788371,-0.001968433929388169,0.001813486493231618,-1
2025-06-06 06:50:00,97.88429577888188,97.97528885820972,97.88300197563476,97.96358879554236,4581.67960363061,0.0008100688269709,97.7424281971196,97.80920448592964,0.2400699330502555,0.0021737749703916176,0.0018192259976341709,1
2025-06-06 10:50:00,97.96358879554236,97.97012386478588,97.77136115063304,97.78515125635845,2253.762208423624,-0.0018214679696588,97.75097280896738,97.80701782869588,0.2362457455101788,0.005785374614163841,0.0018193794127063971,1
2025-06-06 14:50:00,97.78515125635845,97.8618368245759,97.74631789009958,97.79895661135488,3275.10712028312,0.0001411804841437,97.76056956944488,97.80628499075578,0.229552859691774,0.005898991524236674,0.0018201892373221383,1
2025-06-06 18:50:00,97.79895661135488,97.85019198213917,97.7198425732067,97.76835060691349,6873.026808097755,-0.0003129481694067,97.7621257769386,97.80283641040648,0.2220168624540985,0.0023287175061343923,0.0017939952475635604,1
2025-06-06 22:50:00,97.76835060691349,97.93543441894666,97.6788689865848,97.8674461646214,7461.919666177615,0.0010135750178128,97.78318985447515,97.80871002442602,0.2336787694753102,0.0046763028442557975,0.0016438276612118741,1
2025-06-07 02:50:00,97.8674461646214,97.90258169962922,97.69432035380603,97.70834119780903,5646.867542299409,-0.0016257190010326,97.76822012314194,97.79958558564266,0.2320270699289324,0.007470097168415846,0.00163711801608068,1
2025-06-07 06:50:00,97.70834119780903,97.79870250744284,97.62331033948672,97.77075859318887,4724.486593521057,0.0006388133767767,97.76872781715132,97.79696494996504,0.221542152661036,0.004339541207914577,0.0016124230952628024,1
2025-06-07 10:50:00,97.77075859318887,97.810805795024,97.61382682438156,97.69161700991646,5048.480088387225,-0.000809460665041,97.75330565570437,97.78738786450609,0.2143544845847072,0.005224493771627259,0.0016161904965322242,1
2025-06-07 14:50:00,97.69161700991646,98.2015154884145,97.63887847066006,98.17653959287584,3508.613251768817,0.0049638095652584,97.83795244313866,97.82276529435786,0.2503134219551504,-0.002578528770682431,0.0017546414780940786,-1
2025-06-07 18:50:00,98.17653959287584,98.3797101290703,98.16349754537768,98.35087498807916,3794.8396159124577,0.0017757337539729,97.94053695212676,97.87077526651434,0.2456623206267981,-0.005835644362083836,0.0017628872819585955,-1
2025-06-07 22:50:00,98.35087498807916,98.4490517788083,98.30453432722568,98.37587182748445,2496.816856077266,0.0002541598070002,98.0276039271983,97.91669313569344,0.2377095516869504,-0.003392249932485325,0.0017622637086734706,-1
2025-06-08 02:50:00,98.37587182748445,98.4295162192046,97.94665837099828,97.99602547651769,4203.875485571716,-0.0038611739231433,98.02128823706218,97.92390516667746,0.2510384006896068,-0.001397738359763867,0.0019023823003444043,0
2025-06-08 06:50:00,97.99602547651769,98.422223572716,97.9867783729045,98.32510398148106,3944.8730719898776,0.003358080119711,98.08205138594596,97.96037778620506,0.2358742170021049,-0.005697585732873822,0.001985267487015643,-1
2025-06-08 10:50:00,98.32510398148106,98.53614204528148,98.2926773268886,98.4382320007214,1996.8579090413425,0.0011505507206139,98.15328750890106,98.0038190784338,0.2470893340257569,-0.004431952184740573,0.0019610258500199025,-1
2025-06-08 14:50:00,98.4382320007214,98.50159947397832,98.180014420411,98.19503882903308,1848.9068147744308,-0.0024705154363859,98.16163777292746,98.02120269212465,0.2634677748109258,-0.00046816277413563867,0.0020133601127723696,0
2025-06-08 18:50:00,98.19503882903308,98.2612997022177,98.1101376983932,98.20200625452496,1925.874537866267,7.095496447684368e-05,98.16971146924698,98.03763937961558,0.2600677240731873,0.00025471875949012457,0.002007781641021639,0
2025-06-08 22:50:00,98.20200625452496,98.22117448972448,97.86316110090974,97.92338856092957,5405.864351024251,-0.0028371894243512,98.1204468875835,98.0272529415532,0.2773887565259311,0.0017025817644533703,0.002068689578294347,1
2025-06-09 02:50:00,97.92338856092957,97.98818478075756,97.7765679272072,97.77693425894896,3877.21882900955,-0.0014956008378883,98.0517443618566,98.0044966976801,0.2831935739986367,-0.0016772873457855386,0.0020542884190411096,-1
2025-06-09 06:50:00,97.77693425894896,98.07261000439274,97.76153579525725,98.04215628291948,4092.7000118962737,0.0027125213730687,98.04982674606916,98.00792029633824,0.287087058053896,-0.0026493754611465192,0.0021055745581454607,-1
2025-06-09 10:50:00,98.04215628291948,98.0681562178808,97.83113459418828,97.85905267260476,3059.99924714553,-0.0018676008082315,98.0116719313763,97.9943868759988,0.2891413636159927,-0.001036116755959382,0.0021254834577950506,0
2025-06-09 14:50:00,97.85905267260476,97.8604438623324,97.7133597639556,97.76488827185284,4578.898941491603,-0.0009622451697642,97.9623151994716,97.973523366531,0.2871193586460399,0.0018033835938713327,0.002120810562873665,1
2025-06-09 18:50:00,97.76488827185284,98.0305509133756,97.72168508888724,98.0019584633438,5508.342436035766,0.0024249011652501,97.97024385224604,97.97610837533216,0.2951112767778911,-0.0011515300332638478,0.002156009299934702,0
2025-06-09 22:50:00,98.0019584633438,98.20572017348488,97.92162365550897,98.14906756724852,3257.6276097908235,0.0015010833070212,98.00600859524654,97.99183193823364,0.2752155267937115,-0.005405430773836928,0.002169675331893932,-1
2025-06-10 02:50:00,98.14906756724852,98.30816628741492,98.12225329961493,98.22702014773756,7819.671702382386,0.0007942263988969,98.05021090574476,98.01321268455216,0.2730512699442369,-0.006652878875313739,0.002163165879353729,-1
2025-06-10 06:50:00,98.22702014773756,98.31338077158748,98.01251675073468,98.0901111366069,1849.1274229312291,-0.001393801938863,98.05819095191718,98.02020345292078,0.2842188820349633,-0.004770000153902609,0.0021306483757443854,-1
2025-06-10 10:50:00,98.0901111366069,98.10624621694528,97.60807154662214,97.61293424440672,3050.845160458382,-0.0048646788822128,97.9691396104151,97.9831789794195,0.285312940757593,0.004424770004187062,0.0022837363430015687,1
2025-06-10 14:50:00,97.61293424440672,97.78920339934008,97.52007896354382,97.78240579990562,2556.896356623215,0.0017361588073416,97.9317928483132,97.96492687219096,0.273432886185076,0.003260050068598641,0.002300494118399804,1
2025-06-10 18:50:00,97.78240579990562,97.86706766573153,97.71855175072784,97.75765926840836,2924.096527106203,-0.0002530775479986,97.89696613233224,97.94608436275618,0.2666508288001341,0.006263442853087886,0.002281812498616124,1
2025-06-10 22:50:00,97.75765926840836,98.00887953200946,97.66219658582952,97.94119586741895,1942.3556139541297,0.0018774651560209,97.9058120793496,97.94563995408916,0.2684435354153202,0.0024524685621400977,0.002297171541786845,1
2025-06-11 02:50:00,97.94119586741895,98.02627077486528,97.8520751011567,97.88910626485458,1415.479303565903,-0.000531845686619,97.9024709164506,97.94050052779512,0.2700887975498968,0.0036076842515140317,0.0022762979144045864,1
2025-06-11 06:50:00,97.88910626485458,97.92286131079628,97.5737460675966,97.61852957699712,3769.507048174769,-0.0027641143961959,97.84568264855992,97.91123044135892,0.2694532157202504,0.006034242088086561,0.002133554470493845,1
2025-06-11 10:50:00,97.61852957699712,97.68156656747723,97.56891741977992,97.57352768041166,1588.3206346307193,-0.0004609974846012,97.79125165493026,97.88053019036371,0.2623840938736056,0.005543143057063826,0.0021339583911357866,1
2025-06-11 14:50:00,97.57352768041166,97.70371335676862,97.47886547674403,97.62222129138895,1548.5571609258973,0.0004990453059849,97.75744558222202,97.8570475631842,0.2562250703656821,0.00037051537265941903,0.0021303982955747183,0
2025-06-11 18:50:00,97.62222129138895,98.1055827432102,97.59509738586492,98.04484902787205,4591.335794160195,0.0043292165543087,97.81492627135204,97.87412042361036,0.2757581941980212,-0.002244555868822995,0.0022450909546758288,-1
2025-06-11 22:50:00,98.04484902787205,98.18311547834536,97.97494523622798,98.10118133864134,1954.4321824645936,0.0005745565557786,97.87217728480992,97.8947623249768,0.2801214901794933,-0.006852651332899917,0.002246745250356013,-1
2025-06-12 02:50:00,98.10118133864134,98.41380550596658,98.08449706352262,98.36995878068768,5024.794970230965,0.0027397982203551,97.97173358398548,97.9379620027687,0.2815816771763226,-0.009297846598718018,0.0022930291521114357,-1
2025-06-12 06:50:00,98.36995878068768,98.46250758323644,98.11464239153166,98.1813935712222,1584.4731624996336,-0.0019168983275259,98.01366558143282,97.96009214535538,0.2861365824426696,-0.008306805617640745,0.0023176383114679325,-1
2025-06-12 10:50:00,98.1813935712222,98.25176841281696,98.12009937888344,98.24225925192108,4216.050161518201,0.0006199309103791,98.05938431553048,97.98574370049772,0.282262014309349,-0.011590399584898603,0.0022975260573614123,-1
2025-06-12 14:50:00,98.24225925192108,98.28328508256058,98.1110849427031,98.20758341674777,1794.0361414519978,-0.0003529625177327,98.08902413577394,98.00591094742953,0.2730717370953976,-0.011377439843128223,0.002297727221202908,-1
2025-06-12 18:50:00,98.20758341674777,98.26933710307392,98.05649779457907,98.11439170292655,1336.086316053614,-0.0009489258423734,98.09409764920449,98.01577283429287,0.2526906398219485,-0.007921081588702417,0.0022997213101423977,-1
2025-06-12 22:50:00,98.11439170292655,98.19964763613233,97.64615405855784,97.65839182509058,4249.416740981686,-0.0046476349689521,98.0069564843817,97.98328365163812,0.2730027213775362,-0.00707817833701907,0.002276584752200525,-1
2025-06-13 02:50:00,97.65839182509058,97.83164356767622,97.6172576623421,97.82478188657868,1704.3320941462955,0.001703796861473,97.97052156482113,97.96887440026909,0.2777077206868524,-0.00833693642863198,0.002274643434723555,-1
2025-06-13 06:50:00,97.82478188657868,97.84938579809857,97.4163565609627,97.42892814758204,1698.8402277938933,-0.0040465588715098,97.8622028813733,97.91978837729754,0.2838753128979913,-0.003655107032590088,0.0023739590376887303,-1
2025-06-13 10:50:00,97.42892814758204,97.48155651359887,97.36977294512086,97.45532999402263,3846.3505760886383,0.0002709857015015,97.78082830390318,97.8775648879089,0.2794173053815235,-0.0037791071561658063,0.002284677954602504,-1
2025-06-13 14:50:00,97.45532999402263,97.47193813417536,97.28603281358151,97.36581981955698,3328.3212845240464,-0.000918473873837,97.69782660703396,97.83104260896782,0.2677594537668213,-0.0024779113711893563,0.002194940286152441,-1
2025-06-13 18:50:00,97.36581981955698,97.4030910937262,97.01741747587891,97.10359221106812,3186.3747351250067,-0.0026932203618768,97.5789797278408,97.7649107546133,0.2872612016346748,-0.00020302228227009333,0.0022178281740729473,0
2025-06-13 22:50:00,97.10359221106812,97.19841930251728,97.01221226981755,97.09023254428472,5096.6129229311855,-0.0001375815917741,97.48123029112958,97.70357637185614,0.2845011411114697,0.00024291784191210475,0.002186512064023914,0
2025-06-14 02:50:00,97.09023254428472,97.35283551794356,96.99619321532518,97.33721960122176,2875.1884485689075,0.0025438919082243,97.45242815314802,97.67027121088938,0.2735123514881203,-0.004113541260922782,0.0022448376441708256,-1
2025-06-14 06:50:00,97.33721960122176,97.37592036756811,96.95329970902482,96.9671483116461,1003.2875010852232,-0.0038019504881255,97.35537218484764,97.6063509473218,0.2888302383756849,0.0013414744168289694,0.0022864659064765823,0
2025-06-14 10:50:00,96.9671483116461,97.0742731214009,96.91905479768144,97.00922289884548,3428.6399770064686,0.0004339055848496,97.2861423276472,97.55206657927852,0.276395229895363,0.0012303870225198743,0.0022794614360416763,0
2025-06-14 14:50:00,97.00922289884548,97.14536339117112,96.980980865038,97.0728149871321,2854.3042308413205,0.0006555262106668,97.2434768595442,97.50849825271976,0.263289325211673,0.001755817943957183,0.002221675257690806,1
2025-06-14 18:50:00,97.0728149871321,97.16295535457353,97.0679317827338,97.08703585903572,2496.8601204933357,0.0001464969559759,97.21218865944252,97.47018348965756,0.2606717922049729,0.004087408135745818,0.00220453181107187,1
2025-06-14 22:50:00,97.08703585903572,97.2039653890286,97.0483205993328,97.12455594746092,1649.5074436965317,0.0003864582752293,97.1946621170462,97.43876280400332,0.2594892671934253,0.0040223054687793525,0.002203271515589819,1
2025-06-15 02:50:00,97.12455594746092,97.1879549246255,97.0208539128138,97.0838780181608,2508.9375285366227,-0.0004188222937372,97.17250529726913,97.40650055074492,0.2562222460017724,0.006121583247087337,0.002150579052236823,1
2025-06-15 06:50:00,97.0838780181608,97.18975649409748,97.05189281955649,97.11381749404512,3255.091120009439,0.0003083877209635,97.16076773662434,97.37989300013584,0.2265343957850955,0.0033692974443904067,0.0021287277317400435,1
2025-06-15 10:50:00,97.11381749404512,97.14247665944686,96.92488560120592,96.93681893216863,4028.102729747919,-0.0018225888595855,97.1159779757332,97.33961353941154,0.2267633352784384,0.007395882374061635,0.002134437362234858,1
2025-06-15 14:50:00,96.93681893216863,97.0986940595806,96.8782256127262,97.09722726037904,1707.7874093117396,0.0016547719429769,97.11222783266236,97.31757842313586,0.2115804216869037,0.008057858180450683,0.0021570658597882975,1
2025-06-15 18:50:00,97.09722726037904,97.1929043974129,97.00307917933526,97.12858178776496,2653.372665010194,0.000322918874932,97.1154986236829,97.3003969108294,0.2171548252297331,0.008459373129990011,0.0019928402500872656,1
2025-06-15 22:50:00,97.12858178776496,97.29106659364771,97.08709238867608,97.24325717755696,3332.1546161977376,0.0011806554536395,97.14105033445772,97.29520238962282,0.2184454598281452,0.004710868714000727,0.0019782142924435735,1
2025-06-16 02:50:00,97.24325717755696,97.509118763161,97.18018718500856,97.4838701992814,2382.930615115876,0.0024743414475012,97.20961430742246,97.31235400868268,0.2143924569928005,0.003545788682061568,0.002032567173845108,1
2025-06-16 06:50:00,97.4838701992814,97.58099660295316,97.47114254308146,97.51522058000116,4826.222634579207,0.0003215955691506,97.2707355619382,97.33079642425707,0.2089386732193726,0.00736664695776712,0.0020024793116227035,1
2025-06-16 10:50:00,97.51522058000116,97.75672313670798,97.50044126911484,97.67818505939904,1791.1791919362704,0.0016711696741145,97.35222546143036,97.36237720927,0.20177007071757,0.005113062032395144,0.002026099533105832,1
2025-06-16 14:50:00,97.67818505939904,97.7241071947512,97.3891438534626,97.4410228311428,2450.839870750223,-0.0024279958530354,97.36998493537286,97.36952681125842,0.195508833770805,0.008040118946395447,0.0020124831253871037,1
2025-06-16 18:50:00,97.4410228311428,97.70162075357038,97.4253061795521,97.65375224270666,3171.533525239351,0.0021831606994984,97.42673839683962,97.39536548684464,0.2041585659350074,0.007674925101296637,0.002049219457028689,1
2025-06-16 22:50:00,97.65375224270666,97.93731538772762,97.6006964273176,97.87962294735816,3612.9414250150935,0.0023129751746775,97.51731530694332,97.43938889234586,0.2164611683833572,0.007256882022494304,0.002087410320987878,1
2025-06-17 02:50:00,97.87962294735816,97.98624008403752,97.80528394182508,97.9502287026944,3038.06650257944,0.000721352955908,97.60389798609356,97.4858288751048,0.2225992091242687,0.008771923434899742,0.0019431952075331716,1
2025-06-17 06:50:00,97.9502287026944,98.02696864923551,97.6421964822327,97.70135739544224,2200.7803833511707,-0.002540793529003,97.6233898679633,97.50542237695367,0.2389654503604827,0.012593418784831556,0.001989503662045872,1
2025-06-17 10:50:00,97.70135739544224,97.88075922298194,97.63694406012264,97.82952740291758,2868.2688913795987,0.0013118549311099,97.66461737495416,97.53488647022311,0.2444450325781671,0.010493581233601335,0.001938519922719883,1
2025-06-17 14:50:00,97.82952740291758,98.31207710628335,97.73581369180236,98.23358078302282,3039.5892339181632,0.0041301781868077,97.77841005656788,97.59840413502307,0.2757592997167393,0.00487398397658545,0.0020540649429474037,1
2025-06-17 18:50:00,98.23358078302282,98.26928551399917,98.13240463881912,98.17761967881953,1184.3562882567885,-0.0005696738707601,97.85825198101824,97.65106009355004,0.2699942866409626,0.004605622833221856,0.0020535966278912607,1
2025-06-17 22:50:00,98.17761967881953,98.26998830983894,98.11184438774777,98.22446024496362,1967.6640337604863,0.0004771002423702,97.9314936338073,97.70318738004217,0.2655425348721617,-0.0007617181289886199,0.0020544781522614753,0
2025-06-18 02:50:00,98.22446024496362,98.43161125825328,98.1818837522514,98.40323747703,4790.3739540642155,0.0018200887194546,98.02584240245186,97.76682829795016,0.2698212697238925,-0.001674067816756386,0.002071144932927642,-1
2025-06-18 06:50:00,98.40323747703,98.6859561161782,98.3616447867256,98.58992382349336,4949.927377816352,0.0018971565494165,98.13865868666016,97.84165516390864,0.2784167786153893,-0.002785007214431756,0.0019042335580029641,-1
2025-06-18 10:50:00,98.58992382349336,98.90105614787242,98.52342822995014,98.80944060930535,9594.028212392395,0.002226564108164,98.2728150711892,97.92963565894468,0.2818950885989498,-0.006293595609057179,0.001918865000420938,-1
2025-06-18 14:50:00,98.80944060930535,98.9565798807118,98.76195682770822,98.93175150496955,1888.6596227998184,0.0012378462514308,98.4046023579453,98.0207370994924,0.2879500166797979,-0.00463160209839697,0.0017515076167812994,-1
2025-06-18 18:50:00,98.93175150496955,98.99267877615851,98.81572308228796,98.85610949576493,2904.4752025247917,-0.0007645877896022,98.49490378550922,98.09668004460808,0.2822838614138995,-0.0017825190256102186,0.0017650078553514365,-1
2025-06-18 22:50:00,98.85610949576493,98.9296336097796,98.638855723773,98.71236968172188,4550.397819595876,-0.0014540306590682,98.53839696475175,98.15265182980023,0.279127757465186,0.0017773837367374146,0.0017808469926841755,1
2025-06-19 02:50:00,98.71236968172188,98.74373782397592,98.53300031178672,98.62978876572367,5300.839504407072,-0.0008365812335825,98.55667532494614,98.1960279148842,0.274443681620252,0.0032982397542671293,0.0017043847254218562,1
2025-06-19 06:50:00,98.62978876572367,98.68007864520834,98.10685518331658,98.14964089288492,5425.7823571956815,-0.0048681831204085,98.4752684385339,98.19181091288426,0.2913440031546618,0.006315836222535509,0.0019481916944382852,1
2025-06-19 10:50:00,98.14964089288492,98.2977806150923,98.1083203901197,98.23850378410508,2391.0440776169203,0.0009053817254121,98.42791550764817,98.19605571935888,0.2919514376375279,0.004871609462686832,0.001909576846165653,1
2025-06-19 14:50:00,98.23850378410508,98.40769801475948,98.20664645900598,98.31535017437466,8162.079552698512,0.0007822430850377,98.40540244099346,98.20690066981486,0.2788285368340065,0.004477617447582238,0.001758702335416419,1
2025-06-19 18:50:00,98.31535017437466,98.3662493485208,98.18009671136056,98.18757394775324,6321.4483727652,-0.0012996569344947,98.36183674234542,98.205143695082,0.2747097849983596,0.004478886083262745,0.0017851768490426052,1
2025-06-19 22:50:00,98.18757394775324,98.5443251454695,98.0990537276398,98.47353899710104,3090.7610083671584,0.0029124362467694,98.38417719329657,98.2295432679928,0.2653532138089787,0.001004339967264789,0.0018401926909988157,0
2025-06-20 02:50:00,98.47353899710104,98.709478413322,98.4280018101625,98.67989659979092,1394.797614516243,0.0020955639940589,98.44332107459545,98.27048447997446,0.2756814800932241,-0.0026518951344003394,0.0018619691404134536,-1
2025-06-20 06:50:00,98.67989659979092,98.9738259795956,98.62643592975772,98.887819442209,1486.9512734820755,0.0021070435780989,98.53222074811816,98.3266058401776,0.2891990606465607,-0.0045301883321559044,0.001883000011461993,-1
2025-06-20 10:50:00,98.887819442209,98.9749991889073,98.83917338440632,98.95509345598576,4256.517148700685,0.0006803063729814,98.61679528969168,98.38374107797831,0.2810632248250694,-0.0066251111959708675,0.0018744971727741374,-1
2025-06-20 14:50:00,98.95509345598576,98.97858423008527,98.71872313592378,98.76953795006504,1417.5451849421745,-0.0018751486097403,98.64734382176636,98.4188135208953,0.2764596365899925,-0.005412294847170096,0.0019244737070411879,-1
2025-06-20 18:50:00,98.76953795006504,98.8111583887761,98.69801948067702,98.71708340873992,2596.283099572301,-0.0005310801529886,98.66129173916109,98.4459289652448,0.2575675644597633,-0.00238906117776283,0.0018867112523271489,-1
2025-06-20 22:50:00,98.71708340873992,98.7584277445208,98.67100387475784,98.7555687016806,2571.87932541408,0.0003898544366565,98.68014713166498,98.4740780321935,0.2499104799425769,5.220295994834423e-05,0.0018764867793238669,0
2025-06-21 02:50:00,98.7555687016806,98.85025084594515,98.58842285536316,98.62734490625716,2326.4492183733782,-0.0012983955953996,98.6695866865834,98.48801138438112,0.2559727868505368,-0.0017063490853214125,0.001903974915632538,-1
2025-06-21 06:50:00,98.62734490625716,98.6941282921023,98.48130482995396,98.57243990803384,3270.1684538259587,-0.00055669143558,98.65015733087353,98.49568670471318,0.2504046137178041,-0.002633304030239869,0.0019081286671241153,-1
2025-06-21 10:50:00,98.57243990803384,98.60137067052275,98.38867630798724,98.4182078621348,1090.3248648495935,-0.0015646568761303,98.60376743712575,98.48864317356968,0.2505443887425421,-0.00117603762823415,0.0019018469579110873,0
2025-06-21 14:50:00,98.4182078621348,98.46151665653262,98.40985383092578,98.43983899637956,4931.1975028490315,0.0002197879306546,98.57098174897654,98.48420643018876,0.2132900575793337,-0.002286244576994889,0.0019018946255839463,-1
2025-06-21 18:50:00,98.43983899637956,98.49041283515773,98.24103141778107,98.29950495843217,5742.9007056011515,-0.0014255817500123,98.51668639086766,98.4674153873018,0.2175701427510523,0.00022767792442235368,0.0019084763295527986,0
2025-06-21 22:50:00,98.29950495843217,98.3010347135586,98.17462770070767,98.23496808876054,1821.919902351996,-0.0006565330079629,98.46034273044624,98.44628381470712,0.2122383896865827,-0.002902975559287868,0.0018547254372829037,-1
2025-06-22 02:50:00,98.23496808876054,98.56529633162312,98.16646169009516,98.48124225718612,2236.5803127622594,0.0025069908731794,98.46452263579422,98.4494618549325,0.2274299614271352,-0.003915708099830217,0.0018664300388519391,-1
2025-06-22 06:50:00,98.48124225718612,98.77184428282058,98.40242261981524,98.7607240346782,3790.3598780421903,0.0028379188877634,98.52376291557104,98.47775841672755,0.2220121217968237,-0.0077671894090112215,0.0018871984769389004,-1
2025-06-22 10:50:00,98.7607240346782,98.77587920079486,98.4110055112614,98.4590522264887,2543.3752786287814,-0.0030545726667978,98.51082077775456,98.47605785397856,0.2279690565378221,-0.005201605277431631,0.0019748401171547332,-1
2025-06-22 14:50:00,98.4590522264887,98.54391962969758,98.25970933196696,98.31286870475344,7879.353220093437,-0.0014847138828736,98.47123036315436,98.46122247677629,0.2234562171015903,-0.0032794833125417977,0.001936638928466147,-1
2025-06-22 18:50:00,98.31286870475344,98.33470117170388,98.260553583436,98.30246434638556,5115.110412496202,-0.0001058290588502,98.4374771598006,98.44678991946802,0.2190506302277961,-0.004872615406825709,0.0019264974563943575,-1
2025-06-22 22:50:00,98.30246434638556,98.3693622528727,98.14669651193256,98.21478144831384,2675.039930256145,-0.0008919704979394,98.39293801750324,98.42569824027218,0.2163938192834119,-0.005040765403523495,0.0017918646345696635,-1
2025-06-23 02:50:00,98.21478144831384,98.33078263204578,98.1194816052068,98.32188558569284,4294.862651308236,0.0010905093489963,98.37872753114117,98.41626072621952,0.2234053991934043,-0.005450699752729937,0.0017989906559811519,-1
2025-06-23 06:50:00,98.32188558569284,98.39165603146012,97.9213871966966,97.94979437733144,1874.0021352002184,-0.0037844189637425,98.29294090037922,98.3738546945024,0.2507514681220146,-0.0025171313307763565,0.0019198331568141603,-1
2025-06-23 10:50:00,97.94979437733144,98.1550960031599,97.94129882779008,98.09561845919832,3410.566169394403,0.0014887635323168,98.25347641214304,98.34856049129294,0.2473206956068574,-0.010969606616142324,0.0019100920677419125,-1
2025-06-23 14:50:00,98.09561845919832,98.12174121766462,97.89650643616436,97.99363078492978,3777.27245999204,-0.0010396761432416,98.2015072867004,98.31629415435084,0.2482072184177093,-0.011456426774114181,0.0018815737059087265,-1
2025-06-23 18:50:00,97.99363078492978,97.99843997887103,97.94449593918476,97.94690710081647,3227.6893548444727,-0.0004768032752642,98.1505872495236,98.28271351312044,0.2368679096427623,-0.013041940905466176,0.0018296451495890959,-1
2025-06-23 22:50:00,97.94690710081647,98.05494818071728,97.92572500323976,97.99045329242809,3233.8610142064026,0.0004445897568441,98.11856045810453,98.2561444021484,0.2424079347763828,-0.008622251037318618,0.001813829709331132,-1
2025-06-24 02:50:00,97.99045329242809,98.04257588387826,97.76243043566876,97.82347424408243,5581.788950820897,-0.0017040338393712,98.05954321530012,98.21681075141512,0.2446053655501572,-0.005700964996385283,0.0018291777814025449,-1
2025-06-24 06:50:00,97.82347424408243,97.8914900687535,97.63280055440164,97.71970377587456,4286.702880412508,-0.0010607931174982,97.991575327415,98.17161920818415,0.2540541156573651,-0.0062208648881443285,0.0018226676675204654,-1
2025-06-24 10:50:00,97.71970377587456,97.87199052626164,97.69754132023752,97.78596250824296,2256.419946210975,0.000678048845915,97.9504527635806,98.13655950818948,0.2380265845499473,-0.006304510610765535,0.0018283218166135376,-1
2025-06-24 14:50:00,97.78596250824296,97.83358618703366,97.62229279008972,97.70324188106116,2082.40115012388,-0.0008459356032294,97.90101058707673,98.09716699663235,0.2267317084027058,-0.005500361174031521,0.0016292002999739855,-1
2025-06-24 18:50:00,97.70324188106116,97.79260248379504,97.01364875168188,97.01954811393372,3740.46361847155,-0.0069976569248308,97.72471809244811,97.99920164365976,0.2563088543012566,0.003989270963527414,0.0020180445878103187,1
2025-06-24 22:50:00,97.01954811393372,97.05163144273216,96.86388763658672,96.87097392951264,2610.083451141678,-0.0015313840077528,97.55396925986102,97.8966354878282,0.2494183906166002,0.00724984974323295,0.0020162054106299177,1
2025-06-25 02:50:00,96.87097392951264,96.93851474607382,96.58652334333992,96.66948932653445,4453.065793178989,-0.0020799275036172,97.3770732731957,97.7850767458924,0.2692643773641724,0.007320700689344317,0.0020313435776119523,1
2025-06-25 06:50:00,96.66948932653445,97.21410798670745,96.62186883440236,97.14555500488012,11726.621920282349,0.0049246735620749,97.3307696195326,97.72693840580038,0.2956624781759548,0.001798606081714782,0.0021665474491644023,1
2025-06-25 10:50:00,97.14555500488012,97.31444064636403,97.070996697404,97.26578604159212,1172.992867297448,0.0012376380649219,97.3177729039445,97.68501546359964,0.2979584011846025,0.0010645568121234739,0.0021395292877912737,0
2025-06-25 14:50:00,97.26578604159212,97.32604573838384,97.09122183846448,97.11180270177536,7618.302313626394,-0.00158311926612,97.27657886351068,97.63290521252468,0.2811409058385905,0.0034232144547055032,0.0020963439698494734,1
2025-06-25 18:50:00,97.11180270177536,97.19092948714696,97.04509017654136,97.16946987002582,3194.1725478083113,0.0005938224463566,97.25515706481372,97.59077472684297,0.2762867726411469,0.0010797856882978074,0.0020947431132284492,0
2025-06-25 22:50:00,97.16946987002582,97.24193429111912,97.11971891150496,97.16583876284156,2824.357958486895,-3.736880718918645e-05,97.23729340441928,97.55214418466102,0.2689282439349978,0.0007408957694277074,0.0020828736352163017,0
2025-06-26 02:50:00,97.16583876284156,97.47299827193014,97.0940145932356,97.4065853801192,1925.1667894093616,0.0024776878411478,97.27115179955928,97.5389115660663,0.2921453610070149,-0.0022678495706824897,0.0021487291309397723,-1
2025-06-26 06:50:00,97.4065853801192,97.58604243169376,97.31748102301324,97.57327393498224,4011.553303688148,0.001711265765169,97.33157622664388,97.54203541778593,0.3020980918072281,-0.0028978800969122753,0.0021772104052126557,-1
2025-06-26 10:50:00,97.57327393498224,97.60297803906452,97.29338793511717,97.37717772368576,3284.675500515849,-0.002009732823223,97.34069652605226,97.5270483546859,0.3042012815027896,-0.0021681516911378207,0.0021905433520507077,-1
2025-06-26 14:50:00,97.37717772368576,97.43927428667313,97.29206493355812,97.32028159092346,2387.544007096809,-0.0005842861139778,97.3366135390265,97.50825137616204,0.2962384128430143,-0.0011452708618674423,0.0021906139832846613,0
2025-06-26 18:50:00,97.32028159092346,97.45796529661168,97.28570555259432,97.36933099670924,3344.5569323906307,0.0005039998341966,97.34315703056306,97.49562225075724,0.2960820226996737,-0.002608620417036245,0.002185565206090149,-1
2025-06-26 22:50:00,97.36933099670924,97.45680820402916,97.30799987982677,97.4442372285066,3557.7447702387053,0.0007693000560913,97.36337307015178,97.49095088509809,0.2916188032181352,-0.0055035987435585465,0.0021921929786622102,-1
2025-06-27 02:50:00,97.4442372285066,97.47930165240422,97.24318605303638,97.27439207293097,1792.3203682856415,-0.0017429984615442,97.34557687070762,97.47126372035562,0.252844650879182,-0.0028166553729069843,0.002198089125196916,-1
2025-06-27 06:50:00,97.27439207293097,97.30447108155914,97.17534350668645,97.23782852171384,2529.7930072231406,-0.0003758805420207,97.32402720090889,97.45004233866092,0.2486577772168427,0.0001658168098261914,0.0021972842324350515,0
2025-06-27 10:50:00,97.23782852171384,97.31980006466978,97.13433954057312,97.18568189728325,4364.827848317743,-0.0005362791952819,97.29635814018376,97.42600957126294,0.2367627144570414,0.0015636171500679197,0.0021361480202625937,1
2025-06-27 14:50:00,97.18568189728325,97.33411437847109,97.15185348857364,97.29051828645548,6664.826334034224,0.0010787225764701,97.2951901694381,97.413692181735,0.2074785528564941,-0.001288175417449744,0.00207148209415921,0
2025-06-27 18:50:00,97.29051828645548,97.35634361211493,97.07796530534029,97.16604923112592,1887.4536086861633,-0.0012793544275618,97.26936198177567,97.39117918622507,0.2099738641289659,-0.0006625112587635984,0.0020231431219265546,0
2025-06-27 22:50:00,97.16604923112592,97.25809110321129,97.07532580621393,97.20882350814864,3469.733380052993,0.0004402183412952,97.25725428705027,97.37460139730904,0.206255392491681,-0.0008510697518726573,0.0020188019972854783,0
2025-06-28 02:50:00,97.20882350814864,97.21958917941386,97.02206105421178,97.11533137187806,1889.928230931395,-0.0009617659477459,97.22886970401584,97.35103139499712,0.2099474506771445,0.0012122072982274634,0.0020211194685071762,0
2025-06-28 06:50:00,97.11533137187806,97.20395886758511,96.87511426995074,96.90794324692877,3977.7247566498554,-0.0021354828534245,97.16468441259843,97.31075065426364,0.22470668053573,0.006222586255454798,0.002043161845439903,1
2025-06-28 10:50:00,96.90794324692877,97.00596632877424,96.86056512299074,97.00040363385249,2648.4904363262613,0.0009541053480839,97.13182825684925,97.2825372887717,0.2080222181849436,0.006526183068022107,0.002040056319957761,1
2025-06-28 14:50:00,97.00040363385249,97.26120962300284,96.96550195856692,97.25395218823374,2432.887176504181,0.0026138917456295,97.15625304312616,97.27993864326824,0.2099612364531862,0.004068049516233074,0.0020131199139972983,1
2025-06-28 18:50:00,97.25395218823374,97.3671855721194,97.18512770047543,97.33764309623888,3912.5864112071704,0.0008605399176289,97.19253105374872,97.28518450262922,0.2008517912886591,0.0024358961094181897,0.001998923539065089,1
2025-06-28 22:50:00,97.33764309623888,97.3948108925134,97.10171568591544,97.16519103244792,1658.737382966082,-0.0017716893311301,97.18706304948856,97.27427600534,0.2112722093945852,0.006266410100882691,0.0020125073478461783,1
2025-06-29 02:50:00,97.16519103244792,97.2446304227556,97.07512596338772,97.10167562954072,1434.5061031249934,-0.0006536847427798,97.169985565499,97.25858506208552,0.2110754033481937,0.004731112299947604,0.0020133553695654833,1
2025-06-29 06:50:00,97.10167562954072,97.21603901526738,97.0116495881903,97.12609201884572,3038.2127342750387,0.0002514517813074,97.16120685616832,97.24654023997282,0.2150454821249567,0.005236246802262201,0.0020114362636166013,1
2025-06-29 10:50:00,97.12609201884572,97.23584065139404,97.09739030310368,97.23305528533682,2646.0371987750596,0.0011012825108864,97.17557654200203,97.2453143350059,0.2080693927622801,0.006475406927811678,0.0020082694819552483,1
2025-06-29 14:50:00,97.23305528533682,97.5727521480894,97.23077565004844,97.5109612826215,1711.2486296420377,0.002858143215485,97.24265349012592,97.2694640575164,0.2232728872742981,0.0026408295233251167,0.0020717657879863595,1
2025-06-29 18:50:00,97.5109612826215,97.7042873207829,97.44558478424086,97.63344602563905,4424.1833557145765,0.0012561125580798,97.32081199722856,97.30255332734572,0.228504459591824,-0.001674071202771299,0.002080951196673361,-1
2025-06-29 22:50:00,97.63344602563905,97.67843169267864,97.62606665735814,97.64958608138484,2861.6566575411275,0.0001653127734686,97.38656681405982,97.33410175953112,0.2192261842649005,-0.0033518874203324334,0.002076094848728274,-1
2025-06-30 02:50:00,97.64958608138484,97.72389050059728,97.52516726081498,97.57474748235694,4327.649885462459,-0.0007663995520217,97.42420294771924,97.35597864342436,0.2135365366225912,-0.001392159636919632,0.0016481654172827538,0
2025-06-30 06:50:00,97.57474748235694,97.829922820976,97.49623353540288,97.77406796698784,4634.794551491415,0.0020427466098944,97.49417595157296,97.39398676374832,0.2243168215208614,-0.0019090385629761952,0.0016495768228266387,-1
2025-06-30 10:50:00,97.77406796698784,97.83363050583894,97.47854088256034,97.56107456145716,2456.7972289927147,-0.0021784242996066,97.50755567354982,97.40917656354004,0.2355712142406127,-0.0004541658345995625,0.0016542295533981315,0
2025-06-30 14:50:00,97.56107456145716,97.7245532958826,97.5403876836893,97.63466820759564,2268.240769932119,0.0007543341078322,97.53297818035898,97.42967580390872,0.2252370009948226,-0.00151605840348501,0.0014256653698109564,-1
2025-06-30 18:50:00,97.63466820759564,97.88651800954962,97.58220758695214,97.8626788851438,6331.811317682178,0.0023353454437244,97.59891832131596,97.46903972038464,0.2365876593386774,-0.005964550470342389,0.0014651418918064088,-1
2025-06-30 22:50:00,97.8626788851438,97.91460394178227,97.7368010139948,97.76847110802444,4700.0256161032685,-0.0009626527517189,97.63282887865763,97.49626075562462,0.2281658924352184,-0.0017468896966900127,0.0014448541004939439,-1
2025-07-01 02:50:00,97.76847110802444,97.78434661821936,97.3810897211044,97.4700006852202,5505.209652104496,-0.0030528289889532,97.60026323997016,97.49387347649694,0.2439658228260027,0.0005016463210909539,0.0015534642805839609,0
2025-07-01 06:50:00,97.4700006852202,97.49712939009248,97.23677242661272,97.32227566219798,2342.2919862755525,-0.0015155947674537,97.54466572441574,97.47827367519704,0.2416273768889892,2.4018529373837083e-05,0.0015793721581692816,0
2025-07-01 10:50:00,97.32227566219798,97.47073233203716,97.2632594900022,97.43890785732938,2896.32493195076,0.0011984121244372,97.52351415099848,97.47469496448178,0.2443394042223527,-0.0027998396109297774,0.001531441859270137,-1
2025-07-01 14:50:00,97.43890785732938,97.63042928013256,97.4001687965784,97.5874135007798,2864.57029613816,0.001524089778057,97.53629402095474,97.48494210414523,0.2461873368278558,-0.003867752237600275,0.0015250845569260974,-1
2025-07-01 18:50:00,97.5874135007798,97.6406958660356,97.49078756636985,97.51676565460453,1724.826790502599,-0.0007239442428168,97.5323883476847,97.48783515418698,0.247005761926098,-0.004861849250398564,0.0014867287473147284,-1
2025-07-01 22:50:00,97.51676565460453,97.58581564716482,97.43770890698026,97.48664834838804,2568.8164643547316,-0.000308842341256,97.52324034782538,97.48772726275072,0.233157922079213,-0.005461900340987813,0.0014837572785027205,-1
2025-07-02 02:50:00,97.48664834838804,97.49840092627284,97.18250432901162,97.27897199777044,1386.1003978812134,-0.002130305576569,97.4743866778144,97.46874951138886,0.2372432121305832,-0.006285800973790057,0.001530357019154918,-1
2025-07-02 06:50:00,97.27897199777044,97.69399908261975,97.1868047156805,97.5976803731847,4386.876490400568,0.0032762309147507,97.49904541688846,97.48047049882484,0.2697310215319248,-0.00802762765466225,0.0016331941821277772,-1
2025-07-02 10:50:00,97.5976803731847,97.69029146553724,97.47952697990004,97.51889615248068,5898.864465781161,-0.0008072345613417,97.50301556400692,97.48396374006629,0.2705911105215607,-0.00599694022342645,0.0016082328258402775,-1
2025-07-02 14:50:00,97.51889615248068,97.5210637877417,97.27723413389386,97.3246132001347,3956.2307146438793,-0.0019922595518533,97.46733509123248,97.46947732734525,0.2641725653983248,-0.005139710884757065,0.0016478982870418845,-1
2025-07-02 18:50:00,97.3246132001347,97.411371292921,97.10195813428162,97.1660945434647,1801.340244614523,-0.0016287622571284,97.40708698167892,97.4418970742652,0.260909960781238,-0.003575839218832755,0.0016711440205485855,-1
2025-07-02 22:50:00,97.1660945434647,97.23886260222991,97.09582310339827,97.20996956385054,2136.084839673806,0.0004515466078161,97.36766349811326,97.42081275513658,0.2579723812554054,-0.0076084654281596276,0.0016616756761403603,-1
2025-07-03 02:50:00,97.20996956385054,97.27414447050856,96.97167994241272,97.0426538406054,940.3502499122196,-0.0017211786403784,97.30266156661168,97.38643467199738,0.2578405316481453,-0.004797260903523282,0.001674226501752914,-1
2025-07-03 06:50:00,97.0426538406054,97.07845022333804,96.94723919813774,96.95418599053222,2287.1221474321665,-0.0009116388162516,97.2329664513958,97.34713933731872,0.2545125386062047,-0.003854662626269767,0.0016788105832163894,-1
2025-07-03 10:50:00,96.95418599053222,97.03022859841236,96.65236034579704,96.66749574085756,3770.2257170094745,-0.0029569661871295,97.11987230928816,97.28535355582224,0.2526990639990875,-0.0024167513148503073,0.0017482082023253952,-1
2025-07-03 14:50:00,96.66749574085756,96.90619914747523,96.6265444209855,96.81420253519003,2736.7680893483675,0.0015176434768289,97.05873835446856,97.24252164485569,0.254077475642657,-0.0037022788868706913,0.0017331075818430813,-1
2025-07-03 18:50:00,96.81420253519003,96.95328375300473,96.72632491471396,96.93408116159972,3284.9558370399905,0.001238233887906,97.0338069158948,97.21448160092332,0.2554693325180709,-0.007411283600219254,0.0017390232795954227,-1
2025-07-03 22:50:00,96.93408116159972,97.0276930768038,96.75091793986826,96.8243928263152,3386.6287293885316,-0.0011315765721413,96.99192409797888,97.17901898504984,0.2587918077595991,-0.004841003256096599,0.0016811168280435153,-1
2025-07-04 02:50:00,96.8243928263152,96.83764953998006,96.74528210497851,96.81864421185536,2047.9937203051156,-5.937155185842258e-05,96.95726812075418,97.14625764203215,0.2546817459978691,-0.0027046140594394474,0.0016713462392178276,-1
2025-07-04 06:50:00,96.81864421185536,96.85076795509204,96.39809666259274,96.47035087115152,1768.5486943303451,-0.0035973788265585,96.85988467083364,97.0848115719521,0.2764363568774947,0.00308202032217908,0.0017569070611803297,1
2025-07-04 10:50:00,96.47035087115152,96.59080128214843,96.40435157766343,96.57711491136172,8649.37817393893,0.0011067031398361,96.80333071893928,97.03865733008024,0.2671901502506232,-0.0004531087464746397,0.001770486635573078,0
2025-07-04 14:50:00,96.57711491136172,96.65459269298688,96.5095215349777,96.58046031333411,3247.21821347988,3.463969673833667e-05,96.75875663781824,96.9970030558306,0.2413242067556171,0.002490731245156308,0.001769245112491526,1
2025-07-04 18:50:00,96.58046031333411,96.6342355296376,96.39035018097412,96.43387444342255,8626.566037579603,-0.0015177590729635,96.69378019893912,96.94580954561168,0.2436899826860659,0.003763531252593433,0.0017689011467119187,1
2025-07-04 22:50:00,96.43387444342255,96.51230590758182,96.39551713819878,96.45576935719478,3064.5503898730835,0.0002270458788322,96.64617803059026,96.90126043757378,0.2346156337957227,0.002736491061638091,0.0016782916579189892,1
2025-07-05 02:50:00,96.45576935719478,96.5188435068042,96.16328462363296,96.21567519558444,5552.248211696439,-0.002489163304698,96.56007746358912,96.83893450648384,0.2379117569765684,0.007763727963050027,0.0016940134566939878,1
2025-07-05 06:50:00,96.21567519558444,96.44415477265912,96.12671670708434,96.35566562537343,2908.189544898969,0.001454964895319,96.51919509594596,96.79500097183744,0.25036879745822,0.0020800956854452046,0.0017243319798243139,1
2025-07-05 10:50:00,96.35566562537343,96.56676347535608,96.28531178143788,96.5567871455041,2372.063177083292,0.0020872827645923,96.5267135058576,96.7733451694435,0.2488678807312467,-0.0009190865780274171,0.001778530039477452,0
2025-07-05 14:50:00,96.5567871455041,96.84631906900988,96.4970448593699,96.76767445302416,5820.359587548197,0.0021840754415562,96.57490569529094,96.772829649769,0.2644438224769366,-0.004688770889138549,0.0017847668806604293,-1
2025-07-05 18:50:00,96.76767445302416,96.79523315691274,96.47945761178632,96.5333549758861,3928.302345617056,-0.0024214643832515,96.56659555140996,96.75105922487056,0.2600086290848722,-0.0015656892992463867,0.0017934189966863775,-1
2025-07-05 22:50:00,96.5333549758861,96.86250342459536,96.51400044101815,96.82101628350811,3876.5306650599287,0.0029799161926349,96.6174796978296,96.75741895747396,0.2649263617339749,-0.009704038230464507,0.001877961070616219,-1
2025-07-06 02:50:00,96.82101628350811,96.89817394220952,96.71880877129948,96.79680634369905,5279.645134847746,-0.0002500483958791,96.6533450270035,96.76099962894898,0.2615268140639222,-0.012608852290182382,0.0018173485991613322,-1
2025-07-06 06:50:00,96.79680634369905,96.81270977034993,96.70114383115084,96.71971970788418,1813.664429053904,-0.0007963758178254,96.66661996317964,96.75724690885218,0.2497261570827476,-0.015727420793033797,0.001815749567860879,-1
2025-07-06 10:50:00,96.71971970788418,97.0507601504562,96.70130724639084,96.96266752358414,2164.6696274721944,0.0025118746873307,96.72582947526055,96.77592151019144,0.2680894048730207,-0.018583010171445813,0.0018135680305141552,-1
2025-07-06 14:50:00,96.96266752358414,96.97124708339769,96.47527075517014,96.55609462970897,1883.710111723189,-0.0041930869298359,96.69188250615024,96.7559372483294,0.27118262171075,-0.01530598862195831,0.0019357096091065897,-1
2025-07-06 18:50:00,96.55609462970897,96.6370917848138,96.40878118371616,96.46804309842122,1321.9434355769652,-0.0009119210094963,96.64711462460444,96.7297650528832,0.2741726857545095,-0.01621664331273076,0.0019208337893833547,-1
2025-07-06 22:50:00,96.46804309842122,96.53249147035756,96.25658861139108,96.31395299803918,1864.3915346438432,-0.0015973175720463,96.5804822992914,96.69196395698827,0.2835178072514586,-0.014177255211022866,0.0019038133930173826,-1
2025-07-07 02:50:00,96.31395299803918,96.46251955757832,96.2471111095129,96.38221373498,1353.937560980895,0.0007087315473617,96.54082858642911,96.66380484589662,0.2814837429230244,-0.016659872611624826,0.0019129830163983276,-1
2025-07-07 06:50:00,96.38221373498,96.38387402377982,95.7942930391685,95.88146143998053,2328.632048235602,-0.0051954844736851,96.4089551571394,96.59268271808608,0.3152546154393312,-0.009734986808158985,0.00209484691527775,-1
2025-07-07 10:50:00,95.88146143998053,95.97308404509415,95.56134378250852,95.57630971034996,3479.35432060386,-0.0031825936426882,96.24242606778152,96.50028517192824,0.3192675711117881,-0.006243965427773723,0.0021289768620313594,-1
2025-07-07 14:50:00,95.57630971034996,95.61407126524728,95.19476129080311,95.198567977054,4029.07709340931,-0.0039522527542728,96.03365444963605,96.3819472451215,0.3265441360310299,-0.00012947920562011994,0.0020931460643871195,0
2025-07-07 18:50:00,95.198567977054,95.27299840333124,95.15133413523944,95.16080928674286,2662.255489326741,-0.00039663086445,95.8590854170574,96.2709347034507,0.3151307484719997,-0.0003213551497931455,0.0020942025673940353,0
2025-07-07 22:50:00,95.16080928674286,95.18809050205968,95.03614065272347,95.0782081439259,3931.981875788958,-0.0008680163970449,95.70290996243112,96.16250501622116,0.3010361513074449,0.0014029275220184267,0.002082303191205217,0
2025-07-08 02:50:00,95.0782081439259,95.10935108607356,94.82316573107094,94.90365525241698,3976.951142705426,-0.001835887475337,95.54305902042827,96.0480641286026,0.2989225662986022,0.00020838864301975235,0.0020855148663427464,0
2025-07-08 06:50:00,94.90365525241698,95.0094006647156,94.86956843771308,94.94848550600352,2036.05959135272,0.0004723764692444,95.42414431754334,95.94810243563904,0.2840175122575549,-0.0024092250359336598,0.0020859000064144843,-1
2025-07-08 10:50:00,94.94848550600352,95.01732756457255,94.70137720611936,94.77649833212884,2749.0047792878945,-0.0018113735354293,95.29461512046043,95.84159297168355,0.2937735970820674,0.002032917292527303,0.002087338518610892,1
2025-07-08 14:50:00,94.77649833212884,94.95162464035062,94.76369058274716,94.94805667771531,4060.9090219083178,0.0018101359367095,95.22530343191144,95.76036239950464,0.2992284626823789,0.0017805215422546095,0.002134864516697444,1
2025-07-08 18:50:00,94.94805667771531,95.04284300649957,94.88721635658196,94.97953453680434,9418.919689339167,0.0003315271548514,95.17614965289002,95.68937804835004,0.2853837302432517,0.0009190927964801698,0.0020991302459685665,0
2025-07-08 22:50:00,94.97953453680434,95.22151319081016,94.92834448243404,95.18624174209616,1180.568266331718,0.0021763341576677,95.17816807073125,95.64363838414516,0.2708974716824376,-0.0019517291835940975,0.0021231337632057297,-1
2025-07-09 02:50:00,95.18624174209616,95.20468149094611,95.0707247195258,95.13022887062009,2241.945427160553,-0.0005884555420082,95.16858023070904,95.5969647920065,0.2641579124197711,-0.001138868444401142,0.002098538585905074,0
2025-07-09 06:50:00,95.13022887062009,95.22983651900624,95.11198152758276,95.21159597887522,1483.8641301176804,0.0008553233732444,95.17718338034229,95.56193126354002,0.2528687790238422,0.0006545224348979417,0.002111191638844355,0
2025-07-09 10:50:00,95.21159597887522,95.2705896318525,94.84308557605658,94.92343209635266,4290.593767334618,-0.0030265628840683,95.12643312354434,95.5038858847048,0.2680184652903067,0.005101880662200298,0.00215489740971992,1
2025-07-09 14:50:00,94.92343209635266,94.94199314724938,94.63439303530724,94.71973323759848,1451.686350562443,-0.0021459280838835,95.04509314635516,95.4325992804224,0.2478769743853653,0.0069834138288922265,0.00210479770237511,1
2025-07-09 18:50:00,94.71973323759848,95.01078419671188,94.66286078736132,94.9691711145134,5951.687372594653,0.0026334309482189,95.02990873998682,95.39046944715795,0.2433186277257166,0.0045452864326320785,0.0021605936470685404,1
2025-07-09 22:50:00,94.9691711145134,95.1846876369946,94.9374101472805,95.1171137380252,2084.3062198141806,0.0015577963014272,95.04734973959452,95.36561892814588,0.2310305931021413,0.005247378890703036,0.0021898382732193676,1
2025-07-10 02:50:00,95.1171137380252,95.13430417659096,95.03998735961224,95.06682954281015,2845.2993856054773,-0.0005286556040118,95.05124570023764,95.33845625675173,0.2290772037369219,0.005451242881072016,0.0021816053027511237,1
2025-07-10 06:50:00,95.06682954281015,95.12311334007748,94.96306840227008,95.00046397621146,2055.8371542783975,-0.0006980938242904,95.0410893554324,95.30772968579352,0.2296554243420061,0.004460424728851331,0.002178556836760045,1
2025-07-10 10:50:00,95.00046397621146,95.05182321041345,94.94789150368491,95.02188805485068,4433.177540184222,0.0002255155158461,95.03724909531606,95.28174408298052,0.2166373066081409,0.0033855371232140996,0.002150171377378871,1
2025-07-10 14:50:00,95.02188805485068,95.3139572887957,95.00998695985282,95.27391410450583,2983.188435022339,0.0026522946956144,95.084582097154,95.28103226675556,0.2283614567467385,0.0014876735620015236,0.0021932597144836115,0
2025-07-10 18:50:00,95.27391410450583,95.47572566086916,95.24688991871594,95.40772011895471,1688.8315432512045,0.0014044349464021,95.14920970151417,95.2925493442282,0.2221389841538835,-0.0021226472219052495,0.0021719961032409447,-1
2025-07-10 22:50:00,95.40772011895471,95.46330463741168,95.32251996834644,95.3812003325589,3963.4398905967582,-0.0002779626885827,95.19560782772312,95.30060852498552,0.2187711706868691,-0.006277109746372855,0.002121560950546443,-1
2025-07-11 02:50:00,95.3812003325589,95.46041702286148,95.31799789991628,95.40083319949852,3640.193818926098,0.0002058358132541,95.2366529020782,95.30971985903216,0.2178277759031276,-0.009877325004927773,0.0020934040683582384,-1
2025-07-11 06:50:00,95.40083319949852,95.61967930117696,95.38294366567976,95.61622927279872,5566.61607859574,0.0022578007557834,95.3125681762223,95.33758435119276,0.2137968421260621,-0.011858974026638824,0.00205978839644882,-1
2025-07-11 10:50:00,95.61622927279872,95.64862658316046,95.58121165882147,95.5850619205815,6509.074922294811,-0.0003259629924152,95.36706692509416,95.36008231204627,0.2090438530488246,-0.015357498186809204,0.002059666717204507,-1
2025-07-11 14:50:00,95.5850619205815,95.66372694410778,95.40740299912774,95.42420639498332,11016.320309591045,-0.001682852135743,95.378494819072,95.36591177413146,0.2189344925885795,-0.011315797531759597,0.002071216576138758,-1
2025-07-11 18:50:00,95.42420639498332,95.4846897293045,95.26600684446022,95.34358818437828,4054.378103175379,-0.0008448402522871,95.37151349213325,95.36388235688116,0.2040186946634626,-0.01208728106512802,0.0020018192077815573,-1
2025-07-11 22:50:00,95.34358818437828,95.47235888138256,95.31848873114464,95.41565058766751,1817.0122143666465,0.0007558180330899,95.38034091124013,95.36858855967992,0.1930379831131615,-0.015194888344850499,0.0018976844802810007,-1
2025-07-12 02:50:00,95.41565058766751,95.50312465154406,95.1354395079908,95.2052031868959,5763.079799074259,-0.0022055857658096,95.34531336637129,95.35373534397228,0.1944495355562127,-0.012935161276228957,0.0019232208783523058,-1
2025-07-12 06:50:00,95.2052031868959,95.20838302474284,94.76566541850778,94.78248207033066,2042.4453245458224,-0.0044401051876902,95.23274710716316,95.30180322818669,0.2084095438791381,-0.010701744596142815,0.00204183764340903,-1
2025-07-12 10:50:00,94.78248207033066,94.82621635995262,94.43730466928751,94.45852816424618,2843.6417589817347,-0.0034178668780175,95.07790331857976,95.22514185873752,0.2294520348567376,-0.008256193249381316,0.0020927928538070546,-1
2025-07-12 14:50:00,94.45852816424618,94.53666577082298,94.43268094286104,94.48231889332746,2639.0952514769683,0.000251864278892,94.9587864335293,95.1576124982457,0.2254477412963475,-0.01128171538558409,0.0019239990898974168,-1
2025-07-12 18:50:00,94.48231889332746,94.48307212796529,94.0679535878307,94.11711450545012,2407.3949521721715,-0.0038653199048771,94.79045204791346,95.06302177162792,0.2476753722539249,-0.006744361441613056,0.001958665767535524,-1
2025-07-12 22:50:00,94.11711450545012,94.4069321517402,94.08297645824489,94.34440539578884,4718.465896558134,0.0024149793747187,94.70124271748854,94.997693010188,0.2491028982933849,-0.011813102390400232,0.0019174056993973227,-1
2025-07-13 02:50:00,94.34440539578884,94.38003146600347,94.15585112956934,94.19114343623588,3026.2507595502584,-0.0016244944139507,94.59922286123802,94.92437032164688,0.2487703693134497,-0.013047392321135942,0.001932048415453189,-1
2025-07-13 06:50:00,94.19114343623588,94.22856444789691,93.9444325483832,93.96582043063664,3227.179926653939,-0.0023921888765664,94.47254237511775,94.83722942246412,0.2590094572026282,-0.012143177736040234,0.001964554198813818,-1
2025-07-13 10:50:00,93.96582043063664,94.05057638318226,93.91564398700729,93.97370852933726,3563.3184732763057,8.394646760345736e-05,94.37277560596166,94.75872752308896,0.258474691004755,-0.010750683347703793,0.0019474526952892033,-1
2025-07-13 14:50:00,93.97370852933726,94.00347520718358,93.72186262331874,93.7681441550255,2844.739465005832,-0.0021874668726901,94.25184931577444,94.66867448962864,0.2616801873167286,-0.007113060495321677,0.001969800644572301,-1
2025-07-13 18:50:00,93.7681441550255,93.8444825362036,93.6682190074362,93.67866030167004,3848.914216074691,-0.0009543097409234,94.13721151295356,94.57867319981422,0.2694550876330431,-0.00645020542015029,0.0019556118983750505,-1
2025-07-13 22:50:00,93.67866030167004,93.73234415220162,93.35688083223788,93.41639626260294,1681.2461585863718,-0.0027996134682384,93.99304846288344,94.47301166006774,0.2779650429890218,-0.0012505672758627018,0.001960209553991554,0
2025-07-14 02:50:00,93.41639626260294,93.55810029881968,93.38554195895904,93.48235466738367,2185.5178162006805,0.000706068821102,93.89090970378348,94.38295193346008,0.2746704326330475,-0.0036228511825070475,0.0019664813346481945,-1
2025-07-14 06:50:00,93.48235466738367,93.5179529451825,93.2228641365554,93.22990527488696,3540.566030100243,-0.002700503141956,93.7587088180042,94.27812950995344,0.2847574796608459,0.00030424403345219453,0.0019416331890462811,0
2025-07-14 10:50:00,93.22990527488696,93.24581372528284,92.95413663714145,92.96219463464692,2456.061868071962,-0.0028715103748169,93.59940598133277,94.15849906674376,0.2793283328457129,0.006144399019901492,0.0019809625394419427,1
2025-07-14 14:50:00,92.96219463464692,93.01739270824916,92.77347627744888,92.82477677203458,1568.6033559139871,-0.0014782123330072,93.44448013947311,94.03725158540657,0.2651282488860847,0.00834286038205656,0.0019640455873652174,1
2025-07-14 18:50:00,92.82477677203458,93.01095664421094,92.77137448756837,92.96342694592894,2232.6016285899727,0.0014936763514645,93.34826950076427,93.93963116363584,0.2544618535987614,0.009486352654009433,0.0019606366621704296,1
2025-07-14 22:50:00,92.96342694592894,93.1081484223846,92.8942124313733,93.10116567311675,2995.5398774140203,0.0014816442520768,93.29884873523478,93.8634070281341,0.262315508102287,0.007520834484904038,0.0019761595818338974,1
2025-07-15 02:50:00,93.10116567311675,93.16105358664682,93.06007426238908,93.07441369923978,2118.399411126494,-0.0002873430604606,93.2539617280358,93.791680361871,0.239876992682513,0.004156428776905585,0.0018906219162220861,1
2025-07-15 06:50:00,93.07441369923978,93.3891274184535,93.04211053424008,93.2995727744079,1725.4917939413049,0.0024191296643103,93.2630839373102,93.74694330846523,0.2415242205909485,0.003681460530512881,0.0019284946483499553,1
2025-07-15 10:50:00,93.2995727744079,93.365406616403,93.09871063718,93.1436820082334,5561.65703176913,-0.001670862593888,93.23920355149484,93.69210137208051,0.2445610522187249,0.005243402756639037,0.001937662323475307,1
2025-07-15 14:50:00,93.1436820082334,93.26768742407886,93.09916158302808,93.25826991730617,1450.6407147127954,0.0012302273927995,93.24301682465712,93.65266214891922,0.2363034766142269,0.0013029338309473726,0.001965474273498826,0
2025-07-15 18:50:00,93.25826991730617,93.5800147964846,93.20260989135453,93.53339145224793,5189.087350539495,0.0029501033547556,93.30109175017527,93.64181935831272,0.2536229415395915,-0.002108928082873218,0.002058160493889139,-1
2025-07-15 22:50:00,93.53339145224793,93.64279991540376,93.49370969359104,93.59920092463923,1713.892211809018,0.0007035933517383,93.36071358506808,93.6379449552515,0.244157058535869,-0.003625395047658686,0.0019898449522538658,-1
2025-07-16 02:50:00,93.59920092463923,93.90170166376996,93.55915099656532,93.84531079786326,3919.778044518584,0.0026294014349776,93.45763302762712,93.65679639548893,0.2560347112813882,-0.005110948967730455,0.0020398533570593685,-1
2025-07-16 06:50:00,93.84531079786326,93.90852509279634,93.7809342994578,93.80136413049588,5291.026411268723,-0.0004682883672477,93.52637924820088,93.66993891685318,0.2383295308081595,-0.005770117603698277,0.0020394208360677737,-1
2025-07-16 10:50:00,93.80136413049588,93.89345941247508,93.37508230248606,93.46127087073292,2948.4798693070315,-0.0036256749879437,93.51335757270728,93.6509690944786,0.2630308715316139,-0.005712325639187665,0.0021068061130011264,-1
2025-07-16 14:50:00,93.46127087073292,93.73287893363754,93.38108094539535,93.6430514690906,1620.498606952698,0.0019449831643001,93.53929635198396,93.65024931035242,0.2670815272184035,-0.006119353052552623,0.0020936133366372123,-1
2025-07-16 18:50:00,93.6430514690906,93.72257743792744,93.59613288767945,93.63207184723888,1353.1927233382698,-0.000117249723065,93.55785145103494,93.64859681370574,0.2552792030831605,-0.007799977909679012,0.002094977787554574,-1
2025-07-16 22:50:00,93.63207184723888,93.65246186392967,93.37877623821764,93.37977927219704,2051.9246789667136,-0.002694510225657,93.52223701526736,93.62415885538675,0.2574055741482886,-0.00296700160629515,0.0021186785340825813,-1
2025-07-17 02:50:00,93.37977927219704,93.41124859619116,93.26598702342262,93.3361362563279,1247.7441980452234,-0.0004673711611795,93.48501686347949,93.59797498274504,0.2506683895858574,-0.0029974553088852884,0.0021187497248065595,-1
2025-07-17 06:50:00,93.3361362563279,93.41069452184912,93.2418147936112,93.25986684514224,5952.841712612531,-0.0008171477226807,93.43998685981202,93.5672378793266,0.2474500851020451,-0.0006646224759750963,0.002102968591276092,0
2025-07-17 10:50:00,93.25986684514224,93.424880830489,93.25360669905696,93.36567220351458,3764.144935693136,0.0011345218683191,93.42512392855254,93.54891372698005,0.2524711427573507,0.0007627438047288493,0.0021093136382443357,0
2025-07-17 14:50:00,93.36567220351458,93.36616528243326,93.2248786479142,93.2601192280756,5517.4790240092125,-0.0011305330208396,93.39212298845716,93.5226596816251,0.2377761249220386,0.002677965665368154,0.0019932700310815324,1
2025-07-17 18:50:00,93.2601192280756,93.27513682267596,92.8887945035168,92.92738965686696,2874.667948318312,-0.0035677583726323,93.29917632213912,93.4685442248289,0.2463222920603353,0.0058808383434274525,0.002000501523152126,1
2025-07-17 22:50:00,92.92738965686696,93.09970392777544,92.88450437668924,93.07001657623287,3620.169223413521,0.0015348211102517,93.25334437295788,93.4323144385929,0.2496561284914378,0.004014722822840877,0.0020288889811903308,1
2025-07-18 02:50:00,93.07001657623287,93.10142528154248,92.85633082446547,92.90174375519294,3598.032365283828,-0.0018080239719535,93.1830242494049,93.384080740102,0.2402053822019334,0.0031760500588426943,0.0019487956752567179,1
2025-07-18 06:50:00,92.90174375519294,93.14749777054482,92.86168899535956,93.10272131710094,652.3211948626787,0.0021633346564258,93.16696366294411,93.35850261073826,0.2499709931571142,0.0027049399898979587,0.0019375275268039241,1
2025-07-18 10:50:00,93.10272131710094,93.16194946483152,92.98702855970286,93.05636535919554,4074.4130903491687,-0.0004979012133009,93.1448440021944,93.33103558787072,0.237997438723114,0.0028839049400821715,0.0019249820115496915,1
2025-07-18 14:50:00,93.05636535919554,93.28125670568043,92.99941878377469,93.19788424153052,3318.49084908887,0.0015207866951254,93.15545205006164,93.3189309200216,0.2490150907636287,0.0032000984975186775,0.001917101527095321,1
2025-07-18 18:50:00,93.19788424153052,93.45401754735258,93.16904150114216,93.43688629156216,8783.792443551627,0.0025644578949048,93.21173889836174,93.3296541356162,0.2323435862080143,0.0015219650688000907,0.0019803384457114607,1
2025-07-18 22:50:00,93.43688629156216,93.55201171607511,93.40504729999078,93.50986662531652,4209.769802496241,0.0007810655582705,93.2713644437527,93.34603708922532,0.2177126167681698,-0.00012031883441754321,0.001952460300161779,0
2025-07-19 02:50:00,93.50986662531652,93.55238389840775,93.3983852192345,93.4738806131157,3697.869132831872,-0.0003848365258077,93.3118676776253,93.35765922776082,0.2196807688342608,0.00047852988653529493,0.0019468623108239269,0
2025-07-19 06:50:00,93.4738806131157,93.48394586118816,93.3925552898041,93.44366689590366,1009.9613846520576,-0.0003232316558792,93.33822752128096,93.3654781066829,0.2066596935251173,0.001583800411299574,0.0018828860558788298,1
2025-07-19 10:50:00,93.44366689590366,93.45589424550514,93.10805322542636,93.1968043439132,2261.2414177635637,-0.0026418328838213,93.30994288580742,93.35014412824928,0.2211296540472765,-0.0005999482637133458,0.001935292913373069,0
2025-07-19 14:50:00,93.1968043439132,93.418327386665,93.1050370338341,93.35455859115989,6270.512053323608,0.0016927001774065,93.31886602687791,93.35054544305932,0.2314446986610627,0.0007945869738432698,0.0018999109930891373,0
2025-07-19 18:50:00,93.35455859115989,93.40620074465266,93.25929284736432,93.32473107096102,3069.66495311873,-0.0003195079131537,93.32003903569452,93.34819868195947,0.2297042533650852,0.0031665286438138374,0.0018257164460318562,1
2025-07-19 22:50:00,93.32473107096102,93.5384398987608,93.29110960251133,93.49612665086376,1166.5548208664786,0.0018365504827697,93.3552565587284,93.3616466791326,0.2372788006315452,0.0005203155845672214,0.0018259577794675981,0
2025-07-20 02:50:00,93.49612665086376,93.5997229994359,93.45048455855934,93.57909396863536,2338.0093653411914,0.0008873877533068,93.40002404070978,93.38141461454194,0.2203428093256454,0.0038788820257624756,0.0018155043712848055,1
2025-07-20 06:50:00,93.57909396863536,93.63324791343656,93.41382320642091,93.49861562715762,2038.0959118568933,-0.0008600034266704,93.41974235799935,93.39206925205244,0.2206446061777478,0.003382448226190604,0.001809690362483276,1
2025-07-20 10:50:00,93.49861562715762,93.60362600570336,93.41553363237736,93.51861065859951,2146.7209987100823,0.0002138537700027,93.4395160181194,93.403573016284,0.216573028766962,0.0019529191495122333,0.001808087851741613,1
2025-07-20 14:50:00,93.51861065859951,93.63301866096322,93.43478039576009,93.59166301396674,4242.903344924126,0.0007811531293369,93.46994541728888,93.42067210698242,0.210317992339667,0.0010192275855569477,0.001764446742872016,0
2025-07-20 18:50:00,93.59166301396674,93.67918676359572,93.0668347373306,93.14089108296344,2313.5132920305564,-0.0048163684294831,93.4041345504238,93.39523746843524,0.2415630724208424,0.0073929392562974705,0.001944652728365341,1
2025-07-20 22:50:00,93.14089108296344,93.45403113761697,93.0488397609294,93.4287369073653,3155.356316832236,0.0030904345132953,93.4090550218121,93.39828287197432,0.2503740334766858,0.002185869289558884,0.002009315031052712,1
2025-07-21 02:50:00,93.4287369073653,93.68827979094388,93.3719806589294,93.62024650507344,3257.927290121339,0.0020497932868128,93.45129331846437,93.41846138407423,0.2526113967484055,-0.0020724597301247094,0.001973512132407813,-1
2025-07-21 06:50:00,93.62024650507344,93.6680898905547,93.47673072963464,93.54477414265688,4948.063704945829,-0.0008061542800196,93.46998948330288,93.42994436212722,0.2557824499509554,-0.0030720304587268377,0.0019749573250520233,-1
2025-07-21 10:50:00,93.54477414265688,93.9498688036376,93.53178191074244,93.94207623421744,4325.904779848261,0.0042471863896393,93.5644068334858,93.4765018050445,0.2746458937882323,-0.0036844505799356053,0.0020635851638105677,-1
2025-07-21 14:50:00,93.94207623421744,93.996096602503,93.72421732538244,93.81486985373697,3707.219300117739,-0.0013540937733093,93.61449943753604,93.5072625367438,0.2875379441979819,-0.0021024778813363287,0.0020764451950646143,-1
2025-07-21 18:50:00,93.81486985373697,93.87334395926555,93.6429435697838,93.70124494419046,4581.294829382011,-0.0012111609782504,93.63184853886692,93.52489730105714,0.2791493277267664,-6.556812894964459e-05,0.0019819162792701597,0
2025-07-21 22:50:00,93.70124494419046,93.7185021375976,93.63019818616505,93.68705421868871,2811.940402487656,-0.000151446499032,93.64288967483128,93.53963883902364,0.2630788704840268,-0.0013043891103274863,0.001952784440795586,0
2025-07-22 02:50:00,93.68705421868871,93.87668982080883,93.62959781943486,93.8294760330172,3552.578126725821,0.0015201867057965,93.68020694646847,93.56598767484122,0.2702348779187145,-0.0036696405334402105,0.001970538511848755,-1
2025-07-22 06:50:00,93.8294760330172,93.87410764928772,93.56087986125716,93.6329599141334,7044.214937407174,-0.0020943964220225,93.67075754000146,93.57207606023142,0.2749418416173635,-0.001155230437640986,0.0019461068330012346,0
2025-07-22 10:50:00,93.6329599141334,93.6973176223184,93.34464979408936,93.42622231426732,4176.506268364591,-0.0022079575403326,93.62185049485464,93.55881662878014,0.2894725121425411,0.0016274198367709491,0.0019860010470384745,1
2025-07-22 14:50:00,93.42622231426732,93.44227603823752,93.1744097371408,93.25740174723592,3195.4677737114343,-0.0018069933991714,93.5489607453309,93.53141527591248,0.2929326260054767,0.001488940703135544,0.0020072493414531488,0
2025-07-22 18:50:00,93.25740174723592,93.68356973796644,93.16491658460824,93.59595129695592,1496.2960623331537,0.0036302700201493,93.55835885565592,93.53728218691644,0.316544110293489,-0.004426952126025507,0.0020990934958175847,-1
2025-07-22 22:50:00,93.59595129695592,93.68444514503943,93.57033224731228,93.61762616492904,3639.2029378688726,0.0002315791193183,93.57021231751054,93.54458618491758,0.3105351554737773,-0.00824076233872384,0.00208755148487463,-1
2025-07-23 02:50:00,93.61762616492904,93.7009272819746,93.6110701058608,93.69510112887922,3553.9025111560068,0.0008275681313867,93.59519007978427,93.55826936164136,0.2732140947486832,-0.01139585037781421,0.0019787302668279492,-1
2025-07-23 06:50:00,93.69510112887922,93.74256431613864,93.48366695626945,93.5648498453872,7313.022290508177,-0.001390161085507,93.58912203290488,93.55886758743644,0.2627645221188004,-0.009225314299722509,0.001985442612608918,-1
2025-07-23 10:50:00,93.5648498453872,93.6472779412475,93.453656694953,93.48515558453498,6519.312246905802,-0.0008517542750714,93.5683287432309,93.55216649626358,0.2540018159959447,-0.011721255853279988,0.0019618030531075637,-1
2025-07-23 14:50:00,93.48515558453498,93.52780016725224,93.4381902664251,93.52479226887417,2714.3245073650764,0.0004239890717552,93.55962144835956,93.54967793013726,0.2467340117035955,-0.01589104924019924,0.0019294083421586851,-1
2025-07-23 18:50:00,93.52479226887417,93.62963950550454,93.5143388457363,93.57826600173613,2278.5026983315943,0.0005717599747052,93.56335035903489,93.55227684573715,0.225106423623102,-0.01427525279502384,0.0019272083539755066,-1
2025-07-23 22:50:00,93.57826600173613,93.62292599590664,93.360743893527,93.39625648856604,1218.714496242014,-0.0019449977109716,93.52993158494112,93.53809317690342,0.2244137682844658,-0.010156161917517337,0.0019465186976185321,-1
2025-07-24 02:50:00,93.39625648856604,93.47332291597569,93.11651272907788,93.18160650137447,901.751788259616,-0.0022982718500913,93.4602665682278,93.50568529730988,0.233443039528469,-0.009989903012705637,0.0019351396714893626,-1
2025-07-24 06:50:00,93.18160650137447,93.22507760532233,92.8067170770855,92.84614555698836,3211.471028878274,-0.0036000768497287,93.33744236597992,93.44572713909882,0.2570185093002024,-0.006946693634871992,0.002024886995297523,-1
2025-07-24 10:50:00,92.84614555698836,92.8956557062344,92.60732274041568,92.62736577528034,3841.016512572487,-0.0023563690274436,93.19542704784,93.37133065147896,0.2599642924748266,-0.0026156143434306056,0.0020597392701848945,-1
2025-07-24 14:50:00,92.62736577528034,92.70424305436468,92.58658861729126,92.70168469815717,3006.790602174545,0.0008023430468391,93.09667857790345,93.31045374663152,0.2459947674064579,-0.0041288391825829995,0.002068607589113466,-1
2025-07-24 18:50:00,92.70168469815717,92.73763104749872,92.31280193351064,92.38939215744496,4476.253114924751,-0.0033687903486224,92.95522129381176,93.22672087488728,0.2511491449606739,-0.0021819043399826654,0.0020995165188604052,-1
2025-07-24 22:50:00,92.38939215744496,92.47087567699914,91.94662264494372,92.03858518975008,2755.4042577584023,-0.0037970481188693,92.77189407299942,93.11870853987482,0.269462482886295,-0.00046005433713558475,0.0021574774244239657,0
2025-07-25 02:50:00,92.03858518975008,92.30449732266064,91.97680980770164,92.24241259844136,1364.71080360337,0.0022145865048996,92.6659977780878,93.03904527247175,0.2558220801434976,-0.0028551878512282913,0.002208007285024572,-1
2025-07-25 06:50:00,92.24241259844136,92.4682356058772,92.22616283880372,92.44770898517818,4234.43362201424,0.0022256181397872,92.62234001950588,92.98528742817234,0.2649620708110904,-0.003298709777281972,0.0022215344668278674,-1
2025-07-25 10:50:00,92.44770898517818,92.4556449185207,92.20533356521548,92.25073128985764,2082.905557124673,-0.0021306930964845,92.54801827357625,92.91850959741646,0.2764230834676218,-0.007520195491472537,0.0022313534172590677,-1
2025-07-25 14:50:00,92.25073128985764,92.27674539371353,92.16807861709655,92.20117182862523,6105.040170219561,-0.0005372256733304,92.47864898458604,92.8532970729809,0.2656923275210334,-0.006609220390795145,0.002230142671555166,-1
2025-07-25 18:50:00,92.20117182862523,92.3982386526886,92.16694035791603,92.38508830876432,1551.383615173331,0.0019947303975804,92.45993684942172,92.8107326398703,0.2683835452694662,-0.011714009909275513,0.0022687225386233217,-1
2025-07-25 22:50:00,92.38508830876432,92.45959414751732,92.27846058038588,92.31893435008396,3026.458901722897,-0.0007160674941313,92.43173634955416,92.76602370443516,0.2749209500054864,-0.013353023706133449,0.0022594546425086237,-1
2025-07-26 02:50:00,92.31893435008396,92.38722056911396,92.14012272228835,92.18780734172827,2803.429768070174,-0.0014203696054206,92.382950547989,92.71345858055273,0.2843350347952967,-0.011363841798482932,0.0021221379666082614,-1
2025-07-26 06:50:00,92.18780734172827,92.27812048531484,91.929774765924,91.99624243944972,1892.1316265609269,-0.0020779852325637,92.30560892628117,92.64825711317972,0.2904895788675259,-0.00801974938387251,0.00204970998118489,-1
2025-07-26 10:50:00,91.99624243944972,92.07217910742284,91.97036538320232,91.9790431826223,3371.0239977762462,-0.0001869560796328,92.2402957775494,92.58741948312904,0.2722755458191465,-0.005462365052822382,0.0019981215763096583,-1
2025-07-26 14:50:00,91.9790431826223,92.16636490368658,91.9085038862771,92.14275082366146,3212.729032970745,0.0017798363124317,92.2207867867718,92.54699505954108,0.2608112950457644,-0.00858816524826922,0.0020393216999521346,-1
2025-07-26 18:50:00,92.14275082366146,92.16653927415868,91.47646244436548,91.5569877563266,1952.8708913729804,-0.0063571258954041,92.08802698068276,92.45699439561248,0.2895072853296554,-0.0016799605980541976,0.002108513096293178,-1
2025-07-26 22:50:00,91.5569877563266,91.63237657444743,91.4882236364895,91.59179396372028,4042.6904058398186,0.0003801589397669,91.98878037729028,92.378339810895,0.291400035392837,-0.006952105235640826,0.0021161169572449148,-1
2025-07-27 02:50:00,91.59179396372028,91.61189708232952,91.26546181233812,91.30288846884616,5306.601174713401,-0.0031542726959642,91.85160199560146,92.28057150707238,0.28580047510736,-0.0036873753926520703,0.0021573438060828263,-1
2025-07-27 06:50:00,91.30288846884616,91.33212000987383,91.02640428644412,91.08619743118231,2537.537521862998,-0.002373320727282,91.69852108271763,92.17199204562785,0.2701906673483815,-0.004436242888877673,0.002171251590456093,-1
2025-07-27 10:50:00,91.08619743118231,91.15112237891708,90.9991511884554,91.14019968334784,4875.4029455703985,0.0005928697617036,91.58685680284368,92.078192739966,0.2576395013128579,-0.006092683472365357,0.0021442438651082703,-1
2025-07-27 14:50:00,91.14019968334784,91.32566593258242,91.11085156051412,91.25845563082736,1093.8013051381447,0.0012975168793833,91.52117656844042,92.00367118458976,0.2556924730982035,-0.007820809587697486,0.0021673206910492035,-1
2025-07-27 18:50:00,91.25845563082736,91.53072935386275,91.21531925334214,91.4766200715495,2755.203166197693,0.002390621660361,91.51226526906224,91.95575744704064,0.2603423836135882,-0.006284601752280405,0.0022227095245440547,-1
2025-07-27 22:50:00,91.4766200715495,91.55633585258268,91.28021632405036,91.35141365315776,2372.453639060738,-0.0013687258918598,91.48009494588136,91.9008171021422,0.2723032944646866,-0.0057321133595744644,0.002216733381572635,-1
2025-07-28 02:50:00,91.35141365315776,91.44390270250275,91.32588228911676,91.40317562441945,3943.078629227481,0.0005666247427569,91.46471108158896,91.85557696780376,0.2642120172227911,-0.0032363415848489785,0.0020886940452918457,-1
2025-07-28 06:50:00,91.40317562441945,91.40515490466076,90.88288490085634,90.95503817336336,1742.2568697302936,-0.0049028652231679,91.36277649994383,91.77370980467282,0.2885789055565745,0.003380175677462516,0.002205707357309012,1
2025-07-28 10:50:00,90.95503817336336,91.00433408678312,90.93089301821324,90.96622044462808,2815.4993539013385,0.0001229428461499,91.2834652888807,91.7003016810324,0.2761748499668814,0.005112823736332706,0.002191386702298869,1
2025-07-28 14:50:00,90.96622044462808,91.05252958379889,90.66516772508535,90.68211693555332,1731.8633011288075,-0.0031231759183365,91.16319561821524,91.60773943144338,0.2789617170613588,0.0066798762607340745,0.0022245211983110717,1
2025-07-28 18:50:00,90.68211693555332,90.7636321569774,90.56978810447134,90.58491129506903,2436.443717826381,-0.0010719383685469,91.047538753586,91.51475505540934,0.2855353119388998,0.010187391003313673,0.0022244679654346675,1
2025-07-28 22:50:00,90.58491129506903,90.61635037034422,90.50137541854536,90.54474062607132,1885.2271077958444,-0.0004434587220257,90.94697912808309,91.42657192546952,0.2753291643952847,0.012156793860785386,0.0022120328425404984,1
2025-07-29 02:50:00,90.54474062607132,90.9678395479398,90.47211551801928,90.90172594475516,5180.660946211085,0.0039426400276314,90.9379284914175,91.37885865449547,0.2614468215472385,0.011830148566834398,0.00236473461860458,1
2025-07-29 06:50:00,90.90172594475516,90.93993269808978,90.82607192290448,90.82777699454049,3843.6820072518967,-0.0008135043580981,90.91589819204208,91.32876032177232,0.2592830956349061,0.01192455698263073,0.002357109696446662,1
2025-07-29 10:50:00,90.82777699454049,91.17626000990484,90.79649519423886,91.10736372615888,2527.5156487911295,0.0030782073597948,90.95419129886544,91.30863335853472,0.2616637774688065,0.011008607537015047,0.002441987851608677,1
2025-07-29 14:50:00,91.10736372615888,91.34491604604848,91.0929756604236,91.26248218113965,1405.9943829000524,0.001702589655069,91.0158494753203,91.30443779695337,0.2578226819113171,0.009001950901185385,0.0024186738299556173,1
2025-07-29 18:50:00,91.26248218113965,91.45962849440066,91.23369870691566,91.43131469572184,1819.994464542537,0.0018499662791013,91.0989425194006,91.31597206047776,0.2631054388415533,0.008448883073661762,0.002430745573461749,1
2025-07-29 22:50:00,91.43131469572184,91.47717080439668,91.22090226947022,91.28786225574424,977.7938759334428,-0.0015689639862993,91.13672646666934,91.3134166236838,0.2660664504742789,0.011580878674802397,0.002428953141789799,1
2025-07-30 02:50:00,91.28786225574424,91.53467141927358,91.25976645543908,91.5077352054324,1677.1824904196617,0.0024085671879596,91.21092821442195,91.33108194929731,0.2631732264252692,0.010211815696870019,0.0024218005911898583,1
2025-07-30 06:50:00,91.5077352054324,91.71652814860842,91.43834684147848,91.64547437304074,1757.2645774601572,0.0015052188462441,91.29783744614572,91.35966307872852,0.2633204963250973,0.009973751175001766,0.002355057532710155,1
2025-07-30 10:50:00,91.64547437304074,91.99647180790402,91.57180745162674,91.97710686766328,1513.9125673321405,0.0036186456220701,91.43369133044924,91.41579433226804,0.2852236351030441,0.004170347717984413,0.0024125465559648894,1
2025-07-30 14:50:00,91.97710686766328,92.05003500149311,91.8391344802062,91.91085799691756,1809.4587635881123,-0.0007202756533867,91.52912466374292,91.46080011996344,0.2629829577803652,-0.0015755581766865312,0.0023773959798653464,-1
2025-07-30 18:50:00,91.91085799691756,92.17895178335672,91.9055961077101,92.11032893715225,4216.625158451773,0.0021702652394059,91.6453655184248,91.51984819425334,0.2772625725715605,-0.0033228667252260813,0.0023850767598226495,-1
2025-07-30 22:50:00,92.11032893715225,92.16273547597557,92.00088259743636,92.08402256485458,1873.6098533011443,-0.0002855963343222,91.73309692771076,91.5711367733989,0.2611547882733944,-0.0004989792150148498,0.002383815497856679,0
2025-07-31 02:50:00,92.08402256485458,92.23417145912862,92.07638833658696,92.20380718285716,7902.348851350575,0.0013008186943419,91.82723897874004,91.62865226516784,0.2585790075616501,0.0010737632617712212,0.002367840202722916,0
2025-07-31 06:50:00,92.20380718285716,92.43192452751587,92.11637813211982,92.34505591301009,1655.1850866903903,0.0015319186318718,91.93080236559403,91.69377986951712,0.2729055392471632,-0.0008553572121801079,0.0023810171221103735,0
2025-07-31 10:50:00,92.34505591301009,92.52248571822189,92.2914436434986,92.44219533218826,4697.491695720132,0.0010519179204317,92.03308095891288,91.76181763885089,0.2539996853045017,-0.003530394072673748,0.0023731514842455833,-1
2025-07-31 14:50:00,92.44219533218826,92.58978885280249,92.40650245434269,92.55952353075246,3949.863136879053,0.0012692061037991,92.1383694732808,91.83433635629646,0.2589586583955383,-0.008277717893995229,0.002348199346731486,-1
2025-07-31 18:50:00,92.55952353075246,92.61353659912088,92.32738583597715,92.36068338539565,7872.225636597972,-0.0021482408051805,92.18283225570376,91.88218608621456,0.2522719403582343,-0.006081562235653815,0.0023837747184905105,-1
2025-07-31 22:50:00,92.36068338539565,92.44161070264192,91.72551488751976,91.76604709307423,5088.763249005104,-0.0064381971908992,92.09947522317788,91.87162799592907,0.2854258996080391,0.0029267288130878644,0.0026304548029092004,1
2025-08-01 02:50:00,91.76604709307423,91.84991202117564,91.7014436724307,91.80425859007735,1299.8786686265971,0.0004164012531164,92.04043189655778,91.865503504488,0.2798929396980359,0.0026222320895674667,0.002372648896158342,1
2025-08-01 06:50:00,91.80425859007735,92.09570502333476,91.76827731407768,92.03807455155976,5718.932714324693,0.0025468966807566,92.03996042755816,91.88119178149452,0.2849757378645096,-0.0009262095944104765,0.002411877255367613,0
2025-08-01 10:50:00,92.03807455155976,92.32415238282042,92.00289862227488,92.30281224360556,2530.09475349824,0.0028763932028752,92.09253079076764,91.91952091441372,0.2882863662010138,-0.004570846604658896,0.0023803845866382824,-1
2025-08-01 14:50:00,92.30281224360556,92.39087767291096,92.2183069298187,92.26606790342572,1959.651676546428,-0.0003980847309709,92.12723821329926,91.95102518614208,0.2807427544840379,-0.0012568930204879258,0.002332804641563687,0
2025-08-01 18:50:00,92.26606790342572,92.34253417272087,92.07223671349742,92.11583795372256,1806.90559939433,-0.00162822533914,92.12495816138392,91.96600816501302,0.2697165475516233,0.002620072885991309,0.0023599170271137574,1
2025-08-01 22:50:00,92.11583795372256,92.20696622946494,91.71133978245766,91.79334190656228,2043.6343374200333,-0.0035009836997008,92.0586349104196,91.9503112324266,0.2900541136745076,0.009009453420039781,0.002447639231018711,1
2025-08-02 02:50:00,91.79334190656228,91.8740992070194,91.7556797325032,91.79898614125985,2363.23589177209,6.148849775300391e-05,92.00670515658766,91.93655440595688,0.2789872421651925,0.007182970827400048,0.0024143562296289186,1
2025-08-02 06:50:00,91.79898614125985,92.0802348182049,91.78831530778712,92.03462142716472,9753.42136359361,0.0025668615287566,92.01228841070308,91.94546958970304,0.2882777158708042,0.005692677292045589,0.0024365916566356197,1
2025-08-02 10:50:00,92.03462142716472,92.05041911438198,91.96437545580808,92.0449906629112,4617.440961633194,0.0001126666854895,92.0188288611447,91.95451695999468,0.2831534684445366,0.00741025019451258,0.00243592453873543,1
2025-08-02 14:50:00,92.0449906629112,92.11716516247644,91.91420707424204,91.95282800385904,1234.2364566210515,-0.0010012783790666,92.00562868968755,91.9543634185278,0.2751114465044182,0.006106145786914485,0.0022626378782315505,1
2025-08-02 18:50:00,91.95282800385904,91.97042313729024,91.86697428312858,91.8809102476614,1526.6595710982103,-0.0007821157626018,91.98068500128234,91.94768585753997,0.265997645035731,0.00932111197589558,0.0022711243850542604,1
2025-08-02 22:50:00,91.8809102476614,92.1558413582242,91.87302314081349,92.15009932665004,2930.4118921081845,0.0029297606898219,92.01456786635588,91.9660870820045,0.2731070606750815,0.004174855044200232,0.0022271539622248306,1
2025-08-03 02:50:00,92.15009932665004,92.39184250291052,92.12884383997412,92.35718816311548,3057.146962448502,0.0022472991128457,92.08309192570782,92.00164172574186,0.2714533392317,0.0011480761922151306,0.0022286657126436072,0
2025-08-03 06:50:00,92.35718816311548,92.70417988170205,92.3554066839092,92.62034974473924,3287.7219208280935,0.0028493892771936,92.19054348951413,92.05788790928707,0.2452160094224638,-0.002125107363206702,0.0022544173193618606,-1
2025-08-03 10:50:00,92.62034974473924,92.63023008131928,92.4181101900531,92.4583755806974,2757.7470816157443,-0.0017487967221914,92.24410990775078,92.09429587941528,0.24976254817398,0.00027003423333105125,0.0022154081817171833,0
2025-08-03 14:50:00,92.4583755806974,92.55994997085328,92.45687960126752,92.55854482664516,4336.256739564577,0.0010833982894316,92.30699689152966,92.13650032916344,0.2337370239117423,-0.000997909585034984,0.002203559841932177,0
2025-08-03 18:50:00,92.55854482664516,92.75446045822052,92.55156800394396,92.72706707287496,2144.9888505721015,0.0018207097631603,92.39101092779872,92.1901882149554,0.2252826448925294,-0.0004112255375875451,0.002168737341165995,0
2025-08-03 22:50:00,92.72706707287496,92.81160150743048,92.44084319007564,92.51430537716968,6255.408750807562,-0.0022944939640771,92.41566981767292,92.21965341152034,0.2394389001969991,-0.002023003302289772,0.0022150101588155504,-1
2025-08-04 02:50:00,92.51430537716968,92.77361095312376,92.44813422606002,92.73734250052708,2655.3329900259096,0.002410839301534,92.48000435424376,92.2667160559755,0.2433802764713044,-0.0019196553251273896,0.002228799575505736,-1
2025-08-04 06:50:00,92.73734250052708,92.75611470669593,92.49239125942584,92.53481263364746,2776.588141860203,-0.0021839084603751,92.49096601012452,92.29108847212748,0.2268157764900757,-0.003708277767406787,0.0022492878089914155,-1
2025-08-04 10:50:00,92.53481263364746,92.60750458505154,92.46269491264611,92.46322125202548,2418.6280914618387,-0.0007736697096411,92.48541705850472,92.30673690666366,0.2287007906250206,-0.0019321893288962722,0.00222908644250682,-1
2025-08-04 14:50:00,92.46322125202548,92.46603666880203,92.423315944008,92.42352155751392,3152.0209529277013,-0.0004293566022686,92.47303795830656,92.3173536931046,0.2109008773661825,-0.005761348326101645,0.0022223266421852045,-1
2025-08-04 18:50:00,92.42352155751392,92.54268604870651,92.34470837562786,92.48334250726238,1421.758683280042,0.0006472481110908,92.47509886809772,92.33244358530077,0.2188961641165231,-0.004472576411726159,0.002138236094936946,-1
2025-08-04 22:50:00,92.48334250726238,92.48822806127646,92.41720541174853,92.46617976758576,1675.3925434913417,-0.0001855765504503,92.47331504799531,92.34460142005392,0.2094722042089186,-0.0026841903607601747,0.002133107321632916,-1
2025-08-05 02:50:00,92.46617976758576,92.73009839194614,92.45558781411567,92.688935334869,2145.2532449306727,0.0024090491014459,92.51643910537008,92.37590450321892,0.221690898756691,-0.004040217533550439,0.0021406607038670544,-1
2025-08-05 06:50:00,92.688935334869,92.78077282448604,92.23843352684756,92.32714863188262,2380.519814594275,-0.0039032350698526,92.47858101067258,92.37147215127926,0.2402281187729603,0.0014252227942863627,0.002259260867270569,0
2025-08-05 10:50:00,92.32714863188262,92.5657610340764,92.2832992696611,92.55931876715778,6863.485680894383,0.0025146464362377,92.49472856196962,92.38854911635912,0.2416183403071668,-0.002624530449996443,0.0022903110733270434,-1
2025-08-05 14:50:00,92.55931876715778,92.58433121475296,92.15623382089622,92.19166784524695,2668.6605846325792,-0.0039720573444979,92.4341164186251,92.3706508189853,0.2472843543117317,0.0025725511919088007,0.0023857570888860453,1
2025-08-05 18:50:00,92.19166784524695,92.2865431236066,92.15848788090692,92.28456480260694,2899.4452883917365,0.0010076502522538,92.40420609542149,92.36282481749636,0.2412797365569809,-0.0003018816356173959,0.002385110770524209,0
2025-08-05 22:50:00,92.28456480260694,92.3192178417832,91.8594227520376,91.89103745629612,2651.0779479010266,-0.0042642813254042,92.3015723675964,92.31993505738724,0.2667600737112546,0.0038442770811051297,0.002484844540088425,1
2025-08-06 02:50:00,91.89103745629612,92.09622956243167,91.81276541795162,92.0697036910868,1957.8098619180944,0.0019443271045411,92.2551986322945,92.29718675135992,0.272515194440076,0.0020650161786373022,0.0024879024148922184,1
2025-08-06 06:50:00,92.0697036910868,92.23114567939687,92.05387996690764,92.21798293915728,4703.812684240285,0.0016105107557202,92.24775549366706,92.28998640479604,0.2586942940925344,-0.0009125487505861063,0.0022182329189816418,0
2025-08-06 10:50:00,92.21798293915728,92.37468488270814,92.217590295777,92.31445187316294,1955.4658521006,0.0010460967691008,92.26109476956624,92.29221053828394,0.2466669983687767,-0.0011963333152655853,0.002223405173646621,0
2025-08-06 14:50:00,92.31445187316294,92.47895393101145,92.2275962533204,92.45873538864424,4101.211207386778,0.0015629569645232,92.30062289338184,92.30734916104396,0.2457837291131314,-0.0017728806075490988,0.0021961910038290834,-1
2025-08-06 18:50:00,92.45873538864424,92.5133595621964,92.23406930273548,92.31639401662244,2405.66730869488,-0.0015395124259864,92.30377711802996,92.308171420642,0.2553894853313819,-0.002714953100908968,0.002157412406339407,-1
2025-08-06 22:50:00,92.31639401662244,92.5149462376232,92.31024470918612,92.4288356302463,1955.101979935813,0.001218002661625,92.32878882047324,92.31914089424238,0.2669595427344556,-0.0014751112040130021,0.0021665236495785286,0
2025-08-07 02:50:00,92.4288356302463,92.4947868115004,92.24396630359028,92.25670578724208,3615.0084039336143,-0.0018622959148031,92.314372213827,92.31346497542415,0.2707340309367012,0.0015914860831207633,0.002172784252001069,1
2025-08-07 06:50:00,92.25670578724208,92.31079428615544,92.16815958111272,92.24429206554832,2849.5198506907036,-0.0001345563077268,92.30035618417128,92.3071765290718,0.2758491777591852,-0.0025878939459665906,0.0020745841131911925,-1
2025-08-07 10:50:00,92.24429206554832,92.28434068721069,92.21036576385744,92.25982911877124,3317.0179386548143,0.0001684337629463,92.29225077109128,92.30287221904447,0.2615252024393837,-0.0004426395776780945,0.002074514348606733,0
2025-08-07 14:50:00,92.25982911877124,92.27507165505531,92.0515286352977,92.13382953404458,3389.5272102823565,-0.001365703642963,92.26056652368194,92.28750470222631,0.2387540397336078,-0.00012132570166722978,0.0020434969863336403,0
2025-08-07 18:50:00,92.13382953404458,92.24258415828758,92.12811125718818,92.2040130189066,3035.388264382603,0.0007617558633672,92.24925582272688,92.27991454919724,0.2267548352110446,-0.0008184170240815858,0.00204750324191003,0
2025-08-07 22:50:00,92.2040130189066,92.361975244508,92.19243230439253,92.2948170896752,5590.001040956698,0.00098481690542,92.25836807611654,92.28126932560431,0.2082866599438121,0.002458916086786944,0.0020445209664257604,1
2025-08-08 02:50:00,92.2948170896752,92.32486950556944,92.03017965522235,92.06575933642227,8133.693079292394,-0.0024818051595504,92.2198463281777,92.26167750840597,0.2201891319186271,0.005076517997410601,0.0020902283086731317,1
2025-08-08 06:50:00,92.06575933642227,92.3605811195216,91.98595295265902,92.29249281923424,1735.7482722535651,0.0024627340766665,92.234375626389,92.26447890029944,0.2141057802841268,-0.0009958439593854562,0.002071123085218227,0
2025-08-08 10:50:00,92.29249281923424,92.46433676942571,92.214315018033,92.40353105057704,2574.254325846682,0.0012031122787015,92.26820671122664,92.27712000487011,0.2117170379207463,-0.002899104015147591,0.0020434335468700357,-1
2025-08-08 14:50:00,92.40353105057704,92.4141711020913,91.97916779700788,92.00557362056192,3660.1627000771673,-0.0043067340121156,92.2156800930937,92.25243396993302,0.2301268659631869,0.002988748618366621,0.0021139033069974733,1
2025-08-08 18:50:00,92.00557362056192,92.2790219384636,91.98685951114793,92.21899126697345,6055.485119555048,0.0023196164972749,92.21634232786964,92.24939372420944,0.2397745688477966,0.001806002955598185,0.0021402960616523333,1
2025-08-08 22:50:00,92.21899126697345,92.24850404443984,92.12075931049694,92.12265133252907,4170.678465553119,-0.0010446864915867,92.19760412880152,92.23787168860213,0.2309450728657864,0.0005991072223590077,0.0021360774655324924,0
2025-08-09 02:50:00,92.12265133252907,92.14608807401764,92.10370889042412,92.12855168496328,2812.574147879647,6.404887776101376e-05,92.18379364003388,92.22793350645313,0.2140228531609714,0.0010445432135544053,0.002106287517282798,0
2025-08-09 06:50:00,92.12855168496328,92.52995420705447,92.0470901696663,92.52176230014408,1357.4571821586533,0.004268064655194,92.25138737205592,92.25464521497048,0.2338916038003365,-0.000866760157114177,0.002212597218342646,0
2025-08-09 10:50:00,92.52176230014408,92.5868124710977,92.49158959104628,92.5331328206389,2996.9114334170313,0.0001228956324665,92.30773646177254,92.27996227003123,0.2227774875247163,-0.002255446668733452,0.002168877639405817,-1
2025-08-09 14:50:00,92.5331328206389,92.57578952785845,92.18447905588006,92.20058389776358,4074.725524959983,-0.0035938362048101,92.28630594897076,92.27274605437054,0.2405400423058361,-0.00036467380732185806,0.0022268247053402073,0
2025-08-09 18:50:00,92.20058389776358,92.22204975698462,92.12686305740026,92.1356436026945,6159.400241890371,-0.0007043371345791,92.2561734797155,92.26028219512726,0.242055169179487,0.0029062194558964194,0.0022261924511580685,1
2025-08-09 22:50:00,92.1356436026945,92.35506210772678,92.09128267018134,92.2805551516024,2009.498498313054,0.0015728066060163,92.26104981409289,92.26212519117044,0.2449291990214734,0.0011826828030436776,0.002244940483803226,0
2025-08-10 02:50:00,92.2805551516024,92.4124173286848,92.19597729935948,92.38553903776388,9086.338761157678,0.0011376598893346,92.2859476588271,92.27334463176986,0.252212565323325,-0.002269017782934535,0.0022514895931131963,-1
2025-08-10 06:50:00,92.38553903776388,92.4115989033044,92.09028274430698,92.17784267828526,1727.8995539277482,-0.0022481479422199,92.26432666271872,92.26466263599852,0.263053509529178,0.004213060844749483,0.002285338221777365,1
2025-08-10 10:50:00,92.17784267828526,92.26073968022745,92.1176161277226,92.2247839384004,4781.503701681683,0.0005092466774143,92.25641811785506,92.26103729985324,0.2522273453975887,0.005091127033767462,0.0022424620656653757,1
2025-08-10 14:50:00,92.2247839384004,92.47810042401468,92.15113501782142,92.44156812291632,6884.264917320675,0.0023506065859768,92.29344811886732,92.27744919285897,0.2488228624926358,0.0010366140985105243,0.002176762928899005,0
2025-08-10 18:50:00,92.44156812291632,92.44970077720558,92.26152171205968,92.32442927447111,1942.818253149081,-0.0012671663930389,92.29964434998809,92.28172010936916,0.2444055277607191,0.0002477813675325624,0.0021404901639337903,0
2025-08-10 22:50:00,92.32442927447111,92.3603221168202,92.12312034142208,92.16696075979628,1759.899432016292,-0.0017055996545259,92.27310763194971,92.27128744122616,0.2302768470689104,0.003012539187771779,0.0020427195658509344,1
2025-08-11 02:50:00,92.16696075979628,92.46801909109382,92.16027822035156,92.4034100027142,5991.2705533718345,0.0025654447208491,92.29916810610264,92.28329858317962,0.2313895930279516,-0.0004272034338256292,0.0020857729138390054,0
2025-08-11 06:50:00,92.4034100027142,92.41610048566795,92.34830388812952,92.38969377723552,3669.979631273523,-0.0001484385205945,92.3172732403292,92.29297087354831,0.227107583284776,-0.0019147906582088758,0.0019329406103566554,-1
2025-08-11 10:50:00,92.38969377723552,92.43371268486584,92.11603561942184,92.1759146068012,5414.338616369593,-0.0023138854746048,92.28900151362362,92.28232939475312,0.2467717177026663,-3.894294267003939e-05,0.0019533835311963685,0
2025-08-11 14:50:00,92.1759146068012,92.60040954678148,92.14565570403906,92.56619353802662,1956.463370785048,0.0042340662730635,92.34443991850422,92.30813522595982,0.2447638466565404,-0.004013924004677483,0.0020729179176012273,-1
2025-08-11 18:50:00,92.56619353802662,92.75362369658944,92.52107202210664,92.69431202909256,1635.4071647998258,0.0013840743166488,92.41441434062187,92.3432422080628,0.254573046258782,-0.006141342502584135,0.00207864254833037,-1
2025-08-11 22:50:00,92.69431202909256,92.76976271625374,92.46612498334532,92.53739435572096,2192.8636362990683,-0.0016928511570629,92.43901034364173,92.36089240330443,0.248310707753785,-0.005369149527933215,0.0020859308824947524,-1
2025-08-12 02:50:00,92.53739435572096,92.60256468177523,92.32397329942108,92.3473055478134,3440.856278883341,-0.0020541837084459,92.42066938447606,92.35965723462344,0.2614110422373424,-0.003232768660876184,0.0021003467864862853,-1
2025-08-12 06:50:00,92.3473055478134,92.50913520696388,92.29721136356292,92.444617340903,2532.7097330959136,0.0010537588780998,92.42545897576144,92.36738088064884,0.2577070712270232,-0.003928850275750295,0.0020975048781933085,-1
2025-08-12 10:50:00,92.444617340903,92.45542012478296,92.35808113036109,92.36393494866384,3472.2703224175993,-0.0008727646298932,92.41315417034193,92.36706761410474,0.2491998544482052,-0.0028052103294755604,0.0020762367101761726,-1
2025-08-12 14:50:00,92.36393494866384,92.45501034459612,92.1396884088338,92.2127868546761,3888.418615875187,-0.0016364406093326,92.37308070720876,92.35304209052032,0.2487716956456966,-0.0031966026254961477,0.0020971422942477383,-1
2025-08-12 18:50:00,92.2127868546761,92.26853979212532,92.11452108105462,92.17232500544311,6222.446273769464,-0.0004387878364063,92.33292956685564,92.3366132646042,0.2495499212575436,-0.0010604225668841005,0.0020982361633655427,0
2025-08-12 22:50:00,92.17232500544311,92.2141407836465,92.08247721949569,92.19463987176272,3613.624841582968,0.0002420994188687,92.30527162783706,92.32370659252771,0.2355997896830836,-0.0029837971174353495,0.002084362855137123,-1
2025-08-13 02:50:00,92.19463987176272,92.23180868991236,92.06975511414198,92.1250445108805,5289.535703244191,-0.0007548742636126,92.26922620444574,92.30564640328706,0.2337336832991182,-0.0019118561222898345,0.002084259226859601,-1
2025-08-13 06:50:00,92.1250445108805,92.17961154983422,91.96464632839124,92.04054724849978,2091.9142347599823,-0.0009172018622009,92.22349041325656,92.28154648012458,0.2321453580166082,-0.002690184249919625,0.002081661275539038,-1
2025-08-13 10:50:00,92.04054724849978,92.06246286144828,92.01719605722344,92.04876807252208,8365.824483596925,8.931741789952596e-05,92.18854594510968,92.26038480670616,0.2133972104082226,-0.0020800964663534316,0.002035232196141064,-1
2025-08-13 14:50:00,92.04876807252208,92.08645282440096,92.04153052375368,92.08141628057156,1566.8864787209593,0.0003546838130825,92.16712001220203,92.24411494069392,0.211763332058852,-0.0017856570253648174,0.0019863508636597054,-1
2025-08-13 18:50:00,92.08141628057156,92.17883370103968,92.05810238812192,92.10483468427483,4330.673565935197,0.0002543228009428,92.1546629466166,92.23145309920127,0.1976957783069782,-0.0009329827996109596,0.001973781431862882,0
2025-08-13 22:50:00,92.10483468427483,92.15330254410628,91.86151082402918,91.91801921811212,3870.84564587518,-0.0020282916396637,92.10733420091572,92.20295911001136,0.1860556266880268,0.001275140182581902,0.001854605716901178,0
2025-08-14 02:50:00,91.91801921811212,92.13080497913842,91.9011154833584,92.07458339196516,2447.0642660234894,0.0017033023033441,92.1007840391256,92.19128859018896,0.1858511853521126,0.001755328410341317,0.0018325071893129953,1
2025-08-14 06:50:00,92.07458339196516,92.14911943886956,91.84300307388166,91.91954977107036,2076.960006070026,-0.0016837830287518,92.06453718551457,92.16658506117818,0.1860282305006464,0.00862996993026921,0.0018471515461377405,1
2025-08-14 10:50:00,91.91954977107036,91.99712166262525,91.91545715862502,91.94891468051615,4747.876776842514,0.0003194631557588,92.0414126845149,92.14679684475436,0.1719620249039368,0.010164132660170688,0.0018482889897242039,1
2025-08-14 14:50:00,91.94891468051615,92.02548720522164,91.75778816559026,91.79294121793788,3923.605061567574,-0.0016963056401506,91.9917183911995,92.1146281514074,0.1759459674918235,0.012750940752644935,0.001691944131125714,1
2025-08-14 18:50:00,91.79294121793788,91.89382481945924,91.77055016765786,91.85729775532224,4184.729644441843,0.000701105515636,91.96483426402403,92.09123447903602,0.1777985144475014,0.013985075870500019,0.0016990802110107644,1
2025-08-14 22:50:00,91.85729775532224,92.00093857780767,91.82758747253126,91.91699045268462,2786.9032949736015,0.000649841643735,91.95526550175616,92.07539411300408,0.1676577408413655,0.014870817381890333,0.0015899799537883363,1
2025-08-15 02:50:00,91.91699045268462,92.07901961176952,91.90893735747544,92.0189024577534,1705.6137145848202,0.0011087395765121,91.96799289295562,92.07025850798128,0.1688051367858928,0.015267122354413631,0.0015998410942090749,1
2025-08-15 06:50:00,92.0189024577534,92.118292850315,91.98745152791732,92.03522757792048,1438.8352517919302,0.0001774105073093,91.9814398299486,92.06707387797574,0.168746405232097,0.015341208274632478,0.0015733058557244484,1
2025-08-15 10:50:00,92.03522757792048,92.26199300578416,92.00791104122692,92.23620452406342,2339.376362106545,0.0021836958676806,92.03239276877156,92.08244939125645,0.1753198615740154,0.010835490398371395,0.0016099049991489792,1
2025-08-15 14:50:00,92.23620452406342,92.78800990105616,92.23368055597923,92.7128127215986,7026.788051104424,0.0051672572607954,92.16847675933698,92.13975514856028,0.199560156119299,0.0050272915638822635,0.0018050533535577565,1
2025-08-15 18:50:00,92.7128127215986,92.91867997291378,92.67335124457765,92.88349564728765,3047.4261203530227,0.0018409853037417,92.31148053692712,92.20736792117184,0.2138502935558191,0.002372385728537374,0.001828037120934691,1
2025-08-15 22:50:00,92.88349564728765,93.00597266463454,92.80053891339456,92.96338757291882,2540.974623314251,0.0008601304793109,92.44186194412546,92.27609698042156,0.2253153971695849,0.0030694918098852497,0.001790712997861126,1
2025-08-16 02:50:00,92.96338757291882,93.21093667618746,92.96298290956214,93.14192903368952,2520.6614078073926,0.0019205567420899,92.58187536203828,92.35480898526411,0.2344027152915535,0.0006681192667399305,0.0017964126897196066,0
2025-08-16 06:50:00,93.14192903368952,93.31941290413472,93.0948380088146,93.28387123199944,4317.413030999635,0.0015239344920436,92.72227453603053,92.43926918951276,0.2296015135231976,-0.0035803237130525023,0.0017719834922773684,-1
2025-08-16 10:50:00,93.28387123199944,93.44262723927604,93.26881477545066,93.42376630049478,3608.917802992806,0.0014996704858807,92.86257288892337,92.52876892687478,0.2256102969550103,-0.0013633936170676098,0.0017392568865918245,0
2025-08-16 14:50:00,93.42376630049478,93.50650982510108,93.38807973443517,93.44715917279656,4322.9712296962425,0.0002503953033377,92.979490145698,92.6122589492313,0.2122041345034406,-0.00175225983676075,0.0017370366102851583,-1
2025-08-16 18:50:00,93.44715917279656,93.52160152839431,93.19255190650108,93.23562903256614,4697.90096822252,-0.0022636337166682,93.03071792307163,92.6689289568072,0.2298745000672275,-0.0022812615864260533,0.0017345649041075031,-1
2025-08-16 22:50:00,93.23562903256614,93.26569526798892,93.15841972347069,93.17890706285768,1930.118815826712,-0.0006083722531504,93.06035575102884,92.71529060281178,0.2184156789877168,-0.002278241751593746,0.0015908462571008852,-1
2025-08-17 02:50:00,93.17890706285768,93.23875239631673,93.04565748290618,93.10385112677793,1442.9986078724623,-0.0008055035033747,93.06905482617869,92.7506142868087,0.2234028405312287,-0.00020928555464783116,0.0015856839289479733,0
2025-08-17 06:50:00,93.10385112677793,93.2531024545466,93.06597644097518,93.24873792969308,2872.9243953663504,0.0015561848533836,93.10499144688156,92.79589825434364,0.2243867625523015,-0.0031330956928830034,0.0015685324625440435,-1
2025-08-17 10:50:00,93.24873792969308,93.3049929622254,93.12506689554412,93.20415895101826,2454.0420390170443,-0.000478065222807,93.1248249477089,92.83301286313224,0.2250898920085313,-0.0032959591809899047,0.00151808643773694,-1
2025-08-17 14:50:00,93.20415895101826,93.23561093540408,92.9366158992768,92.94988477578218,2760.6181320349588,-0.0027281419423537,93.08983691332357,92.84363758246404,0.2371008715606462,0.0006677011269813349,0.0016016058121340062,0
2025-08-17 18:50:00,92.94988477578218,93.38644051495564,92.91901398202978,93.29639293383826,2774.971897443039,0.0037279030403527,93.1311481174265,92.8847971598617,0.2523397693012614,1.551485684703202e-05,0.0017078056640885207,0
2025-08-17 22:50:00,93.29639293383826,93.36605601700067,93.20802686040294,93.28341546891868,3380.685178027359,-0.0001390993211149,93.16160158772496,92.9210351879578,0.2240326129813183,-0.0004918583929440778,0.0016727564909789316,0
2025-08-18 02:50:00,93.28341546891868,93.368891067448,92.93237391291387,93.02293417356788,3385.0449544551616,-0.0027923644738072,93.13386810489354,92.93029873210416,0.2376889291383171,0.0048281040419837495,0.0017586461020782293,1
2025-08-18 06:50:00,93.02293417356788,93.10513538529668,92.91643005673664,92.9666229864192,1673.7457006067134,-0.000605347354918,93.10041908119868,92.93360093704187,0.2364940418040352,0.006958297806205049,0.0017657353855305153,1
2025-08-18 10:50:00,92.9666229864192,93.14695462850386,92.94840628407115,93.084365835655,2774.3044663762284,0.0012665066822208,93.09720843208994,92.9473068369158,0.2329650830759919,0.001277205686669669,0.0017643356030858132,0
2025-08-18 14:50:00,93.084365835655,93.1306795615522,92.91456247455169,92.95658071051878,5204.911301339105,-0.0013727882656668,93.06908288777572,92.94814991633424,0.2323609539103058,-0.0017736031524256957,0.0017764814968926352,-1
2025-08-18 18:50:00,92.95658071051878,93.04292968562824,92.84387510309485,92.8969618476172,3645.476889201827,-0.0006413624774692,93.03465867974404,92.9434964555418,0.2341639623894502,-0.002820837771915663,0.0017841029811354928,-1
2025-08-18 22:50:00,92.8969618476172,93.10112601936774,92.81539719350896,93.01194751859975,2341.122347030863,0.0012377764427988,93.03011644751518,92.94971927945616,0.2461138720460829,-0.004427211611363169,0.0017919767150860308,-1
2025-08-19 02:50:00,93.01194751859975,93.34784010148256,92.9754680854053,93.29784041401898,2136.2186638967855,0.0030737222802699,93.08366124081594,92.98136665532547,0.2492083287735137,-0.009195584145887059,0.0018569872747005302,-1
2025-08-19 06:50:00,93.29784041401898,93.36789417029236,93.21432100873832,93.2375332380978,2633.255705293118,-0.0006463941250254,93.11443564027232,93.0046545264866,0.2525153014189283,-0.010204620951328569,0.00181417604812619,-1
2025-08-19 10:50:00,93.2375332380978,93.47375040197464,93.2258194969906,93.47205857804848,3130.4037158461456,0.0025153533325659,93.18596022782756,93.04714580390132,0.2564321579598915,-0.014122728037486598,0.0018378395984245536,-1
2025-08-19 14:50:00,93.47205857804848,93.67270432478672,93.39327326076078,93.61351243519589,2336.484629643162,0.0015133277184569,93.27147066930122,93.09863367947356,0.2630253758494995,-0.014511917295156662,0.0018034173213323558,-1
2025-08-19 18:50:00,93.61351243519589,93.62341267790003,93.12956476122883,93.20325371704035,3546.534409039735,-0.0043824732934736,93.25782727884904,93.10814459197962,0.2854483651344931,-0.010819718736149841,0.002004974313964211,-1
2025-08-19 22:50:00,93.20325371704035,93.24928226778864,92.76341815331328,92.7917126259319,3931.8063297542662,-0.0044155227923468,93.16460434826564,93.07937804961163,0.2987961564450693,-0.006888933880871417,0.0021501667409574024,-1
2025-08-20 02:50:00,92.7917126259319,92.88042455556864,92.61313649190735,92.63491458874124,1182.461825227171,-0.0016897849253276,93.05866639636076,93.0389722804416,0.2845005514975999,-0.005722668982307999,0.0021785836361840893,-1
2025-08-20 06:50:00,92.63491458874124,92.7029189248575,92.52897680387844,92.6001639445499,1921.7731547311687,-0.0003751354912521,92.9669659059986,92.99908061354236,0.2856371918105509,-0.005944579333679867,0.0021802888103888496,-1
2025-08-20 10:50:00,92.6001639445499,92.65928659398674,92.36239944712878,92.43991227186233,1467.2481880018208,-0.0017305765547406,92.86155517917136,92.94824712793508,0.2756636198336823,-0.00340943084587908,0.002201204976152412,-1
2025-08-20 14:50:00,92.43991227186233,92.48249187687304,92.2691683905874,92.28607955296611,2085.8852825129297,-0.001664137439289,92.7464600539303,92.88805007566516,0.277422059671224,-0.0006694792679086126,0.002224282281563983,0
2025-08-20 18:50:00,92.28607955296611,92.3743291723952,92.14932382820108,92.15197811564668,2107.537262219021,-0.0014531057985023,92.6275636662736,92.8211344429362,0.2793118453684663,-0.0005583769529799998,0.0022065605404619636,0
2025-08-20 22:50:00,92.15197811564668,92.2960945154618,92.14343348781053,92.2550008850272,5914.448042329272,0.0011179659024924,92.55305111002431,92.76966775585358,0.2747792697006649,-0.003794062995880254,0.002006127591254169,-1
2025-08-21 02:50:00,92.2550008850272,92.28107908436398,92.11963320541996,92.19482072652796,3347.1262349416656,-0.0006523240791491,92.48140503332505,92.7174089350058,0.2720929337299935,0.0005090163045113894,0.001974363145442603,0
2025-08-21 06:50:00,92.19482072652796,92.23006665970868,92.0698771607286,92.15247665295902,2980.00026664444,-0.0004592890710698,92.41561935725184,92.66605145481972,0.2631258389529419,-0.001985270900446645,0.0019646019394173736,-1
2025-08-21 10:50:00,92.15247665295902,92.17767552305644,92.05533766198516,92.1047956363455,2693.180768251878,-0.0005174143804412,92.35345461307058,92.6150281985948,0.2452662564525139,0.0003388624174573973,0.0019236831028839796,0
2025-08-21 14:50:00,92.1047956363455,92.1274561596329,91.96720961323511,92.04969492366976,4238.012774089728,-0.000598239345683,92.29270267519044,92.56363426451068,0.2457429267984961,0.0029460939521726015,0.0018934072538639088,1
2025-08-21 18:50:00,92.04969492366976,92.1341877015017,91.98668485421273,92.12474478357228,2364.800561669199,0.0008153189422819,92.2591110968668,92.523735220789,0.2385694941059932,-0.0005564524856503938,0.001874864742618724,0
2025-08-21 22:50:00,92.12474478357228,92.23224750133475,92.09778108308132,92.22429593598883,3310.8057696128226,0.0010806125178466,92.2521480646912,92.49651346762536,0.2282148765508154,-0.003784797928465755,0.0018903464834327185,-1
2025-08-22 02:50:00,92.22429593598883,92.27841939212526,92.00976787724125,92.1005225748954,3524.01009359376,-0.0013420906046204,92.22182296673206,92.460514295559,0.212129419280302,0.003444570608353237,0.0018680823225922815,1
2025-08-22 06:50:00,92.1005225748954,92.10566742129365,91.8494970299829,91.90497959998442,1370.006974647156,-0.0021231472899839,92.15845429338252,92.41001114141584,0.1957227247685448,0.003588375716612413,0.0018930541250053307,1
2025-08-22 10:50:00,91.90497959998442,92.26274984299305,91.83396352702852,92.24174939346928,2334.7877291200484,0.0036643258608037,92.17511331339988,92.39471461887526,0.2072583142187747,0.0014723973893782105,0.002024660774630239,0
2025-08-22 14:50:00,92.24174939346928,92.25691928110484,91.94603327902584,91.96952902265582,5558.339546190344,-0.0029511622730861,92.13399645525108,92.3560613828553,0.2170400200116284,0.004954489471010515,0.0020488169728408567,1
2025-08-22 18:50:00,91.96952902265582,92.19439751239048,91.90029439034656,92.13600649005424,2835.093924112553,0.0018101372179193,92.13439846221172,92.33605639260064,0.2168411610963403,0.005220965303199376,0.0020866498924169414,1
2025-08-22 22:50:00,92.13600649005424,92.3735705385187,92.12890993722642,92.32088197318372,5788.20654616229,0.0020065497754064,92.17169516440612,92.33467689992638,0.2190795264539592,0.0020905077357900037,0.0020810249065793896,1
2025-08-23 02:50:00,92.32088197318372,92.37216802399698,92.02812029543584,92.07348174034756,4083.8047360114183,-0.0026797862796418,92.15205247959442,92.3109318854192,0.2275825539087474,0.004735222189100163,0.001996443498378598,1
2025-08-23 06:50:00,92.07348174034756,92.08883430620293,91.8268090693576,91.8752456117761,3542.2550652577456,-0.0021530208788073,92.09669110603076,92.27132404236076,0.2353942831368921,0.007058802106654216,0.0020192311055530657,1
2025-08-23 10:50:00,91.8752456117761,92.47858467232524,91.7921004957291,92.41776932797084,2641.156655357319,0.0059050042542165,92.16090675041876,92.28463725014348,0.2728970186834719,0.0013798320801008401,0.0022671283885157124,0
2025-08-23 14:50:00,92.41776932797084,92.4692841135824,92.1703676104546,92.23476919701676,5133.987077647884,-0.0019801400995151,92.1756792397384,92.28010379076832,0.2828060904083104,0.006464766275246614,0.002287959630953906,1
2025-08-23 18:50:00,92.23476919701676,92.39111557786109,92.1552317449574,92.3775659044679,3376.104136173319,0.0015481873993321,92.2160565726843,92.28896398292282,0.2909165169677671,0.006348515642416341,0.002294492685839622,1
2025-08-23 22:50:00,92.3775659044679,92.4922982667984,92.33646141180256,92.42519108585236,1511.166489641467,0.0005155492128219,92.25788347531793,92.30134826500732,0.2906015390104863,0.006422604019679978,0.0022885778246820566,1
2025-08-24 02:50:00,92.42519108585236,92.67515761586225,92.36553161406265,92.61704538311416,2378.0086946341635,0.0020757792870951,92.32971585687716,92.33004800301704,0.3021817643326748,0.004199730774952393,0.002320954678089809,1
2025-08-24 06:50:00,92.61704538311416,92.6525193418318,92.4411021595287,92.51387949112362,3284.6173308790076,-0.0011138974641633,92.36654858372648,92.34675995648126,0.3076782474790787,0.004298888349154151,0.0023147238680015034,1
2025-08-24 10:50:00,92.51387949112362,92.5534154673023,92.47009852187549,92.50947013411216,1821.757860489468,-4.7661572898149984e-05,92.39513289380362,92.36155179081136,0.2944400639464218,0.0037436030125117536,0.0022383403080049923,1
2025-08-24 14:50:00,92.50947013411216,92.5925452740734,92.4886937913458,92.52377478904988,1748.8869363946635,0.0001546290873459,92.42086127285287,92.37629933610576,0.2835601419047679,-0.0005644315533147592,0.0022383902498362804,0
2025-08-24 18:50:00,92.52377478904988,92.62407582235107,92.4590297792083,92.54529033086094,2178.065747571249,0.0002325406833014,92.4457470844545,92.39166215381076,0.2647215509889317,-0.0023797879401240563,0.002183524258167483,-1
2025-08-24 22:50:00,92.54529033086094,92.85630105952266,92.52266249615234,92.8310454223268,2961.432461658933,0.0030877324004738,92.52280675202896,92.43160608731222,0.2663467339383122,-0.007922126947938368,0.0022428428972878934,-1
2025-08-25 02:50:00,92.8310454223268,93.02565231069806,92.77233757458906,92.96402632662075,3002.0258998264385,0.0014325046506693,92.61105066694732,92.48000792724936,0.2634332778001038,-0.007163368830774508,0.0021308169012083968,-1
2025-08-25 06:50:00,92.96402632662075,93.03590402543804,92.90476895465888,93.01880148964004,1394.3142976276597,0.0005892081613034,92.69260083148588,92.52898916019396,0.2553243113348813,-0.008667557461384368,0.001980560853222094,-1
2025-08-25 10:50:00,93.01880148964004,93.09079214590012,92.9377107426717,93.0060120388948,2649.509065239672,-0.0001374931792327,92.75528307296769,92.57235487643948,0.241683859525401,-0.007581379230393259,0.0019547002707884197,-1
2025-08-25 14:50:00,93.0060120388948,93.0354271072296,92.83343158605506,92.91158632980306,3525.021822170037,-0.001015264572921,92.78654372433476,92.60319409947256,0.2373960226917749,-0.00950894205147379,0.0019632593672456434,-1
2025-08-25 18:50:00,92.91158632980306,92.91421001432094,92.79966796045936,92.8557888651921,868.63973703637,-0.000600543665382,92.80039275250624,92.6261572599925,0.196543013925022,-0.008302017845803644,0.0019391593308518745,-1
2025-08-25 22:50:00,92.8557888651921,92.92570647979662,92.4677207686561,92.47155145112716,1648.0285561589592,-0.0041380017203102,92.73462449223042,92.61210218645928,0.2079051002116451,-0.0036969043868164686,0.002059095109932647,-1
2025-08-26 02:50:00,92.47155145112716,92.54514905425928,92.29315721453264,92.32505216501627,1588.9381811354388,-0.0015842633092224,92.6527100267876,92.58600672996448,0.2090556721275709,-0.0003733521080842017,0.0020623419659092225,0
2025-08-26 06:50:00,92.32505216501627,92.38356383346878,92.06749205699208,92.09562609578128,2874.3621947450606,-0.0024849817449866,92.54129324058634,92.54142667231145,0.2205010236619184,0.004561525400124999,0.002100751674351891,1
2025-08-26 10:50:00,92.09562609578128,92.30850771455177,92.07034416359257,92.29809071804934,6871.118145641153,0.0021984173499998,92.49265273607897,92.51930522192396,0.215396562887602,0.0005388658195220053,0.0021346399278667936,0
2025-08-26 14:50:00,92.29809071804934,92.31614973301566,92.19324287012562,92.21255568273948,5799.998363947012,-0.0009267259446477,92.43663332541108,92.49141890017992,0.2090743972152406,0.0009316896926179208,0.002139740195851977,0
2025-08-26 18:50:00,92.21255568273948,92.33152488002943,92.15904570583476,92.30089819092142,3671.0695368384568,0.0009580312304311,92.40948629851314,92.47409883570188,0.2154431278415164,0.003805708072166958,0.002143621954021792,1
2025-08-26 22:50:00,92.30089819092142,92.36659413959228,91.98051526252335,92.02809543948246,2748.1052185613653,-0.0029555806799915,92.333208126707,92.43355307240918,0.2356022274373259,0.00708856643814304,0.0022068539276590736,1
2025-08-27 02:50:00,92.02809543948246,92.13288270373022,91.98787975118309,92.0848984489471,2073.2942581531493,0.0006172355213196,92.28354619115504,92.401857197549,0.2341705781090642,0.005387016931916122,0.002204755631332608,1
2025-08-27 06:50:00,92.0848984489471,92.1598313716607,92.03749626177436,92.12969296691176,1006.4727324039188,0.0004864480356623,92.25277554630638,92.3771149947638,0.21907747428878,0.0003396348410669159,0.002197755278588699,0
2025-08-27 10:50:00,92.12969296691176,92.36457448249844,92.10637908037492,92.29058241216148,2598.497509949991,0.0017463364966112,92.2603369194774,92.3692483963454,0.2194260932898168,-0.00322057990709268,0.002206062372955875,-1
2025-08-27 14:50:00,92.29058241216148,92.5538062315696,92.23209760480373,92.5157226334576,1940.3403327192464,0.0024394712376034,92.31141406227346,92.38256423608289,0.2330384901460119,-0.005817992299778307,0.002207402404813315,-1
2025-08-27 18:50:00,92.5157226334576,92.5259905796223,92.3396918707218,92.34782700434444,4708.872698582678,-0.0018147794162336,92.31869665068766,92.37940630592485,0.2354111548368759,-0.0035957023524183507,0.0021423051317691127,-1
2025-08-27 22:50:00,92.34782700434444,92.38174447808092,92.20905005250928,92.29846917039904,1523.7954887961075,-0.0005344774809165,92.31465115462994,92.3720483845134,0.2333182194366695,-0.003985135701905285,0.00207506753896033,-1
2025-08-28 02:50:00,92.29846917039904,92.68246565087124,92.23980842232788,92.65216846423486,1336.5238642695742,0.003832125245575,92.38215461655092,92.39751384630624,0.2567550176282245,-0.009044595188023252,0.0021575392660145437,-1
2025-08-28 06:50:00,92.65216846423486,92.76322195196089,92.57586624889863,92.680442708181,1720.9761982803802,0.0003051654852208,92.44181223487696,92.42323465193122,0.2374243027654909,-0.009535997783795103,0.0021318055571806606,-1
2025-08-28 10:50:00,92.680442708181,92.75005238226088,92.49049513211251,92.58096135606536,1808.500244862687,-0.0010733801998428,92.46964205911463,92.43757344321614,0.2379646892241861,-0.007081669896373821,0.0020819913871786247,-1
2025-08-28 14:50:00,92.58096135606536,92.65523967275143,92.1590924539579,92.16098342054012,2383.580402161842,-0.0045363315456404,92.40791033139972,92.41242889570012,0.2508272208182447,-0.003363181780760338,0.002206803637313708,-1
2025-08-28 18:50:00,92.16098342054012,92.16537402437638,91.91701075270156,91.993353216831,4572.94152544866,-0.0018188847111603,92.324998908486,92.37433110671202,0.2515557722979317,-0.00599453165757069,0.0019599203448970575,-1
2025-08-28 22:50:00,91.993353216831,92.04885191189446,91.94542492917392,91.97746687156771,2431.214879047647,-0.0001726901423612,92.25549250110234,92.33825253988071,0.2501643522858237,-0.009646936531635175,0.0019310694490115934,-1
2025-08-29 02:50:00,91.97746687156771,92.05492376188846,91.9110728358352,92.0157717055442,6691.189941437589,0.0004164588923718,92.20754834199072,92.30893610039556,0.2481194774185786,-0.011474647326907061,0.0019104376903203329,-1
2025-08-29 06:50:00,92.0157717055442,92.10321148067344,91.84726119180434,91.93064724567688,2585.4969256553723,-0.0009251072755195,92.15216812272796,92.27454620451203,0.2388245782614494,-0.013894827083259176,0.001911931068551148,-1
2025-08-29 10:50:00,91.93064724567688,92.00768709141482,91.76675034466464,91.81416710718332,3972.184414813319,-0.0012670436027961,92.08456791961903,92.23269355930034,0.2456769921330967,-0.008321729709649617,0.0018764951291207462,-1
2025-08-29 14:50:00,91.81416710718332,91.82613774485684,91.72520604117932,91.79664221191464,3289.44153602459,-0.00019087354186,92.02698277807816,92.19305252771984,0.2441481774038944,-0.009629393340399806,0.0018701936265169397,-1
2025-08-29 18:50:00,91.79664221191464,91.93921191215276,91.72178983439902,91.92533354905277,4360.004823734205,0.0014019176958675,92.00665293227308,92.16871443875009,0.2412357970917682,-0.007506011263961554,0.0018924630959781335,-1
2025-08-29 22:50:00,91.92533354905277,91.92817058344536,91.760926330231,91.8510292802032,3582.580393476369,-0.0008083111149105,91.9755282018591,92.13983396979128,0.2302026275523729,-0.00899845345600958,0.0018943596070720463,-1
2025-08-30 02:50:00,91.8510292802032,91.92218638799204,91.37237214824422,91.44189614868662,5047.873220768431,-0.0044543118865707,91.8688017912246,92.07638507696358,0.256168022612894,-0.005729570001331896,0.002033793344152166,-1
2025-08-30 06:50:00,91.44189614868662,91.45384310535714,91.05015803101848,91.09016608631713,3391.994715535247,-0.0038464869735158,91.71307465024312,91.98672880508664,0.27266735466768,-0.002640202934256486,0.0020225748774194557,-1
2025-08-30 10:50:00,91.09016608631713,91.09669135957628,90.93142011334768,90.95992317670988,2231.9127278421856,-0.0014298240436164,91.56244435553648,91.89338283887056,0.2528540702166251,-0.0022700604321079787,0.0019933519806714065,-1
2025-08-30 14:50:00,90.95992317670988,90.9901538680123,90.57140406330404,90.6532867985461,3856.94867384838,-0.0033711151840801,91.3806128441384,91.78064683520468,0.2693822203341978,0.0027255611533332225,0.0020345949422541417,1
2025-08-30 18:50:00,90.6532867985461,91.13749490804022,90.60444766201388,91.05011442500074,3208.4567099125575,0.0043774212769194,91.31451316031088,91.71423479791342,0.2889172200397679,-0.004048163845325803,0.0022294262455590116,-1
2025-08-30 22:50:00,91.05011442500074,91.09688143770644,90.90744148061158,90.91269623672817,7221.631747901804,-0.0015092588201607,91.23414977559432,91.64136765598748,0.2670095584898614,-0.0007919549193283748,0.00223366068984599,0
2025-08-31 02:50:00,90.91269623672817,91.29452832875953,90.87504609021354,91.23534095999015,1506.2180562907463,0.0035489512094311,91.2343880124735,91.60445613816954,0.2792323418378016,-0.003747442964923464,0.0023553725405722507,-1
2025-08-31 06:50:00,91.23534095999015,91.27564532409342,90.9984103706187,91.02451206833872,2410.2532824545565,-0.0023108248342481,91.19241282364656,91.5517339500031,0.2916471968916718,-0.0019939089875349314,0.0022866641536399327,-1
2025-08-31 10:50:00,91.02451206833872,91.0499182024192,90.82837652096492,90.9179734036482,7404.224581409264,-0.0011704392835472,91.13752493964688,91.49411935487991,0.2971965365631744,-0.0016365749510144356,0.002281441560808545,-1
2025-08-31 14:50:00,90.9179734036482,90.92200126157294,90.7962613549953,90.84966956253412,3386.945131875551,-0.000751268847699,91.07995386422434,91.43553301012122,0.2878957949709268,-0.0032219676864572167,0.002252629789289368,-1
2025-08-31 18:50:00,90.84966956253412,90.9346594419744,90.70495614378976,90.75343865419885,5704.468732582255,-0.0010592323428215,91.01465082221924,91.37352443231008,0.2870934057876734,-0.002835719419128746,0.002203407465560455,-1
2025-08-31 22:50:00,90.75343865419885,90.93651325607352,90.69106767474466,90.9003678754662,7865.358140969631,0.0016189934337058,90.99179423286864,91.33051019986974,0.2974158256199126,-0.0007927849212140403,0.002234173910219464,0
2025-09-01 02:50:00,90.9003678754662,90.92947893581628,90.64809429468204,90.68152864367268,3262.457632717863,-0.0024074625538736,90.92974111502946,91.27151187657908,0.3019845801470912,-0.000331417057162664,0.0022451659827816763,0
2025-09-01 06:50:00,90.68152864367268,90.93114442261096,90.6775165433135,90.84069747971408,3240.788604742572,0.0017552509140734,90.9119323879664,91.23234693140954,0.3081548391530272,-0.005507338992128186,0.002236809340308963,-1
2025-09-01 10:50:00,90.84069747971408,90.97815789167755,90.83289566761536,90.89344172335724,2563.522054467098,0.00058062349923,90.90823425504456,91.20153736704114,0.2792582666040551,-0.003999464034139533,0.0022362797874345584,-1
2025-09-01 14:50:00,90.89344172335724,90.96184693641533,90.77930041247544,90.84301747563968,3328.4803614161765,-0.0005547622222407,90.8951908991636,91.168944649641,0.2634626558612843,-0.0003160530935628625,0.002230466076670351,0
2025-09-01 18:50:00,90.84301747563968,90.87514194698122,90.75969817468662,90.7691793257788,1107.8122997076678,-0.0008128104053859,90.86998858448663,91.13260234747172,0.2599035505802852,-0.0011209450433871115,0.0021952583364540654,0
2025-09-01 22:50:00,90.7691793257788,90.81920695070336,90.52057490323682,90.55695486287831,3109.7264745695015,-0.0023380674417998,90.80738184016498,91.08027075796322,0.2513237107773035,0.0021365573405407456,0.0021496918827086323,1
2025-09-02 02:50:00,90.55695486287831,90.6095984929552,90.4476058583638,90.49608736585442,4440.053947022697,-0.0006721460225341,90.74512294530288,91.02716317686242,0.2248198099605208,0.005561770566692381,0.0021394648503576547,1
2025-09-02 06:50:00,90.49608736585442,90.85930087497024,90.42544385881078,90.82830343448173,2180.730504212433,0.0036710544985687,90.76175904313864,91.00908501846416,0.2422781713222792,-0.0019726186317996497,0.002270701411497918,-1
2025-09-02 10:50:00,90.82830343448173,90.8289495815727,90.61615985939434,90.65147523831058,3957.921096461818,-0.0019468402412545,90.73970228217304,90.9765750384502,0.2275144201531641,-0.0015992380642740889,0.002141230438552396,-1
2025-09-02 14:50:00,90.65147523831058,90.66337249398458,90.26424092680776,90.34040696441193,1187.0134740846263,-0.0034314750320489,90.6598432186208,90.91874157717398,0.2362213211318849,0.003877353362933933,0.0021871810625882144,1
2025-09-02 18:50:00,90.34040696441193,90.6129864945394,90.26091704544888,90.52991667224552,1534.150160296061,0.0020977291801249,90.63385790934576,90.88339385854412,0.245544733105903,0.0027894474680680847,0.0022452982978020865,1
2025-09-02 22:50:00,90.52991667224552,90.81687362366448,90.51511027475895,90.81430625893792,3589.236951552937,0.0031413879206585,90.6699475792642,90.8771131676708,0.2581178361293216,0.00041036341675404486,0.002232019669410841,0
2025-09-03 02:50:00,90.81430625893792,90.87495300905006,90.63008054979052,90.66743206412124,3159.57807423785,-0.0016173023928401,90.6694444762356,90.85805124916632,0.2592013476346712,0.0005889987773568528,0.0022283348505440703,0
2025-09-03 06:50:00,90.66743206412124,90.79940950933128,90.60385906576388,90.7504349895276,5423.079526216245,0.0009154657137269,90.685642578894,90.84826795283551,0.2556374092231377,-0.003655227099371161,0.002240988627494037,-1
2025-09-03 10:50:00,90.7504349895276,91.0491481233569,90.67477122211125,90.99940584096666,1784.5310493343648,0.0027434673064408,90.74839523130854,90.86200776084743,0.2622797135168093,-0.005601648812638915,0.0023057322916698827,-1
2025-09-03 14:50:00,90.99940584096666,91.0052407504824,90.56658154033435,90.64913383083211,3239.648963651018,-0.0038491681005774,90.72854295121326,90.8426555853915,0.2754962371489924,-0.002279280514416504,0.0023860284373469205,-1
2025-09-03 18:50:00,90.64913383083211,90.67964241573996,90.44877708519206,90.50650194852687,2560.9424827010016,-0.0015734500295547,90.68413475067598,90.81209616385834,0.2816107447551133,-0.0020642404191960617,0.0023900830618634296,-1
2025-09-03 22:50:00,90.50650194852687,90.77694198395174,90.43746313812012,90.6906886451642,2815.3310987663335,0.0020350659087684,90.68544552957364,90.80105911670432,0.2928201963188093,-0.0015367563771198078,0.0024297919021183906,-1
2025-09-04 02:50:00,90.6906886451642,90.8499377483788,90.66334317575622,90.78244511909132,2852.8434846961245,0.0010117518710892,90.70484544747715,90.79936693510314,0.2979023963422357,-0.004603928233203547,0.0024215482411286265,-1
2025-09-04 06:50:00,90.78244511909132,90.85758546952154,90.70839487954592,90.85157312794448,2337.8180130076753,0.0007614689025228,90.73419098357064,90.80411295263416,0.2872280065214556,-0.004922981959240902,0.0024286496982460323,-1
2025-09-04 10:50:00,90.85157312794448,90.93764505061048,90.68127654138765,90.7208350707531,3904.097733624435,-0.0014390290964723,90.73151980100714,90.79654223609953,0.2939691404237022,-0.003137453730399309,0.0023198901307197976,-1
2025-09-04 14:50:00,90.7208350707531,90.79724503185204,90.3338023990098,90.41872154027416,1602.2427787155318,-0.0033301449467844,90.66896014886056,90.7621949001154,0.2960823987581845,0.0032387818409733704,0.002295700249595631,1
2025-09-04 18:50:00,90.41872154027416,90.57921305445856,90.35655548482652,90.48965912728676,3360.7939587250744,0.0007845453441963,90.6330999445458,90.73741892076734,0.2967872450048747,0.0024850910255531655,0.0022916948941286513,1
2025-09-04 22:50:00,90.48965912728676,90.52847108446092,90.41545488312644,90.44251902644277,5956.7851829756255,-0.0005209446173037,90.5949837609252,90.7106098394651,0.2763504331589946,0.004513431083657871,0.0022170142513881926,1
2025-09-05 02:50:00,90.44251902644277,90.44357182809672,90.3086185178045,90.31967476900468,1540.5523061184851,-0.0013582578057358,90.5399219625411,90.67507028760508,0.2608421375305423,0.006203869363578418,0.002073003138944862,1
2025-09-05 06:50:00,90.31967476900468,90.5773261659522,90.24630193571456,90.55131915104336,1957.067441977224,0.0025647167422946,90.54220140024157,90.66382018428128,0.2629322004828388,0.002410186838623929,0.002117763259510746,1
2025-09-05 10:50:00,90.55131915104336,90.62263130047424,90.3395267553324,90.36448925692828,3899.101812396056,-0.0020632487286402,90.5066589715789,90.63660828179464,0.2656630637601438,0.007706321841056241,0.0020346802581364706,1
2025-09-05 14:50:00,90.36448925692828,90.4652232404556,90.35865654748352,90.40431247246696,3624.5194288536895,0.0004406954088511,90.48618967175652,90.61549048094666,0.2593070815747629,0.0068560108031157085,0.0020047799581643846,1
2025-09-05 18:50:00,90.40431247246696,90.43792662515432,90.36184041324492,90.43620264833542,6154.56171932176,0.0003527506044378,90.4761922670723,90.59919158707292,0.2380006037650293,0.008178668811489986,0.0019993570682764967,1
2025-09-05 22:50:00,90.43620264833542,90.76558261602284,90.41957329542718,90.71156805368284,4158.893712120146,0.0030448581130524,90.52326742439442,90.609407629492,0.2313827545112892,0.005661653931571697,0.0020745965138903814,1
2025-09-06 02:50:00,90.71156805368284,90.79024528109528,90.66252993482826,90.71453416708934,4357.522930541088,3.269829273300218e-05,90.5615207729334,90.6189645874554,0.2240148984912277,0.003286344306501432,0.0020663476604442423,1
2025-09-06 06:50:00,90.71453416708934,90.92251670985408,90.65199252440252,90.85072510310104,4558.2669196748175,0.0015013132929817,90.61936163896694,90.64003372524137,0.2190895656069368,0.0035605375954377294,0.002063455249297855,1
2025-09-06 10:50:00,90.85072510310104,90.91149684233994,90.78545297371582,90.88000623223247,867.6577078698901,0.000322299344317,90.67149055762005,90.6618494076951,0.2147645153213336,0.002249596155200706,0.0020172670047349872,1
2025-09-06 14:50:00,90.88000623223247,90.90794884670416,90.7663530344902,90.76956474868123,3012.6920544707023,-0.0012152451141898,90.6911053958323,90.67164171142112,0.2142220311955023,0.001354229591598699,0.0020055419452590234,0
2025-09-06 18:50:00,90.76956474868123,91.08895950771472,90.73773961974048,91.06086709414484,1741.4708706455517,0.0032092513197585,90.7650577354948,90.70702583712328,0.2209971296777461,-0.0014330592923997854,0.0020833661398776946,0
2025-09-06 22:50:00,91.06086709414484,91.14391338765914,90.97133429618157,91.02412541542644,3941.3530672095862,-0.0004034848326275,90.81687127148116,90.73585307151448,0.2002211624374144,-0.0007030257642930415,0.002082098321904874,0
2025-09-07 02:50:00,91.02412541542644,91.1987887705714,91.0170240138478,91.17585039836496,4015.0759248728255,0.0016668655946545,90.88866709685792,90.77585282850087,0.1973002472296719,-0.002586769485080742,0.0020945064695548823,-1
2025-09-07 06:50:00,91.17585039836496,91.2266129432938,91.15994967412202,91.225145559593,1252.2473127916362,0.0005406602846331,90.95596278940494,90.81669762223652,0.1939893235037633,-0.003560930349926328,0.0020458130124832484,-1
2025-09-07 10:50:00,91.225145559593,91.2425588590402,90.96536276256572,91.0126533599663,3888.669261796426,-0.0023293160928737,90.9673009035172,90.83451178021195,0.2041495225167823,-0.002422609450203561,0.00208993151034013,-1
2025-09-07 14:50:00,91.0126533599663,91.2577163602472,90.9301468097443,91.1742025254034,4265.089530964272,0.0017750187416045,91.00868122789446,90.86539275704754,0.2039027596785843,-0.006595621427348042,0.002013234620223659,-1
2025-09-07 18:50:00,91.1742025254034,91.25968653829284,90.99951030573494,91.08444954483711,2243.4405999754804,-0.0009844120165599,91.023834891283,90.88530701048296,0.2022650230654485,-0.002406051689595068,0.001988385828809218,-1
2025-09-07 22:50:00,91.08444954483711,91.08690202642322,90.81687385874,90.89248757928044,1709.2476785211193,-0.0021075163380351,90.9975654288825,90.88595978946456,0.2139408426876739,0.0017421836645741262,0.0019241794940196928,1
2025-09-08 02:50:00,90.89248757928044,90.96979014557937,90.83201909637724,90.9303714723816,2198.16782567227,0.000416798946867,90.98412663758232,90.88999721518428,0.2183469024942985,0.0031513847723048105,0.0018931760601973333,1
2025-09-08 06:50:00,90.9303714723816,91.00062004760105,90.91466696979776,90.96013311008716,2272.4393840785037,0.0003273013980218,90.9793279320833,90.89637320563,0.1997714565805576,0.003029592175574969,0.0018129020416478734,1
2025-09-08 10:50:00,90.96013311008716,91.03067048070938,90.93809346853732,90.93999949077818,1236.7262408207164,-0.0002213455348026,90.97146224382227,90.90033923155256,0.1972615755737732,0.005331741706310789,0.0017880699877494256,1
2025-09-08 14:50:00,90.93999949077818,90.99878787201196,90.89236404666754,90.9002991700934,1420.4757716625045,-0.0004365551012434,90.95722962907652,90.90033558960172,0.185540121280406,0.005967888705363356,0.001784035400638149,1
2025-09-08 18:50:00,90.9002991700934,90.98052792631532,90.71581473674097,90.79216524584834,3167.9700480585743,-0.0011895882107354,90.92421675243088,90.89050192198778,0.1954450727768529,0.005973366834657101,0.0017272866736379204,1
2025-09-08 22:50:00,90.79216524584834,90.86907046001268,90.49595528171712,90.57285200160548,3175.4367610736517,-0.0024155525275666,90.8539438022658,90.86162465649848,0.211982170354109,0.0074186431359624105,0.0016426159900004517,1
2025-09-09 02:50:00,90.57285200160548,90.92655130328777,90.55351942713922,90.86529565111393,6529.210235112821,0.0032288223573133,90.85621417203542,90.8619583832817,0.2135401695094145,0.004768669358144795,0.0017143869010321274,1
2025-09-09 06:50:00,90.86529565111393,91.07852971654516,90.80312029214755,91.05083898637356,2921.57140487479,0.0020419603978625,90.89513913490303,90.87912934719914,0.220885193289416,0.0006682992537039301,0.0017146350949999202,0
2025-09-09 10:50:00,91.05083898637356,91.29332392833656,91.02612720373774,91.21692806037969,2907.111623414972,0.0018241355692611,90.95949691999836,90.90983832112464,0.2269874767090718,-0.003583717657339447,0.0017340873190516183,-1
2025-09-09 14:50:00,91.21692806037969,91.25897544797488,91.16043457379044,91.23570521764672,1275.7585399455556,0.0002058516732179,91.01473857952804,90.93946258444484,0.2292644484956909,0.0001998465508645797,0.001730552298701638,0
2025-09-09 18:50:00,91.23570521764672,91.4381896819648,91.14858205365526,91.42486807883505,5328.091654191353,0.0020733424566301,91.09676447938944,90.98359035666212,0.2301509864839092,-0.0008972611998115942,0.001738975458497376,0
2025-09-09 22:50:00,91.42486807883505,91.48796687158344,91.419876158903,91.44278203882476,4471.404526516231,0.0001959418740891,91.16596799127652,91.02533505504054,0.2116167837823072,-0.0034766062100984874,0.0016123606541693267,-1
2025-09-10 02:50:00,91.44278203882476,91.49993900818932,91.27098943261174,91.3345001545746,1534.3917159444577,-0.0011841490584155,91.19967442393614,91.05344097318,0.2093863082837127,-0.0016131501635214818,0.001632803056051262,-1
2025-09-10 06:50:00,91.3345001545746,91.36680374479424,91.22320220838265,91.24477966841174,3037.573693457989,-0.0009823285397195,91.20869547283128,91.07083540001923,0.2003558346214526,0.003070600801669876,0.001642220782308665,1
2025-09-10 10:50:00,91.24477966841174,91.35804910956524,91.1758771368548,91.29860220220417,1712.7754745862185,0.0005898697326907,91.22667681870584,91.09154147294517,0.2035273291577612,0.00602599307892393,0.0016155247764756935,1
2025-09-10 14:50:00,91.29860220220417,91.34434748013794,91.1100771541701,91.11168819411728,2378.965764707185,-0.0020472822538172,91.20367909378814,91.0933729930517,0.2141214183123716,0.008574281930175953,0.0016162079959505934,1
2025-09-10 18:50:00,91.11168819411728,91.15526074359973,90.82060291005708,90.89003234464144,3757.498167578475,-0.0024327926950885,91.1409497439588,91.07488747955986,0.2314129055531282,0.011028170489151501,0.0016340789357153942,1
2025-09-10 22:50:00,90.89003234464144,91.25800464177556,90.83664188087808,91.25393835865016,1834.5724545553776,0.0040038055287388,91.16354746689709,91.09116483220444,0.2539085438069191,0.005426011251178142,0.001768135601718582,1
2025-09-11 02:50:00,91.25393835865016,91.36232366425524,91.19214122002413,91.34283609201002,1537.088039192087,0.0009741796897626,91.19940519191968,91.11404403764128,0.2471563477109717,0.005920853183432273,0.0017722110280527128,1
2025-09-11 06:50:00,91.34283609201002,91.3844446036366,91.0679152977582,91.1248714949199,2112.161389429366,-0.0023862254164143,91.18449845251972,91.11502835193934,0.2431144996811756,0.01164466317679791,0.0017622097645111313,1
2025-09-11 10:50:00,91.1248714949199,91.26595284882492,91.04663307301306,91.1871638907151,7940.370001838296,0.0006835937848062,91.1850315401588,91.12158612819168,0.2321350639428406,0.013053807657639194,0.001764643536467277,1
2025-09-11 14:50:00,91.1871638907151,91.58207685809298,91.12148537324391,91.52495596200976,2396.9240095867845,0.003704381810794,91.253016424529,91.15825611308424,0.2453623539750883,0.009394763779749127,0.0018589589391884733,1
2025-09-11 18:50:00,91.52495596200976,91.8883962548372,91.49376293737085,91.84876694719009,4474.941206021891,0.0035379529197996,91.37216652906122,91.22102982527568,0.2544649677513421,0.0026269797455980015,0.0019487028747320883,1
2025-09-11 22:50:00,91.84876694719009,91.92458116096216,91.76316324649856,91.89290549582792,5129.684537846261,0.0004805567903074,91.47631432241457,91.28210943168952,0.2589561849141394,0.008883661869663273,0.0019281842637543767,1
2025-09-12 02:50:00,91.89290549582792,91.92093535532996,91.85568837299678,91.89238311710264,1680.7680282015224,-5.684646953496575e-06,91.55952808135218,91.33758885763616,0.2429304244872585,0.005939908050925702,0.001858858143836299,1
2025-09-12 06:50:00,91.89238311710264,91.9679441576974,91.6596827706367,91.74908325489852,2382.944177412744,-0.0015594313406968,91.59743911606144,91.37499743920549,0.2600854726572744,0.0063277900393918785,0.0018837498011031052,1
2025-09-12 10:50:00,91.74908325489852,91.93050279777758,91.6975384317061,91.88366361386912,2250.543344675319,0.0014668305578238,91.654684015623,91.42123981872037,0.2603722434068375,0.005686151669642925,0.0018792216258060014,1
2025-09-12 14:50:00,91.88366361386912,92.2101031990333,91.81331040287569,92.18598993050723,7870.89082937091,0.0032903163059387,91.76094519859984,91.49076255615552,0.278457333388697,0.002799585171107122,0.001954603775747371,1
2025-09-12 18:50:00,92.18598993050723,92.4027594567842,92.10192662779568,92.37750358899012,5946.033157774201,0.0020774703252333,91.8842568766779,91.5713753773223,0.2869331088371304,0.0016558769456340716,0.0019161074721893425,1
2025-09-12 22:50:00,92.37750358899012,92.4117070677236,92.30736516054544,92.38481130322478,1682.459034762677,7.910707640657044e-05,91.98436776198729,91.64532409785888,0.2776525074950119,-0.0010513594608831944,0.0019021660553302055,0
2025-09-13 02:50:00,92.38481130322478,92.3904831041544,92.08164992203132,92.09005179761851,1791.6797460255518,-0.0031905624035837,92.00550456911353,91.68575388874612,0.2758078895364723,-0.001737081237988547,0.00199232973337312,-1
2025-09-13 06:50:00,92.09005179761851,92.7994364753226,92.0575371255032,92.70925099647378,3779.779533424176,0.0067238446147912,92.14625385458558,91.77879908035771,0.2987033601737526,-0.00675856708200584,0.002238133472270658,-1
2025-09-13 10:50:00,92.70925099647378,92.79006545955887,92.35989434776224,92.43821542339867,3624.9935726251897,-0.0029235008390415,92.2046461683482,91.83874602063418,0.3172739792855757,-0.00511646605123095,0.002324207345928802,-1
2025-09-13 14:50:00,92.43821542339867,92.48682379497367,92.31880478758012,92.3296521900422,1460.416157903949,-0.0011744410345786,92.229647372687,91.88337385421671,0.306666100822371,-0.0032126514568123765,0.002343238254679919,-1
2025-09-13 18:50:00,92.3296521900422,92.4161576471272,92.29629083736616,92.40612806114004,4090.5676517594343,0.0008282915540549,92.26494351037762,91.93089696393702,0.2995623175330258,-0.005465240249914682,0.002340596879982722,-1
2025-09-13 22:50:00,92.40612806114004,92.53444045035867,92.3226962648165,92.44407246090051,2844.4122852898795,0.0004106264439016,92.3007693004822,91.97754928184278,0.2817875104396766,-0.008918125846835268,0.002334414892475442,-1
2025-09-14 02:50:00,92.44407246090051,92.55716942653362,92.43422855849852,92.53046936747836,3607.9098065617377,0.0009345856827582,92.34670931388143,92.02781474417328,0.2623809069088726,-0.007111002132555777,0.0023140806861903554,-1
2025-09-14 06:50:00,92.53046936747836,92.61192534582514,92.20701600191256,92.28768165781922,2426.724935631258,-0.0026238676980542,92.334903782669,92.05143900905018,0.279773151869514,-0.0028761056023862697,0.002323099672250473,-1
2025-09-14 10:50:00,92.28768165781922,92.3008701071856,91.84510730830829,91.93008389643548,3181.4570709209947,-0.0038748157387854,92.25393980542228,92.0404067260852,0.3076671387655218,0.0003924080406390029,0.0024008021083105372,0
2025-09-14 14:50:00,91.93008389643548,92.1299939624437,91.92966857208523,92.0826693044916,758.68499356693,0.0016597984205912,92.21968570523616,92.0442487786676,0.2999574247153629,-0.0020787171979772534,0.00239313929932425,-1
2025-09-14 18:50:00,92.0826693044916,92.11526832667244,91.94683741613954,91.96525843234848,6136.524151591701,-0.001275059389893,92.16880025065863,92.03706783809314,0.295347892176894,-0.003408968596615436,0.002394476497688448,-1
2025-09-14 22:50:00,91.96525843234848,92.06607750811274,91.91780156363316,92.03302919842687,1495.060364042402,0.0007369170405608,92.1416460402123,92.03670068903256,0.2775966884856058,-0.004319636260154636,0.0023959423875647844,-1
2025-09-15 02:50:00,92.03302919842687,92.038320009974,91.8382044548626,91.90110637072152,3634.782485053823,-0.0014334291596654,92.09353810631414,92.02437393282248,0.2704025974943828,-0.0026047049113792076,0.0023912152666626784,-1
2025-09-15 06:50:00,91.90110637072152,91.9565493383749,91.59496548650598,91.61964458890024,1792.043371475139,-0.0030626593404206,91.99875940283135,91.98758035610228,0.2887770221151494,0.0025944175903755973,0.0024583048206345474,1
2025-09-15 10:50:00,91.61964458890024,91.91334749843683,91.53515050059748,91.87248500247983,3526.1686658898816,0.0027596746823685,91.97350452276106,91.9771171421366,0.2937315803805995,-0.0025277298733984432,0.0024923710657755883,-1
2025-09-15 14:50:00,91.87248500247983,92.05927549075216,91.79398384028904,92.02225253957192,4386.426892964335,0.0016301674771073,91.98325412612324,91.98122036008526,0.2596881732837214,0.000661896112437832,0.0024956334015053773,0
2025-09-15 18:50:00,92.02225253957192,92.10325680630692,91.91674909217645,91.96615800053306,7054.132025353698,-0.0006095758090113,91.9798349010052,91.9798510546714,0.2422836448789961,-0.00017655602451061014,0.0024996503964400413,0
2025-09-15 22:50:00,91.96615800053306,91.98696348857688,91.87658232454916,91.8912554761727,3078.34364084292,-0.0008144574698871,91.96211901603871,91.97179691117152,0.2381666560671515,-0.00024581147239632894,0.0024727641706949782,0
2025-09-16 02:50:00,91.8912554761727,91.91242076365651,91.59306265856954,91.65175175437298,2037.5502992226045,-0.0026063820823715,91.90004556370558,91.94270189691711,0.2524160343047207,0.004177952042782929,0.002479065387612798,1
2025-09-16 06:50:00,91.65175175437298,91.72424109979352,91.58974822611182,91.63547998836948,3253.193961665478,-0.000177539061633,91.84713244863836,91.91477263250368,0.2468980834575447,0.003431567087049059,0.0023839490331451483,1
2025-09-16 10:50:00,91.63547998836948,91.6670959997906,91.6327854306964,91.66173110759652,2319.043401338329,0.0002864733095779,91.81005218043,91.89176885751212,0.240567347818908,0.004370072233643052,0.002379217780350258,1
2025-09-16 14:50:00,91.66173110759652,91.9353732589732,91.63310545812756,91.85734420644565,3799.291321837175,0.0021340759822603,91.81951058563313,91.8886393437788,0.2332358090284115,0.0015642852629680348,0.002360243565119975,1
2025-09-16 18:50:00,91.85734420644565,91.85971902893716,91.55280012110474,91.64025617759572,3103.5926267404857,-0.002363317062183,91.78365970402564,91.86605905594398,0.222604102525205,0.00842332966915782,0.0024033733529083847,1
2025-09-16 22:50:00,91.64025617759572,92.08334387674864,91.61258610908848,92.08316171078565,3043.4654532961154,0.0048330892084325,91.84356010537763,91.8857956609296,0.241920700903899,0.004646237916503315,0.0024646063079436804,1
2025-09-17 02:50:00,92.08316171078565,92.15733350226802,91.92817065218354,91.94992082128697,3408.0319766026714,-0.0014469625827703,91.86483224855952,91.89162522096208,0.2462586965861543,0.005756505939261469,0.002403134656909418,1
2025-09-17 06:50:00,91.94992082128697,91.97454964854391,91.82449196095722,91.86866755136376,1880.5323061124532,-0.0008836687318211,91.86559930912036,91.88953816008949,0.2463859639509483,0.004777806357582515,0.00240711307226106,1
2025-09-17 10:50:00,91.86866755136376,92.1100781047068,91.8519487220078,92.0346683778398,5024.073816227703,0.0018069362591246,91.89941312286426,91.9027318162486,0.2505298087786351,0.002516343902794871,0.002428340911683991,1
2025-09-17 14:50:00,92.0346683778398,92.0571217425851,91.89113152840224,91.94993328550352,4232.838616639701,-0.0009206866698143,91.90951715539212,91.90702285890814,0.2365588346582023,0.0005013131142619365,0.0024172745398692254,0
2025-09-17 18:50:00,91.94993328550352,92.08005826917554,91.92248776679844,92.0622994935975,2957.996769841308,0.001222036863747,91.9400736230332,91.92113891660716,0.2207997992680392,0.004466632539879445,0.002413099020106585,1
2025-09-17 22:50:00,92.0622994935975,92.08897129147512,91.98663276459462,92.00103529628316,3862.813351199031,-0.0006654645566245,91.9522659576832,91.92840222385044,0.2091602904407108,0.0061606464866554855,0.0023427624515659938,1
2025-09-18 02:50:00,92.00103529628316,92.44527010727832,91.92358493519804,92.41217226634568,2870.297665698061,0.0044688298206481,92.0442472194157,91.97238131862272,0.2331015374371239,0.0015508421115006943,0.0024488833489413743,1
2025-09-18 06:50:00,92.41217226634568,92.53756072029256,92.40858387815126,92.5110019881978,1797.1629168422455,0.0010694448515642,92.13759817317212,92.02134683403864,0.2344298001595228,-0.0009130737949375467,0.0024559720058547883,0
2025-09-18 10:50:00,92.5110019881978,92.51725601355147,92.45209552297592,92.47923108660932,1203.8185755535353,-0.0003434283588509,92.20592475585956,92.06297267518144,0.2162728276944199,-0.0008024441910113866,0.002385515250188912,0
2025-09-18 14:50:00,92.47923108660932,92.50336229145,92.27826848524464,92.3075982552533,2473.799234152676,-0.0018559067732223,92.22625945573832,92.08521136427886,0.2227443228746811,0.0034044302748814648,0.0020841481183348294,1
2025-09-18 18:50:00,92.3075982552533,92.37871308336184,92.26218069109248,92.26625925445812,3642.800122332425,-0.0004478396315855,92.23425941548228,92.10167026338608,0.2286173102443354,0.003651926889997048,0.0020222743032737487,1
2025-09-18 22:50:00,92.26625925445812,92.27671089307124,91.9118871348136,91.99602899291506,4600.610619333943,-0.0029288091196782,92.18661333096884,92.09206651152506,0.2330855929166203,0.0033937534911292477,0.0020766180315184867,1
2025-09-19 02:50:00,91.99602899291506,92.55236085366651,91.9444826095004,92.47350795621172,2122.4367739287504,0.0051902127572642,92.24399225601742,92.12674300649655,0.2545826883690277,-0.005669586441362506,0.002274039191665496,-1
2025-09-19 06:50:00,92.47350795621172,92.6098856252644,92.46307242299558,92.56782115114989,5426.493468232495,0.0010198942056225,92.30875803504392,92.16684101964688,0.2314437908410746,-0.007916110165180235,0.0022799126002392874,-1
2025-09-19 10:50:00,92.56782115114989,92.61250271962832,92.50991369132971,92.55548895471158,3717.561425722095,-0.0001332233629887,92.35810421897745,92.20217265010729,0.2224028035706555,-0.007947842617657352,0.0022742695682078655,-1
2025-09-19 14:50:00,92.55548895471158,92.55663971772968,92.3487256495178,92.42653261653896,4041.645562497866,-0.001393286769148,92.37178989848977,92.22256901069198,0.2265354021867409,-0.005210612969880568,0.0022384013121421963,-1
2025-09-19 18:50:00,92.42653261653896,92.51377568433448,92.39660152442303,92.40502166483466,3142.51928450648,-0.0002327356776817,92.37843625175874,92.23915561561404,0.2164671719876279,-0.0028546159323105114,0.0021219985029040838,-1
2025-09-19 22:50:00,92.40502166483466,92.71001486811453,92.3733290234966,92.62185303735508,6241.7493107763685,0.0023465323487166,92.42711960887802,92.27394629031777,0.2286597170187028,-0.0024139947330138467,0.0021410094986146293,-1
2025-09-20 02:50:00,92.62185303735508,92.68103249789785,92.5201679186176,92.60320888766891,6253.389834719955,-0.0002012932053803,92.4623374646362,92.30387925371332,0.2288950082260714,-0.0003883855634684297,0.0021257535393390337,0
2025-09-20 06:50:00,92.60320888766891,92.660146801004,92.30330413588088,92.3082408374798,4561.812792487529,-0.003185289729505,92.43151813920493,92.30427576132846,0.2470738752434006,0.003789439485721413,0.0022064268625046784,1
2025-09-20 10:50:00,92.3082408374798,92.37229146829944,91.90300175927244,91.94922140931796,2785.59712638748,-0.0038893540262993,92.33505879322752,92.27199809296386,0.2433313421681678,0.00759121815584729,0.002301974510565122,1
2025-09-20 14:50:00,91.94922140931796,91.95725206460638,91.7454657990942,91.83504408116669,1572.5565953008222,-0.0012417432839699,92.23505585081536,92.23227500098228,0.2492463009803732,0.009848267949398082,0.002245146770034193,1
2025-09-20 18:50:00,91.83504408116669,91.8756347756568,91.8062783028702,91.8198724950992,3923.8235822694064,-0.0001652047561937,92.15201917967214,92.19478386408382,0.2495460139954468,0.007450510080195816,0.0021912502710974527,1
2025-09-20 22:50:00,91.8198724950992,92.03419966758352,91.74823087267858,91.94493372692614,1353.7181562902135,0.0013620279404504,92.11060208912296,92.1720702152513,0.2538942274739873,0.009642079801370329,0.002185258408896855,1
2025-09-21 02:50:00,91.94493372692614,92.1899439271346,91.91074971961602,92.14124081776473,3927.743590948459,0.002135050653488,92.11672983485133,92.16926754275252,0.2655129285632175,0.009798124559834642,0.002215189072371055,1
2025-09-21 06:50:00,92.14124081776473,92.4090795064373,92.07980846761302,92.39826437196092,2885.1814851159015,0.0027894518449618,92.17303674227324,92.1900854363169,0.2629734486036931,0.005596114358854765,0.002260354141084826,1
2025-09-21 10:50:00,92.39826437196092,92.6085576099215,92.37443943347589,92.5672431382061,3561.7995490126805,0.0018288088785405,92.25187802145982,92.224372500125,0.236276300909373,0.003150743314119575,0.0022199572724691825,1
2025-09-21 14:50:00,92.5672431382061,92.69593962636748,92.50111216872196,92.65803733016683,3247.0135791676016,0.0009808458033604,92.33310988320125,92.26379657558336,0.2397058905791362,0.005187056113127753,0.0022211439585655564,1
2025-09-21 18:50:00,92.65803733016683,92.66810262157344,92.56658834555564,92.6472280082964,10716.072476699414,-0.0001166582218002,92.39593350822028,92.29865397855728,0.239629122559079,0.0046418761912421225,0.0022226541334163467,1
2025-09-21 22:50:00,92.6472280082964,92.74404256992445,92.622935750534,92.7394602024228,4294.766947965298,0.0009955202773916,92.46463884706078,92.33872727163596,0.2334286047861167,0.004907262878631746,0.002201969518411749,1
2025-09-22 02:50:00,92.7394602024228,92.79945429701934,92.42741242827216,92.50397738068624,1787.3933949375396,-0.0025391868922092,92.47250655378588,92.35375000882232,0.2516334411315282,0.005738048230411241,0.0022090422100045806,1
2025-09-22 06:50:00,92.50397738068624,92.90243613439807,92.46764193395084,92.83147411525287,6153.422288730577,0.0035403530079454,92.54430006607927,92.39717947304328,0.2586411808336239,0.006819838216219676,0.0021339285291978667,1
2025-09-22 10:50:00,92.83147411525287,93.11360958108511,92.7525816512226,93.04405217239491,2034.4086064049216,0.0022899351665806,92.64425048734242,92.45598608207524,0.2729385630180699,0.0034459228258445496,0.002140017045592852,1
2025-09-22 14:50:00,93.04405217239491,93.0875339537557,92.85472798943904,92.9153356259461,1715.560951130522,-0.0013833936016708,92.69846751506316,92.49774513151804,0.2640787986747505,0.005352285036663629,0.0021512689513521685,1
2025-09-22 18:50:00,92.9153356259461,92.97657894967163,92.7679292448395,92.85889876063028,5553.667260810444,-0.0006074009735382,92.7305537641766,92.53057727961917,0.2454616555179742,0.005725581964678428,0.002141065722243876,1
2025-09-22 22:50:00,92.85889876063028,93.22146471583028,92.83950361404106,93.1386597691307,2151.9315889517775,0.0030127538904116,92.81217496516742,92.58585750593838,0.2576170009663333,-0.0022809657566560393,0.0021823702632089467,-1
2025-09-23 02:50:00,93.1386597691307,93.21400787829197,93.01132483668422,93.07728497017268,1885.735178565756,-0.0006589615859853,92.86519696616848,92.63053272995968,0.267140327310701,0.0003110438299249729,0.002184950785825339,0
2025-09-23 06:50:00,93.07728497017268,93.27693308108589,93.0080578614484,93.1945571128585,2235.421851468908,0.0012599437416271,92.93106899550648,92.68180767385958,0.2659193576487401,0.001313361137583069,0.0021827363980025057,0
2025-09-23 10:50:00,93.1945571128585,93.21263392199556,92.9879492296251,93.03476966440148,1904.595570412322,-0.0017145577317733,92.95180912928548,92.7138951275452,0.2620258208524453,0.00022845796733150792,0.0020828001507134995,0
2025-09-23 14:50:00,93.03476966440148,93.52773944510096,93.01049619898612,93.46456975009208,2549.147610158429,0.0046197791131314,93.0543612534468,92.78213827504946,0.2754524070874851,-0.0032328976679761867,0.0022199933574453394,-1
2025-09-23 18:50:00,93.46456975009208,93.49736496906004,93.2944304133372,93.36467479558485,1771.1518512349105,-0.001068800239217,93.11642396187442,92.83509614055268,0.2732250056072851,-0.003646102965305986,0.002230694097003505,-1
2025-09-23 22:50:00,93.36467479558485,93.4407216065688,93.31377848798668,93.41264498649343,2685.5324955907477,0.0005137937984962,93.17566816679822,92.88760058109274,0.2683761242456149,-0.010145923346167929,0.002195869034468629,-1
2025-09-24 02:50:00,93.41264498649343,93.46320780240136,93.3853263287132,93.39056999663406,1176.152616413506,-0.0002363169339929,93.2186485327654,92.93332507341468,0.2666880669363546,-0.006262093828030779,0.002193631635732518,-1
2025-09-24 06:50:00,93.39056999663406,93.43696716579282,92.84896113236836,92.92621367557648,4425.470947915996,-0.0049721970973547,93.1601615613276,92.93267858270212,0.3000380107959292,-0.004632514879277183,0.0023192295001956274,-1
2025-09-24 10:50:00,92.92621367557648,93.1830779526174,92.9009786895188,93.10623608536883,4468.161178076411,0.0019372618626305,93.14937646613586,92.94845653749,0.2936135389638871,-0.005722072365789033,0.0021648975391696007,-1
2025-09-24 14:50:00,93.10623608536883,93.3321865753138,93.10456812128,93.3169552224048,2241.900950620606,0.0022632118523484,93.18289221738964,92.9819564179368,0.2788152713629271,-0.0032825200414281497,0.002190803889071583,-1
2025-09-24 18:50:00,93.3169552224048,93.36693986034985,92.99362120563538,93.05602419877016,2905.974053602085,-0.0027961802119749,93.15751861366576,92.988689852558,0.2796931802809236,0.0020145348986972955,0.0022556137927204436,1
2025-09-24 22:50:00,93.05602419877016,93.16953715003262,92.98419708259362,93.1624083605086,3203.196419616882,0.0011432270253797,93.15849656303432,93.00448244418986,0.2763027590753769,0.0007831770308777131,0.0022434036745002956,0
2025-09-25 02:50:00,93.1624083605086,93.24689841861,92.93761165369172,93.02425757795784,4872.804928244029,-0.0014829026533549,93.13164876601904,93.00628018362332,0.2834911205100994,0.002957240075350809,0.0022628875272911646,1
2025-09-25 06:50:00,93.02425757795784,93.0639679933616,92.45013496836152,92.46488745089768,1601.223431391236,-0.0060131641103547,92.99829650299478,92.95706266246644,0.3000534007394476,0.008070065469465204,0.002480504465549037,1
2025-09-25 10:50:00,92.46488745089768,92.81263592336327,92.44855716206013,92.80574948466186,1796.227509046131,0.0036863942969183,92.9597870993282,92.94330691902964,0.3115816664319776,0.006854788995964256,0.002566568983493612,1
2025-09-25 14:50:00,92.80574948466186,92.84307274119894,92.41802266404196,92.49573160804948,1650.2330762129998,-0.003340502914247,92.86697600107246,92.90261825439508,0.3227370133976563,0.0117814581454736,0.002573060743054062,1
2025-09-25 18:50:00,92.49573160804948,92.5807685148774,92.44271132348692,92.57347546478212,3055.5783502137792,0.0008405129121211,92.8082758938144,92.87269618261207,0.3165493347562287,0.011782372005086694,0.002472363091624948,1
2025-09-25 22:50:00,92.57347546478212,93.03114158959058,92.53762009206638,93.0106404466822,4044.5109296368782,0.0047223568058258,92.84874880438797,92.88523657025482,0.3148549241426122,0.003840085578371788,0.0025814434862398666,1
2025-09-26 02:50:00,93.0106404466822,93.2893257853311,92.96894696834632,93.2434888070526,3463.808994308777,0.0025034593811217,92.9276968049209,92.91780495541823,0.3232437999470363,-0.0016906204263544833,0.0026055622324734438,-1
2025-09-26 06:50:00,93.2434888070526,93.30179787193728,93.15447807939628,93.2353710188778,4920.794831302063,-8.706010766679206e-05,92.98923164771227,92.94667459755094,0.3246992766583838,0.001244696055875627,0.002602404177362206,0
2025-09-26 10:50:00,93.2353710188778,93.31524352694832,93.15456655031753,93.29935264044713,2847.3111845409376,0.0006862376464009,93.05125584625924,92.97873623781425,0.330613241154286,0.0008845863825879263,0.0025844849620959573,0
2025-09-26 14:50:00,93.29935264044713,93.31193362477968,93.15421770905796,93.21108514625315,1716.5348166051442,-0.0009460675952825,93.08322170625804,92.99985886585414,0.2998782327469464,0.0025169552882817747,0.002556997318962871,1
2025-09-26 18:50:00,93.21108514625315,93.52374707296713,93.17870110877264,93.44191331499154,2123.616563112998,0.0024764025477892,93.15496002800474,93.04004563395752,0.3043744256823655,-0.0022451205034623722,0.0025721935461635076,-1
2025-09-26 22:50:00,93.44191331499154,93.65149322202792,93.42035581194904,93.58546619862469,3599.763258203669,0.0015362793690796,93.24106126212874,93.08962932165454,0.3046257796855848,-0.004311918840293472,0.0025788215315352306,-1
2025-09-27 02:50:00,93.58546619862469,93.69830913199668,93.5398575375052,93.66421059051194,2090.371083427621,0.0008414168896708,93.32569112780538,93.14186398245975,0.2892781325267992,-0.0065991964928503455,0.002579215874277485,-1
2025-09-27 06:50:00,93.66421059051194,93.74854524997164,93.3198643039342,93.36780926569664,2538.34170695327,-0.0031645099333738,93.33411475538364,93.162404462754,0.3066596238552575,-0.005403236100752662,0.002649230100978908,-1
2025-09-27 10:50:00,93.36780926569664,93.40383166527724,93.03942724267988,93.08584946025084,6411.41576827933,-0.0030198824162558,93.28446169635708,93.1554449170719,0.310596599403764,-0.004210557924621328,0.0026666529983339795,-1
2025-09-27 14:50:00,93.08584946025084,93.41841205605546,93.00175554977092,93.3514207174531,2647.179946906048,0.0028529713027505,93.2978535005763,93.17326089892474,0.2965125623526542,-0.007916463129579943,0.002641522774041029,-1
2025-09-27 18:50:00,93.3514207174531,93.46588882051044,93.3447501265138,93.38188397729714,2477.4653066529336,0.0003263288293837,93.31465959592047,93.19222663332222,0.2791597004021895,-0.005840650076125886,0.0026135374497989663,-1
2025-09-27 22:50:00,93.38188397729714,93.45230332392389,93.3782330315272,93.4456932799385,4501.385581693793,0.0006833156488561,93.34086633272408,93.21526905574189,0.2540897157764539,-0.0057334401222102205,0.0026007798160439777,-1
2025-09-28 02:50:00,93.4456932799385,93.4713603695804,93.22770528987056,93.2321249595253,1321.6005755319504,-0.0022854806135731,93.31911805808434,93.21680141063128,0.2616324220849811,-0.005816139993325864,0.00263389945541442,-1
2025-09-28 06:50:00,93.2321249595253,93.29704356390954,93.11283216349666,93.1819332637452,4583.379762081047,-0.0005383519446959,93.29168109921652,93.21363157909616,0.2395388437198866,-0.008102195220585195,0.0025827809568916573,-1
2025-09-28 10:50:00,93.1819332637452,93.19852595862784,93.04513318864156,93.04610206047744,3521.109502844362,-0.0014576989176999,93.24256529146872,93.1984016228581,0.2276112689342793,-0.004115645335572404,0.0025933696692414976,-1
2025-09-28 14:50:00,93.04610206047744,93.06212707257129,92.8347865024911,92.86332094802404,4701.8098164866515,-0.0019644145042702,93.16671642277976,93.16793974332772,0.2333270387585062,-0.0005471884094462309,0.0026051600284339254,0
2025-09-28 18:50:00,92.86332094802404,92.93550045517333,92.61701618669773,92.69390609913587,2493.580042943087,-0.001824346223661,93.072154358051,93.12484577567392,0.2445989881759911,0.0008709965351454407,0.002607415404487769,0
2025-09-28 22:50:00,92.69390609913587,92.74453655290256,92.6035859293828,92.61240763724948,1970.3761068872457,-0.0008792213567873,92.9802050138907,93.0782604903626,0.2434014673044241,-0.0007705361318341986,0.002462738765475678,0
2025-09-29 02:50:00,92.61240763724948,92.88502590302886,92.52455056645044,92.83647306953635,2785.4287300445767,0.0024193889134653,92.95145862501984,93.05627981574204,0.24450356533185,-0.004319294772108129,0.0025037035015581296,-1
2025-09-29 06:50:00,92.83647306953635,92.9808480949354,92.79816787345976,92.90992799283954,1642.3895120726022,0.0007912291459861,92.9431524985838,93.04297510456908,0.241042337574477,-0.0024548136286296485,0.002506641525051875,-1
2025-09-29 10:50:00,92.90992799283954,92.97704407377134,92.62277438517825,92.68987386888544,3579.894995575672,-0.0023684672747897,92.89249677264412,93.0108749922342,0.2550293442960237,0.0014368265707409567,0.002536739602389221,0
2025-09-29 14:50:00,92.68987386888544,92.77133955667595,92.37617878387752,92.4269550494108,3806.950485236879,-0.0028365430709997,92.79938842799746,92.95779136106844,0.2526350462075259,0.007737208361665582,0.0024340261865843753,1
2025-09-29 18:50:00,92.4269550494108,92.73729285939892,92.37082096445508,92.66315730453904,1266.2877409707314,0.0025555559522865,92.77214220330578,92.93100644683848,0.2527827228037052,0.004043603693899556,0.0024536314952532446,1
2025-09-29 22:50:00,92.66315730453904,92.88590878804304,92.61961710416612,92.8125072151386,5557.266539448258,0.0016117507210413,92.78021520567236,92.9202337894112,0.2420423783460167,0.0013599828430028715,0.00243563247933848,0
2025-09-30 02:50:00,92.8125072151386,92.90161158825168,92.7234990247606,92.77464217017732,4852.131344298574,-0.000407973516689,92.77910059857336,92.90699818766268,0.2461119404527616,-0.000993423360977519,0.002388590648653779,0
2025-09-30 06:50:00,92.77464217017732,92.83006553760734,92.47509950939018,92.54104643090882,2424.3770759353147,-0.002517883484153,92.73148976504044,92.8737298461396,0.2661759215827958,0.0009575320053558656,0.0024150572854135617,0
2025-09-30 10:50:00,92.54104643090882,92.58725326770512,92.4145962008492,92.43548497674615,1846.797020571905,-0.0011406987302814,92.6722888073816,92.83388940346748,0.261104634950373,0.0022780501801007436,0.0024099743273092284,1
2025-09-30 14:50:00,92.43548497674615,92.7694356636698,92.41291328039114,92.68185143536772,1519.0899719756214,0.0026652800997748,92.67420133297884,92.82006777000385,0.2734125622979298,-0.0044642577665664485,0.0022145701633648316,-1
2025-09-30 18:50:00,92.68185143536772,92.90949470564,92.64394269760125,92.82305314249888,2392.8909738044817,0.0015235097804409,92.70397169488284,92.8203391675034,0.2814239364445358,-0.008205695077628805,0.002132289750520002,-1
2025-09-30 22:50:00,92.82305314249888,93.1616866982272,92.78649699975566,93.14208165886238,6810.926726301859,0.0034369534890621,92.79159368767876,92.84958848489966,0.2919845884724919,-0.010482394030563724,0.002125542693390724,-1
2025-10-01 02:50:00,93.14208165886238,93.18928000916772,92.9754743657592,93.03785038970408,5532.547504585688,-0.0011190566852484,92.84084502808382,92.86670320351824,0.2845075438248453,-0.009359462155206555,0.0021352889902676157,-1
2025-10-01 06:50:00,93.03785038970408,93.07148052210827,92.9149896627942,92.93873063256726,5533.215347625538,-0.0010653702414838,92.8604221489805,92.8732511516136,0.2856175606672967,-0.00702655047190226,0.001975384818074416,-1
2025-10-01 10:50:00,92.93873063256726,93.01742695683528,92.67210997529546,92.68247767333914,5191.8603210827005,-0.0027572246520259,92.82483325385223,92.8559081081341,0.2845348210216818,-0.0036662895021007946,0.001977308616479055,-1
2025-10-01 14:50:00,92.68247767333914,92.7331003236128,92.57415256479013,92.62965744467554,1233.3616040786762,-0.0005699052290094,92.7857980920169,92.8353398660015,0.2828396451178981,-0.0061922967683041286,0.001978365943924061,-1
2025-10-01 18:50:00,92.62965744467554,92.68351776643968,92.55174550025016,92.64605764994512,3087.070989602847,0.0001770513431875,92.75785000360256,92.81813239181456,0.2669469720890721,-0.006120306633489392,0.0019730338280764047,-1
2025-10-01 22:50:00,92.64605764994512,92.64877883224702,92.24048297561252,92.26809576027762,1824.6653382138095,-0.0040796327361883,92.65989915493758,92.76812906167484,0.2678851923630755,-0.003576253207883129,0.0020849385827306425,-1
2025-10-02 02:50:00,92.26809576027762,92.31996966661366,91.9834098286002,92.061375472237,2976.6522630698296,-0.0022404308481418,92.54019441839746,92.7038787353623,0.265748616868047,0.001092765223465797,0.0020475828157017965,0
2025-10-02 06:50:00,92.061375472237,92.23108489148692,92.05528083492,92.16572965808724,2353.2007483287584,0.0011335284239992,92.46530146633542,92.65495609197365,0.2592852149173349,0.0012403463376651214,0.0020361029465064562,0
2025-10-02 10:50:00,92.16572965808724,92.1978990962557,92.0948974939436,92.16706614997987,1994.1255085583573,1.4500963618546692e-05,92.40565440306432,92.6106024608833,0.2539201462616946,0.001910127708009135,0.0020240608221442197,1
2025-10-02 14:50:00,92.16706614997987,92.35593094041492,92.11362302590788,92.285691950983,4165.3455510537315,0.0012870736365859,92.38166191264806,92.58106514180145,0.2458731381395427,-0.00026010055576453084,0.0019877768542274766,0
2025-10-02 18:50:00,92.285691950983,92.38907246652832,92.23430716089068,92.34267687841668,2427.7985737241647,0.0006174838832433,92.37386490580178,92.55939348149374,0.2445951551953819,0.0015089176846430075,0.001934182050276389,1
2025-10-02 22:50:00,92.34267687841668,92.39125436357293,92.00145727029027,92.05606711623176,2752.6856141407347,-0.00310376276575,92.31030534788778,92.5136365391972,0.2469719201956652,0.005269742878949213,0.0019125700912039905,1
2025-10-03 02:50:00,92.05606711623176,92.12786818097923,92.04564445483588,92.07903536874352,2584.558513475507,0.0002495028652784,92.26405135205891,92.47412734188322,0.2338770429174234,0.005356597953134923,0.0019116318334073176,1
2025-10-03 06:50:00,92.07903536874352,92.10681012628692,91.85654993450272,91.93812168682966,1827.026579262419,-0.0015303557574158,92.19886541901307,92.42539955506015,0.2249535067254697,0.007802523320142418,0.0019098279890511498,1
2025-10-03 10:50:00,91.93812168682966,92.16571382075912,91.88539869210646,92.16197694177748,3314.9910648135624,0.0024348469474972,92.19148772356596,92.40145204476174,0.2297041842429073,0.006429243430834841,0.0019498553069640036,1
2025-10-03 14:50:00,92.16197694177748,92.34125508118504,92.13285154718972,92.28004708332688,4289.876594064022,0.0012811155475103,92.20919959551814,92.39041523008584,0.233412232434425,0.009338424471870388,0.0019708674703768246,1
2025-10-03 18:50:00,92.28004708332688,92.34490272207528,92.27018477153776,92.34311701679886,2951.701500558372,0.0006834623026907,92.23598307977429,92.38611539251428,0.2140837302199756,0.0034457505906952957,0.0019667078512849343,1
2025-10-03 22:50:00,92.34311701679886,92.41866558088137,92.21449072484144,92.26168839121743,2520.274774035017,-0.0008818050355242,92.24112414206292,92.37480384694184,0.2173142371640659,0.0048248298084572205,0.0019451942053762528,1
2025-10-04 02:50:00,92.26168839121743,92.5428100278116,92.21837665570014,92.4820143766058,2821.061481050856,0.0023880549904324,92.2893021889715,92.38455025872948,0.2310757447299179,0.003951087353290861,0.0019741299515999827,1
2025-10-04 06:50:00,92.4820143766058,92.55806348416156,92.39124201600056,92.5411789203816,2361.8097336445467,0.0006397410801939,92.33967753525351,92.39878922797058,0.2138275741246695,0.004927162293867138,0.0019722961693840646,1
2025-10-04 10:50:00,92.5411789203816,92.61558379515886,92.46234549193836,92.57226574112636,2726.8235785459437,0.0003359241918834,92.3861951764281,92.41455982007564,0.2007331787823147,0.005322509883788795,0.0019228669387792976,1
2025-10-04 14:50:00,92.57226574112636,92.6761276626134,92.51103359257333,92.65547102530124,2571.80078857827,0.0008988143858068,92.44005034620274,92.43646083873251,0.1999681797446827,0.0044364689776961175,0.001924545815807444,1
2025-10-04 18:50:00,92.65547102530124,92.7821930567634,92.60557258219708,92.75450872660316,6923.776919195684,0.0010688813105799,92.50294202228282,92.4653742830844,0.2052266706199848,0.007297449588317573,0.001888510555902442,1
2025-10-04 22:50:00,92.75450872660316,93.1429010008358,92.72304362284322,93.14179733327516,1864.645388038128,0.0041754154271198,92.6307130844813,92.52686728764718,0.2179087751546668,0.004555421842908469,0.001951695162252922,1
2025-10-05 02:50:00,93.14179733327516,93.21994405209254,92.6162064739854,92.66130836680614,3167.9406142341845,-0.0051586825702938,92.63683214094628,92.53908920393437,0.2499782231881998,0.01180975344576729,0.0021254791078302937,1
2025-10-05 06:50:00,92.66130836680614,92.73806807733588,92.57078536045177,92.70683533554596,2073.4559011860865,0.0004913266339776,92.6508327798662,92.55433885226267,0.234084339159734,0.01197607642453602,0.002107248973479062,1
2025-10-05 10:50:00,92.70683533554596,92.86370385573215,92.67446821545212,92.84741889401607,4154.244995773007,0.0015164314255931,92.6901500026962,92.58098249242208,0.2417280473123528,0.0095348628783396,0.0021236120360017805,1
2025-10-05 14:50:00,92.84741889401607,92.99909698265805,92.80416678295263,92.99714432778812,1515.658446906682,0.0016125966187918,92.75154886771458,92.61881538654625,0.2377759050210091,0.008326425983528729,0.0020892093072288798,1
2025-10-05 18:50:00,92.99714432778812,93.07097652977112,92.94186792033648,93.06498254049824,2475.096960281015,0.0007294655465013,92.81423560227132,92.65937603690551,0.226975439362579,0.009296178460054927,0.0020778995882808453,1
2025-10-05 22:50:00,93.06498254049824,93.15644350895946,93.06397390064016,93.0665341481188,2576.061878140625,1.667230335411496e-05,92.8646953114408,92.69639041065216,0.2186944446714339,0.01214406312154237,0.002029299290739482,1
2025-10-06 02:50:00,93.0665341481188,93.4715770569844,93.01484962271822,93.43138007812472,2095.186783617632,0.0039202698730056,92.9780322647776,92.76320765314968,0.2459808363663366,0.008573686100460609,0.002124341083172632,1
2025-10-06 06:50:00,93.43138007812472,93.5708482783244,93.38699628486326,93.56609751133492,5060.80424444147,0.0014418863672733,93.09564531408908,92.83619764025742,0.2445292033249931,0.009023426132688694,0.002054600692373794,1
2025-10-06 10:50:00,93.56609751133492,93.7900281502974,93.51468986001804,93.75561557258033,2443.766496246888,0.0020254992597339,93.22763936578733,92.9197810886504,0.2410224117655569,0.006876508099852963,0.0020674018262360288,1
2025-10-06 14:50:00,93.75561557258033,93.90722750084912,93.71272682857068,93.81709948060134,2370.81368920146,0.0006557890708256,93.34553138875012,93.00135548791869,0.242999497773946,0.0064632155729282825,0.0020546343246688778,1
2025-10-06 18:50:00,93.81709948060134,93.90867573576996,93.66074200039418,93.73270630177828,3666.96953038376,-0.0008995500744564,93.42296637135576,93.06784192554228,0.2497634572136086,0.007918633588284374,0.0019908364842654933,1
2025-10-06 22:50:00,93.73270630177828,93.84979754464392,93.66455821782648,93.77147816671298,1821.0589217225056,0.000413642862395,93.4926687304272,93.13180885655778,0.2512024041262768,0.00579158747690478,0.0019836904026298593,1
2025-10-07 02:50:00,93.77147816671298,94.01752421488922,93.7383047218347,93.9301312265766,1254.468394065432,0.0016919116874913,93.5801612296571,93.20438361746858,0.2585309054468619,0.003282671775553192,0.001996605307167306,1
2025-10-07 06:50:00,93.9301312265766,94.27823467027808,93.91746952065478,94.19674001331674,3138.9220355466314,0.0028383734086034,93.70347698638903,93.29459783527297,0.2543100319919124,0.00025072365850409284,0.0018623363888159753,0
2025-10-07 10:50:00,94.19674001331674,94.25079708694489,94.14420113481168,94.2324314028474,1373.1534033017276,0.000378902598175,93.80926786968072,93.37985543232516,0.2187999158509177,0.001299851664861018,0.0017873234261555084,0
2025-10-07 14:50:00,94.2324314028474,94.4565410300414,94.16665398190948,94.4103842807524,1116.5970716199035,0.0018884462096093,93.92949115189504,93.47353987309128,0.2275573680829044,0.00031811034982442976,0.0017977701302953947,0
2025-10-07 18:50:00,94.4103842807524,94.49934780476374,94.347159226585,94.40032682247188,2985.6162279509745,-0.0001065291530919,94.02365828601042,93.55779323212587,0.2249111493613834,-0.000630094474991183,0.001799502155095162,0
2025-10-07 22:50:00,94.40032682247188,94.50440463434016,94.34715173595632,94.42345961897134,3274.027343427349,0.0002450499619874,94.1036185526026,93.63649017638456,0.2222199135527002,-0.004336543436929796,0.001798898390609259,-1
2025-10-08 02:50:00,94.42345961897134,94.52259238726928,94.34751659420242,94.47494125822034,3240.6455234199375,0.0005452208535543,94.17788309372617,93.71271300200598,0.2255032838121441,-0.0059225338406740935,0.0017990732953533967,-1
2025-10-08 06:50:00,94.47494125822034,94.56763470739092,94.3116498872309,94.31456388535416,3508.6793652487063,-0.0016975652033255,94.20521925205176,93.767426718674,0.2371829418007668,-0.0014419334631932124,0.001718136258611569,0
2025-10-08 10:50:00,94.31456388535416,94.40344738430524,94.15558938112312,94.2384730172281,5246.6728579277,-0.0008067775006471,94.21187000508704,93.81024910945165,0.2222636967233354,-0.001937453070183337,0.001738272015700225,-1
2025-10-08 14:50:00,94.2384730172281,94.3268727136102,94.1758189154245,94.22035736459203,1112.7198161682288,-0.000192232026433,94.21356747698805,93.84753167810076,0.2199209684893769,0.0025232403215154076,0.0016978635207821585,1
2025-10-08 18:50:00,94.22035736459203,94.4208376398512,94.13979181158992,94.35491958569028,7704.541559265583,0.0014281650469392,94.2418378987285,93.893657851518,0.2203286497737987,0.0036679225246456504,0.0016751565992411857,1
2025-10-08 22:50:00,94.35491958569028,94.52768509344943,94.34356252364738,94.440417201123,2096.127813227018,0.0009061277971318,94.2815537592074,93.94336324693664,0.2195873567397695,0.004344195273239482,0.0016725334261220987,1
2025-10-09 02:50:00,94.440417201123,94.48862752179652,94.31543724287364,94.34084569810368,3964.9201459789983,-0.0010543314607268,94.29341214698668,93.97949801522454,0.2142485384217078,0.006689166600029051,0.0017018733920886116,1
2025-10-09 06:50:00,94.34084569810368,94.35534539924537,93.97117560289747,94.01398818486848,1449.0552664331094,-0.0034646447232535,94.23752735456304,93.98263348519215,0.2284578576738809,0.010878235726104135,0.0018339867127539478,1
2025-10-09 10:50:00,94.01398818486848,94.05985009265854,93.85342910826866,93.91541022152283,3453.9711635866056,-0.001048545703133,94.173103927955,93.97652227940404,0.2232579641978347,0.013837653774624314,0.001825887598748475,1
2025-10-09 14:50:00,93.91541022152283,94.19362902405848,93.84319857069966,94.1785685596214,1299.850496236171,0.0028020783541045,94.1741968542883,93.99489012306016,0.2225197716075158,0.010845715150443747,0.0018713460416675217,1
2025-10-09 18:50:00,94.1785685596214,94.19922964270982,94.0072083822005,94.05589039835148,2939.3238260693774,-0.0013026122943489,94.15053556310092,94.0004356026321,0.2286215793486669,0.013252124415589206,0.001899594681573911,1
2025-10-09 22:50:00,94.05589039835148,94.489906247143,94.0272687412447,94.45809796940196,2547.8533207491396,0.0042762613733924,94.21204804436114,94.04204127233844,0.2409608977605515,0.009496823948097921,0.0020129855230273564,1
2025-10-10 02:50:00,94.45809796940196,94.77775898814036,94.36740324519636,94.70100612054976,2451.751305609435,0.002571596891846,94.30983965959886,94.10194716763036,0.2594014095294982,0.007118164491316081,0.0020414996687500527,1
2025-10-10 06:50:00,94.70100612054976,94.85369509048584,94.61285262785144,94.85068481513088,3192.655929683434,0.0015805396448544,94.41800869070528,94.17001422649405,0.2653720926902534,0.008626533186574248,0.001946317545687158,1
2025-10-10 10:50:00,94.85068481513088,95.0437807003568,94.77844323360912,94.97190733216593,3851.137873015463,0.0012780352326533,94.5287884189974,94.24291359973694,0.2718193550960269,0.011301025244374818,0.001644340912057103,1
2025-10-10 14:50:00,94.97190733216593,95.0919719157252,94.9455158991107,95.03669450989464,5345.167289361694,0.000682172018533,94.63036963717686,94.31507550066036,0.2639958691284901,0.01247445328349861,0.0016436386640267266,1
2025-10-10 18:50:00,95.03669450989464,95.22312150889972,94.96981576081612,95.21497915227008,4275.558470118298,0.0018759558431074,94.7472915401955,94.39688492353396,0.2643849937643087,0.00851747086297272,0.00165007045848538,1
2025-10-10 22:50:00,95.21497915227008,95.30221647381627,95.11826751455612,95.2000024874956,821.5793605572015,-0.0001572931581544,94.83783372965551,94.46989561116683,0.2667346481267683,0.009870995305226282,0.0016512184385034008,1
2025-10-11 02:50:00,95.2000024874956,95.39346496630176,95.18352465243206,95.30233075992945,5705.971166252317,0.001074876783194,94.93073313571033,94.54557153378164,0.2616556828130844,0.008051316893989302,0.001652321943976362,1
