timestamp,open,high,low,close,volume,ret_1,ema9,ema21,atr
2025-08-30 19:50:00,100.10408250073046,100.1305905998076,100.03993119856702,100.10408250073046,4056.030892142906,0.0,100.10408250073046,100.10408250073046,0.0
2025-08-30 20:50:00,100.10408250073046,100.10618722213498,99.93393341553241,99.97183836854485,2438.863003388407,-0.0013210663229907826,100.07763367429334,100.0920603068954,0.0
2025-08-30 21:50:00,99.97183836854485,100.05935423143252,99.75729446832622,99.77892603918482,8174.183144221497,-0.0019296667192300054,100.01789214727164,100.06359355528535,0.0
2025-08-30 22:50:00,99.77892603918482,99.8477645489222,99.66617450078398,99.74080405480996,3197.371804221104,-0.0003820644888470337,99.96247452877931,100.03424905524213,0.0
2025-08-30 23:50:00,99.74080405480996,99.76794395393438,99.45754911584888,99.51478540143059,10425.303769392389,-0.002266060069609721,99.87293670330958,99.9870250867138,0.0
2025-08-31 00:50:00,99.51478540143059,99.58304256353014,99.38159439280358,99.42635360289596,2191.433881737504,-0.000888629746604086,99.78362008322686,99.93605495182126,0.0
2025-08-31 01:50:00,99.42635360289596,99.51911509274753,99.3483249707401,99.42590994003424,2720.530220607054,-4.462226015911064e-06,99.71207805458835,99.8896781325679,0.0
2025-08-31 02:50:00,99.42590994003424,99.43002553815019,99.3603389748292,99.39114512462861,9220.869089652999,-0.00034965549147703,99.6478914685964,99.84435695002796,0.0
2025-08-31 03:50:00,99.39114512462861,100.09628375368759,99.34062149190808,100.00275227535329,4143.259242811844,0.006153537621060412,99.71886362994778,99.85875652505753,0.0
2025-08-31 04:50:00,100.00275227535329,100.50041660324943,99.94835607278478,100.4501444107654,2150.1066923893413,0.004473798222875303,99.86511978611131,99.91251906012188,0.0
2025-08-31 05:50:00,100.4501444107654,100.53146352152065,100.36048146037191,100.36515214362174,3317.1775657356297,-0.0008461139368411974,99.9651262576134,99.95366752225823,0.0
2025-08-31 06:50:00,100.36515214362174,100.7062724265753,100.32121330500672,100.60935204216375,1895.3682896877233,0.00243311441597327,100.09397141452348,100.013275205886,0.0
2025-08-31 07:50:00,100.60935204216375,100.84476114068822,100.57416704787805,100.84356972665958,2937.8410988822184,0.0023279911831424194,100.2438910769507,100.08875652595633,0.0
2025-08-31 08:50:00,100.84356972665958,100.93281505230539,100.58442366741086,100.61939823531661,5819.159695843861,-0.0022229626732829244,100.3189925086239,100.13699668135271,0.28440229756388036
2025-08-31 09:50:00,100.61939823531661,100.69016557329292,100.59619943049309,100.60451384953237,3127.181891542338,-0.0001479275969176186,100.3760967768056,100.17949824209632,0.28463849338954056
2025-08-31 10:50:00,100.60451384953237,100.69038507050227,100.54945392720269,100.670141391013,2819.9765813248796,0.0006523319776565728,100.43490569964709,100.2241021647251,0.28240116029647006
2025-08-31 11:50:00,100.670141391013,100.74911813207116,100.44101800466123,100.45655247979195,7694.9138923224655,-0.0021216709172131587,100.43923505567606,100.24523401154936,0.28283261488958644
2025-08-31 12:50:00,100.45655247979195,100.4979324502525,100.16783379796257,100.21380864933099,1356.0060112277797,-0.0024164061424445382,100.39414977440705,100.2423771604386,0.29344037232899467
2025-08-31 13:50:00,100.21380864933099,100.29927867046992,100.20235845664419,100.25739370220221,2971.1070202396086,0.0004349206307858733,100.3667985599661,100.24374230059892,0.2781921848818679
2025-08-31 14:50:00,100.25739370220221,100.29230658390935,100.12625283935101,100.14897287223712,1499.1576855638082,-0.0010814247803720978,100.32323342242032,100.23512689802058,0.2756640115841376
2025-08-31 15:50:00,100.14897287223712,100.42275313690337,100.0592506062775,100.33425227884074,2425.3743125527362,0.0018500380112731474,100.3254371937044,100.24413829627696,0.28942918362831144
2025-08-31 16:50:00,100.33425227884074,100.33672360760018,100.29225670772666,100.33601916029899,5977.934164841148,1.7609952913666405e-05,100.32755358702333,100.25249110209714,0.2876277790963491
2025-08-31 17:50:00,100.33601916029899,100.45788131305093,100.26120061426852,100.43103471288508,2666.686395797793,0.0009469735134128854,100.34824981219569,100.2687223394415,0.24770052459655695
2025-08-31 18:50:00,100.43103471288508,100.51478069027995,100.19524676265475,100.25433404459146,4245.487010711414,-0.0017594229592354793,100.32946665867485,100.26741431263694,0.23109148153659578
2025-08-31 19:50:00,100.25433404459146,100.29203090752011,99.77778114764286,99.78591895565503,8141.173978039798,-0.0046722677218929975,100.22075711807089,100.22364200745676,0.25561060287434756
2025-08-31 20:50:00,99.78591895565503,99.81350368478465,99.62536225561934,99.6561033899678,1912.4461194872495,-0.0013009407243613769,100.10782637245028,100.17204758768503,0.24154505341697177
2025-08-31 21:50:00,99.6561033899678,99.89976070064942,99.62403289801856,99.87481246069095,4395.178172125294,0.002194637992891435,100.06122359009842,100.14502621250375,0.24191174697559298
2025-08-31 22:50:00,99.87481246069095,99.9015296077216,99.79843550739434,99.83290496026702,2948.052050555923,-0.00041960029151921763,100.01555986413214,100.1166515532095,0.224390512363645
2025-08-31 23:50:00,99.83290496026702,99.85080991377794,99.68158228710392,99.75826644557884,8891.641992890474,-0.0007476344068909624,99.9641011804215,100.08407108887943,0.22976633264037258
2025-09-01 00:50:00,99.75826644557884,99.98078084768066,99.7128922225224,99.89285343868744,3984.9843861873765,0.0013491312339717343,99.94985163207468,100.0666876661347,0.238834724201707
2025-09-01 01:50:00,99.89285343868744,100.06836655553134,99.83989631229954,99.99842526137414,3327.224727398654,0.0010568506059493998,99.95956635793458,100.06048199297464,0.23314687533184042
2025-09-01 02:50:00,99.99842526137414,100.0508205716623,99.75636059282417,99.803181323203,2563.8451675627316,-0.0019524701280125845,99.92828935098827,100.0370910229954,0.230601255799569
2025-09-01 03:50:00,99.803181323203,99.8985066829868,99.53116867551614,99.53716101349127,3300.6750182065402,-0.0026654491989613893,99.85006368348887,99.9916428403132,0.24991681248849318
2025-09-01 04:50:00,99.53716101349127,99.5800417288887,99.34234992999689,99.41222179023839,4468.394931306752,-0.0012552017957990769,99.76249530483878,99.93896819939731,0.25503381636945577
2025-09-01 05:50:00,99.41222179023839,99.72543579925382,99.37836145337774,99.67606125177366,8972.41496590475,0.002653994215036981,99.74520849422576,99.91506756779516,0.25386037460161404
2025-09-01 06:50:00,99.67606125177366,99.68961050303433,99.50135331025518,99.5703460878543,4630.150997019283,-0.0010605872923923343,99.71023601295148,99.8837292514369,0.2641311098091594
2025-09-01 07:50:00,99.5703460878543,99.75422124987257,99.49034107776869,99.71282718129794,1584.580515926202,0.0014309591062173777,99.71075424662078,99.86819269960608,0.2689310721892641
2025-09-01 08:50:00,99.71282718129794,99.99547283032702,99.66742531390992,99.98639885889324,2910.4047814711644,0.002743595636877094,99.76588316907528,99.87893871408673,0.2695391856743998
2025-09-01 09:50:00,99.98639885889324,100.54764774167299,99.94852690531857,100.46062099740773,2947.1219230229613,0.004742866469105822,99.90483073474178,99.93181892166136,0.2756014054227681
2025-09-01 10:50:00,100.46062099740773,100.47812988853214,100.25457905387759,100.2640186749566,2097.9204530328548,-0.001957008830914986,99.97666832278475,99.96201889923366,0.27813064867199905
2025-09-01 11:50:00,100.2640186749566,100.26571594556339,100.13160453725398,100.2288642135474,4979.295751636943,-0.000350618914679357,100.02710750093729,99.98627756417126,0.2680151919347519
2025-09-01 12:50:00,100.2288642135474,100.56333071749775,100.20112786052557,100.52060913496265,3220.0024587594794,0.002910787463316522,100.12580782774236,100.03485316151593,0.2865229602665319
2025-09-01 13:50:00,100.52060913496265,100.63720998241179,100.48754277166695,100.57693708363573,1765.398053195589,0.0005603621899807898,100.21603367892104,100.08413351807226,0.2851257877001621
2025-09-01 14:50:00,100.57693708363573,100.78745991434583,100.50891173825573,100.76960245742387,2832.524458254028,0.0019156019200299301,100.32674743462161,100.14644887619514,0.2858871841952931
2025-09-01 15:50:00,100.76960245742387,100.83643673616749,100.74808132455749,100.8011696163289,2845.187902869895,0.0003132607267988252,100.42163187096307,100.20596894348002,0.275878981936593
2025-09-01 16:50:00,100.8011696163289,100.90151028441271,100.76526448683431,100.89045581002752,4682.026661210718,0.0008857654533023229,100.51539665877597,100.26819502225706,0.2645779689894689
2025-09-01 17:50:00,100.89045581002752,100.95965963929699,100.4452879022863,100.5103221124755,4024.8355345471705,-0.003767786501706283,100.51438174951589,100.29020657591327,0.275080378242328
2025-09-01 18:50:00,100.5103221124755,100.57067850663249,100.38637196090743,100.40177800438963,3801.2058830426663,-0.0010799299594763667,100.49186100049064,100.30034943304749,0.2712671458732743
2025-09-01 19:50:00,100.40177800438963,100.46900465898321,99.94475025273914,100.03678180408906,6697.964836239884,-0.0036353559424476822,100.40084516121033,100.2763887395058,0.2839228644709877
2025-09-01 20:50:00,100.03678180408906,100.09700701300861,99.92669746855086,99.93451270171953,4485.278911564622,-0.0010223149977957036,100.30757866931218,100.24530909970704,0.28264088959088796
2025-09-01 21:50:00,99.93451270171953,100.01882698023228,99.93221096194489,99.98394172212919,3624.0831650705077,0.0004946141135164783,100.24285127987558,100.22154842901814,0.26997916431828123
2025-09-01 22:50:00,99.98394172212919,100.03407070072628,99.84064428576468,99.87921183757004,3324.5612800980784,-0.0010474670507610861,100.17012339141448,100.19042692070468,0.26036337135717347
2025-09-01 23:50:00,99.87921183757004,99.96599622409502,99.6598217922888,99.70256531949143,6019.303444478382,-0.0017686014419685536,100.07661177702987,100.14607586604893,0.23943862817515996
2025-09-02 00:50:00,99.70256531949143,99.71875656222473,99.44035791910541,99.45488682076096,1121.0590632803103,-0.002484173781655441,99.95226678577609,100.08324049829548,0.24335632877978647
2025-09-02 01:50:00,99.45488682076096,99.54556223259041,99.37757062695637,99.45263831457108,4232.386631891812,-2.260830273670411e-05,99.8523410915351,100.0259130270478,0.24577634287440325
2025-09-02 02:50:00,99.45263831457108,99.48826242245609,99.22469380047727,99.32400389245429,2315.268386308015,-0.0012934239281808813,99.74667365171894,99.96210310572113,0.23873104037487788
2025-09-02 03:50:00,99.32400389245429,99.59388964717,99.27437028496693,99.52016682698861,1770.6942293902625,0.001974980134175075,99.70137228677288,99.9219270803818,0.2508633369076086
2025-09-02 04:50:00,99.52016682698861,99.59859639913137,99.42404488559029,99.46415899380693,3347.8521272724074,-0.0005627787308580823,99.6539296281797,99.88031179978408,0.2434350038683927
2025-09-02 05:50:00,99.46415899380693,99.80704222621917,99.39053654155113,99.79680129607533,3431.6699816755786,0.0033443433859337013,99.68250396175883,99.87271993581055,0.2668743090868243
2025-09-02 06:50:00,99.79680129607533,99.99717819110192,99.78564918825992,99.91895285505964,706.1192137213326,0.0012240027475622917,99.729793740419,99.87692292846955,0.27225168089136736
2025-09-02 07:50:00,99.91895285505964,100.00548046425274,99.67814952091152,99.71514168108932,1557.4283168131562,-0.0020397649109270555,99.72686332855307,99.86221554234407,0.25889162420069106
2025-09-02 08:50:00,99.71514168108932,99.78144360694579,99.51818353995444,99.53264727506557,2656.562392555264,-0.0018301574158857692,99.68802011785557,99.8322547907733,0.2645311614339972
2025-09-02 09:50:00,99.53264727506557,99.8240600204893,99.53171495823935,99.78672029733491,4165.739998652374,0.0025526601494600953,99.70776015375145,99.82811529136981,0.24796620829156016
2025-09-02 10:50:00,99.78672029733491,99.83674853532564,99.45843335870993,99.47114815890869,2207.879221949975,-0.0031624662829473627,99.6604377547829,99.79566373387334,0.2628237534457004
2025-09-02 11:50:00,99.47114815890869,99.64261374770916,99.44104388582383,99.55376847732273,1357.942902865672,0.0008305958053491658,99.63910389929087,99.7736732560051,0.27103474227412505
2025-09-02 12:50:00,99.55376847732273,99.63261125424391,99.43918829442644,99.49759979952925,1493.8451368866677,-0.0005642044359804865,99.61080307933855,99.74857566905274,0.27103449547811614
2025-09-02 13:50:00,99.49759979952925,99.56768960023705,99.18587734697171,99.21868827926993,3816.1031316442386,-0.0028031984773631002,99.53238011932483,99.7004040881634,0.2764371970109098
2025-09-02 14:50:00,99.21868827926993,99.288119497907,98.78462059425217,98.83894699224709,4220.674974243622,-0.0038273161398181266,99.39369349390928,99.62208980671646,0.2925157870491607
2025-09-02 15:50:00,98.83894699224709,98.86426808148346,98.5442202603927,98.5498509041464,1418.2663345429,-0.002924920761482541,99.22492497595671,99.52461354284645,0.30337694529606857
2025-09-02 16:50:00,98.5498509041464,98.60823207625315,98.53841303932526,98.5552224061896,3054.5963705482386,5.450543043883371e-05,99.09098446200329,99.43648707587765,0.2895376892210016
2025-09-02 17:50:00,98.5552224061896,98.56562356127695,98.44525253420538,98.46384692685378,4848.280514093264,-0.0009271500495349194,98.9655569549734,99.3480652441482,0.2753128081401804
2025-09-02 18:50:00,98.46384692685378,98.55421557004352,98.231964200238,98.32237347824359,1687.954669930046,-0.0014368060260258053,98.83692025962745,99.25482053815688,0.28586279787335556
2025-09-02 19:50:00,98.32237347824359,98.41329141567259,97.99501356124487,98.07928833600343,1685.511240384771,-0.002472327850119971,98.68539387490264,99.14795397432475,0.2859893814276181
2025-09-02 20:50:00,98.07928833600343,98.21910628034088,98.01549424921467,98.20379376561237,4005.531249089868,0.001269436511227573,98.5890738530446,99.06212122807817,0.285423883447919
2025-09-02 21:50:00,98.20379376561237,98.42353824348957,98.16130634617197,98.34427224331739,2866.703422534903,0.0014304791324080135,98.54011353109917,98.99686222946355,0.28077395158908913
2025-09-02 22:50:00,98.34427224331739,98.42871024431749,98.26338097256415,98.37402973882718,3919.0519808607237,0.00030258493790213947,98.50689677264478,98.94024109395114,0.27377889478637385
2025-09-02 23:50:00,98.37402973882718,98.44179427951993,98.21676872247001,98.23048404216645,1027.8672209325691,-0.0014591828457349854,98.45161422654913,98.87571772560707,0.2689703587006572
2025-09-03 00:50:00,98.23048404216645,98.4436912808212,98.143200099926,98.42772439059115,1429.0220302104874,0.002007934200344952,98.44683625935754,98.83499105878744,0.2634115018634771
2025-09-03 01:50:00,98.42772439059115,98.56055740012812,98.42242298954557,98.49427780272295,4256.206381085703,0.000676165303463705,98.45632456803062,98.80401712641793,0.25888039819899283
2025-09-03 02:50:00,98.49427780272295,98.52369471871155,98.30186769298876,98.37159794986,2632.474805990782,-0.0012455530981064777,98.4393792443965,98.7647062921854,0.26090926004937287
2025-09-03 03:50:00,98.37159794986,98.4682916212529,98.33390069431945,98.33414093968099,4162.534564516661,-0.0003807705776834869,98.41833158345341,98.72556398741226,0.24323630816852365
2025-09-03 04:50:00,98.33414093968099,98.7281647094215,98.27715055731511,98.71753900037524,1514.259951761146,0.0038989313073820586,98.47817306683778,98.72483444313616,0.23948739734363553
2025-09-03 05:50:00,98.71753900037524,98.8109685363798,98.46851283684414,98.52404606000695,1943.1466511483725,-0.001960066492009638,98.48734766547163,98.70658095376078,0.24108796008970046
2025-09-03 06:50:00,98.52404606000695,98.60617505217404,98.34322980814275,98.3969991670769,2880.710112979134,-0.001289501375660862,98.46927796579268,98.67843715497133,0.25488268916851503
2025-09-03 07:50:00,98.3969991670769,98.42247048103937,98.36746904594412,98.41417024695558,2847.5482224143016,0.0001745081661435055,98.45825642202527,98.65441289060627,0.2502134325987778
2025-09-03 08:50:00,98.41417024695558,98.4206963949424,98.35989994205109,98.37012454104563,2888.45784993395,-0.0004475545117073043,98.44063004582935,98.62856849519166,0.2315380813906194
2025-09-03 09:50:00,98.37012454104563,98.43901751187624,98.08381493346945,98.13830025752519,1935.1822246171994,-0.0023566533498055042,98.38016408816853,98.58399865540379,0.22703270453198193
2025-09-03 10:50:00,98.13830025752519,98.18867082559338,97.93774407527685,98.01260105162348,3764.753120732427,-0.0012808374057005079,98.30665148085953,98.53205341869649,0.23041232733128986
2025-09-03 11:50:00,98.01260105162348,98.07578879287885,97.95149215852987,98.06245641035318,2354.6868843374486,0.0005086627453487758,98.25781246675827,98.48936278157437,0.22055980854781662
2025-09-03 12:50:00,98.06245641035318,98.23141030916045,97.96576221438747,98.2095853185243,2278.719779200301,0.0015003591951179285,98.24816703711149,98.46392846675164,0.2277254387635058
2025-09-03 13:50:00,98.2095853185243,98.24909204062006,98.0574368050413,98.12953929248434,1603.869355968539,-0.0008150530905954856,98.22444148818606,98.43352945090915,0.22534184437270813
2025-09-03 14:50:00,98.12953929248434,98.22196065678006,97.98991075215048,98.04154108230281,4734.387793385349,-0.0008967555622495516,98.18786140700942,98.39789414467221,0.22045318178230694
2025-09-03 15:50:00,98.04154108230281,98.13037315888882,97.96668526273953,98.115048209082,1394.9637890177864,0.0007497549096815437,98.17329876742394,98.37218087780037,0.22227843075135922
2025-09-03 16:50:00,98.115048209082,98.40774535802984,98.0488035377414,98.33760090428657,4392.433315506793,0.002268282992944348,98.20615919479647,98.36903724384457,0.23207234464890547
2025-09-03 17:50:00,98.33760090428657,98.34047923500377,98.18217988670594,98.18906845283044,2697.832010727827,-0.0015104339549700807,98.20274104640328,98.35267644466147,0.23378008903207562
2025-09-03 18:50:00,98.18906845283044,98.2269155662994,98.00430077873604,98.07131290589342,3327.2370721609936,-0.0011992734913620628,98.17645541830132,98.3270979411371,0.21746584870757296
2025-09-03 19:50:00,98.07131290589342,98.50422128586116,98.02300592202877,98.4356043521915,3131.1937705993546,0.0037145566374505723,98.22828520507936,98.33696216032386,0.2273772533001964
2025-09-03 20:50:00,98.4356043521915,98.65431588116431,98.41984562044604,98.64024698560496,2590.6540984853777,0.0020789493269250947,98.31067756118449,98.36453350807669,0.22534332592069514
2025-09-03 21:50:00,98.64024698560496,98.96495733762923,98.58499699138531,98.90901895870543,3489.01857639555,0.002724769871467414,98.43034584068869,98.41403218540657,0.24855467671702872
2025-09-03 22:50:00,98.90901895870543,99.00425482400054,98.82784144651929,98.9612662951208,4513.03562768464,0.0005282363222829378,98.53652993157512,98.46378074083513,0.2568130284734532
2025-09-03 23:50:00,98.9612662951208,99.12232671212254,98.9365222333818,99.06143553510717,2885.7153628971178,0.0010122065302564653,98.64151105228153,98.51811299485986,0.24471316421159323
2025-09-04 00:50:00,99.06143553510717,99.08540585585777,98.79934267404592,98.82185825487173,1603.0575798634668,-0.002418471718497628,98.67758049279958,98.54572620031549,0.24722290931840263
2025-09-04 01:50:00,98.82185825487173,99.1170110982471,98.79003651999908,99.08920546025752,1739.8292655271214,0.0027053448508960187,98.75990548629117,98.59513340576476,0.26169990531119175
2025-09-04 02:50:00,99.08920546025752,99.12260881713136,98.74694737625582,98.82833878065003,2751.585331793972,-0.0026326447809910114,98.77359214516295,98.61633389439069,0.2695580014613747
2025-09-04 03:50:00,98.82833878065003,98.86720387462277,98.6941394903327,98.76722065005964,4464.851059792336,-0.00061842717731031,98.7723178461423,98.63005087217877,0.2682300835121834
2025-09-04 04:50:00,98.76722065005964,98.80538570031457,98.65197507686955,98.69323014045878,6945.358796236586,-0.0007491403434649602,98.7565003050056,98.6357944420224,0.2626129919990013
2025-09-04 05:50:00,98.69323014045878,98.73924298246268,98.46876271123216,98.53533920254178,524.2490085433042,-0.0015998152830979384,98.71226808451284,98.62666214752416,0.2702410187905185
2025-09-04 06:50:00,98.53533920254178,98.57143313277885,98.36220599634336,98.40890339838712,8803.356226051632,-0.0012831518638685147,98.65159514728771,98.6068658976026,0.25954711280102216
2025-09-04 07:50:00,98.40890339838712,98.47331442484793,98.3759823726897,98.39596004039399,2802.454202161165,-0.00013152629026602636,98.60046812590898,98.58769263785636,0.25519230593390724
2025-09-04 08:50:00,98.39596004039399,98.67741739836168,98.37093307185684,98.58338782671974,1296.048912367795,0.0019048321318153594,98.59705206607113,98.5873012913894,0.26118298728687045
2025-09-04 09:50:00,98.58338782671974,98.6721279962619,98.53555537629092,98.57084851798518,2772.2801565988316,-0.00012719494644064522,98.59181135645395,98.58580558471628,0.23656564843962766
2025-09-04 10:50:00,98.57084851798518,98.76410443311012,98.47664805229952,98.69631998744866,4063.2335118965284,0.0012729064561169956,98.61271308265289,98.59585234860104,0.24035037130336537
2025-09-04 11:50:00,98.69631998744866,99.32479710931466,98.64399138593907,99.26348027536,3750.1535235884558,0.005746519100038094,98.74286652119432,98.65654579648822,0.26183932681277
2025-09-04 12:50:00,99.26348027536,99.54687688008998,99.25627933364234,99.4775998625458,3877.273791972209,0.0021570832152151276,98.88981318946462,98.73118707522072,0.26999533888179783
2025-09-04 13:50:00,99.4775998625458,99.60391018778797,99.40887144440472,99.51947043409706,2720.2522201322245,0.00042090452131038347,99.01574463839111,98.80284919875493,0.270654929213405
2025-09-04 14:50:00,99.51947043409706,99.56779526088994,99.43426782321566,99.49478241965245,3143.761478400973,-0.0002480722047345507,99.11155219464338,98.86575221883652,0.2597595189178636
2025-09-04 15:50:00,99.49478241965245,99.56028817026201,99.14094817113447,99.21814376032212,4027.21348284735,-0.0027804338338418555,99.13287050777913,98.89778781351703,0.26635704898068624
2025-09-04 16:50:00,99.21814376032212,99.5347201055725,99.16774421127579,99.50425412002643,2862.606693911214,0.0028836495913031612,99.2071472302286,98.95292111410879,0.26573665279648395
2025-09-04 17:50:00,99.50425412002643,99.56009208583018,99.33361195325962,99.39117689811313,1784.6410123145183,-0.0011364059045847474,99.24395316380551,98.99276254901827,0.26955206338794724
2025-09-04 18:50:00,99.39117689811313,99.45227158261362,99.29832528808497,99.43912721282508,2206.4551453264685,0.00048244035545641495,99.28298797360944,99.03334115481888,0.26959032560820617
2025-09-04 19:50:00,99.43912721282508,99.52836753580273,99.19251799953155,99.24784011534929,2353.641172548869,-0.0019236602616834464,99.27595840195741,99.05284106032164,0.27425955882539604
2025-09-04 20:50:00,99.24784011534929,99.39302292717429,99.24053550378764,99.35986237035233,2269.2851182004065,0.0011287122709455755,99.2927391956364,99.08075208850624,0.27020672217905023
2025-09-04 21:50:00,99.35986237035233,99.40173024039754,99.16877651987852,99.25087189007232,5654.321569084856,-0.001096926643011642,99.28436573452359,99.09621752501225,0.27989398420482153
2025-09-04 22:50:00,99.25087189007232,99.26110039079731,99.0255480534698,99.08112728572843,4614.255621613309,-0.0017102580673739043,99.24371804476456,99.09484568507736,0.2748274135492973
2025-09-04 23:50:00,99.08112728572843,99.16141386975751,98.8679176817244,98.90692289424912,2504.9722654821403,-0.001758199530541682,99.17635901466149,99.07776179500206,0.28603623983944815
2025-09-05 00:50:00,98.90692289424912,98.93133753191894,98.8939555155189,98.93000435385305,2754.019519807918,0.0002333654604602664,99.12708808249981,99.06432930035214,0.2681737852386945
2025-09-05 01:50:00,98.93000435385305,99.15596499879173,98.91013085084448,99.1454055052333,3826.720564749098,0.0021773086212530934,99.13075156704652,99.07169986443225,0.23710438699381342
2025-09-05 02:50:00,99.1454055052333,99.23598304775749,99.07387614131903,99.08652488567553,1968.8379678333574,-0.0005938814739595566,99.12190623077232,99.07304759363618,0.22792648413601416
2025-09-05 03:50:00,99.08652488567553,99.10525053241437,98.98633557643838,99.07206656006076,2411.3818660204447,-0.00014591616399350915,99.11193829663002,99.07295840876569,0.22248907074978166
2025-09-05 04:50:00,99.07206656006076,99.10244358397831,98.99464409861318,99.09063296001065,2320.3660541704603,0.00018740297436536935,99.10767722930615,99.07456518615159,0.22065135987055737
2025-09-05 05:50:00,99.09063296001065,99.22748393767901,99.05259218860253,99.16064113551136,3572.0528344955324,0.0007065064921822906,99.11827001054719,99.08239027245702,0.20319077058119564
2025-09-05 06:50:00,99.16064113551136,99.18869197721239,98.79789098751992,98.88072390163126,4476.030234786812,-0.002822866317469308,99.070760788764,99.06405696601831,0.20489256310946352
2025-09-05 07:50:00,98.88072390163126,98.94769246830975,98.77532652691784,98.82147428477828,4040.1123105117235,-0.0005992029034084245,99.02090348796686,99.04200399499649,0.20102726373956056
2025-09-05 08:50:00,98.82147428477828,99.01553255729594,98.72343234211482,98.9666616392124,2998.7672841795843,0.0014691883063364664,99.01005511821597,99.0351546899252,0.21089540092902276
2025-09-05 09:50:00,98.9666616392124,99.06044071123587,98.6342942472702,98.71292320617972,3394.1075215925325,-0.0025638778638173987,98.95062873580873,99.00586091867561,0.2173451814786286
2025-09-05 10:50:00,98.71292320617972,98.79867450372795,98.65312917688868,98.68643593441048,3736.346716547322,-0.0002683262830127653,98.8977901755291,98.97682228374241,0.21684931743953026
2025-09-05 11:50:00,98.68643593441048,98.86567570823242,98.67979451184448,98.7886461845929,2818.2162080231683,0.0010357071791542438,98.87596137734187,98.9597153656379,0.21348699428731013
2025-09-05 12:50:00,98.7886461845929,98.84706201237093,98.47889710201332,98.54831018124204,2341.006568242591,-0.0024328302151420678,98.81043113812191,98.92231489432919,0.22295932093231738
2025-09-05 13:50:00,98.54831018124204,98.74273183407705,98.4923815517478,98.67419764746116,2296.7496642243805,0.0012774188211608362,98.78318443998977,98.89975878097755,0.21987747052489937
2025-09-05 14:50:00,98.67419764746116,98.87595196334064,98.63194935652147,98.82039416497528,3282.8744631825884,0.001481608373816723,98.79062638498688,98.89254381588643,0.23463608412626513
2025-09-05 15:50:00,98.82039416497528,98.90780095311833,98.8016104237465,98.87279822058153,2318.8546120773676,0.0005302959581274802,98.80706075210581,98.8907487617678,0.2246615399423066
2025-09-05 16:50:00,98.87279822058153,99.0341181881494,98.84735232015706,98.94853547273146,3603.915303023326,0.0007660069656465485,98.83535569623095,98.89600209912813,0.22642289433901347
2025-09-05 17:50:00,98.94853547273146,99.04541389402686,98.7815879090477,98.82701273442878,3337.952262840883,-0.0012281408483926226,98.83368710387052,98.88973033870091,0.23677368212495406
2025-09-05 18:50:00,98.82701273442878,99.11865710274976,98.81235362743014,99.08262498960265,1406.2826509689712,0.0025864614147628195,98.88347468101695,98.90726621605562,0.2509525385502747
2025-09-05 19:50:00,99.08262498960265,99.12567961117482,98.98658245702956,99.08953539469535,2261.976590612716,6.974386370384167e-05,98.92468682375264,98.9238361413865,0.24839578176947338
2025-09-05 20:50:00,99.08953539469535,99.64213935234166,99.02957014232268,99.63118373151806,2188.7384615931956,0.005466251654780763,99.06598620530573,98.9881404677621,0.26423636893565267
2025-09-05 21:50:00,99.63118373151806,99.88788047127886,99.62613658523742,99.81739606972762,2076.752053579973,0.0018690166194488267,99.21626817819012,99.06352734066805,0.27062050783919034
2025-09-05 22:50:00,99.81739606972762,99.86597426580107,99.75413463045871,99.83591896817804,2026.778840665516,0.00018556783867085258,99.34019833618771,99.13374476135077,0.25774475213642184
2025-09-05 23:50:00,99.83591896817804,100.10446880654234,99.83560223307715,100.05151489194846,2982.268166204494,0.0021595025718061933,99.48246164733986,99.21717840958692,0.2465104742435307
2025-09-06 00:50:00,100.05151489194846,100.09129013061622,99.90108684071988,99.91740948730262,3116.7469644796524,-0.0013403635596188623,99.56945121533242,99.28083578028834,0.2497003287476066
2025-09-06 01:50:00,99.91740948730262,100.01689135033166,99.44805921175784,99.50292515075778,3482.070772022884,-0.00414826944244906,99.55614600241749,99.30102572305829,0.27705396747516986
2025-09-06 02:50:00,99.50292515075778,99.70779751191569,99.47633046323283,99.63483333093326,3562.1396187286255,0.0013256713807723308,99.57188346812065,99.33137186922873,0.2672898344984022
2025-09-06 03:50:00,99.63483333093326,99.82632100615706,99.55709439449123,99.81171449576192,2003.7770921286383,0.001775294431829444,99.6198496736489,99.37503938073175,0.26863814373672923
2025-09-06 04:50:00,99.81171449576192,100.39713378346868,99.79014118694879,100.31233369014821,5172.559833838228,0.0050156356587536255,99.75834647694877,99.46024795431507,0.29456600014392365
2025-09-06 05:50:00,100.31233369014821,100.31795192169677,100.22415330567785,100.250986948594,3133.6355075816637,-0.0006115573160095922,99.85687457127783,99.53213331743133,0.29368086347585937
2025-09-06 06:50:00,100.250986948594,100.36808884636764,100.17970195220924,100.34191252711847,3253.8552299020807,0.0009069793853608843,99.95388216244596,99.60574960922106,0.2937966510591486
2025-09-06 07:50:00,100.34191252711847,100.48452662874554,100.30292455703386,100.40484468251478,2478.0806756640623,0.000627177156697245,100.04407466645974,99.67839461588413,0.28792351439718544
2025-09-06 08:50:00,100.40484468251478,100.42908183552886,100.25210541513233,100.34147497452012,3146.743956299156,-0.0006311419353820513,100.10355472807181,99.7386746484874,0.27868586761696434
2025-09-06 09:50:00,100.34147497452012,100.60711373445956,100.25506771418378,100.54755858170621,2341.0132795836025,0.0020538227810427134,100.1923554987987,99.8122095515073,0.2938965009120013
2025-09-06 10:50:00,100.54755858170621,100.8686085097515,100.48063790579704,100.84403175963111,867.6488434679753,0.0029485865406069234,100.3226907509652,99.90601157042764,0.2778537433359643
2025-09-06 11:50:00,100.84403175963111,100.9541620928649,100.78605727256222,100.94171364972044,6920.393241962019,0.0009686432442741477,100.44649533071625,100.0001663049088,0.27116523864033887
2025-09-06 12:50:00,100.94171364972044,101.0846842001013,100.89791935600732,101.05622523737061,3523.7415602998226,0.0011344327682758504,100.56844131204713,100.09617166240533,0.27651703926545373
2025-09-06 13:50:00,101.05622523737061,101.14378983115174,100.99663002834471,101.1187666497842,3719.3400778365535,0.0006188773850070994,100.67850637959455,100.18913484307613,0.26782369850415627
2025-09-06 14:50:00,101.1187666497842,101.26402710252788,101.11503501400747,101.22364169182552,2677.4522528793427,0.0010371471638350727,100.78753344204075,100.28318092023517,0.26488004126301845
2025-09-06 15:50:00,101.22364169182552,101.2401921587735,101.1328790986577,101.20926705481148,4220.591172963704,-0.00014200869257208204,100.8718801645949,100.36737056883301,0.23191439280173093
2025-09-06 16:50:00,101.20926705481148,101.26901969730844,100.99011302093976,101.06676211186574,1181.587449427424,-0.0014080226751228553,100.91085655404908,100.43095161819961,0.23530293763643226
2025-09-06 17:50:00,101.06676211186574,101.09358191471641,100.85745658882875,100.90471655449261,1797.1066649136385,-0.0016033516260645087,100.90962855413778,100.47402115786261,0.23293856008084848
2025-09-06 18:50:00,100.90471655449261,100.92373730697749,100.75247151180145,100.7726955938418,3600.2643494282097,-0.0013083725435124594,100.8822419620786,100.50117337931526,0.20181521712771655
2025-09-06 19:50:00,100.7726955938418,100.84061955487498,100.67595620214287,100.7932260445075,4760.397043036211,0.00020373029166997902,100.86443877856439,100.52772362160546,0.20687698403580054
2025-09-06 20:50:00,100.7932260445075,100.98944032538209,100.7274354022254,100.95200006885807,2099.925139589057,0.0015752449899804066,100.88195103662314,100.56629420771934,0.21213541467853606
2025-09-06 21:50:00,100.95200006885807,100.9798980385162,100.61492846152551,100.70491810130247,4916.440823373315,-0.0024475192902276843,100.846544449559,100.57889637986325,0.22523309362703664
2025-09-06 22:50:00,100.70491810130247,100.7098278082426,100.64614195746198,100.70229291162104,6001.92780644898,-2.6068137792267798e-05,100.81769414197142,100.59011424638669,0.21714091008304287
2025-09-06 23:50:00,100.70229291162104,100.78307615230892,100.61037180506528,100.76821053096879,2644.599658322413,0.0006545791306420412,100.80779741977089,100.60630481771233,0.20433079058074707
2025-09-07 00:50:00,100.76821053096879,101.07036636017827,100.68715422648206,101.06591334862307,3116.136707404347,0.0029543326817615956,100.85942060554133,100.64808741143149,0.20399089984801475
2025-09-07 01:50:00,101.06591334862307,101.2830692934968,100.9943815329553,101.2611900595948,1519.1687179733112,0.001932171832239149,100.93977449635203,100.70382401580997,0.21260396700792938
2025-09-07 02:50:00,101.2611900595948,101.4222128936994,101.2514445825691,101.41825105108116,4880.20282833385,0.001551048248533693,101.03546980729786,100.76877192810736,0.21146135751052345
2025-09-07 03:50:00,101.41825105108116,101.7414715029118,101.34855657626204,101.73516685343576,4529.403495926833,0.003124839948136948,101.17540921652544,100.85662601222812,0.2290152949278621
2025-09-07 04:50:00,101.73516685343576,101.7680163193918,101.54907752764274,101.64881268614678,1843.7492505469284,-0.0008488133450783586,101.27008991044971,100.92864298258436,0.23401148801562396
2025-09-07 05:50:00,101.64881268614678,101.69646118981653,101.55056371307477,101.57135114056291,3235.140993225609,-0.0007620506677539218,101.33034215647235,100.98707099694604,0.23676751777462154
2025-09-07 06:50:00,101.57135114056291,101.61350381101187,101.52329079408635,101.60092824031351,3438.1299256073294,0.00029119529688714785,101.38445937324059,101.04287620088854,0.22328939924296723
2025-09-07 07:50:00,101.60092824031351,101.75892599133832,101.54494973948066,101.66380112740092,3892.345429120147,0.0006188219751170898,101.44032772407266,101.09932392148058,0.22170732252653888
2025-09-07 08:50:00,101.66380112740092,101.70452116615805,101.6465335799374,101.6976607014772,13969.81531067784,0.0003330543782624762,101.49179431955358,101.15371817420754,0.21361602188686796
2025-09-07 09:50:00,101.6976607014772,101.71169927178383,101.3571122235483,101.40883052283955,2180.937069658459,-0.0028400867497383464,101.47520156021078,101.17691020590135,0.22718200013711254
2025-09-07 10:50:00,101.40883052283955,101.42199007706256,101.1494554615881,101.21848741753749,4381.826635562764,-0.0018769874804857034,101.42385873167612,101.18068995241373,0.22793412101695257
2025-09-07 11:50:00,101.21848741753749,101.3395234998925,101.1792166599502,101.27788941188697,1186.500072078788,0.0005868690183488123,101.39466486771829,101.1895262669113,0.21331535408492439
2025-09-07 12:50:00,101.27788941188697,101.28706793123813,101.07683090977906,101.17676771321835,4786.365377504843,-0.0009984578001756006,101.35108543681831,101.18836639839375,0.2237832948476708
2025-09-07 13:50:00,101.17676771321835,101.2545966812748,100.80413664870994,100.83749507034689,1876.2047070306637,-0.0033532662738655628,101.24836736352403,101.15646900493495,0.2436229866563297
2025-09-07 14:50:00,100.83749507034689,100.93566212978354,100.64202715161821,100.64917346889777,3475.2707468536337,-0.001867575164553048,101.12852858459878,101.11035122893156,0.2372246184041243
2025-09-07 15:50:00,100.64917346889777,101.15856618307605,100.61805903073426,101.08781367072916,16016.351852027079,0.004358110322355779,101.12038560182486,101.10830236000407,0.25521171781843116
2025-09-07 16:50:00,101.08781367072916,101.14997013594382,100.8911829475517,100.97894348618345,5464.487259117366,-0.0010769862418860132,101.09209717869659,101.09654246238402,0.26149878047999053
2025-09-07 17:50:00,100.97894348618345,101.1530837843253,100.95808596049879,101.11717300306218,2481.7653985964157,0.0013688944655836366,101.09711234356972,101.09841796608204,0.2473618445640438
2025-09-07 18:50:00,101.11717300306218,101.19744571047035,101.10317865428149,101.18181008544222,5819.288055161299,0.0006392295241293144,101.11405189194423,101.10599906784205,0.23845672059545717
2025-09-07 19:50:00,101.18181008544222,101.22970587746447,101.13503235567975,101.20036957190834,2652.0633503789645,0.00018342710463903344,101.13131542793705,101.11457820457535,0.23479786666995345
2025-09-07 20:50:00,101.20036957190834,101.27175001600003,100.86847017497136,100.92589632310525,4502.365416162451,-0.0027121763484081463,101.0902316069707,101.09742530625988,0.257159782677321
2025-09-07 21:50:00,100.92589632310525,101.018511094702,100.82559472384779,100.97233681097102,4381.044539966713,0.00046014441840669384,101.06665264777077,101.08605362486998,0.2556555054627897
2025-09-07 22:50:00,100.97233681097102,100.99180037770512,100.69525596771851,100.79455767583343,3474.0517151996137,-0.0017606716923903587,101.0122336533833,101.05955399313937,0.2726952785889298
2025-09-07 23:50:00,100.79455767583343,101.27378561021646,100.78811746409333,101.26392004139346,1998.8016109592154,0.004656624091446959,101.06257093098534,101.07813272479883,0.2820582141523299
2025-09-08 00:50:00,101.26392004139346,101.28127684551765,100.97781885644908,100.9958473511826,6024.647382594443,-0.0026472675569074733,101.0492262150248,101.07065223628827,0.28426702655190994
2025-09-08 01:50:00,100.9958473511826,101.07663209097706,100.90903866021821,100.91864906868409,1289.9914829658806,-0.0007643708580421515,101.02311078575667,101.05683376650607,0.2847874973245205
2025-09-08 02:50:00,100.91864906868409,100.96059285825535,100.88089421965597,100.90194547046596,3432.468165637134,-0.0001655154758042343,100.99887772269854,101.0427530123206,0.27546332712025745
2025-09-08 03:50:00,100.90194547046596,101.12365531430444,100.8262357590645,101.02684938845013,4005.922132318655,0.0012378742293004397,101.00447205584886,101.04130722833237,0.26453186445419163
2025-09-08 04:50:00,101.02684938845013,101.18133852393395,100.97767993040243,101.15484958750389,1701.3345338846473,0.0012669918920424905,101.03454756217988,101.05162926098433,0.2581049798374906
2025-09-08 05:50:00,101.15484958750389,101.216700239535,100.91836037832908,100.95380323508829,2774.5281944681815,-0.0019875107642930434,101.01839869676157,101.04273598590287,0.24080731618492837
2025-09-08 06:50:00,100.95380323508829,101.00364232077045,100.83941297578679,100.85693877567488,2127.0708553897894,-0.0009594929196262703,100.98610671254423,101.02584533042759,0.23405318451289606
2025-09-08 07:50:00,100.85693877567488,100.91427966166833,100.5811352727229,100.60679306064195,7743.071797043667,-0.002480203326310604,100.91024398216378,100.98774966953798,0.24392079630710434
2025-09-08 08:50:00,100.60679306064195,100.7039909263398,100.5617312166389,100.69401060295289,4806.2857297519795,0.000866915042788019,100.86699730632161,100.96104611803024,0.24734884298653576
2025-09-08 09:50:00,100.69401060295289,100.78514562499338,100.44559414122173,100.53594664757625,3317.453621511596,-0.001569745354566332,100.80078717457255,100.92240071162533,0.2648401259856022
2025-09-08 10:50:00,100.53594664757625,100.68105808060224,100.44614668799716,100.6007514498958,3541.10757816523,0.0006445933467629228,100.7607800296372,100.89315986964992,0.25281380824106087
2025-09-08 11:50:00,100.6007514498958,100.68765319007373,100.52684490576989,100.57679204229706,1358.1628374656418,-0.0002381633064706401,100.72398243216918,100.86439915807239,0.25052037348746226
2025-09-08 12:50:00,100.57679204229706,100.72601924043124,100.49303113505651,100.63028069655017,2397.4530236237965,0.0005318190525565036,100.70524208504538,100.84311566157037,0.24598063744375662
2025-09-08 13:50:00,100.63028069655017,100.99786888175261,100.58300395993726,100.8976247498856,4029.036672294463,0.0026566958919809203,100.74371861801343,100.84807103323539,0.24092326427891514
2025-09-08 14:50:00,100.8976247498856,100.9496748559331,100.84490404745846,100.90392518529579,1200.548104923293,6.2443842715032e-05,100.7757599314699,100.85314868342269,0.22673132280791972
2025-09-08 15:50:00,100.90392518529579,101.27992599121504,100.89924807255143,101.22683995089999,1898.831486976669,0.003200220060926462,100.86597593535593,100.88712061682972,0.24195164337254585
2025-09-08 16:50:00,101.22683995089999,101.23087927525825,100.95832805040234,101.05292528207433,3507.784339669708,-0.0017180687346362022,100.90336580469962,100.9021937682156,0.25572682810515446
2025-09-08 17:50:00,101.05292528207433,101.13105953918549,101.01282170231143,101.06103969893634,1887.3086251982613,8.029868348069513e-05,100.93490058354696,100.91663430737202,0.2429281339361629
2025-09-08 18:50:00,101.06103969893634,101.09065457781483,100.93456862574084,101.0330964402356,13834.532892883108,-0.0002764988247101474,100.95453975488469,100.92722177399598,0.23953008811776857
2025-09-08 19:50:00,101.0330964402356,101.05724445250672,101.02993331514921,101.05408748568392,4929.108062622876,0.0002077640514634993,100.97444930104454,100.93875502051306,0.22017089355716837
2025-09-08 20:50:00,101.05408748568392,101.33803902588498,100.95620424894527,101.28884831167586,4319.648828546944,0.002323120537060852,101.03732910317082,100.97058168334604,0.23571413869688587
2025-09-08 21:50:00,101.28884831167586,101.34565166391282,101.14107739115664,101.2039253998385,4063.4026031900976,-0.0008384231161958633,101.07064836250436,100.99179474848171,0.22653055896908217
2025-09-08 22:50:00,101.2039253998385,101.43059515886557,101.18474727364641,101.41428746198349,7824.0033931372045,0.0020785958777180813,101.1393761824002,101.03020317698187,0.2339297143632442
2025-09-08 23:50:00,101.41428746198349,101.74078430372472,101.4142028012606,101.71688208724707,3770.2603101924565,0.0029837474860434643,101.25487736336957,101.09262853246052,0.23300328712699273
2025-09-09 00:50:00,101.71688208724707,101.78845604774459,101.37116744994043,101.43825306039808,1818.0720519421661,-0.0027392603974037977,101.29155250277528,101.12404894409121,0.24603023035549804
2025-09-09 01:50:00,101.43825306039808,101.49833195431368,101.37675811967318,101.40986688928292,3878.932406737917,-0.0002798369476872953,101.31521538007681,101.1500323936541,0.24322776966525947
2025-09-09 02:50:00,101.40986688928292,101.50659703364747,101.28671562005282,101.35019337134663,3626.1059223398115,-0.0005884389731173334,101.32221097833079,101.1682288461716,0.2422915773952537
2025-09-09 03:50:00,101.35019337134663,101.59868263116553,101.2645145365923,101.49943752782633,1512.7655417708372,0.00147255916851452,101.3576562882299,101.19833872632204,0.23652751830653074
2025-09-09 04:50:00,101.49943752782633,101.61865558725965,101.44767309943002,101.58593021662973,7737.7542618028365,0.0008521494395443696,101.40331107390988,101.23357431635,0.2412569239747445
2025-09-09 05:50:00,101.58593021662973,101.85859320105108,101.57949011467173,101.77790138330609,1722.5151829096408,0.0018897416824059654,101.47822913578912,101.28305859516419,0.2340015788115833
2025-09-09 06:50:00,101.77790138330609,102.03491946799251,101.70148035668812,102.03443858457295,1661.2154768439234,0.002520558960050767,101.58947102554589,101.35136586692862,0.23835071355790355
2025-09-09 07:50:00,102.03443858457295,102.18533627963393,101.97501999770866,102.15014458057709,1823.339097902348,0.001133989637314814,101.70160573655214,101.42398211362394,0.24492774534727602
2025-09-09 08:50:00,102.15014458057709,102.17967608553228,102.01433672443095,102.02590276709927,2022.7576487831234,-0.00121626664345853,101.76646514266157,101.47870217303078,0.245588703134943
2025-09-09 09:50:00,102.02590276709927,102.11731936107752,101.63557674690215,101.66675123449012,3544.3542276546673,-0.003520199506874322,101.74652236102729,101.49579754225435,0.27804809433621863
2025-09-09 10:50:00,101.66675123449012,101.68045299889053,101.39116312123272,101.48124123910074,9488.099444827416,-0.0018246869614384487,101.69346613664199,101.49447424196765,0.2714377443875112
2025-09-09 11:50:00,101.48124123910074,101.57771107371381,101.34660843233202,101.37872180454626,3691.7794670477556,-0.0010102303963047676,101.63051727022285,101.48395129311116,0.2733326278607698
2025-09-09 12:50:00,101.37872180454626,101.68229225377878,101.3410210239794,101.6220998260168,4011.197295081656,0.00240068149546957,101.62883378138164,101.49651025064803,0.2801485810450716
2025-09-09 13:50:00,101.6220998260168,101.87240486668877,101.55869065358453,101.81686295783499,3685.1285499584046,0.0019165430762762004,101.66643961667232,101.52563322402865,0.2792294889479367
2025-09-09 14:50:00,101.81686295783499,101.96679584550866,101.7599532704832,101.88924923151967,2939.1997027400544,0.0007109458254932477,101.7110015396418,101.55868922470965,0.2641976301780297
2025-09-09 15:50:00,101.88924923151967,101.98759483737334,101.68193961944193,101.70280719513485,3554.239462395949,-0.0018298499379573174,101.70936267074042,101.57179085838467,0.27734630041309416
2025-09-09 16:50:00,101.70280719513485,101.80722783497609,101.6878737550918,101.75391001829716,3233.5691401581057,0.0005024721005415511,101.71827214025177,101.58834714564944,0.27016577657663987
2025-09-09 17:50:00,101.75391001829716,101.96164545059165,101.67347095292251,101.89428758409782,2382.9422468223647,0.0013795790822723752,101.75347522902099,101.6161599127811,0.26688051965491866
2025-09-09 18:50:00,101.89428758409782,102.09963392657176,101.86731897471748,102.04131279650157,3794.1231204628325,0.0014429190869251762,101.81104274251712,101.65481017493751,0.2712614099423933
2025-09-09 19:50:00,102.04131279650157,102.1360781334168,101.8925318457127,101.99188194656179,11132.08286558667,-0.0004844199725101417,101.84721058332606,101.68545306326699,0.2687216386084472
2025-09-09 20:50:00,101.99188194656179,102.25591603784808,101.90236128151116,102.15715216764482,5115.350474621027,0.0016204252527629581,101.90919890018982,101.7283348000286,0.2701584703964853
2025-09-09 21:50:00,102.15715216764482,102.52980197767427,102.12351974987494,102.44098490458593,1674.519335295106,0.0027783932002658496,102.01555610106905,101.79312117317018,0.2841560379589175
2025-09-09 22:50:00,102.44098490458593,102.69544308070988,102.35848588114628,102.60468117115802,3695.7176529612343,0.0015979567818931173,102.13338111508685,101.86689935480544,0.2964144549919366
2025-09-09 23:50:00,102.60468117115802,102.6444956412326,102.40366201683099,102.46844386452003,3708.918809300088,-0.0013277884116293937,102.20039366497349,101.92158521932494,0.2792066700080958
2025-09-10 00:50:00,102.46844386452003,102.72589889968923,102.39205243090136,102.69752428824064,2222.5438804207274,0.002235619231453434,102.29981978962692,101.9921251346809,0.28238928366024296
2025-09-10 01:50:00,102.69752428824064,102.93367280682371,102.68183346811841,102.87128811839979,2655.4675136142523,0.0016919962906938313,102.4141134553815,102.07204904229171,0.2838704763262072
2025-09-10 02:50:00,102.87128811839979,102.98428046226634,102.81481010155495,102.95647533254726,2721.62556453042,0.000828095143996066,102.52258583081465,102.15245143231493,0.27159898567706414
2025-09-10 03:50:00,102.95647533254726,103.1741340728333,102.86901522527667,103.12061500549576,3272.419342334373,0.0015942627447018687,102.64219166575087,102.24046630260409,0.2709850309950923
2025-09-10 04:50:00,103.12061500549576,103.16909609054203,102.87081925706474,102.95244095865053,2544.0413675157643,-0.001630847981621053,102.70424152433081,102.30519127133559,0.27751604945593705
2025-09-10 05:50:00,102.95244095865053,103.3221658130322,102.85459696290503,103.28093045790897,4749.170690841324,0.0031906917038555527,102.81957931104645,102.39389483375135,0.28908130889849154
2025-09-10 06:50:00,103.28093045790897,103.45696886213696,103.22660840933662,103.40821517255563,2172.9679229559983,0.0012324125478182513,102.9373064833483,102.48610577364263,0.29701033553535233
2025-09-10 07:50:00,103.40821517255563,103.48557809969594,103.26846879728,103.32531317349381,2581.155360650416,-0.0008016964505526136,103.0149078213774,102.56239735544729,0.291934250160125
2025-09-10 08:50:00,103.32531317349381,103.89628610063653,103.23381123208362,103.80178477814069,3686.655401373554,0.004611373438054178,103.17228321273006,102.6750689393285,0.32265995849574125
2025-09-10 09:50:00,103.80178477814069,103.80811904839845,103.3739394439112,103.4251886067477,3469.786144268081,-0.0036280317549250984,103.2228642915336,102.7432616363666,0.3362766239802519
2025-09-10 10:50:00,103.4251886067477,103.44856262476607,102.9318775596845,103.01239907551715,3321.5168211311016,-0.003991189542811413,103.18077124833032,102.76772867628937,0.34792878889058443
2025-09-10 11:50:00,103.01239907551715,103.03476438008093,102.942681899735,103.00594331468473,2492.4034258985075,-6.266974549040683e-05,103.1458056616012,102.78938455250713,0.3254859497867701
2025-09-10 12:50:00,103.00594331468473,103.23999063865185,102.99469953484058,103.23672773325873,2556.421984691395,0.002240496141751258,103.16399007593272,102.83005211439364,0.3189383715187465
2025-09-10 13:50:00,103.23672773325873,103.44587032084453,103.20784586169954,103.34347580137518,4176.391781472574,0.0010340125114411958,103.19988722102121,102.87672699502832,0.3187377168575602
2025-09-10 14:50:00,103.34347580137518,103.74522270572739,103.29874683056694,103.65894958789681,791.0633261698957,0.0030526724989197174,103.29169969439634,102.94783813983454,0.3267826744556014
2025-09-10 15:50:00,103.65894958789681,103.72180697470928,103.54618299993248,103.5609056056363,2471.9284366141596,-0.0009458322957187626,103.34554087664434,103.00357154581651,0.32133871988928014
2025-09-10 16:50:00,103.5609056056363,103.80233346731428,103.46665906007247,103.7095756866526,5092.483623130915,0.0014355811215329695,103.418347838646,103.06775374043796,0.3332104374985962
2025-09-10 17:50:00,103.7095756866526,104.11498590658438,103.69474013898298,104.01899868214286,3472.5044208066915,0.002983552805433831,103.53847800734538,103.15423055332023,0.3414337889303657
2025-09-10 18:50:00,104.01899868214286,104.1359617139902,103.95107439485335,104.06710769066483,2823.1324129556206,0.00046250213068255164,103.64420394400928,103.23721938398792,0.3333345379060485
2025-09-10 19:50:00,104.06710769066483,104.16566873187973,103.66844373195447,103.7717771522681,3090.56992731102,-0.002837885523585215,103.66971858566104,103.28581554474066,0.3354528343201985
2025-09-10 20:50:00,103.7717771522681,103.78268754591178,103.63358235296312,103.70137165521305,4291.688411388059,-0.0006784647905927477,103.67604919957145,103.32359337296542,0.32964888718793617
2025-09-10 21:50:00,103.70137165521305,103.96159454457609,103.6680074583483,103.95378448260276,2814.3462984555704,0.0024340355711873762,103.73159625617772,103.38088347384154,0.335111586031639
2025-09-10 22:50:00,103.95378448260276,103.99996845870167,103.27208234764875,103.32649747549394,3424.0650323483405,-0.006034287354048207,103.65057650004097,103.37593929217357,0.3397838176387832
2025-09-10 23:50:00,103.32649747549394,103.38055395306715,103.24652491551842,103.24715704852947,5192.140812883426,-0.0007678613802164502,103.56989260973867,103.36423181547865,0.31834449142888843
2025-09-11 00:50:00,103.24715704852947,103.31573755895838,102.9637540533318,103.00208642753903,3956.3055695809226,-0.0023736306935333573,103.45633137329875,103.33130950748414,0.3065800943249601
2025-09-11 01:50:00,103.00208642753903,103.12689615400583,102.90894748974289,103.10594193110492,1965.2750894706044,0.0010082854354505066,103.38625348485999,103.31082154599511,0.3155705360333191
2025-09-11 02:50:00,103.10594193110492,103.17963137926674,102.88575889896303,102.98603992752258,10747.123340635855,-0.0011629010058650247,103.30621077339252,103.28129594431579,0.3190406343542073
2025-09-11 03:50:00,102.98603992752258,103.1341229998179,102.9165187338908,103.10447329882089,3057.7771631792475,0.0011499944204249601,103.26586327847821,103.2652211583617,0.3175820491243582
2025-09-11 04:50:00,103.10447329882089,103.19523654859927,102.99112103105286,103.01217680923038,2131.3001832410027,-0.00089517444430387,103.21512598462864,103.24221712662248,0.3002705950090702
2025-09-11 05:50:00,103.01217680923038,103.03911803981786,102.91155008738835,102.9645804110528,2952.065629378339,-0.0004620463293939503,103.16501686991347,103.21697742520705,0.29683802198426434
2025-09-11 06:50:00,102.9645804110528,103.13986611532044,102.87036989047337,103.05575283757858,1653.589478498729,0.000885473685823035,103.1431640634465,103.20232064451355,0.2921110089560689
2025-09-11 07:50:00,103.05575283757858,103.13399424895749,102.96541276982481,103.08450310465965,7221.456407628014,0.0002789777988074782,103.13143187168914,103.19160995907228,0.2741349883511605
2025-09-11 08:50:00,103.08450310465965,103.18513504876107,103.06093915587681,103.07854114985979,1698.626861310468,-5.783560690786338e-05,103.12085372732328,103.1813309764166,0.2697998864759756
2025-09-11 09:50:00,103.07854114985979,103.10730030017625,103.04478691639558,103.07005284203497,1963.4989296248284,-8.23479623414114e-05,103.11069355026562,103.17121478238191,0.23874905675136152
2025-09-11 10:50:00,103.07005284203497,103.27827942942955,103.01506481030742,103.22376951902963,5555.138397983197,0.001491380597526737,103.13330874401844,103.17599248571352,0.24689973004946555
2025-09-11 11:50:00,103.22376951902963,103.47795818878639,103.21178804808575,103.44210558793732,5821.442048965837,0.0021151724057841825,103.19506811280222,103.20018458591568,0.24494137679752623
2025-09-11 12:50:00,103.44210558793732,103.51462234395888,103.35873582994485,103.46540622715857,3163.9570374705672,0.00022525294790565198,103.24913573567349,103.22429564421049,0.20408426272331934
2025-09-11 13:50:00,103.46540622715857,103.66398441741528,103.39889300914537,103.62316357694428,4417.351877383133,0.0015247352283076498,103.32394130392765,103.2605563653681,0.21344586063197518
2025-09-11 14:50:00,103.62316357694428,103.70031040993486,103.27004043962455,103.30182981099591,9174.1953970321,-0.0031009839388831395,103.3195190053413,103.26430849678881,0.2190377509665272
2025-09-11 15:50:00,103.30182981099591,103.64732679699914,103.20412066203423,103.56905204594344,1574.3538689509073,0.0025868102766082313,103.36942561346174,103.29201245580286,0.23512757030238163
2025-09-11 16:50:00,103.56905204594344,103.57533751035535,103.48446203026653,103.51756212923378,3925.2868989762287,-0.0004971554310144732,103.39905291661616,103.31251697156931,0.22062778457274743
2025-09-11 17:50:00,103.51756212923378,103.61287261681811,103.42903326920984,103.54024109066167,3300.806393166811,0.00021908322570007854,103.42729055142526,103.33321916421407,0.21821600469283048
2025-09-11 18:50:00,103.54024109066167,103.637479669331,103.39612664937697,103.43895366136961,1869.6930486195354,-0.000978242161937537,103.42962317341414,103.3428313912282,0.2208758262933748
2025-09-11 19:50:00,103.43895366136961,103.53768315929189,103.22876928130577,103.2357928989301,2054.6348520641645,-0.001964064361136164,103.39085711851735,103.3331006192011,0.2338291066902747
2025-09-11 20:50:00,103.2357928989301,103.47668217448575,103.16317807351398,103.47506689125892,4190.262133479424,0.0023177425736737867,103.40769907306567,103.34600664393363,0.23697252641346722
2025-09-11 21:50:00,103.47506689125892,103.61397081810775,103.45666227061722,103.52476035016669,4516.25863583659,0.00048024572876093075,103.43111132848588,103.3622569808639,0.23616731701045626
2025-09-11 22:50:00,103.52476035016669,103.53391950176366,103.42697095537763,103.47274609838777,5832.752467597656,-0.0005024329600279431,103.43943828246627,103.37230144609335,0.2349353636891546
2025-09-11 23:50:00,103.47274609838777,103.77126415345838,103.3783501238287,103.74407932490858,2297.2520701963176,0.002622267570465464,103.50036649095473,103.40609943507654,0.2585354098212268
2025-09-12 00:50:00,103.74407932490858,103.81055348619131,103.5499390573517,103.60672067223184,2232.8044109106613,-0.0013240143781753089,103.52163732721016,103.42433772936339,0.25834968194390484
2025-09-12 01:50:00,103.60672067223184,103.81648056978499,103.58692738917254,103.74533244630821,1012.1672503981074,0.0013378646981296871,103.56637635102977,103.45351906726746,0.25573418479474797
2025-09-12 02:50:00,103.74533244630821,104.04167800891187,103.67542099826008,103.94619590775494,6131.401864214019,0.001936120466438096,103.64234026237482,103.49830787094814,0.2707606488403026
2025-09-12 03:50:00,103.94619590775494,104.0045790295436,103.86351233991766,103.90553501797145,4047.2737776939093,-0.000391172465989853,103.69497921349415,103.53532852067752,0.2619017403657336
2025-09-12 04:50:00,103.90553501797145,104.22094694026589,103.87147126456149,104.14823229211001,2969.081206696542,0.0023357492370024158,103.78562982921733,103.5910470453532,0.2561307193224544
2025-09-12 05:50:00,104.14823229211001,104.16180187287311,103.8345892184944,103.84781343872827,5178.400233358059,-0.0028845314679863954,103.79806655111952,103.61438944475094,0.24784547070915458
2025-09-12 06:50:00,103.84781343872827,103.95250523185302,103.81732306303616,103.92323829661665,3109.100610378184,0.0007263018391125975,103.82310090021895,103.64246661310237,0.251010234189729
2025-09-12 07:50:00,103.92323829661665,103.96759187791174,103.67344963481133,103.77717759669733,1869.0160729581592,-0.0014054671728226387,103.81391623951463,103.65471306615646,0.25888901243916757
2025-09-12 08:50:00,103.77717759669733,103.85792194843393,103.70314081270905,103.71105571561625,1477.2807603902643,-0.0006371524318963262,103.79334413473495,103.65983512519826,0.25270530642279915
2025-09-12 09:50:00,103.71105571561625,104.06440005244158,103.62691524237222,103.96874737519275,2387.6165245122907,0.0024847077083383073,103.82842478282652,103.68791805701593,0.2618889444287455
2025-09-12 10:50:00,103.96874737519275,104.02794206911379,103.87226949936722,103.95797122271628,6368.297383402213,-0.00010364799758122434,103.85433407080447,103.71246834480688,0.2506152636269456
2025-09-12 11:50:00,103.95797122271628,103.99165189459868,103.69620580624986,103.69834281895875,3210.6235005833983,-0.0024974362302753184,103.82313582043534,103.7111842060934,0.26048223083110855
2025-09-12 12:50:00,103.69834281895875,103.88915540639348,103.6864887433792,103.79553500027787,1009.605268098325,0.0009372587707481284,103.81761565640385,103.71885246011017,0.2673192391616977
2025-09-12 13:50:00,103.79553500027787,103.91209966088029,103.70296932594464,103.8634696314447,4600.672359684746,0.0006545043692549601,103.82678645141202,103.73199947568604,0.25419183239783855
2025-09-12 14:50:00,103.8634696314447,104.01463974738354,103.83191431234894,103.94149412584727,6532.495112178224,0.0007512217209710847,103.84972798629907,103.7510444438825,0.2486283328403372
2025-09-12 15:50:00,103.94149412584727,103.97575939565878,103.83488777834913,103.8521877641889,1033.872679823274,-0.0008591983635548583,103.85021994187704,103.76023929118308,0.24229393546156683
2025-09-12 16:50:00,103.8521877641889,103.92484258146219,103.70746366613633,103.79187654005186,2064.2651683638537,-0.0005807410073438435,103.83855126151201,103.7631154047166,0.2316597857954282
2025-09-12 17:50:00,103.79187654005186,103.88796208304461,103.5906282227634,103.6492528281805,2119.182567714658,-0.0013741317396485098,103.80069157484571,103.75276426139513,0.24282172655651887
2025-09-12 18:50:00,103.6492528281805,103.71226687685676,103.62072757000905,103.65602167864192,10180.74907413566,6.530534737803073e-05,103.77175759560497,103.74396948114483,0.22439770020961244
2025-09-12 19:50:00,103.65602167864192,103.66460077753467,103.55779774414269,103.65340164239036,11069.693154136703,-2.5276257077266884e-05,103.74808640496205,103.73573604125806,0.20865415585341754
2025-09-12 20:50:00,103.65340164239036,103.93659671643186,103.65028649091904,103.85532338392325,1385.36688180472,0.0019480474189310648,103.7695338007543,103.74660761786399,0.21944901704598557
2025-09-12 21:50:00,103.85532338392325,104.19553851135124,103.8072794921921,104.10954187546359,4305.074652565201,0.0024478137784094134,103.83753541569617,103.77960164128213,0.2261716439073242
2025-09-12 22:50:00,104.10954187546359,104.58032325691994,104.08503998386365,104.55880152930608,6403.4534386581345,0.004315259156359552,103.98178863841815,103.85043799473884,0.2504932251452822
2025-09-12 23:50:00,104.55880152930608,104.93524664166507,104.47461848326114,104.8435245245747,5119.518683064776,0.0027230896978942543,104.15413581564947,103.94071858836028,0.25214632145489446
2025-09-13 00:50:00,104.8435245245747,104.94987968449024,104.80534086545407,104.90607193599683,2373.675756032977,0.0005965786795680827,104.30452303971894,104.02847798359997,0.25135105354700876
2025-09-13 01:50:00,104.90607193599683,104.98982645186338,104.64485512144527,104.6901538124003,3863.920761915087,-0.0020582042546428703,104.38164919425522,104.08863033167272,0.2548885708376726
2025-09-13 02:50:00,104.6901538124003,104.7525782270466,104.61578513352119,104.70660470825226,3921.6568439703638,0.0001571389023025116,104.44664029705463,104.14480982045268,0.25018331587418174
2025-09-13 03:50:00,104.70660470825226,104.76514746210027,104.62336404258329,104.74183401474741,10950.340865998232,0.00033645734758858126,104.5056790405932,104.19908474720674,0.24537282191570547
2025-09-13 04:50:00,104.74183401474741,104.96388707753934,104.69107535228791,104.91760555043213,5355.441698277125,0.0016781407098520607,104.58806434256098,104.26440482022723,0.25180755693119344
2025-09-13 05:50:00,104.91760555043213,104.95776623065797,104.75109681808466,104.82734481660488,2578.7185770403767,-0.0008603011225210011,104.63592043736976,104.31558118353428,0.2565073994500255
2025-09-13 06:50:00,104.82734481660488,104.8839851320302,104.71247261005433,104.72414217416474,1419.9790061022472,-0.0009845011587452657,104.65356478472876,104.35272309177341,0.25323122849645535
2025-09-13 07:50:00,104.72414217416474,104.89563739763841,104.64222648089128,104.87525329502272,5212.8333111006805,0.0014429444607593211,104.69790248678756,104.40022583752335,0.25009387538687783
2025-09-13 08:50:00,104.87525329502272,104.91768825985221,104.76689300338965,104.86847908602246,1937.4193745041107,-6.459301682160135e-05,104.73201780663454,104.44279431465964,0.25432644321651005
2025-09-13 09:50:00,104.86847908602246,104.9512169788309,104.54328762144115,104.56996996175467,1729.5839049065553,-0.0028465095219215586,104.69960823765858,104.45435573712282,0.27583546635920747
2025-09-13 10:50:00,104.56996996175467,104.63598996962703,104.33254935800305,104.39429310072505,4553.146750595819,-0.0016799934158331364,104.63854521027189,104.4488954974503,0.27705906536714764
2025-09-13 11:50:00,104.39429310072505,104.85062653232059,104.29444348306329,104.76369156145478,3688.4857248550593,0.003538492859693987,104.66357448050847,104.4775133214507,0.28905363894558683
2025-09-13 12:50:00,104.76369156145478,105.04129333481715,104.72053126999641,104.94668676747577,1569.638993517266,0.001746742628992326,104.72019693790193,104.52016545290752,0.2765878383573335
2025-09-13 13:50:00,104.94668676747577,105.10623047048256,104.92331087606392,105.08784849130204,1380.0440977846015,0.001345080327681325,104.79372724858196,104.57177300185248,0.25675151235838356
2025-09-13 14:50:00,105.08784849130204,105.21910091412505,105.08266021205198,105.1923469504886,6535.843339760257,0.000994391460923394,104.87345118896329,104.62818881536485,0.256173075432448
2025-09-13 15:50:00,105.1923469504886,105.38155847824117,105.18579651083535,105.28628995162173,1471.2527480637211,0.0008930592752849353,104.95601894149497,104.6880161913882,0.24551526378871408
2025-09-13 16:50:00,105.28628995162173,105.34813461728838,104.95315933093296,105.00444781058465,3617.2970373992025,-0.002676912076269189,104.96570471531291,104.71678270222424,0.26395684899085736
2025-09-13 17:50:00,105.00444781058465,105.0289839179343,104.85854752549955,104.94589527160055,2732.9422441918755,-0.0005576196075972595,104.96174282657044,104.73761111762208,0.2660034899135551
2025-09-13 18:50:00,104.94589527160055,105.00576952317395,104.668444378156,104.73627482819165,1857.8296685806888,-0.0019974144092667068,104.91664922689469,104.73748963676476,0.27061159132544993
2025-09-13 19:50:00,104.73627482819165,104.80510303152636,104.50254657302834,104.50789430416785,3863.3515993182027,-0.0021805293762685585,104.83489824234933,104.71661733380141,0.27746066603435793
2025-09-13 20:50:00,104.50789430416785,104.7229288669187,104.41172560256446,104.689359867201,635.2595053750215,0.0017363813924429206,104.80579056731966,104.71413938229227,0.287438576204242
2025-09-13 21:50:00,104.689359867201,104.80599088634168,104.60938919465784,104.72846903011673,4383.640059074988,0.00037357342680599537,104.79032625987908,104.71544207754904,0.283380774414007
2025-09-13 22:50:00,104.72846903011673,104.7774581247008,104.39508436433299,104.44463321060573,2883.3548613809808,-0.0027102069011375463,104.72118765002442,104.69082308964511,0.29992209612152515
2025-09-13 23:50:00,104.44463321060573,104.49315795964056,104.26121262022272,104.32762969408964,1808.874657048098,-0.0011202444100709696,104.64247605883747,104.65780550823096,0.28735180912353137
2025-09-14 00:50:00,104.32762969408964,104.42844717610825,104.21730964608513,104.21886577672426,3981.3533400434403,-0.001042522653723621,104.55775400241484,104.61790189627581,0.28075873186632705
2025-09-14 01:50:00,104.21886577672426,104.62759916685889,104.18508825517058,104.53542830382125,2471.4593787783597,0.003037478145033523,104.55328886269614,104.61040429696176,0.2726392934685415
2025-09-14 02:50:00,104.53542830382125,104.84331378936294,104.44940141342093,104.82305876949876,1943.597083990006,0.0027515118113023984,104.60724284405667,104.62973652173785,0.27786431569148917
2025-09-14 03:50:00,104.82305876949876,105.0148287648211,104.77344987747888,104.97238066197947,3783.2743264339947,0.0014245137876491842,104.68027040764123,104.66088598903255,0.28203997947174536
2025-09-14 04:50:00,104.97238066197947,105.02072234644002,104.69091032044611,104.77699659866137,2410.520163347845,-0.0018612901992501873,104.69961564584527,104.6714414989988,0.29585221689466273
2025-09-14 05:50:00,104.77699659866137,104.97920917125646,104.75172034822342,104.89151012068423,4393.375983687808,0.0010929261740675322,104.73799454081306,104.69144773733385,0.2981184208680351
2025-09-14 06:50:00,104.89151012068423,104.92344917090865,104.41736007025659,104.44029904061436,1968.9572051674384,-0.004301693049806654,104.67845544077333,104.66861603763208,0.3060551218892239
2025-09-14 07:50:00,104.44029904061436,104.88053251071386,104.35385305088806,104.77638510870844,1835.198058230303,0.0032179730542840623,104.69804137436036,104.67841322591174,0.3315010552742988
2025-09-14 08:50:00,104.77638510870844,104.88549046188321,104.75294176720367,104.79870616783083,1349.1878573080637,0.00021303520921467367,104.71817433305446,104.68934894790438,0.31687416596441204
2025-09-14 09:50:00,104.79870616783083,104.95713987466407,104.76947780300436,104.94310048210124,2088.0355037061663,0.001377825352530282,104.76315956286382,104.712417269195,0.3086674240473895
2025-09-14 10:50:00,104.94310048210124,105.39589622636021,104.87757868254761,105.31956963893889,4036.0353252730083,0.003587364534763715,104.87444157807884,104.76761293917171,0.3234613011515575
2025-09-14 11:50:00,105.31956963893889,105.3406515340825,105.18533416757836,105.2803337169417,4426.281580648534,-0.0003725416096144185,104.95562000585143,104.81422391896898,0.32051242078157877
2025-09-14 12:50:00,105.2803337169417,105.80249879981666,105.18213192195357,105.77088385341598,1839.2999245840826,0.0046594660099879,105.11867277536435,104.9011930039187,0.33751192917409867
2025-09-14 13:50:00,105.77088385341598,105.78996115746381,105.73994197743598,105.761841959218,2750.8701464004284,-8.548566362087673e-05,105.24730661213508,104.97943381803682,0.3245172035033842
2025-09-14 14:50:00,105.761841959218,105.8015014584336,105.60417140165741,105.68307634452285,3553.9398772889044,-0.0007447451106754599,105.33446055861263,105.04340132044464,0.3235309554143179
2025-09-14 15:50:00,105.68307634452285,105.85525820043397,105.6764372403196,105.78429772248374,7098.691499212289,0.0009577822813457981,105.42442799138686,105.11075553881183,0.3046959588733224
2025-09-14 16:50:00,105.78429772248374,105.8894124451881,105.61838085962776,105.63672579958616,2924.9251122092965,-0.0013950267296259922,105.46688755302672,105.15857101706403,0.2959187595603459
2025-09-14 17:50:00,105.63672579958616,105.8678950208021,105.60929041304706,105.80905461497774,908.1994743138713,0.0016313343118805612,105.53532096541693,105.21770588960165,0.2971491681612609
2025-09-14 18:50:00,105.80905461497774,105.92169020317111,105.71878027056019,105.92032614912219,3289.9317831095914,0.0010516258230388598,105.612322002158,105.28158045864896,0.2880847329196184
2025-09-14 19:50:00,105.92032614912219,106.14589698992937,105.82412181343119,106.05085355679435,5589.63083979674,0.0012323168972157017,105.70002831308527,105.35151437666218,0.29481947245284246
2025-09-14 20:50:00,106.05085355679435,106.22252582079321,106.04469367896043,106.22125737752044,6054.880543806527,0.0016068123453134575,105.80427412597231,105.43058192219475,0.27137254682289375
2025-09-14 21:50:00,106.22125737752044,106.31214154582098,105.87243254834158,105.95262432572987,9083.312572807974,-0.0025289952164266882,105.83394416592382,105.47804032251612,0.26516037094100803
2025-09-14 22:50:00,105.95262432572987,106.03726614697258,105.92442391111727,105.96589397244523,1572.5130351903513,0.0001252413217680548,105.86033412722811,105.52239065432785,0.2637527667392772
2025-09-14 23:50:00,105.96589397244523,105.96940198708647,105.9067005392813,105.92422165126025,2671.1364411256786,-0.0003932616394083377,105.87311163203455,105.55892074495806,0.2548270078925248
2025-09-15 00:50:00,105.92422165126025,106.0153392251704,105.88556637455423,105.99739614854151,2869.9909543669523,0.0006908193059200762,105.89796853533595,105.59878214528382,0.22707381552135075
2025-09-15 01:50:00,105.99739614854151,105.99961361436783,105.86798131037904,105.8853722788397,1530.9706638644798,-0.0010568549207079503,105.8954492840367,105.6248357937889,0.22538202534168356
2025-09-15 02:50:00,105.8853722788397,106.18418730066675,105.81717973409167,106.13424352422693,2371.4678782412975,0.002350383627417907,105.94320813207476,105.67114558746509,0.20728493167825437
2025-09-15 03:50:00,106.13424352422693,106.30586714278606,106.11628583736342,106.29534488141776,2692.2757120974657,0.0015179017802491312,106.01363548194337,105.72789097782442,0.21725365492074036
2025-09-15 04:50:00,106.29534488141776,106.7001468034579,106.26319762555443,106.63977543537433,2300.3934545538996,0.0032403164441567878,106.13886347262957,105.81078956487441,0.23436930642983153
2025-09-15 05:50:00,106.63977543537433,106.93241293782661,106.5615689694365,106.83486438135105,4526.496931079096,0.001829420075016408,106.27806365437387,105.90388727546319,0.2480852355923854
2025-09-15 06:50:00,106.83486438135105,106.9866193934375,106.82058925648406,106.92552647995146,3876.2473491944806,0.0008486190264329618,106.4075562194894,105.9967635667803,0.24058513212046403
2025-09-15 07:50:00,106.92552647995146,106.96151290691944,106.62808898692582,106.66349511960821,4553.784049180731,-0.002450596868394883,106.45874399951316,106.0573755261283,0.24592936870893464
2025-09-15 08:50:00,106.66349511960821,106.67657837125702,106.52679383707935,106.58600402868873,927.0957555828084,-0.0007265005785961343,106.48419600534828,106.1054326627247,0.24213469739227378
2025-09-15 09:50:00,106.58600402868873,106.6507210191073,106.50891315171215,106.52177658327126,5328.622052930258,-0.0006025879851935256,106.49171212093289,106.14328211004711,0.2292798895991999
2025-09-15 10:50:00,106.52177658327126,106.82075059415506,106.44286395039501,106.79463135470965,1791.5171140853095,0.0025614928720709695,106.55229596768825,106.2024956777437,0.24356949687971913
2025-09-15 11:50:00,106.79463135470965,106.8326407943944,106.56468451815718,106.56996600832937,5940.966594638629,-0.002103713862114165,106.55582997581648,106.2359020714333,0.23130144536242017
2025-09-15 12:50:00,106.56996600832937,106.9356383968603,106.47053005850428,106.84905468005994,4608.402188835351,0.0026188304471144175,106.61447491666517,106.29164321767209,0.25646330982675636
2025-09-15 13:50:00,106.84905468005994,106.90305740363785,106.77758605784517,106.86102019916505,2326.5659310648853,0.00011198525940114834,106.66378397316515,106.34340476144418,0.2609468739687212
2025-09-15 14:50:00,106.86102019916505,106.9570110048151,106.52948735242605,106.57680144824246,4373.728156403704,-0.0026597046368532773,106.64638746818062,106.3646226420622,0.28221478838107067
2025-09-15 15:50:00,106.57680144824246,106.73818728095196,106.48067117093095,106.63978446805842,6225.843252653677,0.0005909636896594961,106.64506686815619,106.3896373535164,0.29120648881194355
2025-09-15 16:50:00,106.63978446805842,106.65425157937075,106.40114926853184,106.43559455874947,1759.4123314776343,-0.0019147629595042126,106.60317240627485,106.39381528126486,0.2830703991165028
2025-09-15 17:50:00,106.43559455874947,106.51977546841184,106.17743165889534,106.20815566163493,3245.1530396721723,-0.002136868761408506,106.52416905734687,106.37693713402578,0.2939820065517783
2025-09-15 18:50:00,106.20815566163493,106.22349756278045,106.0680944577717,106.09428819886774,1001.7257627037708,-0.0010721159976636585,106.43819288565105,106.35124177628414,0.2738715727735835
2025-09-15 19:50:00,106.09428819886774,106.09842337671535,106.0177128805493,106.06108827826881,4323.326102828254,-0.0003129284447123126,106.36277196417461,106.32486418555547,0.253147753329007
2025-09-15 20:50:00,106.06108827826881,106.16408067418385,105.76708679173889,105.77136467132766,2879.958309798257,-0.002731667302724783,106.24449050560523,106.2745460478984,0.2696451637212586
2025-09-15 21:50:00,105.77136467132766,106.03505783497025,105.73805646686117,105.93869846078707,2653.3254901689993,0.0015820330008917693,106.1833320966416,106.2440144490701,0.26704355287236275
2025-09-15 22:50:00,105.93869846078707,105.96142277792535,105.5627240320706,105.5660664552513,2188.875737208629,-0.0035174304663908584,106.05987896836355,106.18238281326838,0.2848231394207253
2025-09-15 23:50:00,105.5660664552513,105.59369148763204,105.10315209315567,105.174428180224,1728.4622096041464,-0.003709887923060151,105.88278881073565,106.0907505739007,0.3097325342122415
2025-09-16 00:50:00,105.174428180224,105.45929114360304,105.11874674407318,105.4162644533265,1191.916040604286,0.0022993828184936227,105.78948393925383,106.0294336538485,0.3070652310529423
2025-09-16 01:50:00,105.4162644533265,105.539393042354,105.40561808099028,105.46988319051084,1366.0028237620265,0.000508638182754817,105.72556378950523,105.97856542990871,0.2974808514191218
2025-09-16 02:50:00,105.46988319051084,105.49956955731815,105.40998270467159,105.4224702640474,2601.3529869696745,-0.00044953995424257265,105.66494508441367,105.92801132392131,0.2706578881541607
2025-09-16 03:50:00,105.4224702640474,105.6570801505444,105.342448544235,105.59537759149482,4231.24899077818,0.0016401373162129307,105.65103158582991,105.89777189370072,0.2841693353339271
2025-09-16 04:50:00,105.59537759149482,105.94250985218754,105.53626796595465,105.90304125833588,2835.65742730942,0.002913609230427383,105.70143352033111,105.89825092684937,0.2826492091799153
2025-09-16 05:50:00,105.90304125833588,105.90422585370196,105.57476936354503,105.59883131527346,2160.651363270086,-0.0028725326435181664,105.68091307931958,105.87103096216065,0.287787807761052
2025-09-16 06:50:00,105.59883131527346,105.77457377612517,105.55379126671949,105.70491427810502,3444.4833188477783,0.0010045846294912675,105.68571331907667,105.85592944542832,0.2854792505158211
2025-09-16 07:50:00,105.70491427810502,105.88788828248086,105.6249048208491,105.8287339165283,1910.029269201586,0.001171370690463025,105.714317438567,105.85345712461923,0.2798106542383404
2025-09-16 08:50:00,105.8287339165283,105.83108597319365,105.64596866235884,105.75163093801241,2334.5132126053,-0.000728563743157884,105.72178013845608,105.84420019856405,0.2819330975116309
2025-09-16 09:50:00,105.75163093801241,106.0014179192545,105.65588140932027,105.90423972419214,3491.831709541843,0.0014430868330455038,105.7582720556033,105.84965833725751,0.30084924135221464
2025-09-16 10:50:00,105.90423972419214,106.0177330258463,105.88248434103345,105.99528575348506,7155.942350621264,0.0008597014579401208,105.80567479517966,105.86289719327819,0.28215315580706396
2025-09-16 11:50:00,105.99528575348506,106.04233203860994,105.85487314396309,105.92398731104737,2193.976338523359,-0.0006726567312013154,105.82933729835321,105.8684508403481,0.2743286934169049
2025-09-16 12:50:00,105.92398731104737,106.02648677156212,105.36741132234724,105.39661261056598,2632.1408348105406,-0.004978803327453485,105.74279236079578,105.82555645582245,0.2929270293712004
2025-09-16 13:50:00,105.39661261056598,105.52485914285238,105.36308539256137,105.42949004592543,3075.0224627206176,0.00031194015201352343,105.68013189782171,105.78955041855909,0.26944376907224565
2025-09-16 14:50:00,105.42949004592543,105.73232784311844,105.33673561529343,105.67128610498312,1483.913353882462,0.0022934385716213423,105.678362739254,105.77879911732491,0.2733757568076131
2025-09-16 15:50:00,105.67128610498312,105.77583303834952,105.53830888155144,105.60457230175169,3205.871943272819,-0.0006313333138120436,105.66360465175354,105.76296031590915,0.28078641362435214
2025-09-16 16:50:00,105.60457230175169,105.62495560688986,105.50181646616505,105.55257709225334,1845.002688986076,-0.0004923575595739971,105.6413991398535,105.74383456830408,0.28318300562994075
2025-09-16 17:50:00,105.55257709225334,105.68179102137603,105.51936833218299,105.62800264662154,4461.832599602238,0.0007145780467516794,105.63871984120712,105.73330439360566,0.2723109401216287
2025-09-16 18:50:00,105.62800264662154,105.87427217351818,105.61019183796232,105.821900867062,1340.3491915978402,0.0018356706136832823,105.6753560463781,105.74135861846533,0.2621565436446979
2025-09-16 19:50:00,105.821900867062,105.92493215679521,105.67626735260434,105.76792585684618,2680.5607988408697,-0.0005100551943744147,105.69387000847172,105.74377382195449,0.25638570893283635
2025-09-16 20:50:00,105.76792585684618,105.92198101365454,105.73959976732117,105.8780993068507,2932.4592769420155,0.0010416527421899247,105.73071586814753,105.75598522967232,0.25364276157052906
2025-09-16 21:50:00,105.8780993068507,105.97111753655443,105.63112089499715,105.63603909166237,4692.562750774966,-0.0022862160992029867,105.7117805128505,105.74508103530778,0.25914370299378015
2025-09-16 22:50:00,105.63603909166237,105.67935372313514,105.55010988860042,105.62237321327864,2104.795349176962,-0.0001293675766456115,105.69389905293613,105.73392577875967,0.2551527404009164
2025-09-16 23:50:00,105.62237321327864,105.79880027589708,105.55763795948823,105.79795573050019,3267.3981567534474,0.00166236103090589,105.71471038844895,105.73974668346335,0.2476974408633897
2025-09-17 00:50:00,105.79795573050019,106.4355108631089,105.77087807040164,106.33806492486832,5465.150421500923,0.00510510047797097,105.83938129573284,105.79413925086381,0.2855105914272765
2025-09-17 01:50:00,106.33806492486832,106.39692087412011,106.2863815015795,106.30274261429624,3419.1354628626627,-0.00033216995811458094,105.93205355944552,105.84037592026675,0.2800163398482596
2025-09-17 02:50:00,106.30274261429624,106.3876742066359,106.20313585796912,106.28775991902167,1648.641046642596,-0.0001409436380106488,106.00319483136076,105.88104719288083,0.2461208326662521
2025-09-17 03:50:00,106.28775991902167,106.50326901075489,106.24538016688052,106.46506964883127,1278.9857778121268,0.0016682045980147553,106.09556979485487,105.93414014342177,0.25298619649363524
2025-09-17 04:50:00,106.46506964883127,106.55521442845328,106.40326307069493,106.41761848129214,2327.931587558545,-0.00044569705064445575,106.15997953214233,105.9780927195918,0.23558327720315983
2025-09-17 05:50:00,106.41761848129214,106.52305762503875,106.03959934961927,106.08666514296287,3176.560406144769,-0.003109948738304502,106.14531665430644,105.98796293989825,0.2531499999618317
2025-09-17 06:50:00,106.08666514296287,106.127024061106,105.99888772214072,106.06997838887312,6270.562557997123,-0.00015729360581995255,106.13024900121978,105.99541888980505,0.25350694269329416
2025-09-17 07:50:00,106.06997838887312,106.0930238871384,105.85416569619348,105.95935546910071,2055.295403769683,-0.0010429239399564194,106.09607029479598,105.99214039701374,0.25896662138985754
2025-09-17 08:50:00,105.95935546910071,105.96924935466807,105.87019905556254,105.94069735680051,4010.518090043922,-0.00017608744614949767,106.06499570719689,105.98746375699436,0.24717876164340527
2025-09-17 09:50:00,105.94069735680051,105.97908801914197,105.94016651673557,105.94684853217045,3580.0278935289825,5.806243986872239e-05,106.04136627219161,105.98377146382855,0.23219709723022877
2025-09-17 10:50:00,105.94684853217045,106.02557463404216,105.79026569533733,105.83447941807103,2120.6408951287262,-0.0010606178065344363,105.9999889013675,105.97019945966876,0.2359776466853327
2025-09-17 11:50:00,105.83447941807103,105.9104295970199,105.74028692114715,105.76326749349106,3609.6005084130416,-0.0006728612921944599,105.95264461979222,105.95138746274351,0.22384522056500952
2025-09-17 12:50:00,105.76326749349106,105.86551112005793,105.66213705127511,105.86415125179174,4328.596156455486,0.0009538638573820535,105.93494594619213,105.94345689811153,0.22914023729701682
2025-09-17 13:50:00,105.86415125179174,105.89593707596072,105.64284675529919,105.68166654671775,1757.0436866979255,-0.0017237629822389744,105.88429006629725,105.91965777525755,0.22999223760077975
2025-09-17 14:50:00,105.68166654671775,105.76925021887202,105.5796625095397,105.73186222711601,2283.702264568959,0.00047497056053780184,105.85380449846102,105.90258545269923,0.1960604459311404
2025-09-17 15:50:00,105.73186222711601,106.10185875127391,105.66720302113458,106.02915708748253,1946.953543192071,0.002811781180283468,105.88887501626533,105.91409196495225,0.21921161433104835
2025-09-17 16:50:00,106.02915708748253,106.31957206672253,105.92582741403896,106.26846180208635,1678.7887639353453,0.00225697082931986,105.96479237342955,105.94630740469171,0.23415492176081898
2025-09-17 17:50:00,106.26846180208635,106.5137625746396,106.1928308214068,106.45739259108868,4257.082934537362,0.001777863213586306,106.06331241696138,105.99276969436416,0.23865798671499253
2025-09-17 18:50:00,106.45739259108868,106.5914123885596,106.42248749092023,106.55210910358464,5194.938387909228,0.0008897128718883263,106.16107175428604,106.04361873156601,0.2398703824207798
2025-09-17 19:50:00,106.55210910358464,106.8551753874039,106.52129389401317,106.77276633044228,2816.8601242418727,0.002070885585597537,106.2834106695173,106.10990487691839,0.2291863265615837
2025-09-17 20:50:00,106.77276633044228,106.77632962624257,106.5607121931952,106.5906276054363,1822.4901767807787,-0.0017058537608953817,106.3448540567011,106.1536069431473,0.2354349761388761
2025-09-17 21:50:00,106.5906276054363,106.60794057915366,106.48145195837927,106.55467145236214,4989.626283718927,-0.00033732940580155635,106.38681753583332,106.19006735307592,0.2274085782695526
2025-09-17 22:50:00,106.55467145236214,106.9213051018986,106.50720058818814,106.89786975934206,3648.76134574139,0.003220865892616942,106.48902798053507,106.25441302637283,0.24991245074133314
2025-09-17 23:50:00,106.89786975934206,106.92395975739882,106.56473953669628,106.60480041741975,7322.808295072263,-0.002741582620702232,106.51218246791201,106.2862664255589,0.2727909306196291
2025-09-18 00:50:00,106.60480041741975,106.61483242092045,106.5568134367057,106.60804256934335,3312.635774939304,3.0412813596614185e-05,106.53135448819829,106.31551880226658,0.26012736244176643
2025-09-18 01:50:00,106.60804256934335,106.70410167712868,106.50539613231646,106.5638253537728,3330.180822345834,-0.000414764350839647,106.53784866131319,106.33809212513079,0.26216756736601354
2025-09-18 02:50:00,106.5638253537728,106.60326068954002,106.50027309379104,106.51957914079277,5061.270489297935,-0.00041520856475585344,106.53419475720911,106.35459094473642,0.2549971050064538
2025-09-18 03:50:00,106.51957914079277,106.58512403525373,106.10309042416061,106.1982780893991,3679.86102517674,-0.0030163567485466114,106.46701142364711,106.3403806851603,0.2713501971801386
2025-09-18 04:50:00,106.1982780893991,106.5738250707944,106.17585401283968,106.47843205533141,8532.851070416978,0.002638027385872377,106.46929554998398,106.3529308097213,0.286234722081739
2025-09-18 05:50:00,106.47843205533141,106.66684820662951,106.45704388903228,106.62057116936043,4257.043848950976,0.0013349099088457717,106.49955067385928,106.37726175150668,0.27017390690016085
2025-09-18 06:50:00,106.62057116936043,106.76842732909422,106.52452598205714,106.75338444248197,1342.880337680117,0.001245662742798359,106.55031742758382,106.41145472341353,0.25947081363969765
2025-09-18 07:50:00,106.75338444248197,106.79297966072393,106.65903846285447,106.71618495134159,4359.606457835537,-0.0003484619371522113,106.58349093233538,106.43915747140699,0.24611434539945926
2025-09-18 08:50:00,106.71618495134159,106.79827312757709,106.61583081566933,106.73582934776076,2070.461281034433,0.0001840807598971761,106.61395861542046,106.4661276419846,0.2470798749900587
2025-09-18 09:50:00,106.73582934776076,106.76466314591002,106.52205112587203,106.61984874604504,1950.9206142449696,-0.001086613580692175,106.61513664154538,106.48010228780828,0.24056062689343452
2025-09-18 10:50:00,106.61984874604504,106.72074666350728,106.39500046249779,106.47327825886026,4157.4880913077,-0.0013747016986854765,106.58676496500836,106.47948192154027,0.24842696746215762
2025-09-18 11:50:00,106.47327825886026,106.53193306307062,106.03889953273382,106.1227937140386,4038.5803509571915,-0.0032917606234454944,106.49397071481441,106.4470557208583,0.2746087467166153
2025-09-18 12:50:00,106.1227937140386,106.28735930120136,106.11204029065306,106.26799121534494,3907.480598256794,0.0013682027792973894,106.44877481492053,106.43077712944799,0.25755263934789036
2025-09-18 13:50:00,106.26799121534494,106.30847177062509,105.86697176865772,105.95206338021225,2922.610732432698,-0.002972935043935032,106.34943252797888,106.38725769769928,0.2634297665810926
2025-09-18 14:50:00,105.95206338021225,106.00196292265345,105.78134372126777,105.85621001047166,3733.3293132983968,-0.0009046862013117885,106.25078802447744,106.33898063522405,0.2750440678075868
2025-09-18 15:50:00,105.85621001047166,106.03909771252809,105.78196549362498,105.95625276528506,3100.756629639269,0.0009450815857048322,106.19188097263897,106.30418719250231,0.27921740167122217
2025-09-18 16:50:00,105.95625276528506,106.03502932511887,105.85031734653992,106.01600828370081,1048.9621179525036,0.0005639640592813855,106.15670643485134,106.27798910988399,0.285054857587648
2025-09-18 17:50:00,106.01600828370081,106.15265166375566,106.01265715260698,106.09068816956757,2005.1046701673527,0.0007044208424344944,106.1435027817946,106.2609617516734,0.260623493305903
2025-09-18 18:50:00,106.09068816956757,106.26729213102345,106.0178154428699,106.20900551629788,1804.898197490501,0.0011152472358477716,106.15660332869525,106.25623845754835,0.2500167526058194
2025-09-18 19:50:00,106.20900551629788,106.32237434679406,106.15088839060218,106.24396038694275,2876.350910387072,0.0003291140000318826,106.17407474034476,106.25512226931147,0.2472797267911519
2025-09-18 20:50:00,106.24396038694275,106.31563432678033,106.19116759503977,106.30849703635754,3031.1094962812695,0.0006074382880658646,106.20095919954733,106.2599745208611,0.2387486828414
2025-09-18 21:50:00,106.30849703635754,106.57025062528086,106.28812762453363,106.51686765708497,3646.059166047491,0.0019600561247345993,106.26414089105486,106.283328442336,0.24933309733266945
2025-09-18 22:50:00,106.51686765708497,106.52626482758615,106.19043294854565,106.28312348172777,1719.4682911431607,-0.0021944334310478597,106.26793740918946,106.28330980955343,0.2602894949850076
2025-09-18 23:50:00,106.28312348172777,106.57791223968766,106.24972852266946,106.52661140270216,2436.3639621285342,0.0022909368204280245,106.319672207892,106.30542813620332,0.2664017590550226
2025-09-19 00:50:00,106.52661140270216,106.60652953816623,106.2639764906211,106.36932504235293,3287.8533180694913,-0.0014764982972624852,106.32960277478419,106.31123694585328,0.2676022480932819
2025-09-19 01:50:00,106.36932504235293,106.44247163927837,106.00186048582366,106.01980839019407,616.6732449771873,-0.003285878255029684,106.26764389786618,106.28474344079335,0.26385779260170394
2025-09-19 02:50:00,106.01980839019407,106.10047634425489,105.90796060673709,105.91972550496864,2757.1623621767562,-0.0009440017553803415,106.19806021928667,106.25155999208201,0.2650861302423816
2025-09-19 03:50:00,105.91972550496864,106.02368403368581,105.85790838623487,105.92980383976094,2349.9451818126777,9.515068835619367e-05,106.14440894338153,106.2223094327801,0.24539153349120824
2025-09-19 04:50:00,105.92980383976094,106.02052353147559,105.89436572454021,106.0188117559393,2436.1683743648505,0.0008402537619440764,106.1192895058931,106.20380964397638,0.2386442910304731
2025-09-19 05:50:00,106.0188117559393,106.0480785439464,105.90369556515051,105.90628925029732,3030.5877297211946,-0.0010613447158888123,106.07668945477394,106.1767623354601,0.23059077387995736
2025-09-19 06:50:00,105.90628925029732,105.9330180892757,105.71324359748682,105.73601820447456,3434.3465634419044,-0.0016077519760921977,106.00855520471407,106.13669468718868,0.23309523910923854
2025-09-19 07:50:00,105.73601820447456,105.83535593195771,105.48848239342597,105.5482921458992,3896.387976361826,-0.0017754220535554088,105.9165025929511,106.08320354707145,0.24787231249374234
2025-09-19 08:50:00,105.5482921458992,105.99650863730663,105.53875800318937,105.92147576142776,1528.4500220800842,0.003535667019725075,105.91749722664645,106.06850102110384,0.2627490229197217
2025-09-19 09:50:00,105.92147576142776,105.96185484105531,105.70108606498864,105.73411392606494,2288.936545387271,-0.0017688748576806246,105.88082056653015,106.03810219428212,0.26912636719649186
2025-09-19 10:50:00,105.73411392606494,105.82568525598188,105.56065304598826,105.6022564028698,2205.1808533516214,-0.0012470669900098708,105.82510773379808,105.99847984960827,0.2791667585002823
2025-09-19 11:50:00,105.6022564028698,105.81934176178876,105.5564101859131,105.75326632329227,1829.7511610595097,0.0014299876306276271,105.81073945169692,105.97618771085227,0.2777959424380277
2025-09-19 12:50:00,105.75326632329227,105.75617403320719,105.46870442627959,105.47604573547909,3703.6092064278305,-0.002621390312103511,105.74380070845336,105.93072025854562,0.27434149442996364
2025-09-19 13:50:00,105.47604573547909,105.52615612718324,105.23202144103894,105.27250728362654,3775.2614218792105,-0.001929712575336806,105.64954202348801,105.87088271537115,0.27190942079611347
2025-09-19 14:50:00,105.27250728362654,105.30599664344696,105.07707866415429,105.13083968367198,1783.949412957104,-0.0013457226735644756,105.5458015555248,105.80360607612577,0.2637926302066528
2025-09-19 15:50:00,105.13083968367198,105.14136761991148,104.78130394209839,104.87917961521089,4195.763869988963,-0.0023937796865155514,105.41247716746203,105.71956730695169,0.258039239089394
2025-09-19 16:50:00,104.87917961521089,104.96962857336749,104.40414459042479,104.46523008054174,1602.725558106435,-0.003946918122241905,105.22302775007797,105.60553665000532,0.28467982804831543
2025-09-19 17:50:00,104.46523008054174,104.50819862188857,104.36618184331715,104.43540861367732,1891.548492493299,-0.0002854678713809511,105.06550392279784,105.4991613739755,0.28298276598549216
2025-09-19 18:50:00,104.43540861367732,104.53408617931657,104.11552049583135,104.19723017971543,2137.8203472882433,-0.002280629119219002,104.89184917418137,105.38080399267912,0.3038690428819097
2025-09-19 19:50:00,104.19723017971543,104.34807472025845,104.1437935749307,104.2979679229596,3229.8820433880455,0.0009667986670127693,104.77307292393702,105.28236434997734,0.30814748334847153
2025-09-19 20:50:00,104.2979679229596,104.39592686318518,104.01589448664541,104.04920566055644,3602.6756736671978,-0.0023851113052069106,104.62829947126092,105.17025901457544,0.31959447511639233
2025-09-19 21:50:00,104.04920566055644,104.09422923250783,103.482047179454,103.5811148562482,3168.9378701100945,-0.004498744621225681,104.41886254825837,105.02579136381841,0.3385450832965416
2025-09-19 22:50:00,103.5811148562482,103.60221873409624,103.38750408447846,103.38984950323298,5957.29322395408,-0.00184652726783896,104.2130599392533,104.87706937649246,0.3211853701180069
2025-09-19 23:50:00,103.38984950323298,103.5074066099657,103.35446488367944,103.455201641964,1755.1139511301167,0.0006320943404505286,104.06148827979544,104.7478086733535,0.3134834379908347
2025-09-20 00:50:00,103.455201641964,103.48053532066108,103.36033351879001,103.38727968250592,1004.3834053143224,-0.000656534986932189,103.92664656033755,104.62412421964008,0.3031384088392234
2025-09-20 01:50:00,103.38727968250592,103.41467171065005,103.3668578618855,103.39453341411735,4535.999015507705,7.016077445598512e-05,103.82022393109351,104.51234323731983,0.28777285690271476
2025-09-20 02:50:00,103.39453341411735,103.89229484472212,103.38028968813084,103.84732312241671,2444.690988129683,0.004379242241810299,103.82564376935815,104.45188686323772,0.30381111045011977
2025-09-20 03:50:00,103.84732312241671,104.1636614273993,103.81136223942214,104.07427971445995,4653.501277740491,0.0021854833154986153,103.87537095837851,104.41755894062156,0.3079657177238957
2025-09-20 04:50:00,104.07427971445995,104.15110027163287,103.75765083930615,103.82294845569315,3119.3557614316674,-0.0024149219140056077,103.86488645784145,104.3635034419917,0.3197179643691846
2025-09-20 05:50:00,103.82294845569315,103.84412693316196,103.4478241796873,103.51011616304203,2041.270752095279,-0.0030131324269280224,103.79393239888157,104.28592278026899,0.3223064697735824
2025-09-20 06:50:00,103.51011616304203,103.79157871999554,103.48700068175187,103.75638345033803,1669.0900980696952,0.002379161539226793,103.78642260917286,104.23778284118436,0.30367033086650963
2025-09-20 07:50:00,103.75638345033803,103.75974038512203,103.65474634810312,103.74610132200135,4145.204007076223,-9.909875416580505e-05,103.77835835173856,104.19308452125863,0.30102584932704496
2025-09-20 08:50:00,103.74610132200135,103.74854047097833,103.47963604422573,103.48279568938065,2326.094095866926,-0.0025379809869043868,103.71924581926699,104.12851280926972,0.2903357595604287
2025-09-20 09:50:00,103.48279568938065,103.53118212361593,103.2910467846859,103.30603342236996,1754.9068144759547,-0.0017081319250522586,103.63660333988759,104.0537419559152,0.2928967733891627
2025-09-20 10:50:00,103.30603342236996,103.4337558985465,103.24612169755011,103.33486979238025,3524.2409341517387,0.0002791353907896088,103.57625663038613,103.98838994104838,0.27915404656463494
2025-09-20 11:50:00,103.33486979238025,103.61286808782535,103.31200430856477,103.51094566422958,2738.2778004486777,0.0017039347144203187,103.56319443715482,103.94498591588304,0.2569170270079744
2025-09-20 12:50:00,103.51094566422958,103.59915432002654,103.30312645302128,103.3470232907119,811.9217211146888,-0.0015836235720366743,103.51996020786625,103.89062567723111,0.2627251139642236
2025-09-20 13:50:00,103.3470232907119,103.7234462353528,103.2772570904661,103.70422865065525,2142.604378361605,0.0034563681523611667,103.55681389642406,103.87368049299694,0.28367135814996963
2025-09-20 14:50:00,103.70422865065525,104.11745398275467,103.63136223321575,104.03373790407767,3207.5490945857027,0.0031773945740671827,103.65219869795479,103.88823116673154,0.3098063544119591
2025-09-20 15:50:00,104.03373790407767,104.07522631032226,103.9370979324007,104.04779954310865,2509.2161481426556,0.00013516421993742256,103.73131886698556,103.90273738276582,0.3162573922088886
2025-09-20 16:50:00,104.04779954310865,104.14799359791066,103.67002021753504,103.68397561153652,3724.4708574044007,-0.003496699912633794,103.72185021589576,103.8828499490177,0.31382655105062746
2025-09-20 17:50:00,103.68397561153652,104.03689080571867,103.63172113551937,103.98883996322155,1231.3626722553697,0.0029403227440587543,103.77524816536092,103.89248540485441,0.3176030140664941
2025-09-20 18:50:00,103.98883996322155,104.2954408072497,103.91101000144765,104.24262441303935,1890.8017889819157,0.002440496979363882,103.8687234148966,103.92431622378031,0.3169588264575895
2025-09-20 19:50:00,104.24262441303935,104.6691807293324,104.17532391557243,104.60243410893555,3102.61153071649,0.0034516561523867395,104.0154655537044,103.98596330424897,0.3239269736208255
2025-09-20 20:50:00,104.60243410893555,104.64207328949652,104.39914669131096,104.45955046665982,3213.6969734415893,-0.0013659686172018404,104.10428253629549,104.02901668264995,0.31952329933096024
2025-09-20 21:50:00,104.45955046665982,104.51618096575204,104.30910387451655,104.39865494060045,2514.6370916484816,-0.0005829579563316756,104.16315701715648,104.06262016064545,0.3268149460607158
2025-09-20 22:50:00,104.39865494060045,104.42749251799127,104.32355919307916,104.39522098219413,3127.0118983891,-3.289274568019085e-05,104.20956981016401,104.09285659896805,0.31503129592925205
2025-09-20 23:50:00,104.39522098219413,104.44097397480137,104.37173484526289,104.38829839479243,2464.9584863192317,-6.631134391565929e-05,104.2453155270897,104.119714944043,0.3028244238298551
2025-09-21 00:50:00,104.38829839479243,104.45073815898026,104.26361619002867,104.36155663519149,4486.8406105741415,-0.0002561758359140853,104.26856374871006,104.14170055232923,0.30278783582665525
2025-09-21 01:50:00,104.36155663519149,104.54651918766214,104.34646234962013,104.45912358793763,3577.0686020260673,0.0009348936130493257,104.30667571655559,104.17055719192999,0.29558734002532916
2025-09-21 02:50:00,104.45912358793763,104.82953602610357,104.43684397713186,104.73983230539265,3320.102457118503,0.002687258975696105,104.393307034323,104.22230947497205,0.3024919244515039
2025-09-21 03:50:00,104.73983230539265,104.82368206705277,104.5853328184432,104.5981650966907,6122.516304514742,-0.0013525628749231355,104.43427864679654,104.25647816785556,0.2876462175745656
2025-09-21 04:50:00,104.5981650966907,104.66310839136052,104.45129766247072,104.54406160617202,3801.3932282099413,-0.0005172508568259682,104.45623523867165,104.28262211679342,0.268054716099629
2025-09-21 05:50:00,104.54406160617202,104.6397543353033,104.48817264694212,104.51440617169341,2882.8308121586897,-0.0002836644571007074,104.467869425276,104.3036933945116,0.2690156668453158
2025-09-21 06:50:00,104.51440617169341,104.79712838191203,104.51401204625991,104.77676720202228,1793.138775666472,0.0025102858059382616,104.52964898062527,104.34670010428529,0.25509730650792356
2025-09-21 07:50:00,104.77676720202228,104.84722251667478,104.44552861453342,104.47296290601588,3535.0307983894577,-0.0028995387443156995,104.5183117657034,104.35817854080625,0.2548490373609279
2025-09-21 08:50:00,104.47296290601588,104.56627600069905,104.20169465948544,104.27893502974091,2726.6473681204147,-0.0018572066004246546,104.47043641851091,104.35097458525485,0.25343121846175315
2025-09-21 09:50:00,104.27893502974091,104.56438644246157,104.19727805591984,104.5093818785316,2900.4556520990145,0.0022099079619959383,104.47822551051506,104.36537524828,0.24437775937473663
2025-09-21 10:50:00,104.5093818785316,104.60260772176885,104.42589888899988,104.50641832923199,3639.9214572003934,-2.8356777605376138e-05,104.48386407425845,104.37819734654836,0.2396479189878369
2025-09-21 11:50:00,104.50641832923199,105.00538979463059,104.49851634189253,104.92114315717235,4204.458721488865,0.0039684149028420546,104.57131989084124,104.42755605660508,0.2610619448094492
2025-09-21 12:50:00,104.92114315717235,104.99373831348602,104.72804919269136,104.76049697445539,3500.6838690382547,-0.0015311135380626784,104.60915530756408,104.4578234127733,0.27261593022963176
2025-09-21 13:50:00,104.76049697445539,104.80768451237226,104.73149790657472,104.79974651357655,2755.133499333366,0.00037465972627770405,104.64727354876658,104.48890733102813,0.27311217853385117
2025-09-21 14:50:00,104.79974651357655,105.06276680529673,104.77055929821162,105.03655280918255,3193.0764047169105,0.002259607522765661,104.72512940084978,104.53869328358762,0.2806182884005314
2025-09-21 15:50:00,105.03655280918255,105.08598624364092,104.65030399691014,104.70067739699545,3300.466991928801,-0.0031977002596161874,104.72023900007892,104.55341911207924,0.2974486747354429
2025-09-21 16:50:00,104.70067739699545,104.73558777465732,104.69587885433903,104.7094203675271,2494.439231221655,8.350443138493979e-05,104.71807527356856,104.56760104439267,0.27223559411734144
2025-09-21 17:50:00,104.7094203675271,105.00368009425355,104.64124981417216,104.95864729717859,2552.8606799752897,0.002380176767063702,104.76618967829057,104.60315070373684,0.281098524936758
2025-09-21 18:50:00,104.95864729717859,105.48685733998288,104.91935509172227,105.43557407438773,2922.493248829732,0.004543949350440668,104.90006655751002,104.6788255556142,0.30650506203467287
2025-09-21 19:50:00,105.43557407438773,105.58604651426339,105.36116308855914,105.52694011746095,3303.9650886749523,0.0008665580272628759,105.0254412695002,104.75592687941844,0.3117409004163209
2025-09-21 20:50:00,105.52694011746095,105.61715669609974,105.20102859284452,105.28990567467451,6456.894556244148,-0.0022461983880381897,105.07833415053507,104.8044704062599,0.321241740959399
2025-09-21 21:50:00,105.28990567467451,105.41508097795429,105.2071664313592,105.40376078875117,2496.790493803456,0.001081348808768423,105.1434194781783,104.85895135012274,0.3074003584203798
2025-09-21 22:50:00,105.40376078875117,105.62668093785435,105.31462988578954,105.5903436237281,3116.8413853550715,0.0017701724642527061,105.23280430728826,104.92544155681414,0.30364819490975087
2025-09-21 23:50:00,105.5903436237281,105.7831465187363,105.54835613021605,105.69084793147228,7781.595964335113,0.0009518323768538117,105.32441303212507,104.99502395451033,0.29419690933678816
2025-09-22 00:50:00,105.69084793147228,105.80561207748391,105.62334852278249,105.7922836434616,2263.8678661200274,0.0009597397880192204,105.41798715439238,105.06750210805136,0.2945936751891064
2025-09-22 01:50:00,105.7922836434616,105.79387584469234,105.71890778687917,105.74327978174011,1521.9836270477451,-0.0004632082797895176,105.48304567986193,105.12893644202306,0.2637432898373281
2025-09-22 02:50:00,105.74327978174011,105.76582725307131,105.66210163307217,105.7127884130306,5418.120991763834,-0.0002883527801714747,105.52899422649567,105.18201389393283,0.25217446835193363
2025-09-22 03:50:00,105.7127884130306,105.96504137129257,105.62396553579889,105.89504523726822,3627.269466373904,0.0017240754593050855,105.60220442865018,105.24683492514514,0.27109512761594345
2025-09-22 04:50:00,105.89504523726822,105.91857963478431,105.68209910814777,105.75547268380217,3360.9748473751115,-0.0013180272330336473,105.63285807968059,105.29307472138669,0.2671146290124743
2025-09-22 05:50:00,105.75547268380217,105.98206337285318,105.67758070543188,105.93822985826992,2473.309436633646,0.0017281107996574008,105.69393243539847,105.35172518837607,0.2577432304903685
2025-09-22 06:50:00,105.93822985826992,106.03039217382829,105.63682695087834,105.72541327894174,1289.9903001271396,-0.0020088742242804214,105.70022860410712,105.38569683297294,0.28301868067834385
2025-09-22 07:50:00,105.72541327894174,105.88543626239965,105.70302832165537,105.86985593816038,4814.177333945981,0.0013662056712659965,105.73415407091778,105.42971129708089,0.2701599421542643
2025-09-22 08:50:00,105.86985593816038,106.30707592999161,105.85583987687602,106.27888083041654,3109.4506062666414,0.003863468865916486,105.84309942281755,105.50690852738413,0.2618552139296203
2025-09-22 09:50:00,106.27888083041654,106.84750199736165,106.21986686490486,106.78388447028546,10195.971394302453,0.004751683833354559,106.03125643231114,105.62299724946607,0.2906231929833731
2025-09-22 10:50:00,106.78388447028546,106.78695241644876,106.51917084388393,106.60757465062983,4785.637848788663,-0.001651090148389267,106.14652007597488,105.7125042859355,0.28002701221977383
2025-09-22 11:50:00,106.60757465062983,106.92262615729044,106.59133425764792,106.85168977588198,2234.6106155534117,0.0022898478466670813,106.2875540159563,105.81606660320335,0.28883968029459034
2025-09-22 12:50:00,106.85168977588198,106.90658784961772,106.73834851332285,106.78982146970486,1260.6543864109303,-0.0005790110227258394,106.38800750670602,105.9045897728853,0.2785674148824526
2025-09-22 13:50:00,106.78982146970486,106.84866820636445,106.75988956260824,106.77776068589795,2373.2002394338533,-0.00011293945097878844,106.46595814254441,105.98396894679554,0.26813800454216413
2025-09-22 14:50:00,106.77776068589795,106.98632112447909,106.69559775255544,106.9645659830477,3736.0040840894317,0.001749477568641522,106.56567971064507,106.07311413190938,0.2758851343437517
2025-09-22 15:50:00,106.9645659830477,107.35499480862568,106.92599785722884,107.26443419294158,3717.143557527704,0.0028034350173626876,106.70543060710438,106.18141595563958,0.3011729124568713
2025-09-22 16:50:00,107.26443419294158,107.31073392319095,107.0491415215778,107.12134853263235,2126.654342797956,-0.001333952501458735,106.78861419220998,106.26686437172982,0.31244911114358687
2025-09-22 17:50:00,107.12134853263235,107.14124012113983,106.81469309151332,106.84152607349273,1757.8383379155532,-0.0026122006768275474,106.79919656846653,106.31910634461735,0.31141133929593173
2025-09-22 18:50:00,106.84152607349273,106.95497368621875,106.7697579798463,106.94670305287583,3988.9299838195857,0.0009844204145001978,106.82869786534839,106.37616059082266,0.30774956641992496
2025-09-22 19:50:00,106.94670305287583,107.0353065619047,106.61125037877937,106.64952209665906,4070.7606129525484,-0.0027787762290329976,106.79286271161052,106.4010116368078,0.3162905318273559
2025-09-22 20:50:00,106.64952209665906,106.76428978073403,106.56729666644988,106.76214605349905,4077.315896347873,0.0010560193297248777,106.78671937998824,106.43384203832518,0.30224966692265653
2025-09-22 21:50:00,106.76214605349905,106.80696360477575,106.65831258490584,106.8031502404728,8487.171351495532,0.00038407046401256473,106.79000555208516,106.4674155112477,0.29983845828877215
2025-09-22 22:50:00,106.8031502404728,106.90552930161293,106.67241023607946,106.68093140864532,968.9828057492023,-0.001144337330427958,106.7681907233972,106.48682604737475,0.28425867346147776
2025-09-22 23:50:00,106.68093140864532,106.93528419953249,106.61806204136481,106.89627260962509,3601.33629556507,0.002018553814035373,106.79380710064278,106.52404846212478,0.26208631815511296
2025-09-23 00:50:00,106.89627260962509,106.97025830680757,106.87513173796924,106.88069739472806,2542.502937156542,-0.00014570400367375225,106.81118515945984,106.55647109236143,0.24975381788893408
2025-09-23 01:50:00,106.88069739472806,107.14550301537585,106.82375607873657,107.14325309504693,4182.28614068374,0.002456530568370141,106.87759874657726,106.60981491078739,0.24907203481727436
2025-09-23 02:50:00,107.14325309504693,107.22850221331574,107.06797058050172,107.09426418582302,2494.8099595140766,-0.0004572281297120506,106.92093183442643,106.65385575397245,0.24852148456864143
2025-09-23 03:50:00,107.09426418582302,107.18300716150964,106.993346737424,107.09970046036649,1333.715116250698,5.0761584523772996e-05,106.95668555961444,106.69438709091736,0.2557273260207426
2025-09-23 04:50:00,107.09970046036649,107.19590275262972,107.08315317026778,107.11264962119162,4240.544217110483,0.00012090753540361376,106.98787837192988,106.73241095730593,0.24301491248062085
2025-09-23 05:50:00,107.11264962119162,107.13403147707506,106.7053295136921,106.8115801170348,3427.3080065043137,-0.0028107744997586392,106.95261872095087,106.73960815364491,0.24299384190820003
2025-09-23 06:50:00,106.8115801170348,107.29862888494762,106.73591276050435,107.24722085971543,4331.259260063906,0.00407859093745544,107.01153914870379,106.78575476328768,0.2645026792532081
2025-09-23 07:50:00,107.24722085971543,107.34162427233845,106.97077291645694,107.05171824561712,4834.519683887106,-0.0018229154334360453,107.01957496808646,106.80993326168127,0.2676672739857082
2025-09-23 08:50:00,107.05171824561712,107.13681358528405,106.7800316683018,106.86911831337984,5984.037338986072,-0.001705716967740134,106.98948363714514,106.81531372092658,0.2799220033149794
2025-09-23 09:50:00,106.86911831337984,106.91105108726764,106.62843295930362,106.68746703589782,3694.120848100617,-0.001699754619003735,106.92908031689568,106.80369129501487,0.2698192850891711
2025-09-23 10:50:00,106.68746703589782,106.69005828381057,106.44863022289317,106.5511084198959,1212.7869448995884,-0.0012781127886000165,106.85348593749573,106.78072921545859,0.27299320984868863
2025-09-23 11:50:00,106.5511084198959,106.63202336230938,106.28894378224213,106.39448249520156,5047.4832650384915,-0.001469960538346582,106.7616852490369,106.7456158772534,0.28688096414849945
2025-09-23 12:50:00,106.39448249520156,106.39719182066321,106.11410026516356,106.19214925124673,1900.0375480743198,-0.001901726849077412,106.64777804947887,106.6953007294346,0.29045042771751234
2025-09-23 13:50:00,106.19214925124673,106.65976074286284,106.11189258515779,106.57926540787103,3081.137873948629,0.0036454310356635045,106.63407552115731,106.68475206383792,0.30692514197018184
2025-09-23 14:50:00,106.57926540787103,106.62678666326627,106.51285087071777,106.61873127570429,3595.0804092122944,0.00037029592653148313,106.63100667206672,106.67875017400759,0.3082686579494803
2025-09-23 15:50:00,106.61873127570429,106.67571864495389,106.36566852952404,106.42508150583593,2141.422874010065,-0.0018162828196445213,106.58982163882057,106.65568938599198,0.3074331707202345
2025-09-23 16:50:00,106.42508150583593,106.49985058866262,106.37601297372386,106.39576863701605,2380.3472107888006,-0.00027543196025914263,106.55101103845968,106.63206022699416,0.30481216944343104
2025-09-23 17:50:00,106.39576863701605,106.45644116521169,106.16767142706725,106.22905668202553,1392.5941737762782,-0.0015669039955834574,106.48662016717286,106.59542354108791,0.3118914061619173
2025-09-23 18:50:00,106.22905668202553,106.28893845107379,106.12415162864924,106.19527826743716,2557.2309937241944,-0.0003179771678616383,106.42835178722572,106.55904669802875,0.31560835188067465
2025-09-23 19:50:00,106.19527826743716,106.3126084138466,106.10028807213854,106.28520121962353,4189.900083762892,0.000846769777841816,106.39972167370529,106.53415165453737,0.30015252176104007
2025-09-23 20:50:00,106.28520121962353,106.57911773788142,106.27790780001887,106.51439788515135,2086.687748716323,0.002156430649778107,106.42265691599451,106.53235585732045,0.28147350843384594
2025-09-23 21:50:00,106.51439788515135,106.76113217965523,106.49137423951325,106.65638622336087,3607.209859741818,0.0013330436169072257,106.46940277746779,106.5436313451423,0.2742525501667369
2025-09-23 22:50:00,106.65638622336087,106.81132732992072,106.61584972279327,106.70658604999652,1294.9762644754858,0.00047066873736478776,106.51683943197354,106.55844540921996,0.26273081374853696
2025-09-23 23:50:00,106.70658604999652,107.0669210009665,106.62046817412923,107.0323593329628,1363.3173334867088,0.0030529819669578018,106.6199434121714,106.60152849319658,0.27443329223948404
2025-09-24 00:50:00,107.0323593329628,107.11831051587968,107.02826348874518,107.08649577428888,1404.5281934567297,0.0005057950853690762,106.71325388459489,106.64561642784133,0.2636203612549914
2025-09-24 01:50:00,107.08649577428888,107.36055849950317,107.01241811994511,107.3422950766151,4498.173362059891,0.002388716714247341,106.83906212299894,106.70895085045713,0.26398184693290616
2025-09-24 02:50:00,107.3422950766151,107.44167695267308,107.29502087853922,107.36149922306886,1230.416452986525,0.00017890568149359076,106.94354954301294,106.76827342978547,0.25423645540677803
2025-09-24 03:50:00,107.36149922306886,107.53429426297042,107.28538808281874,107.42997552477689,5416.030316254162,0.000637810595078836,107.04083473936574,106.82842816569378,0.23288202843867975
2025-09-24 04:50:00,107.42997552477689,107.6825356240704,107.32586576090392,107.63006614563099,1406.7045339920878,0.0018625213296075138,107.15868102061879,106.90130434568808,0.25022017633996335
2025-09-24 05:50:00,107.63006614563099,107.73109233673615,107.47913358292725,107.58097310231692,4062.631774862474,-0.00045612759586755036,107.24313943695842,106.96309241447251,0.2460707933670392
2025-09-24 06:50:00,107.58097310231692,107.6591920547322,107.44131366385179,107.54610489495806,4278.068339003413,-0.00032411128430387404,107.30373252855836,107.0160935490621,0.2527879916485856
2025-09-24 07:50:00,107.54610489495806,107.87226099900603,107.52923304494148,107.82675626965785,4885.895904697013,0.0026095912536665544,107.40833727677825,107.08979016002536,0.25666357850002236
2025-09-24 08:50:00,107.82675626965785,108.15770494749182,107.82171597619026,108.07203752988343,4431.630961391624,0.0022747717608435636,107.5410773273993,107.179085375467,0.26889230341980913
2025-09-24 09:50:00,108.07203752988343,108.31154871754448,108.00246445663467,108.29638638714276,9289.259180586032,0.002075919566125517,107.69213913934799,107.28065819471024,0.2758040119342198
2025-09-24 10:50:00,108.29638638714276,108.3976729788218,108.00723172760881,108.09011395122674,6290.260359008592,-0.0019047028511055553,107.77173410172374,107.35424508166628,0.2821776771735368
2025-09-24 11:50:00,108.09011395122674,108.34307603782125,108.02141502607721,108.28240365277696,10457.831379895628,0.001778975842665842,107.87386801193439,107.43862313358542,0.2858850394308265
2025-09-24 12:50:00,108.28240365277696,108.41984373653364,108.20685977198322,108.31550383904884,2200.0820645492104,0.000305683889120445,107.96219517735729,107.51833956135482,0.2871354935324675
2025-09-24 13:50:00,108.31550383904884,108.39099383485342,108.29511676023047,108.29547963989768,1142.722437308941,-0.0001848691871564334,108.02885206986537,107.58898865940417,0.2620943683743014
2025-09-24 14:50:00,108.29547963989768,108.33450717923758,108.18402915394054,108.29217464988155,5657.460030146563,-3.051826380129352e-05,108.08151658586861,107.65291465853846,0.26641086824305354
2025-09-24 15:50:00,108.29217464988155,108.34367409511262,108.2534791282252,108.29281498956085,4550.0246302455425,5.913074341501456e-06,108.12377626660707,107.71108741590413,0.24798619590943666
2025-09-24 16:50:00,108.29281498956085,108.36045404572617,108.16503438213844,108.18264877971512,3148.5800350886034,-0.001017299345818512,108.13555076922869,107.75395663079604,0.2514693094418559
2025-09-24 17:50:00,108.18264877971512,108.27502075132726,107.66546113023752,107.68969820366479,1842.0789243607642,-0.00455665101206848,108.04638025611591,107.74811495560229,0.2772302695088606
2025-09-24 18:50:00,107.68969820366479,108.2405238313309,107.67362137692908,108.16052690335182,3570.22412258846,0.004372086722692847,108.0692095855631,107.78560695085224,0.2922468831685287
2025-09-24 19:50:00,108.16052690335182,108.32790632921889,108.0733576600744,108.26857762416601,2094.2927803403886,0.0009989847859259715,108.1090831932837,107.82951337569895,0.29243187712107094
2025-09-24 20:50:00,108.26857762416601,108.33613495698222,108.10831568655792,108.18405776754875,1931.3914515094255,-0.000780649921444998,108.12407810813671,107.86174468404893,0.29314193994563453
2025-09-24 21:50:00,108.18405776754875,108.2990805602802,108.18012273111401,108.22429830204301,1899.153777009058,0.00037196362684710493,108.14412214691798,107.89470410386657,0.277136931024323
2025-09-24 22:50:00,108.22429830204301,108.28435978072619,108.15466009700239,108.20284281666095,8662.741049216384,-0.0001982501685728888,108.15586628086658,107.92271671412061,0.26240198191162584
2025-09-24 23:50:00,108.20284281666095,108.48969681255016,108.09728253393693,108.4855630972996,2116.4825647638513,0.0026128729456553756,108.22180564415319,107.97388456713688,0.2683541260332985
2025-09-25 00:50:00,108.4855630972996,108.60574939872822,108.44239484400724,108.50890315675574,4855.620663826969,0.00021514438225489485,108.27922514667371,108.02252262073858,0.25213364771244073
2025-09-25 01:50:00,108.50890315675574,108.51269616507838,108.2883392053977,108.3276358633328,2277.901640394323,-0.001670529220639816,108.28890729000554,108.05026018824715,0.24518335827934326
2025-09-25 02:50:00,108.3276358633328,108.37877687072431,108.0927859227069,108.1216400881621,11134.189314465078,-0.0019015994720921192,108.25545384963687,108.0567492700576,0.2503981428127001
2025-09-25 03:50:00,108.1216400881621,108.30049483650674,108.10021002448933,108.2165006991261,6986.304252438273,0.0008773508326977986,108.24766321953472,108.07127212724563,0.2578558383408764
2025-09-25 04:50:00,108.2165006991261,108.46172287821717,108.1657895094688,108.43646614544889,2310.9635093678135,0.0020326423872674138,108.28542380471755,108.10447158344593,0.26824550573025824
2025-09-25 05:50:00,108.43646614544889,108.4755294559995,107.84355687360156,107.90725214768766,3127.6854853684154,-0.004880406163839557,108.20978947331157,108.08654254383154,0.3069439068381529
2025-09-25 06:50:00,107.90725214768766,108.15147044274768,107.86532319335218,108.13658986906023,3270.6894822918075,0.002125322597027024,108.19514955246132,108.09109230067051,0.31342444868156505
2025-09-25 07:50:00,108.13658986906023,108.19474415027477,107.88277403018863,107.96873480473069,2171.3620752085963,-0.0015522503949199074,108.1498666029152,108.07996889194871,0.29216805575273647
2025-09-25 08:50:00,107.96873480473069,108.02043044450522,107.80899659631002,107.90153096453817,2294.7630164800053,-0.0006224379707149286,108.10019947523979,108.06374726218411,0.2667774410236916
2025-09-25 09:50:00,107.90153096453817,107.97525226553589,107.87393735940606,107.94688599398378,1794.2656222175972,0.0004203372189457433,108.06953677898859,108.05312351052953,0.25583217223692956
2025-09-25 10:50:00,107.94688599398378,108.00930867774728,107.70078833940735,107.79493454877182,3158.177998474251,-0.0014076501032224131,108.01461633294525,108.02965178673337,0.2615965342309029
2025-09-25 11:50:00,107.79493454877182,107.95470143565191,107.68857342976297,107.87928522569588,7700.471509955153,0.0007825105815699729,107.98755011149538,108.01598209936633,0.2721086897110995
2025-09-25 12:50:00,107.87928522569588,108.08834228704714,107.80275672885364,108.08186937547435,5446.679405223816,0.0018778781241890474,108.00641396429118,108.02197185173978,0.28324339503036405
2025-09-25 13:50:00,108.08186937547435,108.27699185184754,108.07659406909946,108.19934015947146,7841.088795902184,0.0010868685439646697,108.04499920332725,108.03809624335175,0.2695279310399964
2025-09-25 14:50:00,108.19934015947146,108.24163448501828,108.03369430175172,108.09694041406965,3419.4553472779016,-0.0009463989822016128,108.05538744547573,108.043445713417,0.27271261879325187
2025-09-25 15:50:00,108.09694041406965,108.15191526803119,108.06350569795444,108.14449422993164,4762.421116176433,0.00043991824079236963,108.07320880236692,108.05263194219106,0.26300209096439986
2025-09-25 16:50:00,108.14449422993164,108.47657677619608,108.0659759314978,108.38708236869871,2528.7728995468324,0.0022431852910727024,108.13598351563328,108.08303652641902,0.271902797870176
2025-09-25 17:50:00,108.38708236869871,108.47090114684391,108.3357546740821,108.37330271930918,2062.2264134443535,-0.0001271336868600148,108.18344735636848,108.10942436213631,0.2672500593519191
2025-09-25 18:50:00,108.37330271930918,108.44949514121303,108.08745110558084,108.1686214782893,1134.7070103738317,-0.0018886684809267251,108.18048218075265,108.11480591815021,0.27197224984362023
2025-09-25 19:50:00,108.1686214782893,108.17893318920308,107.89691931514186,107.93124612296776,2176.1580251390064,-0.0021944936718009123,108.13063496919568,108.09811866404272,0.24697519924813957
2025-09-25 20:50:00,107.93124612296776,107.9908991426367,107.8658942261534,107.96367671988337,1735.187513723166,0.00030047458989446163,108.09724331933323,108.08589666911914,0.23546503261155444
2025-09-25 21:50:00,107.96367671988337,108.03264916666002,107.70108160037587,107.76203505662998,1561.081601666664,-0.0018676805883199865,108.03020166679259,108.05645470434739,0.23686485019712628
2025-09-25 22:50:00,107.76203505662998,108.15853553081504,107.69983868478276,108.14656323078484,7021.405572351084,0.0035683083931439263,108.05347397959105,108.06464638856897,0.2545264928997751
2025-09-25 23:50:00,108.14656323078484,108.14741080404721,107.84129866378152,107.88891862067742,2918.0178037918304,-0.0023823652126383488,108.02056290780833,108.04867113694246,0.26915486676662276
2025-09-26 00:50:00,107.88891862067742,108.14514615787249,107.81642910164972,108.03731072176133,3543.3694559915157,0.0013754155939373902,108.02391247059893,108.04763837192598,0.27059748947253986
2025-09-26 01:50:00,108.03731072176133,108.06838866577945,107.74555545343505,107.8160573428161,3801.2937140041154,-0.0020479348982967993,107.98234144504237,108.02658555109781,0.2746478613622157
2025-09-26 02:50:00,107.8160573428161,107.85982965215626,107.55918144497443,107.60842204534167,4898.073083365283,-0.0019258290702860448,107.90755756510224,107.98857068693816,0.2757237648613824
2025-09-26 03:50:00,107.60842204534167,107.7227388319769,107.57108985035102,107.69064600552531,5816.859635410411,0.0007641033909873141,107.86417525318686,107.96148662499154,0.272241707638368
2025-09-26 04:50:00,107.69064600552531,107.84233241009358,107.68312163556209,107.82950173122121,1736.6611888884413,0.001289394491038598,107.85724054879374,107.94948799828514,0.268761035585863
2025-09-26 05:50:00,107.82950173122121,108.38236657078409,107.75965129503457,108.30483639405529,6105.010508724266,0.004408206058661879,107.94675971784605,107.9817923979006,0.3069257288482033
2025-09-26 06:50:00,108.30483639405529,108.66061361182685,108.22262788768758,108.60100005640436,2877.2871360171903,0.0027345377381995384,108.07760778555772,108.03808400321913,0.3088817916654167
2025-09-26 07:50:00,108.60100005640436,108.71093653940285,108.54728243425866,108.60417105194145,1779.7104937155539,2.9198585054013293e-05,108.18292043883447,108.08954646219388,0.3109180511213004
2025-09-26 08:50:00,108.60417105194145,108.65467830178102,108.48489345338713,108.53203902467192,4269.90993312865,-0.0006641736368949713,108.25274415600197,108.12977305878279,0.2971852520328499
2025-09-26 09:50:00,108.53203902467192,108.6776997491242,108.4313620946512,108.59403646635486,1957.334731796452,0.0005712363117849062,108.32100261807255,108.17197882310752,0.29463695063369094
2025-09-26 10:50:00,108.59403646635486,108.66935955533798,108.53969723989654,108.61100670027983,1595.8619943158947,0.0001562722454857557,108.37900343451402,108.211890448305,0.2949696219878431
2025-09-26 11:50:00,108.61100670027983,108.67861501801508,108.34277146211328,108.37193547589872,3910.757985725721,-0.002201169399348668,108.37758984279097,108.22643999626806,0.2952750498176755
2025-09-26 12:50:00,108.37193547589872,108.43933325950857,108.15598296689696,108.22061195535389,3903.0934230328276,-0.0013963349448390394,108.34619426530357,108.22591017436676,0.2827502960019136
2025-09-26 13:50:00,108.22061195535389,108.60381952491988,108.18832449587998,108.51503719581686,5050.76425897678,0.002720602250747106,108.37996285140623,108.25219444904404,0.29056335948578543
2025-09-26 14:50:00,108.51503719581686,108.57758847607043,108.30573740895763,108.39291535126296,1494.1618556893336,-0.0011253909846018484,108.38255335137758,108.26498725833666,0.2865015031207879
2025-09-26 15:50:00,108.39291535126296,108.60444169562437,108.36490051238468,108.58326878046665,2322.954716236951,0.0017561427200922797,108.4226964371954,108.29392194216666,0.2805520724704514
2025-09-26 16:50:00,108.58326878046665,108.8349408540134,108.51036181199929,108.77755611318662,2551.7080403335563,0.0017892934602363741,108.49366837239364,108.33788868498665,0.2822614178156136
2025-09-26 17:50:00,108.77755611318662,108.85875028858929,108.49014846299958,108.5717929047493,5451.058854729481,-0.0018915961691878813,108.50929327886479,108.35915270496507,0.29775804952731527
2025-09-26 18:50:00,108.5717929047493,108.67895021590094,108.50114657105327,108.51983337466812,5924.59580440787,-0.00047857301322051793,108.51140129802546,108.37376003857443,0.29908611169275695
2025-09-26 19:50:00,108.51983337466812,108.699609246656,108.51946828994251,108.62870749671212,2500.340175672802,0.0010032647365767478,108.5348625377628,108.39693708022331,0.2674736603330408
2025-09-26 20:50:00,108.62870749671212,108.66742403091561,108.59646760605261,108.65944643947121,4702.071430824748,0.0002829725536412919,108.55977931810449,108.42080156742766,0.24125728181330736
2025-09-26 21:50:00,108.65944643947121,108.99445250732349,108.6518093954306,108.93583942331,2812.9150821768185,0.00254366272694706,108.6349913391456,108.4676231906897,0.25404221086678547
2025-09-26 22:50:00,108.93583942331,109.03778063659642,108.7757757613336,108.85289533617835,2166.928664392886,-0.0007614031118752251,108.67857213855216,108.50264793118866,0.26062935564313755
2025-09-26 23:50:00,108.85289533617835,109.08534980643273,108.805643999559,109.02051532818734,2258.252881325594,0.0015398762843314984,108.7469607764792,108.54972678546126,0.2630127951003333
2025-09-27 00:50:00,109.02051532818734,109.1993488374295,108.91595779145175,109.11072062182276,3073.441641646284,0.000827415769994122,108.81971274554792,108.60072622513049,0.2739934187100701
2025-09-27 01:50:00,109.11072062182276,109.69340126049406,109.00921048135605,109.66728412600177,2521.702363436894,0.005100905768077979,108.9892270216387,108.6976860343006,0.29887536322694175
2025-09-27 02:50:00,109.66728412600177,109.77107342761957,109.56125733831445,109.58228802044098,4832.174640258855,-0.0007750361125304916,109.10783922139916,108.778104396677,0.2936229201336208
2025-09-27 03:50:00,109.58228802044098,109.67717687340883,109.3165589425593,109.41590668782904,3174.1091329792685,-0.0015183232219143639,109.16945271468514,108.83608642314536,0.2897031274057369
2025-09-27 04:50:00,109.41590668782904,109.50876100702817,109.2584679202372,109.33435801325169,2419.541922370524,-0.0007453091332507711,109.20243377439846,108.88138384042774,0.2881632716684633
2025-09-27 05:50:00,109.33435801325169,109.43630443913803,109.30220889983255,109.43072142096915,1646.3129366403907,0.0008813643713514452,109.2480913037126,108.93132362047696,0.28063143995887635
2025-09-27 06:50:00,109.43072142096915,109.4735513935861,109.27145541722331,109.336936223181,3008.3978495851766,-0.0008570280499876626,109.26586028760629,108.96819749345005,0.2718826495552114
2025-09-27 07:50:00,109.336936223181,109.61740238034753,109.27816506867283,109.60728234009906,2783.9466932364544,0.0024725964185261518,109.33414469810485,109.02629611587268,0.2697851842755676
2025-09-27 08:50:00,109.60728234009906,109.69882417664579,109.56395412308348,109.56436707828479,3574.742492761592,-0.00039153659225954485,109.38018917414085,109.07521165791015,0.26671849918375606
2025-09-27 09:50:00,109.56436707828479,109.6555124641932,109.3668322850432,109.43761405539207,5882.3937739598005,-0.0011568818063097952,109.3916741503911,109.1081573304085,0.27447130078636356
2025-09-27 10:50:00,109.43761405539207,109.52651719527911,109.09600422986803,109.17806883089263,2918.5363318207274,-0.002371627221040118,109.3489530864914,109.11451292136161,0.3001539108255124
2025-09-27 11:50:00,109.17806883089263,109.34006007630208,109.14676204625268,109.32016525500401,1994.3854854383346,0.0013015106937959153,109.34319552019393,109.13320858805638,0.2894864049795497
2025-09-27 12:50:00,109.32016525500401,109.4140099190628,109.06314814866852,109.13925497927559,2460.9566198293605,-0.0016548664677411562,109.30240741201027,109.1337582599854,0.29583332606036905
2025-09-27 13:50:00,109.13925497927559,109.38415944638301,109.09007676143952,109.31236816020579,5855.544218277142,0.0015861678821527114,109.30439956164938,109.14999552364179,0.2968602459224944
2025-09-27 14:50:00,109.31236816020579,109.42525487005462,109.25433110704392,109.39719660241596,1475.2603249198378,0.0007760187034449029,109.3229589698027,109.17246834898489,0.28882686856770434
2025-09-27 15:50:00,109.39719660241596,109.43637931654037,109.23413925687338,109.34213310066521,1553.6074980090011,-0.0005033355831856046,109.3267937959752,109.18789241731946,0.2544018171769175
2025-09-27 16:50:00,109.34213310066521,109.39214219776264,108.90703477916156,108.98204499182262,3332.4400918179517,-0.003293223743047635,109.2578440351447,109.16917901500156,0.27406548355519994
2025-09-27 17:50:00,108.98204499182262,109.04364408584006,108.83551712384785,108.88251118187497,2185.2337195317477,-0.0009133046636728981,109.18277746449075,109.14311830289914,0.26317327149396263
2025-09-27 18:50:00,108.88251118187497,108.97633536674282,108.79817966107362,108.93823204265551,2042.2486726050656,0.0005117521645645606,109.13386838012372,109.12449227924063,0.2580206014138357
2025-09-27 19:50:00,108.93823204265551,109.45627649675318,108.84142230741801,109.36481977548466,5912.769852161197,0.003915867963252051,109.18005865919591,109.14634023344463,0.29236050498738464
2025-09-27 20:50:00,109.36481977548466,109.37266466977762,109.2501343423592,109.34775168779454,3421.5205879154673,-0.00015606561346837022,109.21359726491563,109.16465036565826,0.2866772443485002
2025-09-27 21:50:00,109.34775168779454,109.57376112390132,109.28732351876766,109.47007706115453,2884.6893555987094,0.0011186821079709475,109.26489322416342,109.1924164288852,0.2829058367384261
2025-09-27 22:50:00,109.47007706115453,109.92199304237626,109.40853372964945,109.83877177290024,2248.9284660817007,0.0033679953613237057,109.37966893391079,109.25117600561383,0.30994792667874754
2025-09-27 23:50:00,109.83877177290024,109.86139916503184,109.45801163238801,109.50904658770332,1221.0869742229568,-0.0030019016042773794,109.4055444646693,109.27461878580378,0.3181413090711648
2025-09-28 00:50:00,109.50904658770332,109.56597493889325,109.43010702203225,109.54148868630979,2162.5199690959566,0.00029625039772840367,109.43273330899741,109.29887968584978,0.29709523417473044
2025-09-28 01:50:00,109.54148868630979,109.64887629722274,109.48487218060343,109.60449718392977,3054.1965637360695,0.0005752021300386989,109.46708608398389,109.32666309476615,0.2950028117868665
2025-09-28 02:50:00,109.60449718392977,109.71176937564707,109.52267649053339,109.56607775564744,1567.4036516611682,-0.0003505278457494043,109.4868844183166,109.34842806393718,0.2834478914096802
2025-09-28 03:50:00,109.56607775564744,109.58055942627409,109.36327626753541,109.442626902657,3128.734648121833,-0.0011267251280616675,109.47803291518468,109.35699159472989,0.27796221096647955
2025-09-28 04:50:00,109.442626902657,109.75514653882564,109.3334868844851,109.73972740753786,789.6519896156143,0.002714668984920454,109.53037181365532,109.3917857595306,0.2958719174900405
2025-09-28 05:50:00,109.73972740753786,109.7399204004001,109.61345863065057,109.68940411217119,4652.1688781479015,-0.0004585695313401583,109.5621782733585,109.41884197340703,0.29045918249593583
2025-09-28 06:50:00,109.68940411217119,109.6995047976057,109.58244283036369,109.62408941356033,4245.324729069407,-0.0005954513030635988,109.57456050139886,109.43750083160278,0.26417022168457394
2025-09-28 07:50:00,109.62408941356033,109.95152428751932,109.5668396978332,109.87953637029825,2995.8345807272212,0.002330208242590226,109.63555567517875,109.4776858805751,0.2767814808055675
2025-09-28 08:50:00,109.87953637029825,109.98893674761095,109.75731079680513,109.8602439129456,2946.0648161877625,-0.00017557825587866116,109.68049332273213,109.51246388351787,0.280600784029612
2025-09-28 09:50:00,109.8602439129456,110.13697106675414,109.8026740610895,110.10271185542821,4333.290386955933,0.0022070581117108468,109.76493702927135,109.56612279005516,0.2605609851960032
2025-09-28 10:50:00,110.10271185542821,110.32391074592985,110.04190946866609,110.28683751363069,2065.926234420875,0.0016723081121221561,109.86931712614323,109.6316423103802,0.27195176732781334
2025-09-28 11:50:00,110.28683751363069,110.49039597657135,110.24070236617206,110.46687841368899,2630.8185983048875,0.0016324785814629816,109.98882938365239,109.70757286522645,0.26932719627535867
2025-09-28 12:50:00,110.46687841368899,110.58014796724567,110.46075639683103,110.48592751057168,4807.036674174362,0.0001724417052082483,110.08824900903625,109.77833237843966,0.24117950039591765
2025-09-28 13:50:00,110.48592751057168,110.50323026214942,110.24817746246478,110.35078976134322,5051.485666767739,-0.0012231218244108666,110.14075715949765,109.83037395870362,0.23058416232740342
2025-09-28 14:50:00,110.35078976134322,110.39874129832793,110.18139093051802,110.29049704365448,2753.947775614763,-0.0005463732322997794,110.17070513632902,109.87220333006279,0.2364043373951828
2025-09-28 15:50:00,110.29049704365448,110.32624867904943,109.91881981481237,109.99880506074662,1740.286413647263,-0.0026447607974094955,110.13632512121255,109.88371257830677,0.25379181936787937
2025-09-28 16:50:00,109.99880506074662,110.04455134828706,109.83422949406804,109.84973688973977,6577.517248735103,-0.001355179912404747,110.079007474918,109.88062387934613,0.25530817430397484
2025-09-28 17:50:00,109.84973688973977,110.0290138352181,109.83884668271834,109.95472782828193,2445.628703285764,0.0009557686847037061,110.0541515455908,109.88736060197665,0.2533713167154801
2025-09-28 18:50:00,109.95472782828193,110.38263581105765,109.86643255404584,110.370999569345,1351.8984630928765,0.003785846677854199,110.11752115034164,109.93132778082831,0.2601244311919991
2025-09-28 19:50:00,110.370999569345,110.60838142582277,110.2966013902699,110.54089134798284,2477.4798183217486,0.001539279152138917,110.20219518986988,109.98674265056962,0.2733614501779523
2025-09-28 20:50:00,110.54089134798284,110.57861822876227,110.25896721389175,110.36534852528777,2062.335051906799,-0.0015880351655791491,110.23482585695346,110.02116136645309,0.2878320964371314
2025-09-28 21:50:00,110.36534852528777,110.54648390686017,110.34050006675803,110.48559043674247,1375.6989252564726,0.0010894897090560907,110.28497877291127,110.06338219102484,0.27506775718113374
2025-09-28 22:50:00,110.48559043674247,110.63252734364785,110.46989155682428,110.56386488583418,6286.2522437362395,0.0007084584404382088,110.34075599549585,110.10888061782569,0.27013988832525876
2025-09-28 23:50:00,110.56386488583418,110.62934549178657,110.4192321775981,110.45945094548564,1852.1617799701792,-0.0009443767225064681,110.36449498549382,110.14075064761296,0.26126962464838904
2025-09-29 00:50:00,110.45945094548564,110.71188781946674,110.39272571997404,110.60318281565434,1833.8279484492477,0.0013012184013083683,110.41223255152593,110.18278993561673,0.2639239690933134
2025-09-29 01:50:00,110.60318281565434,110.65741652452391,110.50796922562678,110.64226575318665,2474.859637744207,0.0003533617798092692,110.45823919185808,110.22456046448671,0.25676351827173044
2025-09-29 02:50:00,110.64226575318665,110.70610349043075,110.52837417848957,110.59738226464017,3640.0292232544584,-0.00040566313642376173,110.48606780641451,110.25845335540976,0.2609304998093407
2025-09-29 03:50:00,110.59738226464017,110.60112400449161,110.24258243453298,110.31812137743503,6711.225649318703,-0.00252502257726972,110.45247852061863,110.26387772104842,0.268322554828912
2025-09-29 04:50:00,110.31812137743503,110.47878274809611,110.22992458498148,110.39089890959673,4221.913845152441,0.0006597060505835195,110.44016259841425,110.27542510182553,0.2705731116363919
2025-09-29 05:50:00,110.39089890959673,110.39778385055172,110.13969613227584,110.23942248678739,3081.6893975352523,-0.0013721821663340572,110.40001457608888,110.27215213682206,0.25990588692487854
2025-09-29 06:50:00,110.23942248678739,110.2681921267524,110.1410923948036,110.14743130250504,4174.715885467195,-0.0008344672187790003,110.34949792137212,110.26081387915687,0.25396144961986317
2025-09-29 07:50:00,110.14743130250504,110.68656928698145,110.08775372471486,110.65168199021743,2436.030446848303,0.00457796139001676,110.40993473514119,110.29634734379874,0.2831506217460661
2025-09-29 08:50:00,110.65168199021743,111.16240656686715,110.61000471086109,111.05501621256026,3794.9352259930597,0.003645079903787485,110.53895103062501,110.36531724095887,0.28573623595994085
2025-09-29 09:50:00,111.05501621256026,111.10854036429278,110.94083008350549,111.04324226277961,1909.1525108317835,-0.00010601907218765749,110.63980927705595,110.42694678839712,0.27544553919097076
2025-09-29 10:50:00,111.04324226277961,111.09963312305463,110.9869508680789,110.99830018193153,3083.4166436552205,-0.0004047259421851024,110.71150745803106,110.47888800599115,0.2606620563413427
2025-09-29 11:50:00,110.99830018193153,111.04375250396976,110.82383515336409,110.85371006369999,2859.429801696823,-0.0013026336258712412,110.73994797916485,110.51296273851014,0.2616573070915941
2025-09-29 12:50:00,110.85371006369999,110.90281468969862,110.64242836006488,110.74338490633961,6567.378772478467,-0.0009952319800300424,110.74063536459981,110.53391020831282,0.26863948872089133
2025-09-29 13:50:00,110.74338490633961,110.7815778612616,110.45394685159474,110.54337729719859,3018.271850085524,-0.001806045655098787,110.70118375111957,110.53477085275698,0.2770336098264912
2025-09-29 14:50:00,110.54337729719859,110.63773083351948,110.28232196759888,110.28834208130087,5330.368218204322,-0.002307105338495763,110.61861541715584,110.51236823717005,0.2796226645713418
2025-09-29 15:50:00,110.28834208130087,110.35607884723149,110.2483870524637,110.31398452963282,2781.7814931881403,0.00023250370662974973,110.55768923965124,110.49433335466667,0.2766401285621031
2025-09-29 16:50:00,110.31398452963282,110.4217269434679,110.16474778095608,110.24002916837867,2352.643369782738,-0.0006704078505502808,110.49415722539673,110.47121479227684,0.28230083217429225
2025-09-29 17:50:00,110.24002916837867,110.36350365566261,110.2197935222013,110.31464838535538,2446.476570110902,0.000676879510461248,110.45825545738847,110.4569814825567,0.26695572956734076
2025-09-29 18:50:00,110.31464838535538,110.32766725675657,110.18728880624295,110.23105251765568,5202.876614396151,-0.0007577948071563201,110.41281486944192,110.4364424857475,0.2592071786672686
2025-09-29 19:50:00,110.23105251765568,110.32910536073416,109.97764736552665,110.07363287594927,3997.3565882549337,-0.0014280879852907047,110.3449784707434,110.40345979394766,0.2658764841623856
2025-09-29 20:50:00,110.07363287594927,110.1655490813354,109.93984907051906,110.0014170308246,2368.2418964191233,-0.0006560685173901959,110.27626618275964,110.36691045184556,0.27291936122435245
2025-09-29 21:50:00,110.0014170308246,110.13256804204727,109.98180320431858,110.11281315223079,1039.0360423082439,0.0010126789673534642,110.24357557665388,110.34381069733512,0.24091573804307334
2025-09-29 22:50:00,110.11281315223079,110.28363384435744,110.01234125541076,110.1850805873409,1003.4368022866789,0.000656303594843255,110.2318765787913,110.32938068733564,0.2208365046816892
2025-09-29 23:50:00,110.1850805873409,110.6608672796326,110.11738399949877,110.55915406545,1083.6671164393426,0.0033949557972376976,110.29733207612304,110.35026917625513,0.2476774332064419
2025-09-30 00:50:00,110.55915406545,110.66734369545966,110.53495907606745,110.57588095180265,2824.895430582958,0.00015129354501697279,110.35304185125896,110.37077933766854,0.24908474495047678
2025-09-30 01:50:00,110.57588095180265,110.81555995677465,110.53448052644369,110.81036176184486,3378.697771501073,0.0021205420931207364,110.44450583337616,110.41074137623002,0.2534534649308548
2025-09-30 02:50:00,110.81036176184486,110.87043082762244,110.40191576606655,110.43008208138671,5746.726824474541,-0.003431806145308358,110.44162108297827,110.41249962215335,0.2683198029252947
2025-09-30 03:50:00,110.43008208138671,110.52977961766005,110.27201641883345,110.31091442516734,2157.881212504462,-0.001079123133600035,110.41547975141609,110.40326460424552,0.263329245008134
2025-09-30 04:50:00,110.31091442516734,110.40697371410741,110.1321914144319,110.17069604576068,7110.242508890215,-0.0012711197267952778,110.36652301028501,110.38212200801962,0.2575702045620553
2025-09-30 05:50:00,110.17069604576068,110.42783867964714,110.08748476745319,110.32778272894038,3410.426444337999,0.0014258481503506282,110.35877495401608,110.37718207355788,0.27418892723535243
2025-09-30 06:50:00,110.32778272894038,110.43948016401538,110.28697307293292,110.40546901867117,3016.3738774535436,0.0007041407686190215,110.3681137669471,110.37975361402272,0.2667266364189688
2025-09-30 07:50:00,110.40546901867117,110.4321759355546,110.33542281915005,110.36824219355515,2087.520821217849,-0.00033718279942929197,110.36813945226872,110.37870712125293,0.2633725637720567
2025-09-30 08:50:00,110.36824219355515,110.43175696713602,109.93616913667486,110.02528416982955,1881.7855665341456,-0.0031073977161305555,110.2995683957809,110.34657776203262,0.28874466233973806
2025-09-30 09:50:00,110.02528416982955,110.02732433762493,109.93915581456699,109.97259446527956,4709.892532784531,-0.0004788872389428489,110.23417360968064,110.31257928050961,0.2699382714719119
2025-09-30 10:50:00,109.97259446527956,110.09187454070904,109.90996384372065,110.01573813900023,1953.184382924527,0.00039231295697317314,110.19048651554456,110.28559372219057,0.2668104633413445
2025-09-30 11:50:00,110.01573813900023,110.07611926011788,109.7987785629747,109.89725644949459,3830.2205897638446,-0.0010769521843860819,110.13184050233457,110.25029033376366,0.27585159615666505
2025-09-30 12:50:00,109.89725644949459,110.05223371526489,109.85186660353033,110.02669656049062,4341.849108063574,0.0011778284115355753,110.11081171396579,110.22996362710246,0.270785490641514
2025-09-30 13:50:00,110.02669656049062,110.32541867283553,109.97812789557256,110.27978850343905,3908.269136711109,0.002300277576808618,110.14460707186045,110.23449316131487,0.25677174043645273
2025-09-30 14:50:00,110.27978850343905,110.46513176431328,110.26588962023672,110.400583370809,2445.4306823415964,0.0010953491025800233,110.19580233165017,110.24959227126888,0.2615472779139064
2025-09-30 15:50:00,110.400583370809,110.41283613978554,110.36533141806444,110.3786312533241,2693.087950578,-0.0001988405931803161,110.23236811598497,110.26132308781935,0.24486337015605894
2025-09-30 16:50:00,110.3786312533241,110.45107220737042,110.22878584494929,110.23677034712529,1971.6719477446852,-0.0012852207405366078,110.23324856221303,110.25909102048352,0.22727560593214743
2025-09-30 17:50:00,110.23677034712529,110.38107220339236,110.17862131487747,110.35292804258809,3209.5613931373327,0.0010537109813453238,110.25718445828805,110.26762165885667,0.2233247266241674
2025-09-30 18:50:00,110.35292804258809,110.41937975070036,110.30843962854922,110.32366617280094,3800.008408390348,-0.00026516622899086517,110.27048080119063,110.27271661466978,0.21162171394385507
2025-09-30 19:50:00,110.32366617280094,110.38047147200528,109.96166284284693,109.96980457065781,3364.3260468640206,-0.003207485886018935,110.21034555508407,110.24517915612323,0.21722562229845518
2025-09-30 20:50:00,109.96980457065781,109.9983392667143,109.8388295995641,109.93750653767272,2964.8010500762284,-0.0002936991032328473,110.1557777516018,110.21720891808226,0.21772580630329433
2025-09-30 21:50:00,109.93750653767272,109.98208644339311,109.73346243992904,109.82862637012336,2341.5184138138607,-0.0009903823633843345,110.09034747530612,110.18188323190418,0.2285737268075465
2025-09-30 22:50:00,109.82862637012336,109.88033886454237,109.7047550128906,109.76169025198048,1555.6102385727472,-0.0006094596678037911,110.024616030641,110.14368387009293,0.20571629974973252
2025-09-30 23:50:00,109.76169025198048,109.7795124798591,109.27829112843206,109.30418820546215,2095.532976363546,-0.004168139589214026,109.88053046560523,110.06736608239922,0.23522007320466745
2025-10-01 00:50:00,109.30418820546215,109.59641390402182,109.28757626263182,109.5040827915584,1577.9071349780154,0.0018287916444748031,109.80524093079588,110.0161585105046,0.2442862835190677
2025-10-01 01:50:00,109.5040827915584,109.6506640271303,109.44405761823471,109.55806667795518,3171.9811123332915,0.0004929851474080316,109.75580608022774,109.97451379845465,0.23923383435852635
2025-10-01 02:50:00,109.55806667795518,109.58925756646599,109.25410271027755,109.26343196711188,2721.0934800786654,-0.002689301844923664,109.65733125760458,109.9098699956053,0.2488615303909459
2025-10-01 03:50:00,109.26343196711188,109.29467516804323,108.92143546338256,109.01354798763802,4595.15210455444,-0.002286986368404409,109.52857460361128,109.82838617669918,0.25071502520506683
2025-10-01 04:50:00,109.01354798763802,109.02583573987944,108.97909592435472,108.98529464741333,2947.070592748932,-0.00025917274271169966,109.41991861237169,109.75174149221864,0.23982200173707774
2025-10-01 05:50:00,108.98529464741333,109.16316665353185,108.9201408638635,109.14529058619836,2864.904647284044,0.0014680507063145054,109.36499300713703,109.69660959167135,0.25378779230473875
2025-10-01 06:50:00,109.14529058619836,109.43989369094177,109.08793666404638,109.34133436174183,5296.870325181857,0.0017961725557791297,109.36026127805799,109.66431184349594,0.2630499826243288
2025-10-01 07:50:00,109.34133436174183,109.49392182259022,109.28776391211373,109.45465139706711,3590.6777313613584,0.0010363604577057206,109.37913930185982,109.6452518029115,0.26331476990730046
2025-10-01 08:50:00,109.45465139706711,109.8000338006428,109.43382000748295,109.69074968031498,2175.022709231726,0.002157042028221978,109.44146137755087,109.64938797358454,0.28154860355077965
2025-10-01 09:50:00,109.69074968031498,109.7793788551889,109.38952640588863,109.40991038966936,3007.729279179756,-0.002560282352560228,109.43515117997457,109.6276172841377,0.2794803049894879
2025-10-01 10:50:00,109.40991038966936,109.42445884978616,109.2037080332967,109.20412779058739,2195.022863946547,-0.0018808405778696358,109.38894650209714,109.58911823926948,0.28385467279943455
2025-10-01 11:50:00,109.20412779058739,109.53865425883801,109.1609471810451,109.52637248128076,4400.573706594758,0.002950847163133874,109.41643169793387,109.58341407945233,0.29307489239435114
2025-10-01 12:50:00,109.52637248128076,109.56013863552145,109.13655351225961,109.19431472612717,1753.9947545256591,-0.003031760731510902,109.37200830357254,109.54804141096822,0.3107892689379282
2025-10-01 13:50:00,109.19431472612717,109.42572149920296,109.08916542556669,109.34219885284111,1709.6799539646686,0.0013543207545634317,109.36604641342626,109.52932845113848,0.2990274633814453
2025-10-01 14:50:00,109.34219885284111,109.3868035007705,108.810209707548,108.81834282990121,2914.7449298900005,-0.00479097757714686,109.25650569672126,109.46469339466236,0.3181529027980525
2025-10-01 15:50:00,108.81834282990121,109.00357152840559,108.74816168224625,108.94000531424541,3217.2709830700983,0.0011180328718511934,109.1932056202261,109.41699447826082,0.32163886260260555
2025-10-01 16:50:00,108.94000531424541,108.99002423903963,108.77645453505373,108.83910605405205,2866.292060131441,-0.0009261910709689181,109.1223857069913,109.36445916696911,0.31295420887385256
2025-10-01 17:50:00,108.83910605405205,108.86299308555157,108.69825695747815,108.79204674029315,3009.4883698814256,-0.00043237504850079933,109.05631791365167,109.31242167363493,0.2980610962604778
2025-10-01 18:50:00,108.79204674029315,108.87253694192533,108.54804527901183,108.58776583671805,8300.70169053364,-0.0018777190952455891,108.96260749826494,109.24654387027884,0.31790051393110524
2025-10-01 19:50:00,108.58776583671805,108.69417927029437,108.3867825807531,108.4952472500678,3381.642975327235,-0.0008520166699935716,108.86913544862553,109.17824417753238,0.322498435350599
2025-10-01 20:50:00,108.4952472500678,108.56043082497,108.27052020032372,108.30917924992589,8457.180271765137,-0.0017149875672715087,108.7571442088856,109.0992382750227,0.31806654947566265
2025-10-01 21:50:00,108.30917924992589,108.58837068187417,108.27932801368972,108.57549649552341,5158.766708743107,0.0024588612658857922,108.72081466621317,109.0516253859773,0.3254154607405165
2025-10-01 22:50:00,108.57549649552341,108.6175213165293,108.1315041762302,108.23064123632,4083.5359825694973,-0.0031761794358236006,108.62277998023454,108.97699046328118,0.33397284267903565
2025-10-01 23:50:00,108.23064123632,108.3295584939041,108.10927512572651,108.13795455355644,1355.29108241922,-0.000856381166227882,108.52581489489893,108.90071447148802,0.3218607654559875
2025-10-02 00:50:00,108.13795455355644,108.22027602087924,107.83172152153477,107.91446468709418,2015.903519559262,-0.0020667106880736252,108.40354485333799,108.81105540017948,0.3338467428027739
2025-10-02 01:50:00,107.91446468709418,107.96675702166534,107.64252196450391,107.71138749334072,1742.6319006748733,-0.0018818347877858077,108.26511338133854,108.71108559046687,0.33002731275766856
2025-10-02 02:50:00,107.71138749334072,108.25517346282591,107.66598684291472,108.18477887339084,1187.7946551708503,0.004394998440433007,108.24904647974901,108.66323952527813,0.3418559910897646
2025-10-02 03:50:00,108.18477887339084,108.27482708020523,108.14857083256418,108.20773824047005,2512.086584154512,0.00021222363550865708,108.24078483189322,108.6218303175683,0.32683457494724877
2025-10-02 04:50:00,108.20773824047005,108.22222346720396,108.17168141162287,108.20885755214213,5881.654546284289,1.0344100064285655e-05,108.23439937594301,108.58428733889319,0.2892594508300052
2025-10-02 05:50:00,108.20885755214213,108.26567296868042,108.13891645607933,108.24651800497946,6783.811847529309,0.000348034843812961,108.2368231017503,108.55358103581013,0.2800699270044161
2025-10-02 06:50:00,108.24651800497946,108.38767087193648,108.24387102017218,108.3653220126339,4165.091147018944,0.0010975319099775227,108.26252288392703,108.53646657915773,0.2750863661314448
2025-10-02 07:50:00,108.3653220126339,108.74663504487059,108.3416307085167,108.65465434833436,13691.933368372007,0.0026699716323155265,108.34094917680851,108.54721092181015,0.2922483810086212
2025-10-02 08:50:00,108.65465434833436,108.79177666940649,108.58101317130279,108.69230754640714,2164.1756123845203,0.00034654013027424213,108.41122085072824,108.56040152404624,0.28412494066506405
2025-10-02 09:50:00,108.69230754640714,108.7951070780315,108.63042628427742,108.7126186468272,3790.757154919976,0.0001868678738961016,108.47150040994804,108.57423944429905,0.27393094810883717
2025-10-02 10:50:00,108.7126186468272,108.88003896297025,108.65656036319585,108.81538944889809,8950.542557477263,0.0009453438188695706,108.54027821773805,108.59616217198987,0.269185803475131
2025-10-02 11:50:00,108.81538944889809,108.9205385333799,108.80031675204764,108.9088599946997,2936.200630944834,0.0008589827806066985,108.61399457313038,108.62458924678167,0.25569859727140354
2025-10-02 12:50:00,108.9088599946997,109.36547552333406,108.89716640343156,109.26709396093068,2154.956100658274,0.003289300487108404,108.74461445069045,108.68299876624975,0.2544337386716456
2025-10-02 13:50:00,109.26709396093068,109.3512965048578,109.25825183104507,109.3272729198367,3176.013286692268,0.0005507509784010711,108.86114614451971,108.74156914384857,0.24534526050272681
2025-10-02 14:50:00,109.3272729198367,109.37448915193814,109.19919217902805,109.30147787759043,10096.280173770183,-0.0002359433429313107,108.94921249113386,108.79246993782509,0.23011258004312854
2025-10-02 15:50:00,109.30147787759043,109.40925161488899,109.14690599618471,109.2383204586608,2978.504705745882,-0.000577827675856013,109.00703408463926,108.8330018033556,0.22569190586761728
2025-10-02 16:50:00,109.2383204586608,109.28904199042417,108.97728429422573,109.0272405548773,4456.865610521298,-0.0019322880734272685,109.01107537868687,108.85065987167575,0.2058755541738496
2025-10-02 17:50:00,109.0272405548773,109.0527636685706,108.95192319255939,108.9904374751416,4783.988082758436,-0.00033755857296202674,109.00694779797782,108.86336692653627,0.20406014191457547
2025-10-02 18:50:00,108.9904374751416,109.19951836877645,108.96149666016333,109.09356781837734,3652.29644855588,0.0009462329505673939,109.02427180205773,108.88429428034,0.21745154570257746
2025-10-02 19:50:00,109.09356781837734,109.24192917010092,109.07434179747774,109.14300371117048,3594.869979587262,0.00045315130655043667,109.04801818388029,108.9078133195064,0.22036803570415486
2025-10-02 20:50:00,109.14300371117048,109.16620191790888,109.04505632389049,109.09409902992329,1441.5502147950283,-0.0004480789384962991,109.0572343530889,108.92474838408975,0.21874987443658966
2025-10-02 21:50:00,109.09409902992329,109.13534507188145,108.86332590379985,108.96336188081679,2220.188953907398,-0.0011983888245928886,109.03845985863448,108.92825870197403,0.2092509338457122
2025-10-02 22:50:00,108.96336188081679,109.2354278925546,108.89216297930565,109.16105237843323,3136.6395109894634,0.001814284124535881,109.06297836259424,108.94942176347031,0.2187153206418009
2025-10-02 23:50:00,109.16105237843323,109.1733885534068,108.77298857577253,108.87860652854376,5280.405046250083,-0.0025874232955386267,109.02610399578414,108.94298401484062,0.23555240520467077
2025-10-03 00:50:00,108.87860652854376,109.17884997684634,108.82112287769446,109.09550481210385,5345.773208168476,0.0019921111270213565,109.03998415904809,108.95684954186454,0.24514158373163347
2025-10-03 01:50:00,109.09550481210385,109.21053176515636,109.03501077820414,109.16991825217688,4524.27740655221,0.0006820944657728312,109.06597097767386,108.97621942462021,0.24909152699020204
2025-10-03 02:50:00,109.16991825217688,109.23650363382251,109.00128082529626,109.00578965703932,1466.8127445765824,-0.0015034232668237335,109.05393471354695,108.9789076275674,0.232442504749041
2025-10-03 03:50:00,109.00578965703932,109.37238806968256,108.95675744962477,109.33919320322785,2264.661227773201,0.0030585856699676395,109.11098641148314,109.01166086171834,0.2554843580522593
2025-10-03 04:50:00,109.33919320322785,109.63453223532856,109.2727739936407,109.54751820736253,1711.4486188324265,0.001905309505507935,109.19829277065902,109.06037516586781,0.2688030201078147
2025-10-03 05:50:00,109.54751820736253,109.72774822022232,109.4380108174691,109.71909492038934,2443.756923276841,0.0015662309455704015,109.30245320060509,109.12025877991522,0.27075957611131074
2025-10-03 06:50:00,109.71909492038934,109.93042334346659,109.69553173475197,109.8653886884129,1492.332059319856,0.0013333482939292818,109.41504029816666,109.18799786250591,0.2652691412910378
2025-10-03 07:50:00,109.8653886884129,109.95686527643218,109.77389864484772,109.82093059778242,2474.997838294441,-0.00040465965816194327,109.49621835808982,109.2455372020765,0.2711352952605556
2025-10-03 08:50:00,109.82093059778242,109.92240353578124,109.57686621187455,109.5910375302972,1400.8723263743739,-0.0020933447406961125,109.5151821925313,109.27694632282383,0.27881498206723976
2025-10-03 09:50:00,109.5910375302972,109.70355360677203,109.53176834303166,109.67226697027444,2006.7070370353006,0.0007412051369144468,109.54659914807993,109.31288456350116,0.2791148314327541
2025-10-03 10:50:00,109.67226697027444,109.84312964591578,109.60213456246485,109.76336494268072,2651.9591740787973,0.000830638181583021,109.5899523070001,109.35383732524475,0.2876755092493641
2025-10-03 11:50:00,109.76336494268072,109.80600955799115,109.57353867762585,109.65475015001385,4918.6692065606185,-0.0009895359232434675,109.60291187560286,109.38119303658739,0.2848506315553426
2025-10-03 12:50:00,109.65475015001385,109.78364070875202,109.58543855247711,109.68226193650261,1527.3332300016987,0.0002508946165225012,109.61878188778282,109.40856293657968,0.2744890060571968
2025-10-03 13:50:00,109.68226193650261,109.73622963752725,109.51287865666454,109.53254085155872,3871.969802496352,-0.001365043739073979,109.601533680538,109.41983365612323,0.26184264914494243
2025-10-03 14:50:00,109.53254085155872,109.62887135208591,109.25638315966891,109.34414873090283,2818.008304531048,-0.0017199648541998958,109.55005669061097,109.41295320837592,0.262897012949594
2025-10-03 15:50:00,109.34414873090283,109.35723344566094,109.20395841227062,109.25923414980457,3195.9494902727183,-0.0007765809335370522,109.4918921824497,109.3989787485058,0.26130801626660066
2025-10-03 16:50:00,109.25923414980457,109.40281611361848,109.21949408967488,109.32986345213618,6224.869053811224,0.0006464378309185559,109.45948643638701,109.39269553974492,0.2576008173678405
2025-10-03 17:50:00,109.32986345213618,109.40500787815463,109.22980459823337,109.37799712415361,3964.8115728834277,0.0004402609725977502,109.44318857394033,109.39135932014571,0.24042743592951762
2025-10-03 18:50:00,109.37799712415361,109.39985747311056,109.07488560337535,109.16286248847756,6120.562161873389,-0.0019668913431634127,109.38712335684778,109.37058688090315,0.2377998379328992
2025-10-03 19:50:00,109.16286248847756,109.16966069588426,108.96637843724515,109.02241287183732,4414.472344616787,-0.0012866062087284469,109.3141812598457,109.3389346982608,0.23162447049617693
2025-10-03 20:50:00,109.02241287183732,109.30178986472487,109.00563237872689,109.2537335880819,1685.301531721434,0.0021217721214490393,109.30209172549294,109.33118914278998,0.23600060458784558
2025-10-03 21:50:00,109.2537335880819,109.36019023846704,109.11507028992541,109.19432276785565,4424.1659276836945,-0.0005437875510071466,109.28053793396549,109.31874674506868,0.24044012722764307
2025-10-03 22:50:00,109.19432276785565,109.298397315455,108.91210558669327,109.01346115862304,3351.8312736972807,-0.0016563279541291775,109.22712257889701,109.29099350993725,0.24335115614585995
2025-10-03 23:50:00,109.01346115862304,109.02338510328217,108.77351548997672,108.82940472568296,4540.828994690092,-0.0016883826179251438,109.14757900825421,109.24903089318686,0.2489286096862224
2025-10-04 00:50:00,108.82940472568296,108.8888081540506,108.79458975992398,108.82397340828938,1865.9656903443424,-4.990670864435387e-05,109.08285788826124,109.21038930365071,0.23844456044877152
2025-10-04 01:50:00,108.82397340828938,109.23011094914101,108.8023344241752,109.17841168518227,4498.283391441669,0.00325698709385569,109.10196864764545,109.20748224742631,0.2523949636345222
2025-10-04 02:50:00,109.17841168518227,109.55469727971773,109.09521053276787,109.48707925554866,3129.442476098356,0.002827185023138501,109.1789907692261,109.23290015725561,0.2710581486827337
2025-10-04 03:50:00,109.48707925554866,109.55052870862676,109.12859574568951,109.18659498641775,2373.3315004875385,-0.002744472417878452,109.18051161266443,109.22869059627035,0.2852425759737725
2025-10-04 04:50:00,109.18659498641775,109.21141881081022,109.0915392896033,109.1858920361356,4824.984468185739,-6.4380639605010614e-06,109.18158769735867,109.22479981807628,0.2671990994587666
2025-10-04 05:50:00,109.1858920361356,109.40621613335193,109.14084322008712,109.39553750553958,3814.802659965479,0.001920078368133904,109.22437765899485,109.24032142602748,0.2752060908783735
2025-10-04 06:50:00,109.39553750553958,109.60573494624006,109.35806128324487,109.50463892604373,8322.970954853741,0.0009973114351087276,109.28042991240463,109.26435028966532,0.27980263652491594
2025-10-04 07:50:00,109.50463892604373,109.66632675222475,109.42572598173965,109.58387330506174,3747.2008646463996,0.0007235709810571311,109.34111859093606,109.29339783651953,0.28447388585090444
2025-10-04 08:50:00,109.58387330506174,109.63314195505026,109.53936528478104,109.59572819810542,2508.459064446725,0.00010818100041665168,109.39204051236995,109.32088241484551,0.2679599430319054
2025-10-04 09:50:00,109.59572819810542,109.66090156546831,109.5057379732833,109.55211607900736,2873.7829206046454,-0.00039793630477302777,109.42405562569743,109.34190365704204,0.264522895428041
2025-10-04 10:50:00,109.55211607900736,109.6588528919381,109.33177921119392,109.39710714962526,3297.9165560831543,-0.0014149332293162953,109.418665930483,109.34692215636778,0.26673119505276943
2025-10-04 11:50:00,109.39710714962526,109.42742167395933,108.80551581454483,108.90863207189618,2116.5391537976193,-0.00446515534511327,109.31665915876565,109.30707760323399,0.29364447440083147
2025-10-04 12:50:00,108.90863207189618,108.97296307074122,108.56888483328562,108.67527844887115,1190.8147468278844,-0.0021426549813882145,109.18838301678676,109.24964131647373,0.2949149393075357
2025-10-04 13:50:00,108.67527844887115,109.10185116813393,108.58993289079243,109.00864997847974,3147.216943109234,0.0030675930567358733,109.15243640912536,109.22773301301973,0.313632701024397
2025-10-04 14:50:00,109.00864997847974,109.40689936375342,108.96949593964314,109.31631644968193,2052.9564666856313,0.0028224041969415747,109.18521241723668,109.23578605271629,0.33814591745180217
2025-10-04 15:50:00,109.31631644968193,109.44842465858486,109.20871920304873,109.41842923625451,7629.945349192723,0.000934103799770547,109.23185578104025,109.25238997849249,0.3247122696353963
2025-10-04 16:50:00,109.41842923625451,109.74173695470316,109.31351817147997,109.72007001663275,2178.609525509763,0.002756763942634688,109.32949862815876,109.29490634559615,0.3224788436549194
2025-10-04 17:50:00,109.72007001663275,109.82770691089374,109.47176588203864,109.47772757034629,2238.5639457915036,-0.0022087339741008183,109.35914441659627,109.31152645693706,0.317765134077623
2025-10-04 18:50:00,109.47772757034629,109.58098575892078,109.32316258503238,109.40588517891831,3389.6218171943433,-0.0006562283765144672,109.36849256906068,109.32010452257171,0.3276182521263006
2025-10-04 19:50:00,109.40588517891831,109.61127820780142,109.37902943382595,109.50596016376288,776.9728993160627,0.0009147129944693244,109.39598608800112,109.33700048995273,0.3252522421770619
2025-10-04 20:50:00,109.50596016376288,109.5114172493039,109.28722779082696,109.33399929875492,3897.783846656072,-0.0015703333841445843,109.38358873015189,109.33672765438929,0.32357479899718655
2025-10-04 21:50:00,109.33399929875492,109.38967722691604,109.29888080839974,109.38343792842056,1781.0393293432574,0.00045217983411127705,109.38355856980563,109.34097404293759,0.3128744881422715
2025-10-04 22:50:00,109.38343792842056,109.38776901531266,109.25255698497661,109.35288406264007,4515.855983454227,-0.0002793280807327214,109.37742366837253,109.34205677200144,0.3158341567184735
2025-10-04 23:50:00,109.35288406264007,109.46639309072624,109.34122220421331,109.3857882144943,2036.0856153745328,0.0003008988024071346,109.37909657759688,109.3460323576826,0.3136918205990398
2025-10-05 00:50:00,109.3857882144943,109.55729361122451,109.34253885695989,109.54380592694442,1952.2973980386444,0.001444590883600494,109.4120384474664,109.36401177307003,0.30566904013621404
2025-10-05 01:50:00,109.54380592694442,109.61352189572358,109.14733477277277,109.21485476392807,2129.7239200881713,-0.003002918880102845,109.37260171075874,109.35045204496622,0.294546273245951
2025-10-05 02:50:00,109.21485476392807,109.32163487015787,108.72729951530927,108.76437766595967,3977.545797135299,-0.00412468705783775,109.25095690179893,109.29717255596562,0.3081360673454512
2025-10-05 03:50:00,108.76437766595967,108.79092172302444,108.43382110511409,108.47796341244103,4616.7744024831845,-0.00263334613469024,109.09635820392735,109.22269899746338,0.2970776631003683
2025-10-05 04:50:00,108.47796341244103,108.48897093126493,108.35316187050465,108.43815810557116,2362.4242415021263,-0.00036694371481260646,108.96471818425613,109.15137709820046,0.2755352085753679
2025-10-05 05:50:00,108.43815810557116,108.74974706124453,108.34154234319892,108.68934800084232,2961.983662891482,0.002316434543517376,108.90964414757337,109.10937445298607,0.2875708701831883
2025-10-05 06:50:00,108.68934800084232,108.73803463052224,108.5256206032664,108.53133146920817,7989.85870574922,-0.0014538364112085533,108.83398161190034,109.05682509082445,0.27215624475694866
2025-10-05 07:50:00,108.53133146920817,108.5814808358533,108.28064409297968,108.28611892110804,8425.278143069363,-0.0022593710477946116,108.72440907374188,108.9867608935775,0.26822022432969966
2025-10-05 08:50:00,108.28611892110804,108.34421303423863,107.88230475038483,107.97247614726714,2904.3809929161507,-0.0028964264022557362,108.57402248844694,108.89455318936746,0.28279773218437143
2025-10-05 09:50:00,107.97247614726714,108.05126533553636,107.90857814264939,108.03475475399496,4412.610386516631,0.0005768007639546102,108.46616894155655,108.81638969524268,0.2764004763923355
2025-10-05 10:50:00,108.03475475399496,108.08047171544675,107.92198300137578,107.99490604029607,6697.486130488248,-0.0003688508738658447,108.37191636130446,108.7417093629748,0.27170756607762314
2025-10-05 11:50:00,107.99490604029607,108.1311755444929,107.89351298220446,108.0755483351548,3531.362508402275,0.0007467231355211545,108.31264275607454,108.68114926953662,0.28219800491849156
2025-10-05 12:50:00,108.0755483351548,108.09874717713933,107.75816852725049,107.80846120957293,2017.1103886555163,-0.002471300212640304,108.21180644677422,108.6018139913581,0.29686704917226236
2025-10-05 13:50:00,107.80846120957293,107.82448218038836,107.78771483707288,107.80939323865925,2187.4125264206277,8.645231328596736e-06,108.13132380515123,108.52977574111274,0.2905525103724439
2025-10-05 14:50:00,107.80939323865925,107.91863531838922,107.77332278857394,107.85993708083312,2569.9126349814073,0.0004688259589957777,108.0770464602876,108.46888131745095,0.2855923514832059
2025-10-05 15:50:00,107.85993708083312,108.23044644179487,107.81369981822776,108.17621243203585,5078.691850709046,0.0029322782838794303,108.09687965463726,108.44227505514048,0.28206088724151257
2025-10-05 16:50:00,108.17621243203585,108.32657789279136,108.15189394669399,108.27221096581093,3836.313431059826,0.0008874273892274243,108.131945916872,108.42681468338326,0.25208578661642533
2025-10-05 17:50:00,108.27221096581093,108.57154700658404,108.19379988742013,108.4867181635351,1910.1736566124264,0.0019811842374948263,108.20290036620463,108.43226045430615,0.25356053670596573
2025-10-05 18:50:00,108.4867181635351,108.59032762390177,108.08206692863949,108.12695058658568,2018.0485927514474,-0.0033162361535087337,108.18771041028084,108.4045050117861,0.28016422488467996
2025-10-05 19:50:00,108.12695058658568,108.20174347533147,107.84963404386538,107.95140790781761,4442.815866349806,-0.0016234868163371718,108.1404499097882,108.36331436597078,0.27615741870042854
2025-10-05 20:50:00,107.95140790781761,107.97485740703164,107.79751813195722,107.86185215662196,2063.4218263052203,-0.0008295931746635787,108.08473035915496,108.31772689239361,0.27365207925889884
2025-10-05 21:50:00,107.86185215662196,108.07256846688789,107.86070739697892,107.96574331244912,4128.545400698295,0.0009631872042796807,108.0609329498138,108.28572838512592,0.2672966740471381
2025-10-05 22:50:00,107.96574331244912,108.10234215919789,107.95072376463834,108.04203488216244,1343.0110645531304,0.0007066275595632998,108.05715333628353,108.26357443031105,0.24513311052612
2025-10-05 23:50:00,108.04203488216244,108.48395460973357,107.9418968167899,108.4026942822464,5367.499859239527,0.0033381396460860913,108.12626152547611,108.2762216895779,0.27365958195874135
2025-10-06 00:50:00,108.4026942822464,108.43090454437062,108.21274886727102,108.21309324362683,4878.303349068977,-0.0017490435996536657,108.14362786910625,108.27048273994598,0.27792150788935793
2025-10-06 01:50:00,108.21309324362683,108.29874210848162,107.95901414896716,108.01829075950096,1717.1443094891508,-0.0018001748059017775,108.1185604471852,108.24755619626916,0.2852118934055018
2025-10-06 02:50:00,108.01829075950096,108.04442599203556,107.71447231441756,107.79211673958196,6060.464718423134,-0.00209384927616163,108.05327170566456,108.20615260929759,0.284452966814727
2025-10-06 03:50:00,107.79211673958196,107.94933326763002,107.75084576897677,107.87722238761945,6602.966247144051,0.0007895349920914452,108.01806184205554,108.17624986187231,0.29600440648171095
2025-10-06 04:50:00,107.87722238761945,108.07365869745792,107.86101258113068,108.02685891522736,1893.940125582688,0.0013871003006569183,108.01982125668991,108.16266886672277,0.30081394837542164
2025-10-06 05:50:00,108.02685891522736,108.03289583390301,107.86288246241101,107.96124687898325,2102.869103142306,-0.0006073678055900089,108.00810638114858,108.14435777692826,0.28319014465577147
2025-10-06 06:50:00,107.96124687898325,107.98899577404666,107.91082585793153,107.92768872886853,2940.383824984074,-0.00031083514765561926,107.99202285069258,108.12466059074102,0.2762962853713254
2025-10-06 07:50:00,107.92768872886853,108.42005985497703,107.8810157158703,108.40913837886772,4115.641508863809,0.004460853889020733,108.07544595632761,108.15052220784344,0.28781750108152593
2025-10-06 08:50:00,108.40913837886772,108.50635702062861,108.36645533361133,108.46658467637357,2826.0932759232073,0.0005299027219005659,108.15367370033681,108.179255159528,0.26150614334974065
2025-10-06 09:50:00,108.46658467637357,108.63770640079984,108.42448617121684,108.54821321505888,2174.7502975721995,0.0007525685346216893,108.23258160328123,108.2127968009399,0.25158548607237713
2025-10-06 10:50:00,108.54821321505888,108.61568682178871,108.44599782518755,108.58005971022209,2816.7786379433446,0.00029338571515791223,108.3020772246694,108.24618433814737,0.2510390376100022
2025-10-06 11:50:00,108.58005971022209,108.66152390937032,108.21542517502402,108.30132591109908,2084.3319245601415,-0.0025670809158411245,108.30192696195535,108.2511972084157,0.26777029935552576
2025-10-06 12:50:00,108.30132591109908,108.4693676616489,108.30063572944462,108.42818898798893,2882.555410340994,0.001171389877479223,108.32717936716207,108.26728737019509,0.26899269490157807
2025-10-06 13:50:00,108.42818898798893,108.43315428618132,108.32792409460693,108.35143689830065,4036.45788251173,-0.0007078610313853151,108.3320308733898,108.27493732729559,0.2377907233752014
2025-10-06 14:50:00,108.35143689830065,108.41022710461691,108.1128900557182,108.14683211731062,4083.744881543632,-0.0018883439559926884,108.29499112217397,108.26329139911513,0.24344653564656632
2025-10-06 15:50:00,108.14683211731062,108.15263234334627,107.79565005819013,107.87500965892963,6903.467146892035,-0.002513457426900345,108.2109948295251,108.22799305909827,0.2446789874781144
2025-10-06 16:50:00,107.87500965892963,107.90969752859426,107.78248177202083,107.9046723679429,2378.538787767419,0.0002749729442161897,108.14973033720867,108.19860026899323,0.23019770740350307
2025-10-06 17:50:00,107.9046723679429,107.95144451130741,107.56598384005477,107.65195128402436,2061.802825912936,-0.002342077301868639,108.05017452657181,108.14890490672333,0.24355293401774553
2025-10-06 18:50:00,107.65195128402436,107.83970862402543,107.58861810935363,107.749741374784,1463.1281349440544,0.0009083912515586157,107.99008789621425,108.11261731291066,0.24629896247092883
2025-10-06 19:50:00,107.749741374784,107.7695453645503,107.53282541504714,107.60455596410188,2302.3912920752396,-0.0013474316395537533,107.91298150979178,108.0664299175644,0.2510637180431538
2025-10-06 20:50:00,107.60455596410188,107.7984078473133,107.57802450457375,107.77086933223052,2716.7788878755578,0.0015455978293719141,107.88455907427954,108.03956077344314,0.2612218199448983
2025-10-06 21:50:00,107.77086933223052,107.81926933845206,107.5951353229357,107.67963466906612,3107.3108540647804,-0.0008465614477243255,107.84357419323686,108.00684021849978,0.23872823968844362
2025-10-06 22:50:00,107.67963466906612,107.9101946294125,107.64604492324398,107.80653250495203,4772.92552677252,0.001178475728264683,107.8361658555799,107.98863042635907,0.24760309819924636
2025-10-06 23:50:00,107.80653250495203,107.89355295107406,107.47879541675236,107.50403550689632,2361.7937256490495,-0.0028059245671575583,107.7697397858432,107.94457634277154,0.26199861996629586
2025-10-07 00:50:00,107.50403550689632,107.80980558053996,107.43464498066228,107.80134344466418,2830.9443643083955,0.0027655514173585694,107.7760605176074,107.93155517021633,0.27667516305747497
2025-10-07 01:50:00,107.80134344466418,108.08197403340932,107.74560476178227,108.05085440696243,2229.7773302281867,0.002314544089390802,107.83101929547841,107.94240055537506,0.26883734429181466
2025-10-07 02:50:00,108.05085440696243,108.06875151448172,107.91307286983914,107.95786501530631,3305.382017126568,-0.0008606076478200331,107.856388439444,107.94380641536881,0.26790496660883584
2025-10-07 03:50:00,107.95786501530631,107.99259024421842,107.9101429014849,107.92535873946136,2850.148691321757,-0.00030110150696605054,107.87018249944748,107.94212935392268,0.26627762026305896
2025-10-07 04:50:00,107.92535873946136,108.19197451898269,107.87961633892843,108.18497348450731,4285.375852540377,0.0024055027296474574,107.93314069645945,107.96420609306674,0.26735055820274106
2025-10-07 05:50:00,108.18497348450731,108.25136065529779,108.06828519286655,108.11534108430394,3279.6090393766726,-0.0006436420693244349,107.96958077402834,107.97794563772466,0.2549286422938195
2025-10-07 06:50:00,108.11534108430394,108.15505081031706,107.98270894284448,108.08526028396794,4368.520441666877,-0.00027822878820260577,107.99271667601627,107.98770151465587,0.2581519359294729
2025-10-07 07:50:00,108.08526028396794,108.15446876070045,107.94959710672705,108.00268315544872,2695.1218614805703,-0.0007639999043557166,107.99470997190276,107.98906348200067,0.24525272040952675
2025-10-07 08:50:00,108.00268315544872,108.40101771705176,107.92351955519645,108.36317107134195,5844.38287531562,0.0033377681494670686,108.06840219179061,108.02307326284988,0.26142469520834866
2025-10-07 09:50:00,108.36317107134195,108.62211573146618,108.32141979998394,108.53669130624779,1283.2213997594868,0.00160128421114214,108.16206001468205,108.06976581224968,0.26599440820685466
2025-10-07 10:50:00,108.53669130624779,108.66385876760526,108.48328554340509,108.60608650075821,2446.787749460432,0.00063937083096266,108.25086531189729,108.11852223847772,0.2631508283111848
2025-10-07 11:50:00,108.60608650075821,108.6560619489347,108.43847142272371,108.50644000025113,2559.469937331473,-0.0009175038316695527,108.30198024956806,108.15378748954804,0.26268343621794493
2025-10-07 12:50:00,108.50644000025113,108.79558854091454,108.40156015598356,108.75596437121166,1653.1477726772284,0.0022996272936421924,108.3927770738968,108.20853084242654,0.2719604847009772
2025-10-07 13:50:00,108.75596437121166,109.1330485229128,108.68795038198462,109.03125139430227,2276.2342875403133,0.0025312360998519523,108.5204719379779,108.28332361986979,0.27412767088715484
2025-10-07 14:50:00,109.03125139430227,109.10175593736344,108.92118106392147,108.93407686240191,1353.2276252485156,-0.000891253935524805,108.6031929228627,108.34248300555453,0.26022869042746166
2025-10-07 15:50:00,108.93407686240191,109.01995574617364,108.59220362557942,108.63621342145623,3155.9062265224266,-0.0027343458495721062,108.60979702258142,108.36918577063649,0.2667560367822596
2025-10-07 16:50:00,108.63621342145623,108.6990437016815,108.57610592760726,108.5809010371289,6798.684090637491,-0.0005091523589169089,108.60401782549091,108.38843261304488,0.2644174031702359
2025-10-07 17:50:00,108.5809010371289,108.63248190230756,108.40991460369875,108.43402962391002,2859.189943671062,-0.0013526450030899584,108.57002018517474,108.3925777958508,0.27442597144704245
2025-10-07 18:50:00,108.43402962391002,108.73259570066509,108.41116324963224,108.65215810068194,1149.2427828327989,0.002011623818910735,108.58644776827619,108.4161760053809,0.2750741336597987
2025-10-07 19:50:00,108.65215810068194,108.71677313197942,108.58299823669923,108.63269435495602,2736.2513069124284,-0.0001791381419952165,108.59569708561216,108.43585949170591,0.2715526645775818
2025-10-07 20:50:00,108.63269435495602,109.08662689793955,108.61428043650001,109.00758611655452,1293.002443274644,0.0034510030688694737,108.67807489180063,108.48783463941942,0.29298156414665044
2025-10-07 21:50:00,109.00758611655452,109.09427996864494,108.59122111641351,108.66775908567709,3941.0614698150766,-0.0031174622150982323,108.67601173057594,108.50419140726102,0.31428064973651004
2025-10-07 22:50:00,108.66775908567709,108.7232191165822,108.46517729946662,108.48510027276461,2964.130395352309,-0.0016808924233771005,108.63782943901367,108.50245584957952,0.29860519654081535
2025-10-07 23:50:00,108.48510027276461,108.63417352572657,108.41532526502426,108.56757681701812,1429.2751764631334,0.0007602568836286849,108.62377891461456,108.50837593752848,0.2927589343422485
2025-10-08 00:50:00,108.56757681701812,108.59917777781884,108.4072983351061,108.46204085295506,4462.67504001994,-0.0009720762603087074,108.59143130228267,108.50416365711271,0.2935665213788598
2025-10-08 01:50:00,108.46204085295506,108.56337522855554,108.24302117983922,108.2912704725409,1152.816861675527,-0.0015744713917532627,108.53139913633433,108.48480973124255,0.3009067729863832
2025-10-08 02:50:00,108.2912704725409,108.6358285509153,108.19966275634187,108.62223635329708,4508.218343852101,0.0030562563289910916,108.54956657972689,108.49730306052024,0.3039165879608449
2025-10-08 03:50:00,108.62223635329708,108.67401792426962,108.6086309118754,108.61537334415927,3263.414094402398,-6.31823590474534e-05,108.56272793261337,108.50803672266923,0.2767943644941338
2025-10-08 04:50:00,108.61537334415927,108.77024139122359,108.5568827530464,108.716801766342,1032.832108567591,0.0009338311793243292,108.5935426993591,108.52701536300312,0.27913606197522156
2025-10-08 05:50:00,108.716801766342,108.76567367891077,108.71483146088045,108.76462964005313,4173.251254274241,0.000439930838049607,108.62776008749792,108.54861666091675,0.25221392607780047
2025-10-08 06:50:00,108.76462964005313,109.0095901004433,108.69573273544957,108.92818204660324,3604.8074383138705,0.0015037278855394298,108.68784447931898,108.58312260507006,0.26585103971490703
2025-10-08 07:50:00,108.92818204660324,109.01042259510577,108.70833028376876,108.75469240311024,2132.957970988234,-0.0015926975024587176,108.70121406407723,108.59871985943734,0.27153139776692115
2025-10-08 08:50:00,108.75469240311024,109.03119632154042,108.70072046447817,108.93315414292151,2580.336910214169,0.001640956687641415,108.74760207984609,108.62912297611771,0.2721773553404501
2025-10-08 09:50:00,108.93315414292151,109.16473519467645,108.87527376365307,109.0868911737408,2513.868320247624,0.0014112969740835979,108.81545989862504,108.67073826681072,0.28329782217924915
2025-10-08 10:50:00,109.0868911737408,109.19722501962495,109.03770427597355,109.1368563811255,2299.5239802616043,0.00045803127073384964,108.87973919512514,108.71311264083933,0.2609531280515246
2025-10-08 11:50:00,109.1368563811255,109.16811056963255,108.93380583480199,109.01186217155178,5217.382625409642,-0.0011452978738659692,108.90616379041047,108.74027168908592,0.24175640538003357
2025-10-08 12:50:00,109.01186217155178,109.03280175473456,108.85879969825424,108.87447072560985,3030.58515876075,-0.0012603348223307886,108.89982517745035,108.75247160149718,0.23575356533465758
2025-10-08 13:50:00,108.87447072560985,109.08644604483037,108.86514016287501,109.02072023235982,2405.535873407097,0.0013432855817829825,108.92400418843225,108.77685784066651,0.23592910970987596
2025-10-08 14:50:00,109.02072023235982,109.17759873531085,108.99604647462216,109.1259635138406,1968.2873910509384,0.0009653511851368535,108.96439605351392,108.80859472004597,0.2351914538510158
2025-10-08 15:50:00,109.1259635138406,109.51713421786903,109.09168635482628,109.45898713121125,2801.557551289038,0.0030517358715316245,109.0633142690534,108.86772130287918,0.24269815487433175
2025-10-08 16:50:00,109.45898713121125,109.47002102079321,109.44258182803239,109.44764164772864,3187.126622568635,-0.00010365054327610146,109.14017974478845,108.92044133422912,0.21350339760200196
2025-10-08 17:50:00,109.44764164772864,109.55497840210033,109.25614915207514,109.35076073288701,1577.5871022964654,-0.0008851804697030952,109.18229594240817,108.95956127956165,0.23017784314707107
2025-10-08 18:50:00,109.35076073288701,109.4593465088281,108.96093304739654,109.01271768502157,1522.4161081247423,-0.0030913643910642774,109.14838029093086,108.96439368005801,0.25053890195095463
2025-10-08 19:50:00,109.01271768502157,109.17013783668696,109.00531337057525,109.11434999348646,3264.842997379611,0.000932297722900044,109.14157423144198,108.97802607218786,0.258680491099625
2025-10-08 20:50:00,109.11434999348646,109.15885079825189,109.01776192322255,109.03901250106756,4374.1651638308185,-0.0006904453211094008,109.1210618853671,108.9835702929951,0.2463398846735966
2025-10-08 21:50:00,109.03901250106756,109.38602800653592,108.94552296201375,109.3007174594532,4884.112509524091,0.0024001038929353236,109.15699300018433,109.01240185358219,0.2562265084725368
2025-10-08 22:50:00,109.3007174594532,109.36092252893553,109.13109828605097,109.14698884377923,4359.978045996697,-0.0014064739852325259,109.15499216890332,109.02463703450918,0.24903710745984448
2025-10-08 23:50:00,109.14698884377923,109.18155022448907,108.5223754842017,108.60485493960911,2985.9378619560775,-0.004967007426527004,109.04496472304449,108.9864750258819,0.2754452009787006
2025-10-09 00:50:00,108.60485493960911,109.29082811510801,108.60203725334655,109.28687760364532,2319.6701118734413,0.006279854288424369,109.09334729916466,109.01378435113313,0.31325020941513365
2025-10-09 01:50:00,109.28687760364532,109.70066393619143,109.2447787417236,109.69625811236688,4768.9509279170825,0.0037459255648812917,109.21392946180511,109.0758274203362,0.3290773851035108
2025-10-09 02:50:00,109.69625811236688,109.70230973825556,109.22624440557705,109.28805762043217,4404.836089333738,-0.003721188844167944,109.22875509353052,109.09512107489037,0.35065333340338206
2025-10-09 03:50:00,109.28805762043217,109.30581527823787,109.0961553289504,109.09814730237453,2867.0102041270616,-0.0017377042120853003,109.20263353529933,109.09539618647983,0.3498214810699614
2025-10-09 04:50:00,109.09814730237453,109.19235289454706,109.07411846958429,109.14262378104608,2731.277140443176,0.00040767400520813624,109.19063158444868,109.09968960416766,0.3452987785181096
2025-10-09 05:50:00,109.14262378104608,109.15874441765392,108.80731240402588,108.87126522233395,5580.677225594234,-0.0024862748329792517,109.12675831202574,109.07892375127369,0.3400119321313448
2025-10-09 06:50:00,108.87126522233395,108.9732026216334,108.66965293247769,108.72535898772328,3117.7905760383,-0.0013401721226689034,109.04647844716526,109.04678150004183,0.3597341104452657
2025-10-09 07:50:00,108.72535898772328,108.80809453214687,108.46684398606922,108.51811423401472,2503.6220330194087,-0.0019061307834538077,108.94080560453516,108.99872083949391,0.3627642030204409
2025-10-09 08:50:00,108.51811423401472,108.58990652359478,108.38751184691509,108.39222543903271,1775.4381774481312,-0.0011600717158660734,108.83108957143467,108.94358489399744,0.34162000410959237
2025-10-09 09:50:00,108.39222543903271,108.42384571151311,108.29139877965977,108.31224422799761,6478.710977050812,-0.0007378869721619274,108.72732050274726,108.88619028799745,0.33930732309113715
2025-10-09 10:50:00,108.31224422799761,108.34099713646718,108.23849421489163,108.27038171393495,4674.247978085352,-0.0003864984458685772,108.63593274498481,108.83020769035541,0.33655118355872354
2025-10-09 11:50:00,108.27038171393495,108.42829455386315,108.1839317089825,108.329319885445,2885.9967357828514,0.0005443609838355901,108.57461017307686,108.78467243536355,0.3225410264414726
2025-10-09 12:50:00,108.329319885445,108.34976991209767,108.030800022322,108.06191703561517,3106.97113814558,-0.0024684254467083333,108.47207154558453,108.71896739902279,0.3289085726479805
2025-10-09 13:50:00,108.06191703561517,108.20221917682981,107.96495610711192,108.14590049574828,3166.557525364063,0.0007771790695276781,108.40683733561728,108.666870407816,0.2987720247501611
2025-10-09 14:50:00,108.14590049574828,108.26919603420784,108.0808103115828,108.2435248638721,4474.037898778516,0.0009027098362148767,108.37417484126826,108.62838444927564,0.26302880052613126
2025-10-09 15:50:00,108.2435248638721,108.5946991654766,108.2299127963848,108.49863340805892,2789.115420885941,0.002356801891916005,108.3990665546264,108.61658890007412,0.25652174157070007
2025-10-09 16:50:00,108.49863340805892,108.63921849851786,108.44604261142607,108.57475651272937,1348.23661360078,0.0007016042716792015,108.434204546247,108.61278595577005,0.23631535260022016
2025-10-09 17:50:00,108.57475651272937,108.59041805921306,108.49189465427312,108.58691777615151,4065.3369921874746,0.00011200820349732687,108.4647471922279,108.61043430307745,0.22837702800396795
2025-10-09 18:50:00,108.58691777615151,108.71525636465272,108.5414326561112,108.67388550192958,2137.362361892692,0.0008009042669150368,108.50657485416825,108.61620259388219,0.23234769111673614
2025-10-09 19:50:00,108.67388550192958,108.78692977175594,108.6503675241564,108.71661890219606,5208.499025895095,0.0003932260272936361,108.54858366377381,108.62533134918345,0.21699985068612904
2025-10-09 20:50:00,108.71661890219606,108.82804652510414,108.62773858505057,108.80437853829123,6263.754211595512,0.0008072329417649904,108.5997426386773,108.64160836637507,0.20962544003597625
2025-10-09 21:50:00,108.80437853829123,108.83298478675002,108.45823105215808,108.51864761549194,4301.9269925553945,-0.002626097650093473,108.58352363404023,108.63043011629478,0.21201852492985399
2025-10-09 22:50:00,108.51864761549194,108.52926974953465,108.13177199616999,108.18171925355055,3797.8723404343204,-0.003104796911358565,108.5031627579423,108.58963821968166,0.22595445897878058
2025-10-09 23:50:00,108.18171925355055,108.24019539871291,107.97678916044119,108.07551089634558,5536.428761181814,-0.0009817588215256245,108.41763238562297,108.54289937210565,0.23530869515152272
2025-10-10 00:50:00,108.07551089634558,108.0960530518244,107.56904410275689,107.63353624591278,2303.523852247422,-0.004089498599332941,108.26081315768093,108.4602299969972,0.2656305542580912
2025-10-10 01:50:00,107.63353624591278,107.70767113275295,107.58702067220428,107.67804566206267,2129.0256549893843,0.0004135273977081688,108.14425965855729,108.38912233018496,0.2567939553772354
2025-10-10 02:50:00,107.67804566206267,107.9621365418013,107.59402730416129,107.87155854444599,4289.35792558924,0.0017971433377481638,108.08971943573503,108.34207107693597,0.26030390879611687
2025-10-10 03:50:00,107.87155854444599,107.94441060217842,107.54529148206286,107.59725918571516,2298.3734244146735,-0.0025428329990968557,107.99122738573107,108.2743609050068,0.2718650552530925
2025-10-10 04:50:00,107.59725918571516,107.6765118401557,107.42178846292119,107.43568734103086,1443.8360038893284,-0.0015016353195895782,107.88011937679103,108.19811785373626,0.27660345915376894
2025-10-10 05:50:00,107.43568734103086,107.45950703118328,107.31330098614059,107.38729452668014,3042.7606729074055,-0.0004504351910283866,107.78155440676886,108.1244066421857,0.2609905788645465
2025-10-10 06:50:00,107.38729452668014,107.55621587882672,107.2923290321408,107.4646089846881,2909.3072557161368,0.0007199590822055679,107.71816532235272,108.06442503695864,0.26604136169269815
2025-10-10 07:50:00,107.4646089846881,107.94210924124054,107.41774337613461,107.86208848509465,4653.68621031764,0.0036987014065550383,107.74694995490111,108.046030804971,0.29645868027598354
2025-10-10 08:50:00,107.86208848509465,108.01327735840155,107.77920201676672,107.9782844634678,2755.099032980367,0.0010772643104273172,107.79321685661445,108.03987204665252,0.30076236835407755
2025-10-10 09:50:00,107.9782844634678,108.09912272605416,107.88835612371042,108.08027644064693,1937.2015272327458,0.0009445600815563004,107.85062877342095,108.04354517337929,0.3060626794072344
2025-10-10 10:50:00,108.08027644064693,108.13240812040495,107.72870346741423,107.78320795956719,2958.0041481231015,-0.0027485910553057824,107.8371446106502,108.01987815394182,0.3205910160456012
2025-10-10 11:50:00,107.78320795956719,107.81552005011177,107.7514643553372,107.76531025130754,1332.3883575003867,-0.0001660528443945264,107.82277773878167,107.9967356173387,0.29839829891578923
2025-10-10 12:50:00,107.76531025130754,107.77951690384502,107.70435158914347,107.77762355919273,1802.8843169779282,0.00011426040398787585,107.81374690286388,107.97681633932542,0.2753745532969956
2025-10-10 13:50:00,107.77762355919273,108.17651459072133,107.69703325031107,108.09402195935276,1900.66825466221,0.0029356594598344277,107.86980191416167,107.98747139569154,0.2908084891640336
2025-10-10 14:50:00,108.09402195935276,108.19943321942046,108.07525470103491,108.12937743900997,4128.082715466411,0.00032708080443621945,107.92171701913134,108.00037194508413,0.26203488697246513
2025-10-10 15:50:00,108.12937743900997,108.19397707271257,108.03699666517085,108.03719684868243,2844.85679281349,-0.0008525027380236194,107.94481298504157,108.00371966359306,0.2646298831862544
2025-10-10 16:50:00,108.03719684868243,108.10104941180997,108.01951759111677,108.0924137885717,5317.95449814532,0.0005110919340736153,107.9743331457476,108.01178276586384,0.2441600676900535
2025-10-10 17:50:00,108.0924137885717,108.12508406655229,107.85804583058139,107.95525989657983,1821.3547163302196,-0.0012688577041136684,107.97051849591405,108.00664432320166,0.23472571882257803
2025-10-10 18:50:00,107.95525989657983,107.97254991230719,107.81320852618204,107.85838260343735,1919.2505187606282,-0.0008973837239175664,107.94809131741872,107.99316598504126,0.22791271945762354
2025-10-10 19:50:00,107.85838260343735,107.98934240036068,107.78069362496242,107.98286847745982,4373.737910734665,0.0011541604001255035,107.95504674942694,107.9922298479884,0.23237291448302141
2025-10-10 20:50:00,107.98286847745982,108.26366175554219,107.94499836424103,108.19547002550527,2031.514894006691,0.0019688451607473567,108.00313140464262,108.01070622776265,0.2362855248126812
2025-10-10 21:50:00,108.19547002550527,108.23558527567775,107.99606936990725,108.10166333442561,2377.7270473970048,-0.0008670112626485427,108.02283779059923,108.0189750556411,0.21593909914586465
2025-10-10 22:50:00,108.10166333442561,108.41301897241516,108.0832607389564,108.34159362961235,5331.3375707665355,0.002219487543355214,108.08658895840186,108.04830401691122,0.22277359141900227
2025-10-10 23:50:00,108.34159362961235,108.4334116711526,108.29265103073698,108.42766813745826,1691.038787400445,0.0007944733408682403,108.15480479421315,108.08279166423367,0.21777316556699386
2025-10-11 00:50:00,108.42766813745826,108.44461381981732,108.10844098388476,108.17378354840545,1009.5445855092994,-0.0023415111051815485,108.15860054505161,108.09106365370383,0.21294946434855433
2025-10-11 01:50:00,108.17378354840545,108.20527492644776,107.9051453105529,107.92028811077674,2319.653060122873,-0.0023434091820896397,108.11093805819664,108.07553860434682,0.2298118872857182
2025-10-11 02:50:00,107.92028811077674,108.48068976485395,107.88550854563346,108.43316531108202,3236.0240323312432,0.004752370562417507,108.17538350877372,108.10805012314093,0.2669558804656426
2025-10-11 03:50:00,108.43316531108202,108.84669667905285,108.43167269394137,108.76030498118838,2863.015750018362,0.003016970584302614,108.29236780325665,108.16734601932706,0.2623517836585876
2025-10-11 04:50:00,108.76030498118838,108.79595332926897,108.73817780087899,108.77795526054676,2819.5411790067305,0.00016228604141410585,108.38948529471467,108.22285595034703,0.25760871294461857
2025-10-11 05:50:00,108.77795526054676,109.07323914698537,108.70750483757335,109.04642444327406,1574.6294198769149,0.0024680477040064375,108.52087312442656,108.29772581334039,0.27251970593535396
2025-10-11 06:50:00,109.04642444327406,109.31584291961222,108.95855786314125,109.28224062185423,3684.695895720763,0.002162530131401441,108.6731466239121,108.38722715956892,0.29221636563376613
2025-10-11 07:50:00,109.28224062185423,109.43131519376975,109.21115411277611,109.4009400118438,1421.612431436951,0.0010861727332285298,108.81870530149845,108.47938287341209,0.2888679974211042
2025-10-11 08:50:00,109.4009400118438,109.47824535573933,109.34704409098504,109.42830959600454,3028.509660547795,0.00025017686463923994,108.94062616039967,108.56564893910232,0.28685798875175755
2025-10-11 09:50:00,109.42830959600454,109.43705693365153,109.29113263767975,109.3812288666646,2817.5954465469927,-0.00043024268138436295,109.02874670165266,108.63979256888071,0.28237766879272336
2025-10-11 10:50:00,109.3812288666646,109.47599492045902,109.24277944481396,109.2467747814635,2659.9084252154203,-0.0012292244893774562,109.07235231761484,108.69497277002459,0.2762742462458588
2025-10-11 11:50:00,109.2467747814635,109.56762337981188,109.17298547420096,109.4819297867051,3132.487118187654,0.0021525121058447727,109.1542678114329,108.76651431699554,0.28735438909160294
2025-10-11 12:50:00,109.4819297867051,109.54213899348947,109.37814653005759,109.4541886019653,3626.0767150927577,-0.00025338596783819334,109.21425196953939,108.8290301610837,0.2755139769468258
2025-10-11 13:50:00,109.4541886019653,109.77209282168391,109.34781303376205,109.68491414789952,1940.8041360333045,0.002107964518135219,109.30838440521143,108.90683779624877,0.2957653446258429
2025-10-11 14:50:00,109.68491414789952,110.1495164073243,109.58653207449211,110.0775034700777,4369.837207098857,0.003579246291325111,109.46220821818468,109.01326194841504,0.3119661658329593
2025-10-11 15:50:00,110.0775034700777,110.11352583748682,109.6924394183883,109.73899533963578,3253.1815100497806,-0.003075179939322825,109.5175656424749,109.07923771125328,0.32060593749036315
2025-10-11 16:50:00,109.73899533963578,109.84387769681291,109.62442393847559,109.71850560570056,2915.065382895677,-0.00018671333623754283,109.55775363512004,109.13735297438485,0.2937682617129939
2025-10-11 17:50:00,109.71850560570056,109.82713072713229,109.6241895616476,109.72615831885759,2429.1731367313764,6.974860908637304e-05,109.59143457186755,109.19088073297328,0.27861948888250815
2025-10-11 18:50:00,109.72615831885759,109.80163961266337,109.47817596699922,109.5234335740086,3743.6771381623917,-0.0018475516499891764,109.57783437229577,109.22111280943103,0.2975972115449486
2025-10-11 19:50:00,109.5234335740086,109.53339332512579,109.35850101449681,109.41272732867708,4250.74023996062,-0.0010107996226828009,109.54481296357204,109.23853231118068,0.28396564020330267
2025-10-11 20:50:00,109.41272732867708,109.76498660766259,109.41105661034719,109.71776290899658,9881.392269000431,0.0027879350763568844,109.57940295265695,109.28209872916393,0.2837259931207622
2025-10-11 21:50:00,109.71776290899658,109.77776552133602,109.4948847944626,109.57560095535044,2623.8667274922327,-0.0012957059082954192,109.57864255319565,109.30878074972634,0.28820596782646085
2025-10-11 22:50:00,109.57560095535044,109.91613367209582,109.53916968009449,109.81546673483022,5811.250826100118,0.002189043704880378,109.62600738952257,109.35484311200851,0.3057604483441066
2025-10-11 23:50:00,109.81546673483022,109.86962834445451,109.69644979858091,109.79336087921222,6880.786555979431,-0.00020130001970841693,109.6594780874605,109.39470836357248,0.3077071804799506
2025-10-12 00:50:00,109.79336087921222,110.10017722419467,109.72019060012401,110.00099471259774,4362.876234025505,0.0018911328674413586,109.72778141248796,109.44982530439295,0.318190833938922
2025-10-12 01:50:00,110.00099471259774,110.0125089211199,109.60487999791549,109.69023595133989,1332.742933119735,-0.002825054101281421,109.72027232025835,109.47168081775176,0.31911876376702863
2025-10-12 02:50:00,109.69023595133989,109.79939223133452,109.39450801037053,109.46746207704257,4028.1304582565203,-0.0020309362302415312,109.6697102716152,109.4712972958691,0.33632531787646514
2025-10-12 03:50:00,109.46746207704257,109.54657633326939,109.32333853989,109.37249648156089,1951.252149745533,-0.0008675234967523426,109.61026751360434,109.46231540365926,0.3219651754091452
2025-10-12 04:50:00,109.37249648156089,109.49723010420642,109.36952387132295,109.48969561712883,4082.875504446807,0.0010715594810226658,109.58615313430924,109.46480451397467,0.2908738825556654
2025-10-12 05:50:00,109.48969561712883,109.87898577742422,109.46059556516548,109.8417256353084,3063.7820379946043,0.003215188572727179,109.63726763450909,109.49907007045955,0.2906812963528245
2025-10-12 06:50:00,109.8417256353084,110.19905841200895,109.81281725430605,110.1365636208173,3191.5659666118518,0.0026842075158923784,109.73712683177074,109.55702402958298,0.3025946820217941
2025-10-12 07:50:00,110.1365636208173,110.19530059212701,109.68605291351692,109.72905831532549,3224.433812818023,-0.0037000001824533113,109.7355131284817,109.57266351010502,0.32447371867360886
2025-10-12 08:50:00,109.72905831532549,109.81060075582525,109.31608311588698,109.36209086149951,3446.0066747222004,-0.0033443051408628133,109.66082867508527,109.55352054204997,0.33669186112176014
2025-10-12 09:50:00,109.36209086149951,109.70701755275266,109.31435888054598,109.62322859942704,3047.7537705560408,0.002387826859109987,109.65330865995362,109.55985763817515,0.3522466012344531
2025-10-12 10:50:00,109.62322859942704,109.7790483563509,109.57325801543179,109.70374582375703,3727.033454141016,0.0007344905396302615,109.66339609271431,109.57293838231895,0.3416651972061463
